<?xml version="1.0" encoding="UTF-8"?>
<gpx creator="StravaGPX" version="1.1" xmlns="http://www.topografix.com/GPX/1/1" xmlns:xsi="http://www.w3.org/2001/XMLSchema-instance" xsi:schemaLocation="http://www.topografix.com/GPX/1/1 http://www.topografix.com/GPX/1/1/gpx.xsd">
 <metadata>
  <time>2023-12-10T08:30:09Z</time>
 </metadata>
 <trk>
  <name>Morning Run</name>
  <type>running</type>
  <trkseg>
   <trkpt lat="51.5715760" lon="-0.0895180">
    <ele>32.2</ele>
    <time>2023-12-10T08:30:09Z</time>
   </trkpt>
   <trkpt lat="51.5715650" lon="-0.0896030">
    <ele>32.2</ele>
    <time>2023-12-10T08:30:11Z</time>
   </trkpt>
   <trkpt lat="51.5715450" lon="-0.0895970">
    <ele>32.1</ele>
    <time>2023-12-10T08:30:12Z</time>
   </trkpt>
   <trkpt lat="51.5715250" lon="-0.0895920">
    <ele>32.1</ele>
    <time>2023-12-10T08:30:13Z</time>
   </trkpt>
   <trkpt lat="51.5715150" lon="-0.0895960">
    <ele>32.1</ele>
    <time>2023-12-10T08:30:14Z</time>
   </trkpt>
   <trkpt lat="51.5715040" lon="-0.0895930">
    <ele>32.1</ele>
    <time>2023-12-10T08:30:15Z</time>
   </trkpt>
   <trkpt lat="51.5714930" lon="-0.0895890">
    <ele>32.1</ele>
    <time>2023-12-10T08:30:16Z</time>
   </trkpt>
   <trkpt lat="51.5714810" lon="-0.0895850">
    <ele>32.1</ele>
    <time>2023-12-10T08:30:17Z</time>
   </trkpt>
   <trkpt lat="51.5714700" lon="-0.0895820">
    <ele>32.1</ele>
    <time>2023-12-10T08:30:18Z</time>
   </trkpt>
   <trkpt lat="51.5714280" lon="-0.0895160">
    <ele>32.0</ele>
    <time>2023-12-10T08:30:20Z</time>
   </trkpt>
   <trkpt lat="51.5713350" lon="-0.0895970">
    <ele>31.9</ele>
    <time>2023-12-10T08:30:21Z</time>
   </trkpt>
   <trkpt lat="51.5714290" lon="-0.0895200">
    <ele>31.8</ele>
    <time>2023-12-10T08:30:22Z</time>
   </trkpt>
   <trkpt lat="51.5715390" lon="-0.0894430">
    <ele>31.8</ele>
    <time>2023-12-10T08:30:23Z</time>
   </trkpt>
   <trkpt lat="51.5716490" lon="-0.0893650">
    <ele>31.7</ele>
    <time>2023-12-10T08:30:24Z</time>
   </trkpt>
   <trkpt lat="51.5716840" lon="-0.0893520">
    <ele>31.7</ele>
    <time>2023-12-10T08:30:25Z</time>
   </trkpt>
   <trkpt lat="51.5716150" lon="-0.0894430">
    <ele>31.7</ele>
    <time>2023-12-10T08:30:26Z</time>
   </trkpt>
   <trkpt lat="51.5715450" lon="-0.0894990">
    <ele>31.7</ele>
    <time>2023-12-10T08:30:27Z</time>
   </trkpt>
   <trkpt lat="51.5714740" lon="-0.0895550">
    <ele>31.7</ele>
    <time>2023-12-10T08:30:28Z</time>
   </trkpt>
   <trkpt lat="51.5715180" lon="-0.0894460">
    <ele>31.7</ele>
    <time>2023-12-10T08:30:29Z</time>
   </trkpt>
   <trkpt lat="51.5715570" lon="-0.0895790">
    <ele>31.7</ele>
    <time>2023-12-10T08:30:30Z</time>
   </trkpt>
   <trkpt lat="51.5716020" lon="-0.0895730">
    <ele>31.7</ele>
    <time>2023-12-10T08:30:31Z</time>
   </trkpt>
   <trkpt lat="51.5715940" lon="-0.0896250">
    <ele>31.7</ele>
    <time>2023-12-10T08:30:32Z</time>
   </trkpt>
   <trkpt lat="51.5716180" lon="-0.0896570">
    <ele>31.7</ele>
    <time>2023-12-10T08:30:33Z</time>
   </trkpt>
   <trkpt lat="51.5715390" lon="-0.0895640">
    <ele>31.7</ele>
    <time>2023-12-10T08:30:34Z</time>
   </trkpt>
   <trkpt lat="51.5715760" lon="-0.0896370">
    <ele>31.7</ele>
    <time>2023-12-10T08:30:35Z</time>
   </trkpt>
   <trkpt lat="51.5715450" lon="-0.0895350">
    <ele>31.6</ele>
    <time>2023-12-10T08:30:37Z</time>
   </trkpt>
   <trkpt lat="51.5715330" lon="-0.0895040">
    <ele>31.6</ele>
    <time>2023-12-10T08:30:38Z</time>
   </trkpt>
   <trkpt lat="51.5715200" lon="-0.0894740">
    <ele>31.6</ele>
    <time>2023-12-10T08:30:39Z</time>
   </trkpt>
   <trkpt lat="51.5715070" lon="-0.0894430">
    <ele>31.6</ele>
    <time>2023-12-10T08:30:40Z</time>
   </trkpt>
   <trkpt lat="51.5714940" lon="-0.0894120">
    <ele>31.6</ele>
    <time>2023-12-10T08:30:41Z</time>
   </trkpt>
   <trkpt lat="51.5714810" lon="-0.0893810">
    <ele>31.6</ele>
    <time>2023-12-10T08:30:42Z</time>
   </trkpt>
   <trkpt lat="51.5714680" lon="-0.0893510">
    <ele>31.6</ele>
    <time>2023-12-10T08:30:43Z</time>
   </trkpt>
   <trkpt lat="51.5714830" lon="-0.0893390">
    <ele>31.6</ele>
    <time>2023-12-10T08:30:44Z</time>
   </trkpt>
   <trkpt lat="51.5714880" lon="-0.0893130">
    <ele>31.6</ele>
    <time>2023-12-10T08:30:45Z</time>
   </trkpt>
   <trkpt lat="51.5714560" lon="-0.0893350">
    <ele>31.6</ele>
    <time>2023-12-10T08:30:46Z</time>
   </trkpt>
   <trkpt lat="51.5714410" lon="-0.0893540">
    <ele>31.6</ele>
    <time>2023-12-10T08:30:47Z</time>
   </trkpt>
   <trkpt lat="51.5714370" lon="-0.0893600">
    <ele>31.6</ele>
    <time>2023-12-10T08:30:48Z</time>
   </trkpt>
   <trkpt lat="51.5714360" lon="-0.0893640">
    <ele>31.6</ele>
    <time>2023-12-10T08:30:49Z</time>
   </trkpt>
   <trkpt lat="51.5714370" lon="-0.0893630">
    <ele>31.6</ele>
    <time>2023-12-10T08:30:50Z</time>
   </trkpt>
   <trkpt lat="51.5714330" lon="-0.0893780">
    <ele>31.6</ele>
    <time>2023-12-10T08:30:51Z</time>
   </trkpt>
   <trkpt lat="51.5714380" lon="-0.0893770">
    <ele>31.6</ele>
    <time>2023-12-10T08:30:52Z</time>
   </trkpt>
   <trkpt lat="51.5714470" lon="-0.0893980">
    <ele>31.6</ele>
    <time>2023-12-10T08:30:53Z</time>
   </trkpt>
   <trkpt lat="51.5714710" lon="-0.0894430">
    <ele>31.6</ele>
    <time>2023-12-10T08:30:54Z</time>
   </trkpt>
   <trkpt lat="51.5714800" lon="-0.0894670">
    <ele>31.6</ele>
    <time>2023-12-10T08:30:55Z</time>
   </trkpt>
   <trkpt lat="51.5714920" lon="-0.0894950">
    <ele>31.6</ele>
    <time>2023-12-10T08:30:56Z</time>
   </trkpt>
   <trkpt lat="51.5714930" lon="-0.0895080">
    <ele>31.6</ele>
    <time>2023-12-10T08:30:57Z</time>
   </trkpt>
   <trkpt lat="51.5714940" lon="-0.0895210">
    <ele>31.6</ele>
    <time>2023-12-10T08:30:58Z</time>
   </trkpt>
   <trkpt lat="51.5714850" lon="-0.0895640">
    <ele>31.6</ele>
    <time>2023-12-10T08:30:59Z</time>
   </trkpt>
   <trkpt lat="51.5715030" lon="-0.0895810">
    <ele>31.6</ele>
    <time>2023-12-10T08:31:00Z</time>
   </trkpt>
   <trkpt lat="51.5715230" lon="-0.0895600">
    <ele>31.6</ele>
    <time>2023-12-10T08:31:01Z</time>
   </trkpt>
   <trkpt lat="51.5715140" lon="-0.0895600">
    <ele>31.6</ele>
    <time>2023-12-10T08:31:02Z</time>
   </trkpt>
   <trkpt lat="51.5715050" lon="-0.0895470">
    <ele>31.6</ele>
    <time>2023-12-10T08:31:03Z</time>
   </trkpt>
   <trkpt lat="51.5714960" lon="-0.0895340">
    <ele>31.6</ele>
    <time>2023-12-10T08:31:04Z</time>
   </trkpt>
   <trkpt lat="51.5714860" lon="-0.0895200">
    <ele>31.6</ele>
    <time>2023-12-10T08:31:05Z</time>
   </trkpt>
   <trkpt lat="51.5715090" lon="-0.0894670">
    <ele>31.6</ele>
    <time>2023-12-10T08:31:06Z</time>
   </trkpt>
   <trkpt lat="51.5715790" lon="-0.0894010">
    <ele>31.6</ele>
    <time>2023-12-10T08:31:07Z</time>
   </trkpt>
   <trkpt lat="51.5715960" lon="-0.0893540">
    <ele>31.6</ele>
    <time>2023-12-10T08:31:08Z</time>
   </trkpt>
   <trkpt lat="51.5715890" lon="-0.0892510">
    <ele>31.5</ele>
    <time>2023-12-10T08:31:09Z</time>
   </trkpt>
   <trkpt lat="51.5715950" lon="-0.0891900">
    <ele>31.4</ele>
    <time>2023-12-10T08:31:10Z</time>
   </trkpt>
   <trkpt lat="51.5716050" lon="-0.0891320">
    <ele>31.3</ele>
    <time>2023-12-10T08:31:11Z</time>
   </trkpt>
   <trkpt lat="51.5716130" lon="-0.0890980">
    <ele>31.3</ele>
    <time>2023-12-10T08:31:12Z</time>
   </trkpt>
   <trkpt lat="51.5716280" lon="-0.0890220">
    <ele>31.2</ele>
    <time>2023-12-10T08:31:13Z</time>
   </trkpt>
   <trkpt lat="51.5716190" lon="-0.0889780">
    <ele>31.1</ele>
    <time>2023-12-10T08:31:14Z</time>
   </trkpt>
   <trkpt lat="51.5716010" lon="-0.0889390">
    <ele>31.1</ele>
    <time>2023-12-10T08:31:15Z</time>
   </trkpt>
   <trkpt lat="51.5715920" lon="-0.0889380">
    <ele>31.0</ele>
    <time>2023-12-10T08:31:16Z</time>
   </trkpt>
   <trkpt lat="51.5715820" lon="-0.0889380">
    <ele>30.9</ele>
    <time>2023-12-10T08:31:17Z</time>
   </trkpt>
   <trkpt lat="51.5715730" lon="-0.0889370">
    <ele>30.9</ele>
    <time>2023-12-10T08:31:18Z</time>
   </trkpt>
   <trkpt lat="51.5715470" lon="-0.0889140">
    <ele>30.9</ele>
    <time>2023-12-10T08:31:19Z</time>
   </trkpt>
   <trkpt lat="51.5715380" lon="-0.0889030">
    <ele>30.8</ele>
    <time>2023-12-10T08:31:20Z</time>
   </trkpt>
   <trkpt lat="51.5715280" lon="-0.0888920">
    <ele>30.7</ele>
    <time>2023-12-10T08:31:21Z</time>
   </trkpt>
   <trkpt lat="51.5715030" lon="-0.0888680">
    <ele>30.7</ele>
    <time>2023-12-10T08:31:22Z</time>
   </trkpt>
   <trkpt lat="51.5714650" lon="-0.0888540">
    <ele>30.7</ele>
    <time>2023-12-10T08:31:23Z</time>
   </trkpt>
   <trkpt lat="51.5714520" lon="-0.0888510">
    <ele>30.7</ele>
    <time>2023-12-10T08:31:24Z</time>
   </trkpt>
   <trkpt lat="51.5714160" lon="-0.0888250">
    <ele>30.7</ele>
    <time>2023-12-10T08:31:25Z</time>
   </trkpt>
   <trkpt lat="51.5714020" lon="-0.0888210">
    <ele>30.7</ele>
    <time>2023-12-10T08:31:26Z</time>
   </trkpt>
   <trkpt lat="51.5713730" lon="-0.0888120">
    <ele>30.7</ele>
    <time>2023-12-10T08:31:27Z</time>
   </trkpt>
   <trkpt lat="51.5713360" lon="-0.0887990">
    <ele>30.7</ele>
    <time>2023-12-10T08:31:28Z</time>
   </trkpt>
   <trkpt lat="51.5713240" lon="-0.0887920">
    <ele>30.7</ele>
    <time>2023-12-10T08:31:29Z</time>
   </trkpt>
   <trkpt lat="51.5713060" lon="-0.0887330">
    <ele>30.7</ele>
    <time>2023-12-10T08:31:30Z</time>
   </trkpt>
   <trkpt lat="51.5712760" lon="-0.0887010">
    <ele>30.7</ele>
    <time>2023-12-10T08:31:31Z</time>
   </trkpt>
   <trkpt lat="51.5712690" lon="-0.0886860">
    <ele>30.7</ele>
    <time>2023-12-10T08:31:32Z</time>
   </trkpt>
   <trkpt lat="51.5712490" lon="-0.0886450">
    <ele>30.6</ele>
    <time>2023-12-10T08:31:33Z</time>
   </trkpt>
   <trkpt lat="51.5712450" lon="-0.0886230">
    <ele>30.6</ele>
    <time>2023-12-10T08:31:34Z</time>
   </trkpt>
   <trkpt lat="51.5712210" lon="-0.0885880">
    <ele>30.6</ele>
    <time>2023-12-10T08:31:35Z</time>
   </trkpt>
   <trkpt lat="51.5712110" lon="-0.0885830">
    <ele>30.6</ele>
    <time>2023-12-10T08:31:36Z</time>
   </trkpt>
   <trkpt lat="51.5711990" lon="-0.0885340">
    <ele>30.6</ele>
    <time>2023-12-10T08:31:37Z</time>
   </trkpt>
   <trkpt lat="51.5712560" lon="-0.0884920">
    <ele>30.6</ele>
    <time>2023-12-10T08:31:38Z</time>
   </trkpt>
   <trkpt lat="51.5713200" lon="-0.0884650">
    <ele>30.6</ele>
    <time>2023-12-10T08:31:39Z</time>
   </trkpt>
   <trkpt lat="51.5713210" lon="-0.0884880">
    <ele>30.6</ele>
    <time>2023-12-10T08:31:40Z</time>
   </trkpt>
   <trkpt lat="51.5713160" lon="-0.0884460">
    <ele>30.6</ele>
    <time>2023-12-10T08:31:41Z</time>
   </trkpt>
   <trkpt lat="51.5713160" lon="-0.0884500">
    <ele>30.6</ele>
    <time>2023-12-10T08:31:42Z</time>
   </trkpt>
   <trkpt lat="51.5713110" lon="-0.0884490">
    <ele>30.6</ele>
    <time>2023-12-10T08:31:43Z</time>
   </trkpt>
   <trkpt lat="51.5713280" lon="-0.0884660">
    <ele>30.6</ele>
    <time>2023-12-10T08:31:44Z</time>
   </trkpt>
   <trkpt lat="51.5713500" lon="-0.0884420">
    <ele>30.6</ele>
    <time>2023-12-10T08:31:45Z</time>
   </trkpt>
   <trkpt lat="51.5713960" lon="-0.0883990">
    <ele>30.6</ele>
    <time>2023-12-10T08:31:46Z</time>
   </trkpt>
   <trkpt lat="51.5714430" lon="-0.0883550">
    <ele>30.6</ele>
    <time>2023-12-10T08:31:47Z</time>
   </trkpt>
   <trkpt lat="51.5714560" lon="-0.0882940">
    <ele>30.6</ele>
    <time>2023-12-10T08:31:48Z</time>
   </trkpt>
   <trkpt lat="51.5714760" lon="-0.0882460">
    <ele>30.6</ele>
    <time>2023-12-10T08:31:49Z</time>
   </trkpt>
   <trkpt lat="51.5714920" lon="-0.0881790">
    <ele>30.6</ele>
    <time>2023-12-10T08:31:50Z</time>
   </trkpt>
   <trkpt lat="51.5714990" lon="-0.0881510">
    <ele>30.6</ele>
    <time>2023-12-10T08:31:51Z</time>
   </trkpt>
   <trkpt lat="51.5715180" lon="-0.0880970">
    <ele>30.6</ele>
    <time>2023-12-10T08:31:52Z</time>
   </trkpt>
   <trkpt lat="51.5715500" lon="-0.0880310">
    <ele>30.6</ele>
    <time>2023-12-10T08:31:53Z</time>
   </trkpt>
   <trkpt lat="51.5715630" lon="-0.0879900">
    <ele>30.6</ele>
    <time>2023-12-10T08:31:54Z</time>
   </trkpt>
   <trkpt lat="51.5716080" lon="-0.0879110">
    <ele>30.6</ele>
    <time>2023-12-10T08:31:55Z</time>
   </trkpt>
   <trkpt lat="51.5716950" lon="-0.0878500">
    <ele>30.6</ele>
    <time>2023-12-10T08:31:56Z</time>
   </trkpt>
   <trkpt lat="51.5717850" lon="-0.0877800">
    <ele>30.6</ele>
    <time>2023-12-10T08:31:57Z</time>
   </trkpt>
   <trkpt lat="51.5718360" lon="-0.0877230">
    <ele>30.6</ele>
    <time>2023-12-10T08:31:58Z</time>
   </trkpt>
   <trkpt lat="51.5718620" lon="-0.0876500">
    <ele>30.6</ele>
    <time>2023-12-10T08:31:59Z</time>
   </trkpt>
   <trkpt lat="51.5718250" lon="-0.0876020">
    <ele>30.6</ele>
    <time>2023-12-10T08:32:00Z</time>
   </trkpt>
   <trkpt lat="51.5718910" lon="-0.0876160">
    <ele>30.6</ele>
    <time>2023-12-10T08:32:01Z</time>
   </trkpt>
   <trkpt lat="51.5719220" lon="-0.0875800">
    <ele>30.6</ele>
    <time>2023-12-10T08:32:02Z</time>
   </trkpt>
   <trkpt lat="51.5719920" lon="-0.0875200">
    <ele>30.6</ele>
    <time>2023-12-10T08:32:03Z</time>
   </trkpt>
   <trkpt lat="51.5720500" lon="-0.0874730">
    <ele>30.7</ele>
    <time>2023-12-10T08:32:04Z</time>
   </trkpt>
   <trkpt lat="51.5720950" lon="-0.0873940">
    <ele>30.7</ele>
    <time>2023-12-10T08:32:05Z</time>
   </trkpt>
   <trkpt lat="51.5721230" lon="-0.0873230">
    <ele>30.7</ele>
    <time>2023-12-10T08:32:06Z</time>
   </trkpt>
   <trkpt lat="51.5721440" lon="-0.0872930">
    <ele>30.6</ele>
    <time>2023-12-10T08:32:07Z</time>
   </trkpt>
   <trkpt lat="51.5721800" lon="-0.0872440">
    <ele>30.6</ele>
    <time>2023-12-10T08:32:08Z</time>
   </trkpt>
   <trkpt lat="51.5722330" lon="-0.0872000">
    <ele>30.5</ele>
    <time>2023-12-10T08:32:09Z</time>
   </trkpt>
   <trkpt lat="51.5722780" lon="-0.0871200">
    <ele>30.5</ele>
    <time>2023-12-10T08:32:10Z</time>
   </trkpt>
   <trkpt lat="51.5723110" lon="-0.0870620">
    <ele>30.5</ele>
    <time>2023-12-10T08:32:11Z</time>
   </trkpt>
   <trkpt lat="51.5723450" lon="-0.0869730">
    <ele>30.4</ele>
    <time>2023-12-10T08:32:12Z</time>
   </trkpt>
   <trkpt lat="51.5723560" lon="-0.0869160">
    <ele>30.4</ele>
    <time>2023-12-10T08:32:13Z</time>
   </trkpt>
   <trkpt lat="51.5723710" lon="-0.0868780">
    <ele>30.4</ele>
    <time>2023-12-10T08:32:14Z</time>
   </trkpt>
   <trkpt lat="51.5724110" lon="-0.0868020">
    <ele>30.4</ele>
    <time>2023-12-10T08:32:15Z</time>
   </trkpt>
   <trkpt lat="51.5724600" lon="-0.0867310">
    <ele>30.4</ele>
    <time>2023-12-10T08:32:16Z</time>
   </trkpt>
   <trkpt lat="51.5725060" lon="-0.0866490">
    <ele>30.4</ele>
    <time>2023-12-10T08:32:17Z</time>
   </trkpt>
   <trkpt lat="51.5725550" lon="-0.0865730">
    <ele>30.3</ele>
    <time>2023-12-10T08:32:18Z</time>
   </trkpt>
   <trkpt lat="51.5725860" lon="-0.0864970">
    <ele>30.3</ele>
    <time>2023-12-10T08:32:19Z</time>
   </trkpt>
   <trkpt lat="51.5726180" lon="-0.0864380">
    <ele>30.3</ele>
    <time>2023-12-10T08:32:20Z</time>
   </trkpt>
   <trkpt lat="51.5726550" lon="-0.0863770">
    <ele>30.3</ele>
    <time>2023-12-10T08:32:21Z</time>
   </trkpt>
   <trkpt lat="51.5726930" lon="-0.0863050">
    <ele>30.3</ele>
    <time>2023-12-10T08:32:22Z</time>
   </trkpt>
   <trkpt lat="51.5727610" lon="-0.0862360">
    <ele>30.3</ele>
    <time>2023-12-10T08:32:23Z</time>
   </trkpt>
   <trkpt lat="51.5728030" lon="-0.0862230">
    <ele>30.4</ele>
    <time>2023-12-10T08:32:24Z</time>
   </trkpt>
   <trkpt lat="51.5728480" lon="-0.0861870">
    <ele>30.4</ele>
    <time>2023-12-10T08:32:25Z</time>
   </trkpt>
   <trkpt lat="51.5729070" lon="-0.0861440">
    <ele>30.4</ele>
    <time>2023-12-10T08:32:26Z</time>
   </trkpt>
   <trkpt lat="51.5729640" lon="-0.0860920">
    <ele>30.5</ele>
    <time>2023-12-10T08:32:27Z</time>
   </trkpt>
   <trkpt lat="51.5730120" lon="-0.0860350">
    <ele>30.5</ele>
    <time>2023-12-10T08:32:28Z</time>
   </trkpt>
   <trkpt lat="51.5730570" lon="-0.0859690">
    <ele>30.7</ele>
    <time>2023-12-10T08:32:29Z</time>
   </trkpt>
   <trkpt lat="51.5731200" lon="-0.0859660">
    <ele>31.0</ele>
    <time>2023-12-10T08:32:30Z</time>
   </trkpt>
   <trkpt lat="51.5731750" lon="-0.0859310">
    <ele>31.1</ele>
    <time>2023-12-10T08:32:31Z</time>
   </trkpt>
   <trkpt lat="51.5732270" lon="-0.0858920">
    <ele>31.3</ele>
    <time>2023-12-10T08:32:32Z</time>
   </trkpt>
   <trkpt lat="51.5732760" lon="-0.0858530">
    <ele>31.5</ele>
    <time>2023-12-10T08:32:33Z</time>
   </trkpt>
   <trkpt lat="51.5733210" lon="-0.0858190">
    <ele>31.6</ele>
    <time>2023-12-10T08:32:34Z</time>
   </trkpt>
   <trkpt lat="51.5733620" lon="-0.0858090">
    <ele>31.8</ele>
    <time>2023-12-10T08:32:35Z</time>
   </trkpt>
   <trkpt lat="51.5733880" lon="-0.0857470">
    <ele>31.8</ele>
    <time>2023-12-10T08:32:37Z</time>
   </trkpt>
   <trkpt lat="51.5734150" lon="-0.0856540">
    <ele>31.9</ele>
    <time>2023-12-10T08:32:38Z</time>
   </trkpt>
   <trkpt lat="51.5734380" lon="-0.0855450">
    <ele>31.9</ele>
    <time>2023-12-10T08:32:39Z</time>
   </trkpt>
   <trkpt lat="51.5734510" lon="-0.0854650">
    <ele>31.9</ele>
    <time>2023-12-10T08:32:40Z</time>
   </trkpt>
   <trkpt lat="51.5734620" lon="-0.0854050">
    <ele>32.0</ele>
    <time>2023-12-10T08:32:41Z</time>
   </trkpt>
   <trkpt lat="51.5734790" lon="-0.0853540">
    <ele>32.0</ele>
    <time>2023-12-10T08:32:42Z</time>
   </trkpt>
   <trkpt lat="51.5734790" lon="-0.0853010">
    <ele>32.0</ele>
    <time>2023-12-10T08:32:43Z</time>
   </trkpt>
   <trkpt lat="51.5734830" lon="-0.0852350">
    <ele>32.1</ele>
    <time>2023-12-10T08:32:44Z</time>
   </trkpt>
   <trkpt lat="51.5734750" lon="-0.0852020">
    <ele>32.1</ele>
    <time>2023-12-10T08:32:45Z</time>
   </trkpt>
   <trkpt lat="51.5734910" lon="-0.0851800">
    <ele>32.1</ele>
    <time>2023-12-10T08:32:46Z</time>
   </trkpt>
   <trkpt lat="51.5735010" lon="-0.0851330">
    <ele>32.1</ele>
    <time>2023-12-10T08:32:47Z</time>
   </trkpt>
   <trkpt lat="51.5735310" lon="-0.0850660">
    <ele>32.1</ele>
    <time>2023-12-10T08:32:48Z</time>
   </trkpt>
   <trkpt lat="51.5735530" lon="-0.0850000">
    <ele>32.1</ele>
    <time>2023-12-10T08:32:49Z</time>
   </trkpt>
   <trkpt lat="51.5735640" lon="-0.0849550">
    <ele>32.1</ele>
    <time>2023-12-10T08:32:50Z</time>
   </trkpt>
   <trkpt lat="51.5735640" lon="-0.0848850">
    <ele>32.1</ele>
    <time>2023-12-10T08:32:51Z</time>
   </trkpt>
   <trkpt lat="51.5735480" lon="-0.0848320">
    <ele>32.1</ele>
    <time>2023-12-10T08:32:52Z</time>
   </trkpt>
   <trkpt lat="51.5735430" lon="-0.0848170">
    <ele>32.1</ele>
    <time>2023-12-10T08:32:53Z</time>
   </trkpt>
   <trkpt lat="51.5735200" lon="-0.0847610">
    <ele>32.1</ele>
    <time>2023-12-10T08:32:54Z</time>
   </trkpt>
   <trkpt lat="51.5734670" lon="-0.0846640">
    <ele>32.1</ele>
    <time>2023-12-10T08:32:55Z</time>
   </trkpt>
   <trkpt lat="51.5734320" lon="-0.0845990">
    <ele>32.1</ele>
    <time>2023-12-10T08:32:56Z</time>
   </trkpt>
   <trkpt lat="51.5734160" lon="-0.0845600">
    <ele>32.1</ele>
    <time>2023-12-10T08:32:57Z</time>
   </trkpt>
   <trkpt lat="51.5734490" lon="-0.0845030">
    <ele>32.1</ele>
    <time>2023-12-10T08:32:58Z</time>
   </trkpt>
   <trkpt lat="51.5734690" lon="-0.0844660">
    <ele>32.1</ele>
    <time>2023-12-10T08:32:59Z</time>
   </trkpt>
   <trkpt lat="51.5734910" lon="-0.0844150">
    <ele>32.1</ele>
    <time>2023-12-10T08:33:00Z</time>
   </trkpt>
   <trkpt lat="51.5734950" lon="-0.0843910">
    <ele>32.1</ele>
    <time>2023-12-10T08:33:01Z</time>
   </trkpt>
   <trkpt lat="51.5734980" lon="-0.0843340">
    <ele>32.1</ele>
    <time>2023-12-10T08:33:02Z</time>
   </trkpt>
   <trkpt lat="51.5734980" lon="-0.0842290">
    <ele>32.0</ele>
    <time>2023-12-10T08:33:03Z</time>
   </trkpt>
   <trkpt lat="51.5734930" lon="-0.0841730">
    <ele>31.9</ele>
    <time>2023-12-10T08:33:04Z</time>
   </trkpt>
   <trkpt lat="51.5735120" lon="-0.0841070">
    <ele>31.6</ele>
    <time>2023-12-10T08:33:05Z</time>
   </trkpt>
   <trkpt lat="51.5735380" lon="-0.0840430">
    <ele>31.7</ele>
    <time>2023-12-10T08:33:06Z</time>
   </trkpt>
   <trkpt lat="51.5735520" lon="-0.0839710">
    <ele>31.7</ele>
    <time>2023-12-10T08:33:07Z</time>
   </trkpt>
   <trkpt lat="51.5735580" lon="-0.0839090">
    <ele>31.7</ele>
    <time>2023-12-10T08:33:08Z</time>
   </trkpt>
   <trkpt lat="51.5735620" lon="-0.0838870">
    <ele>31.7</ele>
    <time>2023-12-10T08:33:09Z</time>
   </trkpt>
   <trkpt lat="51.5735660" lon="-0.0838290">
    <ele>31.7</ele>
    <time>2023-12-10T08:33:10Z</time>
   </trkpt>
   <trkpt lat="51.5735790" lon="-0.0837620">
    <ele>31.7</ele>
    <time>2023-12-10T08:33:11Z</time>
   </trkpt>
   <trkpt lat="51.5736040" lon="-0.0836910">
    <ele>31.7</ele>
    <time>2023-12-10T08:33:12Z</time>
   </trkpt>
   <trkpt lat="51.5736490" lon="-0.0836090">
    <ele>31.7</ele>
    <time>2023-12-10T08:33:13Z</time>
   </trkpt>
   <trkpt lat="51.5736860" lon="-0.0835470">
    <ele>31.7</ele>
    <time>2023-12-10T08:33:14Z</time>
   </trkpt>
   <trkpt lat="51.5737300" lon="-0.0835000">
    <ele>31.5</ele>
    <time>2023-12-10T08:33:15Z</time>
   </trkpt>
   <trkpt lat="51.5737630" lon="-0.0834620">
    <ele>31.5</ele>
    <time>2023-12-10T08:33:16Z</time>
   </trkpt>
   <trkpt lat="51.5738210" lon="-0.0834520">
    <ele>31.4</ele>
    <time>2023-12-10T08:33:17Z</time>
   </trkpt>
   <trkpt lat="51.5738520" lon="-0.0834420">
    <ele>31.3</ele>
    <time>2023-12-10T08:33:18Z</time>
   </trkpt>
   <trkpt lat="51.5738830" lon="-0.0834480">
    <ele>31.3</ele>
    <time>2023-12-10T08:33:19Z</time>
   </trkpt>
   <trkpt lat="51.5739200" lon="-0.0834370">
    <ele>31.2</ele>
    <time>2023-12-10T08:33:20Z</time>
   </trkpt>
   <trkpt lat="51.5739660" lon="-0.0834180">
    <ele>31.1</ele>
    <time>2023-12-10T08:33:21Z</time>
   </trkpt>
   <trkpt lat="51.5739910" lon="-0.0834110">
    <ele>31.1</ele>
    <time>2023-12-10T08:33:22Z</time>
   </trkpt>
   <trkpt lat="51.5740240" lon="-0.0834080">
    <ele>31.0</ele>
    <time>2023-12-10T08:33:23Z</time>
   </trkpt>
   <trkpt lat="51.5740580" lon="-0.0833890">
    <ele>30.9</ele>
    <time>2023-12-10T08:33:24Z</time>
   </trkpt>
   <trkpt lat="51.5740900" lon="-0.0833890">
    <ele>30.9</ele>
    <time>2023-12-10T08:33:25Z</time>
   </trkpt>
   <trkpt lat="51.5741180" lon="-0.0833920">
    <ele>30.8</ele>
    <time>2023-12-10T08:33:26Z</time>
   </trkpt>
   <trkpt lat="51.5741490" lon="-0.0833930">
    <ele>30.7</ele>
    <time>2023-12-10T08:33:27Z</time>
   </trkpt>
   <trkpt lat="51.5741490" lon="-0.0833990">
    <ele>30.7</ele>
    <time>2023-12-10T08:33:28Z</time>
   </trkpt>
   <trkpt lat="51.5741780" lon="-0.0834060">
    <ele>30.6</ele>
    <time>2023-12-10T08:33:29Z</time>
   </trkpt>
   <trkpt lat="51.5742050" lon="-0.0834210">
    <ele>30.6</ele>
    <time>2023-12-10T08:33:30Z</time>
   </trkpt>
   <trkpt lat="51.5742360" lon="-0.0834190">
    <ele>30.5</ele>
    <time>2023-12-10T08:33:31Z</time>
   </trkpt>
   <trkpt lat="51.5742680" lon="-0.0834130">
    <ele>30.4</ele>
    <time>2023-12-10T08:33:32Z</time>
   </trkpt>
   <trkpt lat="51.5743080" lon="-0.0834170">
    <ele>30.3</ele>
    <time>2023-12-10T08:33:33Z</time>
   </trkpt>
   <trkpt lat="51.5743470" lon="-0.0834100">
    <ele>30.1</ele>
    <time>2023-12-10T08:33:34Z</time>
   </trkpt>
   <trkpt lat="51.5743630" lon="-0.0834090">
    <ele>30.1</ele>
    <time>2023-12-10T08:33:35Z</time>
   </trkpt>
   <trkpt lat="51.5743920" lon="-0.0834500">
    <ele>30.0</ele>
    <time>2023-12-10T08:33:36Z</time>
   </trkpt>
   <trkpt lat="51.5744290" lon="-0.0834750">
    <ele>29.9</ele>
    <time>2023-12-10T08:33:37Z</time>
   </trkpt>
   <trkpt lat="51.5744590" lon="-0.0834730">
    <ele>29.9</ele>
    <time>2023-12-10T08:33:38Z</time>
   </trkpt>
   <trkpt lat="51.5744980" lon="-0.0834830">
    <ele>29.8</ele>
    <time>2023-12-10T08:33:39Z</time>
   </trkpt>
   <trkpt lat="51.5745390" lon="-0.0835060">
    <ele>29.7</ele>
    <time>2023-12-10T08:33:40Z</time>
   </trkpt>
   <trkpt lat="51.5745800" lon="-0.0835180">
    <ele>29.7</ele>
    <time>2023-12-10T08:33:41Z</time>
   </trkpt>
   <trkpt lat="51.5746320" lon="-0.0835190">
    <ele>29.6</ele>
    <time>2023-12-10T08:33:42Z</time>
   </trkpt>
   <trkpt lat="51.5746710" lon="-0.0834910">
    <ele>29.4</ele>
    <time>2023-12-10T08:33:43Z</time>
   </trkpt>
   <trkpt lat="51.5747120" lon="-0.0834430">
    <ele>29.4</ele>
    <time>2023-12-10T08:33:44Z</time>
   </trkpt>
   <trkpt lat="51.5747430" lon="-0.0834060">
    <ele>29.4</ele>
    <time>2023-12-10T08:33:45Z</time>
   </trkpt>
   <trkpt lat="51.5747660" lon="-0.0833810">
    <ele>29.3</ele>
    <time>2023-12-10T08:33:46Z</time>
   </trkpt>
   <trkpt lat="51.5747880" lon="-0.0833330">
    <ele>29.3</ele>
    <time>2023-12-10T08:33:47Z</time>
   </trkpt>
   <trkpt lat="51.5748000" lon="-0.0832830">
    <ele>29.3</ele>
    <time>2023-12-10T08:33:48Z</time>
   </trkpt>
   <trkpt lat="51.5748160" lon="-0.0832340">
    <ele>29.3</ele>
    <time>2023-12-10T08:33:49Z</time>
   </trkpt>
   <trkpt lat="51.5748260" lon="-0.0831830">
    <ele>29.3</ele>
    <time>2023-12-10T08:33:50Z</time>
   </trkpt>
   <trkpt lat="51.5748340" lon="-0.0831360">
    <ele>29.3</ele>
    <time>2023-12-10T08:33:51Z</time>
   </trkpt>
   <trkpt lat="51.5748320" lon="-0.0830710">
    <ele>29.3</ele>
    <time>2023-12-10T08:33:52Z</time>
   </trkpt>
   <trkpt lat="51.5748300" lon="-0.0830480">
    <ele>29.3</ele>
    <time>2023-12-10T08:33:53Z</time>
   </trkpt>
   <trkpt lat="51.5748300" lon="-0.0829850">
    <ele>29.3</ele>
    <time>2023-12-10T08:33:54Z</time>
   </trkpt>
   <trkpt lat="51.5748330" lon="-0.0829420">
    <ele>29.3</ele>
    <time>2023-12-10T08:33:55Z</time>
   </trkpt>
   <trkpt lat="51.5748400" lon="-0.0828950">
    <ele>29.3</ele>
    <time>2023-12-10T08:33:56Z</time>
   </trkpt>
   <trkpt lat="51.5748470" lon="-0.0828390">
    <ele>29.3</ele>
    <time>2023-12-10T08:33:57Z</time>
   </trkpt>
   <trkpt lat="51.5748570" lon="-0.0827820">
    <ele>29.3</ele>
    <time>2023-12-10T08:33:58Z</time>
   </trkpt>
   <trkpt lat="51.5748490" lon="-0.0827290">
    <ele>29.3</ele>
    <time>2023-12-10T08:33:59Z</time>
   </trkpt>
   <trkpt lat="51.5748560" lon="-0.0826770">
    <ele>29.3</ele>
    <time>2023-12-10T08:34:00Z</time>
   </trkpt>
   <trkpt lat="51.5748670" lon="-0.0826230">
    <ele>29.3</ele>
    <time>2023-12-10T08:34:01Z</time>
   </trkpt>
   <trkpt lat="51.5748710" lon="-0.0825360">
    <ele>29.3</ele>
    <time>2023-12-10T08:34:02Z</time>
   </trkpt>
   <trkpt lat="51.5748660" lon="-0.0824890">
    <ele>29.3</ele>
    <time>2023-12-10T08:34:03Z</time>
   </trkpt>
   <trkpt lat="51.5748680" lon="-0.0824220">
    <ele>29.3</ele>
    <time>2023-12-10T08:34:04Z</time>
   </trkpt>
   <trkpt lat="51.5748790" lon="-0.0823570">
    <ele>29.3</ele>
    <time>2023-12-10T08:34:05Z</time>
   </trkpt>
   <trkpt lat="51.5748820" lon="-0.0823080">
    <ele>29.3</ele>
    <time>2023-12-10T08:34:06Z</time>
   </trkpt>
   <trkpt lat="51.5748880" lon="-0.0822490">
    <ele>29.3</ele>
    <time>2023-12-10T08:34:07Z</time>
   </trkpt>
   <trkpt lat="51.5748880" lon="-0.0822250">
    <ele>29.3</ele>
    <time>2023-12-10T08:34:08Z</time>
   </trkpt>
   <trkpt lat="51.5748820" lon="-0.0821620">
    <ele>29.4</ele>
    <time>2023-12-10T08:34:09Z</time>
   </trkpt>
   <trkpt lat="51.5748890" lon="-0.0821170">
    <ele>29.4</ele>
    <time>2023-12-10T08:34:10Z</time>
   </trkpt>
   <trkpt lat="51.5749010" lon="-0.0820600">
    <ele>29.4</ele>
    <time>2023-12-10T08:34:11Z</time>
   </trkpt>
   <trkpt lat="51.5749080" lon="-0.0820170">
    <ele>29.4</ele>
    <time>2023-12-10T08:34:12Z</time>
   </trkpt>
   <trkpt lat="51.5749160" lon="-0.0819500">
    <ele>29.4</ele>
    <time>2023-12-10T08:34:13Z</time>
   </trkpt>
   <trkpt lat="51.5749100" lon="-0.0818880">
    <ele>29.4</ele>
    <time>2023-12-10T08:34:14Z</time>
   </trkpt>
   <trkpt lat="51.5749190" lon="-0.0818090">
    <ele>29.4</ele>
    <time>2023-12-10T08:34:15Z</time>
   </trkpt>
   <trkpt lat="51.5749170" lon="-0.0817590">
    <ele>29.4</ele>
    <time>2023-12-10T08:34:16Z</time>
   </trkpt>
   <trkpt lat="51.5749180" lon="-0.0817070">
    <ele>29.4</ele>
    <time>2023-12-10T08:34:17Z</time>
   </trkpt>
   <trkpt lat="51.5749350" lon="-0.0816520">
    <ele>29.4</ele>
    <time>2023-12-10T08:34:18Z</time>
   </trkpt>
   <trkpt lat="51.5749400" lon="-0.0816340">
    <ele>29.4</ele>
    <time>2023-12-10T08:34:19Z</time>
   </trkpt>
   <trkpt lat="51.5749420" lon="-0.0815780">
    <ele>29.4</ele>
    <time>2023-12-10T08:34:20Z</time>
   </trkpt>
   <trkpt lat="51.5749460" lon="-0.0815180">
    <ele>29.4</ele>
    <time>2023-12-10T08:34:21Z</time>
   </trkpt>
   <trkpt lat="51.5749450" lon="-0.0814960">
    <ele>29.4</ele>
    <time>2023-12-10T08:34:22Z</time>
   </trkpt>
   <trkpt lat="51.5749450" lon="-0.0814430">
    <ele>29.4</ele>
    <time>2023-12-10T08:34:23Z</time>
   </trkpt>
   <trkpt lat="51.5749520" lon="-0.0813780">
    <ele>29.4</ele>
    <time>2023-12-10T08:34:24Z</time>
   </trkpt>
   <trkpt lat="51.5749380" lon="-0.0813050">
    <ele>29.4</ele>
    <time>2023-12-10T08:34:25Z</time>
   </trkpt>
   <trkpt lat="51.5749380" lon="-0.0812500">
    <ele>29.4</ele>
    <time>2023-12-10T08:34:26Z</time>
   </trkpt>
   <trkpt lat="51.5749360" lon="-0.0811950">
    <ele>29.4</ele>
    <time>2023-12-10T08:34:27Z</time>
   </trkpt>
   <trkpt lat="51.5749320" lon="-0.0811260">
    <ele>29.4</ele>
    <time>2023-12-10T08:34:28Z</time>
   </trkpt>
   <trkpt lat="51.5749340" lon="-0.0810970">
    <ele>29.4</ele>
    <time>2023-12-10T08:34:29Z</time>
   </trkpt>
   <trkpt lat="51.5749370" lon="-0.0810520">
    <ele>29.4</ele>
    <time>2023-12-10T08:34:30Z</time>
   </trkpt>
   <trkpt lat="51.5749290" lon="-0.0809970">
    <ele>29.3</ele>
    <time>2023-12-10T08:34:31Z</time>
   </trkpt>
   <trkpt lat="51.5749270" lon="-0.0809540">
    <ele>29.3</ele>
    <time>2023-12-10T08:34:32Z</time>
   </trkpt>
   <trkpt lat="51.5749260" lon="-0.0808800">
    <ele>29.3</ele>
    <time>2023-12-10T08:34:33Z</time>
   </trkpt>
   <trkpt lat="51.5749240" lon="-0.0808150">
    <ele>29.3</ele>
    <time>2023-12-10T08:34:34Z</time>
   </trkpt>
   <trkpt lat="51.5749200" lon="-0.0807530">
    <ele>29.3</ele>
    <time>2023-12-10T08:34:35Z</time>
   </trkpt>
   <trkpt lat="51.5749220" lon="-0.0806760">
    <ele>29.3</ele>
    <time>2023-12-10T08:34:36Z</time>
   </trkpt>
   <trkpt lat="51.5749130" lon="-0.0806060">
    <ele>29.3</ele>
    <time>2023-12-10T08:34:37Z</time>
   </trkpt>
   <trkpt lat="51.5749030" lon="-0.0805370">
    <ele>29.3</ele>
    <time>2023-12-10T08:34:38Z</time>
   </trkpt>
   <trkpt lat="51.5749000" lon="-0.0804820">
    <ele>29.3</ele>
    <time>2023-12-10T08:34:39Z</time>
   </trkpt>
   <trkpt lat="51.5748990" lon="-0.0804570">
    <ele>29.3</ele>
    <time>2023-12-10T08:34:40Z</time>
   </trkpt>
   <trkpt lat="51.5748900" lon="-0.0803870">
    <ele>29.2</ele>
    <time>2023-12-10T08:34:41Z</time>
   </trkpt>
   <trkpt lat="51.5748910" lon="-0.0803330">
    <ele>29.2</ele>
    <time>2023-12-10T08:34:42Z</time>
   </trkpt>
   <trkpt lat="51.5748900" lon="-0.0802710">
    <ele>29.2</ele>
    <time>2023-12-10T08:34:43Z</time>
   </trkpt>
   <trkpt lat="51.5748940" lon="-0.0802140">
    <ele>29.2</ele>
    <time>2023-12-10T08:34:44Z</time>
   </trkpt>
   <trkpt lat="51.5748950" lon="-0.0801490">
    <ele>29.1</ele>
    <time>2023-12-10T08:34:45Z</time>
   </trkpt>
   <trkpt lat="51.5748910" lon="-0.0800980">
    <ele>29.1</ele>
    <time>2023-12-10T08:34:46Z</time>
   </trkpt>
   <trkpt lat="51.5748870" lon="-0.0800470">
    <ele>29.1</ele>
    <time>2023-12-10T08:34:47Z</time>
   </trkpt>
   <trkpt lat="51.5748880" lon="-0.0799970">
    <ele>29.1</ele>
    <time>2023-12-10T08:34:48Z</time>
   </trkpt>
   <trkpt lat="51.5748820" lon="-0.0799500">
    <ele>29.1</ele>
    <time>2023-12-10T08:34:49Z</time>
   </trkpt>
   <trkpt lat="51.5748780" lon="-0.0798930">
    <ele>29.0</ele>
    <time>2023-12-10T08:34:50Z</time>
   </trkpt>
   <trkpt lat="51.5748790" lon="-0.0798460">
    <ele>29.0</ele>
    <time>2023-12-10T08:34:51Z</time>
   </trkpt>
   <trkpt lat="51.5748810" lon="-0.0798020">
    <ele>29.0</ele>
    <time>2023-12-10T08:34:52Z</time>
   </trkpt>
   <trkpt lat="51.5748850" lon="-0.0797420">
    <ele>29.0</ele>
    <time>2023-12-10T08:34:53Z</time>
   </trkpt>
   <trkpt lat="51.5748850" lon="-0.0796870">
    <ele>29.0</ele>
    <time>2023-12-10T08:34:54Z</time>
   </trkpt>
   <trkpt lat="51.5748810" lon="-0.0796070">
    <ele>28.9</ele>
    <time>2023-12-10T08:34:55Z</time>
   </trkpt>
   <trkpt lat="51.5748760" lon="-0.0795360">
    <ele>28.9</ele>
    <time>2023-12-10T08:34:56Z</time>
   </trkpt>
   <trkpt lat="51.5748760" lon="-0.0794840">
    <ele>28.9</ele>
    <time>2023-12-10T08:34:57Z</time>
   </trkpt>
   <trkpt lat="51.5748800" lon="-0.0794070">
    <ele>28.9</ele>
    <time>2023-12-10T08:34:58Z</time>
   </trkpt>
   <trkpt lat="51.5748600" lon="-0.0793440">
    <ele>28.9</ele>
    <time>2023-12-10T08:34:59Z</time>
   </trkpt>
   <trkpt lat="51.5748460" lon="-0.0792810">
    <ele>28.9</ele>
    <time>2023-12-10T08:35:00Z</time>
   </trkpt>
   <trkpt lat="51.5748430" lon="-0.0792220">
    <ele>28.8</ele>
    <time>2023-12-10T08:35:01Z</time>
   </trkpt>
   <trkpt lat="51.5748340" lon="-0.0791770">
    <ele>28.8</ele>
    <time>2023-12-10T08:35:02Z</time>
   </trkpt>
   <trkpt lat="51.5748210" lon="-0.0791250">
    <ele>28.8</ele>
    <time>2023-12-10T08:35:03Z</time>
   </trkpt>
   <trkpt lat="51.5748140" lon="-0.0790700">
    <ele>28.8</ele>
    <time>2023-12-10T08:35:04Z</time>
   </trkpt>
   <trkpt lat="51.5747940" lon="-0.0790190">
    <ele>28.8</ele>
    <time>2023-12-10T08:35:05Z</time>
   </trkpt>
   <trkpt lat="51.5747870" lon="-0.0789620">
    <ele>28.8</ele>
    <time>2023-12-10T08:35:06Z</time>
   </trkpt>
   <trkpt lat="51.5747660" lon="-0.0789040">
    <ele>28.8</ele>
    <time>2023-12-10T08:35:07Z</time>
   </trkpt>
   <trkpt lat="51.5747520" lon="-0.0788600">
    <ele>28.8</ele>
    <time>2023-12-10T08:35:08Z</time>
   </trkpt>
   <trkpt lat="51.5747440" lon="-0.0788040">
    <ele>28.7</ele>
    <time>2023-12-10T08:35:09Z</time>
   </trkpt>
   <trkpt lat="51.5747460" lon="-0.0787320">
    <ele>28.7</ele>
    <time>2023-12-10T08:35:10Z</time>
   </trkpt>
   <trkpt lat="51.5747420" lon="-0.0786780">
    <ele>28.8</ele>
    <time>2023-12-10T08:35:11Z</time>
   </trkpt>
   <trkpt lat="51.5747240" lon="-0.0786120">
    <ele>28.8</ele>
    <time>2023-12-10T08:35:12Z</time>
   </trkpt>
   <trkpt lat="51.5747170" lon="-0.0785850">
    <ele>28.8</ele>
    <time>2023-12-10T08:35:13Z</time>
   </trkpt>
   <trkpt lat="51.5746930" lon="-0.0785390">
    <ele>28.8</ele>
    <time>2023-12-10T08:35:14Z</time>
   </trkpt>
   <trkpt lat="51.5746830" lon="-0.0784950">
    <ele>28.8</ele>
    <time>2023-12-10T08:35:15Z</time>
   </trkpt>
   <trkpt lat="51.5746730" lon="-0.0784410">
    <ele>28.8</ele>
    <time>2023-12-10T08:35:16Z</time>
   </trkpt>
   <trkpt lat="51.5746690" lon="-0.0783790">
    <ele>28.8</ele>
    <time>2023-12-10T08:35:17Z</time>
   </trkpt>
   <trkpt lat="51.5746610" lon="-0.0783290">
    <ele>28.8</ele>
    <time>2023-12-10T08:35:18Z</time>
   </trkpt>
   <trkpt lat="51.5746590" lon="-0.0782780">
    <ele>28.8</ele>
    <time>2023-12-10T08:35:19Z</time>
   </trkpt>
   <trkpt lat="51.5746430" lon="-0.0782180">
    <ele>28.8</ele>
    <time>2023-12-10T08:35:20Z</time>
   </trkpt>
   <trkpt lat="51.5746370" lon="-0.0781480">
    <ele>28.8</ele>
    <time>2023-12-10T08:35:21Z</time>
   </trkpt>
   <trkpt lat="51.5746340" lon="-0.0780840">
    <ele>28.8</ele>
    <time>2023-12-10T08:35:22Z</time>
   </trkpt>
   <trkpt lat="51.5746140" lon="-0.0780210">
    <ele>28.8</ele>
    <time>2023-12-10T08:35:23Z</time>
   </trkpt>
   <trkpt lat="51.5746030" lon="-0.0779600">
    <ele>28.8</ele>
    <time>2023-12-10T08:35:24Z</time>
   </trkpt>
   <trkpt lat="51.5746040" lon="-0.0778830">
    <ele>28.8</ele>
    <time>2023-12-10T08:35:25Z</time>
   </trkpt>
   <trkpt lat="51.5745970" lon="-0.0778340">
    <ele>28.8</ele>
    <time>2023-12-10T08:35:26Z</time>
   </trkpt>
   <trkpt lat="51.5745770" lon="-0.0777910">
    <ele>28.8</ele>
    <time>2023-12-10T08:35:27Z</time>
   </trkpt>
   <trkpt lat="51.5745650" lon="-0.0777330">
    <ele>28.8</ele>
    <time>2023-12-10T08:35:28Z</time>
   </trkpt>
   <trkpt lat="51.5745570" lon="-0.0776730">
    <ele>28.8</ele>
    <time>2023-12-10T08:35:29Z</time>
   </trkpt>
   <trkpt lat="51.5745390" lon="-0.0776200">
    <ele>28.8</ele>
    <time>2023-12-10T08:35:30Z</time>
   </trkpt>
   <trkpt lat="51.5745380" lon="-0.0775520">
    <ele>28.8</ele>
    <time>2023-12-10T08:35:31Z</time>
   </trkpt>
   <trkpt lat="51.5745310" lon="-0.0774860">
    <ele>28.8</ele>
    <time>2023-12-10T08:35:32Z</time>
   </trkpt>
   <trkpt lat="51.5745270" lon="-0.0774580">
    <ele>28.8</ele>
    <time>2023-12-10T08:35:33Z</time>
   </trkpt>
   <trkpt lat="51.5745240" lon="-0.0773960">
    <ele>28.8</ele>
    <time>2023-12-10T08:35:34Z</time>
   </trkpt>
   <trkpt lat="51.5745140" lon="-0.0773220">
    <ele>28.8</ele>
    <time>2023-12-10T08:35:35Z</time>
   </trkpt>
   <trkpt lat="51.5745100" lon="-0.0772870">
    <ele>28.8</ele>
    <time>2023-12-10T08:35:36Z</time>
   </trkpt>
   <trkpt lat="51.5745020" lon="-0.0772060">
    <ele>28.8</ele>
    <time>2023-12-10T08:35:37Z</time>
   </trkpt>
   <trkpt lat="51.5744780" lon="-0.0771680">
    <ele>28.8</ele>
    <time>2023-12-10T08:35:38Z</time>
   </trkpt>
   <trkpt lat="51.5744670" lon="-0.0771110">
    <ele>28.8</ele>
    <time>2023-12-10T08:35:39Z</time>
   </trkpt>
   <trkpt lat="51.5744600" lon="-0.0770350">
    <ele>28.8</ele>
    <time>2023-12-10T08:35:40Z</time>
   </trkpt>
   <trkpt lat="51.5744460" lon="-0.0769750">
    <ele>28.9</ele>
    <time>2023-12-10T08:35:41Z</time>
   </trkpt>
   <trkpt lat="51.5744330" lon="-0.0769240">
    <ele>29.0</ele>
    <time>2023-12-10T08:35:42Z</time>
   </trkpt>
   <trkpt lat="51.5744250" lon="-0.0768560">
    <ele>29.0</ele>
    <time>2023-12-10T08:35:43Z</time>
   </trkpt>
   <trkpt lat="51.5744140" lon="-0.0768030">
    <ele>29.0</ele>
    <time>2023-12-10T08:35:44Z</time>
   </trkpt>
   <trkpt lat="51.5744000" lon="-0.0767610">
    <ele>29.1</ele>
    <time>2023-12-10T08:35:45Z</time>
   </trkpt>
   <trkpt lat="51.5743980" lon="-0.0766950">
    <ele>29.1</ele>
    <time>2023-12-10T08:35:46Z</time>
   </trkpt>
   <trkpt lat="51.5743910" lon="-0.0766300">
    <ele>29.2</ele>
    <time>2023-12-10T08:35:47Z</time>
   </trkpt>
   <trkpt lat="51.5743910" lon="-0.0765540">
    <ele>29.3</ele>
    <time>2023-12-10T08:35:48Z</time>
   </trkpt>
   <trkpt lat="51.5743790" lon="-0.0765150">
    <ele>29.3</ele>
    <time>2023-12-10T08:35:49Z</time>
   </trkpt>
   <trkpt lat="51.5743600" lon="-0.0764530">
    <ele>29.3</ele>
    <time>2023-12-10T08:35:50Z</time>
   </trkpt>
   <trkpt lat="51.5743530" lon="-0.0764290">
    <ele>29.3</ele>
    <time>2023-12-10T08:35:51Z</time>
   </trkpt>
   <trkpt lat="51.5743390" lon="-0.0763790">
    <ele>29.4</ele>
    <time>2023-12-10T08:35:52Z</time>
   </trkpt>
   <trkpt lat="51.5743270" lon="-0.0763130">
    <ele>29.4</ele>
    <time>2023-12-10T08:35:53Z</time>
   </trkpt>
   <trkpt lat="51.5743160" lon="-0.0762520">
    <ele>29.5</ele>
    <time>2023-12-10T08:35:54Z</time>
   </trkpt>
   <trkpt lat="51.5743190" lon="-0.0761990">
    <ele>29.5</ele>
    <time>2023-12-10T08:35:55Z</time>
   </trkpt>
   <trkpt lat="51.5743040" lon="-0.0761500">
    <ele>29.6</ele>
    <time>2023-12-10T08:35:56Z</time>
   </trkpt>
   <trkpt lat="51.5743100" lon="-0.0760990">
    <ele>29.6</ele>
    <time>2023-12-10T08:35:57Z</time>
   </trkpt>
   <trkpt lat="51.5743040" lon="-0.0760230">
    <ele>29.7</ele>
    <time>2023-12-10T08:35:58Z</time>
   </trkpt>
   <trkpt lat="51.5743090" lon="-0.0759540">
    <ele>29.8</ele>
    <time>2023-12-10T08:35:59Z</time>
   </trkpt>
   <trkpt lat="51.5742960" lon="-0.0758940">
    <ele>29.9</ele>
    <time>2023-12-10T08:36:00Z</time>
   </trkpt>
   <trkpt lat="51.5742830" lon="-0.0758260">
    <ele>29.9</ele>
    <time>2023-12-10T08:36:01Z</time>
   </trkpt>
   <trkpt lat="51.5742780" lon="-0.0757990">
    <ele>30.0</ele>
    <time>2023-12-10T08:36:02Z</time>
   </trkpt>
   <trkpt lat="51.5742770" lon="-0.0757500">
    <ele>30.0</ele>
    <time>2023-12-10T08:36:03Z</time>
   </trkpt>
   <trkpt lat="51.5742640" lon="-0.0756930">
    <ele>30.1</ele>
    <time>2023-12-10T08:36:04Z</time>
   </trkpt>
   <trkpt lat="51.5742650" lon="-0.0756370">
    <ele>30.2</ele>
    <time>2023-12-10T08:36:05Z</time>
   </trkpt>
   <trkpt lat="51.5742490" lon="-0.0755790">
    <ele>30.2</ele>
    <time>2023-12-10T08:36:06Z</time>
   </trkpt>
   <trkpt lat="51.5742360" lon="-0.0755130">
    <ele>30.3</ele>
    <time>2023-12-10T08:36:07Z</time>
   </trkpt>
   <trkpt lat="51.5742320" lon="-0.0754870">
    <ele>30.3</ele>
    <time>2023-12-10T08:36:08Z</time>
   </trkpt>
   <trkpt lat="51.5742230" lon="-0.0754370">
    <ele>30.3</ele>
    <time>2023-12-10T08:36:09Z</time>
   </trkpt>
   <trkpt lat="51.5742150" lon="-0.0753860">
    <ele>30.4</ele>
    <time>2023-12-10T08:36:10Z</time>
   </trkpt>
   <trkpt lat="51.5742020" lon="-0.0753330">
    <ele>30.4</ele>
    <time>2023-12-10T08:36:11Z</time>
   </trkpt>
   <trkpt lat="51.5741950" lon="-0.0752640">
    <ele>30.5</ele>
    <time>2023-12-10T08:36:12Z</time>
   </trkpt>
   <trkpt lat="51.5741920" lon="-0.0752140">
    <ele>30.5</ele>
    <time>2023-12-10T08:36:13Z</time>
   </trkpt>
   <trkpt lat="51.5741880" lon="-0.0751660">
    <ele>30.5</ele>
    <time>2023-12-10T08:36:14Z</time>
   </trkpt>
   <trkpt lat="51.5741780" lon="-0.0751050">
    <ele>30.6</ele>
    <time>2023-12-10T08:36:15Z</time>
   </trkpt>
   <trkpt lat="51.5741670" lon="-0.0750550">
    <ele>30.6</ele>
    <time>2023-12-10T08:36:16Z</time>
   </trkpt>
   <trkpt lat="51.5741640" lon="-0.0749920">
    <ele>30.7</ele>
    <time>2023-12-10T08:36:17Z</time>
   </trkpt>
   <trkpt lat="51.5741440" lon="-0.0749540">
    <ele>30.7</ele>
    <time>2023-12-10T08:36:18Z</time>
   </trkpt>
   <trkpt lat="51.5741300" lon="-0.0749160">
    <ele>30.7</ele>
    <time>2023-12-10T08:36:19Z</time>
   </trkpt>
   <trkpt lat="51.5741160" lon="-0.0748720">
    <ele>30.8</ele>
    <time>2023-12-10T08:36:20Z</time>
   </trkpt>
   <trkpt lat="51.5741030" lon="-0.0748220">
    <ele>30.8</ele>
    <time>2023-12-10T08:36:21Z</time>
   </trkpt>
   <trkpt lat="51.5740840" lon="-0.0747730">
    <ele>30.8</ele>
    <time>2023-12-10T08:36:22Z</time>
   </trkpt>
   <trkpt lat="51.5740350" lon="-0.0747500">
    <ele>30.9</ele>
    <time>2023-12-10T08:36:23Z</time>
   </trkpt>
   <trkpt lat="51.5740190" lon="-0.0747150">
    <ele>30.9</ele>
    <time>2023-12-10T08:36:24Z</time>
   </trkpt>
   <trkpt lat="51.5740050" lon="-0.0746730">
    <ele>31.0</ele>
    <time>2023-12-10T08:36:25Z</time>
   </trkpt>
   <trkpt lat="51.5740040" lon="-0.0746160">
    <ele>31.0</ele>
    <time>2023-12-10T08:36:26Z</time>
   </trkpt>
   <trkpt lat="51.5740150" lon="-0.0745530">
    <ele>31.1</ele>
    <time>2023-12-10T08:36:27Z</time>
   </trkpt>
   <trkpt lat="51.5740140" lon="-0.0744730">
    <ele>31.1</ele>
    <time>2023-12-10T08:36:28Z</time>
   </trkpt>
   <trkpt lat="51.5739940" lon="-0.0743850">
    <ele>31.2</ele>
    <time>2023-12-10T08:36:29Z</time>
   </trkpt>
   <trkpt lat="51.5739880" lon="-0.0743150">
    <ele>31.2</ele>
    <time>2023-12-10T08:36:30Z</time>
   </trkpt>
   <trkpt lat="51.5739780" lon="-0.0742460">
    <ele>31.3</ele>
    <time>2023-12-10T08:36:31Z</time>
   </trkpt>
   <trkpt lat="51.5739620" lon="-0.0742020">
    <ele>31.3</ele>
    <time>2023-12-10T08:36:32Z</time>
   </trkpt>
   <trkpt lat="51.5739640" lon="-0.0741380">
    <ele>31.4</ele>
    <time>2023-12-10T08:36:33Z</time>
   </trkpt>
   <trkpt lat="51.5739520" lon="-0.0740960">
    <ele>31.4</ele>
    <time>2023-12-10T08:36:34Z</time>
   </trkpt>
   <trkpt lat="51.5739370" lon="-0.0740550">
    <ele>31.5</ele>
    <time>2023-12-10T08:36:35Z</time>
   </trkpt>
   <trkpt lat="51.5739380" lon="-0.0739810">
    <ele>31.5</ele>
    <time>2023-12-10T08:36:36Z</time>
   </trkpt>
   <trkpt lat="51.5739160" lon="-0.0739380">
    <ele>31.6</ele>
    <time>2023-12-10T08:36:37Z</time>
   </trkpt>
   <trkpt lat="51.5739030" lon="-0.0738910">
    <ele>31.6</ele>
    <time>2023-12-10T08:36:38Z</time>
   </trkpt>
   <trkpt lat="51.5738990" lon="-0.0738180">
    <ele>31.6</ele>
    <time>2023-12-10T08:36:39Z</time>
   </trkpt>
   <trkpt lat="51.5738890" lon="-0.0737600">
    <ele>31.7</ele>
    <time>2023-12-10T08:36:40Z</time>
   </trkpt>
   <trkpt lat="51.5738570" lon="-0.0737110">
    <ele>31.7</ele>
    <time>2023-12-10T08:36:41Z</time>
   </trkpt>
   <trkpt lat="51.5738570" lon="-0.0736520">
    <ele>31.7</ele>
    <time>2023-12-10T08:36:42Z</time>
   </trkpt>
   <trkpt lat="51.5738570" lon="-0.0736010">
    <ele>31.7</ele>
    <time>2023-12-10T08:36:43Z</time>
   </trkpt>
   <trkpt lat="51.5738390" lon="-0.0735400">
    <ele>31.7</ele>
    <time>2023-12-10T08:36:44Z</time>
   </trkpt>
   <trkpt lat="51.5738320" lon="-0.0735140">
    <ele>31.7</ele>
    <time>2023-12-10T08:36:45Z</time>
   </trkpt>
   <trkpt lat="51.5738150" lon="-0.0734630">
    <ele>31.7</ele>
    <time>2023-12-10T08:36:46Z</time>
   </trkpt>
   <trkpt lat="51.5738150" lon="-0.0734100">
    <ele>31.8</ele>
    <time>2023-12-10T08:36:47Z</time>
   </trkpt>
   <trkpt lat="51.5738080" lon="-0.0733480">
    <ele>31.8</ele>
    <time>2023-12-10T08:36:48Z</time>
   </trkpt>
   <trkpt lat="51.5738080" lon="-0.0733000">
    <ele>31.8</ele>
    <time>2023-12-10T08:36:49Z</time>
   </trkpt>
   <trkpt lat="51.5737930" lon="-0.0732470">
    <ele>31.8</ele>
    <time>2023-12-10T08:36:50Z</time>
   </trkpt>
   <trkpt lat="51.5737750" lon="-0.0732080">
    <ele>31.8</ele>
    <time>2023-12-10T08:36:51Z</time>
   </trkpt>
   <trkpt lat="51.5737680" lon="-0.0731580">
    <ele>31.8</ele>
    <time>2023-12-10T08:36:52Z</time>
   </trkpt>
   <trkpt lat="51.5737520" lon="-0.0730990">
    <ele>31.8</ele>
    <time>2023-12-10T08:36:53Z</time>
   </trkpt>
   <trkpt lat="51.5737380" lon="-0.0730450">
    <ele>31.8</ele>
    <time>2023-12-10T08:36:54Z</time>
   </trkpt>
   <trkpt lat="51.5737310" lon="-0.0729950">
    <ele>31.8</ele>
    <time>2023-12-10T08:36:55Z</time>
   </trkpt>
   <trkpt lat="51.5737150" lon="-0.0729440">
    <ele>31.8</ele>
    <time>2023-12-10T08:36:56Z</time>
   </trkpt>
   <trkpt lat="51.5736990" lon="-0.0728890">
    <ele>31.7</ele>
    <time>2023-12-10T08:36:57Z</time>
   </trkpt>
   <trkpt lat="51.5736960" lon="-0.0728200">
    <ele>31.6</ele>
    <time>2023-12-10T08:36:58Z</time>
   </trkpt>
   <trkpt lat="51.5736950" lon="-0.0727430">
    <ele>31.4</ele>
    <time>2023-12-10T08:36:59Z</time>
   </trkpt>
   <trkpt lat="51.5737040" lon="-0.0726870">
    <ele>31.3</ele>
    <time>2023-12-10T08:37:00Z</time>
   </trkpt>
   <trkpt lat="51.5737190" lon="-0.0726400">
    <ele>31.1</ele>
    <time>2023-12-10T08:37:01Z</time>
   </trkpt>
   <trkpt lat="51.5737380" lon="-0.0726050">
    <ele>31.0</ele>
    <time>2023-12-10T08:37:02Z</time>
   </trkpt>
   <trkpt lat="51.5737720" lon="-0.0725610">
    <ele>30.8</ele>
    <time>2023-12-10T08:37:03Z</time>
   </trkpt>
   <trkpt lat="51.5738060" lon="-0.0725540">
    <ele>30.6</ele>
    <time>2023-12-10T08:37:04Z</time>
   </trkpt>
   <trkpt lat="51.5738470" lon="-0.0725460">
    <ele>30.4</ele>
    <time>2023-12-10T08:37:05Z</time>
   </trkpt>
   <trkpt lat="51.5738850" lon="-0.0725430">
    <ele>30.3</ele>
    <time>2023-12-10T08:37:06Z</time>
   </trkpt>
   <trkpt lat="51.5739160" lon="-0.0725260">
    <ele>30.1</ele>
    <time>2023-12-10T08:37:07Z</time>
   </trkpt>
   <trkpt lat="51.5739450" lon="-0.0725230">
    <ele>30.0</ele>
    <time>2023-12-10T08:37:08Z</time>
   </trkpt>
   <trkpt lat="51.5739870" lon="-0.0725020">
    <ele>29.8</ele>
    <time>2023-12-10T08:37:09Z</time>
   </trkpt>
   <trkpt lat="51.5740220" lon="-0.0725010">
    <ele>29.6</ele>
    <time>2023-12-10T08:37:10Z</time>
   </trkpt>
   <trkpt lat="51.5740530" lon="-0.0725130">
    <ele>29.5</ele>
    <time>2023-12-10T08:37:11Z</time>
   </trkpt>
   <trkpt lat="51.5740850" lon="-0.0725150">
    <ele>29.4</ele>
    <time>2023-12-10T08:37:12Z</time>
   </trkpt>
   <trkpt lat="51.5741180" lon="-0.0724990">
    <ele>29.3</ele>
    <time>2023-12-10T08:37:13Z</time>
   </trkpt>
   <trkpt lat="51.5741580" lon="-0.0724960">
    <ele>29.1</ele>
    <time>2023-12-10T08:37:14Z</time>
   </trkpt>
   <trkpt lat="51.5742070" lon="-0.0725000">
    <ele>29.0</ele>
    <time>2023-12-10T08:37:15Z</time>
   </trkpt>
   <trkpt lat="51.5742470" lon="-0.0725020">
    <ele>28.9</ele>
    <time>2023-12-10T08:37:16Z</time>
   </trkpt>
   <trkpt lat="51.5742830" lon="-0.0724910">
    <ele>28.8</ele>
    <time>2023-12-10T08:37:17Z</time>
   </trkpt>
   <trkpt lat="51.5743190" lon="-0.0724740">
    <ele>28.7</ele>
    <time>2023-12-10T08:37:18Z</time>
   </trkpt>
   <trkpt lat="51.5743560" lon="-0.0724700">
    <ele>28.6</ele>
    <time>2023-12-10T08:37:19Z</time>
   </trkpt>
   <trkpt lat="51.5743910" lon="-0.0724620">
    <ele>28.5</ele>
    <time>2023-12-10T08:37:20Z</time>
   </trkpt>
   <trkpt lat="51.5744200" lon="-0.0724670">
    <ele>28.5</ele>
    <time>2023-12-10T08:37:21Z</time>
   </trkpt>
   <trkpt lat="51.5744490" lon="-0.0724330">
    <ele>28.4</ele>
    <time>2023-12-10T08:37:22Z</time>
   </trkpt>
   <trkpt lat="51.5744570" lon="-0.0724120">
    <ele>28.3</ele>
    <time>2023-12-10T08:37:23Z</time>
   </trkpt>
   <trkpt lat="51.5744620" lon="-0.0723610">
    <ele>28.2</ele>
    <time>2023-12-10T08:37:24Z</time>
   </trkpt>
   <trkpt lat="51.5744470" lon="-0.0722970">
    <ele>28.1</ele>
    <time>2023-12-10T08:37:25Z</time>
   </trkpt>
   <trkpt lat="51.5744410" lon="-0.0722730">
    <ele>28.1</ele>
    <time>2023-12-10T08:37:26Z</time>
   </trkpt>
   <trkpt lat="51.5744150" lon="-0.0722470">
    <ele>28.0</ele>
    <time>2023-12-10T08:37:27Z</time>
   </trkpt>
   <trkpt lat="51.5743840" lon="-0.0722160">
    <ele>27.9</ele>
    <time>2023-12-10T08:37:28Z</time>
   </trkpt>
   <trkpt lat="51.5743570" lon="-0.0721770">
    <ele>28.0</ele>
    <time>2023-12-10T08:37:29Z</time>
   </trkpt>
   <trkpt lat="51.5743190" lon="-0.0721760">
    <ele>28.2</ele>
    <time>2023-12-10T08:37:30Z</time>
   </trkpt>
   <trkpt lat="51.5742940" lon="-0.0721880">
    <ele>28.3</ele>
    <time>2023-12-10T08:37:31Z</time>
   </trkpt>
   <trkpt lat="51.5742800" lon="-0.0721910">
    <ele>28.4</ele>
    <time>2023-12-10T08:37:32Z</time>
   </trkpt>
   <trkpt lat="51.5742600" lon="-0.0721800">
    <ele>28.5</ele>
    <time>2023-12-10T08:37:33Z</time>
   </trkpt>
   <trkpt lat="51.5742630" lon="-0.0721510">
    <ele>28.6</ele>
    <time>2023-12-10T08:37:34Z</time>
   </trkpt>
   <trkpt lat="51.5742330" lon="-0.0721500">
    <ele>28.8</ele>
    <time>2023-12-10T08:37:35Z</time>
   </trkpt>
   <trkpt lat="51.5742190" lon="-0.0721510">
    <ele>28.8</ele>
    <time>2023-12-10T08:37:36Z</time>
   </trkpt>
   <trkpt lat="51.5741790" lon="-0.0721440">
    <ele>29.0</ele>
    <time>2023-12-10T08:37:37Z</time>
   </trkpt>
   <trkpt lat="51.5741370" lon="-0.0721460">
    <ele>29.2</ele>
    <time>2023-12-10T08:37:38Z</time>
   </trkpt>
   <trkpt lat="51.5740910" lon="-0.0721520">
    <ele>29.3</ele>
    <time>2023-12-10T08:37:39Z</time>
   </trkpt>
   <trkpt lat="51.5740600" lon="-0.0721630">
    <ele>29.4</ele>
    <time>2023-12-10T08:37:40Z</time>
   </trkpt>
   <trkpt lat="51.5740200" lon="-0.0721800">
    <ele>29.6</ele>
    <time>2023-12-10T08:37:41Z</time>
   </trkpt>
   <trkpt lat="51.5739830" lon="-0.0721990">
    <ele>29.7</ele>
    <time>2023-12-10T08:37:42Z</time>
   </trkpt>
   <trkpt lat="51.5739670" lon="-0.0722480">
    <ele>29.9</ele>
    <time>2023-12-10T08:37:43Z</time>
   </trkpt>
   <trkpt lat="51.5739360" lon="-0.0722730">
    <ele>30.0</ele>
    <time>2023-12-10T08:37:44Z</time>
   </trkpt>
   <trkpt lat="51.5739020" lon="-0.0722960">
    <ele>30.1</ele>
    <time>2023-12-10T08:37:45Z</time>
   </trkpt>
   <trkpt lat="51.5738790" lon="-0.0723400">
    <ele>30.3</ele>
    <time>2023-12-10T08:37:46Z</time>
   </trkpt>
   <trkpt lat="51.5738440" lon="-0.0723610">
    <ele>30.4</ele>
    <time>2023-12-10T08:37:47Z</time>
   </trkpt>
   <trkpt lat="51.5737990" lon="-0.0723430">
    <ele>30.6</ele>
    <time>2023-12-10T08:37:48Z</time>
   </trkpt>
   <trkpt lat="51.5737520" lon="-0.0722570">
    <ele>30.7</ele>
    <time>2023-12-10T08:37:49Z</time>
   </trkpt>
   <trkpt lat="51.5737150" lon="-0.0722380">
    <ele>30.7</ele>
    <time>2023-12-10T08:37:50Z</time>
   </trkpt>
   <trkpt lat="51.5736660" lon="-0.0722110">
    <ele>30.8</ele>
    <time>2023-12-10T08:37:51Z</time>
   </trkpt>
   <trkpt lat="51.5736370" lon="-0.0721890">
    <ele>30.8</ele>
    <time>2023-12-10T08:37:52Z</time>
   </trkpt>
   <trkpt lat="51.5736020" lon="-0.0721580">
    <ele>30.9</ele>
    <time>2023-12-10T08:37:53Z</time>
   </trkpt>
   <trkpt lat="51.5735660" lon="-0.0720940">
    <ele>31.1</ele>
    <time>2023-12-10T08:37:54Z</time>
   </trkpt>
   <trkpt lat="51.5735420" lon="-0.0720510">
    <ele>31.2</ele>
    <time>2023-12-10T08:37:55Z</time>
   </trkpt>
   <trkpt lat="51.5735080" lon="-0.0720480">
    <ele>31.3</ele>
    <time>2023-12-10T08:37:56Z</time>
   </trkpt>
   <trkpt lat="51.5734820" lon="-0.0720200">
    <ele>31.5</ele>
    <time>2023-12-10T08:37:57Z</time>
   </trkpt>
   <trkpt lat="51.5734500" lon="-0.0719900">
    <ele>31.6</ele>
    <time>2023-12-10T08:37:58Z</time>
   </trkpt>
   <trkpt lat="51.5734400" lon="-0.0719270">
    <ele>31.7</ele>
    <time>2023-12-10T08:37:59Z</time>
   </trkpt>
   <trkpt lat="51.5734170" lon="-0.0718500">
    <ele>31.9</ele>
    <time>2023-12-10T08:38:00Z</time>
   </trkpt>
   <trkpt lat="51.5733950" lon="-0.0718030">
    <ele>32.1</ele>
    <time>2023-12-10T08:38:01Z</time>
   </trkpt>
   <trkpt lat="51.5733730" lon="-0.0717590">
    <ele>32.2</ele>
    <time>2023-12-10T08:38:02Z</time>
   </trkpt>
   <trkpt lat="51.5733600" lon="-0.0717130">
    <ele>32.3</ele>
    <time>2023-12-10T08:38:03Z</time>
   </trkpt>
   <trkpt lat="51.5733450" lon="-0.0716640">
    <ele>32.4</ele>
    <time>2023-12-10T08:38:04Z</time>
   </trkpt>
   <trkpt lat="51.5733340" lon="-0.0716040">
    <ele>32.4</ele>
    <time>2023-12-10T08:38:05Z</time>
   </trkpt>
   <trkpt lat="51.5733220" lon="-0.0715480">
    <ele>32.5</ele>
    <time>2023-12-10T08:38:06Z</time>
   </trkpt>
   <trkpt lat="51.5732930" lon="-0.0715150">
    <ele>32.5</ele>
    <time>2023-12-10T08:38:07Z</time>
   </trkpt>
   <trkpt lat="51.5732780" lon="-0.0714460">
    <ele>32.5</ele>
    <time>2023-12-10T08:38:08Z</time>
   </trkpt>
   <trkpt lat="51.5732660" lon="-0.0713860">
    <ele>32.5</ele>
    <time>2023-12-10T08:38:09Z</time>
   </trkpt>
   <trkpt lat="51.5732510" lon="-0.0713410">
    <ele>32.6</ele>
    <time>2023-12-10T08:38:10Z</time>
   </trkpt>
   <trkpt lat="51.5732310" lon="-0.0713100">
    <ele>32.6</ele>
    <time>2023-12-10T08:38:11Z</time>
   </trkpt>
   <trkpt lat="51.5732170" lon="-0.0712470">
    <ele>32.6</ele>
    <time>2023-12-10T08:38:12Z</time>
   </trkpt>
   <trkpt lat="51.5731910" lon="-0.0711970">
    <ele>32.7</ele>
    <time>2023-12-10T08:38:13Z</time>
   </trkpt>
   <trkpt lat="51.5731700" lon="-0.0711520">
    <ele>32.7</ele>
    <time>2023-12-10T08:38:14Z</time>
   </trkpt>
   <trkpt lat="51.5731600" lon="-0.0711020">
    <ele>32.7</ele>
    <time>2023-12-10T08:38:15Z</time>
   </trkpt>
   <trkpt lat="51.5731200" lon="-0.0711030">
    <ele>32.8</ele>
    <time>2023-12-10T08:38:16Z</time>
   </trkpt>
   <trkpt lat="51.5730920" lon="-0.0710720">
    <ele>32.8</ele>
    <time>2023-12-10T08:38:17Z</time>
   </trkpt>
   <trkpt lat="51.5730700" lon="-0.0710250">
    <ele>32.8</ele>
    <time>2023-12-10T08:38:18Z</time>
   </trkpt>
   <trkpt lat="51.5730620" lon="-0.0709530">
    <ele>32.8</ele>
    <time>2023-12-10T08:38:19Z</time>
   </trkpt>
   <trkpt lat="51.5730660" lon="-0.0708940">
    <ele>32.8</ele>
    <time>2023-12-10T08:38:20Z</time>
   </trkpt>
   <trkpt lat="51.5730590" lon="-0.0708310">
    <ele>32.8</ele>
    <time>2023-12-10T08:38:21Z</time>
   </trkpt>
   <trkpt lat="51.5730360" lon="-0.0707980">
    <ele>32.8</ele>
    <time>2023-12-10T08:38:22Z</time>
   </trkpt>
   <trkpt lat="51.5730100" lon="-0.0707530">
    <ele>32.9</ele>
    <time>2023-12-10T08:38:23Z</time>
   </trkpt>
   <trkpt lat="51.5729850" lon="-0.0706890">
    <ele>32.9</ele>
    <time>2023-12-10T08:38:24Z</time>
   </trkpt>
   <trkpt lat="51.5729550" lon="-0.0706460">
    <ele>32.9</ele>
    <time>2023-12-10T08:38:25Z</time>
   </trkpt>
   <trkpt lat="51.5729380" lon="-0.0705680">
    <ele>32.9</ele>
    <time>2023-12-10T08:38:26Z</time>
   </trkpt>
   <trkpt lat="51.5729250" lon="-0.0705130">
    <ele>32.9</ele>
    <time>2023-12-10T08:38:27Z</time>
   </trkpt>
   <trkpt lat="51.5729110" lon="-0.0704550">
    <ele>32.9</ele>
    <time>2023-12-10T08:38:28Z</time>
   </trkpt>
   <trkpt lat="51.5729010" lon="-0.0704040">
    <ele>32.9</ele>
    <time>2023-12-10T08:38:29Z</time>
   </trkpt>
   <trkpt lat="51.5728900" lon="-0.0703540">
    <ele>32.9</ele>
    <time>2023-12-10T08:38:30Z</time>
   </trkpt>
   <trkpt lat="51.5728800" lon="-0.0703000">
    <ele>32.9</ele>
    <time>2023-12-10T08:38:31Z</time>
   </trkpt>
   <trkpt lat="51.5728660" lon="-0.0702540">
    <ele>32.9</ele>
    <time>2023-12-10T08:38:32Z</time>
   </trkpt>
   <trkpt lat="51.5728580" lon="-0.0702070">
    <ele>32.9</ele>
    <time>2023-12-10T08:38:33Z</time>
   </trkpt>
   <trkpt lat="51.5728360" lon="-0.0701660">
    <ele>32.9</ele>
    <time>2023-12-10T08:38:34Z</time>
   </trkpt>
   <trkpt lat="51.5728270" lon="-0.0701060">
    <ele>32.9</ele>
    <time>2023-12-10T08:38:35Z</time>
   </trkpt>
   <trkpt lat="51.5728150" lon="-0.0700620">
    <ele>32.9</ele>
    <time>2023-12-10T08:38:36Z</time>
   </trkpt>
   <trkpt lat="51.5727890" lon="-0.0700030">
    <ele>32.9</ele>
    <time>2023-12-10T08:38:37Z</time>
   </trkpt>
   <trkpt lat="51.5727740" lon="-0.0699430">
    <ele>32.9</ele>
    <time>2023-12-10T08:38:38Z</time>
   </trkpt>
   <trkpt lat="51.5727640" lon="-0.0698640">
    <ele>32.9</ele>
    <time>2023-12-10T08:38:39Z</time>
   </trkpt>
   <trkpt lat="51.5727530" lon="-0.0698190">
    <ele>32.9</ele>
    <time>2023-12-10T08:38:40Z</time>
   </trkpt>
   <trkpt lat="51.5727410" lon="-0.0697720">
    <ele>32.9</ele>
    <time>2023-12-10T08:38:41Z</time>
   </trkpt>
   <trkpt lat="51.5727260" lon="-0.0697200">
    <ele>32.8</ele>
    <time>2023-12-10T08:38:42Z</time>
   </trkpt>
   <trkpt lat="51.5727080" lon="-0.0696620">
    <ele>32.8</ele>
    <time>2023-12-10T08:38:43Z</time>
   </trkpt>
   <trkpt lat="51.5727020" lon="-0.0695980">
    <ele>32.8</ele>
    <time>2023-12-10T08:38:44Z</time>
   </trkpt>
   <trkpt lat="51.5727020" lon="-0.0695370">
    <ele>32.8</ele>
    <time>2023-12-10T08:38:45Z</time>
   </trkpt>
   <trkpt lat="51.5726920" lon="-0.0694790">
    <ele>32.8</ele>
    <time>2023-12-10T08:38:46Z</time>
   </trkpt>
   <trkpt lat="51.5726810" lon="-0.0694200">
    <ele>32.8</ele>
    <time>2023-12-10T08:38:47Z</time>
   </trkpt>
   <trkpt lat="51.5726650" lon="-0.0693560">
    <ele>32.8</ele>
    <time>2023-12-10T08:38:48Z</time>
   </trkpt>
   <trkpt lat="51.5726600" lon="-0.0693080">
    <ele>32.7</ele>
    <time>2023-12-10T08:38:49Z</time>
   </trkpt>
   <trkpt lat="51.5726480" lon="-0.0692540">
    <ele>32.7</ele>
    <time>2023-12-10T08:38:50Z</time>
   </trkpt>
   <trkpt lat="51.5726370" lon="-0.0692000">
    <ele>32.7</ele>
    <time>2023-12-10T08:38:51Z</time>
   </trkpt>
   <trkpt lat="51.5726290" lon="-0.0691430">
    <ele>32.7</ele>
    <time>2023-12-10T08:38:52Z</time>
   </trkpt>
   <trkpt lat="51.5726270" lon="-0.0690870">
    <ele>32.7</ele>
    <time>2023-12-10T08:38:53Z</time>
   </trkpt>
   <trkpt lat="51.5726200" lon="-0.0690350">
    <ele>32.7</ele>
    <time>2023-12-10T08:38:54Z</time>
   </trkpt>
   <trkpt lat="51.5726130" lon="-0.0689720">
    <ele>32.6</ele>
    <time>2023-12-10T08:38:55Z</time>
   </trkpt>
   <trkpt lat="51.5726150" lon="-0.0689140">
    <ele>32.6</ele>
    <time>2023-12-10T08:38:56Z</time>
   </trkpt>
   <trkpt lat="51.5726000" lon="-0.0688540">
    <ele>32.6</ele>
    <time>2023-12-10T08:38:57Z</time>
   </trkpt>
   <trkpt lat="51.5725930" lon="-0.0687880">
    <ele>32.6</ele>
    <time>2023-12-10T08:38:58Z</time>
   </trkpt>
   <trkpt lat="51.5725920" lon="-0.0687150">
    <ele>32.5</ele>
    <time>2023-12-10T08:38:59Z</time>
   </trkpt>
   <trkpt lat="51.5725940" lon="-0.0686490">
    <ele>32.5</ele>
    <time>2023-12-10T08:39:00Z</time>
   </trkpt>
   <trkpt lat="51.5725850" lon="-0.0685990">
    <ele>32.5</ele>
    <time>2023-12-10T08:39:01Z</time>
   </trkpt>
   <trkpt lat="51.5725780" lon="-0.0685540">
    <ele>32.5</ele>
    <time>2023-12-10T08:39:02Z</time>
   </trkpt>
   <trkpt lat="51.5725730" lon="-0.0685050">
    <ele>32.4</ele>
    <time>2023-12-10T08:39:03Z</time>
   </trkpt>
   <trkpt lat="51.5725600" lon="-0.0684580">
    <ele>32.4</ele>
    <time>2023-12-10T08:39:04Z</time>
   </trkpt>
   <trkpt lat="51.5725440" lon="-0.0684100">
    <ele>32.4</ele>
    <time>2023-12-10T08:39:05Z</time>
   </trkpt>
   <trkpt lat="51.5725380" lon="-0.0683470">
    <ele>32.4</ele>
    <time>2023-12-10T08:39:06Z</time>
   </trkpt>
   <trkpt lat="51.5725410" lon="-0.0682940">
    <ele>32.4</ele>
    <time>2023-12-10T08:39:07Z</time>
   </trkpt>
   <trkpt lat="51.5725560" lon="-0.0682210">
    <ele>32.3</ele>
    <time>2023-12-10T08:39:08Z</time>
   </trkpt>
   <trkpt lat="51.5725410" lon="-0.0681780">
    <ele>32.3</ele>
    <time>2023-12-10T08:39:09Z</time>
   </trkpt>
   <trkpt lat="51.5725230" lon="-0.0681320">
    <ele>32.3</ele>
    <time>2023-12-10T08:39:10Z</time>
   </trkpt>
   <trkpt lat="51.5724940" lon="-0.0680780">
    <ele>32.3</ele>
    <time>2023-12-10T08:39:11Z</time>
   </trkpt>
   <trkpt lat="51.5724790" lon="-0.0680590">
    <ele>32.3</ele>
    <time>2023-12-10T08:39:12Z</time>
   </trkpt>
   <trkpt lat="51.5724600" lon="-0.0680040">
    <ele>32.3</ele>
    <time>2023-12-10T08:39:13Z</time>
   </trkpt>
   <trkpt lat="51.5724560" lon="-0.0679780">
    <ele>32.3</ele>
    <time>2023-12-10T08:39:14Z</time>
   </trkpt>
   <trkpt lat="51.5724540" lon="-0.0679240">
    <ele>32.3</ele>
    <time>2023-12-10T08:39:15Z</time>
   </trkpt>
   <trkpt lat="51.5724410" lon="-0.0678760">
    <ele>32.3</ele>
    <time>2023-12-10T08:39:16Z</time>
   </trkpt>
   <trkpt lat="51.5724260" lon="-0.0677950">
    <ele>32.3</ele>
    <time>2023-12-10T08:39:17Z</time>
   </trkpt>
   <trkpt lat="51.5724230" lon="-0.0677520">
    <ele>32.3</ele>
    <time>2023-12-10T08:39:18Z</time>
   </trkpt>
   <trkpt lat="51.5724230" lon="-0.0676870">
    <ele>32.3</ele>
    <time>2023-12-10T08:39:19Z</time>
   </trkpt>
   <trkpt lat="51.5724260" lon="-0.0676320">
    <ele>32.2</ele>
    <time>2023-12-10T08:39:20Z</time>
   </trkpt>
   <trkpt lat="51.5723930" lon="-0.0675600">
    <ele>32.2</ele>
    <time>2023-12-10T08:39:21Z</time>
   </trkpt>
   <trkpt lat="51.5723820" lon="-0.0675100">
    <ele>32.2</ele>
    <time>2023-12-10T08:39:22Z</time>
   </trkpt>
   <trkpt lat="51.5723570" lon="-0.0674560">
    <ele>32.2</ele>
    <time>2023-12-10T08:39:23Z</time>
   </trkpt>
   <trkpt lat="51.5723320" lon="-0.0674070">
    <ele>32.2</ele>
    <time>2023-12-10T08:39:24Z</time>
   </trkpt>
   <trkpt lat="51.5723120" lon="-0.0673760">
    <ele>32.2</ele>
    <time>2023-12-10T08:39:25Z</time>
   </trkpt>
   <trkpt lat="51.5722840" lon="-0.0673420">
    <ele>32.1</ele>
    <time>2023-12-10T08:39:26Z</time>
   </trkpt>
   <trkpt lat="51.5722520" lon="-0.0673120">
    <ele>32.1</ele>
    <time>2023-12-10T08:39:27Z</time>
   </trkpt>
   <trkpt lat="51.5722260" lon="-0.0672680">
    <ele>32.1</ele>
    <time>2023-12-10T08:39:28Z</time>
   </trkpt>
   <trkpt lat="51.5721950" lon="-0.0672350">
    <ele>32.1</ele>
    <time>2023-12-10T08:39:29Z</time>
   </trkpt>
   <trkpt lat="51.5721750" lon="-0.0671850">
    <ele>32.0</ele>
    <time>2023-12-10T08:39:30Z</time>
   </trkpt>
   <trkpt lat="51.5721330" lon="-0.0671380">
    <ele>32.0</ele>
    <time>2023-12-10T08:39:31Z</time>
   </trkpt>
   <trkpt lat="51.5720980" lon="-0.0670980">
    <ele>32.0</ele>
    <time>2023-12-10T08:39:32Z</time>
   </trkpt>
   <trkpt lat="51.5720840" lon="-0.0670790">
    <ele>32.0</ele>
    <time>2023-12-10T08:39:33Z</time>
   </trkpt>
   <trkpt lat="51.5720600" lon="-0.0670370">
    <ele>32.0</ele>
    <time>2023-12-10T08:39:34Z</time>
   </trkpt>
   <trkpt lat="51.5720380" lon="-0.0670100">
    <ele>31.9</ele>
    <time>2023-12-10T08:39:35Z</time>
   </trkpt>
   <trkpt lat="51.5720200" lon="-0.0669320">
    <ele>31.9</ele>
    <time>2023-12-10T08:39:36Z</time>
   </trkpt>
   <trkpt lat="51.5720150" lon="-0.0668380">
    <ele>31.7</ele>
    <time>2023-12-10T08:39:37Z</time>
   </trkpt>
   <trkpt lat="51.5719920" lon="-0.0667640">
    <ele>31.6</ele>
    <time>2023-12-10T08:39:38Z</time>
   </trkpt>
   <trkpt lat="51.5719640" lon="-0.0667030">
    <ele>31.6</ele>
    <time>2023-12-10T08:39:39Z</time>
   </trkpt>
   <trkpt lat="51.5719330" lon="-0.0666350">
    <ele>31.6</ele>
    <time>2023-12-10T08:39:40Z</time>
   </trkpt>
   <trkpt lat="51.5719110" lon="-0.0665810">
    <ele>31.6</ele>
    <time>2023-12-10T08:39:41Z</time>
   </trkpt>
   <trkpt lat="51.5718810" lon="-0.0665330">
    <ele>31.5</ele>
    <time>2023-12-10T08:39:42Z</time>
   </trkpt>
   <trkpt lat="51.5718620" lon="-0.0664770">
    <ele>31.5</ele>
    <time>2023-12-10T08:39:43Z</time>
   </trkpt>
   <trkpt lat="51.5718280" lon="-0.0664550">
    <ele>31.5</ele>
    <time>2023-12-10T08:39:44Z</time>
   </trkpt>
   <trkpt lat="51.5718140" lon="-0.0664450">
    <ele>31.5</ele>
    <time>2023-12-10T08:39:45Z</time>
   </trkpt>
   <trkpt lat="51.5717950" lon="-0.0664110">
    <ele>31.5</ele>
    <time>2023-12-10T08:39:46Z</time>
   </trkpt>
   <trkpt lat="51.5717760" lon="-0.0663690">
    <ele>31.5</ele>
    <time>2023-12-10T08:39:47Z</time>
   </trkpt>
   <trkpt lat="51.5717640" lon="-0.0663260">
    <ele>31.5</ele>
    <time>2023-12-10T08:39:48Z</time>
   </trkpt>
   <trkpt lat="51.5717440" lon="-0.0662840">
    <ele>31.5</ele>
    <time>2023-12-10T08:39:49Z</time>
   </trkpt>
   <trkpt lat="51.5717190" lon="-0.0662120">
    <ele>31.4</ele>
    <time>2023-12-10T08:39:50Z</time>
   </trkpt>
   <trkpt lat="51.5717000" lon="-0.0661550">
    <ele>31.4</ele>
    <time>2023-12-10T08:39:51Z</time>
   </trkpt>
   <trkpt lat="51.5716840" lon="-0.0660960">
    <ele>31.4</ele>
    <time>2023-12-10T08:39:52Z</time>
   </trkpt>
   <trkpt lat="51.5716600" lon="-0.0660470">
    <ele>31.4</ele>
    <time>2023-12-10T08:39:53Z</time>
   </trkpt>
   <trkpt lat="51.5716360" lon="-0.0659840">
    <ele>31.4</ele>
    <time>2023-12-10T08:39:54Z</time>
   </trkpt>
   <trkpt lat="51.5716130" lon="-0.0659180">
    <ele>31.3</ele>
    <time>2023-12-10T08:39:55Z</time>
   </trkpt>
   <trkpt lat="51.5715810" lon="-0.0658810">
    <ele>31.3</ele>
    <time>2023-12-10T08:39:56Z</time>
   </trkpt>
   <trkpt lat="51.5715620" lon="-0.0658390">
    <ele>31.3</ele>
    <time>2023-12-10T08:39:57Z</time>
   </trkpt>
   <trkpt lat="51.5715460" lon="-0.0657940">
    <ele>31.2</ele>
    <time>2023-12-10T08:39:58Z</time>
   </trkpt>
   <trkpt lat="51.5715120" lon="-0.0657530">
    <ele>31.2</ele>
    <time>2023-12-10T08:39:59Z</time>
   </trkpt>
   <trkpt lat="51.5714960" lon="-0.0657430">
    <ele>31.2</ele>
    <time>2023-12-10T08:40:00Z</time>
   </trkpt>
   <trkpt lat="51.5714620" lon="-0.0656980">
    <ele>31.2</ele>
    <time>2023-12-10T08:40:01Z</time>
   </trkpt>
   <trkpt lat="51.5714480" lon="-0.0656550">
    <ele>31.2</ele>
    <time>2023-12-10T08:40:02Z</time>
   </trkpt>
   <trkpt lat="51.5714370" lon="-0.0655990">
    <ele>31.2</ele>
    <time>2023-12-10T08:40:03Z</time>
   </trkpt>
   <trkpt lat="51.5714140" lon="-0.0655510">
    <ele>31.1</ele>
    <time>2023-12-10T08:40:04Z</time>
   </trkpt>
   <trkpt lat="51.5713800" lon="-0.0655050">
    <ele>31.1</ele>
    <time>2023-12-10T08:40:05Z</time>
   </trkpt>
   <trkpt lat="51.5713540" lon="-0.0654700">
    <ele>31.1</ele>
    <time>2023-12-10T08:40:06Z</time>
   </trkpt>
   <trkpt lat="51.5713290" lon="-0.0654330">
    <ele>31.0</ele>
    <time>2023-12-10T08:40:07Z</time>
   </trkpt>
   <trkpt lat="51.5712970" lon="-0.0653880">
    <ele>31.0</ele>
    <time>2023-12-10T08:40:08Z</time>
   </trkpt>
   <trkpt lat="51.5712770" lon="-0.0653410">
    <ele>30.9</ele>
    <time>2023-12-10T08:40:09Z</time>
   </trkpt>
   <trkpt lat="51.5712560" lon="-0.0652740">
    <ele>30.9</ele>
    <time>2023-12-10T08:40:10Z</time>
   </trkpt>
   <trkpt lat="51.5712330" lon="-0.0652330">
    <ele>30.8</ele>
    <time>2023-12-10T08:40:11Z</time>
   </trkpt>
   <trkpt lat="51.5712160" lon="-0.0651900">
    <ele>30.8</ele>
    <time>2023-12-10T08:40:12Z</time>
   </trkpt>
   <trkpt lat="51.5712010" lon="-0.0651410">
    <ele>30.7</ele>
    <time>2023-12-10T08:40:13Z</time>
   </trkpt>
   <trkpt lat="51.5711870" lon="-0.0650930">
    <ele>30.7</ele>
    <time>2023-12-10T08:40:14Z</time>
   </trkpt>
   <trkpt lat="51.5711700" lon="-0.0650380">
    <ele>30.6</ele>
    <time>2023-12-10T08:40:15Z</time>
   </trkpt>
   <trkpt lat="51.5711330" lon="-0.0650000">
    <ele>30.5</ele>
    <time>2023-12-10T08:40:16Z</time>
   </trkpt>
   <trkpt lat="51.5711150" lon="-0.0649360">
    <ele>30.5</ele>
    <time>2023-12-10T08:40:17Z</time>
   </trkpt>
   <trkpt lat="51.5710890" lon="-0.0648900">
    <ele>30.4</ele>
    <time>2023-12-10T08:40:18Z</time>
   </trkpt>
   <trkpt lat="51.5710670" lon="-0.0648180">
    <ele>30.3</ele>
    <time>2023-12-10T08:40:19Z</time>
   </trkpt>
   <trkpt lat="51.5710380" lon="-0.0647620">
    <ele>30.2</ele>
    <time>2023-12-10T08:40:20Z</time>
   </trkpt>
   <trkpt lat="51.5710220" lon="-0.0647150">
    <ele>30.1</ele>
    <time>2023-12-10T08:40:21Z</time>
   </trkpt>
   <trkpt lat="51.5710210" lon="-0.0646700">
    <ele>30.1</ele>
    <time>2023-12-10T08:40:22Z</time>
   </trkpt>
   <trkpt lat="51.5710210" lon="-0.0646230">
    <ele>30.0</ele>
    <time>2023-12-10T08:40:23Z</time>
   </trkpt>
   <trkpt lat="51.5710140" lon="-0.0645750">
    <ele>29.9</ele>
    <time>2023-12-10T08:40:24Z</time>
   </trkpt>
   <trkpt lat="51.5710090" lon="-0.0645050">
    <ele>29.8</ele>
    <time>2023-12-10T08:40:25Z</time>
   </trkpt>
   <trkpt lat="51.5710080" lon="-0.0644490">
    <ele>29.7</ele>
    <time>2023-12-10T08:40:26Z</time>
   </trkpt>
   <trkpt lat="51.5709940" lon="-0.0644050">
    <ele>29.7</ele>
    <time>2023-12-10T08:40:27Z</time>
   </trkpt>
   <trkpt lat="51.5709810" lon="-0.0643590">
    <ele>29.6</ele>
    <time>2023-12-10T08:40:28Z</time>
   </trkpt>
   <trkpt lat="51.5709850" lon="-0.0643080">
    <ele>29.5</ele>
    <time>2023-12-10T08:40:29Z</time>
   </trkpt>
   <trkpt lat="51.5709880" lon="-0.0642850">
    <ele>29.5</ele>
    <time>2023-12-10T08:40:30Z</time>
   </trkpt>
   <trkpt lat="51.5709620" lon="-0.0642150">
    <ele>29.3</ele>
    <time>2023-12-10T08:40:31Z</time>
   </trkpt>
   <trkpt lat="51.5709590" lon="-0.0641630">
    <ele>29.2</ele>
    <time>2023-12-10T08:40:32Z</time>
   </trkpt>
   <trkpt lat="51.5709610" lon="-0.0641000">
    <ele>29.1</ele>
    <time>2023-12-10T08:40:33Z</time>
   </trkpt>
   <trkpt lat="51.5709600" lon="-0.0640180">
    <ele>29.0</ele>
    <time>2023-12-10T08:40:34Z</time>
   </trkpt>
   <trkpt lat="51.5709650" lon="-0.0639720">
    <ele>28.9</ele>
    <time>2023-12-10T08:40:35Z</time>
   </trkpt>
   <trkpt lat="51.5709570" lon="-0.0639110">
    <ele>28.8</ele>
    <time>2023-12-10T08:40:36Z</time>
   </trkpt>
   <trkpt lat="51.5709540" lon="-0.0638920">
    <ele>28.7</ele>
    <time>2023-12-10T08:40:37Z</time>
   </trkpt>
   <trkpt lat="51.5709530" lon="-0.0638460">
    <ele>28.7</ele>
    <time>2023-12-10T08:40:38Z</time>
   </trkpt>
   <trkpt lat="51.5709360" lon="-0.0637820">
    <ele>28.5</ele>
    <time>2023-12-10T08:40:39Z</time>
   </trkpt>
   <trkpt lat="51.5709450" lon="-0.0637080">
    <ele>28.4</ele>
    <time>2023-12-10T08:40:40Z</time>
   </trkpt>
   <trkpt lat="51.5709370" lon="-0.0636330">
    <ele>28.3</ele>
    <time>2023-12-10T08:40:41Z</time>
   </trkpt>
   <trkpt lat="51.5709400" lon="-0.0635820">
    <ele>28.2</ele>
    <time>2023-12-10T08:40:42Z</time>
   </trkpt>
   <trkpt lat="51.5709700" lon="-0.0634960">
    <ele>27.8</ele>
    <time>2023-12-10T08:40:43Z</time>
   </trkpt>
   <trkpt lat="51.5709920" lon="-0.0634310">
    <ele>27.6</ele>
    <time>2023-12-10T08:40:44Z</time>
   </trkpt>
   <trkpt lat="51.5710120" lon="-0.0633530">
    <ele>27.2</ele>
    <time>2023-12-10T08:40:45Z</time>
   </trkpt>
   <trkpt lat="51.5710490" lon="-0.0632780">
    <ele>26.8</ele>
    <time>2023-12-10T08:40:46Z</time>
   </trkpt>
   <trkpt lat="51.5710780" lon="-0.0632270">
    <ele>26.6</ele>
    <time>2023-12-10T08:40:47Z</time>
   </trkpt>
   <trkpt lat="51.5711020" lon="-0.0631420">
    <ele>26.2</ele>
    <time>2023-12-10T08:40:48Z</time>
   </trkpt>
   <trkpt lat="51.5711170" lon="-0.0630990">
    <ele>25.9</ele>
    <time>2023-12-10T08:40:49Z</time>
   </trkpt>
   <trkpt lat="51.5711220" lon="-0.0630910">
    <ele>25.9</ele>
    <time>2023-12-10T08:40:50Z</time>
   </trkpt>
   <trkpt lat="51.5711540" lon="-0.0630180">
    <ele>25.5</ele>
    <time>2023-12-10T08:40:51Z</time>
   </trkpt>
   <trkpt lat="51.5711750" lon="-0.0629650">
    <ele>25.2</ele>
    <time>2023-12-10T08:40:52Z</time>
   </trkpt>
   <trkpt lat="51.5712000" lon="-0.0629140">
    <ele>24.9</ele>
    <time>2023-12-10T08:40:53Z</time>
   </trkpt>
   <trkpt lat="51.5712240" lon="-0.0628540">
    <ele>24.6</ele>
    <time>2023-12-10T08:40:54Z</time>
   </trkpt>
   <trkpt lat="51.5712500" lon="-0.0628040">
    <ele>24.3</ele>
    <time>2023-12-10T08:40:55Z</time>
   </trkpt>
   <trkpt lat="51.5712750" lon="-0.0627630">
    <ele>24.1</ele>
    <time>2023-12-10T08:40:56Z</time>
   </trkpt>
   <trkpt lat="51.5713070" lon="-0.0627290">
    <ele>24.0</ele>
    <time>2023-12-10T08:40:57Z</time>
   </trkpt>
   <trkpt lat="51.5713300" lon="-0.0627010">
    <ele>23.9</ele>
    <time>2023-12-10T08:40:58Z</time>
   </trkpt>
   <trkpt lat="51.5713470" lon="-0.0626650">
    <ele>23.6</ele>
    <time>2023-12-10T08:40:59Z</time>
   </trkpt>
   <trkpt lat="51.5713710" lon="-0.0626030">
    <ele>23.2</ele>
    <time>2023-12-10T08:41:00Z</time>
   </trkpt>
   <trkpt lat="51.5714040" lon="-0.0625390">
    <ele>22.6</ele>
    <time>2023-12-10T08:41:01Z</time>
   </trkpt>
   <trkpt lat="51.5714220" lon="-0.0624870">
    <ele>22.2</ele>
    <time>2023-12-10T08:41:02Z</time>
   </trkpt>
   <trkpt lat="51.5714490" lon="-0.0624340">
    <ele>21.7</ele>
    <time>2023-12-10T08:41:03Z</time>
   </trkpt>
   <trkpt lat="51.5714680" lon="-0.0623910">
    <ele>21.4</ele>
    <time>2023-12-10T08:41:04Z</time>
   </trkpt>
   <trkpt lat="51.5714990" lon="-0.0623410">
    <ele>20.8</ele>
    <time>2023-12-10T08:41:05Z</time>
   </trkpt>
   <trkpt lat="51.5715160" lon="-0.0622750">
    <ele>20.3</ele>
    <time>2023-12-10T08:41:06Z</time>
   </trkpt>
   <trkpt lat="51.5715470" lon="-0.0622080">
    <ele>19.7</ele>
    <time>2023-12-10T08:41:07Z</time>
   </trkpt>
   <trkpt lat="51.5715650" lon="-0.0621480">
    <ele>19.2</ele>
    <time>2023-12-10T08:41:08Z</time>
   </trkpt>
   <trkpt lat="51.5715720" lon="-0.0621060">
    <ele>18.9</ele>
    <time>2023-12-10T08:41:09Z</time>
   </trkpt>
   <trkpt lat="51.5715960" lon="-0.0620500">
    <ele>18.4</ele>
    <time>2023-12-10T08:41:10Z</time>
   </trkpt>
   <trkpt lat="51.5716230" lon="-0.0620070">
    <ele>18.0</ele>
    <time>2023-12-10T08:41:11Z</time>
   </trkpt>
   <trkpt lat="51.5716530" lon="-0.0619590">
    <ele>17.5</ele>
    <time>2023-12-10T08:41:12Z</time>
   </trkpt>
   <trkpt lat="51.5716800" lon="-0.0618980">
    <ele>17.0</ele>
    <time>2023-12-10T08:41:13Z</time>
   </trkpt>
   <trkpt lat="51.5716890" lon="-0.0618590">
    <ele>16.8</ele>
    <time>2023-12-10T08:41:14Z</time>
   </trkpt>
   <trkpt lat="51.5717070" lon="-0.0617850">
    <ele>16.3</ele>
    <time>2023-12-10T08:41:15Z</time>
   </trkpt>
   <trkpt lat="51.5717360" lon="-0.0617180">
    <ele>15.7</ele>
    <time>2023-12-10T08:41:16Z</time>
   </trkpt>
   <trkpt lat="51.5717660" lon="-0.0616660">
    <ele>15.3</ele>
    <time>2023-12-10T08:41:17Z</time>
   </trkpt>
   <trkpt lat="51.5717820" lon="-0.0616060">
    <ele>14.9</ele>
    <time>2023-12-10T08:41:18Z</time>
   </trkpt>
   <trkpt lat="51.5718160" lon="-0.0615630">
    <ele>14.5</ele>
    <time>2023-12-10T08:41:19Z</time>
   </trkpt>
   <trkpt lat="51.5718380" lon="-0.0615240">
    <ele>14.3</ele>
    <time>2023-12-10T08:41:20Z</time>
   </trkpt>
   <trkpt lat="51.5718420" lon="-0.0614550">
    <ele>13.9</ele>
    <time>2023-12-10T08:41:21Z</time>
   </trkpt>
   <trkpt lat="51.5718700" lon="-0.0614020">
    <ele>13.5</ele>
    <time>2023-12-10T08:41:22Z</time>
   </trkpt>
   <trkpt lat="51.5718980" lon="-0.0613680">
    <ele>13.2</ele>
    <time>2023-12-10T08:41:23Z</time>
   </trkpt>
   <trkpt lat="51.5719310" lon="-0.0613200">
    <ele>12.8</ele>
    <time>2023-12-10T08:41:24Z</time>
   </trkpt>
   <trkpt lat="51.5719530" lon="-0.0612720">
    <ele>12.5</ele>
    <time>2023-12-10T08:41:25Z</time>
   </trkpt>
   <trkpt lat="51.5719770" lon="-0.0612070">
    <ele>12.1</ele>
    <time>2023-12-10T08:41:26Z</time>
   </trkpt>
   <trkpt lat="51.5719830" lon="-0.0611590">
    <ele>11.8</ele>
    <time>2023-12-10T08:41:27Z</time>
   </trkpt>
   <trkpt lat="51.5719990" lon="-0.0611060">
    <ele>11.5</ele>
    <time>2023-12-10T08:41:28Z</time>
   </trkpt>
   <trkpt lat="51.5720290" lon="-0.0610460">
    <ele>11.1</ele>
    <time>2023-12-10T08:41:29Z</time>
   </trkpt>
   <trkpt lat="51.5720510" lon="-0.0609960">
    <ele>10.8</ele>
    <time>2023-12-10T08:41:30Z</time>
   </trkpt>
   <trkpt lat="51.5720750" lon="-0.0609350">
    <ele>10.4</ele>
    <time>2023-12-10T08:41:31Z</time>
   </trkpt>
   <trkpt lat="51.5721000" lon="-0.0608740">
    <ele>10.0</ele>
    <time>2023-12-10T08:41:32Z</time>
   </trkpt>
   <trkpt lat="51.5721320" lon="-0.0608300">
    <ele>9.8</ele>
    <time>2023-12-10T08:41:33Z</time>
   </trkpt>
   <trkpt lat="51.5721530" lon="-0.0607830">
    <ele>9.5</ele>
    <time>2023-12-10T08:41:34Z</time>
   </trkpt>
   <trkpt lat="51.5721730" lon="-0.0607500">
    <ele>9.4</ele>
    <time>2023-12-10T08:41:35Z</time>
   </trkpt>
   <trkpt lat="51.5722040" lon="-0.0607130">
    <ele>9.2</ele>
    <time>2023-12-10T08:41:36Z</time>
   </trkpt>
   <trkpt lat="51.5722310" lon="-0.0606440">
    <ele>8.9</ele>
    <time>2023-12-10T08:41:37Z</time>
   </trkpt>
   <trkpt lat="51.5722530" lon="-0.0606050">
    <ele>8.7</ele>
    <time>2023-12-10T08:41:38Z</time>
   </trkpt>
   <trkpt lat="51.5722820" lon="-0.0605570">
    <ele>8.6</ele>
    <time>2023-12-10T08:41:39Z</time>
   </trkpt>
   <trkpt lat="51.5723100" lon="-0.0604930">
    <ele>8.4</ele>
    <time>2023-12-10T08:41:40Z</time>
   </trkpt>
   <trkpt lat="51.5723470" lon="-0.0604500">
    <ele>8.3</ele>
    <time>2023-12-10T08:41:41Z</time>
   </trkpt>
   <trkpt lat="51.5723740" lon="-0.0603880">
    <ele>8.2</ele>
    <time>2023-12-10T08:41:42Z</time>
   </trkpt>
   <trkpt lat="51.5723870" lon="-0.0603320">
    <ele>8.1</ele>
    <time>2023-12-10T08:41:43Z</time>
   </trkpt>
   <trkpt lat="51.5724020" lon="-0.0602860">
    <ele>8.0</ele>
    <time>2023-12-10T08:41:44Z</time>
   </trkpt>
   <trkpt lat="51.5724250" lon="-0.0602400">
    <ele>7.9</ele>
    <time>2023-12-10T08:41:45Z</time>
   </trkpt>
   <trkpt lat="51.5724410" lon="-0.0601980">
    <ele>7.9</ele>
    <time>2023-12-10T08:41:46Z</time>
   </trkpt>
   <trkpt lat="51.5724690" lon="-0.0601850">
    <ele>7.8</ele>
    <time>2023-12-10T08:41:47Z</time>
   </trkpt>
   <trkpt lat="51.5724870" lon="-0.0601450">
    <ele>7.8</ele>
    <time>2023-12-10T08:41:48Z</time>
   </trkpt>
   <trkpt lat="51.5725110" lon="-0.0601030">
    <ele>7.7</ele>
    <time>2023-12-10T08:41:49Z</time>
   </trkpt>
   <trkpt lat="51.5725360" lon="-0.0600530">
    <ele>7.7</ele>
    <time>2023-12-10T08:41:50Z</time>
   </trkpt>
   <trkpt lat="51.5725550" lon="-0.0599820">
    <ele>7.7</ele>
    <time>2023-12-10T08:41:51Z</time>
   </trkpt>
   <trkpt lat="51.5725930" lon="-0.0599300">
    <ele>7.6</ele>
    <time>2023-12-10T08:41:52Z</time>
   </trkpt>
   <trkpt lat="51.5726230" lon="-0.0598890">
    <ele>7.6</ele>
    <time>2023-12-10T08:41:53Z</time>
   </trkpt>
   <trkpt lat="51.5726410" lon="-0.0598370">
    <ele>7.6</ele>
    <time>2023-12-10T08:41:54Z</time>
   </trkpt>
   <trkpt lat="51.5726720" lon="-0.0597940">
    <ele>7.5</ele>
    <time>2023-12-10T08:41:55Z</time>
   </trkpt>
   <trkpt lat="51.5726990" lon="-0.0597430">
    <ele>7.5</ele>
    <time>2023-12-10T08:41:56Z</time>
   </trkpt>
   <trkpt lat="51.5727240" lon="-0.0596920">
    <ele>7.5</ele>
    <time>2023-12-10T08:41:57Z</time>
   </trkpt>
   <trkpt lat="51.5727520" lon="-0.0596460">
    <ele>7.5</ele>
    <time>2023-12-10T08:41:58Z</time>
   </trkpt>
   <trkpt lat="51.5727740" lon="-0.0596090">
    <ele>7.5</ele>
    <time>2023-12-10T08:41:59Z</time>
   </trkpt>
   <trkpt lat="51.5728050" lon="-0.0595570">
    <ele>7.5</ele>
    <time>2023-12-10T08:42:00Z</time>
   </trkpt>
   <trkpt lat="51.5728360" lon="-0.0595170">
    <ele>7.5</ele>
    <time>2023-12-10T08:42:01Z</time>
   </trkpt>
   <trkpt lat="51.5728660" lon="-0.0594720">
    <ele>7.5</ele>
    <time>2023-12-10T08:42:02Z</time>
   </trkpt>
   <trkpt lat="51.5728940" lon="-0.0594140">
    <ele>7.5</ele>
    <time>2023-12-10T08:42:03Z</time>
   </trkpt>
   <trkpt lat="51.5729200" lon="-0.0593640">
    <ele>7.5</ele>
    <time>2023-12-10T08:42:04Z</time>
   </trkpt>
   <trkpt lat="51.5729450" lon="-0.0593090">
    <ele>7.6</ele>
    <time>2023-12-10T08:42:05Z</time>
   </trkpt>
   <trkpt lat="51.5729760" lon="-0.0592730">
    <ele>7.6</ele>
    <time>2023-12-10T08:42:06Z</time>
   </trkpt>
   <trkpt lat="51.5730030" lon="-0.0592290">
    <ele>7.6</ele>
    <time>2023-12-10T08:42:07Z</time>
   </trkpt>
   <trkpt lat="51.5730270" lon="-0.0591860">
    <ele>7.6</ele>
    <time>2023-12-10T08:42:08Z</time>
   </trkpt>
   <trkpt lat="51.5730540" lon="-0.0591540">
    <ele>7.6</ele>
    <time>2023-12-10T08:42:09Z</time>
   </trkpt>
   <trkpt lat="51.5730790" lon="-0.0591220">
    <ele>7.6</ele>
    <time>2023-12-10T08:42:10Z</time>
   </trkpt>
   <trkpt lat="51.5731000" lon="-0.0590660">
    <ele>7.6</ele>
    <time>2023-12-10T08:42:11Z</time>
   </trkpt>
   <trkpt lat="51.5731230" lon="-0.0590320">
    <ele>7.6</ele>
    <time>2023-12-10T08:42:12Z</time>
   </trkpt>
   <trkpt lat="51.5731250" lon="-0.0589820">
    <ele>7.7</ele>
    <time>2023-12-10T08:42:13Z</time>
   </trkpt>
   <trkpt lat="51.5731210" lon="-0.0589360">
    <ele>7.8</ele>
    <time>2023-12-10T08:42:14Z</time>
   </trkpt>
   <trkpt lat="51.5731010" lon="-0.0589000">
    <ele>7.8</ele>
    <time>2023-12-10T08:42:15Z</time>
   </trkpt>
   <trkpt lat="51.5730590" lon="-0.0588840">
    <ele>7.8</ele>
    <time>2023-12-10T08:42:16Z</time>
   </trkpt>
   <trkpt lat="51.5730100" lon="-0.0588690">
    <ele>7.8</ele>
    <time>2023-12-10T08:42:17Z</time>
   </trkpt>
   <trkpt lat="51.5729860" lon="-0.0588700">
    <ele>7.8</ele>
    <time>2023-12-10T08:42:18Z</time>
   </trkpt>
   <trkpt lat="51.5729580" lon="-0.0588490">
    <ele>7.8</ele>
    <time>2023-12-10T08:42:19Z</time>
   </trkpt>
   <trkpt lat="51.5729090" lon="-0.0588540">
    <ele>7.8</ele>
    <time>2023-12-10T08:42:20Z</time>
   </trkpt>
   <trkpt lat="51.5728780" lon="-0.0588610">
    <ele>7.8</ele>
    <time>2023-12-10T08:42:21Z</time>
   </trkpt>
   <trkpt lat="51.5728340" lon="-0.0588650">
    <ele>7.7</ele>
    <time>2023-12-10T08:42:22Z</time>
   </trkpt>
   <trkpt lat="51.5728170" lon="-0.0588640">
    <ele>7.7</ele>
    <time>2023-12-10T08:42:23Z</time>
   </trkpt>
   <trkpt lat="51.5727950" lon="-0.0588100">
    <ele>7.7</ele>
    <time>2023-12-10T08:42:24Z</time>
   </trkpt>
   <trkpt lat="51.5727520" lon="-0.0588130">
    <ele>7.7</ele>
    <time>2023-12-10T08:42:25Z</time>
   </trkpt>
   <trkpt lat="51.5727320" lon="-0.0588100">
    <ele>7.7</ele>
    <time>2023-12-10T08:42:26Z</time>
   </trkpt>
   <trkpt lat="51.5726810" lon="-0.0587950">
    <ele>7.7</ele>
    <time>2023-12-10T08:42:27Z</time>
   </trkpt>
   <trkpt lat="51.5726330" lon="-0.0587700">
    <ele>7.7</ele>
    <time>2023-12-10T08:42:28Z</time>
   </trkpt>
   <trkpt lat="51.5725830" lon="-0.0587550">
    <ele>7.7</ele>
    <time>2023-12-10T08:42:29Z</time>
   </trkpt>
   <trkpt lat="51.5725480" lon="-0.0587380">
    <ele>7.7</ele>
    <time>2023-12-10T08:42:30Z</time>
   </trkpt>
   <trkpt lat="51.5725090" lon="-0.0587090">
    <ele>7.7</ele>
    <time>2023-12-10T08:42:31Z</time>
   </trkpt>
   <trkpt lat="51.5724950" lon="-0.0586820">
    <ele>7.7</ele>
    <time>2023-12-10T08:42:32Z</time>
   </trkpt>
   <trkpt lat="51.5724660" lon="-0.0586450">
    <ele>7.7</ele>
    <time>2023-12-10T08:42:33Z</time>
   </trkpt>
   <trkpt lat="51.5724370" lon="-0.0586010">
    <ele>7.6</ele>
    <time>2023-12-10T08:42:34Z</time>
   </trkpt>
   <trkpt lat="51.5724230" lon="-0.0585480">
    <ele>7.6</ele>
    <time>2023-12-10T08:42:35Z</time>
   </trkpt>
   <trkpt lat="51.5724090" lon="-0.0585310">
    <ele>7.6</ele>
    <time>2023-12-10T08:42:36Z</time>
   </trkpt>
   <trkpt lat="51.5723900" lon="-0.0584910">
    <ele>7.6</ele>
    <time>2023-12-10T08:42:37Z</time>
   </trkpt>
   <trkpt lat="51.5723520" lon="-0.0584420">
    <ele>7.6</ele>
    <time>2023-12-10T08:42:38Z</time>
   </trkpt>
   <trkpt lat="51.5723220" lon="-0.0583900">
    <ele>7.6</ele>
    <time>2023-12-10T08:42:39Z</time>
   </trkpt>
   <trkpt lat="51.5722970" lon="-0.0583460">
    <ele>7.6</ele>
    <time>2023-12-10T08:42:40Z</time>
   </trkpt>
   <trkpt lat="51.5722650" lon="-0.0583130">
    <ele>7.5</ele>
    <time>2023-12-10T08:42:41Z</time>
   </trkpt>
   <trkpt lat="51.5722350" lon="-0.0582680">
    <ele>7.5</ele>
    <time>2023-12-10T08:42:42Z</time>
   </trkpt>
   <trkpt lat="51.5722020" lon="-0.0582160">
    <ele>7.5</ele>
    <time>2023-12-10T08:42:43Z</time>
   </trkpt>
   <trkpt lat="51.5721820" lon="-0.0581770">
    <ele>7.5</ele>
    <time>2023-12-10T08:42:44Z</time>
   </trkpt>
   <trkpt lat="51.5721520" lon="-0.0581240">
    <ele>7.5</ele>
    <time>2023-12-10T08:42:45Z</time>
   </trkpt>
   <trkpt lat="51.5721260" lon="-0.0580850">
    <ele>7.6</ele>
    <time>2023-12-10T08:42:46Z</time>
   </trkpt>
   <trkpt lat="51.5720930" lon="-0.0580710">
    <ele>7.6</ele>
    <time>2023-12-10T08:42:47Z</time>
   </trkpt>
   <trkpt lat="51.5720660" lon="-0.0580270">
    <ele>7.6</ele>
    <time>2023-12-10T08:42:48Z</time>
   </trkpt>
   <trkpt lat="51.5720420" lon="-0.0579840">
    <ele>7.6</ele>
    <time>2023-12-10T08:42:49Z</time>
   </trkpt>
   <trkpt lat="51.5720180" lon="-0.0579530">
    <ele>7.6</ele>
    <time>2023-12-10T08:42:50Z</time>
   </trkpt>
   <trkpt lat="51.5720040" lon="-0.0579160">
    <ele>7.6</ele>
    <time>2023-12-10T08:42:51Z</time>
   </trkpt>
   <trkpt lat="51.5720000" lon="-0.0579020">
    <ele>7.6</ele>
    <time>2023-12-10T08:42:52Z</time>
   </trkpt>
   <trkpt lat="51.5719590" lon="-0.0578700">
    <ele>7.6</ele>
    <time>2023-12-10T08:42:53Z</time>
   </trkpt>
   <trkpt lat="51.5719290" lon="-0.0578370">
    <ele>7.6</ele>
    <time>2023-12-10T08:42:54Z</time>
   </trkpt>
   <trkpt lat="51.5719030" lon="-0.0578050">
    <ele>7.6</ele>
    <time>2023-12-10T08:42:55Z</time>
   </trkpt>
   <trkpt lat="51.5718650" lon="-0.0577630">
    <ele>7.6</ele>
    <time>2023-12-10T08:42:56Z</time>
   </trkpt>
   <trkpt lat="51.5718350" lon="-0.0577260">
    <ele>7.6</ele>
    <time>2023-12-10T08:42:57Z</time>
   </trkpt>
   <trkpt lat="51.5718050" lon="-0.0576770">
    <ele>7.6</ele>
    <time>2023-12-10T08:42:58Z</time>
   </trkpt>
   <trkpt lat="51.5717770" lon="-0.0576400">
    <ele>7.6</ele>
    <time>2023-12-10T08:42:59Z</time>
   </trkpt>
   <trkpt lat="51.5717570" lon="-0.0575990">
    <ele>7.6</ele>
    <time>2023-12-10T08:43:00Z</time>
   </trkpt>
   <trkpt lat="51.5717220" lon="-0.0575660">
    <ele>7.6</ele>
    <time>2023-12-10T08:43:01Z</time>
   </trkpt>
   <trkpt lat="51.5716950" lon="-0.0575140">
    <ele>7.6</ele>
    <time>2023-12-10T08:43:02Z</time>
   </trkpt>
   <trkpt lat="51.5716840" lon="-0.0574940">
    <ele>7.6</ele>
    <time>2023-12-10T08:43:03Z</time>
   </trkpt>
   <trkpt lat="51.5716510" lon="-0.0574460">
    <ele>7.6</ele>
    <time>2023-12-10T08:43:04Z</time>
   </trkpt>
   <trkpt lat="51.5716030" lon="-0.0574140">
    <ele>7.6</ele>
    <time>2023-12-10T08:43:05Z</time>
   </trkpt>
   <trkpt lat="51.5715690" lon="-0.0573620">
    <ele>7.7</ele>
    <time>2023-12-10T08:43:06Z</time>
   </trkpt>
   <trkpt lat="51.5715370" lon="-0.0573210">
    <ele>7.7</ele>
    <time>2023-12-10T08:43:07Z</time>
   </trkpt>
   <trkpt lat="51.5715120" lon="-0.0572770">
    <ele>7.7</ele>
    <time>2023-12-10T08:43:08Z</time>
   </trkpt>
   <trkpt lat="51.5714830" lon="-0.0572570">
    <ele>7.7</ele>
    <time>2023-12-10T08:43:09Z</time>
   </trkpt>
   <trkpt lat="51.5714600" lon="-0.0571980">
    <ele>7.7</ele>
    <time>2023-12-10T08:43:10Z</time>
   </trkpt>
   <trkpt lat="51.5714490" lon="-0.0571750">
    <ele>7.7</ele>
    <time>2023-12-10T08:43:11Z</time>
   </trkpt>
   <trkpt lat="51.5714170" lon="-0.0571570">
    <ele>7.7</ele>
    <time>2023-12-10T08:43:12Z</time>
   </trkpt>
   <trkpt lat="51.5713990" lon="-0.0571230">
    <ele>7.7</ele>
    <time>2023-12-10T08:43:13Z</time>
   </trkpt>
   <trkpt lat="51.5713710" lon="-0.0570840">
    <ele>7.7</ele>
    <time>2023-12-10T08:43:14Z</time>
   </trkpt>
   <trkpt lat="51.5713440" lon="-0.0570550">
    <ele>7.7</ele>
    <time>2023-12-10T08:43:15Z</time>
   </trkpt>
   <trkpt lat="51.5713190" lon="-0.0569990">
    <ele>7.7</ele>
    <time>2023-12-10T08:43:16Z</time>
   </trkpt>
   <trkpt lat="51.5712760" lon="-0.0569790">
    <ele>7.7</ele>
    <time>2023-12-10T08:43:17Z</time>
   </trkpt>
   <trkpt lat="51.5712320" lon="-0.0569550">
    <ele>7.7</ele>
    <time>2023-12-10T08:43:18Z</time>
   </trkpt>
   <trkpt lat="51.5711930" lon="-0.0569300">
    <ele>7.7</ele>
    <time>2023-12-10T08:43:19Z</time>
   </trkpt>
   <trkpt lat="51.5711620" lon="-0.0569120">
    <ele>7.7</ele>
    <time>2023-12-10T08:43:20Z</time>
   </trkpt>
   <trkpt lat="51.5711500" lon="-0.0568930">
    <ele>7.7</ele>
    <time>2023-12-10T08:43:21Z</time>
   </trkpt>
   <trkpt lat="51.5711390" lon="-0.0568740">
    <ele>7.7</ele>
    <time>2023-12-10T08:43:22Z</time>
   </trkpt>
   <trkpt lat="51.5711100" lon="-0.0568490">
    <ele>7.7</ele>
    <time>2023-12-10T08:43:23Z</time>
   </trkpt>
   <trkpt lat="51.5710630" lon="-0.0568540">
    <ele>7.7</ele>
    <time>2023-12-10T08:43:24Z</time>
   </trkpt>
   <trkpt lat="51.5710120" lon="-0.0568440">
    <ele>7.7</ele>
    <time>2023-12-10T08:43:25Z</time>
   </trkpt>
   <trkpt lat="51.5709720" lon="-0.0568130">
    <ele>7.7</ele>
    <time>2023-12-10T08:43:26Z</time>
   </trkpt>
   <trkpt lat="51.5709200" lon="-0.0567990">
    <ele>7.7</ele>
    <time>2023-12-10T08:43:27Z</time>
   </trkpt>
   <trkpt lat="51.5708720" lon="-0.0567730">
    <ele>7.7</ele>
    <time>2023-12-10T08:43:28Z</time>
   </trkpt>
   <trkpt lat="51.5708440" lon="-0.0567610">
    <ele>7.7</ele>
    <time>2023-12-10T08:43:29Z</time>
   </trkpt>
   <trkpt lat="51.5708250" lon="-0.0567150">
    <ele>7.7</ele>
    <time>2023-12-10T08:43:30Z</time>
   </trkpt>
   <trkpt lat="51.5708200" lon="-0.0566910">
    <ele>7.7</ele>
    <time>2023-12-10T08:43:31Z</time>
   </trkpt>
   <trkpt lat="51.5707850" lon="-0.0566590">
    <ele>7.6</ele>
    <time>2023-12-10T08:43:32Z</time>
   </trkpt>
   <trkpt lat="51.5707440" lon="-0.0566360">
    <ele>7.6</ele>
    <time>2023-12-10T08:43:33Z</time>
   </trkpt>
   <trkpt lat="51.5706990" lon="-0.0566070">
    <ele>7.6</ele>
    <time>2023-12-10T08:43:34Z</time>
   </trkpt>
   <trkpt lat="51.5706610" lon="-0.0565880">
    <ele>7.6</ele>
    <time>2023-12-10T08:43:35Z</time>
   </trkpt>
   <trkpt lat="51.5706320" lon="-0.0565230">
    <ele>7.6</ele>
    <time>2023-12-10T08:43:36Z</time>
   </trkpt>
   <trkpt lat="51.5705970" lon="-0.0564890">
    <ele>7.6</ele>
    <time>2023-12-10T08:43:37Z</time>
   </trkpt>
   <trkpt lat="51.5705790" lon="-0.0564330">
    <ele>7.6</ele>
    <time>2023-12-10T08:43:38Z</time>
   </trkpt>
   <trkpt lat="51.5705340" lon="-0.0563850">
    <ele>7.6</ele>
    <time>2023-12-10T08:43:39Z</time>
   </trkpt>
   <trkpt lat="51.5705130" lon="-0.0563300">
    <ele>7.6</ele>
    <time>2023-12-10T08:43:40Z</time>
   </trkpt>
   <trkpt lat="51.5705020" lon="-0.0562780">
    <ele>7.6</ele>
    <time>2023-12-10T08:43:41Z</time>
   </trkpt>
   <trkpt lat="51.5704830" lon="-0.0562270">
    <ele>7.6</ele>
    <time>2023-12-10T08:43:42Z</time>
   </trkpt>
   <trkpt lat="51.5704470" lon="-0.0561870">
    <ele>7.6</ele>
    <time>2023-12-10T08:43:43Z</time>
   </trkpt>
   <trkpt lat="51.5704140" lon="-0.0561460">
    <ele>7.5</ele>
    <time>2023-12-10T08:43:44Z</time>
   </trkpt>
   <trkpt lat="51.5703840" lon="-0.0561110">
    <ele>7.5</ele>
    <time>2023-12-10T08:43:45Z</time>
   </trkpt>
   <trkpt lat="51.5703600" lon="-0.0560870">
    <ele>7.5</ele>
    <time>2023-12-10T08:43:46Z</time>
   </trkpt>
   <trkpt lat="51.5703130" lon="-0.0560730">
    <ele>7.5</ele>
    <time>2023-12-10T08:43:47Z</time>
   </trkpt>
   <trkpt lat="51.5702800" lon="-0.0560300">
    <ele>7.5</ele>
    <time>2023-12-10T08:43:48Z</time>
   </trkpt>
   <trkpt lat="51.5702510" lon="-0.0559820">
    <ele>7.4</ele>
    <time>2023-12-10T08:43:49Z</time>
   </trkpt>
   <trkpt lat="51.5702410" lon="-0.0559600">
    <ele>7.4</ele>
    <time>2023-12-10T08:43:50Z</time>
   </trkpt>
   <trkpt lat="51.5702260" lon="-0.0558970">
    <ele>7.4</ele>
    <time>2023-12-10T08:43:51Z</time>
   </trkpt>
   <trkpt lat="51.5702000" lon="-0.0558670">
    <ele>7.4</ele>
    <time>2023-12-10T08:43:52Z</time>
   </trkpt>
   <trkpt lat="51.5701650" lon="-0.0558190">
    <ele>7.4</ele>
    <time>2023-12-10T08:43:53Z</time>
   </trkpt>
   <trkpt lat="51.5701350" lon="-0.0557940">
    <ele>7.4</ele>
    <time>2023-12-10T08:43:54Z</time>
   </trkpt>
   <trkpt lat="51.5701160" lon="-0.0557490">
    <ele>7.4</ele>
    <time>2023-12-10T08:43:55Z</time>
   </trkpt>
   <trkpt lat="51.5700990" lon="-0.0557030">
    <ele>7.4</ele>
    <time>2023-12-10T08:43:56Z</time>
   </trkpt>
   <trkpt lat="51.5700730" lon="-0.0556740">
    <ele>7.4</ele>
    <time>2023-12-10T08:43:57Z</time>
   </trkpt>
   <trkpt lat="51.5700400" lon="-0.0556510">
    <ele>7.4</ele>
    <time>2023-12-10T08:43:58Z</time>
   </trkpt>
   <trkpt lat="51.5700310" lon="-0.0556020">
    <ele>7.4</ele>
    <time>2023-12-10T08:43:59Z</time>
   </trkpt>
   <trkpt lat="51.5700000" lon="-0.0555630">
    <ele>7.4</ele>
    <time>2023-12-10T08:44:00Z</time>
   </trkpt>
   <trkpt lat="51.5699890" lon="-0.0555210">
    <ele>7.4</ele>
    <time>2023-12-10T08:44:01Z</time>
   </trkpt>
   <trkpt lat="51.5699570" lon="-0.0554880">
    <ele>7.4</ele>
    <time>2023-12-10T08:44:02Z</time>
   </trkpt>
   <trkpt lat="51.5699300" lon="-0.0554520">
    <ele>7.4</ele>
    <time>2023-12-10T08:44:03Z</time>
   </trkpt>
   <trkpt lat="51.5699080" lon="-0.0554190">
    <ele>7.4</ele>
    <time>2023-12-10T08:44:04Z</time>
   </trkpt>
   <trkpt lat="51.5698740" lon="-0.0554090">
    <ele>7.4</ele>
    <time>2023-12-10T08:44:05Z</time>
   </trkpt>
   <trkpt lat="51.5698280" lon="-0.0553760">
    <ele>7.4</ele>
    <time>2023-12-10T08:44:06Z</time>
   </trkpt>
   <trkpt lat="51.5697920" lon="-0.0553380">
    <ele>7.4</ele>
    <time>2023-12-10T08:44:07Z</time>
   </trkpt>
   <trkpt lat="51.5697660" lon="-0.0552900">
    <ele>7.4</ele>
    <time>2023-12-10T08:44:08Z</time>
   </trkpt>
   <trkpt lat="51.5697600" lon="-0.0552630">
    <ele>7.4</ele>
    <time>2023-12-10T08:44:09Z</time>
   </trkpt>
   <trkpt lat="51.5697280" lon="-0.0552150">
    <ele>7.4</ele>
    <time>2023-12-10T08:44:10Z</time>
   </trkpt>
   <trkpt lat="51.5696900" lon="-0.0551860">
    <ele>7.4</ele>
    <time>2023-12-10T08:44:11Z</time>
   </trkpt>
   <trkpt lat="51.5696700" lon="-0.0551580">
    <ele>7.5</ele>
    <time>2023-12-10T08:44:12Z</time>
   </trkpt>
   <trkpt lat="51.5696390" lon="-0.0551370">
    <ele>7.5</ele>
    <time>2023-12-10T08:44:13Z</time>
   </trkpt>
   <trkpt lat="51.5696080" lon="-0.0551160">
    <ele>7.5</ele>
    <time>2023-12-10T08:44:14Z</time>
   </trkpt>
   <trkpt lat="51.5695760" lon="-0.0550920">
    <ele>7.5</ele>
    <time>2023-12-10T08:44:15Z</time>
   </trkpt>
   <trkpt lat="51.5695270" lon="-0.0550680">
    <ele>7.6</ele>
    <time>2023-12-10T08:44:16Z</time>
   </trkpt>
   <trkpt lat="51.5694960" lon="-0.0550350">
    <ele>7.6</ele>
    <time>2023-12-10T08:44:17Z</time>
   </trkpt>
   <trkpt lat="51.5694420" lon="-0.0550200">
    <ele>7.6</ele>
    <time>2023-12-10T08:44:18Z</time>
   </trkpt>
   <trkpt lat="51.5694110" lon="-0.0549720">
    <ele>7.6</ele>
    <time>2023-12-10T08:44:19Z</time>
   </trkpt>
   <trkpt lat="51.5693730" lon="-0.0549470">
    <ele>7.6</ele>
    <time>2023-12-10T08:44:20Z</time>
   </trkpt>
   <trkpt lat="51.5693920" lon="-0.0548420">
    <ele>7.6</ele>
    <time>2023-12-10T08:44:21Z</time>
   </trkpt>
   <trkpt lat="51.5693810" lon="-0.0547680">
    <ele>7.6</ele>
    <time>2023-12-10T08:44:22Z</time>
   </trkpt>
   <trkpt lat="51.5693580" lon="-0.0547170">
    <ele>7.6</ele>
    <time>2023-12-10T08:44:23Z</time>
   </trkpt>
   <trkpt lat="51.5693240" lon="-0.0546810">
    <ele>7.6</ele>
    <time>2023-12-10T08:44:24Z</time>
   </trkpt>
   <trkpt lat="51.5692810" lon="-0.0546510">
    <ele>7.6</ele>
    <time>2023-12-10T08:44:25Z</time>
   </trkpt>
   <trkpt lat="51.5692420" lon="-0.0546220">
    <ele>7.6</ele>
    <time>2023-12-10T08:44:26Z</time>
   </trkpt>
   <trkpt lat="51.5691970" lon="-0.0545930">
    <ele>7.6</ele>
    <time>2023-12-10T08:44:27Z</time>
   </trkpt>
   <trkpt lat="51.5691590" lon="-0.0545680">
    <ele>7.6</ele>
    <time>2023-12-10T08:44:28Z</time>
   </trkpt>
   <trkpt lat="51.5691350" lon="-0.0545380">
    <ele>7.6</ele>
    <time>2023-12-10T08:44:29Z</time>
   </trkpt>
   <trkpt lat="51.5691050" lon="-0.0544700">
    <ele>7.7</ele>
    <time>2023-12-10T08:44:30Z</time>
   </trkpt>
   <trkpt lat="51.5690740" lon="-0.0544360">
    <ele>7.7</ele>
    <time>2023-12-10T08:44:31Z</time>
   </trkpt>
   <trkpt lat="51.5690540" lon="-0.0543780">
    <ele>7.7</ele>
    <time>2023-12-10T08:44:32Z</time>
   </trkpt>
   <trkpt lat="51.5690310" lon="-0.0543350">
    <ele>7.8</ele>
    <time>2023-12-10T08:44:33Z</time>
   </trkpt>
   <trkpt lat="51.5689970" lon="-0.0542790">
    <ele>7.8</ele>
    <time>2023-12-10T08:44:34Z</time>
   </trkpt>
   <trkpt lat="51.5689810" lon="-0.0542210">
    <ele>7.8</ele>
    <time>2023-12-10T08:44:35Z</time>
   </trkpt>
   <trkpt lat="51.5689700" lon="-0.0541640">
    <ele>7.9</ele>
    <time>2023-12-10T08:44:36Z</time>
   </trkpt>
   <trkpt lat="51.5689670" lon="-0.0540960">
    <ele>7.9</ele>
    <time>2023-12-10T08:44:37Z</time>
   </trkpt>
   <trkpt lat="51.5689510" lon="-0.0540470">
    <ele>7.9</ele>
    <time>2023-12-10T08:44:38Z</time>
   </trkpt>
   <trkpt lat="51.5689350" lon="-0.0539770">
    <ele>7.8</ele>
    <time>2023-12-10T08:44:39Z</time>
   </trkpt>
   <trkpt lat="51.5689060" lon="-0.0539220">
    <ele>7.7</ele>
    <time>2023-12-10T08:44:40Z</time>
   </trkpt>
   <trkpt lat="51.5688930" lon="-0.0539000">
    <ele>7.7</ele>
    <time>2023-12-10T08:44:41Z</time>
   </trkpt>
   <trkpt lat="51.5688520" lon="-0.0538660">
    <ele>7.6</ele>
    <time>2023-12-10T08:44:42Z</time>
   </trkpt>
   <trkpt lat="51.5688130" lon="-0.0538310">
    <ele>7.6</ele>
    <time>2023-12-10T08:44:43Z</time>
   </trkpt>
   <trkpt lat="51.5687840" lon="-0.0537870">
    <ele>7.6</ele>
    <time>2023-12-10T08:44:44Z</time>
   </trkpt>
   <trkpt lat="51.5687730" lon="-0.0537380">
    <ele>7.5</ele>
    <time>2023-12-10T08:44:45Z</time>
   </trkpt>
   <trkpt lat="51.5687480" lon="-0.0537120">
    <ele>7.5</ele>
    <time>2023-12-10T08:44:46Z</time>
   </trkpt>
   <trkpt lat="51.5687210" lon="-0.0536670">
    <ele>7.5</ele>
    <time>2023-12-10T08:44:47Z</time>
   </trkpt>
   <trkpt lat="51.5686990" lon="-0.0536210">
    <ele>7.5</ele>
    <time>2023-12-10T08:44:48Z</time>
   </trkpt>
   <trkpt lat="51.5686700" lon="-0.0535870">
    <ele>7.5</ele>
    <time>2023-12-10T08:44:49Z</time>
   </trkpt>
   <trkpt lat="51.5686460" lon="-0.0535470">
    <ele>7.5</ele>
    <time>2023-12-10T08:44:50Z</time>
   </trkpt>
   <trkpt lat="51.5686140" lon="-0.0535080">
    <ele>7.5</ele>
    <time>2023-12-10T08:44:51Z</time>
   </trkpt>
   <trkpt lat="51.5685890" lon="-0.0534790">
    <ele>7.5</ele>
    <time>2023-12-10T08:44:52Z</time>
   </trkpt>
   <trkpt lat="51.5685680" lon="-0.0534240">
    <ele>7.5</ele>
    <time>2023-12-10T08:44:53Z</time>
   </trkpt>
   <trkpt lat="51.5685400" lon="-0.0533740">
    <ele>7.4</ele>
    <time>2023-12-10T08:44:54Z</time>
   </trkpt>
   <trkpt lat="51.5685240" lon="-0.0533160">
    <ele>7.4</ele>
    <time>2023-12-10T08:44:55Z</time>
   </trkpt>
   <trkpt lat="51.5684970" lon="-0.0532610">
    <ele>7.4</ele>
    <time>2023-12-10T08:44:56Z</time>
   </trkpt>
   <trkpt lat="51.5684740" lon="-0.0532130">
    <ele>7.4</ele>
    <time>2023-12-10T08:44:57Z</time>
   </trkpt>
   <trkpt lat="51.5684450" lon="-0.0531590">
    <ele>7.4</ele>
    <time>2023-12-10T08:44:58Z</time>
   </trkpt>
   <trkpt lat="51.5684270" lon="-0.0531190">
    <ele>7.5</ele>
    <time>2023-12-10T08:44:59Z</time>
   </trkpt>
   <trkpt lat="51.5684020" lon="-0.0530760">
    <ele>7.5</ele>
    <time>2023-12-10T08:45:00Z</time>
   </trkpt>
   <trkpt lat="51.5683840" lon="-0.0530290">
    <ele>7.5</ele>
    <time>2023-12-10T08:45:01Z</time>
   </trkpt>
   <trkpt lat="51.5683530" lon="-0.0529870">
    <ele>7.5</ele>
    <time>2023-12-10T08:45:02Z</time>
   </trkpt>
   <trkpt lat="51.5683320" lon="-0.0529450">
    <ele>7.5</ele>
    <time>2023-12-10T08:45:03Z</time>
   </trkpt>
   <trkpt lat="51.5682980" lon="-0.0529070">
    <ele>7.6</ele>
    <time>2023-12-10T08:45:04Z</time>
   </trkpt>
   <trkpt lat="51.5682700" lon="-0.0529060">
    <ele>7.6</ele>
    <time>2023-12-10T08:45:05Z</time>
   </trkpt>
   <trkpt lat="51.5682530" lon="-0.0528710">
    <ele>7.6</ele>
    <time>2023-12-10T08:45:06Z</time>
   </trkpt>
   <trkpt lat="51.5682340" lon="-0.0528090">
    <ele>7.6</ele>
    <time>2023-12-10T08:45:07Z</time>
   </trkpt>
   <trkpt lat="51.5682130" lon="-0.0527380">
    <ele>7.6</ele>
    <time>2023-12-10T08:45:08Z</time>
   </trkpt>
   <trkpt lat="51.5681920" lon="-0.0526840">
    <ele>7.6</ele>
    <time>2023-12-10T08:45:09Z</time>
   </trkpt>
   <trkpt lat="51.5681620" lon="-0.0526360">
    <ele>7.6</ele>
    <time>2023-12-10T08:45:10Z</time>
   </trkpt>
   <trkpt lat="51.5681340" lon="-0.0525820">
    <ele>7.5</ele>
    <time>2023-12-10T08:45:11Z</time>
   </trkpt>
   <trkpt lat="51.5681120" lon="-0.0525390">
    <ele>7.5</ele>
    <time>2023-12-10T08:45:12Z</time>
   </trkpt>
   <trkpt lat="51.5680930" lon="-0.0524930">
    <ele>7.5</ele>
    <time>2023-12-10T08:45:13Z</time>
   </trkpt>
   <trkpt lat="51.5680690" lon="-0.0524550">
    <ele>7.4</ele>
    <time>2023-12-10T08:45:14Z</time>
   </trkpt>
   <trkpt lat="51.5680540" lon="-0.0524130">
    <ele>7.4</ele>
    <time>2023-12-10T08:45:15Z</time>
   </trkpt>
   <trkpt lat="51.5680350" lon="-0.0523680">
    <ele>7.4</ele>
    <time>2023-12-10T08:45:16Z</time>
   </trkpt>
   <trkpt lat="51.5680260" lon="-0.0523500">
    <ele>7.4</ele>
    <time>2023-12-10T08:45:17Z</time>
   </trkpt>
   <trkpt lat="51.5680020" lon="-0.0522920">
    <ele>7.3</ele>
    <time>2023-12-10T08:45:18Z</time>
   </trkpt>
   <trkpt lat="51.5679850" lon="-0.0522300">
    <ele>7.3</ele>
    <time>2023-12-10T08:45:19Z</time>
   </trkpt>
   <trkpt lat="51.5679730" lon="-0.0521590">
    <ele>7.3</ele>
    <time>2023-12-10T08:45:20Z</time>
   </trkpt>
   <trkpt lat="51.5679500" lon="-0.0521000">
    <ele>7.2</ele>
    <time>2023-12-10T08:45:21Z</time>
   </trkpt>
   <trkpt lat="51.5679330" lon="-0.0520470">
    <ele>7.2</ele>
    <time>2023-12-10T08:45:22Z</time>
   </trkpt>
   <trkpt lat="51.5679130" lon="-0.0520080">
    <ele>7.2</ele>
    <time>2023-12-10T08:45:23Z</time>
   </trkpt>
   <trkpt lat="51.5678980" lon="-0.0519630">
    <ele>7.2</ele>
    <time>2023-12-10T08:45:24Z</time>
   </trkpt>
   <trkpt lat="51.5678870" lon="-0.0519090">
    <ele>7.2</ele>
    <time>2023-12-10T08:45:25Z</time>
   </trkpt>
   <trkpt lat="51.5678620" lon="-0.0518510">
    <ele>7.1</ele>
    <time>2023-12-10T08:45:26Z</time>
   </trkpt>
   <trkpt lat="51.5678520" lon="-0.0517910">
    <ele>7.1</ele>
    <time>2023-12-10T08:45:27Z</time>
   </trkpt>
   <trkpt lat="51.5678330" lon="-0.0517260">
    <ele>7.1</ele>
    <time>2023-12-10T08:45:28Z</time>
   </trkpt>
   <trkpt lat="51.5678190" lon="-0.0516750">
    <ele>7.1</ele>
    <time>2023-12-10T08:45:29Z</time>
   </trkpt>
   <trkpt lat="51.5677820" lon="-0.0516090">
    <ele>7.1</ele>
    <time>2023-12-10T08:45:30Z</time>
   </trkpt>
   <trkpt lat="51.5677640" lon="-0.0515610">
    <ele>7.1</ele>
    <time>2023-12-10T08:45:31Z</time>
   </trkpt>
   <trkpt lat="51.5677420" lon="-0.0515200">
    <ele>7.1</ele>
    <time>2023-12-10T08:45:32Z</time>
   </trkpt>
   <trkpt lat="51.5677230" lon="-0.0514800">
    <ele>7.1</ele>
    <time>2023-12-10T08:45:33Z</time>
   </trkpt>
   <trkpt lat="51.5676960" lon="-0.0514420">
    <ele>7.1</ele>
    <time>2023-12-10T08:45:34Z</time>
   </trkpt>
   <trkpt lat="51.5676810" lon="-0.0514030">
    <ele>7.1</ele>
    <time>2023-12-10T08:45:35Z</time>
   </trkpt>
   <trkpt lat="51.5676650" lon="-0.0513500">
    <ele>7.1</ele>
    <time>2023-12-10T08:45:36Z</time>
   </trkpt>
   <trkpt lat="51.5676450" lon="-0.0513070">
    <ele>7.1</ele>
    <time>2023-12-10T08:45:37Z</time>
   </trkpt>
   <trkpt lat="51.5676260" lon="-0.0512670">
    <ele>7.1</ele>
    <time>2023-12-10T08:45:38Z</time>
   </trkpt>
   <trkpt lat="51.5676050" lon="-0.0512190">
    <ele>7.1</ele>
    <time>2023-12-10T08:45:39Z</time>
   </trkpt>
   <trkpt lat="51.5675840" lon="-0.0511730">
    <ele>7.1</ele>
    <time>2023-12-10T08:45:40Z</time>
   </trkpt>
   <trkpt lat="51.5675600" lon="-0.0511300">
    <ele>7.1</ele>
    <time>2023-12-10T08:45:41Z</time>
   </trkpt>
   <trkpt lat="51.5675850" lon="-0.0510850">
    <ele>7.1</ele>
    <time>2023-12-10T08:45:42Z</time>
   </trkpt>
   <trkpt lat="51.5675870" lon="-0.0510620">
    <ele>7.1</ele>
    <time>2023-12-10T08:45:43Z</time>
   </trkpt>
   <trkpt lat="51.5675620" lon="-0.0510220">
    <ele>7.1</ele>
    <time>2023-12-10T08:45:44Z</time>
   </trkpt>
   <trkpt lat="51.5675250" lon="-0.0509820">
    <ele>7.1</ele>
    <time>2023-12-10T08:45:45Z</time>
   </trkpt>
   <trkpt lat="51.5674990" lon="-0.0509390">
    <ele>7.1</ele>
    <time>2023-12-10T08:45:46Z</time>
   </trkpt>
   <trkpt lat="51.5674890" lon="-0.0508950">
    <ele>7.1</ele>
    <time>2023-12-10T08:45:47Z</time>
   </trkpt>
   <trkpt lat="51.5674840" lon="-0.0508370">
    <ele>7.1</ele>
    <time>2023-12-10T08:45:48Z</time>
   </trkpt>
   <trkpt lat="51.5674960" lon="-0.0508080">
    <ele>7.1</ele>
    <time>2023-12-10T08:45:49Z</time>
   </trkpt>
   <trkpt lat="51.5674740" lon="-0.0507370">
    <ele>7.1</ele>
    <time>2023-12-10T08:45:50Z</time>
   </trkpt>
   <trkpt lat="51.5674220" lon="-0.0506890">
    <ele>7.1</ele>
    <time>2023-12-10T08:45:51Z</time>
   </trkpt>
   <trkpt lat="51.5673580" lon="-0.0506650">
    <ele>7.1</ele>
    <time>2023-12-10T08:45:52Z</time>
   </trkpt>
   <trkpt lat="51.5673450" lon="-0.0506440">
    <ele>7.1</ele>
    <time>2023-12-10T08:45:53Z</time>
   </trkpt>
   <trkpt lat="51.5673560" lon="-0.0506090">
    <ele>7.1</ele>
    <time>2023-12-10T08:45:54Z</time>
   </trkpt>
   <trkpt lat="51.5673950" lon="-0.0506210">
    <ele>7.1</ele>
    <time>2023-12-10T08:45:55Z</time>
   </trkpt>
   <trkpt lat="51.5674300" lon="-0.0506200">
    <ele>7.1</ele>
    <time>2023-12-10T08:45:56Z</time>
   </trkpt>
   <trkpt lat="51.5674470" lon="-0.0506090">
    <ele>7.1</ele>
    <time>2023-12-10T08:45:57Z</time>
   </trkpt>
   <trkpt lat="51.5674570" lon="-0.0505900">
    <ele>7.1</ele>
    <time>2023-12-10T08:45:58Z</time>
   </trkpt>
   <trkpt lat="51.5674410" lon="-0.0505660">
    <ele>7.1</ele>
    <time>2023-12-10T08:45:59Z</time>
   </trkpt>
   <trkpt lat="51.5673980" lon="-0.0505550">
    <ele>7.1</ele>
    <time>2023-12-10T08:46:00Z</time>
   </trkpt>
   <trkpt lat="51.5673250" lon="-0.0505500">
    <ele>7.1</ele>
    <time>2023-12-10T08:46:01Z</time>
   </trkpt>
   <trkpt lat="51.5672960" lon="-0.0504940">
    <ele>7.1</ele>
    <time>2023-12-10T08:46:02Z</time>
   </trkpt>
   <trkpt lat="51.5672610" lon="-0.0504450">
    <ele>7.1</ele>
    <time>2023-12-10T08:46:03Z</time>
   </trkpt>
   <trkpt lat="51.5672200" lon="-0.0503990">
    <ele>7.1</ele>
    <time>2023-12-10T08:46:04Z</time>
   </trkpt>
   <trkpt lat="51.5671700" lon="-0.0503560">
    <ele>7.1</ele>
    <time>2023-12-10T08:46:05Z</time>
   </trkpt>
   <trkpt lat="51.5671300" lon="-0.0503220">
    <ele>7.1</ele>
    <time>2023-12-10T08:46:06Z</time>
   </trkpt>
   <trkpt lat="51.5670820" lon="-0.0503150">
    <ele>7.1</ele>
    <time>2023-12-10T08:46:07Z</time>
   </trkpt>
   <trkpt lat="51.5670550" lon="-0.0502730">
    <ele>7.1</ele>
    <time>2023-12-10T08:46:08Z</time>
   </trkpt>
   <trkpt lat="51.5670110" lon="-0.0502400">
    <ele>7.1</ele>
    <time>2023-12-10T08:46:09Z</time>
   </trkpt>
   <trkpt lat="51.5669710" lon="-0.0502170">
    <ele>7.1</ele>
    <time>2023-12-10T08:46:10Z</time>
   </trkpt>
   <trkpt lat="51.5669330" lon="-0.0501820">
    <ele>7.1</ele>
    <time>2023-12-10T08:46:11Z</time>
   </trkpt>
   <trkpt lat="51.5669100" lon="-0.0501050">
    <ele>7.1</ele>
    <time>2023-12-10T08:46:12Z</time>
   </trkpt>
   <trkpt lat="51.5668680" lon="-0.0500110">
    <ele>7.1</ele>
    <time>2023-12-10T08:46:13Z</time>
   </trkpt>
   <trkpt lat="51.5668400" lon="-0.0499490">
    <ele>7.1</ele>
    <time>2023-12-10T08:46:14Z</time>
   </trkpt>
   <trkpt lat="51.5668050" lon="-0.0498920">
    <ele>7.1</ele>
    <time>2023-12-10T08:46:15Z</time>
   </trkpt>
   <trkpt lat="51.5667860" lon="-0.0498460">
    <ele>7.1</ele>
    <time>2023-12-10T08:46:16Z</time>
   </trkpt>
   <trkpt lat="51.5667510" lon="-0.0498180">
    <ele>7.1</ele>
    <time>2023-12-10T08:46:17Z</time>
   </trkpt>
   <trkpt lat="51.5667110" lon="-0.0497810">
    <ele>7.1</ele>
    <time>2023-12-10T08:46:18Z</time>
   </trkpt>
   <trkpt lat="51.5666700" lon="-0.0497380">
    <ele>7.1</ele>
    <time>2023-12-10T08:46:19Z</time>
   </trkpt>
   <trkpt lat="51.5666460" lon="-0.0496780">
    <ele>7.1</ele>
    <time>2023-12-10T08:46:20Z</time>
   </trkpt>
   <trkpt lat="51.5666180" lon="-0.0496180">
    <ele>7.1</ele>
    <time>2023-12-10T08:46:21Z</time>
   </trkpt>
   <trkpt lat="51.5665820" lon="-0.0495640">
    <ele>7.1</ele>
    <time>2023-12-10T08:46:22Z</time>
   </trkpt>
   <trkpt lat="51.5664490" lon="-0.0495260">
    <ele>7.2</ele>
    <time>2023-12-10T08:46:23Z</time>
   </trkpt>
   <trkpt lat="51.5664210" lon="-0.0494910">
    <ele>7.2</ele>
    <time>2023-12-10T08:46:24Z</time>
   </trkpt>
   <trkpt lat="51.5664080" lon="-0.0494300">
    <ele>7.2</ele>
    <time>2023-12-10T08:46:25Z</time>
   </trkpt>
   <trkpt lat="51.5664040" lon="-0.0493730">
    <ele>7.2</ele>
    <time>2023-12-10T08:46:26Z</time>
   </trkpt>
   <trkpt lat="51.5663710" lon="-0.0493510">
    <ele>7.2</ele>
    <time>2023-12-10T08:46:27Z</time>
   </trkpt>
   <trkpt lat="51.5663560" lon="-0.0493100">
    <ele>7.2</ele>
    <time>2023-12-10T08:46:28Z</time>
   </trkpt>
   <trkpt lat="51.5663180" lon="-0.0492560">
    <ele>7.2</ele>
    <time>2023-12-10T08:46:29Z</time>
   </trkpt>
   <trkpt lat="51.5662850" lon="-0.0492160">
    <ele>7.2</ele>
    <time>2023-12-10T08:46:30Z</time>
   </trkpt>
   <trkpt lat="51.5662400" lon="-0.0491700">
    <ele>7.3</ele>
    <time>2023-12-10T08:46:31Z</time>
   </trkpt>
   <trkpt lat="51.5662140" lon="-0.0491300">
    <ele>7.3</ele>
    <time>2023-12-10T08:46:32Z</time>
   </trkpt>
   <trkpt lat="51.5662050" lon="-0.0491150">
    <ele>7.3</ele>
    <time>2023-12-10T08:46:33Z</time>
   </trkpt>
   <trkpt lat="51.5661640" lon="-0.0490760">
    <ele>7.3</ele>
    <time>2023-12-10T08:46:34Z</time>
   </trkpt>
   <trkpt lat="51.5661220" lon="-0.0490250">
    <ele>7.3</ele>
    <time>2023-12-10T08:46:35Z</time>
   </trkpt>
   <trkpt lat="51.5660930" lon="-0.0490040">
    <ele>7.3</ele>
    <time>2023-12-10T08:46:36Z</time>
   </trkpt>
   <trkpt lat="51.5660560" lon="-0.0489630">
    <ele>7.3</ele>
    <time>2023-12-10T08:46:37Z</time>
   </trkpt>
   <trkpt lat="51.5660160" lon="-0.0489270">
    <ele>7.3</ele>
    <time>2023-12-10T08:46:38Z</time>
   </trkpt>
   <trkpt lat="51.5659820" lon="-0.0489010">
    <ele>7.3</ele>
    <time>2023-12-10T08:46:39Z</time>
   </trkpt>
   <trkpt lat="51.5659540" lon="-0.0488630">
    <ele>7.3</ele>
    <time>2023-12-10T08:46:40Z</time>
   </trkpt>
   <trkpt lat="51.5659280" lon="-0.0488300">
    <ele>7.3</ele>
    <time>2023-12-10T08:46:41Z</time>
   </trkpt>
   <trkpt lat="51.5658910" lon="-0.0487920">
    <ele>7.3</ele>
    <time>2023-12-10T08:46:42Z</time>
   </trkpt>
   <trkpt lat="51.5658670" lon="-0.0487600">
    <ele>7.3</ele>
    <time>2023-12-10T08:46:43Z</time>
   </trkpt>
   <trkpt lat="51.5658290" lon="-0.0487330">
    <ele>7.3</ele>
    <time>2023-12-10T08:46:44Z</time>
   </trkpt>
   <trkpt lat="51.5658040" lon="-0.0486880">
    <ele>7.3</ele>
    <time>2023-12-10T08:46:45Z</time>
   </trkpt>
   <trkpt lat="51.5657690" lon="-0.0486570">
    <ele>7.3</ele>
    <time>2023-12-10T08:46:46Z</time>
   </trkpt>
   <trkpt lat="51.5657450" lon="-0.0486300">
    <ele>7.3</ele>
    <time>2023-12-10T08:46:47Z</time>
   </trkpt>
   <trkpt lat="51.5657110" lon="-0.0485920">
    <ele>7.3</ele>
    <time>2023-12-10T08:46:48Z</time>
   </trkpt>
   <trkpt lat="51.5656840" lon="-0.0485360">
    <ele>7.2</ele>
    <time>2023-12-10T08:46:49Z</time>
   </trkpt>
   <trkpt lat="51.5656600" lon="-0.0484990">
    <ele>7.2</ele>
    <time>2023-12-10T08:46:50Z</time>
   </trkpt>
   <trkpt lat="51.5656440" lon="-0.0484540">
    <ele>7.2</ele>
    <time>2023-12-10T08:46:51Z</time>
   </trkpt>
   <trkpt lat="51.5656510" lon="-0.0484000">
    <ele>7.2</ele>
    <time>2023-12-10T08:46:52Z</time>
   </trkpt>
   <trkpt lat="51.5656470" lon="-0.0483820">
    <ele>7.2</ele>
    <time>2023-12-10T08:46:53Z</time>
   </trkpt>
   <trkpt lat="51.5656200" lon="-0.0483290">
    <ele>7.2</ele>
    <time>2023-12-10T08:46:54Z</time>
   </trkpt>
   <trkpt lat="51.5655900" lon="-0.0482930">
    <ele>7.2</ele>
    <time>2023-12-10T08:46:55Z</time>
   </trkpt>
   <trkpt lat="51.5655570" lon="-0.0482530">
    <ele>7.2</ele>
    <time>2023-12-10T08:46:56Z</time>
   </trkpt>
   <trkpt lat="51.5655290" lon="-0.0482260">
    <ele>7.2</ele>
    <time>2023-12-10T08:46:57Z</time>
   </trkpt>
   <trkpt lat="51.5654980" lon="-0.0481900">
    <ele>7.2</ele>
    <time>2023-12-10T08:46:58Z</time>
   </trkpt>
   <trkpt lat="51.5654690" lon="-0.0481340">
    <ele>7.2</ele>
    <time>2023-12-10T08:46:59Z</time>
   </trkpt>
   <trkpt lat="51.5654450" lon="-0.0480720">
    <ele>7.2</ele>
    <time>2023-12-10T08:47:00Z</time>
   </trkpt>
   <trkpt lat="51.5654360" lon="-0.0480300">
    <ele>7.2</ele>
    <time>2023-12-10T08:47:01Z</time>
   </trkpt>
   <trkpt lat="51.5654140" lon="-0.0479860">
    <ele>7.2</ele>
    <time>2023-12-10T08:47:02Z</time>
   </trkpt>
   <trkpt lat="51.5653990" lon="-0.0479360">
    <ele>7.2</ele>
    <time>2023-12-10T08:47:03Z</time>
   </trkpt>
   <trkpt lat="51.5653740" lon="-0.0478950">
    <ele>7.2</ele>
    <time>2023-12-10T08:47:04Z</time>
   </trkpt>
   <trkpt lat="51.5653360" lon="-0.0478570">
    <ele>7.2</ele>
    <time>2023-12-10T08:47:05Z</time>
   </trkpt>
   <trkpt lat="51.5652940" lon="-0.0478370">
    <ele>7.2</ele>
    <time>2023-12-10T08:47:06Z</time>
   </trkpt>
   <trkpt lat="51.5652770" lon="-0.0477850">
    <ele>7.2</ele>
    <time>2023-12-10T08:47:07Z</time>
   </trkpt>
   <trkpt lat="51.5652510" lon="-0.0477350">
    <ele>7.2</ele>
    <time>2023-12-10T08:47:08Z</time>
   </trkpt>
   <trkpt lat="51.5652210" lon="-0.0476840">
    <ele>7.2</ele>
    <time>2023-12-10T08:47:09Z</time>
   </trkpt>
   <trkpt lat="51.5651940" lon="-0.0476360">
    <ele>7.2</ele>
    <time>2023-12-10T08:47:10Z</time>
   </trkpt>
   <trkpt lat="51.5651660" lon="-0.0476030">
    <ele>7.2</ele>
    <time>2023-12-10T08:47:11Z</time>
   </trkpt>
   <trkpt lat="51.5651270" lon="-0.0475770">
    <ele>7.2</ele>
    <time>2023-12-10T08:47:12Z</time>
   </trkpt>
   <trkpt lat="51.5650840" lon="-0.0475470">
    <ele>7.2</ele>
    <time>2023-12-10T08:47:13Z</time>
   </trkpt>
   <trkpt lat="51.5650480" lon="-0.0475080">
    <ele>7.2</ele>
    <time>2023-12-10T08:47:14Z</time>
   </trkpt>
   <trkpt lat="51.5650200" lon="-0.0474830">
    <ele>7.2</ele>
    <time>2023-12-10T08:47:15Z</time>
   </trkpt>
   <trkpt lat="51.5649900" lon="-0.0474580">
    <ele>7.2</ele>
    <time>2023-12-10T08:47:16Z</time>
   </trkpt>
   <trkpt lat="51.5649600" lon="-0.0474280">
    <ele>7.2</ele>
    <time>2023-12-10T08:47:17Z</time>
   </trkpt>
   <trkpt lat="51.5649180" lon="-0.0473890">
    <ele>7.2</ele>
    <time>2023-12-10T08:47:18Z</time>
   </trkpt>
   <trkpt lat="51.5648880" lon="-0.0473650">
    <ele>7.2</ele>
    <time>2023-12-10T08:47:19Z</time>
   </trkpt>
   <trkpt lat="51.5648530" lon="-0.0473420">
    <ele>7.2</ele>
    <time>2023-12-10T08:47:20Z</time>
   </trkpt>
   <trkpt lat="51.5648240" lon="-0.0473160">
    <ele>7.2</ele>
    <time>2023-12-10T08:47:21Z</time>
   </trkpt>
   <trkpt lat="51.5648030" lon="-0.0472800">
    <ele>7.2</ele>
    <time>2023-12-10T08:47:22Z</time>
   </trkpt>
   <trkpt lat="51.5647820" lon="-0.0472540">
    <ele>7.2</ele>
    <time>2023-12-10T08:47:23Z</time>
   </trkpt>
   <trkpt lat="51.5647370" lon="-0.0472330">
    <ele>7.2</ele>
    <time>2023-12-10T08:47:24Z</time>
   </trkpt>
   <trkpt lat="51.5647080" lon="-0.0472120">
    <ele>7.2</ele>
    <time>2023-12-10T08:47:25Z</time>
   </trkpt>
   <trkpt lat="51.5646680" lon="-0.0471850">
    <ele>7.2</ele>
    <time>2023-12-10T08:47:26Z</time>
   </trkpt>
   <trkpt lat="51.5646370" lon="-0.0471550">
    <ele>7.2</ele>
    <time>2023-12-10T08:47:27Z</time>
   </trkpt>
   <trkpt lat="51.5645940" lon="-0.0471310">
    <ele>7.2</ele>
    <time>2023-12-10T08:47:28Z</time>
   </trkpt>
   <trkpt lat="51.5645610" lon="-0.0470930">
    <ele>7.2</ele>
    <time>2023-12-10T08:47:29Z</time>
   </trkpt>
   <trkpt lat="51.5645280" lon="-0.0470610">
    <ele>7.2</ele>
    <time>2023-12-10T08:47:30Z</time>
   </trkpt>
   <trkpt lat="51.5644990" lon="-0.0470390">
    <ele>7.2</ele>
    <time>2023-12-10T08:47:31Z</time>
   </trkpt>
   <trkpt lat="51.5644670" lon="-0.0470050">
    <ele>7.2</ele>
    <time>2023-12-10T08:47:32Z</time>
   </trkpt>
   <trkpt lat="51.5644350" lon="-0.0469610">
    <ele>7.2</ele>
    <time>2023-12-10T08:47:33Z</time>
   </trkpt>
   <trkpt lat="51.5644020" lon="-0.0469440">
    <ele>7.2</ele>
    <time>2023-12-10T08:47:34Z</time>
   </trkpt>
   <trkpt lat="51.5643610" lon="-0.0469180">
    <ele>7.2</ele>
    <time>2023-12-10T08:47:35Z</time>
   </trkpt>
   <trkpt lat="51.5643250" lon="-0.0468880">
    <ele>7.3</ele>
    <time>2023-12-10T08:47:36Z</time>
   </trkpt>
   <trkpt lat="51.5642980" lon="-0.0468720">
    <ele>7.3</ele>
    <time>2023-12-10T08:47:37Z</time>
   </trkpt>
   <trkpt lat="51.5642680" lon="-0.0468590">
    <ele>7.3</ele>
    <time>2023-12-10T08:47:38Z</time>
   </trkpt>
   <trkpt lat="51.5642330" lon="-0.0468400">
    <ele>7.4</ele>
    <time>2023-12-10T08:47:39Z</time>
   </trkpt>
   <trkpt lat="51.5642060" lon="-0.0468320">
    <ele>7.4</ele>
    <time>2023-12-10T08:47:40Z</time>
   </trkpt>
   <trkpt lat="51.5641900" lon="-0.0468300">
    <ele>7.4</ele>
    <time>2023-12-10T08:47:41Z</time>
   </trkpt>
   <trkpt lat="51.5641440" lon="-0.0468280">
    <ele>7.4</ele>
    <time>2023-12-10T08:47:42Z</time>
   </trkpt>
   <trkpt lat="51.5640990" lon="-0.0468430">
    <ele>7.4</ele>
    <time>2023-12-10T08:47:43Z</time>
   </trkpt>
   <trkpt lat="51.5640650" lon="-0.0468420">
    <ele>7.4</ele>
    <time>2023-12-10T08:47:44Z</time>
   </trkpt>
   <trkpt lat="51.5640170" lon="-0.0468430">
    <ele>7.3</ele>
    <time>2023-12-10T08:47:45Z</time>
   </trkpt>
   <trkpt lat="51.5639900" lon="-0.0468400">
    <ele>7.3</ele>
    <time>2023-12-10T08:47:46Z</time>
   </trkpt>
   <trkpt lat="51.5639550" lon="-0.0468490">
    <ele>7.3</ele>
    <time>2023-12-10T08:47:47Z</time>
   </trkpt>
   <trkpt lat="51.5639240" lon="-0.0468490">
    <ele>7.3</ele>
    <time>2023-12-10T08:47:48Z</time>
   </trkpt>
   <trkpt lat="51.5638880" lon="-0.0468780">
    <ele>7.3</ele>
    <time>2023-12-10T08:47:49Z</time>
   </trkpt>
   <trkpt lat="51.5638620" lon="-0.0469050">
    <ele>7.3</ele>
    <time>2023-12-10T08:47:50Z</time>
   </trkpt>
   <trkpt lat="51.5638320" lon="-0.0469380">
    <ele>7.3</ele>
    <time>2023-12-10T08:47:51Z</time>
   </trkpt>
   <trkpt lat="51.5638010" lon="-0.0469620">
    <ele>7.3</ele>
    <time>2023-12-10T08:47:52Z</time>
   </trkpt>
   <trkpt lat="51.5637720" lon="-0.0469940">
    <ele>7.3</ele>
    <time>2023-12-10T08:47:53Z</time>
   </trkpt>
   <trkpt lat="51.5637410" lon="-0.0470480">
    <ele>7.3</ele>
    <time>2023-12-10T08:47:54Z</time>
   </trkpt>
   <trkpt lat="51.5637300" lon="-0.0470740">
    <ele>7.3</ele>
    <time>2023-12-10T08:47:55Z</time>
   </trkpt>
   <trkpt lat="51.5637140" lon="-0.0471110">
    <ele>7.3</ele>
    <time>2023-12-10T08:47:56Z</time>
   </trkpt>
   <trkpt lat="51.5636850" lon="-0.0471150">
    <ele>7.2</ele>
    <time>2023-12-10T08:47:57Z</time>
   </trkpt>
   <trkpt lat="51.5636510" lon="-0.0471700">
    <ele>7.2</ele>
    <time>2023-12-10T08:47:58Z</time>
   </trkpt>
   <trkpt lat="51.5636190" lon="-0.0471840">
    <ele>7.2</ele>
    <time>2023-12-10T08:47:59Z</time>
   </trkpt>
   <trkpt lat="51.5636070" lon="-0.0471940">
    <ele>7.2</ele>
    <time>2023-12-10T08:48:00Z</time>
   </trkpt>
   <trkpt lat="51.5635910" lon="-0.0472710">
    <ele>7.2</ele>
    <time>2023-12-10T08:48:01Z</time>
   </trkpt>
   <trkpt lat="51.5635710" lon="-0.0473110">
    <ele>7.2</ele>
    <time>2023-12-10T08:48:02Z</time>
   </trkpt>
   <trkpt lat="51.5635410" lon="-0.0473390">
    <ele>7.2</ele>
    <time>2023-12-10T08:48:03Z</time>
   </trkpt>
   <trkpt lat="51.5635050" lon="-0.0473610">
    <ele>7.2</ele>
    <time>2023-12-10T08:48:04Z</time>
   </trkpt>
   <trkpt lat="51.5634770" lon="-0.0474010">
    <ele>7.2</ele>
    <time>2023-12-10T08:48:05Z</time>
   </trkpt>
   <trkpt lat="51.5634500" lon="-0.0474510">
    <ele>7.2</ele>
    <time>2023-12-10T08:48:06Z</time>
   </trkpt>
   <trkpt lat="51.5634060" lon="-0.0474830">
    <ele>7.2</ele>
    <time>2023-12-10T08:48:07Z</time>
   </trkpt>
   <trkpt lat="51.5633650" lon="-0.0475160">
    <ele>7.2</ele>
    <time>2023-12-10T08:48:08Z</time>
   </trkpt>
   <trkpt lat="51.5633330" lon="-0.0475470">
    <ele>7.3</ele>
    <time>2023-12-10T08:48:09Z</time>
   </trkpt>
   <trkpt lat="51.5633020" lon="-0.0475630">
    <ele>7.3</ele>
    <time>2023-12-10T08:48:10Z</time>
   </trkpt>
   <trkpt lat="51.5632580" lon="-0.0475470">
    <ele>7.3</ele>
    <time>2023-12-10T08:48:11Z</time>
   </trkpt>
   <trkpt lat="51.5632180" lon="-0.0475580">
    <ele>7.3</ele>
    <time>2023-12-10T08:48:12Z</time>
   </trkpt>
   <trkpt lat="51.5631800" lon="-0.0475550">
    <ele>7.3</ele>
    <time>2023-12-10T08:48:13Z</time>
   </trkpt>
   <trkpt lat="51.5631360" lon="-0.0475660">
    <ele>7.3</ele>
    <time>2023-12-10T08:48:14Z</time>
   </trkpt>
   <trkpt lat="51.5631180" lon="-0.0475710">
    <ele>7.3</ele>
    <time>2023-12-10T08:48:15Z</time>
   </trkpt>
   <trkpt lat="51.5630710" lon="-0.0475700">
    <ele>7.3</ele>
    <time>2023-12-10T08:48:16Z</time>
   </trkpt>
   <trkpt lat="51.5630370" lon="-0.0475650">
    <ele>7.3</ele>
    <time>2023-12-10T08:48:17Z</time>
   </trkpt>
   <trkpt lat="51.5630090" lon="-0.0475490">
    <ele>7.3</ele>
    <time>2023-12-10T08:48:18Z</time>
   </trkpt>
   <trkpt lat="51.5629780" lon="-0.0475520">
    <ele>7.3</ele>
    <time>2023-12-10T08:48:19Z</time>
   </trkpt>
   <trkpt lat="51.5629370" lon="-0.0475280">
    <ele>7.3</ele>
    <time>2023-12-10T08:48:20Z</time>
   </trkpt>
   <trkpt lat="51.5628970" lon="-0.0475330">
    <ele>7.3</ele>
    <time>2023-12-10T08:48:21Z</time>
   </trkpt>
   <trkpt lat="51.5628590" lon="-0.0475090">
    <ele>7.3</ele>
    <time>2023-12-10T08:48:22Z</time>
   </trkpt>
   <trkpt lat="51.5628420" lon="-0.0475030">
    <ele>7.3</ele>
    <time>2023-12-10T08:48:23Z</time>
   </trkpt>
   <trkpt lat="51.5628090" lon="-0.0474940">
    <ele>7.3</ele>
    <time>2023-12-10T08:48:24Z</time>
   </trkpt>
   <trkpt lat="51.5627780" lon="-0.0474760">
    <ele>7.3</ele>
    <time>2023-12-10T08:48:25Z</time>
   </trkpt>
   <trkpt lat="51.5627460" lon="-0.0474440">
    <ele>7.3</ele>
    <time>2023-12-10T08:48:26Z</time>
   </trkpt>
   <trkpt lat="51.5627360" lon="-0.0474280">
    <ele>7.3</ele>
    <time>2023-12-10T08:48:27Z</time>
   </trkpt>
   <trkpt lat="51.5627090" lon="-0.0473820">
    <ele>7.3</ele>
    <time>2023-12-10T08:48:28Z</time>
   </trkpt>
   <trkpt lat="51.5626950" lon="-0.0473670">
    <ele>7.3</ele>
    <time>2023-12-10T08:48:29Z</time>
   </trkpt>
   <trkpt lat="51.5626670" lon="-0.0473310">
    <ele>7.3</ele>
    <time>2023-12-10T08:48:30Z</time>
   </trkpt>
   <trkpt lat="51.5626490" lon="-0.0472770">
    <ele>7.3</ele>
    <time>2023-12-10T08:48:31Z</time>
   </trkpt>
   <trkpt lat="51.5626270" lon="-0.0472370">
    <ele>7.3</ele>
    <time>2023-12-10T08:48:32Z</time>
   </trkpt>
   <trkpt lat="51.5626020" lon="-0.0471950">
    <ele>7.3</ele>
    <time>2023-12-10T08:48:33Z</time>
   </trkpt>
   <trkpt lat="51.5625670" lon="-0.0471290">
    <ele>7.3</ele>
    <time>2023-12-10T08:48:34Z</time>
   </trkpt>
   <trkpt lat="51.5625270" lon="-0.0470610">
    <ele>7.3</ele>
    <time>2023-12-10T08:48:35Z</time>
   </trkpt>
   <trkpt lat="51.5624800" lon="-0.0470020">
    <ele>7.3</ele>
    <time>2023-12-10T08:48:36Z</time>
   </trkpt>
   <trkpt lat="51.5624400" lon="-0.0469480">
    <ele>7.3</ele>
    <time>2023-12-10T08:48:37Z</time>
   </trkpt>
   <trkpt lat="51.5624130" lon="-0.0468880">
    <ele>7.2</ele>
    <time>2023-12-10T08:48:38Z</time>
   </trkpt>
   <trkpt lat="51.5623930" lon="-0.0468470">
    <ele>7.2</ele>
    <time>2023-12-10T08:48:39Z</time>
   </trkpt>
   <trkpt lat="51.5623650" lon="-0.0468110">
    <ele>7.2</ele>
    <time>2023-12-10T08:48:40Z</time>
   </trkpt>
   <trkpt lat="51.5623460" lon="-0.0467350">
    <ele>7.2</ele>
    <time>2023-12-10T08:48:41Z</time>
   </trkpt>
   <trkpt lat="51.5623160" lon="-0.0466730">
    <ele>7.2</ele>
    <time>2023-12-10T08:48:42Z</time>
   </trkpt>
   <trkpt lat="51.5622930" lon="-0.0466170">
    <ele>7.2</ele>
    <time>2023-12-10T08:48:43Z</time>
   </trkpt>
   <trkpt lat="51.5622850" lon="-0.0465920">
    <ele>7.2</ele>
    <time>2023-12-10T08:48:44Z</time>
   </trkpt>
   <trkpt lat="51.5622750" lon="-0.0465410">
    <ele>7.2</ele>
    <time>2023-12-10T08:48:45Z</time>
   </trkpt>
   <trkpt lat="51.5622690" lon="-0.0465250">
    <ele>7.2</ele>
    <time>2023-12-10T08:48:46Z</time>
   </trkpt>
   <trkpt lat="51.5622590" lon="-0.0464670">
    <ele>7.2</ele>
    <time>2023-12-10T08:48:47Z</time>
   </trkpt>
   <trkpt lat="51.5622560" lon="-0.0464480">
    <ele>7.2</ele>
    <time>2023-12-10T08:48:48Z</time>
   </trkpt>
   <trkpt lat="51.5622500" lon="-0.0464010">
    <ele>7.1</ele>
    <time>2023-12-10T08:48:49Z</time>
   </trkpt>
   <trkpt lat="51.5622560" lon="-0.0463390">
    <ele>7.1</ele>
    <time>2023-12-10T08:48:50Z</time>
   </trkpt>
   <trkpt lat="51.5622820" lon="-0.0462790">
    <ele>7.1</ele>
    <time>2023-12-10T08:48:51Z</time>
   </trkpt>
   <trkpt lat="51.5622990" lon="-0.0462510">
    <ele>7.1</ele>
    <time>2023-12-10T08:48:52Z</time>
   </trkpt>
   <trkpt lat="51.5622800" lon="-0.0462140">
    <ele>7.0</ele>
    <time>2023-12-10T08:48:53Z</time>
   </trkpt>
   <trkpt lat="51.5622760" lon="-0.0461620">
    <ele>7.0</ele>
    <time>2023-12-10T08:48:54Z</time>
   </trkpt>
   <trkpt lat="51.5622630" lon="-0.0460920">
    <ele>6.9</ele>
    <time>2023-12-10T08:48:55Z</time>
   </trkpt>
   <trkpt lat="51.5622540" lon="-0.0460610">
    <ele>6.9</ele>
    <time>2023-12-10T08:48:56Z</time>
   </trkpt>
   <trkpt lat="51.5622480" lon="-0.0460040">
    <ele>6.9</ele>
    <time>2023-12-10T08:48:57Z</time>
   </trkpt>
   <trkpt lat="51.5622520" lon="-0.0459440">
    <ele>6.8</ele>
    <time>2023-12-10T08:48:58Z</time>
   </trkpt>
   <trkpt lat="51.5622520" lon="-0.0458900">
    <ele>6.8</ele>
    <time>2023-12-10T08:48:59Z</time>
   </trkpt>
   <trkpt lat="51.5622460" lon="-0.0458690">
    <ele>6.8</ele>
    <time>2023-12-10T08:49:00Z</time>
   </trkpt>
   <trkpt lat="51.5622250" lon="-0.0458270">
    <ele>6.8</ele>
    <time>2023-12-10T08:49:01Z</time>
   </trkpt>
   <trkpt lat="51.5622190" lon="-0.0458130">
    <ele>6.8</ele>
    <time>2023-12-10T08:49:02Z</time>
   </trkpt>
   <trkpt lat="51.5621850" lon="-0.0457850">
    <ele>6.8</ele>
    <time>2023-12-10T08:49:03Z</time>
   </trkpt>
   <trkpt lat="51.5621720" lon="-0.0457820">
    <ele>6.8</ele>
    <time>2023-12-10T08:49:04Z</time>
   </trkpt>
   <trkpt lat="51.5621510" lon="-0.0457440">
    <ele>6.7</ele>
    <time>2023-12-10T08:49:05Z</time>
   </trkpt>
   <trkpt lat="51.5621060" lon="-0.0456980">
    <ele>6.7</ele>
    <time>2023-12-10T08:49:06Z</time>
   </trkpt>
   <trkpt lat="51.5620470" lon="-0.0456480">
    <ele>6.7</ele>
    <time>2023-12-10T08:49:07Z</time>
   </trkpt>
   <trkpt lat="51.5620020" lon="-0.0456020">
    <ele>6.7</ele>
    <time>2023-12-10T08:49:08Z</time>
   </trkpt>
   <trkpt lat="51.5619650" lon="-0.0455640">
    <ele>6.7</ele>
    <time>2023-12-10T08:49:09Z</time>
   </trkpt>
   <trkpt lat="51.5619210" lon="-0.0455220">
    <ele>6.7</ele>
    <time>2023-12-10T08:49:10Z</time>
   </trkpt>
   <trkpt lat="51.5618790" lon="-0.0454890">
    <ele>6.7</ele>
    <time>2023-12-10T08:49:11Z</time>
   </trkpt>
   <trkpt lat="51.5618450" lon="-0.0454510">
    <ele>6.7</ele>
    <time>2023-12-10T08:49:12Z</time>
   </trkpt>
   <trkpt lat="51.5618210" lon="-0.0454120">
    <ele>6.7</ele>
    <time>2023-12-10T08:49:13Z</time>
   </trkpt>
   <trkpt lat="51.5617880" lon="-0.0453660">
    <ele>6.7</ele>
    <time>2023-12-10T08:49:14Z</time>
   </trkpt>
   <trkpt lat="51.5617530" lon="-0.0453280">
    <ele>6.8</ele>
    <time>2023-12-10T08:49:15Z</time>
   </trkpt>
   <trkpt lat="51.5617250" lon="-0.0452930">
    <ele>6.8</ele>
    <time>2023-12-10T08:49:16Z</time>
   </trkpt>
   <trkpt lat="51.5616930" lon="-0.0452570">
    <ele>6.8</ele>
    <time>2023-12-10T08:49:17Z</time>
   </trkpt>
   <trkpt lat="51.5616660" lon="-0.0452420">
    <ele>6.9</ele>
    <time>2023-12-10T08:49:18Z</time>
   </trkpt>
   <trkpt lat="51.5616390" lon="-0.0452230">
    <ele>6.9</ele>
    <time>2023-12-10T08:49:19Z</time>
   </trkpt>
   <trkpt lat="51.5616130" lon="-0.0451840">
    <ele>7.0</ele>
    <time>2023-12-10T08:49:20Z</time>
   </trkpt>
   <trkpt lat="51.5615940" lon="-0.0451520">
    <ele>7.1</ele>
    <time>2023-12-10T08:49:21Z</time>
   </trkpt>
   <trkpt lat="51.5615700" lon="-0.0451300">
    <ele>7.1</ele>
    <time>2023-12-10T08:49:22Z</time>
   </trkpt>
   <trkpt lat="51.5615430" lon="-0.0451070">
    <ele>7.2</ele>
    <time>2023-12-10T08:49:23Z</time>
   </trkpt>
   <trkpt lat="51.5615030" lon="-0.0451080">
    <ele>7.3</ele>
    <time>2023-12-10T08:49:24Z</time>
   </trkpt>
   <trkpt lat="51.5614830" lon="-0.0450620">
    <ele>7.4</ele>
    <time>2023-12-10T08:49:25Z</time>
   </trkpt>
   <trkpt lat="51.5614510" lon="-0.0450320">
    <ele>7.5</ele>
    <time>2023-12-10T08:49:26Z</time>
   </trkpt>
   <trkpt lat="51.5614210" lon="-0.0450050">
    <ele>7.6</ele>
    <time>2023-12-10T08:49:27Z</time>
   </trkpt>
   <trkpt lat="51.5613780" lon="-0.0449860">
    <ele>7.7</ele>
    <time>2023-12-10T08:49:28Z</time>
   </trkpt>
   <trkpt lat="51.5613500" lon="-0.0449480">
    <ele>7.9</ele>
    <time>2023-12-10T08:49:29Z</time>
   </trkpt>
   <trkpt lat="51.5613150" lon="-0.0449290">
    <ele>8.0</ele>
    <time>2023-12-10T08:49:30Z</time>
   </trkpt>
   <trkpt lat="51.5612300" lon="-0.0448810">
    <ele>8.3</ele>
    <time>2023-12-10T08:49:31Z</time>
   </trkpt>
   <trkpt lat="51.5612020" lon="-0.0448320">
    <ele>8.4</ele>
    <time>2023-12-10T08:49:32Z</time>
   </trkpt>
   <trkpt lat="51.5611930" lon="-0.0448080">
    <ele>8.5</ele>
    <time>2023-12-10T08:49:33Z</time>
   </trkpt>
   <trkpt lat="51.5611580" lon="-0.0447680">
    <ele>8.6</ele>
    <time>2023-12-10T08:49:34Z</time>
   </trkpt>
   <trkpt lat="51.5611310" lon="-0.0447230">
    <ele>8.6</ele>
    <time>2023-12-10T08:49:35Z</time>
   </trkpt>
   <trkpt lat="51.5611060" lon="-0.0446890">
    <ele>8.6</ele>
    <time>2023-12-10T08:49:36Z</time>
   </trkpt>
   <trkpt lat="51.5610850" lon="-0.0446480">
    <ele>8.6</ele>
    <time>2023-12-10T08:49:37Z</time>
   </trkpt>
   <trkpt lat="51.5610720" lon="-0.0445640">
    <ele>8.4</ele>
    <time>2023-12-10T08:49:38Z</time>
   </trkpt>
   <trkpt lat="51.5610590" lon="-0.0445020">
    <ele>8.3</ele>
    <time>2023-12-10T08:49:39Z</time>
   </trkpt>
   <trkpt lat="51.5610520" lon="-0.0444670">
    <ele>8.2</ele>
    <time>2023-12-10T08:49:40Z</time>
   </trkpt>
   <trkpt lat="51.5610370" lon="-0.0444160">
    <ele>8.2</ele>
    <time>2023-12-10T08:49:41Z</time>
   </trkpt>
   <trkpt lat="51.5610260" lon="-0.0443670">
    <ele>8.1</ele>
    <time>2023-12-10T08:49:42Z</time>
   </trkpt>
   <trkpt lat="51.5610290" lon="-0.0443030">
    <ele>8.1</ele>
    <time>2023-12-10T08:49:43Z</time>
   </trkpt>
   <trkpt lat="51.5609990" lon="-0.0442410">
    <ele>8.0</ele>
    <time>2023-12-10T08:49:44Z</time>
   </trkpt>
   <trkpt lat="51.5609780" lon="-0.0441880">
    <ele>8.0</ele>
    <time>2023-12-10T08:49:45Z</time>
   </trkpt>
   <trkpt lat="51.5609620" lon="-0.0441060">
    <ele>7.9</ele>
    <time>2023-12-10T08:49:46Z</time>
   </trkpt>
   <trkpt lat="51.5609470" lon="-0.0440500">
    <ele>7.9</ele>
    <time>2023-12-10T08:49:47Z</time>
   </trkpt>
   <trkpt lat="51.5609260" lon="-0.0440070">
    <ele>7.9</ele>
    <time>2023-12-10T08:49:48Z</time>
   </trkpt>
   <trkpt lat="51.5609160" lon="-0.0439380">
    <ele>7.9</ele>
    <time>2023-12-10T08:49:49Z</time>
   </trkpt>
   <trkpt lat="51.5608940" lon="-0.0438890">
    <ele>8.0</ele>
    <time>2023-12-10T08:49:50Z</time>
   </trkpt>
   <trkpt lat="51.5608720" lon="-0.0438190">
    <ele>8.0</ele>
    <time>2023-12-10T08:49:51Z</time>
   </trkpt>
   <trkpt lat="51.5608610" lon="-0.0437860">
    <ele>8.1</ele>
    <time>2023-12-10T08:49:52Z</time>
   </trkpt>
   <trkpt lat="51.5608450" lon="-0.0437240">
    <ele>8.1</ele>
    <time>2023-12-10T08:49:53Z</time>
   </trkpt>
   <trkpt lat="51.5608330" lon="-0.0437020">
    <ele>8.2</ele>
    <time>2023-12-10T08:49:54Z</time>
   </trkpt>
   <trkpt lat="51.5608300" lon="-0.0436740">
    <ele>8.2</ele>
    <time>2023-12-10T08:49:55Z</time>
   </trkpt>
   <trkpt lat="51.5608430" lon="-0.0436550">
    <ele>8.2</ele>
    <time>2023-12-10T08:49:56Z</time>
   </trkpt>
   <trkpt lat="51.5608660" lon="-0.0436280">
    <ele>8.2</ele>
    <time>2023-12-10T08:49:57Z</time>
   </trkpt>
   <trkpt lat="51.5609080" lon="-0.0436220">
    <ele>8.2</ele>
    <time>2023-12-10T08:49:58Z</time>
   </trkpt>
   <trkpt lat="51.5609390" lon="-0.0435990">
    <ele>8.1</ele>
    <time>2023-12-10T08:49:59Z</time>
   </trkpt>
   <trkpt lat="51.5609710" lon="-0.0435590">
    <ele>8.1</ele>
    <time>2023-12-10T08:50:00Z</time>
   </trkpt>
   <trkpt lat="51.5609840" lon="-0.0435440">
    <ele>8.1</ele>
    <time>2023-12-10T08:50:01Z</time>
   </trkpt>
   <trkpt lat="51.5610080" lon="-0.0434790">
    <ele>7.9</ele>
    <time>2023-12-10T08:50:02Z</time>
   </trkpt>
   <trkpt lat="51.5610150" lon="-0.0434490">
    <ele>7.8</ele>
    <time>2023-12-10T08:50:03Z</time>
   </trkpt>
   <trkpt lat="51.5610200" lon="-0.0433850">
    <ele>7.7</ele>
    <time>2023-12-10T08:50:04Z</time>
   </trkpt>
   <trkpt lat="51.5610250" lon="-0.0433220">
    <ele>7.6</ele>
    <time>2023-12-10T08:50:05Z</time>
   </trkpt>
   <trkpt lat="51.5610110" lon="-0.0432680">
    <ele>7.5</ele>
    <time>2023-12-10T08:50:06Z</time>
   </trkpt>
   <trkpt lat="51.5609880" lon="-0.0432160">
    <ele>7.3</ele>
    <time>2023-12-10T08:50:07Z</time>
   </trkpt>
   <trkpt lat="51.5609790" lon="-0.0431680">
    <ele>7.2</ele>
    <time>2023-12-10T08:50:08Z</time>
   </trkpt>
   <trkpt lat="51.5609530" lon="-0.0430900">
    <ele>7.1</ele>
    <time>2023-12-10T08:50:09Z</time>
   </trkpt>
   <trkpt lat="51.5609340" lon="-0.0430510">
    <ele>7.1</ele>
    <time>2023-12-10T08:50:10Z</time>
   </trkpt>
   <trkpt lat="51.5609210" lon="-0.0429930">
    <ele>7.0</ele>
    <time>2023-12-10T08:50:11Z</time>
   </trkpt>
   <trkpt lat="51.5609100" lon="-0.0429530">
    <ele>7.0</ele>
    <time>2023-12-10T08:50:12Z</time>
   </trkpt>
   <trkpt lat="51.5608920" lon="-0.0429020">
    <ele>7.0</ele>
    <time>2023-12-10T08:50:13Z</time>
   </trkpt>
   <trkpt lat="51.5608770" lon="-0.0428550">
    <ele>6.9</ele>
    <time>2023-12-10T08:50:14Z</time>
   </trkpt>
   <trkpt lat="51.5608660" lon="-0.0428010">
    <ele>6.9</ele>
    <time>2023-12-10T08:50:15Z</time>
   </trkpt>
   <trkpt lat="51.5608540" lon="-0.0427520">
    <ele>6.9</ele>
    <time>2023-12-10T08:50:16Z</time>
   </trkpt>
   <trkpt lat="51.5608360" lon="-0.0427150">
    <ele>6.9</ele>
    <time>2023-12-10T08:50:17Z</time>
   </trkpt>
   <trkpt lat="51.5608280" lon="-0.0426520">
    <ele>6.9</ele>
    <time>2023-12-10T08:50:18Z</time>
   </trkpt>
   <trkpt lat="51.5608120" lon="-0.0426110">
    <ele>6.9</ele>
    <time>2023-12-10T08:50:19Z</time>
   </trkpt>
   <trkpt lat="51.5607890" lon="-0.0425660">
    <ele>6.8</ele>
    <time>2023-12-10T08:50:20Z</time>
   </trkpt>
   <trkpt lat="51.5607670" lon="-0.0425150">
    <ele>6.8</ele>
    <time>2023-12-10T08:50:21Z</time>
   </trkpt>
   <trkpt lat="51.5607570" lon="-0.0424490">
    <ele>6.8</ele>
    <time>2023-12-10T08:50:22Z</time>
   </trkpt>
   <trkpt lat="51.5607420" lon="-0.0423840">
    <ele>6.8</ele>
    <time>2023-12-10T08:50:23Z</time>
   </trkpt>
   <trkpt lat="51.5607340" lon="-0.0423320">
    <ele>6.8</ele>
    <time>2023-12-10T08:50:24Z</time>
   </trkpt>
   <trkpt lat="51.5607190" lon="-0.0422850">
    <ele>6.8</ele>
    <time>2023-12-10T08:50:25Z</time>
   </trkpt>
   <trkpt lat="51.5607060" lon="-0.0422240">
    <ele>6.8</ele>
    <time>2023-12-10T08:50:26Z</time>
   </trkpt>
   <trkpt lat="51.5606910" lon="-0.0421680">
    <ele>6.8</ele>
    <time>2023-12-10T08:50:27Z</time>
   </trkpt>
   <trkpt lat="51.5606780" lon="-0.0421130">
    <ele>6.8</ele>
    <time>2023-12-10T08:50:28Z</time>
   </trkpt>
   <trkpt lat="51.5606620" lon="-0.0420430">
    <ele>6.8</ele>
    <time>2023-12-10T08:50:29Z</time>
   </trkpt>
   <trkpt lat="51.5606560" lon="-0.0420080">
    <ele>6.8</ele>
    <time>2023-12-10T08:50:30Z</time>
   </trkpt>
   <trkpt lat="51.5606440" lon="-0.0419560">
    <ele>6.8</ele>
    <time>2023-12-10T08:50:31Z</time>
   </trkpt>
   <trkpt lat="51.5606240" lon="-0.0418990">
    <ele>6.8</ele>
    <time>2023-12-10T08:50:32Z</time>
   </trkpt>
   <trkpt lat="51.5606100" lon="-0.0418370">
    <ele>6.8</ele>
    <time>2023-12-10T08:50:33Z</time>
   </trkpt>
   <trkpt lat="51.5605960" lon="-0.0417920">
    <ele>6.8</ele>
    <time>2023-12-10T08:50:34Z</time>
   </trkpt>
   <trkpt lat="51.5605800" lon="-0.0417330">
    <ele>6.8</ele>
    <time>2023-12-10T08:50:35Z</time>
   </trkpt>
   <trkpt lat="51.5605740" lon="-0.0416830">
    <ele>6.8</ele>
    <time>2023-12-10T08:50:36Z</time>
   </trkpt>
   <trkpt lat="51.5605590" lon="-0.0416290">
    <ele>6.8</ele>
    <time>2023-12-10T08:50:37Z</time>
   </trkpt>
   <trkpt lat="51.5605380" lon="-0.0415550">
    <ele>6.8</ele>
    <time>2023-12-10T08:50:39Z</time>
   </trkpt>
   <trkpt lat="51.5605200" lon="-0.0414990">
    <ele>6.8</ele>
    <time>2023-12-10T08:50:40Z</time>
   </trkpt>
   <trkpt lat="51.5605020" lon="-0.0414490">
    <ele>6.8</ele>
    <time>2023-12-10T08:50:41Z</time>
   </trkpt>
   <trkpt lat="51.5604860" lon="-0.0413970">
    <ele>6.8</ele>
    <time>2023-12-10T08:50:42Z</time>
   </trkpt>
   <trkpt lat="51.5604660" lon="-0.0413450">
    <ele>6.8</ele>
    <time>2023-12-10T08:50:43Z</time>
   </trkpt>
   <trkpt lat="51.5604440" lon="-0.0413090">
    <ele>6.8</ele>
    <time>2023-12-10T08:50:44Z</time>
   </trkpt>
   <trkpt lat="51.5604200" lon="-0.0412550">
    <ele>6.8</ele>
    <time>2023-12-10T08:50:45Z</time>
   </trkpt>
   <trkpt lat="51.5604020" lon="-0.0412090">
    <ele>6.8</ele>
    <time>2023-12-10T08:50:46Z</time>
   </trkpt>
   <trkpt lat="51.5603820" lon="-0.0411700">
    <ele>6.8</ele>
    <time>2023-12-10T08:50:47Z</time>
   </trkpt>
   <trkpt lat="51.5603530" lon="-0.0411180">
    <ele>6.8</ele>
    <time>2023-12-10T08:50:48Z</time>
   </trkpt>
   <trkpt lat="51.5603300" lon="-0.0410910">
    <ele>6.8</ele>
    <time>2023-12-10T08:50:49Z</time>
   </trkpt>
   <trkpt lat="51.5603160" lon="-0.0410460">
    <ele>6.8</ele>
    <time>2023-12-10T08:50:50Z</time>
   </trkpt>
   <trkpt lat="51.5603010" lon="-0.0409990">
    <ele>6.8</ele>
    <time>2023-12-10T08:50:51Z</time>
   </trkpt>
   <trkpt lat="51.5602870" lon="-0.0409590">
    <ele>6.8</ele>
    <time>2023-12-10T08:50:52Z</time>
   </trkpt>
   <trkpt lat="51.5602550" lon="-0.0409120">
    <ele>6.8</ele>
    <time>2023-12-10T08:50:53Z</time>
   </trkpt>
   <trkpt lat="51.5602320" lon="-0.0408640">
    <ele>6.8</ele>
    <time>2023-12-10T08:50:54Z</time>
   </trkpt>
   <trkpt lat="51.5602140" lon="-0.0408110">
    <ele>6.8</ele>
    <time>2023-12-10T08:50:55Z</time>
   </trkpt>
   <trkpt lat="51.5601890" lon="-0.0407590">
    <ele>6.8</ele>
    <time>2023-12-10T08:50:56Z</time>
   </trkpt>
   <trkpt lat="51.5601690" lon="-0.0407190">
    <ele>6.8</ele>
    <time>2023-12-10T08:50:57Z</time>
   </trkpt>
   <trkpt lat="51.5601700" lon="-0.0406610">
    <ele>6.8</ele>
    <time>2023-12-10T08:50:58Z</time>
   </trkpt>
   <trkpt lat="51.5601520" lon="-0.0405940">
    <ele>6.8</ele>
    <time>2023-12-10T08:50:59Z</time>
   </trkpt>
   <trkpt lat="51.5601370" lon="-0.0405430">
    <ele>6.8</ele>
    <time>2023-12-10T08:51:00Z</time>
   </trkpt>
   <trkpt lat="51.5601190" lon="-0.0404770">
    <ele>6.8</ele>
    <time>2023-12-10T08:51:01Z</time>
   </trkpt>
   <trkpt lat="51.5601110" lon="-0.0404250">
    <ele>6.8</ele>
    <time>2023-12-10T08:51:02Z</time>
   </trkpt>
   <trkpt lat="51.5600880" lon="-0.0403720">
    <ele>6.8</ele>
    <time>2023-12-10T08:51:03Z</time>
   </trkpt>
   <trkpt lat="51.5600730" lon="-0.0403130">
    <ele>6.8</ele>
    <time>2023-12-10T08:51:04Z</time>
   </trkpt>
   <trkpt lat="51.5600630" lon="-0.0402630">
    <ele>6.8</ele>
    <time>2023-12-10T08:51:05Z</time>
   </trkpt>
   <trkpt lat="51.5600410" lon="-0.0402060">
    <ele>6.8</ele>
    <time>2023-12-10T08:51:06Z</time>
   </trkpt>
   <trkpt lat="51.5600160" lon="-0.0401760">
    <ele>6.8</ele>
    <time>2023-12-10T08:51:07Z</time>
   </trkpt>
   <trkpt lat="51.5600080" lon="-0.0401220">
    <ele>6.8</ele>
    <time>2023-12-10T08:51:08Z</time>
   </trkpt>
   <trkpt lat="51.5600000" lon="-0.0400670">
    <ele>6.8</ele>
    <time>2023-12-10T08:51:09Z</time>
   </trkpt>
   <trkpt lat="51.5599830" lon="-0.0400250">
    <ele>6.8</ele>
    <time>2023-12-10T08:51:10Z</time>
   </trkpt>
   <trkpt lat="51.5599550" lon="-0.0399680">
    <ele>6.8</ele>
    <time>2023-12-10T08:51:11Z</time>
   </trkpt>
   <trkpt lat="51.5599230" lon="-0.0399100">
    <ele>6.8</ele>
    <time>2023-12-10T08:51:12Z</time>
   </trkpt>
   <trkpt lat="51.5598950" lon="-0.0398650">
    <ele>6.8</ele>
    <time>2023-12-10T08:51:13Z</time>
   </trkpt>
   <trkpt lat="51.5598630" lon="-0.0398280">
    <ele>6.8</ele>
    <time>2023-12-10T08:51:14Z</time>
   </trkpt>
   <trkpt lat="51.5598320" lon="-0.0397840">
    <ele>6.8</ele>
    <time>2023-12-10T08:51:15Z</time>
   </trkpt>
   <trkpt lat="51.5597720" lon="-0.0397120">
    <ele>6.8</ele>
    <time>2023-12-10T08:51:16Z</time>
   </trkpt>
   <trkpt lat="51.5597490" lon="-0.0396740">
    <ele>6.8</ele>
    <time>2023-12-10T08:51:17Z</time>
   </trkpt>
   <trkpt lat="51.5597290" lon="-0.0396360">
    <ele>6.9</ele>
    <time>2023-12-10T08:51:18Z</time>
   </trkpt>
   <trkpt lat="51.5597150" lon="-0.0395740">
    <ele>6.9</ele>
    <time>2023-12-10T08:51:19Z</time>
   </trkpt>
   <trkpt lat="51.5597110" lon="-0.0395270">
    <ele>7.0</ele>
    <time>2023-12-10T08:51:20Z</time>
   </trkpt>
   <trkpt lat="51.5597120" lon="-0.0394800">
    <ele>7.1</ele>
    <time>2023-12-10T08:51:21Z</time>
   </trkpt>
   <trkpt lat="51.5597160" lon="-0.0394120">
    <ele>7.2</ele>
    <time>2023-12-10T08:51:22Z</time>
   </trkpt>
   <trkpt lat="51.5597120" lon="-0.0393600">
    <ele>7.2</ele>
    <time>2023-12-10T08:51:23Z</time>
   </trkpt>
   <trkpt lat="51.5597030" lon="-0.0393060">
    <ele>7.3</ele>
    <time>2023-12-10T08:51:24Z</time>
   </trkpt>
   <trkpt lat="51.5597020" lon="-0.0392860">
    <ele>7.3</ele>
    <time>2023-12-10T08:51:25Z</time>
   </trkpt>
   <trkpt lat="51.5596990" lon="-0.0392420">
    <ele>7.4</ele>
    <time>2023-12-10T08:51:26Z</time>
   </trkpt>
   <trkpt lat="51.5597060" lon="-0.0391930">
    <ele>7.4</ele>
    <time>2023-12-10T08:51:27Z</time>
   </trkpt>
   <trkpt lat="51.5597190" lon="-0.0391410">
    <ele>7.4</ele>
    <time>2023-12-10T08:51:28Z</time>
   </trkpt>
   <trkpt lat="51.5597190" lon="-0.0390740">
    <ele>7.5</ele>
    <time>2023-12-10T08:51:29Z</time>
   </trkpt>
   <trkpt lat="51.5597240" lon="-0.0390180">
    <ele>7.5</ele>
    <time>2023-12-10T08:51:30Z</time>
   </trkpt>
   <trkpt lat="51.5597400" lon="-0.0389750">
    <ele>7.6</ele>
    <time>2023-12-10T08:51:31Z</time>
   </trkpt>
   <trkpt lat="51.5597580" lon="-0.0389380">
    <ele>7.6</ele>
    <time>2023-12-10T08:51:32Z</time>
   </trkpt>
   <trkpt lat="51.5597870" lon="-0.0388950">
    <ele>7.7</ele>
    <time>2023-12-10T08:51:33Z</time>
   </trkpt>
   <trkpt lat="51.5597990" lon="-0.0388760">
    <ele>7.7</ele>
    <time>2023-12-10T08:51:34Z</time>
   </trkpt>
   <trkpt lat="51.5598100" lon="-0.0388350">
    <ele>7.7</ele>
    <time>2023-12-10T08:51:35Z</time>
   </trkpt>
   <trkpt lat="51.5598440" lon="-0.0387740">
    <ele>7.8</ele>
    <time>2023-12-10T08:51:36Z</time>
   </trkpt>
   <trkpt lat="51.5598700" lon="-0.0387140">
    <ele>7.7</ele>
    <time>2023-12-10T08:51:37Z</time>
   </trkpt>
   <trkpt lat="51.5598930" lon="-0.0386480">
    <ele>7.7</ele>
    <time>2023-12-10T08:51:38Z</time>
   </trkpt>
   <trkpt lat="51.5599230" lon="-0.0386280">
    <ele>7.7</ele>
    <time>2023-12-10T08:51:39Z</time>
   </trkpt>
   <trkpt lat="51.5599380" lon="-0.0385630">
    <ele>7.7</ele>
    <time>2023-12-10T08:51:40Z</time>
   </trkpt>
   <trkpt lat="51.5599600" lon="-0.0385190">
    <ele>7.6</ele>
    <time>2023-12-10T08:51:41Z</time>
   </trkpt>
   <trkpt lat="51.5599760" lon="-0.0384560">
    <ele>7.6</ele>
    <time>2023-12-10T08:51:42Z</time>
   </trkpt>
   <trkpt lat="51.5600000" lon="-0.0383940">
    <ele>7.6</ele>
    <time>2023-12-10T08:51:43Z</time>
   </trkpt>
   <trkpt lat="51.5600270" lon="-0.0383340">
    <ele>7.5</ele>
    <time>2023-12-10T08:51:44Z</time>
   </trkpt>
   <trkpt lat="51.5600490" lon="-0.0382790">
    <ele>7.5</ele>
    <time>2023-12-10T08:51:45Z</time>
   </trkpt>
   <trkpt lat="51.5600690" lon="-0.0382230">
    <ele>7.5</ele>
    <time>2023-12-10T08:51:46Z</time>
   </trkpt>
   <trkpt lat="51.5600900" lon="-0.0381670">
    <ele>7.5</ele>
    <time>2023-12-10T08:51:47Z</time>
   </trkpt>
   <trkpt lat="51.5601060" lon="-0.0381210">
    <ele>7.5</ele>
    <time>2023-12-10T08:51:48Z</time>
   </trkpt>
   <trkpt lat="51.5601300" lon="-0.0380610">
    <ele>7.5</ele>
    <time>2023-12-10T08:51:49Z</time>
   </trkpt>
   <trkpt lat="51.5601480" lon="-0.0380110">
    <ele>7.5</ele>
    <time>2023-12-10T08:51:50Z</time>
   </trkpt>
   <trkpt lat="51.5601720" lon="-0.0379540">
    <ele>7.5</ele>
    <time>2023-12-10T08:51:51Z</time>
   </trkpt>
   <trkpt lat="51.5601900" lon="-0.0378940">
    <ele>7.4</ele>
    <time>2023-12-10T08:51:52Z</time>
   </trkpt>
   <trkpt lat="51.5602100" lon="-0.0378450">
    <ele>7.4</ele>
    <time>2023-12-10T08:51:53Z</time>
   </trkpt>
   <trkpt lat="51.5602350" lon="-0.0377940">
    <ele>7.4</ele>
    <time>2023-12-10T08:51:54Z</time>
   </trkpt>
   <trkpt lat="51.5602560" lon="-0.0377410">
    <ele>7.4</ele>
    <time>2023-12-10T08:51:55Z</time>
   </trkpt>
   <trkpt lat="51.5602790" lon="-0.0376860">
    <ele>7.3</ele>
    <time>2023-12-10T08:51:56Z</time>
   </trkpt>
   <trkpt lat="51.5603010" lon="-0.0376370">
    <ele>7.3</ele>
    <time>2023-12-10T08:51:57Z</time>
   </trkpt>
   <trkpt lat="51.5603360" lon="-0.0376170">
    <ele>7.3</ele>
    <time>2023-12-10T08:51:58Z</time>
   </trkpt>
   <trkpt lat="51.5603570" lon="-0.0375680">
    <ele>7.3</ele>
    <time>2023-12-10T08:51:59Z</time>
   </trkpt>
   <trkpt lat="51.5603750" lon="-0.0375070">
    <ele>7.3</ele>
    <time>2023-12-10T08:52:00Z</time>
   </trkpt>
   <trkpt lat="51.5604000" lon="-0.0374580">
    <ele>7.2</ele>
    <time>2023-12-10T08:52:01Z</time>
   </trkpt>
   <trkpt lat="51.5604220" lon="-0.0374140">
    <ele>7.2</ele>
    <time>2023-12-10T08:52:02Z</time>
   </trkpt>
   <trkpt lat="51.5604490" lon="-0.0373560">
    <ele>7.2</ele>
    <time>2023-12-10T08:52:03Z</time>
   </trkpt>
   <trkpt lat="51.5604660" lon="-0.0373040">
    <ele>7.2</ele>
    <time>2023-12-10T08:52:04Z</time>
   </trkpt>
   <trkpt lat="51.5604820" lon="-0.0372520">
    <ele>7.2</ele>
    <time>2023-12-10T08:52:05Z</time>
   </trkpt>
   <trkpt lat="51.5605050" lon="-0.0372020">
    <ele>7.2</ele>
    <time>2023-12-10T08:52:06Z</time>
   </trkpt>
   <trkpt lat="51.5605280" lon="-0.0371560">
    <ele>7.2</ele>
    <time>2023-12-10T08:52:07Z</time>
   </trkpt>
   <trkpt lat="51.5605450" lon="-0.0371000">
    <ele>7.2</ele>
    <time>2023-12-10T08:52:08Z</time>
   </trkpt>
   <trkpt lat="51.5605660" lon="-0.0370550">
    <ele>7.2</ele>
    <time>2023-12-10T08:52:09Z</time>
   </trkpt>
   <trkpt lat="51.5605960" lon="-0.0370090">
    <ele>7.2</ele>
    <time>2023-12-10T08:52:10Z</time>
   </trkpt>
   <trkpt lat="51.5606180" lon="-0.0369540">
    <ele>7.2</ele>
    <time>2023-12-10T08:52:11Z</time>
   </trkpt>
   <trkpt lat="51.5606470" lon="-0.0369130">
    <ele>7.2</ele>
    <time>2023-12-10T08:52:12Z</time>
   </trkpt>
   <trkpt lat="51.5606780" lon="-0.0368810">
    <ele>7.2</ele>
    <time>2023-12-10T08:52:13Z</time>
   </trkpt>
   <trkpt lat="51.5607120" lon="-0.0368290">
    <ele>7.2</ele>
    <time>2023-12-10T08:52:14Z</time>
   </trkpt>
   <trkpt lat="51.5607500" lon="-0.0368000">
    <ele>7.2</ele>
    <time>2023-12-10T08:52:15Z</time>
   </trkpt>
   <trkpt lat="51.5607810" lon="-0.0367780">
    <ele>7.2</ele>
    <time>2023-12-10T08:52:16Z</time>
   </trkpt>
   <trkpt lat="51.5608150" lon="-0.0367580">
    <ele>7.2</ele>
    <time>2023-12-10T08:52:17Z</time>
   </trkpt>
   <trkpt lat="51.5608510" lon="-0.0367490">
    <ele>7.2</ele>
    <time>2023-12-10T08:52:18Z</time>
   </trkpt>
   <trkpt lat="51.5608940" lon="-0.0367450">
    <ele>7.2</ele>
    <time>2023-12-10T08:52:19Z</time>
   </trkpt>
   <trkpt lat="51.5609300" lon="-0.0367290">
    <ele>7.2</ele>
    <time>2023-12-10T08:52:20Z</time>
   </trkpt>
   <trkpt lat="51.5609670" lon="-0.0367280">
    <ele>7.2</ele>
    <time>2023-12-10T08:52:21Z</time>
   </trkpt>
   <trkpt lat="51.5610040" lon="-0.0367380">
    <ele>7.2</ele>
    <time>2023-12-10T08:52:22Z</time>
   </trkpt>
   <trkpt lat="51.5610460" lon="-0.0367380">
    <ele>7.2</ele>
    <time>2023-12-10T08:52:23Z</time>
   </trkpt>
   <trkpt lat="51.5610840" lon="-0.0367450">
    <ele>7.1</ele>
    <time>2023-12-10T08:52:24Z</time>
   </trkpt>
   <trkpt lat="51.5611130" lon="-0.0367680">
    <ele>7.1</ele>
    <time>2023-12-10T08:52:25Z</time>
   </trkpt>
   <trkpt lat="51.5611510" lon="-0.0367930">
    <ele>7.1</ele>
    <time>2023-12-10T08:52:26Z</time>
   </trkpt>
   <trkpt lat="51.5611890" lon="-0.0367950">
    <ele>7.1</ele>
    <time>2023-12-10T08:52:27Z</time>
   </trkpt>
   <trkpt lat="51.5612230" lon="-0.0367930">
    <ele>7.0</ele>
    <time>2023-12-10T08:52:28Z</time>
   </trkpt>
   <trkpt lat="51.5612590" lon="-0.0367680">
    <ele>7.0</ele>
    <time>2023-12-10T08:52:29Z</time>
   </trkpt>
   <trkpt lat="51.5612880" lon="-0.0367220">
    <ele>7.0</ele>
    <time>2023-12-10T08:52:30Z</time>
   </trkpt>
   <trkpt lat="51.5613050" lon="-0.0366590">
    <ele>7.0</ele>
    <time>2023-12-10T08:52:31Z</time>
   </trkpt>
   <trkpt lat="51.5613020" lon="-0.0365900">
    <ele>7.0</ele>
    <time>2023-12-10T08:52:32Z</time>
   </trkpt>
   <trkpt lat="51.5613040" lon="-0.0365360">
    <ele>7.0</ele>
    <time>2023-12-10T08:52:33Z</time>
   </trkpt>
   <trkpt lat="51.5612930" lon="-0.0364910">
    <ele>7.0</ele>
    <time>2023-12-10T08:52:34Z</time>
   </trkpt>
   <trkpt lat="51.5612940" lon="-0.0364280">
    <ele>7.0</ele>
    <time>2023-12-10T08:52:35Z</time>
   </trkpt>
   <trkpt lat="51.5612870" lon="-0.0363410">
    <ele>7.0</ele>
    <time>2023-12-10T08:52:37Z</time>
   </trkpt>
   <trkpt lat="51.5612840" lon="-0.0363080">
    <ele>7.0</ele>
    <time>2023-12-10T08:52:38Z</time>
   </trkpt>
   <trkpt lat="51.5612820" lon="-0.0362750">
    <ele>7.0</ele>
    <time>2023-12-10T08:52:39Z</time>
   </trkpt>
   <trkpt lat="51.5612710" lon="-0.0362130">
    <ele>7.0</ele>
    <time>2023-12-10T08:52:40Z</time>
   </trkpt>
   <trkpt lat="51.5612680" lon="-0.0361600">
    <ele>7.0</ele>
    <time>2023-12-10T08:52:41Z</time>
   </trkpt>
   <trkpt lat="51.5612660" lon="-0.0360950">
    <ele>7.0</ele>
    <time>2023-12-10T08:52:42Z</time>
   </trkpt>
   <trkpt lat="51.5612580" lon="-0.0360370">
    <ele>7.0</ele>
    <time>2023-12-10T08:52:43Z</time>
   </trkpt>
   <trkpt lat="51.5612510" lon="-0.0359770">
    <ele>6.9</ele>
    <time>2023-12-10T08:52:44Z</time>
   </trkpt>
   <trkpt lat="51.5612430" lon="-0.0359230">
    <ele>6.9</ele>
    <time>2023-12-10T08:52:45Z</time>
   </trkpt>
   <trkpt lat="51.5612290" lon="-0.0358700">
    <ele>6.9</ele>
    <time>2023-12-10T08:52:46Z</time>
   </trkpt>
   <trkpt lat="51.5612180" lon="-0.0358130">
    <ele>6.9</ele>
    <time>2023-12-10T08:52:47Z</time>
   </trkpt>
   <trkpt lat="51.5612030" lon="-0.0357650">
    <ele>6.9</ele>
    <time>2023-12-10T08:52:48Z</time>
   </trkpt>
   <trkpt lat="51.5611840" lon="-0.0357160">
    <ele>6.9</ele>
    <time>2023-12-10T08:52:49Z</time>
   </trkpt>
   <trkpt lat="51.5611710" lon="-0.0356600">
    <ele>6.9</ele>
    <time>2023-12-10T08:52:50Z</time>
   </trkpt>
   <trkpt lat="51.5611600" lon="-0.0356110">
    <ele>6.9</ele>
    <time>2023-12-10T08:52:51Z</time>
   </trkpt>
   <trkpt lat="51.5611450" lon="-0.0355590">
    <ele>6.9</ele>
    <time>2023-12-10T08:52:52Z</time>
   </trkpt>
   <trkpt lat="51.5611300" lon="-0.0355080">
    <ele>6.9</ele>
    <time>2023-12-10T08:52:53Z</time>
   </trkpt>
   <trkpt lat="51.5611100" lon="-0.0354560">
    <ele>6.9</ele>
    <time>2023-12-10T08:52:54Z</time>
   </trkpt>
   <trkpt lat="51.5610880" lon="-0.0354160">
    <ele>6.9</ele>
    <time>2023-12-10T08:52:55Z</time>
   </trkpt>
   <trkpt lat="51.5610700" lon="-0.0353660">
    <ele>6.9</ele>
    <time>2023-12-10T08:52:56Z</time>
   </trkpt>
   <trkpt lat="51.5610500" lon="-0.0353230">
    <ele>6.9</ele>
    <time>2023-12-10T08:52:57Z</time>
   </trkpt>
   <trkpt lat="51.5610290" lon="-0.0352840">
    <ele>6.9</ele>
    <time>2023-12-10T08:52:58Z</time>
   </trkpt>
   <trkpt lat="51.5610120" lon="-0.0352400">
    <ele>6.9</ele>
    <time>2023-12-10T08:52:59Z</time>
   </trkpt>
   <trkpt lat="51.5609910" lon="-0.0351980">
    <ele>6.9</ele>
    <time>2023-12-10T08:53:00Z</time>
   </trkpt>
   <trkpt lat="51.5609710" lon="-0.0351550">
    <ele>7.0</ele>
    <time>2023-12-10T08:53:01Z</time>
   </trkpt>
   <trkpt lat="51.5609460" lon="-0.0351200">
    <ele>7.0</ele>
    <time>2023-12-10T08:53:02Z</time>
   </trkpt>
   <trkpt lat="51.5609290" lon="-0.0350720">
    <ele>7.0</ele>
    <time>2023-12-10T08:53:03Z</time>
   </trkpt>
   <trkpt lat="51.5609100" lon="-0.0350230">
    <ele>7.0</ele>
    <time>2023-12-10T08:53:04Z</time>
   </trkpt>
   <trkpt lat="51.5608790" lon="-0.0349660">
    <ele>7.0</ele>
    <time>2023-12-10T08:53:05Z</time>
   </trkpt>
   <trkpt lat="51.5608560" lon="-0.0349150">
    <ele>7.0</ele>
    <time>2023-12-10T08:53:06Z</time>
   </trkpt>
   <trkpt lat="51.5608350" lon="-0.0348710">
    <ele>7.0</ele>
    <time>2023-12-10T08:53:07Z</time>
   </trkpt>
   <trkpt lat="51.5608240" lon="-0.0348300">
    <ele>7.0</ele>
    <time>2023-12-10T08:53:08Z</time>
   </trkpt>
   <trkpt lat="51.5607970" lon="-0.0347750">
    <ele>7.0</ele>
    <time>2023-12-10T08:53:09Z</time>
   </trkpt>
   <trkpt lat="51.5607770" lon="-0.0347330">
    <ele>7.0</ele>
    <time>2023-12-10T08:53:10Z</time>
   </trkpt>
   <trkpt lat="51.5607490" lon="-0.0346840">
    <ele>6.9</ele>
    <time>2023-12-10T08:53:11Z</time>
   </trkpt>
   <trkpt lat="51.5607270" lon="-0.0346490">
    <ele>6.9</ele>
    <time>2023-12-10T08:53:12Z</time>
   </trkpt>
   <trkpt lat="51.5607130" lon="-0.0346010">
    <ele>6.9</ele>
    <time>2023-12-10T08:53:13Z</time>
   </trkpt>
   <trkpt lat="51.5606960" lon="-0.0345500">
    <ele>6.9</ele>
    <time>2023-12-10T08:53:14Z</time>
   </trkpt>
   <trkpt lat="51.5606770" lon="-0.0345010">
    <ele>6.9</ele>
    <time>2023-12-10T08:53:15Z</time>
   </trkpt>
   <trkpt lat="51.5606550" lon="-0.0344460">
    <ele>6.9</ele>
    <time>2023-12-10T08:53:16Z</time>
   </trkpt>
   <trkpt lat="51.5606500" lon="-0.0344030">
    <ele>6.9</ele>
    <time>2023-12-10T08:53:17Z</time>
   </trkpt>
   <trkpt lat="51.5606280" lon="-0.0343530">
    <ele>6.9</ele>
    <time>2023-12-10T08:53:18Z</time>
   </trkpt>
   <trkpt lat="51.5606110" lon="-0.0343110">
    <ele>6.9</ele>
    <time>2023-12-10T08:53:19Z</time>
   </trkpt>
   <trkpt lat="51.5605850" lon="-0.0342770">
    <ele>6.9</ele>
    <time>2023-12-10T08:53:20Z</time>
   </trkpt>
   <trkpt lat="51.5605580" lon="-0.0342290">
    <ele>6.9</ele>
    <time>2023-12-10T08:53:21Z</time>
   </trkpt>
   <trkpt lat="51.5605300" lon="-0.0340980">
    <ele>6.9</ele>
    <time>2023-12-10T08:53:22Z</time>
   </trkpt>
   <trkpt lat="51.5605340" lon="-0.0340360">
    <ele>6.9</ele>
    <time>2023-12-10T08:53:23Z</time>
   </trkpt>
   <trkpt lat="51.5605030" lon="-0.0339810">
    <ele>6.9</ele>
    <time>2023-12-10T08:53:24Z</time>
   </trkpt>
   <trkpt lat="51.5604850" lon="-0.0339610">
    <ele>6.9</ele>
    <time>2023-12-10T08:53:25Z</time>
   </trkpt>
   <trkpt lat="51.5604680" lon="-0.0339200">
    <ele>7.0</ele>
    <time>2023-12-10T08:53:26Z</time>
   </trkpt>
   <trkpt lat="51.5604590" lon="-0.0338780">
    <ele>7.0</ele>
    <time>2023-12-10T08:53:27Z</time>
   </trkpt>
   <trkpt lat="51.5604520" lon="-0.0338020">
    <ele>7.0</ele>
    <time>2023-12-10T08:53:28Z</time>
   </trkpt>
   <trkpt lat="51.5604500" lon="-0.0337400">
    <ele>7.0</ele>
    <time>2023-12-10T08:53:29Z</time>
   </trkpt>
   <trkpt lat="51.5604480" lon="-0.0336920">
    <ele>7.0</ele>
    <time>2023-12-10T08:53:30Z</time>
   </trkpt>
   <trkpt lat="51.5604410" lon="-0.0336370">
    <ele>7.0</ele>
    <time>2023-12-10T08:53:31Z</time>
   </trkpt>
   <trkpt lat="51.5604380" lon="-0.0335890">
    <ele>7.0</ele>
    <time>2023-12-10T08:53:32Z</time>
   </trkpt>
   <trkpt lat="51.5604270" lon="-0.0335390">
    <ele>7.0</ele>
    <time>2023-12-10T08:53:33Z</time>
   </trkpt>
   <trkpt lat="51.5604290" lon="-0.0334720">
    <ele>7.0</ele>
    <time>2023-12-10T08:53:34Z</time>
   </trkpt>
   <trkpt lat="51.5604150" lon="-0.0334050">
    <ele>7.0</ele>
    <time>2023-12-10T08:53:35Z</time>
   </trkpt>
   <trkpt lat="51.5604210" lon="-0.0333330">
    <ele>7.0</ele>
    <time>2023-12-10T08:53:36Z</time>
   </trkpt>
   <trkpt lat="51.5604170" lon="-0.0332750">
    <ele>7.0</ele>
    <time>2023-12-10T08:53:37Z</time>
   </trkpt>
   <trkpt lat="51.5604250" lon="-0.0332040">
    <ele>7.0</ele>
    <time>2023-12-10T08:53:38Z</time>
   </trkpt>
   <trkpt lat="51.5604280" lon="-0.0331720">
    <ele>7.0</ele>
    <time>2023-12-10T08:53:39Z</time>
   </trkpt>
   <trkpt lat="51.5604340" lon="-0.0331020">
    <ele>7.0</ele>
    <time>2023-12-10T08:53:40Z</time>
   </trkpt>
   <trkpt lat="51.5604390" lon="-0.0330410">
    <ele>7.0</ele>
    <time>2023-12-10T08:53:41Z</time>
   </trkpt>
   <trkpt lat="51.5604410" lon="-0.0329660">
    <ele>7.0</ele>
    <time>2023-12-10T08:53:42Z</time>
   </trkpt>
   <trkpt lat="51.5604410" lon="-0.0329330">
    <ele>7.1</ele>
    <time>2023-12-10T08:53:43Z</time>
   </trkpt>
   <trkpt lat="51.5604340" lon="-0.0328720">
    <ele>7.1</ele>
    <time>2023-12-10T08:53:44Z</time>
   </trkpt>
   <trkpt lat="51.5604510" lon="-0.0328170">
    <ele>7.1</ele>
    <time>2023-12-10T08:53:46Z</time>
   </trkpt>
   <trkpt lat="51.5604640" lon="-0.0327500">
    <ele>7.1</ele>
    <time>2023-12-10T08:53:47Z</time>
   </trkpt>
   <trkpt lat="51.5604780" lon="-0.0326970">
    <ele>7.1</ele>
    <time>2023-12-10T08:53:48Z</time>
   </trkpt>
   <trkpt lat="51.5604780" lon="-0.0326260">
    <ele>7.1</ele>
    <time>2023-12-10T08:53:49Z</time>
   </trkpt>
   <trkpt lat="51.5604830" lon="-0.0325720">
    <ele>7.1</ele>
    <time>2023-12-10T08:53:50Z</time>
   </trkpt>
   <trkpt lat="51.5604860" lon="-0.0325250">
    <ele>7.1</ele>
    <time>2023-12-10T08:53:51Z</time>
   </trkpt>
   <trkpt lat="51.5604940" lon="-0.0324800">
    <ele>7.1</ele>
    <time>2023-12-10T08:53:52Z</time>
   </trkpt>
   <trkpt lat="51.5605060" lon="-0.0324070">
    <ele>7.1</ele>
    <time>2023-12-10T08:53:53Z</time>
   </trkpt>
   <trkpt lat="51.5605040" lon="-0.0323460">
    <ele>7.1</ele>
    <time>2023-12-10T08:53:54Z</time>
   </trkpt>
   <trkpt lat="51.5605040" lon="-0.0322910">
    <ele>7.1</ele>
    <time>2023-12-10T08:53:55Z</time>
   </trkpt>
   <trkpt lat="51.5605080" lon="-0.0322380">
    <ele>7.1</ele>
    <time>2023-12-10T08:53:56Z</time>
   </trkpt>
   <trkpt lat="51.5605180" lon="-0.0322180">
    <ele>7.1</ele>
    <time>2023-12-10T08:53:57Z</time>
   </trkpt>
   <trkpt lat="51.5605400" lon="-0.0321580">
    <ele>7.1</ele>
    <time>2023-12-10T08:53:58Z</time>
   </trkpt>
   <trkpt lat="51.5605520" lon="-0.0320920">
    <ele>7.1</ele>
    <time>2023-12-10T08:53:59Z</time>
   </trkpt>
   <trkpt lat="51.5605680" lon="-0.0320200">
    <ele>7.1</ele>
    <time>2023-12-10T08:54:00Z</time>
   </trkpt>
   <trkpt lat="51.5605970" lon="-0.0319550">
    <ele>7.1</ele>
    <time>2023-12-10T08:54:01Z</time>
   </trkpt>
   <trkpt lat="51.5606130" lon="-0.0318630">
    <ele>7.1</ele>
    <time>2023-12-10T08:54:02Z</time>
   </trkpt>
   <trkpt lat="51.5606340" lon="-0.0317860">
    <ele>7.1</ele>
    <time>2023-12-10T08:54:03Z</time>
   </trkpt>
   <trkpt lat="51.5606610" lon="-0.0317210">
    <ele>7.1</ele>
    <time>2023-12-10T08:54:04Z</time>
   </trkpt>
   <trkpt lat="51.5606820" lon="-0.0316880">
    <ele>7.1</ele>
    <time>2023-12-10T08:54:05Z</time>
   </trkpt>
   <trkpt lat="51.5607140" lon="-0.0316400">
    <ele>7.1</ele>
    <time>2023-12-10T08:54:06Z</time>
   </trkpt>
   <trkpt lat="51.5607360" lon="-0.0315900">
    <ele>7.1</ele>
    <time>2023-12-10T08:54:07Z</time>
   </trkpt>
   <trkpt lat="51.5607660" lon="-0.0315390">
    <ele>7.1</ele>
    <time>2023-12-10T08:54:08Z</time>
   </trkpt>
   <trkpt lat="51.5607800" lon="-0.0314840">
    <ele>7.0</ele>
    <time>2023-12-10T08:54:09Z</time>
   </trkpt>
   <trkpt lat="51.5607990" lon="-0.0314360">
    <ele>7.0</ele>
    <time>2023-12-10T08:54:10Z</time>
   </trkpt>
   <trkpt lat="51.5608260" lon="-0.0314010">
    <ele>7.0</ele>
    <time>2023-12-10T08:54:11Z</time>
   </trkpt>
   <trkpt lat="51.5608420" lon="-0.0313440">
    <ele>7.0</ele>
    <time>2023-12-10T08:54:12Z</time>
   </trkpt>
   <trkpt lat="51.5608680" lon="-0.0313070">
    <ele>7.0</ele>
    <time>2023-12-10T08:54:13Z</time>
   </trkpt>
   <trkpt lat="51.5608830" lon="-0.0312470">
    <ele>7.0</ele>
    <time>2023-12-10T08:54:14Z</time>
   </trkpt>
   <trkpt lat="51.5609040" lon="-0.0312090">
    <ele>7.0</ele>
    <time>2023-12-10T08:54:15Z</time>
   </trkpt>
   <trkpt lat="51.5609190" lon="-0.0311440">
    <ele>7.0</ele>
    <time>2023-12-10T08:54:16Z</time>
   </trkpt>
   <trkpt lat="51.5609380" lon="-0.0310770">
    <ele>7.0</ele>
    <time>2023-12-10T08:54:17Z</time>
   </trkpt>
   <trkpt lat="51.5609480" lon="-0.0310490">
    <ele>6.9</ele>
    <time>2023-12-10T08:54:18Z</time>
   </trkpt>
   <trkpt lat="51.5609740" lon="-0.0309880">
    <ele>6.9</ele>
    <time>2023-12-10T08:54:19Z</time>
   </trkpt>
   <trkpt lat="51.5609960" lon="-0.0309320">
    <ele>6.9</ele>
    <time>2023-12-10T08:54:20Z</time>
   </trkpt>
   <trkpt lat="51.5610120" lon="-0.0308660">
    <ele>6.9</ele>
    <time>2023-12-10T08:54:21Z</time>
   </trkpt>
   <trkpt lat="51.5610400" lon="-0.0308160">
    <ele>6.9</ele>
    <time>2023-12-10T08:54:22Z</time>
   </trkpt>
   <trkpt lat="51.5610590" lon="-0.0307550">
    <ele>6.9</ele>
    <time>2023-12-10T08:54:23Z</time>
   </trkpt>
   <trkpt lat="51.5610640" lon="-0.0307290">
    <ele>6.9</ele>
    <time>2023-12-10T08:54:24Z</time>
   </trkpt>
   <trkpt lat="51.5611000" lon="-0.0306940">
    <ele>6.9</ele>
    <time>2023-12-10T08:54:25Z</time>
   </trkpt>
   <trkpt lat="51.5611210" lon="-0.0306540">
    <ele>6.9</ele>
    <time>2023-12-10T08:54:26Z</time>
   </trkpt>
   <trkpt lat="51.5611270" lon="-0.0306000">
    <ele>6.9</ele>
    <time>2023-12-10T08:54:27Z</time>
   </trkpt>
   <trkpt lat="51.5611240" lon="-0.0305390">
    <ele>6.9</ele>
    <time>2023-12-10T08:54:28Z</time>
   </trkpt>
   <trkpt lat="51.5610940" lon="-0.0304800">
    <ele>6.9</ele>
    <time>2023-12-10T08:54:29Z</time>
   </trkpt>
   <trkpt lat="51.5611010" lon="-0.0304160">
    <ele>7.0</ele>
    <time>2023-12-10T08:54:30Z</time>
   </trkpt>
   <trkpt lat="51.5611080" lon="-0.0303450">
    <ele>7.0</ele>
    <time>2023-12-10T08:54:31Z</time>
   </trkpt>
   <trkpt lat="51.5611270" lon="-0.0302910">
    <ele>7.0</ele>
    <time>2023-12-10T08:54:32Z</time>
   </trkpt>
   <trkpt lat="51.5611360" lon="-0.0302190">
    <ele>7.0</ele>
    <time>2023-12-10T08:54:33Z</time>
   </trkpt>
   <trkpt lat="51.5611440" lon="-0.0301910">
    <ele>7.0</ele>
    <time>2023-12-10T08:54:34Z</time>
   </trkpt>
   <trkpt lat="51.5611680" lon="-0.0300560">
    <ele>7.0</ele>
    <time>2023-12-10T08:54:35Z</time>
   </trkpt>
   <trkpt lat="51.5611690" lon="-0.0299610">
    <ele>6.9</ele>
    <time>2023-12-10T08:54:36Z</time>
   </trkpt>
   <trkpt lat="51.5611510" lon="-0.0298470">
    <ele>6.9</ele>
    <time>2023-12-10T08:54:37Z</time>
   </trkpt>
   <trkpt lat="51.5610960" lon="-0.0297700">
    <ele>6.9</ele>
    <time>2023-12-10T08:54:38Z</time>
   </trkpt>
   <trkpt lat="51.5610880" lon="-0.0297230">
    <ele>6.9</ele>
    <time>2023-12-10T08:54:39Z</time>
   </trkpt>
   <trkpt lat="51.5610910" lon="-0.0297090">
    <ele>6.9</ele>
    <time>2023-12-10T08:54:40Z</time>
   </trkpt>
   <trkpt lat="51.5610770" lon="-0.0296700">
    <ele>6.9</ele>
    <time>2023-12-10T08:54:41Z</time>
   </trkpt>
   <trkpt lat="51.5610800" lon="-0.0296070">
    <ele>6.9</ele>
    <time>2023-12-10T08:54:42Z</time>
   </trkpt>
   <trkpt lat="51.5610780" lon="-0.0295550">
    <ele>6.9</ele>
    <time>2023-12-10T08:54:43Z</time>
   </trkpt>
   <trkpt lat="51.5610650" lon="-0.0294940">
    <ele>6.9</ele>
    <time>2023-12-10T08:54:44Z</time>
   </trkpt>
   <trkpt lat="51.5610400" lon="-0.0294370">
    <ele>6.9</ele>
    <time>2023-12-10T08:54:45Z</time>
   </trkpt>
   <trkpt lat="51.5610070" lon="-0.0293900">
    <ele>6.9</ele>
    <time>2023-12-10T08:54:46Z</time>
   </trkpt>
   <trkpt lat="51.5609890" lon="-0.0293120">
    <ele>6.9</ele>
    <time>2023-12-10T08:54:47Z</time>
   </trkpt>
   <trkpt lat="51.5609650" lon="-0.0292670">
    <ele>6.9</ele>
    <time>2023-12-10T08:54:48Z</time>
   </trkpt>
   <trkpt lat="51.5609470" lon="-0.0292160">
    <ele>6.9</ele>
    <time>2023-12-10T08:54:49Z</time>
   </trkpt>
   <trkpt lat="51.5609360" lon="-0.0291900">
    <ele>6.9</ele>
    <time>2023-12-10T08:54:50Z</time>
   </trkpt>
   <trkpt lat="51.5609250" lon="-0.0291190">
    <ele>6.9</ele>
    <time>2023-12-10T08:54:51Z</time>
   </trkpt>
   <trkpt lat="51.5609170" lon="-0.0290970">
    <ele>6.9</ele>
    <time>2023-12-10T08:54:52Z</time>
   </trkpt>
   <trkpt lat="51.5608960" lon="-0.0290950">
    <ele>6.9</ele>
    <time>2023-12-10T08:54:53Z</time>
   </trkpt>
   <trkpt lat="51.5608680" lon="-0.0290570">
    <ele>6.9</ele>
    <time>2023-12-10T08:54:54Z</time>
   </trkpt>
   <trkpt lat="51.5608630" lon="-0.0290300">
    <ele>6.9</ele>
    <time>2023-12-10T08:54:55Z</time>
   </trkpt>
   <trkpt lat="51.5608430" lon="-0.0289760">
    <ele>6.9</ele>
    <time>2023-12-10T08:54:56Z</time>
   </trkpt>
   <trkpt lat="51.5608170" lon="-0.0289410">
    <ele>6.9</ele>
    <time>2023-12-10T08:54:57Z</time>
   </trkpt>
   <trkpt lat="51.5608030" lon="-0.0288830">
    <ele>6.9</ele>
    <time>2023-12-10T08:54:58Z</time>
   </trkpt>
   <trkpt lat="51.5607830" lon="-0.0288410">
    <ele>6.9</ele>
    <time>2023-12-10T08:54:59Z</time>
   </trkpt>
   <trkpt lat="51.5607700" lon="-0.0288000">
    <ele>6.9</ele>
    <time>2023-12-10T08:55:00Z</time>
   </trkpt>
   <trkpt lat="51.5607440" lon="-0.0287420">
    <ele>6.9</ele>
    <time>2023-12-10T08:55:01Z</time>
   </trkpt>
   <trkpt lat="51.5607300" lon="-0.0286780">
    <ele>6.9</ele>
    <time>2023-12-10T08:55:02Z</time>
   </trkpt>
   <trkpt lat="51.5607120" lon="-0.0286290">
    <ele>6.9</ele>
    <time>2023-12-10T08:55:03Z</time>
   </trkpt>
   <trkpt lat="51.5606920" lon="-0.0285830">
    <ele>6.9</ele>
    <time>2023-12-10T08:55:04Z</time>
   </trkpt>
   <trkpt lat="51.5606660" lon="-0.0285190">
    <ele>6.9</ele>
    <time>2023-12-10T08:55:05Z</time>
   </trkpt>
   <trkpt lat="51.5606530" lon="-0.0284890">
    <ele>6.9</ele>
    <time>2023-12-10T08:55:06Z</time>
   </trkpt>
   <trkpt lat="51.5606460" lon="-0.0284350">
    <ele>6.9</ele>
    <time>2023-12-10T08:55:07Z</time>
   </trkpt>
   <trkpt lat="51.5606340" lon="-0.0283740">
    <ele>6.9</ele>
    <time>2023-12-10T08:55:08Z</time>
   </trkpt>
   <trkpt lat="51.5606150" lon="-0.0283080">
    <ele>6.9</ele>
    <time>2023-12-10T08:55:09Z</time>
   </trkpt>
   <trkpt lat="51.5606060" lon="-0.0282810">
    <ele>6.9</ele>
    <time>2023-12-10T08:55:10Z</time>
   </trkpt>
   <trkpt lat="51.5605920" lon="-0.0282220">
    <ele>6.9</ele>
    <time>2023-12-10T08:55:11Z</time>
   </trkpt>
   <trkpt lat="51.5605760" lon="-0.0281960">
    <ele>6.9</ele>
    <time>2023-12-10T08:55:12Z</time>
   </trkpt>
   <trkpt lat="51.5605600" lon="-0.0281340">
    <ele>6.9</ele>
    <time>2023-12-10T08:55:13Z</time>
   </trkpt>
   <trkpt lat="51.5605440" lon="-0.0280900">
    <ele>6.9</ele>
    <time>2023-12-10T08:55:14Z</time>
   </trkpt>
   <trkpt lat="51.5605190" lon="-0.0280480">
    <ele>6.9</ele>
    <time>2023-12-10T08:55:15Z</time>
   </trkpt>
   <trkpt lat="51.5605070" lon="-0.0279960">
    <ele>6.9</ele>
    <time>2023-12-10T08:55:16Z</time>
   </trkpt>
   <trkpt lat="51.5604840" lon="-0.0279350">
    <ele>6.9</ele>
    <time>2023-12-10T08:55:17Z</time>
   </trkpt>
   <trkpt lat="51.5604710" lon="-0.0278940">
    <ele>6.9</ele>
    <time>2023-12-10T08:55:18Z</time>
   </trkpt>
   <trkpt lat="51.5604640" lon="-0.0278350">
    <ele>6.9</ele>
    <time>2023-12-10T08:55:19Z</time>
   </trkpt>
   <trkpt lat="51.5604360" lon="-0.0277950">
    <ele>6.9</ele>
    <time>2023-12-10T08:55:20Z</time>
   </trkpt>
   <trkpt lat="51.5604210" lon="-0.0277570">
    <ele>6.9</ele>
    <time>2023-12-10T08:55:21Z</time>
   </trkpt>
   <trkpt lat="51.5603890" lon="-0.0277240">
    <ele>6.9</ele>
    <time>2023-12-10T08:55:22Z</time>
   </trkpt>
   <trkpt lat="51.5603680" lon="-0.0276550">
    <ele>6.9</ele>
    <time>2023-12-10T08:55:23Z</time>
   </trkpt>
   <trkpt lat="51.5603630" lon="-0.0276220">
    <ele>6.9</ele>
    <time>2023-12-10T08:55:24Z</time>
   </trkpt>
   <trkpt lat="51.5603460" lon="-0.0275680">
    <ele>6.9</ele>
    <time>2023-12-10T08:55:25Z</time>
   </trkpt>
   <trkpt lat="51.5603230" lon="-0.0275080">
    <ele>6.9</ele>
    <time>2023-12-10T08:55:26Z</time>
   </trkpt>
   <trkpt lat="51.5603080" lon="-0.0274880">
    <ele>6.9</ele>
    <time>2023-12-10T08:55:27Z</time>
   </trkpt>
   <trkpt lat="51.5602960" lon="-0.0274260">
    <ele>6.9</ele>
    <time>2023-12-10T08:55:28Z</time>
   </trkpt>
   <trkpt lat="51.5602720" lon="-0.0273770">
    <ele>6.9</ele>
    <time>2023-12-10T08:55:29Z</time>
   </trkpt>
   <trkpt lat="51.5602690" lon="-0.0273280">
    <ele>7.0</ele>
    <time>2023-12-10T08:55:30Z</time>
   </trkpt>
   <trkpt lat="51.5602360" lon="-0.0272820">
    <ele>7.0</ele>
    <time>2023-12-10T08:55:31Z</time>
   </trkpt>
   <trkpt lat="51.5602250" lon="-0.0272580">
    <ele>7.0</ele>
    <time>2023-12-10T08:55:32Z</time>
   </trkpt>
   <trkpt lat="51.5602150" lon="-0.0271980">
    <ele>7.0</ele>
    <time>2023-12-10T08:55:33Z</time>
   </trkpt>
   <trkpt lat="51.5601910" lon="-0.0271510">
    <ele>7.0</ele>
    <time>2023-12-10T08:55:34Z</time>
   </trkpt>
   <trkpt lat="51.5601710" lon="-0.0271020">
    <ele>7.0</ele>
    <time>2023-12-10T08:55:35Z</time>
   </trkpt>
   <trkpt lat="51.5601570" lon="-0.0270350">
    <ele>6.9</ele>
    <time>2023-12-10T08:55:36Z</time>
   </trkpt>
   <trkpt lat="51.5601230" lon="-0.0269860">
    <ele>6.9</ele>
    <time>2023-12-10T08:55:37Z</time>
   </trkpt>
   <trkpt lat="51.5601070" lon="-0.0269340">
    <ele>6.9</ele>
    <time>2023-12-10T08:55:38Z</time>
   </trkpt>
   <trkpt lat="51.5600920" lon="-0.0268890">
    <ele>6.9</ele>
    <time>2023-12-10T08:55:39Z</time>
   </trkpt>
   <trkpt lat="51.5600660" lon="-0.0268370">
    <ele>6.9</ele>
    <time>2023-12-10T08:55:40Z</time>
   </trkpt>
   <trkpt lat="51.5600290" lon="-0.0267900">
    <ele>6.8</ele>
    <time>2023-12-10T08:55:41Z</time>
   </trkpt>
   <trkpt lat="51.5599940" lon="-0.0267600">
    <ele>6.8</ele>
    <time>2023-12-10T08:55:42Z</time>
   </trkpt>
   <trkpt lat="51.5599670" lon="-0.0267120">
    <ele>6.8</ele>
    <time>2023-12-10T08:55:43Z</time>
   </trkpt>
   <trkpt lat="51.5599300" lon="-0.0266720">
    <ele>6.8</ele>
    <time>2023-12-10T08:55:44Z</time>
   </trkpt>
   <trkpt lat="51.5599060" lon="-0.0266030">
    <ele>6.8</ele>
    <time>2023-12-10T08:55:45Z</time>
   </trkpt>
   <trkpt lat="51.5598960" lon="-0.0265510">
    <ele>6.8</ele>
    <time>2023-12-10T08:55:46Z</time>
   </trkpt>
   <trkpt lat="51.5598750" lon="-0.0265000">
    <ele>6.8</ele>
    <time>2023-12-10T08:55:47Z</time>
   </trkpt>
   <trkpt lat="51.5598500" lon="-0.0264600">
    <ele>6.8</ele>
    <time>2023-12-10T08:55:48Z</time>
   </trkpt>
   <trkpt lat="51.5598350" lon="-0.0264230">
    <ele>6.8</ele>
    <time>2023-12-10T08:55:49Z</time>
   </trkpt>
   <trkpt lat="51.5598200" lon="-0.0263840">
    <ele>6.8</ele>
    <time>2023-12-10T08:55:50Z</time>
   </trkpt>
   <trkpt lat="51.5598270" lon="-0.0263270">
    <ele>6.8</ele>
    <time>2023-12-10T08:55:51Z</time>
   </trkpt>
   <trkpt lat="51.5598050" lon="-0.0262780">
    <ele>6.8</ele>
    <time>2023-12-10T08:55:52Z</time>
   </trkpt>
   <trkpt lat="51.5597750" lon="-0.0262320">
    <ele>6.8</ele>
    <time>2023-12-10T08:55:53Z</time>
   </trkpt>
   <trkpt lat="51.5597450" lon="-0.0261980">
    <ele>6.8</ele>
    <time>2023-12-10T08:55:54Z</time>
   </trkpt>
   <trkpt lat="51.5597170" lon="-0.0261660">
    <ele>6.8</ele>
    <time>2023-12-10T08:55:55Z</time>
   </trkpt>
   <trkpt lat="51.5596850" lon="-0.0260890">
    <ele>6.8</ele>
    <time>2023-12-10T08:55:56Z</time>
   </trkpt>
   <trkpt lat="51.5596600" lon="-0.0260410">
    <ele>6.8</ele>
    <time>2023-12-10T08:55:57Z</time>
   </trkpt>
   <trkpt lat="51.5596410" lon="-0.0259960">
    <ele>6.8</ele>
    <time>2023-12-10T08:55:58Z</time>
   </trkpt>
   <trkpt lat="51.5596150" lon="-0.0259530">
    <ele>6.8</ele>
    <time>2023-12-10T08:55:59Z</time>
   </trkpt>
   <trkpt lat="51.5595790" lon="-0.0259020">
    <ele>6.8</ele>
    <time>2023-12-10T08:56:00Z</time>
   </trkpt>
   <trkpt lat="51.5595440" lon="-0.0258540">
    <ele>6.8</ele>
    <time>2023-12-10T08:56:01Z</time>
   </trkpt>
   <trkpt lat="51.5595140" lon="-0.0258040">
    <ele>6.8</ele>
    <time>2023-12-10T08:56:02Z</time>
   </trkpt>
   <trkpt lat="51.5594700" lon="-0.0257610">
    <ele>6.8</ele>
    <time>2023-12-10T08:56:03Z</time>
   </trkpt>
   <trkpt lat="51.5594360" lon="-0.0257330">
    <ele>6.8</ele>
    <time>2023-12-10T08:56:04Z</time>
   </trkpt>
   <trkpt lat="51.5594030" lon="-0.0256770">
    <ele>6.8</ele>
    <time>2023-12-10T08:56:05Z</time>
   </trkpt>
   <trkpt lat="51.5593710" lon="-0.0256400">
    <ele>6.7</ele>
    <time>2023-12-10T08:56:06Z</time>
   </trkpt>
   <trkpt lat="51.5593480" lon="-0.0256080">
    <ele>6.7</ele>
    <time>2023-12-10T08:56:07Z</time>
   </trkpt>
   <trkpt lat="51.5593130" lon="-0.0255620">
    <ele>6.7</ele>
    <time>2023-12-10T08:56:08Z</time>
   </trkpt>
   <trkpt lat="51.5592860" lon="-0.0255260">
    <ele>6.8</ele>
    <time>2023-12-10T08:56:09Z</time>
   </trkpt>
   <trkpt lat="51.5592570" lon="-0.0254860">
    <ele>6.8</ele>
    <time>2023-12-10T08:56:10Z</time>
   </trkpt>
   <trkpt lat="51.5592240" lon="-0.0254640">
    <ele>6.8</ele>
    <time>2023-12-10T08:56:11Z</time>
   </trkpt>
   <trkpt lat="51.5591980" lon="-0.0254240">
    <ele>6.8</ele>
    <time>2023-12-10T08:56:12Z</time>
   </trkpt>
   <trkpt lat="51.5591500" lon="-0.0253770">
    <ele>6.8</ele>
    <time>2023-12-10T08:56:13Z</time>
   </trkpt>
   <trkpt lat="51.5591010" lon="-0.0253640">
    <ele>6.8</ele>
    <time>2023-12-10T08:56:14Z</time>
   </trkpt>
   <trkpt lat="51.5590650" lon="-0.0253610">
    <ele>6.9</ele>
    <time>2023-12-10T08:56:15Z</time>
   </trkpt>
   <trkpt lat="51.5590280" lon="-0.0253210">
    <ele>6.9</ele>
    <time>2023-12-10T08:56:16Z</time>
   </trkpt>
   <trkpt lat="51.5589790" lon="-0.0252880">
    <ele>6.9</ele>
    <time>2023-12-10T08:56:17Z</time>
   </trkpt>
   <trkpt lat="51.5589340" lon="-0.0252510">
    <ele>6.8</ele>
    <time>2023-12-10T08:56:18Z</time>
   </trkpt>
   <trkpt lat="51.5589020" lon="-0.0252160">
    <ele>6.8</ele>
    <time>2023-12-10T08:56:19Z</time>
   </trkpt>
   <trkpt lat="51.5588690" lon="-0.0251780">
    <ele>6.8</ele>
    <time>2023-12-10T08:56:20Z</time>
   </trkpt>
   <trkpt lat="51.5588380" lon="-0.0251530">
    <ele>6.8</ele>
    <time>2023-12-10T08:56:21Z</time>
   </trkpt>
   <trkpt lat="51.5587920" lon="-0.0251230">
    <ele>6.8</ele>
    <time>2023-12-10T08:56:22Z</time>
   </trkpt>
   <trkpt lat="51.5587480" lon="-0.0251160">
    <ele>6.8</ele>
    <time>2023-12-10T08:56:23Z</time>
   </trkpt>
   <trkpt lat="51.5587290" lon="-0.0251060">
    <ele>6.8</ele>
    <time>2023-12-10T08:56:24Z</time>
   </trkpt>
   <trkpt lat="51.5587000" lon="-0.0250720">
    <ele>6.8</ele>
    <time>2023-12-10T08:56:25Z</time>
   </trkpt>
   <trkpt lat="51.5586650" lon="-0.0250460">
    <ele>6.9</ele>
    <time>2023-12-10T08:56:26Z</time>
   </trkpt>
   <trkpt lat="51.5586390" lon="-0.0250160">
    <ele>6.9</ele>
    <time>2023-12-10T08:56:27Z</time>
   </trkpt>
   <trkpt lat="51.5586050" lon="-0.0249930">
    <ele>6.9</ele>
    <time>2023-12-10T08:56:28Z</time>
   </trkpt>
   <trkpt lat="51.5585570" lon="-0.0249750">
    <ele>6.9</ele>
    <time>2023-12-10T08:56:29Z</time>
   </trkpt>
   <trkpt lat="51.5585210" lon="-0.0249520">
    <ele>6.9</ele>
    <time>2023-12-10T08:56:30Z</time>
   </trkpt>
   <trkpt lat="51.5584990" lon="-0.0249120">
    <ele>6.9</ele>
    <time>2023-12-10T08:56:31Z</time>
   </trkpt>
   <trkpt lat="51.5584690" lon="-0.0248880">
    <ele>6.9</ele>
    <time>2023-12-10T08:56:32Z</time>
   </trkpt>
   <trkpt lat="51.5584250" lon="-0.0248650">
    <ele>6.8</ele>
    <time>2023-12-10T08:56:33Z</time>
   </trkpt>
   <trkpt lat="51.5583830" lon="-0.0248480">
    <ele>6.8</ele>
    <time>2023-12-10T08:56:34Z</time>
   </trkpt>
   <trkpt lat="51.5583420" lon="-0.0248340">
    <ele>6.8</ele>
    <time>2023-12-10T08:56:35Z</time>
   </trkpt>
   <trkpt lat="51.5583190" lon="-0.0248030">
    <ele>6.8</ele>
    <time>2023-12-10T08:56:36Z</time>
   </trkpt>
   <trkpt lat="51.5582880" lon="-0.0247620">
    <ele>6.8</ele>
    <time>2023-12-10T08:56:37Z</time>
   </trkpt>
   <trkpt lat="51.5582700" lon="-0.0247480">
    <ele>6.8</ele>
    <time>2023-12-10T08:56:38Z</time>
   </trkpt>
   <trkpt lat="51.5582350" lon="-0.0247410">
    <ele>6.8</ele>
    <time>2023-12-10T08:56:39Z</time>
   </trkpt>
   <trkpt lat="51.5581890" lon="-0.0247410">
    <ele>6.8</ele>
    <time>2023-12-10T08:56:40Z</time>
   </trkpt>
   <trkpt lat="51.5581500" lon="-0.0247150">
    <ele>6.7</ele>
    <time>2023-12-10T08:56:41Z</time>
   </trkpt>
   <trkpt lat="51.5581090" lon="-0.0246890">
    <ele>6.7</ele>
    <time>2023-12-10T08:56:42Z</time>
   </trkpt>
   <trkpt lat="51.5580690" lon="-0.0246540">
    <ele>6.7</ele>
    <time>2023-12-10T08:56:43Z</time>
   </trkpt>
   <trkpt lat="51.5580330" lon="-0.0246470">
    <ele>6.7</ele>
    <time>2023-12-10T08:56:44Z</time>
   </trkpt>
   <trkpt lat="51.5579890" lon="-0.0246310">
    <ele>6.7</ele>
    <time>2023-12-10T08:56:45Z</time>
   </trkpt>
   <trkpt lat="51.5579540" lon="-0.0246080">
    <ele>6.6</ele>
    <time>2023-12-10T08:56:46Z</time>
   </trkpt>
   <trkpt lat="51.5579380" lon="-0.0245950">
    <ele>6.6</ele>
    <time>2023-12-10T08:56:47Z</time>
   </trkpt>
   <trkpt lat="51.5579000" lon="-0.0245780">
    <ele>6.6</ele>
    <time>2023-12-10T08:56:48Z</time>
   </trkpt>
   <trkpt lat="51.5578680" lon="-0.0245720">
    <ele>6.6</ele>
    <time>2023-12-10T08:56:49Z</time>
   </trkpt>
   <trkpt lat="51.5578310" lon="-0.0245620">
    <ele>6.6</ele>
    <time>2023-12-10T08:56:50Z</time>
   </trkpt>
   <trkpt lat="51.5578010" lon="-0.0245550">
    <ele>6.6</ele>
    <time>2023-12-10T08:56:51Z</time>
   </trkpt>
   <trkpt lat="51.5577590" lon="-0.0245540">
    <ele>6.6</ele>
    <time>2023-12-10T08:56:52Z</time>
   </trkpt>
   <trkpt lat="51.5577320" lon="-0.0245350">
    <ele>6.6</ele>
    <time>2023-12-10T08:56:53Z</time>
   </trkpt>
   <trkpt lat="51.5576920" lon="-0.0245190">
    <ele>6.6</ele>
    <time>2023-12-10T08:56:54Z</time>
   </trkpt>
   <trkpt lat="51.5576400" lon="-0.0244850">
    <ele>6.6</ele>
    <time>2023-12-10T08:56:55Z</time>
   </trkpt>
   <trkpt lat="51.5576120" lon="-0.0244820">
    <ele>6.6</ele>
    <time>2023-12-10T08:56:56Z</time>
   </trkpt>
   <trkpt lat="51.5575750" lon="-0.0244940">
    <ele>6.6</ele>
    <time>2023-12-10T08:56:57Z</time>
   </trkpt>
   <trkpt lat="51.5575420" lon="-0.0244640">
    <ele>6.6</ele>
    <time>2023-12-10T08:56:58Z</time>
   </trkpt>
   <trkpt lat="51.5575250" lon="-0.0244600">
    <ele>6.6</ele>
    <time>2023-12-10T08:56:59Z</time>
   </trkpt>
   <trkpt lat="51.5574770" lon="-0.0244620">
    <ele>6.7</ele>
    <time>2023-12-10T08:57:00Z</time>
   </trkpt>
   <trkpt lat="51.5574410" lon="-0.0244640">
    <ele>6.7</ele>
    <time>2023-12-10T08:57:01Z</time>
   </trkpt>
   <trkpt lat="51.5574030" lon="-0.0244870">
    <ele>6.7</ele>
    <time>2023-12-10T08:57:02Z</time>
   </trkpt>
   <trkpt lat="51.5573690" lon="-0.0245110">
    <ele>6.7</ele>
    <time>2023-12-10T08:57:03Z</time>
   </trkpt>
   <trkpt lat="51.5573290" lon="-0.0245370">
    <ele>6.7</ele>
    <time>2023-12-10T08:57:04Z</time>
   </trkpt>
   <trkpt lat="51.5572930" lon="-0.0245520">
    <ele>6.8</ele>
    <time>2023-12-10T08:57:05Z</time>
   </trkpt>
   <trkpt lat="51.5572580" lon="-0.0245760">
    <ele>6.8</ele>
    <time>2023-12-10T08:57:06Z</time>
   </trkpt>
   <trkpt lat="51.5572190" lon="-0.0245890">
    <ele>6.8</ele>
    <time>2023-12-10T08:57:07Z</time>
   </trkpt>
   <trkpt lat="51.5571840" lon="-0.0246250">
    <ele>6.8</ele>
    <time>2023-12-10T08:57:08Z</time>
   </trkpt>
   <trkpt lat="51.5571520" lon="-0.0246340">
    <ele>6.8</ele>
    <time>2023-12-10T08:57:09Z</time>
   </trkpt>
   <trkpt lat="51.5571220" lon="-0.0246880">
    <ele>6.8</ele>
    <time>2023-12-10T08:57:10Z</time>
   </trkpt>
   <trkpt lat="51.5570830" lon="-0.0247190">
    <ele>6.8</ele>
    <time>2023-12-10T08:57:11Z</time>
   </trkpt>
   <trkpt lat="51.5570650" lon="-0.0247860">
    <ele>6.9</ele>
    <time>2023-12-10T08:57:12Z</time>
   </trkpt>
   <trkpt lat="51.5570410" lon="-0.0248190">
    <ele>6.9</ele>
    <time>2023-12-10T08:57:13Z</time>
   </trkpt>
   <trkpt lat="51.5570050" lon="-0.0248430">
    <ele>6.9</ele>
    <time>2023-12-10T08:57:14Z</time>
   </trkpt>
   <trkpt lat="51.5569610" lon="-0.0248600">
    <ele>6.9</ele>
    <time>2023-12-10T08:57:15Z</time>
   </trkpt>
   <trkpt lat="51.5569210" lon="-0.0248800">
    <ele>6.9</ele>
    <time>2023-12-10T08:57:16Z</time>
   </trkpt>
   <trkpt lat="51.5568920" lon="-0.0249080">
    <ele>6.9</ele>
    <time>2023-12-10T08:57:17Z</time>
   </trkpt>
   <trkpt lat="51.5568610" lon="-0.0249410">
    <ele>6.9</ele>
    <time>2023-12-10T08:57:18Z</time>
   </trkpt>
   <trkpt lat="51.5568300" lon="-0.0249520">
    <ele>6.9</ele>
    <time>2023-12-10T08:57:19Z</time>
   </trkpt>
   <trkpt lat="51.5567990" lon="-0.0250100">
    <ele>6.9</ele>
    <time>2023-12-10T08:57:20Z</time>
   </trkpt>
   <trkpt lat="51.5567690" lon="-0.0250650">
    <ele>7.0</ele>
    <time>2023-12-10T08:57:21Z</time>
   </trkpt>
   <trkpt lat="51.5567380" lon="-0.0251120">
    <ele>7.0</ele>
    <time>2023-12-10T08:57:22Z</time>
   </trkpt>
   <trkpt lat="51.5567010" lon="-0.0251480">
    <ele>7.0</ele>
    <time>2023-12-10T08:57:23Z</time>
   </trkpt>
   <trkpt lat="51.5566770" lon="-0.0251750">
    <ele>7.0</ele>
    <time>2023-12-10T08:57:24Z</time>
   </trkpt>
   <trkpt lat="51.5566500" lon="-0.0252260">
    <ele>7.0</ele>
    <time>2023-12-10T08:57:25Z</time>
   </trkpt>
   <trkpt lat="51.5566210" lon="-0.0252500">
    <ele>7.0</ele>
    <time>2023-12-10T08:57:26Z</time>
   </trkpt>
   <trkpt lat="51.5565880" lon="-0.0252850">
    <ele>7.0</ele>
    <time>2023-12-10T08:57:27Z</time>
   </trkpt>
   <trkpt lat="51.5565530" lon="-0.0253200">
    <ele>7.0</ele>
    <time>2023-12-10T08:57:28Z</time>
   </trkpt>
   <trkpt lat="51.5565120" lon="-0.0253600">
    <ele>7.0</ele>
    <time>2023-12-10T08:57:29Z</time>
   </trkpt>
   <trkpt lat="51.5564910" lon="-0.0253980">
    <ele>7.0</ele>
    <time>2023-12-10T08:57:30Z</time>
   </trkpt>
   <trkpt lat="51.5564610" lon="-0.0254080">
    <ele>7.0</ele>
    <time>2023-12-10T08:57:31Z</time>
   </trkpt>
   <trkpt lat="51.5564250" lon="-0.0254360">
    <ele>7.0</ele>
    <time>2023-12-10T08:57:32Z</time>
   </trkpt>
   <trkpt lat="51.5563890" lon="-0.0254510">
    <ele>7.0</ele>
    <time>2023-12-10T08:57:33Z</time>
   </trkpt>
   <trkpt lat="51.5563560" lon="-0.0254780">
    <ele>6.9</ele>
    <time>2023-12-10T08:57:34Z</time>
   </trkpt>
   <trkpt lat="51.5563250" lon="-0.0255100">
    <ele>6.9</ele>
    <time>2023-12-10T08:57:35Z</time>
   </trkpt>
   <trkpt lat="51.5562960" lon="-0.0255240">
    <ele>6.9</ele>
    <time>2023-12-10T08:57:36Z</time>
   </trkpt>
   <trkpt lat="51.5562720" lon="-0.0255530">
    <ele>6.9</ele>
    <time>2023-12-10T08:57:37Z</time>
   </trkpt>
   <trkpt lat="51.5562320" lon="-0.0255610">
    <ele>6.9</ele>
    <time>2023-12-10T08:57:38Z</time>
   </trkpt>
   <trkpt lat="51.5561910" lon="-0.0255900">
    <ele>6.9</ele>
    <time>2023-12-10T08:57:39Z</time>
   </trkpt>
   <trkpt lat="51.5561600" lon="-0.0256270">
    <ele>6.9</ele>
    <time>2023-12-10T08:57:40Z</time>
   </trkpt>
   <trkpt lat="51.5561320" lon="-0.0256390">
    <ele>6.8</ele>
    <time>2023-12-10T08:57:41Z</time>
   </trkpt>
   <trkpt lat="51.5561000" lon="-0.0256880">
    <ele>6.8</ele>
    <time>2023-12-10T08:57:42Z</time>
   </trkpt>
   <trkpt lat="51.5560700" lon="-0.0256970">
    <ele>6.8</ele>
    <time>2023-12-10T08:57:43Z</time>
   </trkpt>
   <trkpt lat="51.5560380" lon="-0.0257190">
    <ele>6.8</ele>
    <time>2023-12-10T08:57:44Z</time>
   </trkpt>
   <trkpt lat="51.5559980" lon="-0.0257360">
    <ele>6.8</ele>
    <time>2023-12-10T08:57:45Z</time>
   </trkpt>
   <trkpt lat="51.5559610" lon="-0.0257780">
    <ele>6.8</ele>
    <time>2023-12-10T08:57:46Z</time>
   </trkpt>
   <trkpt lat="51.5559280" lon="-0.0257880">
    <ele>6.8</ele>
    <time>2023-12-10T08:57:47Z</time>
   </trkpt>
   <trkpt lat="51.5559020" lon="-0.0258190">
    <ele>6.8</ele>
    <time>2023-12-10T08:57:48Z</time>
   </trkpt>
   <trkpt lat="51.5558720" lon="-0.0258530">
    <ele>6.8</ele>
    <time>2023-12-10T08:57:49Z</time>
   </trkpt>
   <trkpt lat="51.5558390" lon="-0.0258620">
    <ele>6.8</ele>
    <time>2023-12-10T08:57:50Z</time>
   </trkpt>
   <trkpt lat="51.5557960" lon="-0.0258870">
    <ele>6.8</ele>
    <time>2023-12-10T08:57:51Z</time>
   </trkpt>
   <trkpt lat="51.5557530" lon="-0.0259360">
    <ele>6.8</ele>
    <time>2023-12-10T08:57:52Z</time>
   </trkpt>
   <trkpt lat="51.5557150" lon="-0.0259570">
    <ele>6.8</ele>
    <time>2023-12-10T08:57:53Z</time>
   </trkpt>
   <trkpt lat="51.5556710" lon="-0.0259870">
    <ele>6.8</ele>
    <time>2023-12-10T08:57:54Z</time>
   </trkpt>
   <trkpt lat="51.5556390" lon="-0.0260260">
    <ele>6.8</ele>
    <time>2023-12-10T08:57:55Z</time>
   </trkpt>
   <trkpt lat="51.5556120" lon="-0.0260460">
    <ele>6.8</ele>
    <time>2023-12-10T08:57:56Z</time>
   </trkpt>
   <trkpt lat="51.5555770" lon="-0.0260490">
    <ele>6.8</ele>
    <time>2023-12-10T08:57:57Z</time>
   </trkpt>
   <trkpt lat="51.5555400" lon="-0.0260750">
    <ele>6.7</ele>
    <time>2023-12-10T08:57:58Z</time>
   </trkpt>
   <trkpt lat="51.5555010" lon="-0.0260860">
    <ele>6.7</ele>
    <time>2023-12-10T08:57:59Z</time>
   </trkpt>
   <trkpt lat="51.5554680" lon="-0.0261020">
    <ele>6.7</ele>
    <time>2023-12-10T08:58:00Z</time>
   </trkpt>
   <trkpt lat="51.5554280" lon="-0.0261320">
    <ele>6.7</ele>
    <time>2023-12-10T08:58:01Z</time>
   </trkpt>
   <trkpt lat="51.5553980" lon="-0.0261460">
    <ele>6.7</ele>
    <time>2023-12-10T08:58:02Z</time>
   </trkpt>
   <trkpt lat="51.5553710" lon="-0.0261630">
    <ele>6.7</ele>
    <time>2023-12-10T08:58:03Z</time>
   </trkpt>
   <trkpt lat="51.5553450" lon="-0.0261880">
    <ele>6.7</ele>
    <time>2023-12-10T08:58:04Z</time>
   </trkpt>
   <trkpt lat="51.5553000" lon="-0.0262000">
    <ele>6.7</ele>
    <time>2023-12-10T08:58:05Z</time>
   </trkpt>
   <trkpt lat="51.5552540" lon="-0.0262000">
    <ele>6.7</ele>
    <time>2023-12-10T08:58:06Z</time>
   </trkpt>
   <trkpt lat="51.5552210" lon="-0.0262000">
    <ele>6.7</ele>
    <time>2023-12-10T08:58:07Z</time>
   </trkpt>
   <trkpt lat="51.5551890" lon="-0.0262080">
    <ele>6.8</ele>
    <time>2023-12-10T08:58:08Z</time>
   </trkpt>
   <trkpt lat="51.5551560" lon="-0.0262360">
    <ele>6.8</ele>
    <time>2023-12-10T08:58:09Z</time>
   </trkpt>
   <trkpt lat="51.5551190" lon="-0.0262520">
    <ele>6.8</ele>
    <time>2023-12-10T08:58:10Z</time>
   </trkpt>
   <trkpt lat="51.5550810" lon="-0.0262700">
    <ele>6.8</ele>
    <time>2023-12-10T08:58:11Z</time>
   </trkpt>
   <trkpt lat="51.5550400" lon="-0.0262720">
    <ele>6.9</ele>
    <time>2023-12-10T08:58:12Z</time>
   </trkpt>
   <trkpt lat="51.5549890" lon="-0.0262670">
    <ele>6.9</ele>
    <time>2023-12-10T08:58:13Z</time>
   </trkpt>
   <trkpt lat="51.5549510" lon="-0.0262700">
    <ele>6.9</ele>
    <time>2023-12-10T08:58:14Z</time>
   </trkpt>
   <trkpt lat="51.5549130" lon="-0.0262680">
    <ele>6.9</ele>
    <time>2023-12-10T08:58:15Z</time>
   </trkpt>
   <trkpt lat="51.5548720" lon="-0.0262760">
    <ele>7.0</ele>
    <time>2023-12-10T08:58:16Z</time>
   </trkpt>
   <trkpt lat="51.5548350" lon="-0.0263050">
    <ele>7.0</ele>
    <time>2023-12-10T08:58:17Z</time>
   </trkpt>
   <trkpt lat="51.5548010" lon="-0.0263390">
    <ele>7.0</ele>
    <time>2023-12-10T08:58:18Z</time>
   </trkpt>
   <trkpt lat="51.5547810" lon="-0.0263940">
    <ele>7.0</ele>
    <time>2023-12-10T08:58:19Z</time>
   </trkpt>
   <trkpt lat="51.5547630" lon="-0.0264500">
    <ele>7.0</ele>
    <time>2023-12-10T08:58:20Z</time>
   </trkpt>
   <trkpt lat="51.5547340" lon="-0.0265020">
    <ele>6.9</ele>
    <time>2023-12-10T08:58:21Z</time>
   </trkpt>
   <trkpt lat="51.5547190" lon="-0.0265560">
    <ele>6.9</ele>
    <time>2023-12-10T08:58:22Z</time>
   </trkpt>
   <trkpt lat="51.5547070" lon="-0.0266050">
    <ele>6.9</ele>
    <time>2023-12-10T08:58:23Z</time>
   </trkpt>
   <trkpt lat="51.5546900" lon="-0.0266610">
    <ele>6.9</ele>
    <time>2023-12-10T08:58:24Z</time>
   </trkpt>
   <trkpt lat="51.5546700" lon="-0.0267200">
    <ele>6.9</ele>
    <time>2023-12-10T08:58:25Z</time>
   </trkpt>
   <trkpt lat="51.5546570" lon="-0.0267740">
    <ele>6.9</ele>
    <time>2023-12-10T08:58:26Z</time>
   </trkpt>
   <trkpt lat="51.5546440" lon="-0.0268240">
    <ele>6.9</ele>
    <time>2023-12-10T08:58:27Z</time>
   </trkpt>
   <trkpt lat="51.5546290" lon="-0.0268720">
    <ele>7.0</ele>
    <time>2023-12-10T08:58:28Z</time>
   </trkpt>
   <trkpt lat="51.5546110" lon="-0.0269300">
    <ele>7.0</ele>
    <time>2023-12-10T08:58:29Z</time>
   </trkpt>
   <trkpt lat="51.5545970" lon="-0.0269780">
    <ele>7.0</ele>
    <time>2023-12-10T08:58:30Z</time>
   </trkpt>
   <trkpt lat="51.5545870" lon="-0.0270310">
    <ele>7.0</ele>
    <time>2023-12-10T08:58:31Z</time>
   </trkpt>
   <trkpt lat="51.5545740" lon="-0.0270880">
    <ele>7.0</ele>
    <time>2023-12-10T08:58:32Z</time>
   </trkpt>
   <trkpt lat="51.5545540" lon="-0.0271480">
    <ele>7.0</ele>
    <time>2023-12-10T08:58:33Z</time>
   </trkpt>
   <trkpt lat="51.5545400" lon="-0.0271940">
    <ele>7.0</ele>
    <time>2023-12-10T08:58:34Z</time>
   </trkpt>
   <trkpt lat="51.5545270" lon="-0.0272560">
    <ele>7.0</ele>
    <time>2023-12-10T08:58:35Z</time>
   </trkpt>
   <trkpt lat="51.5545120" lon="-0.0273100">
    <ele>7.0</ele>
    <time>2023-12-10T08:58:36Z</time>
   </trkpt>
   <trkpt lat="51.5545040" lon="-0.0273620">
    <ele>7.0</ele>
    <time>2023-12-10T08:58:37Z</time>
   </trkpt>
   <trkpt lat="51.5544950" lon="-0.0274180">
    <ele>7.1</ele>
    <time>2023-12-10T08:58:38Z</time>
   </trkpt>
   <trkpt lat="51.5544860" lon="-0.0274750">
    <ele>7.1</ele>
    <time>2023-12-10T08:58:39Z</time>
   </trkpt>
   <trkpt lat="51.5544820" lon="-0.0275450">
    <ele>7.1</ele>
    <time>2023-12-10T08:58:40Z</time>
   </trkpt>
   <trkpt lat="51.5544750" lon="-0.0276050">
    <ele>7.1</ele>
    <time>2023-12-10T08:58:41Z</time>
   </trkpt>
   <trkpt lat="51.5544670" lon="-0.0276480">
    <ele>7.1</ele>
    <time>2023-12-10T08:58:42Z</time>
   </trkpt>
   <trkpt lat="51.5544580" lon="-0.0277130">
    <ele>7.1</ele>
    <time>2023-12-10T08:58:43Z</time>
   </trkpt>
   <trkpt lat="51.5544520" lon="-0.0277750">
    <ele>7.1</ele>
    <time>2023-12-10T08:58:44Z</time>
   </trkpt>
   <trkpt lat="51.5544440" lon="-0.0278310">
    <ele>7.1</ele>
    <time>2023-12-10T08:58:45Z</time>
   </trkpt>
   <trkpt lat="51.5544400" lon="-0.0278860">
    <ele>7.1</ele>
    <time>2023-12-10T08:58:46Z</time>
   </trkpt>
   <trkpt lat="51.5544350" lon="-0.0279450">
    <ele>7.1</ele>
    <time>2023-12-10T08:58:47Z</time>
   </trkpt>
   <trkpt lat="51.5544290" lon="-0.0279940">
    <ele>7.1</ele>
    <time>2023-12-10T08:58:48Z</time>
   </trkpt>
   <trkpt lat="51.5544310" lon="-0.0280540">
    <ele>7.1</ele>
    <time>2023-12-10T08:58:49Z</time>
   </trkpt>
   <trkpt lat="51.5544260" lon="-0.0281210">
    <ele>7.1</ele>
    <time>2023-12-10T08:58:50Z</time>
   </trkpt>
   <trkpt lat="51.5544210" lon="-0.0281740">
    <ele>7.1</ele>
    <time>2023-12-10T08:58:51Z</time>
   </trkpt>
   <trkpt lat="51.5544110" lon="-0.0282320">
    <ele>7.1</ele>
    <time>2023-12-10T08:58:52Z</time>
   </trkpt>
   <trkpt lat="51.5544050" lon="-0.0282940">
    <ele>7.1</ele>
    <time>2023-12-10T08:58:53Z</time>
   </trkpt>
   <trkpt lat="51.5544020" lon="-0.0283500">
    <ele>7.1</ele>
    <time>2023-12-10T08:58:54Z</time>
   </trkpt>
   <trkpt lat="51.5543960" lon="-0.0284160">
    <ele>7.1</ele>
    <time>2023-12-10T08:58:55Z</time>
   </trkpt>
   <trkpt lat="51.5543870" lon="-0.0284750">
    <ele>7.1</ele>
    <time>2023-12-10T08:58:56Z</time>
   </trkpt>
   <trkpt lat="51.5543810" lon="-0.0285260">
    <ele>7.1</ele>
    <time>2023-12-10T08:58:57Z</time>
   </trkpt>
   <trkpt lat="51.5543760" lon="-0.0285850">
    <ele>7.1</ele>
    <time>2023-12-10T08:58:58Z</time>
   </trkpt>
   <trkpt lat="51.5543670" lon="-0.0286440">
    <ele>7.1</ele>
    <time>2023-12-10T08:58:59Z</time>
   </trkpt>
   <trkpt lat="51.5543630" lon="-0.0286950">
    <ele>7.1</ele>
    <time>2023-12-10T08:59:00Z</time>
   </trkpt>
   <trkpt lat="51.5543580" lon="-0.0287580">
    <ele>7.1</ele>
    <time>2023-12-10T08:59:01Z</time>
   </trkpt>
   <trkpt lat="51.5543550" lon="-0.0288190">
    <ele>7.1</ele>
    <time>2023-12-10T08:59:02Z</time>
   </trkpt>
   <trkpt lat="51.5543520" lon="-0.0288730">
    <ele>7.1</ele>
    <time>2023-12-10T08:59:03Z</time>
   </trkpt>
   <trkpt lat="51.5543480" lon="-0.0289260">
    <ele>7.1</ele>
    <time>2023-12-10T08:59:04Z</time>
   </trkpt>
   <trkpt lat="51.5543370" lon="-0.0289840">
    <ele>7.1</ele>
    <time>2023-12-10T08:59:05Z</time>
   </trkpt>
   <trkpt lat="51.5543300" lon="-0.0290420">
    <ele>7.1</ele>
    <time>2023-12-10T08:59:06Z</time>
   </trkpt>
   <trkpt lat="51.5543300" lon="-0.0291030">
    <ele>7.1</ele>
    <time>2023-12-10T08:59:07Z</time>
   </trkpt>
   <trkpt lat="51.5543240" lon="-0.0291620">
    <ele>7.1</ele>
    <time>2023-12-10T08:59:08Z</time>
   </trkpt>
   <trkpt lat="51.5543160" lon="-0.0292120">
    <ele>7.1</ele>
    <time>2023-12-10T08:59:09Z</time>
   </trkpt>
   <trkpt lat="51.5543150" lon="-0.0292710">
    <ele>7.1</ele>
    <time>2023-12-10T08:59:10Z</time>
   </trkpt>
   <trkpt lat="51.5543100" lon="-0.0293340">
    <ele>7.1</ele>
    <time>2023-12-10T08:59:11Z</time>
   </trkpt>
   <trkpt lat="51.5543000" lon="-0.0293900">
    <ele>7.1</ele>
    <time>2023-12-10T08:59:12Z</time>
   </trkpt>
   <trkpt lat="51.5542930" lon="-0.0294440">
    <ele>7.0</ele>
    <time>2023-12-10T08:59:13Z</time>
   </trkpt>
   <trkpt lat="51.5542910" lon="-0.0295050">
    <ele>7.0</ele>
    <time>2023-12-10T08:59:14Z</time>
   </trkpt>
   <trkpt lat="51.5542880" lon="-0.0295700">
    <ele>7.0</ele>
    <time>2023-12-10T08:59:15Z</time>
   </trkpt>
   <trkpt lat="51.5542770" lon="-0.0296250">
    <ele>7.0</ele>
    <time>2023-12-10T08:59:16Z</time>
   </trkpt>
   <trkpt lat="51.5542690" lon="-0.0296820">
    <ele>7.0</ele>
    <time>2023-12-10T08:59:17Z</time>
   </trkpt>
   <trkpt lat="51.5542700" lon="-0.0297410">
    <ele>7.0</ele>
    <time>2023-12-10T08:59:18Z</time>
   </trkpt>
   <trkpt lat="51.5542590" lon="-0.0297960">
    <ele>7.0</ele>
    <time>2023-12-10T08:59:19Z</time>
   </trkpt>
   <trkpt lat="51.5542540" lon="-0.0298530">
    <ele>7.0</ele>
    <time>2023-12-10T08:59:20Z</time>
   </trkpt>
   <trkpt lat="51.5542470" lon="-0.0299070">
    <ele>7.0</ele>
    <time>2023-12-10T08:59:21Z</time>
   </trkpt>
   <trkpt lat="51.5542420" lon="-0.0299710">
    <ele>7.0</ele>
    <time>2023-12-10T08:59:22Z</time>
   </trkpt>
   <trkpt lat="51.5542290" lon="-0.0300370">
    <ele>7.0</ele>
    <time>2023-12-10T08:59:23Z</time>
   </trkpt>
   <trkpt lat="51.5542280" lon="-0.0300890">
    <ele>7.0</ele>
    <time>2023-12-10T08:59:24Z</time>
   </trkpt>
   <trkpt lat="51.5542210" lon="-0.0301420">
    <ele>7.0</ele>
    <time>2023-12-10T08:59:25Z</time>
   </trkpt>
   <trkpt lat="51.5542140" lon="-0.0302030">
    <ele>7.0</ele>
    <time>2023-12-10T08:59:26Z</time>
   </trkpt>
   <trkpt lat="51.5542110" lon="-0.0302570">
    <ele>6.9</ele>
    <time>2023-12-10T08:59:27Z</time>
   </trkpt>
   <trkpt lat="51.5542060" lon="-0.0303100">
    <ele>6.9</ele>
    <time>2023-12-10T08:59:28Z</time>
   </trkpt>
   <trkpt lat="51.5541980" lon="-0.0303780">
    <ele>6.9</ele>
    <time>2023-12-10T08:59:29Z</time>
   </trkpt>
   <trkpt lat="51.5541940" lon="-0.0304380">
    <ele>6.9</ele>
    <time>2023-12-10T08:59:30Z</time>
   </trkpt>
   <trkpt lat="51.5541910" lon="-0.0304960">
    <ele>6.9</ele>
    <time>2023-12-10T08:59:31Z</time>
   </trkpt>
   <trkpt lat="51.5541840" lon="-0.0305470">
    <ele>6.9</ele>
    <time>2023-12-10T08:59:32Z</time>
   </trkpt>
   <trkpt lat="51.5541740" lon="-0.0306140">
    <ele>6.8</ele>
    <time>2023-12-10T08:59:33Z</time>
   </trkpt>
   <trkpt lat="51.5541640" lon="-0.0306710">
    <ele>6.8</ele>
    <time>2023-12-10T08:59:34Z</time>
   </trkpt>
   <trkpt lat="51.5541510" lon="-0.0307390">
    <ele>6.8</ele>
    <time>2023-12-10T08:59:35Z</time>
   </trkpt>
   <trkpt lat="51.5541450" lon="-0.0307660">
    <ele>6.7</ele>
    <time>2023-12-10T08:59:36Z</time>
   </trkpt>
   <trkpt lat="51.5541350" lon="-0.0308220">
    <ele>6.7</ele>
    <time>2023-12-10T08:59:37Z</time>
   </trkpt>
   <trkpt lat="51.5541310" lon="-0.0308740">
    <ele>6.6</ele>
    <time>2023-12-10T08:59:38Z</time>
   </trkpt>
   <trkpt lat="51.5541190" lon="-0.0309270">
    <ele>6.6</ele>
    <time>2023-12-10T08:59:39Z</time>
   </trkpt>
   <trkpt lat="51.5540960" lon="-0.0310340">
    <ele>6.5</ele>
    <time>2023-12-10T08:59:40Z</time>
   </trkpt>
   <trkpt lat="51.5540800" lon="-0.0311060">
    <ele>6.5</ele>
    <time>2023-12-10T08:59:41Z</time>
   </trkpt>
   <trkpt lat="51.5540740" lon="-0.0311650">
    <ele>6.4</ele>
    <time>2023-12-10T08:59:42Z</time>
   </trkpt>
   <trkpt lat="51.5540610" lon="-0.0312120">
    <ele>6.4</ele>
    <time>2023-12-10T08:59:43Z</time>
   </trkpt>
   <trkpt lat="51.5540470" lon="-0.0312730">
    <ele>6.4</ele>
    <time>2023-12-10T08:59:44Z</time>
   </trkpt>
   <trkpt lat="51.5540210" lon="-0.0313210">
    <ele>6.4</ele>
    <time>2023-12-10T08:59:45Z</time>
   </trkpt>
   <trkpt lat="51.5540100" lon="-0.0313760">
    <ele>6.3</ele>
    <time>2023-12-10T08:59:46Z</time>
   </trkpt>
   <trkpt lat="51.5540070" lon="-0.0314370">
    <ele>6.3</ele>
    <time>2023-12-10T08:59:47Z</time>
   </trkpt>
   <trkpt lat="51.5540040" lon="-0.0314910">
    <ele>6.3</ele>
    <time>2023-12-10T08:59:48Z</time>
   </trkpt>
   <trkpt lat="51.5539940" lon="-0.0315470">
    <ele>6.3</ele>
    <time>2023-12-10T08:59:50Z</time>
   </trkpt>
   <trkpt lat="51.5539820" lon="-0.0315700">
    <ele>6.4</ele>
    <time>2023-12-10T08:59:51Z</time>
   </trkpt>
   <trkpt lat="51.5539570" lon="-0.0315990">
    <ele>6.4</ele>
    <time>2023-12-10T08:59:52Z</time>
   </trkpt>
   <trkpt lat="51.5539230" lon="-0.0316010">
    <ele>6.4</ele>
    <time>2023-12-10T08:59:53Z</time>
   </trkpt>
   <trkpt lat="51.5538870" lon="-0.0316150">
    <ele>6.4</ele>
    <time>2023-12-10T08:59:54Z</time>
   </trkpt>
   <trkpt lat="51.5538540" lon="-0.0316330">
    <ele>6.4</ele>
    <time>2023-12-10T08:59:55Z</time>
   </trkpt>
   <trkpt lat="51.5538250" lon="-0.0316630">
    <ele>6.5</ele>
    <time>2023-12-10T08:59:56Z</time>
   </trkpt>
   <trkpt lat="51.5537960" lon="-0.0316560">
    <ele>6.5</ele>
    <time>2023-12-10T08:59:57Z</time>
   </trkpt>
   <trkpt lat="51.5537700" lon="-0.0316850">
    <ele>6.5</ele>
    <time>2023-12-10T08:59:58Z</time>
   </trkpt>
   <trkpt lat="51.5537320" lon="-0.0316880">
    <ele>6.5</ele>
    <time>2023-12-10T08:59:59Z</time>
   </trkpt>
   <trkpt lat="51.5537000" lon="-0.0316700">
    <ele>6.5</ele>
    <time>2023-12-10T09:00:00Z</time>
   </trkpt>
   <trkpt lat="51.5536590" lon="-0.0316380">
    <ele>6.5</ele>
    <time>2023-12-10T09:00:01Z</time>
   </trkpt>
   <trkpt lat="51.5536290" lon="-0.0316230">
    <ele>6.6</ele>
    <time>2023-12-10T09:00:02Z</time>
   </trkpt>
   <trkpt lat="51.5535910" lon="-0.0316150">
    <ele>6.6</ele>
    <time>2023-12-10T09:00:03Z</time>
   </trkpt>
   <trkpt lat="51.5535470" lon="-0.0316070">
    <ele>6.6</ele>
    <time>2023-12-10T09:00:04Z</time>
   </trkpt>
   <trkpt lat="51.5535200" lon="-0.0315780">
    <ele>6.6</ele>
    <time>2023-12-10T09:00:05Z</time>
   </trkpt>
   <trkpt lat="51.5534840" lon="-0.0315520">
    <ele>6.6</ele>
    <time>2023-12-10T09:00:06Z</time>
   </trkpt>
   <trkpt lat="51.5534520" lon="-0.0315390">
    <ele>6.6</ele>
    <time>2023-12-10T09:00:07Z</time>
   </trkpt>
   <trkpt lat="51.5534100" lon="-0.0315110">
    <ele>6.6</ele>
    <time>2023-12-10T09:00:08Z</time>
   </trkpt>
   <trkpt lat="51.5533740" lon="-0.0314920">
    <ele>6.6</ele>
    <time>2023-12-10T09:00:09Z</time>
   </trkpt>
   <trkpt lat="51.5533320" lon="-0.0314740">
    <ele>6.6</ele>
    <time>2023-12-10T09:00:10Z</time>
   </trkpt>
   <trkpt lat="51.5532910" lon="-0.0314490">
    <ele>6.6</ele>
    <time>2023-12-10T09:00:11Z</time>
   </trkpt>
   <trkpt lat="51.5532550" lon="-0.0314270">
    <ele>6.6</ele>
    <time>2023-12-10T09:00:12Z</time>
   </trkpt>
   <trkpt lat="51.5532260" lon="-0.0314060">
    <ele>6.6</ele>
    <time>2023-12-10T09:00:13Z</time>
   </trkpt>
   <trkpt lat="51.5531940" lon="-0.0313870">
    <ele>6.6</ele>
    <time>2023-12-10T09:00:14Z</time>
   </trkpt>
   <trkpt lat="51.5531520" lon="-0.0313710">
    <ele>6.6</ele>
    <time>2023-12-10T09:00:15Z</time>
   </trkpt>
   <trkpt lat="51.5531360" lon="-0.0313700">
    <ele>6.6</ele>
    <time>2023-12-10T09:00:16Z</time>
   </trkpt>
   <trkpt lat="51.5530990" lon="-0.0313540">
    <ele>6.6</ele>
    <time>2023-12-10T09:00:17Z</time>
   </trkpt>
   <trkpt lat="51.5530610" lon="-0.0313170">
    <ele>6.6</ele>
    <time>2023-12-10T09:00:18Z</time>
   </trkpt>
   <trkpt lat="51.5530270" lon="-0.0312890">
    <ele>6.6</ele>
    <time>2023-12-10T09:00:19Z</time>
   </trkpt>
   <trkpt lat="51.5529930" lon="-0.0312660">
    <ele>6.6</ele>
    <time>2023-12-10T09:00:20Z</time>
   </trkpt>
   <trkpt lat="51.5529610" lon="-0.0312380">
    <ele>6.6</ele>
    <time>2023-12-10T09:00:21Z</time>
   </trkpt>
   <trkpt lat="51.5529280" lon="-0.0312150">
    <ele>6.6</ele>
    <time>2023-12-10T09:00:22Z</time>
   </trkpt>
   <trkpt lat="51.5528980" lon="-0.0311890">
    <ele>6.6</ele>
    <time>2023-12-10T09:00:23Z</time>
   </trkpt>
   <trkpt lat="51.5528650" lon="-0.0311730">
    <ele>6.6</ele>
    <time>2023-12-10T09:00:24Z</time>
   </trkpt>
   <trkpt lat="51.5528300" lon="-0.0311560">
    <ele>6.6</ele>
    <time>2023-12-10T09:00:25Z</time>
   </trkpt>
   <trkpt lat="51.5528010" lon="-0.0311540">
    <ele>6.6</ele>
    <time>2023-12-10T09:00:26Z</time>
   </trkpt>
   <trkpt lat="51.5527680" lon="-0.0311380">
    <ele>6.6</ele>
    <time>2023-12-10T09:00:27Z</time>
   </trkpt>
   <trkpt lat="51.5527400" lon="-0.0311010">
    <ele>6.6</ele>
    <time>2023-12-10T09:00:28Z</time>
   </trkpt>
   <trkpt lat="51.5527130" lon="-0.0310840">
    <ele>6.6</ele>
    <time>2023-12-10T09:00:29Z</time>
   </trkpt>
   <trkpt lat="51.5526780" lon="-0.0310520">
    <ele>6.6</ele>
    <time>2023-12-10T09:00:30Z</time>
   </trkpt>
   <trkpt lat="51.5526480" lon="-0.0310190">
    <ele>6.6</ele>
    <time>2023-12-10T09:00:31Z</time>
   </trkpt>
   <trkpt lat="51.5526210" lon="-0.0310010">
    <ele>6.6</ele>
    <time>2023-12-10T09:00:32Z</time>
   </trkpt>
   <trkpt lat="51.5525840" lon="-0.0309700">
    <ele>6.6</ele>
    <time>2023-12-10T09:00:33Z</time>
   </trkpt>
   <trkpt lat="51.5525430" lon="-0.0309440">
    <ele>6.6</ele>
    <time>2023-12-10T09:00:34Z</time>
   </trkpt>
   <trkpt lat="51.5525090" lon="-0.0309170">
    <ele>6.6</ele>
    <time>2023-12-10T09:00:35Z</time>
   </trkpt>
   <trkpt lat="51.5524820" lon="-0.0308950">
    <ele>6.6</ele>
    <time>2023-12-10T09:00:36Z</time>
   </trkpt>
   <trkpt lat="51.5524510" lon="-0.0308560">
    <ele>6.6</ele>
    <time>2023-12-10T09:00:37Z</time>
   </trkpt>
   <trkpt lat="51.5524200" lon="-0.0308310">
    <ele>6.7</ele>
    <time>2023-12-10T09:00:38Z</time>
   </trkpt>
   <trkpt lat="51.5523890" lon="-0.0308110">
    <ele>6.7</ele>
    <time>2023-12-10T09:00:39Z</time>
   </trkpt>
   <trkpt lat="51.5523560" lon="-0.0307880">
    <ele>6.7</ele>
    <time>2023-12-10T09:00:40Z</time>
   </trkpt>
   <trkpt lat="51.5523240" lon="-0.0307550">
    <ele>6.7</ele>
    <time>2023-12-10T09:00:41Z</time>
   </trkpt>
   <trkpt lat="51.5522940" lon="-0.0307500">
    <ele>6.7</ele>
    <time>2023-12-10T09:00:42Z</time>
   </trkpt>
   <trkpt lat="51.5522590" lon="-0.0307200">
    <ele>6.7</ele>
    <time>2023-12-10T09:00:43Z</time>
   </trkpt>
   <trkpt lat="51.5522240" lon="-0.0307080">
    <ele>6.7</ele>
    <time>2023-12-10T09:00:44Z</time>
   </trkpt>
   <trkpt lat="51.5521960" lon="-0.0306920">
    <ele>6.7</ele>
    <time>2023-12-10T09:00:45Z</time>
   </trkpt>
   <trkpt lat="51.5521800" lon="-0.0306360">
    <ele>6.7</ele>
    <time>2023-12-10T09:00:46Z</time>
   </trkpt>
   <trkpt lat="51.5521500" lon="-0.0305990">
    <ele>6.7</ele>
    <time>2023-12-10T09:00:47Z</time>
   </trkpt>
   <trkpt lat="51.5521210" lon="-0.0306060">
    <ele>6.7</ele>
    <time>2023-12-10T09:00:48Z</time>
   </trkpt>
   <trkpt lat="51.5521010" lon="-0.0305540">
    <ele>6.7</ele>
    <time>2023-12-10T09:00:49Z</time>
   </trkpt>
   <trkpt lat="51.5520850" lon="-0.0305440">
    <ele>6.7</ele>
    <time>2023-12-10T09:00:50Z</time>
   </trkpt>
   <trkpt lat="51.5520510" lon="-0.0305380">
    <ele>6.7</ele>
    <time>2023-12-10T09:00:51Z</time>
   </trkpt>
   <trkpt lat="51.5520080" lon="-0.0305150">
    <ele>6.7</ele>
    <time>2023-12-10T09:00:52Z</time>
   </trkpt>
   <trkpt lat="51.5519660" lon="-0.0304860">
    <ele>6.7</ele>
    <time>2023-12-10T09:00:53Z</time>
   </trkpt>
   <trkpt lat="51.5519330" lon="-0.0304590">
    <ele>6.7</ele>
    <time>2023-12-10T09:00:54Z</time>
   </trkpt>
   <trkpt lat="51.5519040" lon="-0.0304220">
    <ele>6.7</ele>
    <time>2023-12-10T09:00:55Z</time>
   </trkpt>
   <trkpt lat="51.5518720" lon="-0.0303950">
    <ele>6.7</ele>
    <time>2023-12-10T09:00:56Z</time>
   </trkpt>
   <trkpt lat="51.5518330" lon="-0.0303700">
    <ele>6.6</ele>
    <time>2023-12-10T09:00:57Z</time>
   </trkpt>
   <trkpt lat="51.5518030" lon="-0.0303450">
    <ele>6.7</ele>
    <time>2023-12-10T09:00:58Z</time>
   </trkpt>
   <trkpt lat="51.5517580" lon="-0.0303160">
    <ele>6.7</ele>
    <time>2023-12-10T09:00:59Z</time>
   </trkpt>
   <trkpt lat="51.5517340" lon="-0.0302960">
    <ele>6.7</ele>
    <time>2023-12-10T09:01:00Z</time>
   </trkpt>
   <trkpt lat="51.5517030" lon="-0.0302630">
    <ele>6.7</ele>
    <time>2023-12-10T09:01:01Z</time>
   </trkpt>
   <trkpt lat="51.5516610" lon="-0.0302210">
    <ele>6.7</ele>
    <time>2023-12-10T09:01:02Z</time>
   </trkpt>
   <trkpt lat="51.5516210" lon="-0.0301770">
    <ele>6.7</ele>
    <time>2023-12-10T09:01:03Z</time>
   </trkpt>
   <trkpt lat="51.5515840" lon="-0.0301730">
    <ele>6.7</ele>
    <time>2023-12-10T09:01:04Z</time>
   </trkpt>
   <trkpt lat="51.5515720" lon="-0.0301690">
    <ele>6.7</ele>
    <time>2023-12-10T09:01:05Z</time>
   </trkpt>
   <trkpt lat="51.5515380" lon="-0.0301540">
    <ele>6.6</ele>
    <time>2023-12-10T09:01:06Z</time>
   </trkpt>
   <trkpt lat="51.5515010" lon="-0.0301400">
    <ele>6.6</ele>
    <time>2023-12-10T09:01:07Z</time>
   </trkpt>
   <trkpt lat="51.5514660" lon="-0.0301250">
    <ele>6.6</ele>
    <time>2023-12-10T09:01:08Z</time>
   </trkpt>
   <trkpt lat="51.5514420" lon="-0.0300800">
    <ele>6.6</ele>
    <time>2023-12-10T09:01:09Z</time>
   </trkpt>
   <trkpt lat="51.5514140" lon="-0.0300440">
    <ele>6.6</ele>
    <time>2023-12-10T09:01:10Z</time>
   </trkpt>
   <trkpt lat="51.5513860" lon="-0.0300140">
    <ele>6.6</ele>
    <time>2023-12-10T09:01:11Z</time>
   </trkpt>
   <trkpt lat="51.5513480" lon="-0.0299940">
    <ele>6.6</ele>
    <time>2023-12-10T09:01:12Z</time>
   </trkpt>
   <trkpt lat="51.5513120" lon="-0.0298810">
    <ele>6.6</ele>
    <time>2023-12-10T09:01:13Z</time>
   </trkpt>
   <trkpt lat="51.5512840" lon="-0.0298380">
    <ele>6.6</ele>
    <time>2023-12-10T09:01:14Z</time>
   </trkpt>
   <trkpt lat="51.5512430" lon="-0.0297880">
    <ele>6.6</ele>
    <time>2023-12-10T09:01:15Z</time>
   </trkpt>
   <trkpt lat="51.5512150" lon="-0.0297470">
    <ele>6.6</ele>
    <time>2023-12-10T09:01:16Z</time>
   </trkpt>
   <trkpt lat="51.5511970" lon="-0.0296980">
    <ele>6.6</ele>
    <time>2023-12-10T09:01:17Z</time>
   </trkpt>
   <trkpt lat="51.5511730" lon="-0.0296560">
    <ele>6.6</ele>
    <time>2023-12-10T09:01:18Z</time>
   </trkpt>
   <trkpt lat="51.5511300" lon="-0.0296120">
    <ele>6.6</ele>
    <time>2023-12-10T09:01:19Z</time>
   </trkpt>
   <trkpt lat="51.5511060" lon="-0.0295720">
    <ele>6.6</ele>
    <time>2023-12-10T09:01:20Z</time>
   </trkpt>
   <trkpt lat="51.5510780" lon="-0.0295340">
    <ele>6.6</ele>
    <time>2023-12-10T09:01:21Z</time>
   </trkpt>
   <trkpt lat="51.5510460" lon="-0.0295110">
    <ele>6.6</ele>
    <time>2023-12-10T09:01:22Z</time>
   </trkpt>
   <trkpt lat="51.5510090" lon="-0.0294770">
    <ele>6.6</ele>
    <time>2023-12-10T09:01:23Z</time>
   </trkpt>
   <trkpt lat="51.5509740" lon="-0.0294340">
    <ele>6.6</ele>
    <time>2023-12-10T09:01:24Z</time>
   </trkpt>
   <trkpt lat="51.5509500" lon="-0.0293950">
    <ele>6.6</ele>
    <time>2023-12-10T09:01:25Z</time>
   </trkpt>
   <trkpt lat="51.5509240" lon="-0.0293580">
    <ele>6.6</ele>
    <time>2023-12-10T09:01:26Z</time>
   </trkpt>
   <trkpt lat="51.5508950" lon="-0.0293330">
    <ele>6.6</ele>
    <time>2023-12-10T09:01:27Z</time>
   </trkpt>
   <trkpt lat="51.5508610" lon="-0.0293010">
    <ele>6.6</ele>
    <time>2023-12-10T09:01:28Z</time>
   </trkpt>
   <trkpt lat="51.5508280" lon="-0.0292750">
    <ele>6.6</ele>
    <time>2023-12-10T09:01:29Z</time>
   </trkpt>
   <trkpt lat="51.5508020" lon="-0.0292460">
    <ele>6.6</ele>
    <time>2023-12-10T09:01:30Z</time>
   </trkpt>
   <trkpt lat="51.5507760" lon="-0.0292130">
    <ele>6.6</ele>
    <time>2023-12-10T09:01:31Z</time>
   </trkpt>
   <trkpt lat="51.5507440" lon="-0.0291690">
    <ele>6.6</ele>
    <time>2023-12-10T09:01:32Z</time>
   </trkpt>
   <trkpt lat="51.5507140" lon="-0.0291320">
    <ele>6.6</ele>
    <time>2023-12-10T09:01:33Z</time>
   </trkpt>
   <trkpt lat="51.5506860" lon="-0.0290940">
    <ele>6.6</ele>
    <time>2023-12-10T09:01:34Z</time>
   </trkpt>
   <trkpt lat="51.5506530" lon="-0.0290620">
    <ele>6.6</ele>
    <time>2023-12-10T09:01:35Z</time>
   </trkpt>
   <trkpt lat="51.5506240" lon="-0.0290260">
    <ele>6.6</ele>
    <time>2023-12-10T09:01:36Z</time>
   </trkpt>
   <trkpt lat="51.5505960" lon="-0.0289830">
    <ele>6.6</ele>
    <time>2023-12-10T09:01:37Z</time>
   </trkpt>
   <trkpt lat="51.5505670" lon="-0.0289420">
    <ele>6.6</ele>
    <time>2023-12-10T09:01:38Z</time>
   </trkpt>
   <trkpt lat="51.5505350" lon="-0.0289100">
    <ele>6.6</ele>
    <time>2023-12-10T09:01:39Z</time>
   </trkpt>
   <trkpt lat="51.5505110" lon="-0.0288720">
    <ele>6.6</ele>
    <time>2023-12-10T09:01:40Z</time>
   </trkpt>
   <trkpt lat="51.5504840" lon="-0.0288480">
    <ele>6.6</ele>
    <time>2023-12-10T09:01:41Z</time>
   </trkpt>
   <trkpt lat="51.5504530" lon="-0.0288040">
    <ele>6.6</ele>
    <time>2023-12-10T09:01:42Z</time>
   </trkpt>
   <trkpt lat="51.5504280" lon="-0.0287760">
    <ele>6.6</ele>
    <time>2023-12-10T09:01:43Z</time>
   </trkpt>
   <trkpt lat="51.5503990" lon="-0.0287520">
    <ele>6.6</ele>
    <time>2023-12-10T09:01:44Z</time>
   </trkpt>
   <trkpt lat="51.5503700" lon="-0.0287020">
    <ele>6.6</ele>
    <time>2023-12-10T09:01:45Z</time>
   </trkpt>
   <trkpt lat="51.5503420" lon="-0.0286700">
    <ele>6.6</ele>
    <time>2023-12-10T09:01:46Z</time>
   </trkpt>
   <trkpt lat="51.5503120" lon="-0.0286550">
    <ele>6.6</ele>
    <time>2023-12-10T09:01:47Z</time>
   </trkpt>
   <trkpt lat="51.5502780" lon="-0.0286160">
    <ele>6.6</ele>
    <time>2023-12-10T09:01:48Z</time>
   </trkpt>
   <trkpt lat="51.5502490" lon="-0.0285840">
    <ele>6.6</ele>
    <time>2023-12-10T09:01:49Z</time>
   </trkpt>
   <trkpt lat="51.5502130" lon="-0.0285520">
    <ele>6.6</ele>
    <time>2023-12-10T09:01:50Z</time>
   </trkpt>
   <trkpt lat="51.5502000" lon="-0.0285390">
    <ele>6.6</ele>
    <time>2023-12-10T09:01:51Z</time>
   </trkpt>
   <trkpt lat="51.5501710" lon="-0.0284930">
    <ele>6.6</ele>
    <time>2023-12-10T09:01:52Z</time>
   </trkpt>
   <trkpt lat="51.5501430" lon="-0.0284540">
    <ele>6.6</ele>
    <time>2023-12-10T09:01:53Z</time>
   </trkpt>
   <trkpt lat="51.5501170" lon="-0.0284350">
    <ele>6.6</ele>
    <time>2023-12-10T09:01:54Z</time>
   </trkpt>
   <trkpt lat="51.5500800" lon="-0.0283960">
    <ele>6.6</ele>
    <time>2023-12-10T09:01:55Z</time>
   </trkpt>
   <trkpt lat="51.5500520" lon="-0.0283750">
    <ele>6.6</ele>
    <time>2023-12-10T09:01:56Z</time>
   </trkpt>
   <trkpt lat="51.5500220" lon="-0.0283450">
    <ele>6.6</ele>
    <time>2023-12-10T09:01:57Z</time>
   </trkpt>
   <trkpt lat="51.5499850" lon="-0.0283130">
    <ele>6.5</ele>
    <time>2023-12-10T09:01:58Z</time>
   </trkpt>
   <trkpt lat="51.5499550" lon="-0.0282710">
    <ele>6.5</ele>
    <time>2023-12-10T09:01:59Z</time>
   </trkpt>
   <trkpt lat="51.5499240" lon="-0.0282360">
    <ele>6.5</ele>
    <time>2023-12-10T09:02:00Z</time>
   </trkpt>
   <trkpt lat="51.5498980" lon="-0.0282000">
    <ele>6.5</ele>
    <time>2023-12-10T09:02:01Z</time>
   </trkpt>
   <trkpt lat="51.5498730" lon="-0.0281620">
    <ele>6.5</ele>
    <time>2023-12-10T09:02:02Z</time>
   </trkpt>
   <trkpt lat="51.5498440" lon="-0.0281380">
    <ele>6.5</ele>
    <time>2023-12-10T09:02:03Z</time>
   </trkpt>
   <trkpt lat="51.5498120" lon="-0.0280990">
    <ele>6.4</ele>
    <time>2023-12-10T09:02:04Z</time>
   </trkpt>
   <trkpt lat="51.5497820" lon="-0.0280580">
    <ele>6.4</ele>
    <time>2023-12-10T09:02:05Z</time>
   </trkpt>
   <trkpt lat="51.5497510" lon="-0.0280220">
    <ele>6.4</ele>
    <time>2023-12-10T09:02:06Z</time>
   </trkpt>
   <trkpt lat="51.5497170" lon="-0.0279800">
    <ele>6.4</ele>
    <time>2023-12-10T09:02:07Z</time>
   </trkpt>
   <trkpt lat="51.5496880" lon="-0.0279400">
    <ele>6.4</ele>
    <time>2023-12-10T09:02:08Z</time>
   </trkpt>
   <trkpt lat="51.5496540" lon="-0.0278950">
    <ele>6.3</ele>
    <time>2023-12-10T09:02:09Z</time>
   </trkpt>
   <trkpt lat="51.5496280" lon="-0.0278690">
    <ele>6.3</ele>
    <time>2023-12-10T09:02:10Z</time>
   </trkpt>
   <trkpt lat="51.5496010" lon="-0.0278180">
    <ele>6.3</ele>
    <time>2023-12-10T09:02:11Z</time>
   </trkpt>
   <trkpt lat="51.5495730" lon="-0.0277850">
    <ele>6.3</ele>
    <time>2023-12-10T09:02:12Z</time>
   </trkpt>
   <trkpt lat="51.5495430" lon="-0.0277570">
    <ele>6.3</ele>
    <time>2023-12-10T09:02:13Z</time>
   </trkpt>
   <trkpt lat="51.5495170" lon="-0.0277080">
    <ele>6.3</ele>
    <time>2023-12-10T09:02:14Z</time>
   </trkpt>
   <trkpt lat="51.5494840" lon="-0.0276780">
    <ele>6.3</ele>
    <time>2023-12-10T09:02:15Z</time>
   </trkpt>
   <trkpt lat="51.5494580" lon="-0.0276420">
    <ele>6.3</ele>
    <time>2023-12-10T09:02:16Z</time>
   </trkpt>
   <trkpt lat="51.5494240" lon="-0.0276060">
    <ele>6.3</ele>
    <time>2023-12-10T09:02:17Z</time>
   </trkpt>
   <trkpt lat="51.5493950" lon="-0.0275610">
    <ele>6.3</ele>
    <time>2023-12-10T09:02:18Z</time>
   </trkpt>
   <trkpt lat="51.5493670" lon="-0.0275280">
    <ele>6.3</ele>
    <time>2023-12-10T09:02:19Z</time>
   </trkpt>
   <trkpt lat="51.5493340" lon="-0.0274950">
    <ele>6.3</ele>
    <time>2023-12-10T09:02:20Z</time>
   </trkpt>
   <trkpt lat="51.5493020" lon="-0.0274650">
    <ele>6.3</ele>
    <time>2023-12-10T09:02:21Z</time>
   </trkpt>
   <trkpt lat="51.5492710" lon="-0.0274370">
    <ele>6.3</ele>
    <time>2023-12-10T09:02:22Z</time>
   </trkpt>
   <trkpt lat="51.5492420" lon="-0.0274030">
    <ele>6.3</ele>
    <time>2023-12-10T09:02:23Z</time>
   </trkpt>
   <trkpt lat="51.5492090" lon="-0.0273630">
    <ele>6.3</ele>
    <time>2023-12-10T09:02:24Z</time>
   </trkpt>
   <trkpt lat="51.5491740" lon="-0.0273520">
    <ele>6.4</ele>
    <time>2023-12-10T09:02:25Z</time>
   </trkpt>
   <trkpt lat="51.5491420" lon="-0.0273180">
    <ele>6.4</ele>
    <time>2023-12-10T09:02:26Z</time>
   </trkpt>
   <trkpt lat="51.5491130" lon="-0.0272840">
    <ele>6.4</ele>
    <time>2023-12-10T09:02:27Z</time>
   </trkpt>
   <trkpt lat="51.5490830" lon="-0.0272610">
    <ele>6.4</ele>
    <time>2023-12-10T09:02:28Z</time>
   </trkpt>
   <trkpt lat="51.5490550" lon="-0.0272350">
    <ele>6.4</ele>
    <time>2023-12-10T09:02:29Z</time>
   </trkpt>
   <trkpt lat="51.5490260" lon="-0.0272080">
    <ele>6.4</ele>
    <time>2023-12-10T09:02:30Z</time>
   </trkpt>
   <trkpt lat="51.5489940" lon="-0.0271840">
    <ele>6.4</ele>
    <time>2023-12-10T09:02:31Z</time>
   </trkpt>
   <trkpt lat="51.5489600" lon="-0.0271540">
    <ele>6.4</ele>
    <time>2023-12-10T09:02:32Z</time>
   </trkpt>
   <trkpt lat="51.5489270" lon="-0.0271230">
    <ele>6.4</ele>
    <time>2023-12-10T09:02:33Z</time>
   </trkpt>
   <trkpt lat="51.5488960" lon="-0.0270990">
    <ele>6.4</ele>
    <time>2023-12-10T09:02:34Z</time>
   </trkpt>
   <trkpt lat="51.5488640" lon="-0.0270720">
    <ele>6.4</ele>
    <time>2023-12-10T09:02:35Z</time>
   </trkpt>
   <trkpt lat="51.5488340" lon="-0.0270410">
    <ele>6.4</ele>
    <time>2023-12-10T09:02:36Z</time>
   </trkpt>
   <trkpt lat="51.5488060" lon="-0.0270140">
    <ele>6.4</ele>
    <time>2023-12-10T09:02:37Z</time>
   </trkpt>
   <trkpt lat="51.5487750" lon="-0.0269950">
    <ele>6.4</ele>
    <time>2023-12-10T09:02:38Z</time>
   </trkpt>
   <trkpt lat="51.5487480" lon="-0.0269670">
    <ele>6.4</ele>
    <time>2023-12-10T09:02:39Z</time>
   </trkpt>
   <trkpt lat="51.5487200" lon="-0.0269300">
    <ele>6.5</ele>
    <time>2023-12-10T09:02:40Z</time>
   </trkpt>
   <trkpt lat="51.5486860" lon="-0.0268950">
    <ele>6.5</ele>
    <time>2023-12-10T09:02:41Z</time>
   </trkpt>
   <trkpt lat="51.5486560" lon="-0.0268710">
    <ele>6.5</ele>
    <time>2023-12-10T09:02:42Z</time>
   </trkpt>
   <trkpt lat="51.5486280" lon="-0.0268410">
    <ele>6.5</ele>
    <time>2023-12-10T09:02:43Z</time>
   </trkpt>
   <trkpt lat="51.5485980" lon="-0.0268100">
    <ele>6.5</ele>
    <time>2023-12-10T09:02:44Z</time>
   </trkpt>
   <trkpt lat="51.5485580" lon="-0.0267720">
    <ele>6.5</ele>
    <time>2023-12-10T09:02:45Z</time>
   </trkpt>
   <trkpt lat="51.5485260" lon="-0.0267390">
    <ele>6.5</ele>
    <time>2023-12-10T09:02:46Z</time>
   </trkpt>
   <trkpt lat="51.5484960" lon="-0.0266960">
    <ele>6.5</ele>
    <time>2023-12-10T09:02:47Z</time>
   </trkpt>
   <trkpt lat="51.5484630" lon="-0.0266480">
    <ele>6.5</ele>
    <time>2023-12-10T09:02:48Z</time>
   </trkpt>
   <trkpt lat="51.5484330" lon="-0.0266150">
    <ele>6.5</ele>
    <time>2023-12-10T09:02:49Z</time>
   </trkpt>
   <trkpt lat="51.5484030" lon="-0.0265840">
    <ele>6.5</ele>
    <time>2023-12-10T09:02:50Z</time>
   </trkpt>
   <trkpt lat="51.5483670" lon="-0.0265550">
    <ele>6.5</ele>
    <time>2023-12-10T09:02:51Z</time>
   </trkpt>
   <trkpt lat="51.5483060" lon="-0.0266010">
    <ele>6.5</ele>
    <time>2023-12-10T09:02:52Z</time>
   </trkpt>
   <trkpt lat="51.5482670" lon="-0.0265740">
    <ele>6.5</ele>
    <time>2023-12-10T09:02:53Z</time>
   </trkpt>
   <trkpt lat="51.5482480" lon="-0.0265730">
    <ele>6.5</ele>
    <time>2023-12-10T09:02:54Z</time>
   </trkpt>
   <trkpt lat="51.5482130" lon="-0.0265440">
    <ele>6.5</ele>
    <time>2023-12-10T09:02:55Z</time>
   </trkpt>
   <trkpt lat="51.5482010" lon="-0.0265260">
    <ele>6.5</ele>
    <time>2023-12-10T09:02:56Z</time>
   </trkpt>
   <trkpt lat="51.5481780" lon="-0.0264930">
    <ele>6.5</ele>
    <time>2023-12-10T09:02:57Z</time>
   </trkpt>
   <trkpt lat="51.5481500" lon="-0.0264400">
    <ele>6.5</ele>
    <time>2023-12-10T09:02:58Z</time>
   </trkpt>
   <trkpt lat="51.5481360" lon="-0.0264220">
    <ele>6.5</ele>
    <time>2023-12-10T09:02:59Z</time>
   </trkpt>
   <trkpt lat="51.5481010" lon="-0.0263790">
    <ele>6.5</ele>
    <time>2023-12-10T09:03:00Z</time>
   </trkpt>
   <trkpt lat="51.5480750" lon="-0.0263230">
    <ele>6.5</ele>
    <time>2023-12-10T09:03:01Z</time>
   </trkpt>
   <trkpt lat="51.5480320" lon="-0.0263160">
    <ele>6.5</ele>
    <time>2023-12-10T09:03:02Z</time>
   </trkpt>
   <trkpt lat="51.5480170" lon="-0.0262330">
    <ele>6.5</ele>
    <time>2023-12-10T09:03:03Z</time>
   </trkpt>
   <trkpt lat="51.5480130" lon="-0.0261660">
    <ele>6.7</ele>
    <time>2023-12-10T09:03:04Z</time>
   </trkpt>
   <trkpt lat="51.5480080" lon="-0.0260910">
    <ele>6.8</ele>
    <time>2023-12-10T09:03:05Z</time>
   </trkpt>
   <trkpt lat="51.5480090" lon="-0.0260280">
    <ele>6.9</ele>
    <time>2023-12-10T09:03:06Z</time>
   </trkpt>
   <trkpt lat="51.5479980" lon="-0.0259710">
    <ele>7.1</ele>
    <time>2023-12-10T09:03:07Z</time>
   </trkpt>
   <trkpt lat="51.5479930" lon="-0.0259230">
    <ele>7.1</ele>
    <time>2023-12-10T09:03:08Z</time>
   </trkpt>
   <trkpt lat="51.5479840" lon="-0.0258720">
    <ele>7.3</ele>
    <time>2023-12-10T09:03:09Z</time>
   </trkpt>
   <trkpt lat="51.5479820" lon="-0.0258280">
    <ele>7.3</ele>
    <time>2023-12-10T09:03:10Z</time>
   </trkpt>
   <trkpt lat="51.5479680" lon="-0.0257730">
    <ele>7.5</ele>
    <time>2023-12-10T09:03:11Z</time>
   </trkpt>
   <trkpt lat="51.5479560" lon="-0.0257240">
    <ele>7.5</ele>
    <time>2023-12-10T09:03:12Z</time>
   </trkpt>
   <trkpt lat="51.5479450" lon="-0.0256850">
    <ele>7.4</ele>
    <time>2023-12-10T09:03:13Z</time>
   </trkpt>
   <trkpt lat="51.5479290" lon="-0.0256310">
    <ele>7.4</ele>
    <time>2023-12-10T09:03:14Z</time>
   </trkpt>
   <trkpt lat="51.5479020" lon="-0.0255970">
    <ele>7.4</ele>
    <time>2023-12-10T09:03:15Z</time>
   </trkpt>
   <trkpt lat="51.5478740" lon="-0.0255580">
    <ele>7.3</ele>
    <time>2023-12-10T09:03:16Z</time>
   </trkpt>
   <trkpt lat="51.5478470" lon="-0.0255240">
    <ele>7.3</ele>
    <time>2023-12-10T09:03:17Z</time>
   </trkpt>
   <trkpt lat="51.5478210" lon="-0.0254830">
    <ele>7.3</ele>
    <time>2023-12-10T09:03:18Z</time>
   </trkpt>
   <trkpt lat="51.5477950" lon="-0.0254570">
    <ele>7.2</ele>
    <time>2023-12-10T09:03:19Z</time>
   </trkpt>
   <trkpt lat="51.5477620" lon="-0.0254190">
    <ele>7.2</ele>
    <time>2023-12-10T09:03:20Z</time>
   </trkpt>
   <trkpt lat="51.5477380" lon="-0.0253930">
    <ele>7.1</ele>
    <time>2023-12-10T09:03:21Z</time>
   </trkpt>
   <trkpt lat="51.5476880" lon="-0.0253460">
    <ele>7.0</ele>
    <time>2023-12-10T09:03:22Z</time>
   </trkpt>
   <trkpt lat="51.5476560" lon="-0.0253050">
    <ele>6.9</ele>
    <time>2023-12-10T09:03:23Z</time>
   </trkpt>
   <trkpt lat="51.5476340" lon="-0.0252790">
    <ele>6.8</ele>
    <time>2023-12-10T09:03:24Z</time>
   </trkpt>
   <trkpt lat="51.5476120" lon="-0.0252370">
    <ele>6.7</ele>
    <time>2023-12-10T09:03:25Z</time>
   </trkpt>
   <trkpt lat="51.5475880" lon="-0.0252060">
    <ele>6.6</ele>
    <time>2023-12-10T09:03:26Z</time>
   </trkpt>
   <trkpt lat="51.5475490" lon="-0.0251700">
    <ele>6.5</ele>
    <time>2023-12-10T09:03:27Z</time>
   </trkpt>
   <trkpt lat="51.5475150" lon="-0.0251370">
    <ele>6.5</ele>
    <time>2023-12-10T09:03:28Z</time>
   </trkpt>
   <trkpt lat="51.5474800" lon="-0.0251000">
    <ele>6.4</ele>
    <time>2023-12-10T09:03:29Z</time>
   </trkpt>
   <trkpt lat="51.5474560" lon="-0.0250620">
    <ele>6.4</ele>
    <time>2023-12-10T09:03:30Z</time>
   </trkpt>
   <trkpt lat="51.5474210" lon="-0.0250120">
    <ele>6.3</ele>
    <time>2023-12-10T09:03:31Z</time>
   </trkpt>
   <trkpt lat="51.5474000" lon="-0.0249760">
    <ele>6.3</ele>
    <time>2023-12-10T09:03:32Z</time>
   </trkpt>
   <trkpt lat="51.5473670" lon="-0.0249680">
    <ele>6.3</ele>
    <time>2023-12-10T09:03:33Z</time>
   </trkpt>
   <trkpt lat="51.5473330" lon="-0.0249130">
    <ele>6.3</ele>
    <time>2023-12-10T09:03:34Z</time>
   </trkpt>
   <trkpt lat="51.5473020" lon="-0.0248730">
    <ele>6.3</ele>
    <time>2023-12-10T09:03:35Z</time>
   </trkpt>
   <trkpt lat="51.5472760" lon="-0.0248550">
    <ele>6.2</ele>
    <time>2023-12-10T09:03:36Z</time>
   </trkpt>
   <trkpt lat="51.5472450" lon="-0.0248310">
    <ele>6.2</ele>
    <time>2023-12-10T09:03:37Z</time>
   </trkpt>
   <trkpt lat="51.5472080" lon="-0.0247840">
    <ele>6.2</ele>
    <time>2023-12-10T09:03:38Z</time>
   </trkpt>
   <trkpt lat="51.5471820" lon="-0.0247430">
    <ele>6.2</ele>
    <time>2023-12-10T09:03:39Z</time>
   </trkpt>
   <trkpt lat="51.5471520" lon="-0.0247050">
    <ele>6.2</ele>
    <time>2023-12-10T09:03:40Z</time>
   </trkpt>
   <trkpt lat="51.5471200" lon="-0.0246750">
    <ele>6.2</ele>
    <time>2023-12-10T09:03:41Z</time>
   </trkpt>
   <trkpt lat="51.5470940" lon="-0.0246450">
    <ele>6.2</ele>
    <time>2023-12-10T09:03:42Z</time>
   </trkpt>
   <trkpt lat="51.5470690" lon="-0.0246230">
    <ele>6.2</ele>
    <time>2023-12-10T09:03:43Z</time>
   </trkpt>
   <trkpt lat="51.5470370" lon="-0.0245910">
    <ele>6.2</ele>
    <time>2023-12-10T09:03:44Z</time>
   </trkpt>
   <trkpt lat="51.5470090" lon="-0.0245610">
    <ele>6.2</ele>
    <time>2023-12-10T09:03:45Z</time>
   </trkpt>
   <trkpt lat="51.5469810" lon="-0.0245270">
    <ele>6.2</ele>
    <time>2023-12-10T09:03:46Z</time>
   </trkpt>
   <trkpt lat="51.5469350" lon="-0.0244840">
    <ele>6.2</ele>
    <time>2023-12-10T09:03:47Z</time>
   </trkpt>
   <trkpt lat="51.5469040" lon="-0.0244590">
    <ele>6.2</ele>
    <time>2023-12-10T09:03:48Z</time>
   </trkpt>
   <trkpt lat="51.5468710" lon="-0.0244130">
    <ele>6.2</ele>
    <time>2023-12-10T09:03:49Z</time>
   </trkpt>
   <trkpt lat="51.5468570" lon="-0.0243950">
    <ele>6.2</ele>
    <time>2023-12-10T09:03:50Z</time>
   </trkpt>
   <trkpt lat="51.5468330" lon="-0.0243570">
    <ele>6.2</ele>
    <time>2023-12-10T09:03:51Z</time>
   </trkpt>
   <trkpt lat="51.5468040" lon="-0.0243220">
    <ele>6.3</ele>
    <time>2023-12-10T09:03:52Z</time>
   </trkpt>
   <trkpt lat="51.5467730" lon="-0.0242910">
    <ele>6.3</ele>
    <time>2023-12-10T09:03:53Z</time>
   </trkpt>
   <trkpt lat="51.5467390" lon="-0.0242580">
    <ele>6.3</ele>
    <time>2023-12-10T09:03:54Z</time>
   </trkpt>
   <trkpt lat="51.5467040" lon="-0.0242180">
    <ele>6.3</ele>
    <time>2023-12-10T09:03:55Z</time>
   </trkpt>
   <trkpt lat="51.5466650" lon="-0.0241870">
    <ele>6.3</ele>
    <time>2023-12-10T09:03:56Z</time>
   </trkpt>
   <trkpt lat="51.5466500" lon="-0.0241700">
    <ele>6.3</ele>
    <time>2023-12-10T09:03:57Z</time>
   </trkpt>
   <trkpt lat="51.5466270" lon="-0.0241290">
    <ele>6.3</ele>
    <time>2023-12-10T09:03:58Z</time>
   </trkpt>
   <trkpt lat="51.5465970" lon="-0.0240850">
    <ele>6.4</ele>
    <time>2023-12-10T09:03:59Z</time>
   </trkpt>
   <trkpt lat="51.5465630" lon="-0.0240470">
    <ele>6.4</ele>
    <time>2023-12-10T09:04:00Z</time>
   </trkpt>
   <trkpt lat="51.5465350" lon="-0.0240210">
    <ele>6.4</ele>
    <time>2023-12-10T09:04:01Z</time>
   </trkpt>
   <trkpt lat="51.5465110" lon="-0.0239870">
    <ele>6.4</ele>
    <time>2023-12-10T09:04:02Z</time>
   </trkpt>
   <trkpt lat="51.5464840" lon="-0.0239520">
    <ele>6.4</ele>
    <time>2023-12-10T09:04:03Z</time>
   </trkpt>
   <trkpt lat="51.5464500" lon="-0.0239240">
    <ele>6.4</ele>
    <time>2023-12-10T09:04:04Z</time>
   </trkpt>
   <trkpt lat="51.5464220" lon="-0.0239000">
    <ele>6.4</ele>
    <time>2023-12-10T09:04:05Z</time>
   </trkpt>
   <trkpt lat="51.5463910" lon="-0.0238710">
    <ele>6.4</ele>
    <time>2023-12-10T09:04:06Z</time>
   </trkpt>
   <trkpt lat="51.5463540" lon="-0.0238510">
    <ele>6.4</ele>
    <time>2023-12-10T09:04:07Z</time>
   </trkpt>
   <trkpt lat="51.5463490" lon="-0.0238510">
    <ele>6.4</ele>
    <time>2023-12-10T09:04:08Z</time>
   </trkpt>
   <trkpt lat="51.5463220" lon="-0.0238520">
    <ele>6.4</ele>
    <time>2023-12-10T09:04:09Z</time>
   </trkpt>
   <trkpt lat="51.5462910" lon="-0.0238480">
    <ele>6.4</ele>
    <time>2023-12-10T09:04:10Z</time>
   </trkpt>
   <trkpt lat="51.5462470" lon="-0.0238470">
    <ele>6.4</ele>
    <time>2023-12-10T09:04:11Z</time>
   </trkpt>
   <trkpt lat="51.5462080" lon="-0.0238480">
    <ele>6.4</ele>
    <time>2023-12-10T09:04:12Z</time>
   </trkpt>
   <trkpt lat="51.5461650" lon="-0.0238530">
    <ele>6.4</ele>
    <time>2023-12-10T09:04:13Z</time>
   </trkpt>
   <trkpt lat="51.5461270" lon="-0.0238510">
    <ele>6.4</ele>
    <time>2023-12-10T09:04:14Z</time>
   </trkpt>
   <trkpt lat="51.5460880" lon="-0.0238310">
    <ele>6.4</ele>
    <time>2023-12-10T09:04:15Z</time>
   </trkpt>
   <trkpt lat="51.5460530" lon="-0.0237990">
    <ele>6.4</ele>
    <time>2023-12-10T09:04:16Z</time>
   </trkpt>
   <trkpt lat="51.5460280" lon="-0.0237520">
    <ele>6.4</ele>
    <time>2023-12-10T09:04:17Z</time>
   </trkpt>
   <trkpt lat="51.5459930" lon="-0.0237150">
    <ele>6.5</ele>
    <time>2023-12-10T09:04:18Z</time>
   </trkpt>
   <trkpt lat="51.5459350" lon="-0.0236440">
    <ele>6.5</ele>
    <time>2023-12-10T09:04:19Z</time>
   </trkpt>
   <trkpt lat="51.5459100" lon="-0.0236090">
    <ele>6.5</ele>
    <time>2023-12-10T09:04:20Z</time>
   </trkpt>
   <trkpt lat="51.5458800" lon="-0.0235680">
    <ele>6.5</ele>
    <time>2023-12-10T09:04:21Z</time>
   </trkpt>
   <trkpt lat="51.5458490" lon="-0.0235390">
    <ele>6.5</ele>
    <time>2023-12-10T09:04:22Z</time>
   </trkpt>
   <trkpt lat="51.5458150" lon="-0.0235010">
    <ele>6.5</ele>
    <time>2023-12-10T09:04:23Z</time>
   </trkpt>
   <trkpt lat="51.5457920" lon="-0.0234630">
    <ele>6.5</ele>
    <time>2023-12-10T09:04:24Z</time>
   </trkpt>
   <trkpt lat="51.5457590" lon="-0.0234270">
    <ele>6.5</ele>
    <time>2023-12-10T09:04:25Z</time>
   </trkpt>
   <trkpt lat="51.5457270" lon="-0.0233880">
    <ele>6.5</ele>
    <time>2023-12-10T09:04:26Z</time>
   </trkpt>
   <trkpt lat="51.5456970" lon="-0.0233450">
    <ele>6.5</ele>
    <time>2023-12-10T09:04:27Z</time>
   </trkpt>
   <trkpt lat="51.5456700" lon="-0.0233010">
    <ele>6.5</ele>
    <time>2023-12-10T09:04:28Z</time>
   </trkpt>
   <trkpt lat="51.5456420" lon="-0.0232710">
    <ele>6.5</ele>
    <time>2023-12-10T09:04:29Z</time>
   </trkpt>
   <trkpt lat="51.5456110" lon="-0.0232210">
    <ele>6.5</ele>
    <time>2023-12-10T09:04:30Z</time>
   </trkpt>
   <trkpt lat="51.5455800" lon="-0.0231790">
    <ele>6.5</ele>
    <time>2023-12-10T09:04:31Z</time>
   </trkpt>
   <trkpt lat="51.5455510" lon="-0.0231450">
    <ele>6.5</ele>
    <time>2023-12-10T09:04:32Z</time>
   </trkpt>
   <trkpt lat="51.5455260" lon="-0.0231040">
    <ele>6.5</ele>
    <time>2023-12-10T09:04:33Z</time>
   </trkpt>
   <trkpt lat="51.5455010" lon="-0.0230600">
    <ele>6.5</ele>
    <time>2023-12-10T09:04:34Z</time>
   </trkpt>
   <trkpt lat="51.5454680" lon="-0.0230180">
    <ele>6.5</ele>
    <time>2023-12-10T09:04:35Z</time>
   </trkpt>
   <trkpt lat="51.5454430" lon="-0.0229810">
    <ele>6.5</ele>
    <time>2023-12-10T09:04:36Z</time>
   </trkpt>
   <trkpt lat="51.5454110" lon="-0.0229350">
    <ele>6.5</ele>
    <time>2023-12-10T09:04:37Z</time>
   </trkpt>
   <trkpt lat="51.5453900" lon="-0.0229050">
    <ele>6.5</ele>
    <time>2023-12-10T09:04:38Z</time>
   </trkpt>
   <trkpt lat="51.5453540" lon="-0.0228770">
    <ele>6.5</ele>
    <time>2023-12-10T09:04:39Z</time>
   </trkpt>
   <trkpt lat="51.5453310" lon="-0.0228380">
    <ele>6.5</ele>
    <time>2023-12-10T09:04:40Z</time>
   </trkpt>
   <trkpt lat="51.5453010" lon="-0.0228010">
    <ele>6.5</ele>
    <time>2023-12-10T09:04:41Z</time>
   </trkpt>
   <trkpt lat="51.5452710" lon="-0.0227550">
    <ele>6.5</ele>
    <time>2023-12-10T09:04:42Z</time>
   </trkpt>
   <trkpt lat="51.5452440" lon="-0.0227260">
    <ele>6.5</ele>
    <time>2023-12-10T09:04:43Z</time>
   </trkpt>
   <trkpt lat="51.5452160" lon="-0.0226940">
    <ele>6.5</ele>
    <time>2023-12-10T09:04:44Z</time>
   </trkpt>
   <trkpt lat="51.5451890" lon="-0.0226580">
    <ele>6.5</ele>
    <time>2023-12-10T09:04:45Z</time>
   </trkpt>
   <trkpt lat="51.5451530" lon="-0.0226210">
    <ele>6.5</ele>
    <time>2023-12-10T09:04:46Z</time>
   </trkpt>
   <trkpt lat="51.5451210" lon="-0.0225950">
    <ele>6.6</ele>
    <time>2023-12-10T09:04:47Z</time>
   </trkpt>
   <trkpt lat="51.5450940" lon="-0.0225560">
    <ele>6.6</ele>
    <time>2023-12-10T09:04:48Z</time>
   </trkpt>
   <trkpt lat="51.5450620" lon="-0.0225250">
    <ele>6.6</ele>
    <time>2023-12-10T09:04:49Z</time>
   </trkpt>
   <trkpt lat="51.5450380" lon="-0.0225090">
    <ele>6.6</ele>
    <time>2023-12-10T09:04:50Z</time>
   </trkpt>
   <trkpt lat="51.5450070" lon="-0.0224870">
    <ele>6.6</ele>
    <time>2023-12-10T09:04:52Z</time>
   </trkpt>
   <trkpt lat="51.5449790" lon="-0.0224520">
    <ele>6.6</ele>
    <time>2023-12-10T09:04:53Z</time>
   </trkpt>
   <trkpt lat="51.5449430" lon="-0.0224250">
    <ele>6.7</ele>
    <time>2023-12-10T09:04:54Z</time>
   </trkpt>
   <trkpt lat="51.5449080" lon="-0.0224020">
    <ele>6.7</ele>
    <time>2023-12-10T09:04:55Z</time>
   </trkpt>
   <trkpt lat="51.5448750" lon="-0.0223760">
    <ele>6.7</ele>
    <time>2023-12-10T09:04:56Z</time>
   </trkpt>
   <trkpt lat="51.5448440" lon="-0.0223520">
    <ele>6.7</ele>
    <time>2023-12-10T09:04:57Z</time>
   </trkpt>
   <trkpt lat="51.5448150" lon="-0.0223370">
    <ele>6.8</ele>
    <time>2023-12-10T09:04:58Z</time>
   </trkpt>
   <trkpt lat="51.5447840" lon="-0.0223090">
    <ele>6.8</ele>
    <time>2023-12-10T09:04:59Z</time>
   </trkpt>
   <trkpt lat="51.5447480" lon="-0.0222970">
    <ele>6.8</ele>
    <time>2023-12-10T09:05:00Z</time>
   </trkpt>
   <trkpt lat="51.5447170" lon="-0.0222800">
    <ele>6.9</ele>
    <time>2023-12-10T09:05:01Z</time>
   </trkpt>
   <trkpt lat="51.5446810" lon="-0.0222560">
    <ele>6.9</ele>
    <time>2023-12-10T09:05:02Z</time>
   </trkpt>
   <trkpt lat="51.5446490" lon="-0.0222420">
    <ele>6.8</ele>
    <time>2023-12-10T09:05:03Z</time>
   </trkpt>
   <trkpt lat="51.5446070" lon="-0.0222090">
    <ele>6.8</ele>
    <time>2023-12-10T09:05:04Z</time>
   </trkpt>
   <trkpt lat="51.5445880" lon="-0.0221890">
    <ele>6.8</ele>
    <time>2023-12-10T09:05:05Z</time>
   </trkpt>
   <trkpt lat="51.5445560" lon="-0.0221710">
    <ele>6.8</ele>
    <time>2023-12-10T09:05:06Z</time>
   </trkpt>
   <trkpt lat="51.5445210" lon="-0.0221610">
    <ele>6.7</ele>
    <time>2023-12-10T09:05:07Z</time>
   </trkpt>
   <trkpt lat="51.5444850" lon="-0.0221480">
    <ele>6.7</ele>
    <time>2023-12-10T09:05:08Z</time>
   </trkpt>
   <trkpt lat="51.5444440" lon="-0.0221240">
    <ele>6.7</ele>
    <time>2023-12-10T09:05:09Z</time>
   </trkpt>
   <trkpt lat="51.5444130" lon="-0.0221060">
    <ele>6.7</ele>
    <time>2023-12-10T09:05:10Z</time>
   </trkpt>
   <trkpt lat="51.5443720" lon="-0.0220880">
    <ele>6.6</ele>
    <time>2023-12-10T09:05:11Z</time>
   </trkpt>
   <trkpt lat="51.5443390" lon="-0.0220800">
    <ele>6.6</ele>
    <time>2023-12-10T09:05:12Z</time>
   </trkpt>
   <trkpt lat="51.5443060" lon="-0.0220590">
    <ele>6.6</ele>
    <time>2023-12-10T09:05:13Z</time>
   </trkpt>
   <trkpt lat="51.5442680" lon="-0.0220410">
    <ele>6.6</ele>
    <time>2023-12-10T09:05:14Z</time>
   </trkpt>
   <trkpt lat="51.5442310" lon="-0.0220110">
    <ele>6.6</ele>
    <time>2023-12-10T09:05:15Z</time>
   </trkpt>
   <trkpt lat="51.5441960" lon="-0.0219930">
    <ele>6.6</ele>
    <time>2023-12-10T09:05:16Z</time>
   </trkpt>
   <trkpt lat="51.5441630" lon="-0.0219790">
    <ele>6.6</ele>
    <time>2023-12-10T09:05:17Z</time>
   </trkpt>
   <trkpt lat="51.5441260" lon="-0.0219640">
    <ele>6.5</ele>
    <time>2023-12-10T09:05:18Z</time>
   </trkpt>
   <trkpt lat="51.5440960" lon="-0.0219470">
    <ele>6.5</ele>
    <time>2023-12-10T09:05:19Z</time>
   </trkpt>
   <trkpt lat="51.5440650" lon="-0.0219200">
    <ele>6.5</ele>
    <time>2023-12-10T09:05:20Z</time>
   </trkpt>
   <trkpt lat="51.5440330" lon="-0.0219220">
    <ele>6.5</ele>
    <time>2023-12-10T09:05:21Z</time>
   </trkpt>
   <trkpt lat="51.5440020" lon="-0.0219180">
    <ele>6.5</ele>
    <time>2023-12-10T09:05:22Z</time>
   </trkpt>
   <trkpt lat="51.5439670" lon="-0.0218970">
    <ele>6.5</ele>
    <time>2023-12-10T09:05:23Z</time>
   </trkpt>
   <trkpt lat="51.5439500" lon="-0.0218940">
    <ele>6.5</ele>
    <time>2023-12-10T09:05:24Z</time>
   </trkpt>
   <trkpt lat="51.5439080" lon="-0.0218780">
    <ele>6.5</ele>
    <time>2023-12-10T09:05:25Z</time>
   </trkpt>
   <trkpt lat="51.5438720" lon="-0.0218620">
    <ele>6.5</ele>
    <time>2023-12-10T09:05:26Z</time>
   </trkpt>
   <trkpt lat="51.5438360" lon="-0.0218510">
    <ele>6.5</ele>
    <time>2023-12-10T09:05:27Z</time>
   </trkpt>
   <trkpt lat="51.5437980" lon="-0.0218440">
    <ele>6.5</ele>
    <time>2023-12-10T09:05:28Z</time>
   </trkpt>
   <trkpt lat="51.5437640" lon="-0.0218340">
    <ele>6.5</ele>
    <time>2023-12-10T09:05:29Z</time>
   </trkpt>
   <trkpt lat="51.5437240" lon="-0.0218210">
    <ele>6.6</ele>
    <time>2023-12-10T09:05:30Z</time>
   </trkpt>
   <trkpt lat="51.5436890" lon="-0.0218090">
    <ele>6.6</ele>
    <time>2023-12-10T09:05:31Z</time>
   </trkpt>
   <trkpt lat="51.5436430" lon="-0.0218120">
    <ele>6.6</ele>
    <time>2023-12-10T09:05:32Z</time>
   </trkpt>
   <trkpt lat="51.5436060" lon="-0.0217980">
    <ele>6.6</ele>
    <time>2023-12-10T09:05:33Z</time>
   </trkpt>
   <trkpt lat="51.5435930" lon="-0.0217990">
    <ele>6.6</ele>
    <time>2023-12-10T09:05:34Z</time>
   </trkpt>
   <trkpt lat="51.5435410" lon="-0.0217970">
    <ele>6.6</ele>
    <time>2023-12-10T09:05:35Z</time>
   </trkpt>
   <trkpt lat="51.5434940" lon="-0.0218050">
    <ele>6.6</ele>
    <time>2023-12-10T09:05:36Z</time>
   </trkpt>
   <trkpt lat="51.5434640" lon="-0.0217450">
    <ele>6.6</ele>
    <time>2023-12-10T09:05:37Z</time>
   </trkpt>
   <trkpt lat="51.5434280" lon="-0.0217290">
    <ele>6.6</ele>
    <time>2023-12-10T09:05:38Z</time>
   </trkpt>
   <trkpt lat="51.5433940" lon="-0.0217240">
    <ele>6.6</ele>
    <time>2023-12-10T09:05:39Z</time>
   </trkpt>
   <trkpt lat="51.5433610" lon="-0.0217170">
    <ele>6.6</ele>
    <time>2023-12-10T09:05:40Z</time>
   </trkpt>
   <trkpt lat="51.5433180" lon="-0.0216930">
    <ele>6.6</ele>
    <time>2023-12-10T09:05:41Z</time>
   </trkpt>
   <trkpt lat="51.5432780" lon="-0.0216790">
    <ele>6.6</ele>
    <time>2023-12-10T09:05:42Z</time>
   </trkpt>
   <trkpt lat="51.5432400" lon="-0.0216800">
    <ele>6.6</ele>
    <time>2023-12-10T09:05:43Z</time>
   </trkpt>
   <trkpt lat="51.5432020" lon="-0.0216720">
    <ele>6.6</ele>
    <time>2023-12-10T09:05:44Z</time>
   </trkpt>
   <trkpt lat="51.5431670" lon="-0.0216640">
    <ele>6.6</ele>
    <time>2023-12-10T09:05:45Z</time>
   </trkpt>
   <trkpt lat="51.5431260" lon="-0.0216550">
    <ele>6.6</ele>
    <time>2023-12-10T09:05:46Z</time>
   </trkpt>
   <trkpt lat="51.5430860" lon="-0.0216400">
    <ele>6.6</ele>
    <time>2023-12-10T09:05:47Z</time>
   </trkpt>
   <trkpt lat="51.5430510" lon="-0.0216320">
    <ele>6.6</ele>
    <time>2023-12-10T09:05:48Z</time>
   </trkpt>
   <trkpt lat="51.5430170" lon="-0.0216220">
    <ele>6.7</ele>
    <time>2023-12-10T09:05:49Z</time>
   </trkpt>
   <trkpt lat="51.5429860" lon="-0.0216170">
    <ele>6.7</ele>
    <time>2023-12-10T09:05:50Z</time>
   </trkpt>
   <trkpt lat="51.5429470" lon="-0.0216090">
    <ele>6.7</ele>
    <time>2023-12-10T09:05:51Z</time>
   </trkpt>
   <trkpt lat="51.5429120" lon="-0.0215990">
    <ele>6.7</ele>
    <time>2023-12-10T09:05:52Z</time>
   </trkpt>
   <trkpt lat="51.5428710" lon="-0.0215880">
    <ele>6.7</ele>
    <time>2023-12-10T09:05:53Z</time>
   </trkpt>
   <trkpt lat="51.5428570" lon="-0.0215800">
    <ele>6.7</ele>
    <time>2023-12-10T09:05:54Z</time>
   </trkpt>
   <trkpt lat="51.5428260" lon="-0.0215500">
    <ele>6.8</ele>
    <time>2023-12-10T09:05:55Z</time>
   </trkpt>
   <trkpt lat="51.5427860" lon="-0.0215210">
    <ele>6.8</ele>
    <time>2023-12-10T09:05:56Z</time>
   </trkpt>
   <trkpt lat="51.5427600" lon="-0.0215520">
    <ele>6.8</ele>
    <time>2023-12-10T09:05:57Z</time>
   </trkpt>
   <trkpt lat="51.5426880" lon="-0.0214430">
    <ele>6.9</ele>
    <time>2023-12-10T09:05:58Z</time>
   </trkpt>
   <trkpt lat="51.5426600" lon="-0.0214060">
    <ele>6.9</ele>
    <time>2023-12-10T09:05:59Z</time>
   </trkpt>
   <trkpt lat="51.5426190" lon="-0.0213670">
    <ele>7.0</ele>
    <time>2023-12-10T09:06:00Z</time>
   </trkpt>
   <trkpt lat="51.5425960" lon="-0.0213220">
    <ele>6.9</ele>
    <time>2023-12-10T09:06:01Z</time>
   </trkpt>
   <trkpt lat="51.5425740" lon="-0.0212810">
    <ele>6.9</ele>
    <time>2023-12-10T09:06:02Z</time>
   </trkpt>
   <trkpt lat="51.5425430" lon="-0.0212360">
    <ele>6.9</ele>
    <time>2023-12-10T09:06:03Z</time>
   </trkpt>
   <trkpt lat="51.5425140" lon="-0.0211920">
    <ele>6.9</ele>
    <time>2023-12-10T09:06:04Z</time>
   </trkpt>
   <trkpt lat="51.5424800" lon="-0.0211560">
    <ele>6.9</ele>
    <time>2023-12-10T09:06:05Z</time>
   </trkpt>
   <trkpt lat="51.5424500" lon="-0.0211240">
    <ele>6.8</ele>
    <time>2023-12-10T09:06:06Z</time>
   </trkpt>
   <trkpt lat="51.5424170" lon="-0.0211020">
    <ele>6.8</ele>
    <time>2023-12-10T09:06:07Z</time>
   </trkpt>
   <trkpt lat="51.5423900" lon="-0.0210740">
    <ele>6.8</ele>
    <time>2023-12-10T09:06:08Z</time>
   </trkpt>
   <trkpt lat="51.5423550" lon="-0.0210460">
    <ele>6.8</ele>
    <time>2023-12-10T09:06:09Z</time>
   </trkpt>
   <trkpt lat="51.5423250" lon="-0.0210240">
    <ele>6.8</ele>
    <time>2023-12-10T09:06:10Z</time>
   </trkpt>
   <trkpt lat="51.5422950" lon="-0.0210010">
    <ele>6.8</ele>
    <time>2023-12-10T09:06:11Z</time>
   </trkpt>
   <trkpt lat="51.5422640" lon="-0.0209820">
    <ele>6.7</ele>
    <time>2023-12-10T09:06:12Z</time>
   </trkpt>
   <trkpt lat="51.5422330" lon="-0.0209470">
    <ele>6.7</ele>
    <time>2023-12-10T09:06:13Z</time>
   </trkpt>
   <trkpt lat="51.5422050" lon="-0.0209300">
    <ele>6.7</ele>
    <time>2023-12-10T09:06:14Z</time>
   </trkpt>
   <trkpt lat="51.5421790" lon="-0.0209180">
    <ele>6.7</ele>
    <time>2023-12-10T09:06:15Z</time>
   </trkpt>
   <trkpt lat="51.5421690" lon="-0.0209010">
    <ele>6.7</ele>
    <time>2023-12-10T09:06:16Z</time>
   </trkpt>
   <trkpt lat="51.5421300" lon="-0.0209000">
    <ele>6.7</ele>
    <time>2023-12-10T09:06:17Z</time>
   </trkpt>
   <trkpt lat="51.5421160" lon="-0.0208910">
    <ele>6.7</ele>
    <time>2023-12-10T09:06:18Z</time>
   </trkpt>
   <trkpt lat="51.5420900" lon="-0.0208630">
    <ele>6.7</ele>
    <time>2023-12-10T09:06:19Z</time>
   </trkpt>
   <trkpt lat="51.5420510" lon="-0.0208320">
    <ele>6.7</ele>
    <time>2023-12-10T09:06:20Z</time>
   </trkpt>
   <trkpt lat="51.5420030" lon="-0.0207910">
    <ele>6.7</ele>
    <time>2023-12-10T09:06:21Z</time>
   </trkpt>
   <trkpt lat="51.5419610" lon="-0.0207680">
    <ele>6.7</ele>
    <time>2023-12-10T09:06:22Z</time>
   </trkpt>
   <trkpt lat="51.5419280" lon="-0.0207470">
    <ele>6.7</ele>
    <time>2023-12-10T09:06:23Z</time>
   </trkpt>
   <trkpt lat="51.5418830" lon="-0.0207180">
    <ele>6.7</ele>
    <time>2023-12-10T09:06:24Z</time>
   </trkpt>
   <trkpt lat="51.5418500" lon="-0.0206970">
    <ele>6.7</ele>
    <time>2023-12-10T09:06:25Z</time>
   </trkpt>
   <trkpt lat="51.5418150" lon="-0.0206820">
    <ele>6.6</ele>
    <time>2023-12-10T09:06:26Z</time>
   </trkpt>
   <trkpt lat="51.5417880" lon="-0.0206560">
    <ele>6.6</ele>
    <time>2023-12-10T09:06:27Z</time>
   </trkpt>
   <trkpt lat="51.5417490" lon="-0.0206490">
    <ele>6.6</ele>
    <time>2023-12-10T09:06:28Z</time>
   </trkpt>
   <trkpt lat="51.5417230" lon="-0.0206360">
    <ele>6.6</ele>
    <time>2023-12-10T09:06:29Z</time>
   </trkpt>
   <trkpt lat="51.5416900" lon="-0.0206120">
    <ele>6.6</ele>
    <time>2023-12-10T09:06:30Z</time>
   </trkpt>
   <trkpt lat="51.5416580" lon="-0.0205950">
    <ele>6.6</ele>
    <time>2023-12-10T09:06:31Z</time>
   </trkpt>
   <trkpt lat="51.5416300" lon="-0.0205870">
    <ele>6.6</ele>
    <time>2023-12-10T09:06:32Z</time>
   </trkpt>
   <trkpt lat="51.5415940" lon="-0.0205680">
    <ele>6.6</ele>
    <time>2023-12-10T09:06:33Z</time>
   </trkpt>
   <trkpt lat="51.5415540" lon="-0.0205470">
    <ele>6.7</ele>
    <time>2023-12-10T09:06:34Z</time>
   </trkpt>
   <trkpt lat="51.5415180" lon="-0.0205340">
    <ele>6.7</ele>
    <time>2023-12-10T09:06:35Z</time>
   </trkpt>
   <trkpt lat="51.5414820" lon="-0.0205200">
    <ele>6.7</ele>
    <time>2023-12-10T09:06:36Z</time>
   </trkpt>
   <trkpt lat="51.5414490" lon="-0.0205020">
    <ele>6.7</ele>
    <time>2023-12-10T09:06:37Z</time>
   </trkpt>
   <trkpt lat="51.5414210" lon="-0.0204810">
    <ele>6.7</ele>
    <time>2023-12-10T09:06:38Z</time>
   </trkpt>
   <trkpt lat="51.5413860" lon="-0.0204640">
    <ele>6.7</ele>
    <time>2023-12-10T09:06:39Z</time>
   </trkpt>
   <trkpt lat="51.5413540" lon="-0.0204530">
    <ele>6.7</ele>
    <time>2023-12-10T09:06:40Z</time>
   </trkpt>
   <trkpt lat="51.5413230" lon="-0.0204470">
    <ele>6.7</ele>
    <time>2023-12-10T09:06:41Z</time>
   </trkpt>
   <trkpt lat="51.5412910" lon="-0.0204260">
    <ele>6.7</ele>
    <time>2023-12-10T09:06:42Z</time>
   </trkpt>
   <trkpt lat="51.5412570" lon="-0.0204130">
    <ele>6.7</ele>
    <time>2023-12-10T09:06:43Z</time>
   </trkpt>
   <trkpt lat="51.5412490" lon="-0.0204030">
    <ele>6.7</ele>
    <time>2023-12-10T09:06:44Z</time>
   </trkpt>
   <trkpt lat="51.5412180" lon="-0.0203930">
    <ele>6.9</ele>
    <time>2023-12-10T09:06:45Z</time>
   </trkpt>
   <trkpt lat="51.5412080" lon="-0.0203850">
    <ele>7.2</ele>
    <time>2023-12-10T09:06:46Z</time>
   </trkpt>
   <trkpt lat="51.5412270" lon="-0.0203370">
    <ele>7.6</ele>
    <time>2023-12-10T09:06:47Z</time>
   </trkpt>
   <trkpt lat="51.5412270" lon="-0.0202890">
    <ele>8.1</ele>
    <time>2023-12-10T09:06:48Z</time>
   </trkpt>
   <trkpt lat="51.5412280" lon="-0.0202660">
    <ele>8.1</ele>
    <time>2023-12-10T09:06:49Z</time>
   </trkpt>
   <trkpt lat="51.5412270" lon="-0.0202120">
    <ele>8.3</ele>
    <time>2023-12-10T09:06:50Z</time>
   </trkpt>
   <trkpt lat="51.5412070" lon="-0.0201580">
    <ele>8.4</ele>
    <time>2023-12-10T09:06:51Z</time>
   </trkpt>
   <trkpt lat="51.5411770" lon="-0.0201260">
    <ele>8.5</ele>
    <time>2023-12-10T09:06:52Z</time>
   </trkpt>
   <trkpt lat="51.5411380" lon="-0.0201180">
    <ele>8.7</ele>
    <time>2023-12-10T09:06:53Z</time>
   </trkpt>
   <trkpt lat="51.5410990" lon="-0.0201250">
    <ele>9.1</ele>
    <time>2023-12-10T09:06:54Z</time>
   </trkpt>
   <trkpt lat="51.5410650" lon="-0.0201430">
    <ele>9.2</ele>
    <time>2023-12-10T09:06:55Z</time>
   </trkpt>
   <trkpt lat="51.5410380" lon="-0.0201650">
    <ele>9.3</ele>
    <time>2023-12-10T09:06:56Z</time>
   </trkpt>
   <trkpt lat="51.5410170" lon="-0.0202010">
    <ele>9.4</ele>
    <time>2023-12-10T09:06:57Z</time>
   </trkpt>
   <trkpt lat="51.5409990" lon="-0.0202450">
    <ele>9.4</ele>
    <time>2023-12-10T09:06:58Z</time>
   </trkpt>
   <trkpt lat="51.5409820" lon="-0.0202930">
    <ele>9.5</ele>
    <time>2023-12-10T09:06:59Z</time>
   </trkpt>
   <trkpt lat="51.5409630" lon="-0.0203360">
    <ele>9.5</ele>
    <time>2023-12-10T09:07:00Z</time>
   </trkpt>
   <trkpt lat="51.5409430" lon="-0.0203740">
    <ele>9.5</ele>
    <time>2023-12-10T09:07:01Z</time>
   </trkpt>
   <trkpt lat="51.5409250" lon="-0.0204160">
    <ele>9.5</ele>
    <time>2023-12-10T09:07:02Z</time>
   </trkpt>
   <trkpt lat="51.5409060" lon="-0.0204710">
    <ele>9.5</ele>
    <time>2023-12-10T09:07:03Z</time>
   </trkpt>
   <trkpt lat="51.5408890" lon="-0.0205250">
    <ele>9.5</ele>
    <time>2023-12-10T09:07:04Z</time>
   </trkpt>
   <trkpt lat="51.5408630" lon="-0.0205690">
    <ele>9.4</ele>
    <time>2023-12-10T09:07:05Z</time>
   </trkpt>
   <trkpt lat="51.5408400" lon="-0.0206160">
    <ele>9.3</ele>
    <time>2023-12-10T09:07:06Z</time>
   </trkpt>
   <trkpt lat="51.5408220" lon="-0.0206590">
    <ele>9.2</ele>
    <time>2023-12-10T09:07:07Z</time>
   </trkpt>
   <trkpt lat="51.5408010" lon="-0.0207050">
    <ele>9.1</ele>
    <time>2023-12-10T09:07:08Z</time>
   </trkpt>
   <trkpt lat="51.5407750" lon="-0.0207600">
    <ele>9.0</ele>
    <time>2023-12-10T09:07:09Z</time>
   </trkpt>
   <trkpt lat="51.5407490" lon="-0.0208120">
    <ele>8.9</ele>
    <time>2023-12-10T09:07:10Z</time>
   </trkpt>
   <trkpt lat="51.5407260" lon="-0.0208400">
    <ele>8.8</ele>
    <time>2023-12-10T09:07:11Z</time>
   </trkpt>
   <trkpt lat="51.5407030" lon="-0.0208850">
    <ele>8.6</ele>
    <time>2023-12-10T09:07:12Z</time>
   </trkpt>
   <trkpt lat="51.5406820" lon="-0.0209260">
    <ele>8.5</ele>
    <time>2023-12-10T09:07:13Z</time>
   </trkpt>
   <trkpt lat="51.5406650" lon="-0.0209740">
    <ele>8.4</ele>
    <time>2023-12-10T09:07:14Z</time>
   </trkpt>
   <trkpt lat="51.5406450" lon="-0.0210060">
    <ele>8.3</ele>
    <time>2023-12-10T09:07:15Z</time>
   </trkpt>
   <trkpt lat="51.5406210" lon="-0.0210590">
    <ele>8.2</ele>
    <time>2023-12-10T09:07:16Z</time>
   </trkpt>
   <trkpt lat="51.5405950" lon="-0.0210910">
    <ele>8.1</ele>
    <time>2023-12-10T09:07:17Z</time>
   </trkpt>
   <trkpt lat="51.5405690" lon="-0.0211190">
    <ele>8.0</ele>
    <time>2023-12-10T09:07:18Z</time>
   </trkpt>
   <trkpt lat="51.5405490" lon="-0.0211520">
    <ele>7.9</ele>
    <time>2023-12-10T09:07:19Z</time>
   </trkpt>
   <trkpt lat="51.5405290" lon="-0.0211960">
    <ele>7.8</ele>
    <time>2023-12-10T09:07:20Z</time>
   </trkpt>
   <trkpt lat="51.5405070" lon="-0.0212290">
    <ele>7.6</ele>
    <time>2023-12-10T09:07:21Z</time>
   </trkpt>
   <trkpt lat="51.5404830" lon="-0.0212740">
    <ele>7.5</ele>
    <time>2023-12-10T09:07:22Z</time>
   </trkpt>
   <trkpt lat="51.5404710" lon="-0.0213200">
    <ele>7.4</ele>
    <time>2023-12-10T09:07:23Z</time>
   </trkpt>
   <trkpt lat="51.5404570" lon="-0.0213900">
    <ele>7.3</ele>
    <time>2023-12-10T09:07:24Z</time>
   </trkpt>
   <trkpt lat="51.5404600" lon="-0.0214410">
    <ele>7.2</ele>
    <time>2023-12-10T09:07:25Z</time>
   </trkpt>
   <trkpt lat="51.5404440" lon="-0.0214950">
    <ele>7.1</ele>
    <time>2023-12-10T09:07:26Z</time>
   </trkpt>
   <trkpt lat="51.5404590" lon="-0.0215540">
    <ele>7.0</ele>
    <time>2023-12-10T09:07:27Z</time>
   </trkpt>
   <trkpt lat="51.5404980" lon="-0.0216160">
    <ele>6.9</ele>
    <time>2023-12-10T09:07:28Z</time>
   </trkpt>
   <trkpt lat="51.5405220" lon="-0.0216300">
    <ele>6.9</ele>
    <time>2023-12-10T09:07:29Z</time>
   </trkpt>
   <trkpt lat="51.5405540" lon="-0.0216680">
    <ele>6.9</ele>
    <time>2023-12-10T09:07:31Z</time>
   </trkpt>
   <trkpt lat="51.5405810" lon="-0.0216740">
    <ele>6.9</ele>
    <time>2023-12-10T09:07:32Z</time>
   </trkpt>
   <trkpt lat="51.5406050" lon="-0.0217230">
    <ele>6.9</ele>
    <time>2023-12-10T09:07:33Z</time>
   </trkpt>
   <trkpt lat="51.5406300" lon="-0.0217520">
    <ele>6.8</ele>
    <time>2023-12-10T09:07:34Z</time>
   </trkpt>
   <trkpt lat="51.5406580" lon="-0.0218150">
    <ele>6.8</ele>
    <time>2023-12-10T09:07:35Z</time>
   </trkpt>
   <trkpt lat="51.5406940" lon="-0.0218460">
    <ele>6.8</ele>
    <time>2023-12-10T09:07:36Z</time>
   </trkpt>
   <trkpt lat="51.5407180" lon="-0.0218730">
    <ele>6.8</ele>
    <time>2023-12-10T09:07:37Z</time>
   </trkpt>
   <trkpt lat="51.5407420" lon="-0.0219170">
    <ele>6.8</ele>
    <time>2023-12-10T09:07:38Z</time>
   </trkpt>
   <trkpt lat="51.5407500" lon="-0.0219350">
    <ele>6.8</ele>
    <time>2023-12-10T09:07:39Z</time>
   </trkpt>
   <trkpt lat="51.5407810" lon="-0.0219560">
    <ele>6.8</ele>
    <time>2023-12-10T09:07:40Z</time>
   </trkpt>
   <trkpt lat="51.5408100" lon="-0.0219730">
    <ele>6.8</ele>
    <time>2023-12-10T09:07:41Z</time>
   </trkpt>
   <trkpt lat="51.5408370" lon="-0.0219930">
    <ele>6.8</ele>
    <time>2023-12-10T09:07:42Z</time>
   </trkpt>
   <trkpt lat="51.5408710" lon="-0.0220200">
    <ele>6.9</ele>
    <time>2023-12-10T09:07:43Z</time>
   </trkpt>
   <trkpt lat="51.5408990" lon="-0.0220550">
    <ele>6.9</ele>
    <time>2023-12-10T09:07:44Z</time>
   </trkpt>
   <trkpt lat="51.5409260" lon="-0.0220850">
    <ele>6.9</ele>
    <time>2023-12-10T09:07:45Z</time>
   </trkpt>
   <trkpt lat="51.5409580" lon="-0.0221250">
    <ele>6.9</ele>
    <time>2023-12-10T09:07:46Z</time>
   </trkpt>
   <trkpt lat="51.5409900" lon="-0.0221440">
    <ele>6.9</ele>
    <time>2023-12-10T09:07:47Z</time>
   </trkpt>
   <trkpt lat="51.5410190" lon="-0.0221950">
    <ele>7.0</ele>
    <time>2023-12-10T09:07:48Z</time>
   </trkpt>
   <trkpt lat="51.5410450" lon="-0.0222300">
    <ele>7.0</ele>
    <time>2023-12-10T09:07:49Z</time>
   </trkpt>
   <trkpt lat="51.5410740" lon="-0.0222410">
    <ele>7.1</ele>
    <time>2023-12-10T09:07:50Z</time>
   </trkpt>
   <trkpt lat="51.5410990" lon="-0.0222750">
    <ele>7.2</ele>
    <time>2023-12-10T09:07:51Z</time>
   </trkpt>
   <trkpt lat="51.5411330" lon="-0.0223390">
    <ele>7.3</ele>
    <time>2023-12-10T09:07:52Z</time>
   </trkpt>
   <trkpt lat="51.5411610" lon="-0.0223910">
    <ele>7.5</ele>
    <time>2023-12-10T09:07:53Z</time>
   </trkpt>
   <trkpt lat="51.5411850" lon="-0.0224400">
    <ele>7.6</ele>
    <time>2023-12-10T09:07:54Z</time>
   </trkpt>
   <trkpt lat="51.5412140" lon="-0.0224650">
    <ele>7.7</ele>
    <time>2023-12-10T09:07:55Z</time>
   </trkpt>
   <trkpt lat="51.5412400" lon="-0.0225000">
    <ele>7.9</ele>
    <time>2023-12-10T09:07:56Z</time>
   </trkpt>
   <trkpt lat="51.5412690" lon="-0.0225350">
    <ele>8.0</ele>
    <time>2023-12-10T09:07:57Z</time>
   </trkpt>
   <trkpt lat="51.5412810" lon="-0.0225420">
    <ele>8.1</ele>
    <time>2023-12-10T09:07:58Z</time>
   </trkpt>
   <trkpt lat="51.5412950" lon="-0.0225840">
    <ele>8.2</ele>
    <time>2023-12-10T09:07:59Z</time>
   </trkpt>
   <trkpt lat="51.5413200" lon="-0.0226160">
    <ele>8.1</ele>
    <time>2023-12-10T09:08:00Z</time>
   </trkpt>
   <trkpt lat="51.5413460" lon="-0.0226560">
    <ele>8.0</ele>
    <time>2023-12-10T09:08:01Z</time>
   </trkpt>
   <trkpt lat="51.5413720" lon="-0.0226950">
    <ele>7.9</ele>
    <time>2023-12-10T09:08:02Z</time>
   </trkpt>
   <trkpt lat="51.5414280" lon="-0.0227570">
    <ele>7.6</ele>
    <time>2023-12-10T09:08:03Z</time>
   </trkpt>
   <trkpt lat="51.5414600" lon="-0.0228000">
    <ele>7.3</ele>
    <time>2023-12-10T09:08:04Z</time>
   </trkpt>
   <trkpt lat="51.5414890" lon="-0.0228050">
    <ele>6.9</ele>
    <time>2023-12-10T09:08:05Z</time>
   </trkpt>
   <trkpt lat="51.5414970" lon="-0.0227930">
    <ele>6.9</ele>
    <time>2023-12-10T09:08:06Z</time>
   </trkpt>
   <trkpt lat="51.5415150" lon="-0.0227480">
    <ele>6.9</ele>
    <time>2023-12-10T09:08:07Z</time>
   </trkpt>
   <trkpt lat="51.5415380" lon="-0.0226960">
    <ele>6.9</ele>
    <time>2023-12-10T09:08:08Z</time>
   </trkpt>
   <trkpt lat="51.5415600" lon="-0.0226550">
    <ele>6.9</ele>
    <time>2023-12-10T09:08:09Z</time>
   </trkpt>
   <trkpt lat="51.5415850" lon="-0.0226160">
    <ele>6.9</ele>
    <time>2023-12-10T09:08:10Z</time>
   </trkpt>
   <trkpt lat="51.5416070" lon="-0.0225700">
    <ele>6.8</ele>
    <time>2023-12-10T09:08:11Z</time>
   </trkpt>
   <trkpt lat="51.5416280" lon="-0.0225260">
    <ele>6.8</ele>
    <time>2023-12-10T09:08:12Z</time>
   </trkpt>
   <trkpt lat="51.5416430" lon="-0.0224790">
    <ele>6.8</ele>
    <time>2023-12-10T09:08:13Z</time>
   </trkpt>
   <trkpt lat="51.5416630" lon="-0.0224340">
    <ele>6.8</ele>
    <time>2023-12-10T09:08:14Z</time>
   </trkpt>
   <trkpt lat="51.5416790" lon="-0.0223920">
    <ele>6.8</ele>
    <time>2023-12-10T09:08:15Z</time>
   </trkpt>
   <trkpt lat="51.5417090" lon="-0.0223420">
    <ele>6.8</ele>
    <time>2023-12-10T09:08:16Z</time>
   </trkpt>
   <trkpt lat="51.5417110" lon="-0.0222890">
    <ele>6.8</ele>
    <time>2023-12-10T09:08:17Z</time>
   </trkpt>
   <trkpt lat="51.5417110" lon="-0.0222690">
    <ele>6.8</ele>
    <time>2023-12-10T09:08:18Z</time>
   </trkpt>
   <trkpt lat="51.5416720" lon="-0.0222360">
    <ele>6.8</ele>
    <time>2023-12-10T09:08:19Z</time>
   </trkpt>
   <trkpt lat="51.5416430" lon="-0.0222740">
    <ele>6.8</ele>
    <time>2023-12-10T09:08:20Z</time>
   </trkpt>
   <trkpt lat="51.5416200" lon="-0.0223050">
    <ele>6.8</ele>
    <time>2023-12-10T09:08:21Z</time>
   </trkpt>
   <trkpt lat="51.5416100" lon="-0.0223610">
    <ele>6.8</ele>
    <time>2023-12-10T09:08:22Z</time>
   </trkpt>
   <trkpt lat="51.5416220" lon="-0.0224430">
    <ele>6.7</ele>
    <time>2023-12-10T09:08:23Z</time>
   </trkpt>
   <trkpt lat="51.5416280" lon="-0.0225170">
    <ele>6.7</ele>
    <time>2023-12-10T09:08:24Z</time>
   </trkpt>
   <trkpt lat="51.5415980" lon="-0.0225470">
    <ele>6.7</ele>
    <time>2023-12-10T09:08:25Z</time>
   </trkpt>
   <trkpt lat="51.5415740" lon="-0.0225880">
    <ele>6.7</ele>
    <time>2023-12-10T09:08:26Z</time>
   </trkpt>
   <trkpt lat="51.5415350" lon="-0.0226210">
    <ele>6.7</ele>
    <time>2023-12-10T09:08:27Z</time>
   </trkpt>
   <trkpt lat="51.5415150" lon="-0.0226740">
    <ele>6.7</ele>
    <time>2023-12-10T09:08:28Z</time>
   </trkpt>
   <trkpt lat="51.5414980" lon="-0.0227300">
    <ele>6.7</ele>
    <time>2023-12-10T09:08:29Z</time>
   </trkpt>
   <trkpt lat="51.5414740" lon="-0.0227660">
    <ele>6.7</ele>
    <time>2023-12-10T09:08:30Z</time>
   </trkpt>
   <trkpt lat="51.5414610" lon="-0.0228270">
    <ele>6.7</ele>
    <time>2023-12-10T09:08:31Z</time>
   </trkpt>
   <trkpt lat="51.5414370" lon="-0.0228600">
    <ele>6.7</ele>
    <time>2023-12-10T09:08:32Z</time>
   </trkpt>
   <trkpt lat="51.5414090" lon="-0.0229210">
    <ele>6.8</ele>
    <time>2023-12-10T09:08:33Z</time>
   </trkpt>
   <trkpt lat="51.5413950" lon="-0.0229470">
    <ele>6.8</ele>
    <time>2023-12-10T09:08:34Z</time>
   </trkpt>
   <trkpt lat="51.5413670" lon="-0.0229910">
    <ele>6.8</ele>
    <time>2023-12-10T09:08:35Z</time>
   </trkpt>
   <trkpt lat="51.5413520" lon="-0.0230510">
    <ele>6.8</ele>
    <time>2023-12-10T09:08:36Z</time>
   </trkpt>
   <trkpt lat="51.5413360" lon="-0.0231210">
    <ele>6.8</ele>
    <time>2023-12-10T09:08:37Z</time>
   </trkpt>
   <trkpt lat="51.5413140" lon="-0.0231710">
    <ele>6.8</ele>
    <time>2023-12-10T09:08:38Z</time>
   </trkpt>
   <trkpt lat="51.5412860" lon="-0.0232120">
    <ele>6.8</ele>
    <time>2023-12-10T09:08:39Z</time>
   </trkpt>
   <trkpt lat="51.5412600" lon="-0.0232580">
    <ele>6.8</ele>
    <time>2023-12-10T09:08:40Z</time>
   </trkpt>
   <trkpt lat="51.5412370" lon="-0.0233200">
    <ele>6.8</ele>
    <time>2023-12-10T09:08:41Z</time>
   </trkpt>
   <trkpt lat="51.5412140" lon="-0.0233680">
    <ele>6.8</ele>
    <time>2023-12-10T09:08:42Z</time>
   </trkpt>
   <trkpt lat="51.5412010" lon="-0.0234380">
    <ele>6.8</ele>
    <time>2023-12-10T09:08:43Z</time>
   </trkpt>
   <trkpt lat="51.5411710" lon="-0.0234760">
    <ele>6.9</ele>
    <time>2023-12-10T09:08:44Z</time>
   </trkpt>
   <trkpt lat="51.5411420" lon="-0.0235320">
    <ele>6.9</ele>
    <time>2023-12-10T09:08:45Z</time>
   </trkpt>
   <trkpt lat="51.5411170" lon="-0.0235720">
    <ele>6.9</ele>
    <time>2023-12-10T09:08:46Z</time>
   </trkpt>
   <trkpt lat="51.5410960" lon="-0.0236370">
    <ele>6.9</ele>
    <time>2023-12-10T09:08:47Z</time>
   </trkpt>
   <trkpt lat="51.5410740" lon="-0.0236850">
    <ele>6.9</ele>
    <time>2023-12-10T09:08:48Z</time>
   </trkpt>
   <trkpt lat="51.5410480" lon="-0.0237350">
    <ele>6.9</ele>
    <time>2023-12-10T09:08:49Z</time>
   </trkpt>
   <trkpt lat="51.5410300" lon="-0.0237830">
    <ele>6.9</ele>
    <time>2023-12-10T09:08:50Z</time>
   </trkpt>
   <trkpt lat="51.5409980" lon="-0.0238180">
    <ele>6.9</ele>
    <time>2023-12-10T09:08:51Z</time>
   </trkpt>
   <trkpt lat="51.5409660" lon="-0.0238410">
    <ele>6.9</ele>
    <time>2023-12-10T09:08:52Z</time>
   </trkpt>
   <trkpt lat="51.5409520" lon="-0.0238820">
    <ele>6.9</ele>
    <time>2023-12-10T09:08:53Z</time>
   </trkpt>
   <trkpt lat="51.5409240" lon="-0.0239170">
    <ele>6.9</ele>
    <time>2023-12-10T09:08:54Z</time>
   </trkpt>
   <trkpt lat="51.5409100" lon="-0.0239800">
    <ele>6.9</ele>
    <time>2023-12-10T09:08:55Z</time>
   </trkpt>
   <trkpt lat="51.5408830" lon="-0.0240100">
    <ele>6.9</ele>
    <time>2023-12-10T09:08:56Z</time>
   </trkpt>
   <trkpt lat="51.5408630" lon="-0.0240500">
    <ele>6.9</ele>
    <time>2023-12-10T09:08:57Z</time>
   </trkpt>
   <trkpt lat="51.5408260" lon="-0.0240900">
    <ele>6.9</ele>
    <time>2023-12-10T09:08:58Z</time>
   </trkpt>
   <trkpt lat="51.5408000" lon="-0.0241300">
    <ele>7.0</ele>
    <time>2023-12-10T09:08:59Z</time>
   </trkpt>
   <trkpt lat="51.5407790" lon="-0.0241690">
    <ele>7.0</ele>
    <time>2023-12-10T09:09:00Z</time>
   </trkpt>
   <trkpt lat="51.5407590" lon="-0.0242120">
    <ele>7.0</ele>
    <time>2023-12-10T09:09:01Z</time>
   </trkpt>
   <trkpt lat="51.5407330" lon="-0.0242540">
    <ele>7.0</ele>
    <time>2023-12-10T09:09:02Z</time>
   </trkpt>
   <trkpt lat="51.5407250" lon="-0.0242740">
    <ele>7.0</ele>
    <time>2023-12-10T09:09:03Z</time>
   </trkpt>
   <trkpt lat="51.5407020" lon="-0.0243270">
    <ele>7.1</ele>
    <time>2023-12-10T09:09:05Z</time>
   </trkpt>
   <trkpt lat="51.5406800" lon="-0.0243620">
    <ele>7.1</ele>
    <time>2023-12-10T09:09:06Z</time>
   </trkpt>
   <trkpt lat="51.5406390" lon="-0.0243700">
    <ele>7.2</ele>
    <time>2023-12-10T09:09:07Z</time>
   </trkpt>
   <trkpt lat="51.5406120" lon="-0.0243980">
    <ele>7.2</ele>
    <time>2023-12-10T09:09:08Z</time>
   </trkpt>
   <trkpt lat="51.5405890" lon="-0.0244330">
    <ele>7.3</ele>
    <time>2023-12-10T09:09:09Z</time>
   </trkpt>
   <trkpt lat="51.5405750" lon="-0.0244860">
    <ele>7.3</ele>
    <time>2023-12-10T09:09:10Z</time>
   </trkpt>
   <trkpt lat="51.5405350" lon="-0.0244820">
    <ele>7.4</ele>
    <time>2023-12-10T09:09:11Z</time>
   </trkpt>
   <trkpt lat="51.5405100" lon="-0.0245150">
    <ele>7.4</ele>
    <time>2023-12-10T09:09:12Z</time>
   </trkpt>
   <trkpt lat="51.5404800" lon="-0.0245450">
    <ele>7.5</ele>
    <time>2023-12-10T09:09:13Z</time>
   </trkpt>
   <trkpt lat="51.5404500" lon="-0.0245890">
    <ele>7.5</ele>
    <time>2023-12-10T09:09:14Z</time>
   </trkpt>
   <trkpt lat="51.5404090" lon="-0.0245920">
    <ele>7.5</ele>
    <time>2023-12-10T09:09:15Z</time>
   </trkpt>
   <trkpt lat="51.5403930" lon="-0.0246290">
    <ele>7.5</ele>
    <time>2023-12-10T09:09:16Z</time>
   </trkpt>
   <trkpt lat="51.5403670" lon="-0.0246480">
    <ele>7.5</ele>
    <time>2023-12-10T09:09:17Z</time>
   </trkpt>
   <trkpt lat="51.5403650" lon="-0.0246680">
    <ele>7.5</ele>
    <time>2023-12-10T09:09:18Z</time>
   </trkpt>
   <trkpt lat="51.5403520" lon="-0.0247250">
    <ele>7.5</ele>
    <time>2023-12-10T09:09:19Z</time>
   </trkpt>
   <trkpt lat="51.5403560" lon="-0.0247650">
    <ele>7.5</ele>
    <time>2023-12-10T09:09:20Z</time>
   </trkpt>
   <trkpt lat="51.5403510" lon="-0.0247840">
    <ele>7.5</ele>
    <time>2023-12-10T09:09:21Z</time>
   </trkpt>
   <trkpt lat="51.5403210" lon="-0.0248260">
    <ele>7.6</ele>
    <time>2023-12-10T09:09:22Z</time>
   </trkpt>
   <trkpt lat="51.5403000" lon="-0.0248330">
    <ele>7.8</ele>
    <time>2023-12-10T09:09:23Z</time>
   </trkpt>
   <trkpt lat="51.5402850" lon="-0.0248140">
    <ele>7.8</ele>
    <time>2023-12-10T09:09:24Z</time>
   </trkpt>
   <trkpt lat="51.5402700" lon="-0.0247950">
    <ele>7.9</ele>
    <time>2023-12-10T09:09:25Z</time>
   </trkpt>
   <trkpt lat="51.5402340" lon="-0.0248160">
    <ele>8.0</ele>
    <time>2023-12-10T09:09:26Z</time>
   </trkpt>
   <trkpt lat="51.5402230" lon="-0.0248270">
    <ele>8.1</ele>
    <time>2023-12-10T09:09:27Z</time>
   </trkpt>
   <trkpt lat="51.5401840" lon="-0.0248690">
    <ele>8.1</ele>
    <time>2023-12-10T09:09:28Z</time>
   </trkpt>
   <trkpt lat="51.5401520" lon="-0.0248840">
    <ele>8.2</ele>
    <time>2023-12-10T09:09:29Z</time>
   </trkpt>
   <trkpt lat="51.5401140" lon="-0.0249280">
    <ele>8.2</ele>
    <time>2023-12-10T09:09:30Z</time>
   </trkpt>
   <trkpt lat="51.5400830" lon="-0.0249560">
    <ele>8.2</ele>
    <time>2023-12-10T09:09:31Z</time>
   </trkpt>
   <trkpt lat="51.5400570" lon="-0.0249870">
    <ele>8.2</ele>
    <time>2023-12-10T09:09:32Z</time>
   </trkpt>
   <trkpt lat="51.5400210" lon="-0.0250310">
    <ele>8.3</ele>
    <time>2023-12-10T09:09:33Z</time>
   </trkpt>
   <trkpt lat="51.5399970" lon="-0.0250810">
    <ele>8.3</ele>
    <time>2023-12-10T09:09:34Z</time>
   </trkpt>
   <trkpt lat="51.5399610" lon="-0.0251330">
    <ele>8.3</ele>
    <time>2023-12-10T09:09:35Z</time>
   </trkpt>
   <trkpt lat="51.5399350" lon="-0.0251750">
    <ele>8.4</ele>
    <time>2023-12-10T09:09:36Z</time>
   </trkpt>
   <trkpt lat="51.5399050" lon="-0.0252330">
    <ele>8.4</ele>
    <time>2023-12-10T09:09:37Z</time>
   </trkpt>
   <trkpt lat="51.5398820" lon="-0.0252820">
    <ele>8.5</ele>
    <time>2023-12-10T09:09:38Z</time>
   </trkpt>
   <trkpt lat="51.5398690" lon="-0.0253300">
    <ele>8.6</ele>
    <time>2023-12-10T09:09:39Z</time>
   </trkpt>
   <trkpt lat="51.5398480" lon="-0.0253740">
    <ele>8.6</ele>
    <time>2023-12-10T09:09:40Z</time>
   </trkpt>
   <trkpt lat="51.5398280" lon="-0.0254180">
    <ele>8.7</ele>
    <time>2023-12-10T09:09:41Z</time>
   </trkpt>
   <trkpt lat="51.5398080" lon="-0.0254650">
    <ele>8.7</ele>
    <time>2023-12-10T09:09:42Z</time>
   </trkpt>
   <trkpt lat="51.5397810" lon="-0.0255070">
    <ele>8.7</ele>
    <time>2023-12-10T09:09:43Z</time>
   </trkpt>
   <trkpt lat="51.5397610" lon="-0.0255510">
    <ele>8.8</ele>
    <time>2023-12-10T09:09:44Z</time>
   </trkpt>
   <trkpt lat="51.5397380" lon="-0.0255930">
    <ele>8.8</ele>
    <time>2023-12-10T09:09:45Z</time>
   </trkpt>
   <trkpt lat="51.5397170" lon="-0.0256370">
    <ele>8.9</ele>
    <time>2023-12-10T09:09:46Z</time>
   </trkpt>
   <trkpt lat="51.5396960" lon="-0.0256800">
    <ele>9.1</ele>
    <time>2023-12-10T09:09:47Z</time>
   </trkpt>
   <trkpt lat="51.5397870" lon="-0.0261180">
    <ele>7.9</ele>
    <time>2023-12-10T09:09:48Z</time>
   </trkpt>
   <trkpt lat="51.5397770" lon="-0.0261410">
    <ele>7.8</ele>
    <time>2023-12-10T09:09:49Z</time>
   </trkpt>
   <trkpt lat="51.5396050" lon="-0.0258380">
    <ele>11.7</ele>
    <time>2023-12-10T09:09:51Z</time>
   </trkpt>
   <trkpt lat="51.5397500" lon="-0.0263660">
    <ele>8.0</ele>
    <time>2023-12-10T09:09:52Z</time>
   </trkpt>
   <trkpt lat="51.5396870" lon="-0.0263760">
    <ele>8.1</ele>
    <time>2023-12-10T09:09:53Z</time>
   </trkpt>
   <trkpt lat="51.5396630" lon="-0.0264690">
    <ele>8.2</ele>
    <time>2023-12-10T09:09:54Z</time>
   </trkpt>
   <trkpt lat="51.5396200" lon="-0.0265350">
    <ele>8.2</ele>
    <time>2023-12-10T09:09:55Z</time>
   </trkpt>
   <trkpt lat="51.5395820" lon="-0.0265710">
    <ele>8.2</ele>
    <time>2023-12-10T09:09:56Z</time>
   </trkpt>
   <trkpt lat="51.5395660" lon="-0.0266340">
    <ele>8.2</ele>
    <time>2023-12-10T09:09:57Z</time>
   </trkpt>
   <trkpt lat="51.5395460" lon="-0.0266740">
    <ele>8.2</ele>
    <time>2023-12-10T09:09:58Z</time>
   </trkpt>
   <trkpt lat="51.5395230" lon="-0.0267240">
    <ele>8.2</ele>
    <time>2023-12-10T09:09:59Z</time>
   </trkpt>
   <trkpt lat="51.5395130" lon="-0.0267870">
    <ele>8.3</ele>
    <time>2023-12-10T09:10:00Z</time>
   </trkpt>
   <trkpt lat="51.5395040" lon="-0.0268320">
    <ele>8.3</ele>
    <time>2023-12-10T09:10:01Z</time>
   </trkpt>
   <trkpt lat="51.5394860" lon="-0.0268920">
    <ele>8.3</ele>
    <time>2023-12-10T09:10:02Z</time>
   </trkpt>
   <trkpt lat="51.5394570" lon="-0.0269510">
    <ele>8.3</ele>
    <time>2023-12-10T09:10:03Z</time>
   </trkpt>
   <trkpt lat="51.5394310" lon="-0.0269740">
    <ele>8.3</ele>
    <time>2023-12-10T09:10:04Z</time>
   </trkpt>
   <trkpt lat="51.5394000" lon="-0.0270120">
    <ele>8.3</ele>
    <time>2023-12-10T09:10:05Z</time>
   </trkpt>
   <trkpt lat="51.5393760" lon="-0.0270430">
    <ele>8.3</ele>
    <time>2023-12-10T09:10:06Z</time>
   </trkpt>
   <trkpt lat="51.5393510" lon="-0.0270790">
    <ele>8.3</ele>
    <time>2023-12-10T09:10:07Z</time>
   </trkpt>
   <trkpt lat="51.5393240" lon="-0.0271160">
    <ele>8.3</ele>
    <time>2023-12-10T09:10:08Z</time>
   </trkpt>
   <trkpt lat="51.5392950" lon="-0.0271490">
    <ele>8.4</ele>
    <time>2023-12-10T09:10:09Z</time>
   </trkpt>
   <trkpt lat="51.5393050" lon="-0.0271980">
    <ele>8.4</ele>
    <time>2023-12-10T09:10:10Z</time>
   </trkpt>
   <trkpt lat="51.5393050" lon="-0.0272070">
    <ele>8.4</ele>
    <time>2023-12-10T09:10:11Z</time>
   </trkpt>
   <trkpt lat="51.5393050" lon="-0.0272160">
    <ele>8.5</ele>
    <time>2023-12-10T09:10:12Z</time>
   </trkpt>
   <trkpt lat="51.5392800" lon="-0.0272620">
    <ele>8.8</ele>
    <time>2023-12-10T09:10:13Z</time>
   </trkpt>
   <trkpt lat="51.5392690" lon="-0.0273150">
    <ele>9.0</ele>
    <time>2023-12-10T09:10:14Z</time>
   </trkpt>
   <trkpt lat="51.5392520" lon="-0.0273580">
    <ele>9.2</ele>
    <time>2023-12-10T09:10:15Z</time>
   </trkpt>
   <trkpt lat="51.5392320" lon="-0.0273970">
    <ele>9.4</ele>
    <time>2023-12-10T09:10:16Z</time>
   </trkpt>
   <trkpt lat="51.5392130" lon="-0.0274310">
    <ele>9.5</ele>
    <time>2023-12-10T09:10:17Z</time>
   </trkpt>
   <trkpt lat="51.5391820" lon="-0.0274600">
    <ele>9.6</ele>
    <time>2023-12-10T09:10:18Z</time>
   </trkpt>
   <trkpt lat="51.5391680" lon="-0.0274670">
    <ele>9.7</ele>
    <time>2023-12-10T09:10:19Z</time>
   </trkpt>
   <trkpt lat="51.5391420" lon="-0.0275150">
    <ele>9.8</ele>
    <time>2023-12-10T09:10:20Z</time>
   </trkpt>
   <trkpt lat="51.5391320" lon="-0.0275310">
    <ele>9.9</ele>
    <time>2023-12-10T09:10:21Z</time>
   </trkpt>
   <trkpt lat="51.5391190" lon="-0.0275970">
    <ele>9.9</ele>
    <time>2023-12-10T09:10:23Z</time>
   </trkpt>
   <trkpt lat="51.5391020" lon="-0.0276340">
    <ele>10.0</ele>
    <time>2023-12-10T09:10:24Z</time>
   </trkpt>
   <trkpt lat="51.5390590" lon="-0.0276330">
    <ele>10.1</ele>
    <time>2023-12-10T09:10:25Z</time>
   </trkpt>
   <trkpt lat="51.5390360" lon="-0.0276750">
    <ele>10.1</ele>
    <time>2023-12-10T09:10:26Z</time>
   </trkpt>
   <trkpt lat="51.5389230" lon="-0.0276700">
    <ele>10.2</ele>
    <time>2023-12-10T09:10:27Z</time>
   </trkpt>
   <trkpt lat="51.5388950" lon="-0.0277060">
    <ele>10.2</ele>
    <time>2023-12-10T09:10:28Z</time>
   </trkpt>
   <trkpt lat="51.5388670" lon="-0.0277860">
    <ele>10.2</ele>
    <time>2023-12-10T09:10:29Z</time>
   </trkpt>
   <trkpt lat="51.5388490" lon="-0.0278630">
    <ele>10.3</ele>
    <time>2023-12-10T09:10:30Z</time>
   </trkpt>
   <trkpt lat="51.5388320" lon="-0.0279130">
    <ele>10.3</ele>
    <time>2023-12-10T09:10:31Z</time>
   </trkpt>
   <trkpt lat="51.5387940" lon="-0.0279300">
    <ele>10.3</ele>
    <time>2023-12-10T09:10:32Z</time>
   </trkpt>
   <trkpt lat="51.5387720" lon="-0.0279850">
    <ele>10.3</ele>
    <time>2023-12-10T09:10:33Z</time>
   </trkpt>
   <trkpt lat="51.5387510" lon="-0.0280330">
    <ele>10.3</ele>
    <time>2023-12-10T09:10:34Z</time>
   </trkpt>
   <trkpt lat="51.5387310" lon="-0.0280810">
    <ele>10.3</ele>
    <time>2023-12-10T09:10:35Z</time>
   </trkpt>
   <trkpt lat="51.5387100" lon="-0.0281350">
    <ele>10.3</ele>
    <time>2023-12-10T09:10:36Z</time>
   </trkpt>
   <trkpt lat="51.5386950" lon="-0.0281920">
    <ele>10.3</ele>
    <time>2023-12-10T09:10:37Z</time>
   </trkpt>
   <trkpt lat="51.5386840" lon="-0.0282450">
    <ele>10.3</ele>
    <time>2023-12-10T09:10:38Z</time>
   </trkpt>
   <trkpt lat="51.5386590" lon="-0.0282780">
    <ele>10.3</ele>
    <time>2023-12-10T09:10:39Z</time>
   </trkpt>
   <trkpt lat="51.5386340" lon="-0.0283110">
    <ele>10.4</ele>
    <time>2023-12-10T09:10:40Z</time>
   </trkpt>
   <trkpt lat="51.5386090" lon="-0.0283350">
    <ele>10.4</ele>
    <time>2023-12-10T09:10:41Z</time>
   </trkpt>
   <trkpt lat="51.5385640" lon="-0.0283480">
    <ele>10.4</ele>
    <time>2023-12-10T09:10:42Z</time>
   </trkpt>
   <trkpt lat="51.5385370" lon="-0.0283290">
    <ele>10.4</ele>
    <time>2023-12-10T09:10:43Z</time>
   </trkpt>
   <trkpt lat="51.5385040" lon="-0.0283560">
    <ele>10.4</ele>
    <time>2023-12-10T09:10:44Z</time>
   </trkpt>
   <trkpt lat="51.5384720" lon="-0.0283650">
    <ele>10.5</ele>
    <time>2023-12-10T09:10:45Z</time>
   </trkpt>
   <trkpt lat="51.5384410" lon="-0.0284110">
    <ele>10.5</ele>
    <time>2023-12-10T09:10:46Z</time>
   </trkpt>
   <trkpt lat="51.5384580" lon="-0.0285040">
    <ele>10.5</ele>
    <time>2023-12-10T09:10:47Z</time>
   </trkpt>
   <trkpt lat="51.5384550" lon="-0.0285720">
    <ele>10.5</ele>
    <time>2023-12-10T09:10:48Z</time>
   </trkpt>
   <trkpt lat="51.5384320" lon="-0.0286250">
    <ele>10.5</ele>
    <time>2023-12-10T09:10:49Z</time>
   </trkpt>
   <trkpt lat="51.5384510" lon="-0.0287450">
    <ele>10.6</ele>
    <time>2023-12-10T09:10:50Z</time>
   </trkpt>
   <trkpt lat="51.5384680" lon="-0.0288810">
    <ele>10.6</ele>
    <time>2023-12-10T09:10:51Z</time>
   </trkpt>
   <trkpt lat="51.5384320" lon="-0.0289410">
    <ele>10.7</ele>
    <time>2023-12-10T09:10:52Z</time>
   </trkpt>
   <trkpt lat="51.5384220" lon="-0.0290090">
    <ele>10.7</ele>
    <time>2023-12-10T09:10:53Z</time>
   </trkpt>
   <trkpt lat="51.5384060" lon="-0.0290610">
    <ele>10.7</ele>
    <time>2023-12-10T09:10:54Z</time>
   </trkpt>
   <trkpt lat="51.5383930" lon="-0.0291080">
    <ele>10.7</ele>
    <time>2023-12-10T09:10:55Z</time>
   </trkpt>
   <trkpt lat="51.5383610" lon="-0.0291290">
    <ele>10.7</ele>
    <time>2023-12-10T09:10:56Z</time>
   </trkpt>
   <trkpt lat="51.5383470" lon="-0.0292240">
    <ele>10.8</ele>
    <time>2023-12-10T09:10:57Z</time>
   </trkpt>
   <trkpt lat="51.5383280" lon="-0.0292570">
    <ele>10.9</ele>
    <time>2023-12-10T09:10:58Z</time>
   </trkpt>
   <trkpt lat="51.5382920" lon="-0.0292430">
    <ele>10.9</ele>
    <time>2023-12-10T09:10:59Z</time>
   </trkpt>
   <trkpt lat="51.5382690" lon="-0.0292710">
    <ele>11.0</ele>
    <time>2023-12-10T09:11:00Z</time>
   </trkpt>
   <trkpt lat="51.5382440" lon="-0.0292910">
    <ele>11.1</ele>
    <time>2023-12-10T09:11:01Z</time>
   </trkpt>
   <trkpt lat="51.5382440" lon="-0.0293610">
    <ele>11.4</ele>
    <time>2023-12-10T09:11:02Z</time>
   </trkpt>
   <trkpt lat="51.5382510" lon="-0.0294460">
    <ele>11.8</ele>
    <time>2023-12-10T09:11:03Z</time>
   </trkpt>
   <trkpt lat="51.5382380" lon="-0.0295190">
    <ele>12.1</ele>
    <time>2023-12-10T09:11:04Z</time>
   </trkpt>
   <trkpt lat="51.5382290" lon="-0.0295780">
    <ele>12.4</ele>
    <time>2023-12-10T09:11:05Z</time>
   </trkpt>
   <trkpt lat="51.5382160" lon="-0.0296260">
    <ele>12.5</ele>
    <time>2023-12-10T09:11:06Z</time>
   </trkpt>
   <trkpt lat="51.5381960" lon="-0.0296740">
    <ele>12.7</ele>
    <time>2023-12-10T09:11:07Z</time>
   </trkpt>
   <trkpt lat="51.5381740" lon="-0.0297180">
    <ele>12.8</ele>
    <time>2023-12-10T09:11:08Z</time>
   </trkpt>
   <trkpt lat="51.5381450" lon="-0.0297510">
    <ele>12.9</ele>
    <time>2023-12-10T09:11:09Z</time>
   </trkpt>
   <trkpt lat="51.5381320" lon="-0.0297930">
    <ele>12.9</ele>
    <time>2023-12-10T09:11:10Z</time>
   </trkpt>
   <trkpt lat="51.5381130" lon="-0.0298380">
    <ele>12.9</ele>
    <time>2023-12-10T09:11:11Z</time>
   </trkpt>
   <trkpt lat="51.5380950" lon="-0.0298840">
    <ele>12.9</ele>
    <time>2023-12-10T09:11:12Z</time>
   </trkpt>
   <trkpt lat="51.5380780" lon="-0.0299340">
    <ele>13.0</ele>
    <time>2023-12-10T09:11:13Z</time>
   </trkpt>
   <trkpt lat="51.5380620" lon="-0.0299800">
    <ele>13.0</ele>
    <time>2023-12-10T09:11:14Z</time>
   </trkpt>
   <trkpt lat="51.5380440" lon="-0.0300300">
    <ele>13.0</ele>
    <time>2023-12-10T09:11:15Z</time>
   </trkpt>
   <trkpt lat="51.5380240" lon="-0.0300740">
    <ele>13.0</ele>
    <time>2023-12-10T09:11:16Z</time>
   </trkpt>
   <trkpt lat="51.5380020" lon="-0.0301100">
    <ele>13.0</ele>
    <time>2023-12-10T09:11:17Z</time>
   </trkpt>
   <trkpt lat="51.5379750" lon="-0.0301540">
    <ele>13.0</ele>
    <time>2023-12-10T09:11:18Z</time>
   </trkpt>
   <trkpt lat="51.5379460" lon="-0.0301700">
    <ele>13.0</ele>
    <time>2023-12-10T09:11:19Z</time>
   </trkpt>
   <trkpt lat="51.5379250" lon="-0.0302080">
    <ele>12.9</ele>
    <time>2023-12-10T09:11:20Z</time>
   </trkpt>
   <trkpt lat="51.5378950" lon="-0.0302500">
    <ele>12.9</ele>
    <time>2023-12-10T09:11:21Z</time>
   </trkpt>
   <trkpt lat="51.5378840" lon="-0.0302670">
    <ele>12.9</ele>
    <time>2023-12-10T09:11:22Z</time>
   </trkpt>
   <trkpt lat="51.5378580" lon="-0.0303340">
    <ele>12.9</ele>
    <time>2023-12-10T09:11:23Z</time>
   </trkpt>
   <trkpt lat="51.5378510" lon="-0.0303780">
    <ele>12.9</ele>
    <time>2023-12-10T09:11:24Z</time>
   </trkpt>
   <trkpt lat="51.5378300" lon="-0.0304360">
    <ele>12.8</ele>
    <time>2023-12-10T09:11:25Z</time>
   </trkpt>
   <trkpt lat="51.5378110" lon="-0.0304820">
    <ele>12.8</ele>
    <time>2023-12-10T09:11:26Z</time>
   </trkpt>
   <trkpt lat="51.5377840" lon="-0.0305560">
    <ele>12.8</ele>
    <time>2023-12-10T09:11:27Z</time>
   </trkpt>
   <trkpt lat="51.5377690" lon="-0.0306130">
    <ele>12.8</ele>
    <time>2023-12-10T09:11:28Z</time>
   </trkpt>
   <trkpt lat="51.5377530" lon="-0.0306690">
    <ele>12.8</ele>
    <time>2023-12-10T09:11:29Z</time>
   </trkpt>
   <trkpt lat="51.5377220" lon="-0.0307040">
    <ele>12.8</ele>
    <time>2023-12-10T09:11:30Z</time>
   </trkpt>
   <trkpt lat="51.5377080" lon="-0.0307550">
    <ele>12.8</ele>
    <time>2023-12-10T09:11:31Z</time>
   </trkpt>
   <trkpt lat="51.5376950" lon="-0.0308050">
    <ele>12.8</ele>
    <time>2023-12-10T09:11:32Z</time>
   </trkpt>
   <trkpt lat="51.5376720" lon="-0.0308450">
    <ele>12.8</ele>
    <time>2023-12-10T09:11:33Z</time>
   </trkpt>
   <trkpt lat="51.5376450" lon="-0.0308960">
    <ele>12.8</ele>
    <time>2023-12-10T09:11:34Z</time>
   </trkpt>
   <trkpt lat="51.5376190" lon="-0.0309450">
    <ele>12.8</ele>
    <time>2023-12-10T09:11:36Z</time>
   </trkpt>
   <trkpt lat="51.5375900" lon="-0.0309750">
    <ele>12.8</ele>
    <time>2023-12-10T09:11:37Z</time>
   </trkpt>
   <trkpt lat="51.5375750" lon="-0.0310160">
    <ele>12.8</ele>
    <time>2023-12-10T09:11:38Z</time>
   </trkpt>
   <trkpt lat="51.5375520" lon="-0.0310610">
    <ele>12.8</ele>
    <time>2023-12-10T09:11:39Z</time>
   </trkpt>
   <trkpt lat="51.5375300" lon="-0.0311070">
    <ele>12.8</ele>
    <time>2023-12-10T09:11:40Z</time>
   </trkpt>
   <trkpt lat="51.5374990" lon="-0.0311480">
    <ele>12.8</ele>
    <time>2023-12-10T09:11:41Z</time>
   </trkpt>
   <trkpt lat="51.5374770" lon="-0.0311770">
    <ele>12.8</ele>
    <time>2023-12-10T09:11:42Z</time>
   </trkpt>
   <trkpt lat="51.5374540" lon="-0.0312150">
    <ele>12.8</ele>
    <time>2023-12-10T09:11:43Z</time>
   </trkpt>
   <trkpt lat="51.5374360" lon="-0.0312650">
    <ele>12.8</ele>
    <time>2023-12-10T09:11:44Z</time>
   </trkpt>
   <trkpt lat="51.5374210" lon="-0.0313220">
    <ele>12.8</ele>
    <time>2023-12-10T09:11:45Z</time>
   </trkpt>
   <trkpt lat="51.5374020" lon="-0.0313740">
    <ele>12.8</ele>
    <time>2023-12-10T09:11:46Z</time>
   </trkpt>
   <trkpt lat="51.5373830" lon="-0.0314270">
    <ele>12.8</ele>
    <time>2023-12-10T09:11:47Z</time>
   </trkpt>
   <trkpt lat="51.5373610" lon="-0.0314850">
    <ele>12.8</ele>
    <time>2023-12-10T09:11:48Z</time>
   </trkpt>
   <trkpt lat="51.5373340" lon="-0.0315220">
    <ele>12.8</ele>
    <time>2023-12-10T09:11:49Z</time>
   </trkpt>
   <trkpt lat="51.5373190" lon="-0.0315440">
    <ele>12.8</ele>
    <time>2023-12-10T09:11:50Z</time>
   </trkpt>
   <trkpt lat="51.5372940" lon="-0.0315950">
    <ele>12.8</ele>
    <time>2023-12-10T09:11:51Z</time>
   </trkpt>
   <trkpt lat="51.5372790" lon="-0.0316400">
    <ele>12.8</ele>
    <time>2023-12-10T09:11:52Z</time>
   </trkpt>
   <trkpt lat="51.5372680" lon="-0.0316540">
    <ele>12.8</ele>
    <time>2023-12-10T09:11:53Z</time>
   </trkpt>
   <trkpt lat="51.5372370" lon="-0.0317030">
    <ele>12.8</ele>
    <time>2023-12-10T09:11:54Z</time>
   </trkpt>
   <trkpt lat="51.5372190" lon="-0.0317290">
    <ele>12.8</ele>
    <time>2023-12-10T09:11:55Z</time>
   </trkpt>
   <trkpt lat="51.5371940" lon="-0.0317980">
    <ele>12.8</ele>
    <time>2023-12-10T09:11:56Z</time>
   </trkpt>
   <trkpt lat="51.5371620" lon="-0.0318540">
    <ele>12.8</ele>
    <time>2023-12-10T09:11:57Z</time>
   </trkpt>
   <trkpt lat="51.5371470" lon="-0.0318970">
    <ele>12.8</ele>
    <time>2023-12-10T09:11:58Z</time>
   </trkpt>
   <trkpt lat="51.5371190" lon="-0.0319380">
    <ele>12.8</ele>
    <time>2023-12-10T09:11:59Z</time>
   </trkpt>
   <trkpt lat="51.5371100" lon="-0.0319640">
    <ele>12.8</ele>
    <time>2023-12-10T09:12:00Z</time>
   </trkpt>
   <trkpt lat="51.5370890" lon="-0.0320230">
    <ele>12.8</ele>
    <time>2023-12-10T09:12:01Z</time>
   </trkpt>
   <trkpt lat="51.5370690" lon="-0.0320790">
    <ele>12.8</ele>
    <time>2023-12-10T09:12:02Z</time>
   </trkpt>
   <trkpt lat="51.5370500" lon="-0.0321310">
    <ele>12.8</ele>
    <time>2023-12-10T09:12:03Z</time>
   </trkpt>
   <trkpt lat="51.5370340" lon="-0.0321930">
    <ele>12.8</ele>
    <time>2023-12-10T09:12:04Z</time>
   </trkpt>
   <trkpt lat="51.5370090" lon="-0.0322530">
    <ele>12.8</ele>
    <time>2023-12-10T09:12:05Z</time>
   </trkpt>
   <trkpt lat="51.5369980" lon="-0.0322790">
    <ele>12.8</ele>
    <time>2023-12-10T09:12:06Z</time>
   </trkpt>
   <trkpt lat="51.5369720" lon="-0.0323420">
    <ele>12.8</ele>
    <time>2023-12-10T09:12:07Z</time>
   </trkpt>
   <trkpt lat="51.5369610" lon="-0.0323730">
    <ele>12.8</ele>
    <time>2023-12-10T09:12:08Z</time>
   </trkpt>
   <trkpt lat="51.5369390" lon="-0.0324050">
    <ele>12.8</ele>
    <time>2023-12-10T09:12:09Z</time>
   </trkpt>
   <trkpt lat="51.5368950" lon="-0.0324650">
    <ele>12.8</ele>
    <time>2023-12-10T09:12:10Z</time>
   </trkpt>
   <trkpt lat="51.5368750" lon="-0.0325130">
    <ele>12.8</ele>
    <time>2023-12-10T09:12:11Z</time>
   </trkpt>
   <trkpt lat="51.5368500" lon="-0.0325040">
    <ele>12.8</ele>
    <time>2023-12-10T09:12:12Z</time>
   </trkpt>
   <trkpt lat="51.5368360" lon="-0.0325170">
    <ele>12.8</ele>
    <time>2023-12-10T09:12:13Z</time>
   </trkpt>
   <trkpt lat="51.5368080" lon="-0.0325800">
    <ele>12.8</ele>
    <time>2023-12-10T09:12:14Z</time>
   </trkpt>
   <trkpt lat="51.5367740" lon="-0.0326180">
    <ele>12.8</ele>
    <time>2023-12-10T09:12:15Z</time>
   </trkpt>
   <trkpt lat="51.5367320" lon="-0.0327470">
    <ele>12.8</ele>
    <time>2023-12-10T09:12:16Z</time>
   </trkpt>
   <trkpt lat="51.5367030" lon="-0.0327890">
    <ele>12.8</ele>
    <time>2023-12-10T09:12:17Z</time>
   </trkpt>
   <trkpt lat="51.5366830" lon="-0.0328380">
    <ele>12.8</ele>
    <time>2023-12-10T09:12:18Z</time>
   </trkpt>
   <trkpt lat="51.5366720" lon="-0.0328900">
    <ele>12.8</ele>
    <time>2023-12-10T09:12:19Z</time>
   </trkpt>
   <trkpt lat="51.5366450" lon="-0.0329400">
    <ele>12.8</ele>
    <time>2023-12-10T09:12:20Z</time>
   </trkpt>
   <trkpt lat="51.5366250" lon="-0.0329950">
    <ele>12.8</ele>
    <time>2023-12-10T09:12:21Z</time>
   </trkpt>
   <trkpt lat="51.5365990" lon="-0.0330170">
    <ele>12.8</ele>
    <time>2023-12-10T09:12:22Z</time>
   </trkpt>
   <trkpt lat="51.5365780" lon="-0.0330590">
    <ele>12.8</ele>
    <time>2023-12-10T09:12:23Z</time>
   </trkpt>
   <trkpt lat="51.5365650" lon="-0.0331200">
    <ele>12.8</ele>
    <time>2023-12-10T09:12:24Z</time>
   </trkpt>
   <trkpt lat="51.5365540" lon="-0.0331970">
    <ele>12.8</ele>
    <time>2023-12-10T09:12:25Z</time>
   </trkpt>
   <trkpt lat="51.5365310" lon="-0.0332320">
    <ele>12.8</ele>
    <time>2023-12-10T09:12:26Z</time>
   </trkpt>
   <trkpt lat="51.5365150" lon="-0.0332710">
    <ele>12.8</ele>
    <time>2023-12-10T09:12:27Z</time>
   </trkpt>
   <trkpt lat="51.5364890" lon="-0.0333200">
    <ele>12.9</ele>
    <time>2023-12-10T09:12:28Z</time>
   </trkpt>
   <trkpt lat="51.5364710" lon="-0.0333680">
    <ele>12.9</ele>
    <time>2023-12-10T09:12:29Z</time>
   </trkpt>
   <trkpt lat="51.5364450" lon="-0.0334070">
    <ele>12.9</ele>
    <time>2023-12-10T09:12:30Z</time>
   </trkpt>
   <trkpt lat="51.5364260" lon="-0.0334430">
    <ele>12.9</ele>
    <time>2023-12-10T09:12:31Z</time>
   </trkpt>
   <trkpt lat="51.5364110" lon="-0.0334880">
    <ele>12.9</ele>
    <time>2023-12-10T09:12:32Z</time>
   </trkpt>
   <trkpt lat="51.5363900" lon="-0.0335490">
    <ele>12.9</ele>
    <time>2023-12-10T09:12:33Z</time>
   </trkpt>
   <trkpt lat="51.5363730" lon="-0.0335930">
    <ele>12.9</ele>
    <time>2023-12-10T09:12:34Z</time>
   </trkpt>
   <trkpt lat="51.5363530" lon="-0.0336390">
    <ele>12.9</ele>
    <time>2023-12-10T09:12:35Z</time>
   </trkpt>
   <trkpt lat="51.5363320" lon="-0.0336830">
    <ele>12.9</ele>
    <time>2023-12-10T09:12:36Z</time>
   </trkpt>
   <trkpt lat="51.5363050" lon="-0.0337420">
    <ele>12.9</ele>
    <time>2023-12-10T09:12:38Z</time>
   </trkpt>
   <trkpt lat="51.5362790" lon="-0.0337820">
    <ele>12.9</ele>
    <time>2023-12-10T09:12:39Z</time>
   </trkpt>
   <trkpt lat="51.5362520" lon="-0.0338360">
    <ele>12.9</ele>
    <time>2023-12-10T09:12:40Z</time>
   </trkpt>
   <trkpt lat="51.5362290" lon="-0.0338750">
    <ele>12.9</ele>
    <time>2023-12-10T09:12:41Z</time>
   </trkpt>
   <trkpt lat="51.5362050" lon="-0.0339380">
    <ele>12.9</ele>
    <time>2023-12-10T09:12:42Z</time>
   </trkpt>
   <trkpt lat="51.5361900" lon="-0.0339970">
    <ele>12.9</ele>
    <time>2023-12-10T09:12:43Z</time>
   </trkpt>
   <trkpt lat="51.5361600" lon="-0.0340330">
    <ele>12.9</ele>
    <time>2023-12-10T09:12:44Z</time>
   </trkpt>
   <trkpt lat="51.5361310" lon="-0.0340670">
    <ele>12.9</ele>
    <time>2023-12-10T09:12:45Z</time>
   </trkpt>
   <trkpt lat="51.5360970" lon="-0.0340900">
    <ele>12.9</ele>
    <time>2023-12-10T09:12:46Z</time>
   </trkpt>
   <trkpt lat="51.5360870" lon="-0.0341060">
    <ele>12.9</ele>
    <time>2023-12-10T09:12:47Z</time>
   </trkpt>
   <trkpt lat="51.5360640" lon="-0.0341470">
    <ele>12.9</ele>
    <time>2023-12-10T09:12:48Z</time>
   </trkpt>
   <trkpt lat="51.5360290" lon="-0.0341750">
    <ele>12.9</ele>
    <time>2023-12-10T09:12:49Z</time>
   </trkpt>
   <trkpt lat="51.5360080" lon="-0.0342390">
    <ele>12.9</ele>
    <time>2023-12-10T09:12:50Z</time>
   </trkpt>
   <trkpt lat="51.5360010" lon="-0.0342660">
    <ele>12.9</ele>
    <time>2023-12-10T09:12:51Z</time>
   </trkpt>
   <trkpt lat="51.5359810" lon="-0.0343210">
    <ele>12.9</ele>
    <time>2023-12-10T09:12:52Z</time>
   </trkpt>
   <trkpt lat="51.5359680" lon="-0.0343990">
    <ele>13.0</ele>
    <time>2023-12-10T09:12:53Z</time>
   </trkpt>
   <trkpt lat="51.5359550" lon="-0.0344410">
    <ele>13.0</ele>
    <time>2023-12-10T09:12:54Z</time>
   </trkpt>
   <trkpt lat="51.5359400" lon="-0.0345170">
    <ele>13.1</ele>
    <time>2023-12-10T09:12:55Z</time>
   </trkpt>
   <trkpt lat="51.5359300" lon="-0.0345520">
    <ele>13.1</ele>
    <time>2023-12-10T09:12:56Z</time>
   </trkpt>
   <trkpt lat="51.5359220" lon="-0.0346190">
    <ele>13.1</ele>
    <time>2023-12-10T09:12:57Z</time>
   </trkpt>
   <trkpt lat="51.5358920" lon="-0.0346590">
    <ele>13.1</ele>
    <time>2023-12-10T09:12:58Z</time>
   </trkpt>
   <trkpt lat="51.5358760" lon="-0.0347030">
    <ele>13.1</ele>
    <time>2023-12-10T09:12:59Z</time>
   </trkpt>
   <trkpt lat="51.5358430" lon="-0.0347410">
    <ele>13.0</ele>
    <time>2023-12-10T09:13:00Z</time>
   </trkpt>
   <trkpt lat="51.5358310" lon="-0.0347560">
    <ele>13.0</ele>
    <time>2023-12-10T09:13:01Z</time>
   </trkpt>
   <trkpt lat="51.5358080" lon="-0.0347950">
    <ele>13.0</ele>
    <time>2023-12-10T09:13:02Z</time>
   </trkpt>
   <trkpt lat="51.5357830" lon="-0.0348340">
    <ele>13.0</ele>
    <time>2023-12-10T09:13:03Z</time>
   </trkpt>
   <trkpt lat="51.5357700" lon="-0.0348510">
    <ele>13.0</ele>
    <time>2023-12-10T09:13:04Z</time>
   </trkpt>
   <trkpt lat="51.5357540" lon="-0.0349020">
    <ele>13.0</ele>
    <time>2023-12-10T09:13:05Z</time>
   </trkpt>
   <trkpt lat="51.5357710" lon="-0.0349040">
    <ele>13.0</ele>
    <time>2023-12-10T09:13:06Z</time>
   </trkpt>
   <trkpt lat="51.5357750" lon="-0.0349430">
    <ele>13.0</ele>
    <time>2023-12-10T09:13:07Z</time>
   </trkpt>
   <trkpt lat="51.5357620" lon="-0.0349990">
    <ele>12.9</ele>
    <time>2023-12-10T09:13:08Z</time>
   </trkpt>
   <trkpt lat="51.5357460" lon="-0.0350520">
    <ele>12.9</ele>
    <time>2023-12-10T09:13:09Z</time>
   </trkpt>
   <trkpt lat="51.5357190" lon="-0.0351070">
    <ele>12.9</ele>
    <time>2023-12-10T09:13:10Z</time>
   </trkpt>
   <trkpt lat="51.5356860" lon="-0.0351610">
    <ele>12.9</ele>
    <time>2023-12-10T09:13:11Z</time>
   </trkpt>
   <trkpt lat="51.5356460" lon="-0.0352150">
    <ele>12.9</ele>
    <time>2023-12-10T09:13:12Z</time>
   </trkpt>
   <trkpt lat="51.5356050" lon="-0.0352480">
    <ele>12.9</ele>
    <time>2023-12-10T09:13:13Z</time>
   </trkpt>
   <trkpt lat="51.5355710" lon="-0.0352880">
    <ele>12.9</ele>
    <time>2023-12-10T09:13:14Z</time>
   </trkpt>
   <trkpt lat="51.5355490" lon="-0.0353390">
    <ele>12.9</ele>
    <time>2023-12-10T09:13:15Z</time>
   </trkpt>
   <trkpt lat="51.5355290" lon="-0.0353930">
    <ele>12.9</ele>
    <time>2023-12-10T09:13:16Z</time>
   </trkpt>
   <trkpt lat="51.5355050" lon="-0.0354360">
    <ele>12.9</ele>
    <time>2023-12-10T09:13:17Z</time>
   </trkpt>
   <trkpt lat="51.5354840" lon="-0.0354800">
    <ele>12.9</ele>
    <time>2023-12-10T09:13:18Z</time>
   </trkpt>
   <trkpt lat="51.5354620" lon="-0.0355280">
    <ele>12.9</ele>
    <time>2023-12-10T09:13:19Z</time>
   </trkpt>
   <trkpt lat="51.5354390" lon="-0.0355770">
    <ele>12.9</ele>
    <time>2023-12-10T09:13:20Z</time>
   </trkpt>
   <trkpt lat="51.5354110" lon="-0.0356170">
    <ele>12.9</ele>
    <time>2023-12-10T09:13:21Z</time>
   </trkpt>
   <trkpt lat="51.5353810" lon="-0.0356620">
    <ele>12.8</ele>
    <time>2023-12-10T09:13:22Z</time>
   </trkpt>
   <trkpt lat="51.5353610" lon="-0.0357080">
    <ele>12.8</ele>
    <time>2023-12-10T09:13:23Z</time>
   </trkpt>
   <trkpt lat="51.5353360" lon="-0.0357670">
    <ele>12.8</ele>
    <time>2023-12-10T09:13:24Z</time>
   </trkpt>
   <trkpt lat="51.5353200" lon="-0.0358060">
    <ele>12.8</ele>
    <time>2023-12-10T09:13:25Z</time>
   </trkpt>
   <trkpt lat="51.5353070" lon="-0.0358510">
    <ele>12.8</ele>
    <time>2023-12-10T09:13:26Z</time>
   </trkpt>
   <trkpt lat="51.5352950" lon="-0.0359090">
    <ele>12.8</ele>
    <time>2023-12-10T09:13:27Z</time>
   </trkpt>
   <trkpt lat="51.5352750" lon="-0.0359580">
    <ele>12.8</ele>
    <time>2023-12-10T09:13:28Z</time>
   </trkpt>
   <trkpt lat="51.5352620" lon="-0.0359970">
    <ele>12.8</ele>
    <time>2023-12-10T09:13:29Z</time>
   </trkpt>
   <trkpt lat="51.5352420" lon="-0.0360420">
    <ele>12.8</ele>
    <time>2023-12-10T09:13:30Z</time>
   </trkpt>
   <trkpt lat="51.5352220" lon="-0.0360910">
    <ele>12.8</ele>
    <time>2023-12-10T09:13:31Z</time>
   </trkpt>
   <trkpt lat="51.5352020" lon="-0.0361450">
    <ele>12.8</ele>
    <time>2023-12-10T09:13:32Z</time>
   </trkpt>
   <trkpt lat="51.5351770" lon="-0.0361800">
    <ele>12.8</ele>
    <time>2023-12-10T09:13:33Z</time>
   </trkpt>
   <trkpt lat="51.5351540" lon="-0.0362270">
    <ele>12.8</ele>
    <time>2023-12-10T09:13:34Z</time>
   </trkpt>
   <trkpt lat="51.5351300" lon="-0.0362660">
    <ele>12.8</ele>
    <time>2023-12-10T09:13:35Z</time>
   </trkpt>
   <trkpt lat="51.5351060" lon="-0.0363110">
    <ele>12.8</ele>
    <time>2023-12-10T09:13:36Z</time>
   </trkpt>
   <trkpt lat="51.5350790" lon="-0.0363550">
    <ele>12.8</ele>
    <time>2023-12-10T09:13:37Z</time>
   </trkpt>
   <trkpt lat="51.5350490" lon="-0.0363970">
    <ele>12.8</ele>
    <time>2023-12-10T09:13:38Z</time>
   </trkpt>
   <trkpt lat="51.5350180" lon="-0.0364530">
    <ele>12.8</ele>
    <time>2023-12-10T09:13:39Z</time>
   </trkpt>
   <trkpt lat="51.5349890" lon="-0.0365050">
    <ele>12.8</ele>
    <time>2023-12-10T09:13:40Z</time>
   </trkpt>
   <trkpt lat="51.5349700" lon="-0.0365660">
    <ele>12.8</ele>
    <time>2023-12-10T09:13:41Z</time>
   </trkpt>
   <trkpt lat="51.5349520" lon="-0.0366160">
    <ele>12.8</ele>
    <time>2023-12-10T09:13:42Z</time>
   </trkpt>
   <trkpt lat="51.5349240" lon="-0.0366580">
    <ele>12.8</ele>
    <time>2023-12-10T09:13:43Z</time>
   </trkpt>
   <trkpt lat="51.5348980" lon="-0.0367000">
    <ele>12.8</ele>
    <time>2023-12-10T09:13:44Z</time>
   </trkpt>
   <trkpt lat="51.5348770" lon="-0.0367300">
    <ele>12.8</ele>
    <time>2023-12-10T09:13:45Z</time>
   </trkpt>
   <trkpt lat="51.5348690" lon="-0.0367760">
    <ele>12.8</ele>
    <time>2023-12-10T09:13:46Z</time>
   </trkpt>
   <trkpt lat="51.5348510" lon="-0.0368340">
    <ele>12.8</ele>
    <time>2023-12-10T09:13:47Z</time>
   </trkpt>
   <trkpt lat="51.5348300" lon="-0.0368740">
    <ele>12.8</ele>
    <time>2023-12-10T09:13:48Z</time>
   </trkpt>
   <trkpt lat="51.5348120" lon="-0.0369090">
    <ele>12.8</ele>
    <time>2023-12-10T09:13:49Z</time>
   </trkpt>
   <trkpt lat="51.5348040" lon="-0.0369740">
    <ele>12.8</ele>
    <time>2023-12-10T09:13:50Z</time>
   </trkpt>
   <trkpt lat="51.5348030" lon="-0.0370060">
    <ele>12.8</ele>
    <time>2023-12-10T09:13:51Z</time>
   </trkpt>
   <trkpt lat="51.5347550" lon="-0.0370620">
    <ele>12.7</ele>
    <time>2023-12-10T09:13:52Z</time>
   </trkpt>
   <trkpt lat="51.5347270" lon="-0.0371030">
    <ele>12.7</ele>
    <time>2023-12-10T09:13:53Z</time>
   </trkpt>
   <trkpt lat="51.5347040" lon="-0.0371650">
    <ele>12.7</ele>
    <time>2023-12-10T09:13:54Z</time>
   </trkpt>
   <trkpt lat="51.5346930" lon="-0.0371890">
    <ele>12.7</ele>
    <time>2023-12-10T09:13:55Z</time>
   </trkpt>
   <trkpt lat="51.5346650" lon="-0.0372380">
    <ele>12.7</ele>
    <time>2023-12-10T09:13:56Z</time>
   </trkpt>
   <trkpt lat="51.5346380" lon="-0.0372890">
    <ele>12.7</ele>
    <time>2023-12-10T09:13:57Z</time>
   </trkpt>
   <trkpt lat="51.5346100" lon="-0.0373190">
    <ele>12.7</ele>
    <time>2023-12-10T09:13:58Z</time>
   </trkpt>
   <trkpt lat="51.5345970" lon="-0.0373810">
    <ele>12.7</ele>
    <time>2023-12-10T09:13:59Z</time>
   </trkpt>
   <trkpt lat="51.5345730" lon="-0.0374350">
    <ele>12.7</ele>
    <time>2023-12-10T09:14:00Z</time>
   </trkpt>
   <trkpt lat="51.5345470" lon="-0.0374650">
    <ele>12.7</ele>
    <time>2023-12-10T09:14:01Z</time>
   </trkpt>
   <trkpt lat="51.5345220" lon="-0.0374930">
    <ele>12.7</ele>
    <time>2023-12-10T09:14:02Z</time>
   </trkpt>
   <trkpt lat="51.5345010" lon="-0.0375390">
    <ele>12.7</ele>
    <time>2023-12-10T09:14:03Z</time>
   </trkpt>
   <trkpt lat="51.5344630" lon="-0.0375630">
    <ele>12.7</ele>
    <time>2023-12-10T09:14:04Z</time>
   </trkpt>
   <trkpt lat="51.5344500" lon="-0.0375760">
    <ele>12.7</ele>
    <time>2023-12-10T09:14:05Z</time>
   </trkpt>
   <trkpt lat="51.5344200" lon="-0.0375990">
    <ele>12.7</ele>
    <time>2023-12-10T09:14:06Z</time>
   </trkpt>
   <trkpt lat="51.5343920" lon="-0.0376410">
    <ele>12.7</ele>
    <time>2023-12-10T09:14:07Z</time>
   </trkpt>
   <trkpt lat="51.5343750" lon="-0.0376860">
    <ele>12.7</ele>
    <time>2023-12-10T09:14:08Z</time>
   </trkpt>
   <trkpt lat="51.5343660" lon="-0.0377470">
    <ele>12.7</ele>
    <time>2023-12-10T09:14:09Z</time>
   </trkpt>
   <trkpt lat="51.5343670" lon="-0.0377960">
    <ele>12.7</ele>
    <time>2023-12-10T09:14:10Z</time>
   </trkpt>
   <trkpt lat="51.5343240" lon="-0.0378320">
    <ele>12.7</ele>
    <time>2023-12-10T09:14:11Z</time>
   </trkpt>
   <trkpt lat="51.5342980" lon="-0.0378840">
    <ele>12.6</ele>
    <time>2023-12-10T09:14:12Z</time>
   </trkpt>
   <trkpt lat="51.5342740" lon="-0.0379250">
    <ele>12.6</ele>
    <time>2023-12-10T09:14:13Z</time>
   </trkpt>
   <trkpt lat="51.5342560" lon="-0.0379660">
    <ele>12.6</ele>
    <time>2023-12-10T09:14:14Z</time>
   </trkpt>
   <trkpt lat="51.5342360" lon="-0.0380130">
    <ele>12.6</ele>
    <time>2023-12-10T09:14:15Z</time>
   </trkpt>
   <trkpt lat="51.5342180" lon="-0.0380600">
    <ele>12.5</ele>
    <time>2023-12-10T09:14:16Z</time>
   </trkpt>
   <trkpt lat="51.5341890" lon="-0.0381070">
    <ele>12.5</ele>
    <time>2023-12-10T09:14:17Z</time>
   </trkpt>
   <trkpt lat="51.5341810" lon="-0.0381790">
    <ele>12.5</ele>
    <time>2023-12-10T09:14:18Z</time>
   </trkpt>
   <trkpt lat="51.5341220" lon="-0.0382380">
    <ele>12.5</ele>
    <time>2023-12-10T09:14:19Z</time>
   </trkpt>
   <trkpt lat="51.5340800" lon="-0.0382550">
    <ele>12.6</ele>
    <time>2023-12-10T09:14:20Z</time>
   </trkpt>
   <trkpt lat="51.5340570" lon="-0.0383290">
    <ele>12.6</ele>
    <time>2023-12-10T09:14:21Z</time>
   </trkpt>
   <trkpt lat="51.5340390" lon="-0.0384020">
    <ele>12.6</ele>
    <time>2023-12-10T09:14:22Z</time>
   </trkpt>
   <trkpt lat="51.5340150" lon="-0.0384520">
    <ele>12.6</ele>
    <time>2023-12-10T09:14:23Z</time>
   </trkpt>
   <trkpt lat="51.5339950" lon="-0.0385070">
    <ele>12.7</ele>
    <time>2023-12-10T09:14:24Z</time>
   </trkpt>
   <trkpt lat="51.5339810" lon="-0.0385220">
    <ele>12.7</ele>
    <time>2023-12-10T09:14:25Z</time>
   </trkpt>
   <trkpt lat="51.5339620" lon="-0.0385760">
    <ele>12.7</ele>
    <time>2023-12-10T09:14:26Z</time>
   </trkpt>
   <trkpt lat="51.5339440" lon="-0.0386650">
    <ele>12.7</ele>
    <time>2023-12-10T09:14:27Z</time>
   </trkpt>
   <trkpt lat="51.5339170" lon="-0.0387200">
    <ele>12.8</ele>
    <time>2023-12-10T09:14:28Z</time>
   </trkpt>
   <trkpt lat="51.5339080" lon="-0.0387420">
    <ele>12.8</ele>
    <time>2023-12-10T09:14:29Z</time>
   </trkpt>
   <trkpt lat="51.5338810" lon="-0.0387790">
    <ele>12.8</ele>
    <time>2023-12-10T09:14:30Z</time>
   </trkpt>
   <trkpt lat="51.5338630" lon="-0.0388570">
    <ele>12.8</ele>
    <time>2023-12-10T09:14:31Z</time>
   </trkpt>
   <trkpt lat="51.5338400" lon="-0.0389030">
    <ele>12.8</ele>
    <time>2023-12-10T09:14:32Z</time>
   </trkpt>
   <trkpt lat="51.5338260" lon="-0.0389450">
    <ele>12.8</ele>
    <time>2023-12-10T09:14:33Z</time>
   </trkpt>
   <trkpt lat="51.5337970" lon="-0.0389830">
    <ele>12.8</ele>
    <time>2023-12-10T09:14:34Z</time>
   </trkpt>
   <trkpt lat="51.5337740" lon="-0.0390380">
    <ele>12.8</ele>
    <time>2023-12-10T09:14:35Z</time>
   </trkpt>
   <trkpt lat="51.5337550" lon="-0.0390990">
    <ele>12.8</ele>
    <time>2023-12-10T09:14:36Z</time>
   </trkpt>
   <trkpt lat="51.5337330" lon="-0.0391600">
    <ele>12.8</ele>
    <time>2023-12-10T09:14:37Z</time>
   </trkpt>
   <trkpt lat="51.5337170" lon="-0.0392100">
    <ele>12.8</ele>
    <time>2023-12-10T09:14:38Z</time>
   </trkpt>
   <trkpt lat="51.5336980" lon="-0.0392510">
    <ele>12.8</ele>
    <time>2023-12-10T09:14:39Z</time>
   </trkpt>
   <trkpt lat="51.5336720" lon="-0.0392910">
    <ele>12.8</ele>
    <time>2023-12-10T09:14:40Z</time>
   </trkpt>
   <trkpt lat="51.5336520" lon="-0.0393380">
    <ele>12.8</ele>
    <time>2023-12-10T09:14:41Z</time>
   </trkpt>
   <trkpt lat="51.5336320" lon="-0.0393940">
    <ele>12.8</ele>
    <time>2023-12-10T09:14:42Z</time>
   </trkpt>
   <trkpt lat="51.5336080" lon="-0.0394430">
    <ele>12.8</ele>
    <time>2023-12-10T09:14:43Z</time>
   </trkpt>
   <trkpt lat="51.5335830" lon="-0.0394880">
    <ele>12.8</ele>
    <time>2023-12-10T09:14:44Z</time>
   </trkpt>
   <trkpt lat="51.5335550" lon="-0.0395360">
    <ele>12.8</ele>
    <time>2023-12-10T09:14:45Z</time>
   </trkpt>
   <trkpt lat="51.5335320" lon="-0.0395860">
    <ele>12.8</ele>
    <time>2023-12-10T09:14:46Z</time>
   </trkpt>
   <trkpt lat="51.5335120" lon="-0.0396400">
    <ele>12.8</ele>
    <time>2023-12-10T09:14:47Z</time>
   </trkpt>
   <trkpt lat="51.5334850" lon="-0.0396980">
    <ele>12.8</ele>
    <time>2023-12-10T09:14:48Z</time>
   </trkpt>
   <trkpt lat="51.5334640" lon="-0.0397600">
    <ele>12.8</ele>
    <time>2023-12-10T09:14:49Z</time>
   </trkpt>
   <trkpt lat="51.5334360" lon="-0.0397990">
    <ele>12.8</ele>
    <time>2023-12-10T09:14:50Z</time>
   </trkpt>
   <trkpt lat="51.5334160" lon="-0.0398360">
    <ele>12.8</ele>
    <time>2023-12-10T09:14:51Z</time>
   </trkpt>
   <trkpt lat="51.5334000" lon="-0.0398880">
    <ele>12.8</ele>
    <time>2023-12-10T09:14:52Z</time>
   </trkpt>
   <trkpt lat="51.5333760" lon="-0.0399420">
    <ele>12.8</ele>
    <time>2023-12-10T09:14:53Z</time>
   </trkpt>
   <trkpt lat="51.5333600" lon="-0.0400000">
    <ele>12.8</ele>
    <time>2023-12-10T09:14:54Z</time>
   </trkpt>
   <trkpt lat="51.5333360" lon="-0.0400480">
    <ele>12.8</ele>
    <time>2023-12-10T09:14:55Z</time>
   </trkpt>
   <trkpt lat="51.5333170" lon="-0.0400970">
    <ele>12.8</ele>
    <time>2023-12-10T09:14:56Z</time>
   </trkpt>
   <trkpt lat="51.5332960" lon="-0.0401420">
    <ele>12.8</ele>
    <time>2023-12-10T09:14:57Z</time>
   </trkpt>
   <trkpt lat="51.5332710" lon="-0.0401950">
    <ele>12.8</ele>
    <time>2023-12-10T09:14:58Z</time>
   </trkpt>
   <trkpt lat="51.5332530" lon="-0.0402410">
    <ele>12.8</ele>
    <time>2023-12-10T09:14:59Z</time>
   </trkpt>
   <trkpt lat="51.5332280" lon="-0.0402900">
    <ele>12.8</ele>
    <time>2023-12-10T09:15:00Z</time>
   </trkpt>
   <trkpt lat="51.5332100" lon="-0.0403290">
    <ele>12.8</ele>
    <time>2023-12-10T09:15:01Z</time>
   </trkpt>
   <trkpt lat="51.5331860" lon="-0.0403510">
    <ele>12.8</ele>
    <time>2023-12-10T09:15:02Z</time>
   </trkpt>
   <trkpt lat="51.5331680" lon="-0.0403990">
    <ele>12.8</ele>
    <time>2023-12-10T09:15:03Z</time>
   </trkpt>
   <trkpt lat="51.5331460" lon="-0.0404300">
    <ele>12.8</ele>
    <time>2023-12-10T09:15:04Z</time>
   </trkpt>
   <trkpt lat="51.5331300" lon="-0.0404760">
    <ele>12.9</ele>
    <time>2023-12-10T09:15:05Z</time>
   </trkpt>
   <trkpt lat="51.5330970" lon="-0.0405440">
    <ele>12.9</ele>
    <time>2023-12-10T09:15:06Z</time>
   </trkpt>
   <trkpt lat="51.5330650" lon="-0.0405970">
    <ele>12.9</ele>
    <time>2023-12-10T09:15:07Z</time>
   </trkpt>
   <trkpt lat="51.5330410" lon="-0.0406490">
    <ele>12.9</ele>
    <time>2023-12-10T09:15:08Z</time>
   </trkpt>
   <trkpt lat="51.5330190" lon="-0.0407030">
    <ele>12.9</ele>
    <time>2023-12-10T09:15:09Z</time>
   </trkpt>
   <trkpt lat="51.5330020" lon="-0.0407540">
    <ele>12.9</ele>
    <time>2023-12-10T09:15:10Z</time>
   </trkpt>
   <trkpt lat="51.5329840" lon="-0.0407900">
    <ele>12.9</ele>
    <time>2023-12-10T09:15:11Z</time>
   </trkpt>
   <trkpt lat="51.5329750" lon="-0.0408460">
    <ele>12.9</ele>
    <time>2023-12-10T09:15:12Z</time>
   </trkpt>
   <trkpt lat="51.5329670" lon="-0.0409130">
    <ele>12.9</ele>
    <time>2023-12-10T09:15:13Z</time>
   </trkpt>
   <trkpt lat="51.5329530" lon="-0.0409580">
    <ele>12.9</ele>
    <time>2023-12-10T09:15:14Z</time>
   </trkpt>
   <trkpt lat="51.5329380" lon="-0.0410200">
    <ele>12.9</ele>
    <time>2023-12-10T09:15:15Z</time>
   </trkpt>
   <trkpt lat="51.5329280" lon="-0.0410420">
    <ele>12.9</ele>
    <time>2023-12-10T09:15:16Z</time>
   </trkpt>
   <trkpt lat="51.5329110" lon="-0.0410800">
    <ele>12.9</ele>
    <time>2023-12-10T09:15:17Z</time>
   </trkpt>
   <trkpt lat="51.5328800" lon="-0.0411160">
    <ele>12.9</ele>
    <time>2023-12-10T09:15:18Z</time>
   </trkpt>
   <trkpt lat="51.5328420" lon="-0.0411740">
    <ele>12.8</ele>
    <time>2023-12-10T09:15:19Z</time>
   </trkpt>
   <trkpt lat="51.5328130" lon="-0.0412320">
    <ele>12.8</ele>
    <time>2023-12-10T09:15:20Z</time>
   </trkpt>
   <trkpt lat="51.5327910" lon="-0.0412770">
    <ele>12.8</ele>
    <time>2023-12-10T09:15:21Z</time>
   </trkpt>
   <trkpt lat="51.5327550" lon="-0.0413310">
    <ele>12.7</ele>
    <time>2023-12-10T09:15:22Z</time>
   </trkpt>
   <trkpt lat="51.5327250" lon="-0.0413770">
    <ele>12.7</ele>
    <time>2023-12-10T09:15:23Z</time>
   </trkpt>
   <trkpt lat="51.5326900" lon="-0.0413790">
    <ele>12.7</ele>
    <time>2023-12-10T09:15:24Z</time>
   </trkpt>
   <trkpt lat="51.5326660" lon="-0.0414590">
    <ele>12.7</ele>
    <time>2023-12-10T09:15:25Z</time>
   </trkpt>
   <trkpt lat="51.5326300" lon="-0.0415090">
    <ele>12.8</ele>
    <time>2023-12-10T09:15:26Z</time>
   </trkpt>
   <trkpt lat="51.5325930" lon="-0.0415620">
    <ele>12.8</ele>
    <time>2023-12-10T09:15:27Z</time>
   </trkpt>
   <trkpt lat="51.5325700" lon="-0.0416240">
    <ele>12.8</ele>
    <time>2023-12-10T09:15:28Z</time>
   </trkpt>
   <trkpt lat="51.5325520" lon="-0.0416740">
    <ele>12.8</ele>
    <time>2023-12-10T09:15:29Z</time>
   </trkpt>
   <trkpt lat="51.5325360" lon="-0.0417300">
    <ele>12.8</ele>
    <time>2023-12-10T09:15:30Z</time>
   </trkpt>
   <trkpt lat="51.5325110" lon="-0.0417770">
    <ele>12.8</ele>
    <time>2023-12-10T09:15:31Z</time>
   </trkpt>
   <trkpt lat="51.5324830" lon="-0.0418160">
    <ele>12.8</ele>
    <time>2023-12-10T09:15:32Z</time>
   </trkpt>
   <trkpt lat="51.5324610" lon="-0.0418750">
    <ele>12.8</ele>
    <time>2023-12-10T09:15:33Z</time>
   </trkpt>
   <trkpt lat="51.5324420" lon="-0.0419220">
    <ele>12.8</ele>
    <time>2023-12-10T09:15:34Z</time>
   </trkpt>
   <trkpt lat="51.5324230" lon="-0.0419700">
    <ele>12.8</ele>
    <time>2023-12-10T09:15:35Z</time>
   </trkpt>
   <trkpt lat="51.5324010" lon="-0.0420160">
    <ele>12.8</ele>
    <time>2023-12-10T09:15:36Z</time>
   </trkpt>
   <trkpt lat="51.5323800" lon="-0.0420590">
    <ele>12.8</ele>
    <time>2023-12-10T09:15:37Z</time>
   </trkpt>
   <trkpt lat="51.5323570" lon="-0.0421030">
    <ele>12.8</ele>
    <time>2023-12-10T09:15:38Z</time>
   </trkpt>
   <trkpt lat="51.5323380" lon="-0.0421480">
    <ele>12.8</ele>
    <time>2023-12-10T09:15:39Z</time>
   </trkpt>
   <trkpt lat="51.5323120" lon="-0.0421990">
    <ele>12.8</ele>
    <time>2023-12-10T09:15:40Z</time>
   </trkpt>
   <trkpt lat="51.5322910" lon="-0.0422400">
    <ele>12.8</ele>
    <time>2023-12-10T09:15:41Z</time>
   </trkpt>
   <trkpt lat="51.5322720" lon="-0.0422780">
    <ele>12.8</ele>
    <time>2023-12-10T09:15:42Z</time>
   </trkpt>
   <trkpt lat="51.5322460" lon="-0.0423220">
    <ele>12.9</ele>
    <time>2023-12-10T09:15:43Z</time>
   </trkpt>
   <trkpt lat="51.5322180" lon="-0.0423640">
    <ele>12.9</ele>
    <time>2023-12-10T09:15:44Z</time>
   </trkpt>
   <trkpt lat="51.5321970" lon="-0.0424110">
    <ele>12.9</ele>
    <time>2023-12-10T09:15:45Z</time>
   </trkpt>
   <trkpt lat="51.5321790" lon="-0.0424460">
    <ele>12.9</ele>
    <time>2023-12-10T09:15:46Z</time>
   </trkpt>
   <trkpt lat="51.5321550" lon="-0.0424950">
    <ele>12.9</ele>
    <time>2023-12-10T09:15:47Z</time>
   </trkpt>
   <trkpt lat="51.5321300" lon="-0.0425250">
    <ele>12.9</ele>
    <time>2023-12-10T09:15:48Z</time>
   </trkpt>
   <trkpt lat="51.5320980" lon="-0.0425750">
    <ele>12.9</ele>
    <time>2023-12-10T09:15:49Z</time>
   </trkpt>
   <trkpt lat="51.5320860" lon="-0.0425960">
    <ele>12.9</ele>
    <time>2023-12-10T09:15:50Z</time>
   </trkpt>
   <trkpt lat="51.5320670" lon="-0.0426730">
    <ele>12.9</ele>
    <time>2023-12-10T09:15:51Z</time>
   </trkpt>
   <trkpt lat="51.5320530" lon="-0.0427230">
    <ele>12.9</ele>
    <time>2023-12-10T09:15:52Z</time>
   </trkpt>
   <trkpt lat="51.5320320" lon="-0.0427670">
    <ele>12.9</ele>
    <time>2023-12-10T09:15:53Z</time>
   </trkpt>
   <trkpt lat="51.5320130" lon="-0.0428230">
    <ele>13.0</ele>
    <time>2023-12-10T09:15:54Z</time>
   </trkpt>
   <trkpt lat="51.5319850" lon="-0.0428790">
    <ele>13.0</ele>
    <time>2023-12-10T09:15:55Z</time>
   </trkpt>
   <trkpt lat="51.5319560" lon="-0.0429200">
    <ele>13.0</ele>
    <time>2023-12-10T09:15:56Z</time>
   </trkpt>
   <trkpt lat="51.5319380" lon="-0.0429560">
    <ele>13.0</ele>
    <time>2023-12-10T09:15:57Z</time>
   </trkpt>
   <trkpt lat="51.5319260" lon="-0.0430060">
    <ele>13.0</ele>
    <time>2023-12-10T09:15:58Z</time>
   </trkpt>
   <trkpt lat="51.5319100" lon="-0.0430600">
    <ele>13.0</ele>
    <time>2023-12-10T09:15:59Z</time>
   </trkpt>
   <trkpt lat="51.5318900" lon="-0.0431000">
    <ele>13.0</ele>
    <time>2023-12-10T09:16:00Z</time>
   </trkpt>
   <trkpt lat="51.5318640" lon="-0.0431470">
    <ele>13.0</ele>
    <time>2023-12-10T09:16:01Z</time>
   </trkpt>
   <trkpt lat="51.5318340" lon="-0.0431870">
    <ele>13.0</ele>
    <time>2023-12-10T09:16:02Z</time>
   </trkpt>
   <trkpt lat="51.5318130" lon="-0.0432260">
    <ele>13.1</ele>
    <time>2023-12-10T09:16:03Z</time>
   </trkpt>
   <trkpt lat="51.5317880" lon="-0.0432600">
    <ele>13.2</ele>
    <time>2023-12-10T09:16:04Z</time>
   </trkpt>
   <trkpt lat="51.5317690" lon="-0.0433000">
    <ele>13.2</ele>
    <time>2023-12-10T09:16:05Z</time>
   </trkpt>
   <trkpt lat="51.5317320" lon="-0.0433150">
    <ele>13.3</ele>
    <time>2023-12-10T09:16:06Z</time>
   </trkpt>
   <trkpt lat="51.5316840" lon="-0.0433060">
    <ele>13.5</ele>
    <time>2023-12-10T09:16:07Z</time>
   </trkpt>
   <trkpt lat="51.5316720" lon="-0.0433080">
    <ele>13.6</ele>
    <time>2023-12-10T09:16:08Z</time>
   </trkpt>
   <trkpt lat="51.5316530" lon="-0.0433070">
    <ele>13.7</ele>
    <time>2023-12-10T09:16:09Z</time>
   </trkpt>
   <trkpt lat="51.5316280" lon="-0.0433010">
    <ele>13.8</ele>
    <time>2023-12-10T09:16:10Z</time>
   </trkpt>
   <trkpt lat="51.5316190" lon="-0.0433130">
    <ele>13.9</ele>
    <time>2023-12-10T09:16:11Z</time>
   </trkpt>
   <trkpt lat="51.5316450" lon="-0.0433460">
    <ele>14.0</ele>
    <time>2023-12-10T09:16:12Z</time>
   </trkpt>
   <trkpt lat="51.5316510" lon="-0.0434010">
    <ele>14.1</ele>
    <time>2023-12-10T09:16:13Z</time>
   </trkpt>
   <trkpt lat="51.5316620" lon="-0.0434490">
    <ele>14.1</ele>
    <time>2023-12-10T09:16:14Z</time>
   </trkpt>
   <trkpt lat="51.5316820" lon="-0.0434970">
    <ele>14.2</ele>
    <time>2023-12-10T09:16:15Z</time>
   </trkpt>
   <trkpt lat="51.5316730" lon="-0.0435300">
    <ele>14.2</ele>
    <time>2023-12-10T09:16:16Z</time>
   </trkpt>
   <trkpt lat="51.5316880" lon="-0.0435460">
    <ele>14.3</ele>
    <time>2023-12-10T09:16:17Z</time>
   </trkpt>
   <trkpt lat="51.5316590" lon="-0.0435220">
    <ele>14.5</ele>
    <time>2023-12-10T09:16:18Z</time>
   </trkpt>
   <trkpt lat="51.5316460" lon="-0.0435110">
    <ele>14.5</ele>
    <time>2023-12-10T09:16:19Z</time>
   </trkpt>
   <trkpt lat="51.5316200" lon="-0.0434880">
    <ele>14.5</ele>
    <time>2023-12-10T09:16:20Z</time>
   </trkpt>
   <trkpt lat="51.5315950" lon="-0.0434640">
    <ele>14.5</ele>
    <time>2023-12-10T09:16:21Z</time>
   </trkpt>
   <trkpt lat="51.5315870" lon="-0.0434530">
    <ele>14.3</ele>
    <time>2023-12-10T09:16:22Z</time>
   </trkpt>
   <trkpt lat="51.5315580" lon="-0.0434180">
    <ele>14.2</ele>
    <time>2023-12-10T09:16:23Z</time>
   </trkpt>
   <trkpt lat="51.5315470" lon="-0.0434060">
    <ele>14.1</ele>
    <time>2023-12-10T09:16:24Z</time>
   </trkpt>
   <trkpt lat="51.5315230" lon="-0.0433760">
    <ele>14.1</ele>
    <time>2023-12-10T09:16:25Z</time>
   </trkpt>
   <trkpt lat="51.5315010" lon="-0.0433330">
    <ele>13.9</ele>
    <time>2023-12-10T09:16:26Z</time>
   </trkpt>
   <trkpt lat="51.5314770" lon="-0.0432880">
    <ele>13.7</ele>
    <time>2023-12-10T09:16:27Z</time>
   </trkpt>
   <trkpt lat="51.5314570" lon="-0.0432460">
    <ele>13.5</ele>
    <time>2023-12-10T09:16:28Z</time>
   </trkpt>
   <trkpt lat="51.5314300" lon="-0.0432130">
    <ele>13.3</ele>
    <time>2023-12-10T09:16:29Z</time>
   </trkpt>
   <trkpt lat="51.5314080" lon="-0.0431720">
    <ele>13.1</ele>
    <time>2023-12-10T09:16:30Z</time>
   </trkpt>
   <trkpt lat="51.5313850" lon="-0.0431360">
    <ele>12.9</ele>
    <time>2023-12-10T09:16:31Z</time>
   </trkpt>
   <trkpt lat="51.5313570" lon="-0.0431040">
    <ele>12.9</ele>
    <time>2023-12-10T09:16:32Z</time>
   </trkpt>
   <trkpt lat="51.5313450" lon="-0.0430900">
    <ele>12.9</ele>
    <time>2023-12-10T09:16:33Z</time>
   </trkpt>
   <trkpt lat="51.5313180" lon="-0.0430480">
    <ele>12.8</ele>
    <time>2023-12-10T09:16:34Z</time>
   </trkpt>
   <trkpt lat="51.5313080" lon="-0.0430350">
    <ele>12.8</ele>
    <time>2023-12-10T09:16:35Z</time>
   </trkpt>
   <trkpt lat="51.5312820" lon="-0.0430110">
    <ele>12.8</ele>
    <time>2023-12-10T09:16:36Z</time>
   </trkpt>
   <trkpt lat="51.5312510" lon="-0.0429600">
    <ele>12.7</ele>
    <time>2023-12-10T09:16:37Z</time>
   </trkpt>
   <trkpt lat="51.5312230" lon="-0.0429160">
    <ele>12.7</ele>
    <time>2023-12-10T09:16:38Z</time>
   </trkpt>
   <trkpt lat="51.5311940" lon="-0.0428710">
    <ele>12.7</ele>
    <time>2023-12-10T09:16:39Z</time>
   </trkpt>
   <trkpt lat="51.5311660" lon="-0.0428320">
    <ele>12.7</ele>
    <time>2023-12-10T09:16:40Z</time>
   </trkpt>
   <trkpt lat="51.5311320" lon="-0.0427830">
    <ele>12.7</ele>
    <time>2023-12-10T09:16:41Z</time>
   </trkpt>
   <trkpt lat="51.5310960" lon="-0.0427300">
    <ele>12.6</ele>
    <time>2023-12-10T09:16:42Z</time>
   </trkpt>
   <trkpt lat="51.5310560" lon="-0.0426980">
    <ele>12.6</ele>
    <time>2023-12-10T09:16:43Z</time>
   </trkpt>
   <trkpt lat="51.5310290" lon="-0.0426420">
    <ele>12.6</ele>
    <time>2023-12-10T09:16:44Z</time>
   </trkpt>
   <trkpt lat="51.5310000" lon="-0.0426040">
    <ele>12.6</ele>
    <time>2023-12-10T09:16:45Z</time>
   </trkpt>
   <trkpt lat="51.5309790" lon="-0.0425570">
    <ele>12.6</ele>
    <time>2023-12-10T09:16:46Z</time>
   </trkpt>
   <trkpt lat="51.5309380" lon="-0.0425250">
    <ele>12.6</ele>
    <time>2023-12-10T09:16:47Z</time>
   </trkpt>
   <trkpt lat="51.5309130" lon="-0.0424960">
    <ele>12.6</ele>
    <time>2023-12-10T09:16:48Z</time>
   </trkpt>
   <trkpt lat="51.5308800" lon="-0.0424710">
    <ele>12.6</ele>
    <time>2023-12-10T09:16:49Z</time>
   </trkpt>
   <trkpt lat="51.5308450" lon="-0.0424460">
    <ele>12.6</ele>
    <time>2023-12-10T09:16:50Z</time>
   </trkpt>
   <trkpt lat="51.5308210" lon="-0.0423920">
    <ele>12.6</ele>
    <time>2023-12-10T09:16:51Z</time>
   </trkpt>
   <trkpt lat="51.5307950" lon="-0.0423580">
    <ele>12.6</ele>
    <time>2023-12-10T09:16:52Z</time>
   </trkpt>
   <trkpt lat="51.5307620" lon="-0.0423190">
    <ele>12.6</ele>
    <time>2023-12-10T09:16:53Z</time>
   </trkpt>
   <trkpt lat="51.5307330" lon="-0.0422970">
    <ele>12.6</ele>
    <time>2023-12-10T09:16:54Z</time>
   </trkpt>
   <trkpt lat="51.5307000" lon="-0.0422650">
    <ele>12.6</ele>
    <time>2023-12-10T09:16:55Z</time>
   </trkpt>
   <trkpt lat="51.5306750" lon="-0.0422120">
    <ele>12.6</ele>
    <time>2023-12-10T09:16:56Z</time>
   </trkpt>
   <trkpt lat="51.5306450" lon="-0.0421770">
    <ele>12.6</ele>
    <time>2023-12-10T09:16:57Z</time>
   </trkpt>
   <trkpt lat="51.5306150" lon="-0.0421540">
    <ele>12.6</ele>
    <time>2023-12-10T09:16:58Z</time>
   </trkpt>
   <trkpt lat="51.5305790" lon="-0.0421390">
    <ele>12.6</ele>
    <time>2023-12-10T09:16:59Z</time>
   </trkpt>
   <trkpt lat="51.5305490" lon="-0.0421250">
    <ele>12.6</ele>
    <time>2023-12-10T09:17:00Z</time>
   </trkpt>
   <trkpt lat="51.5305150" lon="-0.0421030">
    <ele>12.6</ele>
    <time>2023-12-10T09:17:01Z</time>
   </trkpt>
   <trkpt lat="51.5304810" lon="-0.0420740">
    <ele>12.6</ele>
    <time>2023-12-10T09:17:02Z</time>
   </trkpt>
   <trkpt lat="51.5304520" lon="-0.0420500">
    <ele>12.6</ele>
    <time>2023-12-10T09:17:03Z</time>
   </trkpt>
   <trkpt lat="51.5304200" lon="-0.0420300">
    <ele>12.6</ele>
    <time>2023-12-10T09:17:04Z</time>
   </trkpt>
   <trkpt lat="51.5303860" lon="-0.0420120">
    <ele>12.6</ele>
    <time>2023-12-10T09:17:05Z</time>
   </trkpt>
   <trkpt lat="51.5303530" lon="-0.0419900">
    <ele>12.6</ele>
    <time>2023-12-10T09:17:06Z</time>
   </trkpt>
   <trkpt lat="51.5303260" lon="-0.0419540">
    <ele>12.6</ele>
    <time>2023-12-10T09:17:07Z</time>
   </trkpt>
   <trkpt lat="51.5302950" lon="-0.0419350">
    <ele>12.6</ele>
    <time>2023-12-10T09:17:08Z</time>
   </trkpt>
   <trkpt lat="51.5302620" lon="-0.0419390">
    <ele>12.6</ele>
    <time>2023-12-10T09:17:09Z</time>
   </trkpt>
   <trkpt lat="51.5302450" lon="-0.0419290">
    <ele>12.6</ele>
    <time>2023-12-10T09:17:10Z</time>
   </trkpt>
   <trkpt lat="51.5302090" lon="-0.0418940">
    <ele>12.6</ele>
    <time>2023-12-10T09:17:11Z</time>
   </trkpt>
   <trkpt lat="51.5301790" lon="-0.0418480">
    <ele>12.6</ele>
    <time>2023-12-10T09:17:12Z</time>
   </trkpt>
   <trkpt lat="51.5301490" lon="-0.0417950">
    <ele>12.6</ele>
    <time>2023-12-10T09:17:13Z</time>
   </trkpt>
   <trkpt lat="51.5301180" lon="-0.0417600">
    <ele>12.6</ele>
    <time>2023-12-10T09:17:14Z</time>
   </trkpt>
   <trkpt lat="51.5300730" lon="-0.0417600">
    <ele>12.6</ele>
    <time>2023-12-10T09:17:15Z</time>
   </trkpt>
   <trkpt lat="51.5300360" lon="-0.0417440">
    <ele>12.6</ele>
    <time>2023-12-10T09:17:16Z</time>
   </trkpt>
   <trkpt lat="51.5300000" lon="-0.0417250">
    <ele>12.6</ele>
    <time>2023-12-10T09:17:17Z</time>
   </trkpt>
   <trkpt lat="51.5299650" lon="-0.0417020">
    <ele>12.6</ele>
    <time>2023-12-10T09:17:18Z</time>
   </trkpt>
   <trkpt lat="51.5299280" lon="-0.0416800">
    <ele>12.6</ele>
    <time>2023-12-10T09:17:19Z</time>
   </trkpt>
   <trkpt lat="51.5298950" lon="-0.0416640">
    <ele>12.6</ele>
    <time>2023-12-10T09:17:20Z</time>
   </trkpt>
   <trkpt lat="51.5298540" lon="-0.0416350">
    <ele>12.6</ele>
    <time>2023-12-10T09:17:21Z</time>
   </trkpt>
   <trkpt lat="51.5298150" lon="-0.0415890">
    <ele>12.6</ele>
    <time>2023-12-10T09:17:22Z</time>
   </trkpt>
   <trkpt lat="51.5297800" lon="-0.0415610">
    <ele>12.6</ele>
    <time>2023-12-10T09:17:23Z</time>
   </trkpt>
   <trkpt lat="51.5297520" lon="-0.0415440">
    <ele>12.6</ele>
    <time>2023-12-10T09:17:24Z</time>
   </trkpt>
   <trkpt lat="51.5297260" lon="-0.0415030">
    <ele>12.6</ele>
    <time>2023-12-10T09:17:25Z</time>
   </trkpt>
   <trkpt lat="51.5296820" lon="-0.0414910">
    <ele>12.6</ele>
    <time>2023-12-10T09:17:26Z</time>
   </trkpt>
   <trkpt lat="51.5296580" lon="-0.0414440">
    <ele>12.6</ele>
    <time>2023-12-10T09:17:27Z</time>
   </trkpt>
   <trkpt lat="51.5296300" lon="-0.0414150">
    <ele>12.6</ele>
    <time>2023-12-10T09:17:28Z</time>
   </trkpt>
   <trkpt lat="51.5295990" lon="-0.0413880">
    <ele>12.6</ele>
    <time>2023-12-10T09:17:29Z</time>
   </trkpt>
   <trkpt lat="51.5295680" lon="-0.0413610">
    <ele>12.6</ele>
    <time>2023-12-10T09:17:30Z</time>
   </trkpt>
   <trkpt lat="51.5295360" lon="-0.0413410">
    <ele>12.6</ele>
    <time>2023-12-10T09:17:31Z</time>
   </trkpt>
   <trkpt lat="51.5295080" lon="-0.0413210">
    <ele>12.6</ele>
    <time>2023-12-10T09:17:32Z</time>
   </trkpt>
   <trkpt lat="51.5294720" lon="-0.0412960">
    <ele>12.6</ele>
    <time>2023-12-10T09:17:33Z</time>
   </trkpt>
   <trkpt lat="51.5294380" lon="-0.0412800">
    <ele>12.6</ele>
    <time>2023-12-10T09:17:34Z</time>
   </trkpt>
   <trkpt lat="51.5293970" lon="-0.0412440">
    <ele>12.6</ele>
    <time>2023-12-10T09:17:35Z</time>
   </trkpt>
   <trkpt lat="51.5293640" lon="-0.0412180">
    <ele>12.6</ele>
    <time>2023-12-10T09:17:36Z</time>
   </trkpt>
   <trkpt lat="51.5293340" lon="-0.0411920">
    <ele>12.6</ele>
    <time>2023-12-10T09:17:37Z</time>
   </trkpt>
   <trkpt lat="51.5293000" lon="-0.0411640">
    <ele>12.6</ele>
    <time>2023-12-10T09:17:38Z</time>
   </trkpt>
   <trkpt lat="51.5292690" lon="-0.0411500">
    <ele>12.6</ele>
    <time>2023-12-10T09:17:39Z</time>
   </trkpt>
   <trkpt lat="51.5292340" lon="-0.0411370">
    <ele>12.6</ele>
    <time>2023-12-10T09:17:40Z</time>
   </trkpt>
   <trkpt lat="51.5291970" lon="-0.0411270">
    <ele>12.6</ele>
    <time>2023-12-10T09:17:41Z</time>
   </trkpt>
   <trkpt lat="51.5291690" lon="-0.0410990">
    <ele>12.6</ele>
    <time>2023-12-10T09:17:42Z</time>
   </trkpt>
   <trkpt lat="51.5291380" lon="-0.0410730">
    <ele>12.6</ele>
    <time>2023-12-10T09:17:43Z</time>
   </trkpt>
   <trkpt lat="51.5291110" lon="-0.0410190">
    <ele>12.6</ele>
    <time>2023-12-10T09:17:44Z</time>
   </trkpt>
   <trkpt lat="51.5290830" lon="-0.0409860">
    <ele>12.6</ele>
    <time>2023-12-10T09:17:45Z</time>
   </trkpt>
   <trkpt lat="51.5290540" lon="-0.0409530">
    <ele>12.6</ele>
    <time>2023-12-10T09:17:46Z</time>
   </trkpt>
   <trkpt lat="51.5290300" lon="-0.0409110">
    <ele>12.6</ele>
    <time>2023-12-10T09:17:47Z</time>
   </trkpt>
   <trkpt lat="51.5289940" lon="-0.0408810">
    <ele>12.6</ele>
    <time>2023-12-10T09:17:48Z</time>
   </trkpt>
   <trkpt lat="51.5289560" lon="-0.0408590">
    <ele>12.6</ele>
    <time>2023-12-10T09:17:49Z</time>
   </trkpt>
   <trkpt lat="51.5289250" lon="-0.0408330">
    <ele>12.6</ele>
    <time>2023-12-10T09:17:50Z</time>
   </trkpt>
   <trkpt lat="51.5288910" lon="-0.0408020">
    <ele>12.6</ele>
    <time>2023-12-10T09:17:51Z</time>
   </trkpt>
   <trkpt lat="51.5288750" lon="-0.0407880">
    <ele>12.6</ele>
    <time>2023-12-10T09:17:52Z</time>
   </trkpt>
   <trkpt lat="51.5288400" lon="-0.0407590">
    <ele>12.6</ele>
    <time>2023-12-10T09:17:53Z</time>
   </trkpt>
   <trkpt lat="51.5287950" lon="-0.0407480">
    <ele>12.7</ele>
    <time>2023-12-10T09:17:54Z</time>
   </trkpt>
   <trkpt lat="51.5287610" lon="-0.0407300">
    <ele>12.7</ele>
    <time>2023-12-10T09:17:55Z</time>
   </trkpt>
   <trkpt lat="51.5287230" lon="-0.0407220">
    <ele>12.7</ele>
    <time>2023-12-10T09:17:56Z</time>
   </trkpt>
   <trkpt lat="51.5286910" lon="-0.0407250">
    <ele>12.7</ele>
    <time>2023-12-10T09:17:57Z</time>
   </trkpt>
   <trkpt lat="51.5286470" lon="-0.0406880">
    <ele>12.7</ele>
    <time>2023-12-10T09:17:58Z</time>
   </trkpt>
   <trkpt lat="51.5286040" lon="-0.0406570">
    <ele>12.7</ele>
    <time>2023-12-10T09:17:59Z</time>
   </trkpt>
   <trkpt lat="51.5285700" lon="-0.0406230">
    <ele>12.7</ele>
    <time>2023-12-10T09:18:00Z</time>
   </trkpt>
   <trkpt lat="51.5285450" lon="-0.0406030">
    <ele>12.7</ele>
    <time>2023-12-10T09:18:01Z</time>
   </trkpt>
   <trkpt lat="51.5285110" lon="-0.0405780">
    <ele>12.7</ele>
    <time>2023-12-10T09:18:02Z</time>
   </trkpt>
   <trkpt lat="51.5284770" lon="-0.0405520">
    <ele>12.7</ele>
    <time>2023-12-10T09:18:03Z</time>
   </trkpt>
   <trkpt lat="51.5284390" lon="-0.0405290">
    <ele>12.7</ele>
    <time>2023-12-10T09:18:04Z</time>
   </trkpt>
   <trkpt lat="51.5283990" lon="-0.0405030">
    <ele>12.7</ele>
    <time>2023-12-10T09:18:05Z</time>
   </trkpt>
   <trkpt lat="51.5283740" lon="-0.0404760">
    <ele>12.7</ele>
    <time>2023-12-10T09:18:06Z</time>
   </trkpt>
   <trkpt lat="51.5283370" lon="-0.0404650">
    <ele>12.7</ele>
    <time>2023-12-10T09:18:07Z</time>
   </trkpt>
   <trkpt lat="51.5283070" lon="-0.0404410">
    <ele>12.7</ele>
    <time>2023-12-10T09:18:08Z</time>
   </trkpt>
   <trkpt lat="51.5282760" lon="-0.0404100">
    <ele>12.7</ele>
    <time>2023-12-10T09:18:09Z</time>
   </trkpt>
   <trkpt lat="51.5282470" lon="-0.0403840">
    <ele>12.7</ele>
    <time>2023-12-10T09:18:10Z</time>
   </trkpt>
   <trkpt lat="51.5282080" lon="-0.0403750">
    <ele>12.7</ele>
    <time>2023-12-10T09:18:11Z</time>
   </trkpt>
   <trkpt lat="51.5281710" lon="-0.0403510">
    <ele>12.7</ele>
    <time>2023-12-10T09:18:12Z</time>
   </trkpt>
   <trkpt lat="51.5281440" lon="-0.0403290">
    <ele>12.7</ele>
    <time>2023-12-10T09:18:13Z</time>
   </trkpt>
   <trkpt lat="51.5281040" lon="-0.0403290">
    <ele>12.8</ele>
    <time>2023-12-10T09:18:14Z</time>
   </trkpt>
   <trkpt lat="51.5280710" lon="-0.0402920">
    <ele>12.8</ele>
    <time>2023-12-10T09:18:15Z</time>
   </trkpt>
   <trkpt lat="51.5280410" lon="-0.0402560">
    <ele>12.8</ele>
    <time>2023-12-10T09:18:16Z</time>
   </trkpt>
   <trkpt lat="51.5280060" lon="-0.0402260">
    <ele>12.7</ele>
    <time>2023-12-10T09:18:17Z</time>
   </trkpt>
   <trkpt lat="51.5279820" lon="-0.0401980">
    <ele>12.7</ele>
    <time>2023-12-10T09:18:18Z</time>
   </trkpt>
   <trkpt lat="51.5279490" lon="-0.0401730">
    <ele>12.7</ele>
    <time>2023-12-10T09:18:19Z</time>
   </trkpt>
   <trkpt lat="51.5279200" lon="-0.0401520">
    <ele>12.7</ele>
    <time>2023-12-10T09:18:20Z</time>
   </trkpt>
   <trkpt lat="51.5278960" lon="-0.0401170">
    <ele>12.7</ele>
    <time>2023-12-10T09:18:21Z</time>
   </trkpt>
   <trkpt lat="51.5278930" lon="-0.0400980">
    <ele>12.7</ele>
    <time>2023-12-10T09:18:22Z</time>
   </trkpt>
   <trkpt lat="51.5278630" lon="-0.0401010">
    <ele>12.7</ele>
    <time>2023-12-10T09:18:23Z</time>
   </trkpt>
   <trkpt lat="51.5278430" lon="-0.0401180">
    <ele>12.7</ele>
    <time>2023-12-10T09:18:24Z</time>
   </trkpt>
   <trkpt lat="51.5278140" lon="-0.0400760">
    <ele>12.7</ele>
    <time>2023-12-10T09:18:25Z</time>
   </trkpt>
   <trkpt lat="51.5278020" lon="-0.0400670">
    <ele>12.6</ele>
    <time>2023-12-10T09:18:26Z</time>
   </trkpt>
   <trkpt lat="51.5277590" lon="-0.0400500">
    <ele>12.6</ele>
    <time>2023-12-10T09:18:27Z</time>
   </trkpt>
   <trkpt lat="51.5277280" lon="-0.0400280">
    <ele>12.6</ele>
    <time>2023-12-10T09:18:28Z</time>
   </trkpt>
   <trkpt lat="51.5277000" lon="-0.0399960">
    <ele>12.6</ele>
    <time>2023-12-10T09:18:29Z</time>
   </trkpt>
   <trkpt lat="51.5276520" lon="-0.0399670">
    <ele>12.6</ele>
    <time>2023-12-10T09:18:30Z</time>
   </trkpt>
   <trkpt lat="51.5275960" lon="-0.0399450">
    <ele>12.6</ele>
    <time>2023-12-10T09:18:31Z</time>
   </trkpt>
   <trkpt lat="51.5275580" lon="-0.0399060">
    <ele>12.6</ele>
    <time>2023-12-10T09:18:32Z</time>
   </trkpt>
   <trkpt lat="51.5275180" lon="-0.0398940">
    <ele>12.6</ele>
    <time>2023-12-10T09:18:33Z</time>
   </trkpt>
   <trkpt lat="51.5274880" lon="-0.0398670">
    <ele>12.6</ele>
    <time>2023-12-10T09:18:34Z</time>
   </trkpt>
   <trkpt lat="51.5274520" lon="-0.0398680">
    <ele>12.6</ele>
    <time>2023-12-10T09:18:35Z</time>
   </trkpt>
   <trkpt lat="51.5274070" lon="-0.0398640">
    <ele>12.6</ele>
    <time>2023-12-10T09:18:36Z</time>
   </trkpt>
   <trkpt lat="51.5273710" lon="-0.0398490">
    <ele>12.6</ele>
    <time>2023-12-10T09:18:37Z</time>
   </trkpt>
   <trkpt lat="51.5273370" lon="-0.0398260">
    <ele>12.6</ele>
    <time>2023-12-10T09:18:38Z</time>
   </trkpt>
   <trkpt lat="51.5273040" lon="-0.0398130">
    <ele>12.6</ele>
    <time>2023-12-10T09:18:39Z</time>
   </trkpt>
   <trkpt lat="51.5272390" lon="-0.0400420">
    <ele>12.6</ele>
    <time>2023-12-10T09:18:40Z</time>
   </trkpt>
   <trkpt lat="51.5272260" lon="-0.0400470">
    <ele>12.6</ele>
    <time>2023-12-10T09:18:41Z</time>
   </trkpt>
   <trkpt lat="51.5271840" lon="-0.0400180">
    <ele>12.6</ele>
    <time>2023-12-10T09:18:42Z</time>
   </trkpt>
   <trkpt lat="51.5271640" lon="-0.0400140">
    <ele>12.6</ele>
    <time>2023-12-10T09:18:43Z</time>
   </trkpt>
   <trkpt lat="51.5271130" lon="-0.0399930">
    <ele>12.6</ele>
    <time>2023-12-10T09:18:44Z</time>
   </trkpt>
   <trkpt lat="51.5270750" lon="-0.0399230">
    <ele>12.7</ele>
    <time>2023-12-10T09:18:45Z</time>
   </trkpt>
   <trkpt lat="51.5270390" lon="-0.0398790">
    <ele>12.7</ele>
    <time>2023-12-10T09:18:46Z</time>
   </trkpt>
   <trkpt lat="51.5270100" lon="-0.0398550">
    <ele>12.7</ele>
    <time>2023-12-10T09:18:47Z</time>
   </trkpt>
   <trkpt lat="51.5269790" lon="-0.0398290">
    <ele>12.7</ele>
    <time>2023-12-10T09:18:48Z</time>
   </trkpt>
   <trkpt lat="51.5269560" lon="-0.0398000">
    <ele>12.7</ele>
    <time>2023-12-10T09:18:49Z</time>
   </trkpt>
   <trkpt lat="51.5269320" lon="-0.0397560">
    <ele>12.7</ele>
    <time>2023-12-10T09:18:50Z</time>
   </trkpt>
   <trkpt lat="51.5269070" lon="-0.0397280">
    <ele>12.7</ele>
    <time>2023-12-10T09:18:51Z</time>
   </trkpt>
   <trkpt lat="51.5268760" lon="-0.0396950">
    <ele>12.7</ele>
    <time>2023-12-10T09:18:52Z</time>
   </trkpt>
   <trkpt lat="51.5268390" lon="-0.0396380">
    <ele>12.7</ele>
    <time>2023-12-10T09:18:53Z</time>
   </trkpt>
   <trkpt lat="51.5268150" lon="-0.0395810">
    <ele>12.7</ele>
    <time>2023-12-10T09:18:54Z</time>
   </trkpt>
   <trkpt lat="51.5267570" lon="-0.0395290">
    <ele>12.7</ele>
    <time>2023-12-10T09:18:55Z</time>
   </trkpt>
   <trkpt lat="51.5267250" lon="-0.0394920">
    <ele>12.7</ele>
    <time>2023-12-10T09:18:56Z</time>
   </trkpt>
   <trkpt lat="51.5266950" lon="-0.0394710">
    <ele>12.7</ele>
    <time>2023-12-10T09:18:57Z</time>
   </trkpt>
   <trkpt lat="51.5266650" lon="-0.0394430">
    <ele>12.7</ele>
    <time>2023-12-10T09:18:58Z</time>
   </trkpt>
   <trkpt lat="51.5266480" lon="-0.0393950">
    <ele>12.6</ele>
    <time>2023-12-10T09:18:59Z</time>
   </trkpt>
   <trkpt lat="51.5266110" lon="-0.0393700">
    <ele>12.6</ele>
    <time>2023-12-10T09:19:00Z</time>
   </trkpt>
   <trkpt lat="51.5265750" lon="-0.0392930">
    <ele>12.6</ele>
    <time>2023-12-10T09:19:01Z</time>
   </trkpt>
   <trkpt lat="51.5265410" lon="-0.0392490">
    <ele>12.6</ele>
    <time>2023-12-10T09:19:02Z</time>
   </trkpt>
   <trkpt lat="51.5265070" lon="-0.0391940">
    <ele>12.6</ele>
    <time>2023-12-10T09:19:03Z</time>
   </trkpt>
   <trkpt lat="51.5264740" lon="-0.0391610">
    <ele>12.6</ele>
    <time>2023-12-10T09:19:04Z</time>
   </trkpt>
   <trkpt lat="51.5264490" lon="-0.0391430">
    <ele>12.6</ele>
    <time>2023-12-10T09:19:05Z</time>
   </trkpt>
   <trkpt lat="51.5264150" lon="-0.0391050">
    <ele>12.6</ele>
    <time>2023-12-10T09:19:06Z</time>
   </trkpt>
   <trkpt lat="51.5263690" lon="-0.0390470">
    <ele>12.6</ele>
    <time>2023-12-10T09:19:07Z</time>
   </trkpt>
   <trkpt lat="51.5263290" lon="-0.0390110">
    <ele>12.6</ele>
    <time>2023-12-10T09:19:08Z</time>
   </trkpt>
   <trkpt lat="51.5262890" lon="-0.0389770">
    <ele>12.6</ele>
    <time>2023-12-10T09:19:09Z</time>
   </trkpt>
   <trkpt lat="51.5262590" lon="-0.0389490">
    <ele>12.6</ele>
    <time>2023-12-10T09:19:10Z</time>
   </trkpt>
   <trkpt lat="51.5262170" lon="-0.0388970">
    <ele>12.6</ele>
    <time>2023-12-10T09:19:11Z</time>
   </trkpt>
   <trkpt lat="51.5261820" lon="-0.0388670">
    <ele>12.6</ele>
    <time>2023-12-10T09:19:12Z</time>
   </trkpt>
   <trkpt lat="51.5261480" lon="-0.0388340">
    <ele>12.6</ele>
    <time>2023-12-10T09:19:13Z</time>
   </trkpt>
   <trkpt lat="51.5261300" lon="-0.0388140">
    <ele>12.6</ele>
    <time>2023-12-10T09:19:14Z</time>
   </trkpt>
   <trkpt lat="51.5260980" lon="-0.0387930">
    <ele>12.7</ele>
    <time>2023-12-10T09:19:15Z</time>
   </trkpt>
   <trkpt lat="51.5260650" lon="-0.0387570">
    <ele>12.7</ele>
    <time>2023-12-10T09:19:16Z</time>
   </trkpt>
   <trkpt lat="51.5260350" lon="-0.0387170">
    <ele>12.7</ele>
    <time>2023-12-10T09:19:17Z</time>
   </trkpt>
   <trkpt lat="51.5260030" lon="-0.0386810">
    <ele>12.7</ele>
    <time>2023-12-10T09:19:18Z</time>
   </trkpt>
   <trkpt lat="51.5259720" lon="-0.0386500">
    <ele>12.7</ele>
    <time>2023-12-10T09:19:19Z</time>
   </trkpt>
   <trkpt lat="51.5259360" lon="-0.0386200">
    <ele>12.7</ele>
    <time>2023-12-10T09:19:20Z</time>
   </trkpt>
   <trkpt lat="51.5259030" lon="-0.0385920">
    <ele>12.7</ele>
    <time>2023-12-10T09:19:21Z</time>
   </trkpt>
   <trkpt lat="51.5258740" lon="-0.0385390">
    <ele>12.7</ele>
    <time>2023-12-10T09:19:22Z</time>
   </trkpt>
   <trkpt lat="51.5258440" lon="-0.0385100">
    <ele>12.7</ele>
    <time>2023-12-10T09:19:23Z</time>
   </trkpt>
   <trkpt lat="51.5258140" lon="-0.0384860">
    <ele>12.7</ele>
    <time>2023-12-10T09:19:24Z</time>
   </trkpt>
   <trkpt lat="51.5257770" lon="-0.0384550">
    <ele>12.7</ele>
    <time>2023-12-10T09:19:25Z</time>
   </trkpt>
   <trkpt lat="51.5257510" lon="-0.0384300">
    <ele>12.7</ele>
    <time>2023-12-10T09:19:26Z</time>
   </trkpt>
   <trkpt lat="51.5257280" lon="-0.0384020">
    <ele>12.7</ele>
    <time>2023-12-10T09:19:27Z</time>
   </trkpt>
   <trkpt lat="51.5256950" lon="-0.0383630">
    <ele>12.7</ele>
    <time>2023-12-10T09:19:28Z</time>
   </trkpt>
   <trkpt lat="51.5256700" lon="-0.0383270">
    <ele>12.7</ele>
    <time>2023-12-10T09:19:29Z</time>
   </trkpt>
   <trkpt lat="51.5256390" lon="-0.0382890">
    <ele>12.7</ele>
    <time>2023-12-10T09:19:30Z</time>
   </trkpt>
   <trkpt lat="51.5256100" lon="-0.0382570">
    <ele>12.7</ele>
    <time>2023-12-10T09:19:31Z</time>
   </trkpt>
   <trkpt lat="51.5255900" lon="-0.0382240">
    <ele>12.7</ele>
    <time>2023-12-10T09:19:32Z</time>
   </trkpt>
   <trkpt lat="51.5255510" lon="-0.0381760">
    <ele>12.7</ele>
    <time>2023-12-10T09:19:33Z</time>
   </trkpt>
   <trkpt lat="51.5255140" lon="-0.0381360">
    <ele>12.6</ele>
    <time>2023-12-10T09:19:34Z</time>
   </trkpt>
   <trkpt lat="51.5254810" lon="-0.0381040">
    <ele>12.6</ele>
    <time>2023-12-10T09:19:35Z</time>
   </trkpt>
   <trkpt lat="51.5254500" lon="-0.0380670">
    <ele>12.6</ele>
    <time>2023-12-10T09:19:36Z</time>
   </trkpt>
   <trkpt lat="51.5254190" lon="-0.0380300">
    <ele>12.5</ele>
    <time>2023-12-10T09:19:37Z</time>
   </trkpt>
   <trkpt lat="51.5253890" lon="-0.0380090">
    <ele>12.5</ele>
    <time>2023-12-10T09:19:38Z</time>
   </trkpt>
   <trkpt lat="51.5253560" lon="-0.0379760">
    <ele>12.5</ele>
    <time>2023-12-10T09:19:39Z</time>
   </trkpt>
   <trkpt lat="51.5253260" lon="-0.0379290">
    <ele>12.5</ele>
    <time>2023-12-10T09:19:40Z</time>
   </trkpt>
   <trkpt lat="51.5252930" lon="-0.0378950">
    <ele>12.5</ele>
    <time>2023-12-10T09:19:41Z</time>
   </trkpt>
   <trkpt lat="51.5252540" lon="-0.0378620">
    <ele>12.5</ele>
    <time>2023-12-10T09:19:42Z</time>
   </trkpt>
   <trkpt lat="51.5252210" lon="-0.0378250">
    <ele>12.4</ele>
    <time>2023-12-10T09:19:43Z</time>
   </trkpt>
   <trkpt lat="51.5251890" lon="-0.0377880">
    <ele>12.4</ele>
    <time>2023-12-10T09:19:44Z</time>
   </trkpt>
   <trkpt lat="51.5251570" lon="-0.0377420">
    <ele>12.3</ele>
    <time>2023-12-10T09:19:45Z</time>
   </trkpt>
   <trkpt lat="51.5251250" lon="-0.0377150">
    <ele>12.2</ele>
    <time>2023-12-10T09:19:46Z</time>
   </trkpt>
   <trkpt lat="51.5250980" lon="-0.0376930">
    <ele>12.1</ele>
    <time>2023-12-10T09:19:47Z</time>
   </trkpt>
   <trkpt lat="51.5250650" lon="-0.0376700">
    <ele>11.9</ele>
    <time>2023-12-10T09:19:48Z</time>
   </trkpt>
   <trkpt lat="51.5250310" lon="-0.0376430">
    <ele>11.8</ele>
    <time>2023-12-10T09:19:49Z</time>
   </trkpt>
   <trkpt lat="51.5250000" lon="-0.0376120">
    <ele>11.6</ele>
    <time>2023-12-10T09:19:50Z</time>
   </trkpt>
   <trkpt lat="51.5249640" lon="-0.0375800">
    <ele>11.3</ele>
    <time>2023-12-10T09:19:51Z</time>
   </trkpt>
   <trkpt lat="51.5249200" lon="-0.0375770">
    <ele>11.1</ele>
    <time>2023-12-10T09:19:52Z</time>
   </trkpt>
   <trkpt lat="51.5248840" lon="-0.0375450">
    <ele>10.9</ele>
    <time>2023-12-10T09:19:53Z</time>
   </trkpt>
   <trkpt lat="51.5248550" lon="-0.0375160">
    <ele>10.7</ele>
    <time>2023-12-10T09:19:54Z</time>
   </trkpt>
   <trkpt lat="51.5248290" lon="-0.0374840">
    <ele>10.6</ele>
    <time>2023-12-10T09:19:55Z</time>
   </trkpt>
   <trkpt lat="51.5248020" lon="-0.0374700">
    <ele>10.5</ele>
    <time>2023-12-10T09:19:56Z</time>
   </trkpt>
   <trkpt lat="51.5247670" lon="-0.0374350">
    <ele>10.4</ele>
    <time>2023-12-10T09:19:57Z</time>
   </trkpt>
   <trkpt lat="51.5247330" lon="-0.0373880">
    <ele>10.3</ele>
    <time>2023-12-10T09:19:58Z</time>
   </trkpt>
   <trkpt lat="51.5247070" lon="-0.0373390">
    <ele>10.2</ele>
    <time>2023-12-10T09:19:59Z</time>
   </trkpt>
   <trkpt lat="51.5246700" lon="-0.0373050">
    <ele>10.2</ele>
    <time>2023-12-10T09:20:00Z</time>
   </trkpt>
   <trkpt lat="51.5246440" lon="-0.0372630">
    <ele>10.2</ele>
    <time>2023-12-10T09:20:01Z</time>
   </trkpt>
   <trkpt lat="51.5246130" lon="-0.0372370">
    <ele>10.2</ele>
    <time>2023-12-10T09:20:02Z</time>
   </trkpt>
   <trkpt lat="51.5245850" lon="-0.0372180">
    <ele>10.2</ele>
    <time>2023-12-10T09:20:03Z</time>
   </trkpt>
   <trkpt lat="51.5245560" lon="-0.0371980">
    <ele>10.2</ele>
    <time>2023-12-10T09:20:04Z</time>
   </trkpt>
   <trkpt lat="51.5245160" lon="-0.0371690">
    <ele>10.2</ele>
    <time>2023-12-10T09:20:05Z</time>
   </trkpt>
   <trkpt lat="51.5244850" lon="-0.0371430">
    <ele>10.2</ele>
    <time>2023-12-10T09:20:06Z</time>
   </trkpt>
   <trkpt lat="51.5244410" lon="-0.0371270">
    <ele>10.2</ele>
    <time>2023-12-10T09:20:07Z</time>
   </trkpt>
   <trkpt lat="51.5244240" lon="-0.0371200">
    <ele>10.1</ele>
    <time>2023-12-10T09:20:08Z</time>
   </trkpt>
   <trkpt lat="51.5243910" lon="-0.0371050">
    <ele>10.1</ele>
    <time>2023-12-10T09:20:09Z</time>
   </trkpt>
   <trkpt lat="51.5243670" lon="-0.0370820">
    <ele>10.2</ele>
    <time>2023-12-10T09:20:10Z</time>
   </trkpt>
   <trkpt lat="51.5243350" lon="-0.0370570">
    <ele>10.2</ele>
    <time>2023-12-10T09:20:11Z</time>
   </trkpt>
   <trkpt lat="51.5243050" lon="-0.0370290">
    <ele>10.2</ele>
    <time>2023-12-10T09:20:12Z</time>
   </trkpt>
   <trkpt lat="51.5242740" lon="-0.0369930">
    <ele>10.2</ele>
    <time>2023-12-10T09:20:13Z</time>
   </trkpt>
   <trkpt lat="51.5242410" lon="-0.0369610">
    <ele>10.2</ele>
    <time>2023-12-10T09:20:14Z</time>
   </trkpt>
   <trkpt lat="51.5242090" lon="-0.0369350">
    <ele>10.2</ele>
    <time>2023-12-10T09:20:15Z</time>
   </trkpt>
   <trkpt lat="51.5241780" lon="-0.0369040">
    <ele>10.2</ele>
    <time>2023-12-10T09:20:16Z</time>
   </trkpt>
   <trkpt lat="51.5241480" lon="-0.0368750">
    <ele>10.2</ele>
    <time>2023-12-10T09:20:17Z</time>
   </trkpt>
   <trkpt lat="51.5241270" lon="-0.0368350">
    <ele>10.2</ele>
    <time>2023-12-10T09:20:18Z</time>
   </trkpt>
   <trkpt lat="51.5240970" lon="-0.0367960">
    <ele>10.2</ele>
    <time>2023-12-10T09:20:19Z</time>
   </trkpt>
   <trkpt lat="51.5240800" lon="-0.0367710">
    <ele>10.2</ele>
    <time>2023-12-10T09:20:20Z</time>
   </trkpt>
   <trkpt lat="51.5240650" lon="-0.0367050">
    <ele>10.2</ele>
    <time>2023-12-10T09:20:21Z</time>
   </trkpt>
   <trkpt lat="51.5240220" lon="-0.0367040">
    <ele>10.2</ele>
    <time>2023-12-10T09:20:22Z</time>
   </trkpt>
   <trkpt lat="51.5239710" lon="-0.0366970">
    <ele>10.2</ele>
    <time>2023-12-10T09:20:23Z</time>
   </trkpt>
   <trkpt lat="51.5239270" lon="-0.0366910">
    <ele>10.2</ele>
    <time>2023-12-10T09:20:24Z</time>
   </trkpt>
   <trkpt lat="51.5238980" lon="-0.0366600">
    <ele>10.2</ele>
    <time>2023-12-10T09:20:25Z</time>
   </trkpt>
   <trkpt lat="51.5238640" lon="-0.0366470">
    <ele>10.2</ele>
    <time>2023-12-10T09:20:26Z</time>
   </trkpt>
   <trkpt lat="51.5238260" lon="-0.0366320">
    <ele>10.2</ele>
    <time>2023-12-10T09:20:27Z</time>
   </trkpt>
   <trkpt lat="51.5237930" lon="-0.0366200">
    <ele>10.2</ele>
    <time>2023-12-10T09:20:28Z</time>
   </trkpt>
   <trkpt lat="51.5237580" lon="-0.0366030">
    <ele>10.2</ele>
    <time>2023-12-10T09:20:29Z</time>
   </trkpt>
   <trkpt lat="51.5237150" lon="-0.0366040">
    <ele>10.2</ele>
    <time>2023-12-10T09:20:30Z</time>
   </trkpt>
   <trkpt lat="51.5236790" lon="-0.0365380">
    <ele>10.2</ele>
    <time>2023-12-10T09:20:31Z</time>
   </trkpt>
   <trkpt lat="51.5236450" lon="-0.0365190">
    <ele>10.2</ele>
    <time>2023-12-10T09:20:32Z</time>
   </trkpt>
   <trkpt lat="51.5236050" lon="-0.0365110">
    <ele>10.2</ele>
    <time>2023-12-10T09:20:33Z</time>
   </trkpt>
   <trkpt lat="51.5235710" lon="-0.0365020">
    <ele>10.2</ele>
    <time>2023-12-10T09:20:34Z</time>
   </trkpt>
   <trkpt lat="51.5235340" lon="-0.0364750">
    <ele>10.2</ele>
    <time>2023-12-10T09:20:35Z</time>
   </trkpt>
   <trkpt lat="51.5234990" lon="-0.0364530">
    <ele>10.2</ele>
    <time>2023-12-10T09:20:36Z</time>
   </trkpt>
   <trkpt lat="51.5234670" lon="-0.0364480">
    <ele>10.2</ele>
    <time>2023-12-10T09:20:37Z</time>
   </trkpt>
   <trkpt lat="51.5234430" lon="-0.0364270">
    <ele>10.1</ele>
    <time>2023-12-10T09:20:38Z</time>
   </trkpt>
   <trkpt lat="51.5234150" lon="-0.0364120">
    <ele>10.1</ele>
    <time>2023-12-10T09:20:39Z</time>
   </trkpt>
   <trkpt lat="51.5233440" lon="-0.0363840">
    <ele>10.1</ele>
    <time>2023-12-10T09:20:40Z</time>
   </trkpt>
   <trkpt lat="51.5233050" lon="-0.0363780">
    <ele>10.1</ele>
    <time>2023-12-10T09:20:41Z</time>
   </trkpt>
   <trkpt lat="51.5232730" lon="-0.0363710">
    <ele>10.0</ele>
    <time>2023-12-10T09:20:42Z</time>
   </trkpt>
   <trkpt lat="51.5232300" lon="-0.0363710">
    <ele>10.0</ele>
    <time>2023-12-10T09:20:43Z</time>
   </trkpt>
   <trkpt lat="51.5231930" lon="-0.0363710">
    <ele>10.0</ele>
    <time>2023-12-10T09:20:44Z</time>
   </trkpt>
   <trkpt lat="51.5231660" lon="-0.0363670">
    <ele>10.0</ele>
    <time>2023-12-10T09:20:45Z</time>
   </trkpt>
   <trkpt lat="51.5231320" lon="-0.0363730">
    <ele>10.0</ele>
    <time>2023-12-10T09:20:46Z</time>
   </trkpt>
   <trkpt lat="51.5230950" lon="-0.0363680">
    <ele>10.0</ele>
    <time>2023-12-10T09:20:47Z</time>
   </trkpt>
   <trkpt lat="51.5230550" lon="-0.0363760">
    <ele>10.0</ele>
    <time>2023-12-10T09:20:48Z</time>
   </trkpt>
   <trkpt lat="51.5230150" lon="-0.0363750">
    <ele>10.0</ele>
    <time>2023-12-10T09:20:49Z</time>
   </trkpt>
   <trkpt lat="51.5229780" lon="-0.0363830">
    <ele>10.0</ele>
    <time>2023-12-10T09:20:50Z</time>
   </trkpt>
   <trkpt lat="51.5229410" lon="-0.0363980">
    <ele>10.0</ele>
    <time>2023-12-10T09:20:51Z</time>
   </trkpt>
   <trkpt lat="51.5229060" lon="-0.0364170">
    <ele>10.0</ele>
    <time>2023-12-10T09:20:52Z</time>
   </trkpt>
   <trkpt lat="51.5228740" lon="-0.0364170">
    <ele>10.0</ele>
    <time>2023-12-10T09:20:53Z</time>
   </trkpt>
   <trkpt lat="51.5228440" lon="-0.0364100">
    <ele>10.1</ele>
    <time>2023-12-10T09:20:55Z</time>
   </trkpt>
   <trkpt lat="51.5228130" lon="-0.0364020">
    <ele>10.1</ele>
    <time>2023-12-10T09:20:56Z</time>
   </trkpt>
   <trkpt lat="51.5227820" lon="-0.0363850">
    <ele>10.1</ele>
    <time>2023-12-10T09:20:57Z</time>
   </trkpt>
   <trkpt lat="51.5227770" lon="-0.0363680">
    <ele>10.1</ele>
    <time>2023-12-10T09:20:58Z</time>
   </trkpt>
   <trkpt lat="51.5227370" lon="-0.0363610">
    <ele>10.1</ele>
    <time>2023-12-10T09:20:59Z</time>
   </trkpt>
   <trkpt lat="51.5226530" lon="-0.0363320">
    <ele>10.1</ele>
    <time>2023-12-10T09:21:00Z</time>
   </trkpt>
   <trkpt lat="51.5226070" lon="-0.0363340">
    <ele>10.1</ele>
    <time>2023-12-10T09:21:01Z</time>
   </trkpt>
   <trkpt lat="51.5225860" lon="-0.0363360">
    <ele>10.1</ele>
    <time>2023-12-10T09:21:02Z</time>
   </trkpt>
   <trkpt lat="51.5225470" lon="-0.0363260">
    <ele>10.1</ele>
    <time>2023-12-10T09:21:03Z</time>
   </trkpt>
   <trkpt lat="51.5225150" lon="-0.0363050">
    <ele>10.1</ele>
    <time>2023-12-10T09:21:04Z</time>
   </trkpt>
   <trkpt lat="51.5224790" lon="-0.0362900">
    <ele>10.1</ele>
    <time>2023-12-10T09:21:05Z</time>
   </trkpt>
   <trkpt lat="51.5224400" lon="-0.0362910">
    <ele>10.1</ele>
    <time>2023-12-10T09:21:06Z</time>
   </trkpt>
   <trkpt lat="51.5224020" lon="-0.0362920">
    <ele>10.1</ele>
    <time>2023-12-10T09:21:07Z</time>
   </trkpt>
   <trkpt lat="51.5223580" lon="-0.0362980">
    <ele>10.1</ele>
    <time>2023-12-10T09:21:08Z</time>
   </trkpt>
   <trkpt lat="51.5222950" lon="-0.0362820">
    <ele>10.1</ele>
    <time>2023-12-10T09:21:10Z</time>
   </trkpt>
   <trkpt lat="51.5222560" lon="-0.0362750">
    <ele>10.0</ele>
    <time>2023-12-10T09:21:11Z</time>
   </trkpt>
   <trkpt lat="51.5222120" lon="-0.0362700">
    <ele>10.0</ele>
    <time>2023-12-10T09:21:13Z</time>
   </trkpt>
   <trkpt lat="51.5221770" lon="-0.0362760">
    <ele>10.0</ele>
    <time>2023-12-10T09:21:14Z</time>
   </trkpt>
   <trkpt lat="51.5221390" lon="-0.0362690">
    <ele>10.0</ele>
    <time>2023-12-10T09:21:15Z</time>
   </trkpt>
   <trkpt lat="51.5220920" lon="-0.0362470">
    <ele>10.0</ele>
    <time>2023-12-10T09:21:16Z</time>
   </trkpt>
   <trkpt lat="51.5220380" lon="-0.0362580">
    <ele>10.0</ele>
    <time>2023-12-10T09:21:17Z</time>
   </trkpt>
   <trkpt lat="51.5220060" lon="-0.0362520">
    <ele>10.0</ele>
    <time>2023-12-10T09:21:18Z</time>
   </trkpt>
   <trkpt lat="51.5219700" lon="-0.0362430">
    <ele>10.0</ele>
    <time>2023-12-10T09:21:19Z</time>
   </trkpt>
   <trkpt lat="51.5219330" lon="-0.0362380">
    <ele>10.0</ele>
    <time>2023-12-10T09:21:20Z</time>
   </trkpt>
   <trkpt lat="51.5218920" lon="-0.0362250">
    <ele>10.0</ele>
    <time>2023-12-10T09:21:21Z</time>
   </trkpt>
   <trkpt lat="51.5218560" lon="-0.0362290">
    <ele>10.0</ele>
    <time>2023-12-10T09:21:22Z</time>
   </trkpt>
   <trkpt lat="51.5218170" lon="-0.0362320">
    <ele>10.0</ele>
    <time>2023-12-10T09:21:23Z</time>
   </trkpt>
   <trkpt lat="51.5217810" lon="-0.0362230">
    <ele>10.0</ele>
    <time>2023-12-10T09:21:24Z</time>
   </trkpt>
   <trkpt lat="51.5217380" lon="-0.0362170">
    <ele>10.0</ele>
    <time>2023-12-10T09:21:25Z</time>
   </trkpt>
   <trkpt lat="51.5216980" lon="-0.0362070">
    <ele>10.0</ele>
    <time>2023-12-10T09:21:26Z</time>
   </trkpt>
   <trkpt lat="51.5216550" lon="-0.0362040">
    <ele>10.0</ele>
    <time>2023-12-10T09:21:27Z</time>
   </trkpt>
   <trkpt lat="51.5216210" lon="-0.0362090">
    <ele>10.0</ele>
    <time>2023-12-10T09:21:28Z</time>
   </trkpt>
   <trkpt lat="51.5215850" lon="-0.0362070">
    <ele>10.0</ele>
    <time>2023-12-10T09:21:29Z</time>
   </trkpt>
   <trkpt lat="51.5215490" lon="-0.0361970">
    <ele>10.0</ele>
    <time>2023-12-10T09:21:30Z</time>
   </trkpt>
   <trkpt lat="51.5215080" lon="-0.0361960">
    <ele>10.0</ele>
    <time>2023-12-10T09:21:31Z</time>
   </trkpt>
   <trkpt lat="51.5214740" lon="-0.0361970">
    <ele>10.0</ele>
    <time>2023-12-10T09:21:32Z</time>
   </trkpt>
   <trkpt lat="51.5214420" lon="-0.0361920">
    <ele>10.0</ele>
    <time>2023-12-10T09:21:33Z</time>
   </trkpt>
   <trkpt lat="51.5214030" lon="-0.0361880">
    <ele>10.0</ele>
    <time>2023-12-10T09:21:34Z</time>
   </trkpt>
   <trkpt lat="51.5213650" lon="-0.0361880">
    <ele>10.0</ele>
    <time>2023-12-10T09:21:35Z</time>
   </trkpt>
   <trkpt lat="51.5213330" lon="-0.0361850">
    <ele>10.0</ele>
    <time>2023-12-10T09:21:36Z</time>
   </trkpt>
   <trkpt lat="51.5212940" lon="-0.0361900">
    <ele>10.0</ele>
    <time>2023-12-10T09:21:37Z</time>
   </trkpt>
   <trkpt lat="51.5212590" lon="-0.0361780">
    <ele>10.0</ele>
    <time>2023-12-10T09:21:38Z</time>
   </trkpt>
   <trkpt lat="51.5212130" lon="-0.0361890">
    <ele>10.0</ele>
    <time>2023-12-10T09:21:39Z</time>
   </trkpt>
   <trkpt lat="51.5211760" lon="-0.0361800">
    <ele>10.0</ele>
    <time>2023-12-10T09:21:40Z</time>
   </trkpt>
   <trkpt lat="51.5211420" lon="-0.0361680">
    <ele>10.1</ele>
    <time>2023-12-10T09:21:41Z</time>
   </trkpt>
   <trkpt lat="51.5211010" lon="-0.0361660">
    <ele>10.1</ele>
    <time>2023-12-10T09:21:42Z</time>
   </trkpt>
   <trkpt lat="51.5210700" lon="-0.0361570">
    <ele>10.1</ele>
    <time>2023-12-10T09:21:43Z</time>
   </trkpt>
   <trkpt lat="51.5210360" lon="-0.0361540">
    <ele>10.0</ele>
    <time>2023-12-10T09:21:44Z</time>
   </trkpt>
   <trkpt lat="51.5209930" lon="-0.0361520">
    <ele>10.0</ele>
    <time>2023-12-10T09:21:45Z</time>
   </trkpt>
   <trkpt lat="51.5209540" lon="-0.0361510">
    <ele>10.0</ele>
    <time>2023-12-10T09:21:46Z</time>
   </trkpt>
   <trkpt lat="51.5209130" lon="-0.0361430">
    <ele>10.0</ele>
    <time>2023-12-10T09:21:47Z</time>
   </trkpt>
   <trkpt lat="51.5208720" lon="-0.0361300">
    <ele>10.0</ele>
    <time>2023-12-10T09:21:48Z</time>
   </trkpt>
   <trkpt lat="51.5208300" lon="-0.0361170">
    <ele>9.9</ele>
    <time>2023-12-10T09:21:49Z</time>
   </trkpt>
   <trkpt lat="51.5207930" lon="-0.0361120">
    <ele>9.9</ele>
    <time>2023-12-10T09:21:50Z</time>
   </trkpt>
   <trkpt lat="51.5207590" lon="-0.0361160">
    <ele>9.9</ele>
    <time>2023-12-10T09:21:51Z</time>
   </trkpt>
   <trkpt lat="51.5207250" lon="-0.0360920">
    <ele>9.9</ele>
    <time>2023-12-10T09:21:52Z</time>
   </trkpt>
   <trkpt lat="51.5206850" lon="-0.0360970">
    <ele>10.0</ele>
    <time>2023-12-10T09:21:53Z</time>
   </trkpt>
   <trkpt lat="51.5206420" lon="-0.0361010">
    <ele>10.0</ele>
    <time>2023-12-10T09:21:54Z</time>
   </trkpt>
   <trkpt lat="51.5206060" lon="-0.0360910">
    <ele>10.0</ele>
    <time>2023-12-10T09:21:55Z</time>
   </trkpt>
   <trkpt lat="51.5205770" lon="-0.0361200">
    <ele>10.0</ele>
    <time>2023-12-10T09:21:56Z</time>
   </trkpt>
   <trkpt lat="51.5205490" lon="-0.0361330">
    <ele>10.0</ele>
    <time>2023-12-10T09:21:57Z</time>
   </trkpt>
   <trkpt lat="51.5205070" lon="-0.0361200">
    <ele>10.0</ele>
    <time>2023-12-10T09:21:58Z</time>
   </trkpt>
   <trkpt lat="51.5204740" lon="-0.0361320">
    <ele>10.0</ele>
    <time>2023-12-10T09:21:59Z</time>
   </trkpt>
   <trkpt lat="51.5204270" lon="-0.0361100">
    <ele>10.0</ele>
    <time>2023-12-10T09:22:00Z</time>
   </trkpt>
   <trkpt lat="51.5203880" lon="-0.0361370">
    <ele>9.9</ele>
    <time>2023-12-10T09:22:01Z</time>
   </trkpt>
   <trkpt lat="51.5203510" lon="-0.0361350">
    <ele>9.9</ele>
    <time>2023-12-10T09:22:02Z</time>
   </trkpt>
   <trkpt lat="51.5203080" lon="-0.0361250">
    <ele>9.9</ele>
    <time>2023-12-10T09:22:03Z</time>
   </trkpt>
   <trkpt lat="51.5202670" lon="-0.0361170">
    <ele>9.9</ele>
    <time>2023-12-10T09:22:04Z</time>
   </trkpt>
   <trkpt lat="51.5202310" lon="-0.0360990">
    <ele>9.9</ele>
    <time>2023-12-10T09:22:05Z</time>
   </trkpt>
   <trkpt lat="51.5201920" lon="-0.0360990">
    <ele>9.9</ele>
    <time>2023-12-10T09:22:06Z</time>
   </trkpt>
   <trkpt lat="51.5201540" lon="-0.0361010">
    <ele>9.9</ele>
    <time>2023-12-10T09:22:07Z</time>
   </trkpt>
   <trkpt lat="51.5201230" lon="-0.0361180">
    <ele>9.9</ele>
    <time>2023-12-10T09:22:08Z</time>
   </trkpt>
   <trkpt lat="51.5200860" lon="-0.0361180">
    <ele>9.9</ele>
    <time>2023-12-10T09:22:09Z</time>
   </trkpt>
   <trkpt lat="51.5200420" lon="-0.0361030">
    <ele>9.9</ele>
    <time>2023-12-10T09:22:10Z</time>
   </trkpt>
   <trkpt lat="51.5200090" lon="-0.0360950">
    <ele>9.9</ele>
    <time>2023-12-10T09:22:11Z</time>
   </trkpt>
   <trkpt lat="51.5199680" lon="-0.0360750">
    <ele>9.9</ele>
    <time>2023-12-10T09:22:12Z</time>
   </trkpt>
   <trkpt lat="51.5199280" lon="-0.0360620">
    <ele>9.9</ele>
    <time>2023-12-10T09:22:13Z</time>
   </trkpt>
   <trkpt lat="51.5198890" lon="-0.0360650">
    <ele>9.9</ele>
    <time>2023-12-10T09:22:14Z</time>
   </trkpt>
   <trkpt lat="51.5198520" lon="-0.0360480">
    <ele>9.9</ele>
    <time>2023-12-10T09:22:15Z</time>
   </trkpt>
   <trkpt lat="51.5198160" lon="-0.0360420">
    <ele>9.9</ele>
    <time>2023-12-10T09:22:16Z</time>
   </trkpt>
   <trkpt lat="51.5197770" lon="-0.0360250">
    <ele>9.9</ele>
    <time>2023-12-10T09:22:17Z</time>
   </trkpt>
   <trkpt lat="51.5197450" lon="-0.0360330">
    <ele>9.9</ele>
    <time>2023-12-10T09:22:18Z</time>
   </trkpt>
   <trkpt lat="51.5197090" lon="-0.0360320">
    <ele>9.8</ele>
    <time>2023-12-10T09:22:19Z</time>
   </trkpt>
   <trkpt lat="51.5196780" lon="-0.0360190">
    <ele>9.8</ele>
    <time>2023-12-10T09:22:20Z</time>
   </trkpt>
   <trkpt lat="51.5196460" lon="-0.0360260">
    <ele>9.7</ele>
    <time>2023-12-10T09:22:21Z</time>
   </trkpt>
   <trkpt lat="51.5196070" lon="-0.0360270">
    <ele>9.7</ele>
    <time>2023-12-10T09:22:22Z</time>
   </trkpt>
   <trkpt lat="51.5195730" lon="-0.0360190">
    <ele>9.6</ele>
    <time>2023-12-10T09:22:23Z</time>
   </trkpt>
   <trkpt lat="51.5195410" lon="-0.0359990">
    <ele>9.5</ele>
    <time>2023-12-10T09:22:24Z</time>
   </trkpt>
   <trkpt lat="51.5194920" lon="-0.0359920">
    <ele>9.3</ele>
    <time>2023-12-10T09:22:25Z</time>
   </trkpt>
   <trkpt lat="51.5194400" lon="-0.0359990">
    <ele>9.1</ele>
    <time>2023-12-10T09:22:26Z</time>
   </trkpt>
   <trkpt lat="51.5194010" lon="-0.0360090">
    <ele>8.9</ele>
    <time>2023-12-10T09:22:27Z</time>
   </trkpt>
   <trkpt lat="51.5193540" lon="-0.0360140">
    <ele>8.7</ele>
    <time>2023-12-10T09:22:28Z</time>
   </trkpt>
   <trkpt lat="51.5193190" lon="-0.0360200">
    <ele>8.6</ele>
    <time>2023-12-10T09:22:29Z</time>
   </trkpt>
   <trkpt lat="51.5192820" lon="-0.0360360">
    <ele>8.4</ele>
    <time>2023-12-10T09:22:30Z</time>
   </trkpt>
   <trkpt lat="51.5192450" lon="-0.0360180">
    <ele>8.3</ele>
    <time>2023-12-10T09:22:31Z</time>
   </trkpt>
   <trkpt lat="51.5192150" lon="-0.0360090">
    <ele>8.2</ele>
    <time>2023-12-10T09:22:32Z</time>
   </trkpt>
   <trkpt lat="51.5191720" lon="-0.0359810">
    <ele>8.1</ele>
    <time>2023-12-10T09:22:33Z</time>
   </trkpt>
   <trkpt lat="51.5191330" lon="-0.0359900">
    <ele>8.0</ele>
    <time>2023-12-10T09:22:34Z</time>
   </trkpt>
   <trkpt lat="51.5190910" lon="-0.0359790">
    <ele>8.0</ele>
    <time>2023-12-10T09:22:35Z</time>
   </trkpt>
   <trkpt lat="51.5190590" lon="-0.0359860">
    <ele>8.0</ele>
    <time>2023-12-10T09:22:36Z</time>
   </trkpt>
   <trkpt lat="51.5190260" lon="-0.0359760">
    <ele>8.0</ele>
    <time>2023-12-10T09:22:37Z</time>
   </trkpt>
   <trkpt lat="51.5189840" lon="-0.0359350">
    <ele>7.9</ele>
    <time>2023-12-10T09:22:38Z</time>
   </trkpt>
   <trkpt lat="51.5189480" lon="-0.0358980">
    <ele>7.9</ele>
    <time>2023-12-10T09:22:39Z</time>
   </trkpt>
   <trkpt lat="51.5189080" lon="-0.0358740">
    <ele>7.9</ele>
    <time>2023-12-10T09:22:40Z</time>
   </trkpt>
   <trkpt lat="51.5188760" lon="-0.0358470">
    <ele>8.0</ele>
    <time>2023-12-10T09:22:41Z</time>
   </trkpt>
   <trkpt lat="51.5188400" lon="-0.0357940">
    <ele>8.0</ele>
    <time>2023-12-10T09:22:42Z</time>
   </trkpt>
   <trkpt lat="51.5188060" lon="-0.0357600">
    <ele>8.0</ele>
    <time>2023-12-10T09:22:43Z</time>
   </trkpt>
   <trkpt lat="51.5187710" lon="-0.0357260">
    <ele>8.0</ele>
    <time>2023-12-10T09:22:44Z</time>
   </trkpt>
   <trkpt lat="51.5187290" lon="-0.0356920">
    <ele>8.0</ele>
    <time>2023-12-10T09:22:45Z</time>
   </trkpt>
   <trkpt lat="51.5186560" lon="-0.0356680">
    <ele>8.0</ele>
    <time>2023-12-10T09:22:46Z</time>
   </trkpt>
   <trkpt lat="51.5186300" lon="-0.0356450">
    <ele>8.0</ele>
    <time>2023-12-10T09:22:47Z</time>
   </trkpt>
   <trkpt lat="51.5185990" lon="-0.0356350">
    <ele>8.0</ele>
    <time>2023-12-10T09:22:48Z</time>
   </trkpt>
   <trkpt lat="51.5185690" lon="-0.0355920">
    <ele>8.0</ele>
    <time>2023-12-10T09:22:49Z</time>
   </trkpt>
   <trkpt lat="51.5185440" lon="-0.0355600">
    <ele>8.0</ele>
    <time>2023-12-10T09:22:50Z</time>
   </trkpt>
   <trkpt lat="51.5185230" lon="-0.0355220">
    <ele>8.0</ele>
    <time>2023-12-10T09:22:51Z</time>
   </trkpt>
   <trkpt lat="51.5185010" lon="-0.0354760">
    <ele>8.0</ele>
    <time>2023-12-10T09:22:52Z</time>
   </trkpt>
   <trkpt lat="51.5184780" lon="-0.0354290">
    <ele>8.0</ele>
    <time>2023-12-10T09:22:53Z</time>
   </trkpt>
   <trkpt lat="51.5184430" lon="-0.0353560">
    <ele>8.0</ele>
    <time>2023-12-10T09:22:55Z</time>
   </trkpt>
   <trkpt lat="51.5184130" lon="-0.0353680">
    <ele>8.0</ele>
    <time>2023-12-10T09:22:56Z</time>
   </trkpt>
   <trkpt lat="51.5184070" lon="-0.0353110">
    <ele>8.0</ele>
    <time>2023-12-10T09:22:57Z</time>
   </trkpt>
   <trkpt lat="51.5183830" lon="-0.0352640">
    <ele>8.0</ele>
    <time>2023-12-10T09:22:58Z</time>
   </trkpt>
   <trkpt lat="51.5183460" lon="-0.0352110">
    <ele>8.0</ele>
    <time>2023-12-10T09:22:59Z</time>
   </trkpt>
   <trkpt lat="51.5183130" lon="-0.0351910">
    <ele>8.0</ele>
    <time>2023-12-10T09:23:00Z</time>
   </trkpt>
   <trkpt lat="51.5182800" lon="-0.0351370">
    <ele>8.0</ele>
    <time>2023-12-10T09:23:01Z</time>
   </trkpt>
   <trkpt lat="51.5182540" lon="-0.0351020">
    <ele>8.0</ele>
    <time>2023-12-10T09:23:02Z</time>
   </trkpt>
   <trkpt lat="51.5182250" lon="-0.0350570">
    <ele>8.0</ele>
    <time>2023-12-10T09:23:03Z</time>
   </trkpt>
   <trkpt lat="51.5181930" lon="-0.0350240">
    <ele>8.0</ele>
    <time>2023-12-10T09:23:04Z</time>
   </trkpt>
   <trkpt lat="51.5181590" lon="-0.0349850">
    <ele>8.0</ele>
    <time>2023-12-10T09:23:05Z</time>
   </trkpt>
   <trkpt lat="51.5181200" lon="-0.0349320">
    <ele>8.0</ele>
    <time>2023-12-10T09:23:06Z</time>
   </trkpt>
   <trkpt lat="51.5180900" lon="-0.0348900">
    <ele>8.0</ele>
    <time>2023-12-10T09:23:07Z</time>
   </trkpt>
   <trkpt lat="51.5180550" lon="-0.0348600">
    <ele>7.9</ele>
    <time>2023-12-10T09:23:08Z</time>
   </trkpt>
   <trkpt lat="51.5180320" lon="-0.0348250">
    <ele>7.9</ele>
    <time>2023-12-10T09:23:09Z</time>
   </trkpt>
   <trkpt lat="51.5180070" lon="-0.0347910">
    <ele>7.9</ele>
    <time>2023-12-10T09:23:10Z</time>
   </trkpt>
   <trkpt lat="51.5179850" lon="-0.0347490">
    <ele>7.9</ele>
    <time>2023-12-10T09:23:11Z</time>
   </trkpt>
   <trkpt lat="51.5179560" lon="-0.0347110">
    <ele>7.9</ele>
    <time>2023-12-10T09:23:12Z</time>
   </trkpt>
   <trkpt lat="51.5179390" lon="-0.0346700">
    <ele>7.9</ele>
    <time>2023-12-10T09:23:13Z</time>
   </trkpt>
   <trkpt lat="51.5179130" lon="-0.0346380">
    <ele>7.9</ele>
    <time>2023-12-10T09:23:14Z</time>
   </trkpt>
   <trkpt lat="51.5178790" lon="-0.0345980">
    <ele>7.9</ele>
    <time>2023-12-10T09:23:15Z</time>
   </trkpt>
   <trkpt lat="51.5178590" lon="-0.0345470">
    <ele>7.9</ele>
    <time>2023-12-10T09:23:16Z</time>
   </trkpt>
   <trkpt lat="51.5178360" lon="-0.0345120">
    <ele>7.9</ele>
    <time>2023-12-10T09:23:17Z</time>
   </trkpt>
   <trkpt lat="51.5178020" lon="-0.0344820">
    <ele>7.9</ele>
    <time>2023-12-10T09:23:18Z</time>
   </trkpt>
   <trkpt lat="51.5177740" lon="-0.0344400">
    <ele>7.9</ele>
    <time>2023-12-10T09:23:19Z</time>
   </trkpt>
   <trkpt lat="51.5177450" lon="-0.0343930">
    <ele>7.9</ele>
    <time>2023-12-10T09:23:20Z</time>
   </trkpt>
   <trkpt lat="51.5177170" lon="-0.0343540">
    <ele>7.9</ele>
    <time>2023-12-10T09:23:21Z</time>
   </trkpt>
   <trkpt lat="51.5176870" lon="-0.0343070">
    <ele>7.9</ele>
    <time>2023-12-10T09:23:22Z</time>
   </trkpt>
   <trkpt lat="51.5176480" lon="-0.0342750">
    <ele>7.9</ele>
    <time>2023-12-10T09:23:23Z</time>
   </trkpt>
   <trkpt lat="51.5176270" lon="-0.0342320">
    <ele>7.9</ele>
    <time>2023-12-10T09:23:24Z</time>
   </trkpt>
   <trkpt lat="51.5176030" lon="-0.0341940">
    <ele>7.9</ele>
    <time>2023-12-10T09:23:25Z</time>
   </trkpt>
   <trkpt lat="51.5175750" lon="-0.0341600">
    <ele>7.8</ele>
    <time>2023-12-10T09:23:26Z</time>
   </trkpt>
   <trkpt lat="51.5175420" lon="-0.0341290">
    <ele>7.8</ele>
    <time>2023-12-10T09:23:27Z</time>
   </trkpt>
   <trkpt lat="51.5175170" lon="-0.0340870">
    <ele>7.8</ele>
    <time>2023-12-10T09:23:28Z</time>
   </trkpt>
   <trkpt lat="51.5174860" lon="-0.0340460">
    <ele>7.8</ele>
    <time>2023-12-10T09:23:29Z</time>
   </trkpt>
   <trkpt lat="51.5174610" lon="-0.0340140">
    <ele>7.8</ele>
    <time>2023-12-10T09:23:30Z</time>
   </trkpt>
   <trkpt lat="51.5174340" lon="-0.0339840">
    <ele>7.8</ele>
    <time>2023-12-10T09:23:31Z</time>
   </trkpt>
   <trkpt lat="51.5174010" lon="-0.0339610">
    <ele>7.8</ele>
    <time>2023-12-10T09:23:32Z</time>
   </trkpt>
   <trkpt lat="51.5173690" lon="-0.0339170">
    <ele>7.8</ele>
    <time>2023-12-10T09:23:33Z</time>
   </trkpt>
   <trkpt lat="51.5173440" lon="-0.0338810">
    <ele>7.8</ele>
    <time>2023-12-10T09:23:34Z</time>
   </trkpt>
   <trkpt lat="51.5173150" lon="-0.0338420">
    <ele>7.8</ele>
    <time>2023-12-10T09:23:35Z</time>
   </trkpt>
   <trkpt lat="51.5172770" lon="-0.0338240">
    <ele>7.8</ele>
    <time>2023-12-10T09:23:36Z</time>
   </trkpt>
   <trkpt lat="51.5172430" lon="-0.0338090">
    <ele>7.8</ele>
    <time>2023-12-10T09:23:37Z</time>
   </trkpt>
   <trkpt lat="51.5172030" lon="-0.0337890">
    <ele>7.7</ele>
    <time>2023-12-10T09:23:38Z</time>
   </trkpt>
   <trkpt lat="51.5171760" lon="-0.0337590">
    <ele>7.7</ele>
    <time>2023-12-10T09:23:39Z</time>
   </trkpt>
   <trkpt lat="51.5171340" lon="-0.0337340">
    <ele>7.7</ele>
    <time>2023-12-10T09:23:40Z</time>
   </trkpt>
   <trkpt lat="51.5170970" lon="-0.0337180">
    <ele>7.7</ele>
    <time>2023-12-10T09:23:41Z</time>
   </trkpt>
   <trkpt lat="51.5170570" lon="-0.0336960">
    <ele>7.7</ele>
    <time>2023-12-10T09:23:42Z</time>
   </trkpt>
   <trkpt lat="51.5170320" lon="-0.0336680">
    <ele>7.7</ele>
    <time>2023-12-10T09:23:43Z</time>
   </trkpt>
   <trkpt lat="51.5170000" lon="-0.0336400">
    <ele>7.7</ele>
    <time>2023-12-10T09:23:44Z</time>
   </trkpt>
   <trkpt lat="51.5169630" lon="-0.0336210">
    <ele>7.7</ele>
    <time>2023-12-10T09:23:45Z</time>
   </trkpt>
   <trkpt lat="51.5169340" lon="-0.0336210">
    <ele>7.7</ele>
    <time>2023-12-10T09:23:46Z</time>
   </trkpt>
   <trkpt lat="51.5168960" lon="-0.0335890">
    <ele>7.7</ele>
    <time>2023-12-10T09:23:47Z</time>
   </trkpt>
   <trkpt lat="51.5168780" lon="-0.0335820">
    <ele>7.7</ele>
    <time>2023-12-10T09:23:48Z</time>
   </trkpt>
   <trkpt lat="51.5168370" lon="-0.0335630">
    <ele>7.7</ele>
    <time>2023-12-10T09:23:49Z</time>
   </trkpt>
   <trkpt lat="51.5167960" lon="-0.0335610">
    <ele>7.7</ele>
    <time>2023-12-10T09:23:50Z</time>
   </trkpt>
   <trkpt lat="51.5167480" lon="-0.0335790">
    <ele>7.7</ele>
    <time>2023-12-10T09:23:51Z</time>
   </trkpt>
   <trkpt lat="51.5167090" lon="-0.0335970">
    <ele>7.7</ele>
    <time>2023-12-10T09:23:52Z</time>
   </trkpt>
   <trkpt lat="51.5166940" lon="-0.0336100">
    <ele>7.7</ele>
    <time>2023-12-10T09:23:53Z</time>
   </trkpt>
   <trkpt lat="51.5166630" lon="-0.0336160">
    <ele>7.7</ele>
    <time>2023-12-10T09:23:54Z</time>
   </trkpt>
   <trkpt lat="51.5166230" lon="-0.0336070">
    <ele>7.7</ele>
    <time>2023-12-10T09:23:55Z</time>
   </trkpt>
   <trkpt lat="51.5165940" lon="-0.0335980">
    <ele>7.7</ele>
    <time>2023-12-10T09:23:56Z</time>
   </trkpt>
   <trkpt lat="51.5165430" lon="-0.0335970">
    <ele>7.8</ele>
    <time>2023-12-10T09:23:57Z</time>
   </trkpt>
   <trkpt lat="51.5165010" lon="-0.0335890">
    <ele>7.8</ele>
    <time>2023-12-10T09:23:58Z</time>
   </trkpt>
   <trkpt lat="51.5164650" lon="-0.0336390">
    <ele>7.8</ele>
    <time>2023-12-10T09:23:59Z</time>
   </trkpt>
   <trkpt lat="51.5164310" lon="-0.0336130">
    <ele>7.8</ele>
    <time>2023-12-10T09:24:00Z</time>
   </trkpt>
   <trkpt lat="51.5164050" lon="-0.0335790">
    <ele>7.8</ele>
    <time>2023-12-10T09:24:01Z</time>
   </trkpt>
   <trkpt lat="51.5163720" lon="-0.0335670">
    <ele>7.8</ele>
    <time>2023-12-10T09:24:02Z</time>
   </trkpt>
   <trkpt lat="51.5163430" lon="-0.0335930">
    <ele>7.8</ele>
    <time>2023-12-10T09:24:03Z</time>
   </trkpt>
   <trkpt lat="51.5163360" lon="-0.0336070">
    <ele>7.8</ele>
    <time>2023-12-10T09:24:04Z</time>
   </trkpt>
   <trkpt lat="51.5162930" lon="-0.0336260">
    <ele>7.8</ele>
    <time>2023-12-10T09:24:05Z</time>
   </trkpt>
   <trkpt lat="51.5162610" lon="-0.0336570">
    <ele>7.8</ele>
    <time>2023-12-10T09:24:06Z</time>
   </trkpt>
   <trkpt lat="51.5162140" lon="-0.0336770">
    <ele>7.8</ele>
    <time>2023-12-10T09:24:07Z</time>
   </trkpt>
   <trkpt lat="51.5161800" lon="-0.0336670">
    <ele>7.8</ele>
    <time>2023-12-10T09:24:08Z</time>
   </trkpt>
   <trkpt lat="51.5161430" lon="-0.0336750">
    <ele>7.8</ele>
    <time>2023-12-10T09:24:09Z</time>
   </trkpt>
   <trkpt lat="51.5161170" lon="-0.0336960">
    <ele>7.8</ele>
    <time>2023-12-10T09:24:10Z</time>
   </trkpt>
   <trkpt lat="51.5160930" lon="-0.0337190">
    <ele>7.7</ele>
    <time>2023-12-10T09:24:11Z</time>
   </trkpt>
   <trkpt lat="51.5160560" lon="-0.0337480">
    <ele>7.7</ele>
    <time>2023-12-10T09:24:12Z</time>
   </trkpt>
   <trkpt lat="51.5160200" lon="-0.0337630">
    <ele>7.7</ele>
    <time>2023-12-10T09:24:13Z</time>
   </trkpt>
   <trkpt lat="51.5160000" lon="-0.0337640">
    <ele>7.7</ele>
    <time>2023-12-10T09:24:14Z</time>
   </trkpt>
   <trkpt lat="51.5159760" lon="-0.0338080">
    <ele>7.7</ele>
    <time>2023-12-10T09:24:15Z</time>
   </trkpt>
   <trkpt lat="51.5159610" lon="-0.0338210">
    <ele>7.7</ele>
    <time>2023-12-10T09:24:16Z</time>
   </trkpt>
   <trkpt lat="51.5159450" lon="-0.0338670">
    <ele>7.7</ele>
    <time>2023-12-10T09:24:17Z</time>
   </trkpt>
   <trkpt lat="51.5159420" lon="-0.0338850">
    <ele>7.7</ele>
    <time>2023-12-10T09:24:18Z</time>
   </trkpt>
   <trkpt lat="51.5159120" lon="-0.0339090">
    <ele>7.8</ele>
    <time>2023-12-10T09:24:19Z</time>
   </trkpt>
   <trkpt lat="51.5159070" lon="-0.0339290">
    <ele>7.8</ele>
    <time>2023-12-10T09:24:20Z</time>
   </trkpt>
   <trkpt lat="51.5158920" lon="-0.0339700">
    <ele>7.8</ele>
    <time>2023-12-10T09:24:21Z</time>
   </trkpt>
   <trkpt lat="51.5158620" lon="-0.0339920">
    <ele>7.8</ele>
    <time>2023-12-10T09:24:22Z</time>
   </trkpt>
   <trkpt lat="51.5158270" lon="-0.0340380">
    <ele>7.8</ele>
    <time>2023-12-10T09:24:23Z</time>
   </trkpt>
   <trkpt lat="51.5158110" lon="-0.0340560">
    <ele>7.8</ele>
    <time>2023-12-10T09:24:24Z</time>
   </trkpt>
   <trkpt lat="51.5157910" lon="-0.0340890">
    <ele>7.8</ele>
    <time>2023-12-10T09:24:25Z</time>
   </trkpt>
   <trkpt lat="51.5157560" lon="-0.0341330">
    <ele>7.8</ele>
    <time>2023-12-10T09:24:26Z</time>
   </trkpt>
   <trkpt lat="51.5157100" lon="-0.0341610">
    <ele>7.8</ele>
    <time>2023-12-10T09:24:27Z</time>
   </trkpt>
   <trkpt lat="51.5156790" lon="-0.0341650">
    <ele>7.8</ele>
    <time>2023-12-10T09:24:28Z</time>
   </trkpt>
   <trkpt lat="51.5156370" lon="-0.0341950">
    <ele>7.8</ele>
    <time>2023-12-10T09:24:29Z</time>
   </trkpt>
   <trkpt lat="51.5155430" lon="-0.0342460">
    <ele>7.8</ele>
    <time>2023-12-10T09:24:30Z</time>
   </trkpt>
   <trkpt lat="51.5154510" lon="-0.0342720">
    <ele>7.8</ele>
    <time>2023-12-10T09:24:31Z</time>
   </trkpt>
   <trkpt lat="51.5153860" lon="-0.0343030">
    <ele>7.9</ele>
    <time>2023-12-10T09:24:32Z</time>
   </trkpt>
   <trkpt lat="51.5153260" lon="-0.0343220">
    <ele>7.9</ele>
    <time>2023-12-10T09:24:33Z</time>
   </trkpt>
   <trkpt lat="51.5152790" lon="-0.0343570">
    <ele>7.9</ele>
    <time>2023-12-10T09:24:34Z</time>
   </trkpt>
   <trkpt lat="51.5152360" lon="-0.0344030">
    <ele>7.9</ele>
    <time>2023-12-10T09:24:35Z</time>
   </trkpt>
   <trkpt lat="51.5152090" lon="-0.0344030">
    <ele>7.9</ele>
    <time>2023-12-10T09:24:36Z</time>
   </trkpt>
   <trkpt lat="51.5151650" lon="-0.0344420">
    <ele>8.0</ele>
    <time>2023-12-10T09:24:37Z</time>
   </trkpt>
   <trkpt lat="51.5151150" lon="-0.0344560">
    <ele>8.2</ele>
    <time>2023-12-10T09:24:38Z</time>
   </trkpt>
   <trkpt lat="51.5150780" lon="-0.0344670">
    <ele>8.4</ele>
    <time>2023-12-10T09:24:39Z</time>
   </trkpt>
   <trkpt lat="51.5150430" lon="-0.0344930">
    <ele>8.5</ele>
    <time>2023-12-10T09:24:40Z</time>
   </trkpt>
   <trkpt lat="51.5150160" lon="-0.0345070">
    <ele>8.7</ele>
    <time>2023-12-10T09:24:41Z</time>
   </trkpt>
   <trkpt lat="51.5149790" lon="-0.0344910">
    <ele>8.8</ele>
    <time>2023-12-10T09:24:42Z</time>
   </trkpt>
   <trkpt lat="51.5149400" lon="-0.0344760">
    <ele>9.1</ele>
    <time>2023-12-10T09:24:43Z</time>
   </trkpt>
   <trkpt lat="51.5149010" lon="-0.0344990">
    <ele>9.3</ele>
    <time>2023-12-10T09:24:44Z</time>
   </trkpt>
   <trkpt lat="51.5148720" lon="-0.0345590">
    <ele>9.3</ele>
    <time>2023-12-10T09:24:45Z</time>
   </trkpt>
   <trkpt lat="51.5148470" lon="-0.0346100">
    <ele>9.4</ele>
    <time>2023-12-10T09:24:46Z</time>
   </trkpt>
   <trkpt lat="51.5148430" lon="-0.0346340">
    <ele>9.4</ele>
    <time>2023-12-10T09:24:47Z</time>
   </trkpt>
   <trkpt lat="51.5148020" lon="-0.0346430">
    <ele>9.5</ele>
    <time>2023-12-10T09:24:48Z</time>
   </trkpt>
   <trkpt lat="51.5147740" lon="-0.0346700">
    <ele>9.5</ele>
    <time>2023-12-10T09:24:49Z</time>
   </trkpt>
   <trkpt lat="51.5147270" lon="-0.0346860">
    <ele>9.6</ele>
    <time>2023-12-10T09:24:50Z</time>
   </trkpt>
   <trkpt lat="51.5146950" lon="-0.0347100">
    <ele>9.6</ele>
    <time>2023-12-10T09:24:51Z</time>
   </trkpt>
   <trkpt lat="51.5146570" lon="-0.0346920">
    <ele>9.6</ele>
    <time>2023-12-10T09:24:52Z</time>
   </trkpt>
   <trkpt lat="51.5146130" lon="-0.0346730">
    <ele>9.7</ele>
    <time>2023-12-10T09:24:53Z</time>
   </trkpt>
   <trkpt lat="51.5145600" lon="-0.0346540">
    <ele>9.7</ele>
    <time>2023-12-10T09:24:54Z</time>
   </trkpt>
   <trkpt lat="51.5145280" lon="-0.0346240">
    <ele>9.7</ele>
    <time>2023-12-10T09:24:55Z</time>
   </trkpt>
   <trkpt lat="51.5145070" lon="-0.0345750">
    <ele>9.7</ele>
    <time>2023-12-10T09:24:56Z</time>
   </trkpt>
   <trkpt lat="51.5144920" lon="-0.0345140">
    <ele>9.7</ele>
    <time>2023-12-10T09:24:57Z</time>
   </trkpt>
   <trkpt lat="51.5144590" lon="-0.0344700">
    <ele>9.7</ele>
    <time>2023-12-10T09:24:58Z</time>
   </trkpt>
   <trkpt lat="51.5144310" lon="-0.0343910">
    <ele>9.7</ele>
    <time>2023-12-10T09:24:59Z</time>
   </trkpt>
   <trkpt lat="51.5144000" lon="-0.0343260">
    <ele>9.7</ele>
    <time>2023-12-10T09:25:01Z</time>
   </trkpt>
   <trkpt lat="51.5144020" lon="-0.0342350">
    <ele>9.8</ele>
    <time>2023-12-10T09:25:02Z</time>
   </trkpt>
   <trkpt lat="51.5143700" lon="-0.0342150">
    <ele>9.8</ele>
    <time>2023-12-10T09:25:03Z</time>
   </trkpt>
   <trkpt lat="51.5143380" lon="-0.0342140">
    <ele>9.8</ele>
    <time>2023-12-10T09:25:04Z</time>
   </trkpt>
   <trkpt lat="51.5142860" lon="-0.0342420">
    <ele>9.9</ele>
    <time>2023-12-10T09:25:05Z</time>
   </trkpt>
   <trkpt lat="51.5142710" lon="-0.0342930">
    <ele>9.9</ele>
    <time>2023-12-10T09:25:06Z</time>
   </trkpt>
   <trkpt lat="51.5142570" lon="-0.0343780">
    <ele>9.8</ele>
    <time>2023-12-10T09:25:07Z</time>
   </trkpt>
   <trkpt lat="51.5142500" lon="-0.0344650">
    <ele>9.8</ele>
    <time>2023-12-10T09:25:08Z</time>
   </trkpt>
   <trkpt lat="51.5142340" lon="-0.0345100">
    <ele>9.8</ele>
    <time>2023-12-10T09:25:09Z</time>
   </trkpt>
   <trkpt lat="51.5142230" lon="-0.0345250">
    <ele>9.8</ele>
    <time>2023-12-10T09:25:10Z</time>
   </trkpt>
   <trkpt lat="51.5142030" lon="-0.0345910">
    <ele>9.8</ele>
    <time>2023-12-10T09:25:11Z</time>
   </trkpt>
   <trkpt lat="51.5141820" lon="-0.0346310">
    <ele>9.8</ele>
    <time>2023-12-10T09:25:12Z</time>
   </trkpt>
   <trkpt lat="51.5141750" lon="-0.0346520">
    <ele>9.8</ele>
    <time>2023-12-10T09:25:13Z</time>
   </trkpt>
   <trkpt lat="51.5141610" lon="-0.0347100">
    <ele>9.8</ele>
    <time>2023-12-10T09:25:14Z</time>
   </trkpt>
   <trkpt lat="51.5141450" lon="-0.0347830">
    <ele>9.9</ele>
    <time>2023-12-10T09:25:15Z</time>
   </trkpt>
   <trkpt lat="51.5141560" lon="-0.0348730">
    <ele>9.9</ele>
    <time>2023-12-10T09:25:16Z</time>
   </trkpt>
   <trkpt lat="51.5141560" lon="-0.0349430">
    <ele>9.9</ele>
    <time>2023-12-10T09:25:17Z</time>
   </trkpt>
   <trkpt lat="51.5141870" lon="-0.0349950">
    <ele>9.9</ele>
    <time>2023-12-10T09:25:18Z</time>
   </trkpt>
   <trkpt lat="51.5142210" lon="-0.0350920">
    <ele>10.0</ele>
    <time>2023-12-10T09:25:19Z</time>
   </trkpt>
   <trkpt lat="51.5142300" lon="-0.0351470">
    <ele>10.0</ele>
    <time>2023-12-10T09:25:20Z</time>
   </trkpt>
   <trkpt lat="51.5142140" lon="-0.0351650">
    <ele>10.0</ele>
    <time>2023-12-10T09:25:21Z</time>
   </trkpt>
   <trkpt lat="51.5142070" lon="-0.0351710">
    <ele>10.0</ele>
    <time>2023-12-10T09:25:22Z</time>
   </trkpt>
   <trkpt lat="51.5142000" lon="-0.0351770">
    <ele>10.0</ele>
    <time>2023-12-10T09:25:23Z</time>
   </trkpt>
   <trkpt lat="51.5141920" lon="-0.0351830">
    <ele>10.0</ele>
    <time>2023-12-10T09:25:24Z</time>
   </trkpt>
   <trkpt lat="51.5141570" lon="-0.0352250">
    <ele>10.0</ele>
    <time>2023-12-10T09:25:25Z</time>
   </trkpt>
   <trkpt lat="51.5141200" lon="-0.0352480">
    <ele>10.0</ele>
    <time>2023-12-10T09:25:26Z</time>
   </trkpt>
   <trkpt lat="51.5141030" lon="-0.0352550">
    <ele>10.0</ele>
    <time>2023-12-10T09:25:27Z</time>
   </trkpt>
   <trkpt lat="51.5140490" lon="-0.0352430">
    <ele>10.0</ele>
    <time>2023-12-10T09:25:28Z</time>
   </trkpt>
   <trkpt lat="51.5139820" lon="-0.0352360">
    <ele>10.1</ele>
    <time>2023-12-10T09:25:29Z</time>
   </trkpt>
   <trkpt lat="51.5139170" lon="-0.0352180">
    <ele>10.1</ele>
    <time>2023-12-10T09:25:30Z</time>
   </trkpt>
   <trkpt lat="51.5138690" lon="-0.0351950">
    <ele>10.1</ele>
    <time>2023-12-10T09:25:31Z</time>
   </trkpt>
   <trkpt lat="51.5138070" lon="-0.0351900">
    <ele>10.2</ele>
    <time>2023-12-10T09:25:32Z</time>
   </trkpt>
   <trkpt lat="51.5137940" lon="-0.0351740">
    <ele>10.2</ele>
    <time>2023-12-10T09:25:33Z</time>
   </trkpt>
   <trkpt lat="51.5137810" lon="-0.0351760">
    <ele>10.2</ele>
    <time>2023-12-10T09:25:34Z</time>
   </trkpt>
   <trkpt lat="51.5137540" lon="-0.0351870">
    <ele>10.2</ele>
    <time>2023-12-10T09:25:35Z</time>
   </trkpt>
   <trkpt lat="51.5137210" lon="-0.0352120">
    <ele>10.3</ele>
    <time>2023-12-10T09:25:36Z</time>
   </trkpt>
   <trkpt lat="51.5137110" lon="-0.0352200">
    <ele>10.3</ele>
    <time>2023-12-10T09:25:37Z</time>
   </trkpt>
   <trkpt lat="51.5136740" lon="-0.0352140">
    <ele>10.3</ele>
    <time>2023-12-10T09:25:38Z</time>
   </trkpt>
   <trkpt lat="51.5136580" lon="-0.0352070">
    <ele>10.3</ele>
    <time>2023-12-10T09:25:39Z</time>
   </trkpt>
   <trkpt lat="51.5136170" lon="-0.0351860">
    <ele>10.3</ele>
    <time>2023-12-10T09:25:40Z</time>
   </trkpt>
   <trkpt lat="51.5135780" lon="-0.0351890">
    <ele>10.3</ele>
    <time>2023-12-10T09:25:41Z</time>
   </trkpt>
   <trkpt lat="51.5135220" lon="-0.0351860">
    <ele>10.3</ele>
    <time>2023-12-10T09:25:42Z</time>
   </trkpt>
   <trkpt lat="51.5134680" lon="-0.0351760">
    <ele>10.3</ele>
    <time>2023-12-10T09:25:43Z</time>
   </trkpt>
   <trkpt lat="51.5134070" lon="-0.0351600">
    <ele>10.3</ele>
    <time>2023-12-10T09:25:44Z</time>
   </trkpt>
   <trkpt lat="51.5133500" lon="-0.0351360">
    <ele>10.3</ele>
    <time>2023-12-10T09:25:45Z</time>
   </trkpt>
   <trkpt lat="51.5132880" lon="-0.0351270">
    <ele>10.3</ele>
    <time>2023-12-10T09:25:46Z</time>
   </trkpt>
   <trkpt lat="51.5132330" lon="-0.0351050">
    <ele>10.3</ele>
    <time>2023-12-10T09:25:47Z</time>
   </trkpt>
   <trkpt lat="51.5131810" lon="-0.0350880">
    <ele>10.3</ele>
    <time>2023-12-10T09:25:48Z</time>
   </trkpt>
   <trkpt lat="51.5131450" lon="-0.0350870">
    <ele>10.3</ele>
    <time>2023-12-10T09:25:49Z</time>
   </trkpt>
   <trkpt lat="51.5131030" lon="-0.0351010">
    <ele>10.2</ele>
    <time>2023-12-10T09:25:50Z</time>
   </trkpt>
   <trkpt lat="51.5130720" lon="-0.0350910">
    <ele>10.2</ele>
    <time>2023-12-10T09:25:51Z</time>
   </trkpt>
   <trkpt lat="51.5130330" lon="-0.0350880">
    <ele>10.2</ele>
    <time>2023-12-10T09:25:52Z</time>
   </trkpt>
   <trkpt lat="51.5129910" lon="-0.0350930">
    <ele>10.2</ele>
    <time>2023-12-10T09:25:53Z</time>
   </trkpt>
   <trkpt lat="51.5129570" lon="-0.0350960">
    <ele>10.2</ele>
    <time>2023-12-10T09:25:54Z</time>
   </trkpt>
   <trkpt lat="51.5129100" lon="-0.0351080">
    <ele>10.1</ele>
    <time>2023-12-10T09:25:55Z</time>
   </trkpt>
   <trkpt lat="51.5128690" lon="-0.0351180">
    <ele>10.0</ele>
    <time>2023-12-10T09:25:56Z</time>
   </trkpt>
   <trkpt lat="51.5128320" lon="-0.0351200">
    <ele>9.9</ele>
    <time>2023-12-10T09:25:57Z</time>
   </trkpt>
   <trkpt lat="51.5127830" lon="-0.0351310">
    <ele>9.7</ele>
    <time>2023-12-10T09:25:58Z</time>
   </trkpt>
   <trkpt lat="51.5127170" lon="-0.0351570">
    <ele>9.5</ele>
    <time>2023-12-10T09:25:59Z</time>
   </trkpt>
   <trkpt lat="51.5126790" lon="-0.0352060">
    <ele>9.5</ele>
    <time>2023-12-10T09:26:00Z</time>
   </trkpt>
   <trkpt lat="51.5126590" lon="-0.0352520">
    <ele>9.5</ele>
    <time>2023-12-10T09:26:01Z</time>
   </trkpt>
   <trkpt lat="51.5126490" lon="-0.0353030">
    <ele>9.5</ele>
    <time>2023-12-10T09:26:02Z</time>
   </trkpt>
   <trkpt lat="51.5126470" lon="-0.0353230">
    <ele>9.5</ele>
    <time>2023-12-10T09:26:03Z</time>
   </trkpt>
   <trkpt lat="51.5126460" lon="-0.0353920">
    <ele>9.5</ele>
    <time>2023-12-10T09:26:04Z</time>
   </trkpt>
   <trkpt lat="51.5126490" lon="-0.0355110">
    <ele>9.5</ele>
    <time>2023-12-10T09:26:05Z</time>
   </trkpt>
   <trkpt lat="51.5126540" lon="-0.0356050">
    <ele>9.5</ele>
    <time>2023-12-10T09:26:06Z</time>
   </trkpt>
   <trkpt lat="51.5126580" lon="-0.0356550">
    <ele>9.5</ele>
    <time>2023-12-10T09:26:07Z</time>
   </trkpt>
   <trkpt lat="51.5126740" lon="-0.0357000">
    <ele>9.5</ele>
    <time>2023-12-10T09:26:08Z</time>
   </trkpt>
   <trkpt lat="51.5127180" lon="-0.0357640">
    <ele>9.5</ele>
    <time>2023-12-10T09:26:09Z</time>
   </trkpt>
   <trkpt lat="51.5127490" lon="-0.0358070">
    <ele>9.5</ele>
    <time>2023-12-10T09:26:10Z</time>
   </trkpt>
   <trkpt lat="51.5127800" lon="-0.0357850">
    <ele>9.5</ele>
    <time>2023-12-10T09:26:11Z</time>
   </trkpt>
   <trkpt lat="51.5127910" lon="-0.0357690">
    <ele>9.5</ele>
    <time>2023-12-10T09:26:12Z</time>
   </trkpt>
   <trkpt lat="51.5128020" lon="-0.0357190">
    <ele>9.5</ele>
    <time>2023-12-10T09:26:13Z</time>
   </trkpt>
   <trkpt lat="51.5128020" lon="-0.0357010">
    <ele>9.5</ele>
    <time>2023-12-10T09:26:14Z</time>
   </trkpt>
   <trkpt lat="51.5128060" lon="-0.0356550">
    <ele>9.5</ele>
    <time>2023-12-10T09:26:15Z</time>
   </trkpt>
   <trkpt lat="51.5127360" lon="-0.0356400">
    <ele>9.5</ele>
    <time>2023-12-10T09:26:16Z</time>
   </trkpt>
   <trkpt lat="51.5126640" lon="-0.0356560">
    <ele>9.4</ele>
    <time>2023-12-10T09:26:17Z</time>
   </trkpt>
   <trkpt lat="51.5125920" lon="-0.0356720">
    <ele>9.4</ele>
    <time>2023-12-10T09:26:18Z</time>
   </trkpt>
   <trkpt lat="51.5125420" lon="-0.0356970">
    <ele>9.4</ele>
    <time>2023-12-10T09:26:19Z</time>
   </trkpt>
   <trkpt lat="51.5124980" lon="-0.0357240">
    <ele>9.4</ele>
    <time>2023-12-10T09:26:20Z</time>
   </trkpt>
   <trkpt lat="51.5124400" lon="-0.0356920">
    <ele>9.2</ele>
    <time>2023-12-10T09:26:21Z</time>
   </trkpt>
   <trkpt lat="51.5124010" lon="-0.0356780">
    <ele>9.1</ele>
    <time>2023-12-10T09:26:22Z</time>
   </trkpt>
   <trkpt lat="51.5123590" lon="-0.0356610">
    <ele>9.0</ele>
    <time>2023-12-10T09:26:23Z</time>
   </trkpt>
   <trkpt lat="51.5123150" lon="-0.0356340">
    <ele>8.8</ele>
    <time>2023-12-10T09:26:24Z</time>
   </trkpt>
   <trkpt lat="51.5122760" lon="-0.0356300">
    <ele>8.6</ele>
    <time>2023-12-10T09:26:25Z</time>
   </trkpt>
   <trkpt lat="51.5122280" lon="-0.0356760">
    <ele>8.4</ele>
    <time>2023-12-10T09:26:26Z</time>
   </trkpt>
   <trkpt lat="51.5121730" lon="-0.0357570">
    <ele>8.1</ele>
    <time>2023-12-10T09:26:27Z</time>
   </trkpt>
   <trkpt lat="51.5120270" lon="-0.0360320">
    <ele>7.2</ele>
    <time>2023-12-10T09:26:28Z</time>
   </trkpt>
   <trkpt lat="51.5120020" lon="-0.0360760">
    <ele>7.0</ele>
    <time>2023-12-10T09:26:29Z</time>
   </trkpt>
   <trkpt lat="51.5120120" lon="-0.0360920">
    <ele>7.0</ele>
    <time>2023-12-10T09:26:30Z</time>
   </trkpt>
   <trkpt lat="51.5120180" lon="-0.0361180">
    <ele>6.9</ele>
    <time>2023-12-10T09:26:31Z</time>
   </trkpt>
   <trkpt lat="51.5120240" lon="-0.0361430">
    <ele>6.8</ele>
    <time>2023-12-10T09:26:32Z</time>
   </trkpt>
   <trkpt lat="51.5120510" lon="-0.0361970">
    <ele>6.7</ele>
    <time>2023-12-10T09:26:33Z</time>
   </trkpt>
   <trkpt lat="51.5120540" lon="-0.0362490">
    <ele>6.5</ele>
    <time>2023-12-10T09:26:34Z</time>
   </trkpt>
   <trkpt lat="51.5120430" lon="-0.0362670">
    <ele>6.5</ele>
    <time>2023-12-10T09:26:35Z</time>
   </trkpt>
   <trkpt lat="51.5120240" lon="-0.0363090">
    <ele>6.3</ele>
    <time>2023-12-10T09:26:36Z</time>
   </trkpt>
   <trkpt lat="51.5120230" lon="-0.0363190">
    <ele>6.3</ele>
    <time>2023-12-10T09:26:37Z</time>
   </trkpt>
   <trkpt lat="51.5120100" lon="-0.0363620">
    <ele>6.1</ele>
    <time>2023-12-10T09:26:38Z</time>
   </trkpt>
   <trkpt lat="51.5120070" lon="-0.0364070">
    <ele>6.1</ele>
    <time>2023-12-10T09:26:39Z</time>
   </trkpt>
   <trkpt lat="51.5120030" lon="-0.0364830">
    <ele>6.1</ele>
    <time>2023-12-10T09:26:40Z</time>
   </trkpt>
   <trkpt lat="51.5120370" lon="-0.0365360">
    <ele>6.1</ele>
    <time>2023-12-10T09:26:41Z</time>
   </trkpt>
   <trkpt lat="51.5120440" lon="-0.0366000">
    <ele>6.1</ele>
    <time>2023-12-10T09:26:42Z</time>
   </trkpt>
   <trkpt lat="51.5120410" lon="-0.0366520">
    <ele>6.1</ele>
    <time>2023-12-10T09:26:43Z</time>
   </trkpt>
   <trkpt lat="51.5120300" lon="-0.0366980">
    <ele>6.0</ele>
    <time>2023-12-10T09:26:44Z</time>
   </trkpt>
   <trkpt lat="51.5120360" lon="-0.0367670">
    <ele>6.0</ele>
    <time>2023-12-10T09:26:45Z</time>
   </trkpt>
   <trkpt lat="51.5120360" lon="-0.0367930">
    <ele>6.0</ele>
    <time>2023-12-10T09:26:46Z</time>
   </trkpt>
   <trkpt lat="51.5120540" lon="-0.0368700">
    <ele>5.9</ele>
    <time>2023-12-10T09:26:47Z</time>
   </trkpt>
   <trkpt lat="51.5120740" lon="-0.0369660">
    <ele>5.7</ele>
    <time>2023-12-10T09:26:48Z</time>
   </trkpt>
   <trkpt lat="51.5120810" lon="-0.0370540">
    <ele>5.6</ele>
    <time>2023-12-10T09:26:49Z</time>
   </trkpt>
   <trkpt lat="51.5120790" lon="-0.0371020">
    <ele>5.6</ele>
    <time>2023-12-10T09:26:50Z</time>
   </trkpt>
   <trkpt lat="51.5120770" lon="-0.0371820">
    <ele>5.5</ele>
    <time>2023-12-10T09:26:51Z</time>
   </trkpt>
   <trkpt lat="51.5120930" lon="-0.0372490">
    <ele>5.4</ele>
    <time>2023-12-10T09:26:52Z</time>
   </trkpt>
   <trkpt lat="51.5121030" lon="-0.0373000">
    <ele>5.4</ele>
    <time>2023-12-10T09:26:53Z</time>
   </trkpt>
   <trkpt lat="51.5121010" lon="-0.0373590">
    <ele>5.4</ele>
    <time>2023-12-10T09:26:54Z</time>
   </trkpt>
   <trkpt lat="51.5121110" lon="-0.0374240">
    <ele>5.4</ele>
    <time>2023-12-10T09:26:55Z</time>
   </trkpt>
   <trkpt lat="51.5121240" lon="-0.0374780">
    <ele>5.4</ele>
    <time>2023-12-10T09:26:56Z</time>
   </trkpt>
   <trkpt lat="51.5121410" lon="-0.0375400">
    <ele>5.4</ele>
    <time>2023-12-10T09:26:57Z</time>
   </trkpt>
   <trkpt lat="51.5121340" lon="-0.0375960">
    <ele>5.5</ele>
    <time>2023-12-10T09:26:58Z</time>
   </trkpt>
   <trkpt lat="51.5121290" lon="-0.0376570">
    <ele>5.5</ele>
    <time>2023-12-10T09:26:59Z</time>
   </trkpt>
   <trkpt lat="51.5121210" lon="-0.0377190">
    <ele>5.4</ele>
    <time>2023-12-10T09:27:00Z</time>
   </trkpt>
   <trkpt lat="51.5120930" lon="-0.0377450">
    <ele>5.4</ele>
    <time>2023-12-10T09:27:01Z</time>
   </trkpt>
   <trkpt lat="51.5120800" lon="-0.0377550">
    <ele>5.4</ele>
    <time>2023-12-10T09:27:02Z</time>
   </trkpt>
   <trkpt lat="51.5120310" lon="-0.0377620">
    <ele>5.3</ele>
    <time>2023-12-10T09:27:03Z</time>
   </trkpt>
   <trkpt lat="51.5119930" lon="-0.0377750">
    <ele>5.3</ele>
    <time>2023-12-10T09:27:04Z</time>
   </trkpt>
   <trkpt lat="51.5119660" lon="-0.0377950">
    <ele>5.3</ele>
    <time>2023-12-10T09:27:05Z</time>
   </trkpt>
   <trkpt lat="51.5119350" lon="-0.0378080">
    <ele>5.2</ele>
    <time>2023-12-10T09:27:06Z</time>
   </trkpt>
   <trkpt lat="51.5119120" lon="-0.0378040">
    <ele>5.2</ele>
    <time>2023-12-10T09:27:07Z</time>
   </trkpt>
   <trkpt lat="51.5118990" lon="-0.0378030">
    <ele>5.2</ele>
    <time>2023-12-10T09:27:08Z</time>
   </trkpt>
   <trkpt lat="51.5118500" lon="-0.0377850">
    <ele>5.2</ele>
    <time>2023-12-10T09:27:09Z</time>
   </trkpt>
   <trkpt lat="51.5118040" lon="-0.0377810">
    <ele>5.1</ele>
    <time>2023-12-10T09:27:10Z</time>
   </trkpt>
   <trkpt lat="51.5117630" lon="-0.0377700">
    <ele>5.1</ele>
    <time>2023-12-10T09:27:11Z</time>
   </trkpt>
   <trkpt lat="51.5117290" lon="-0.0377520">
    <ele>5.0</ele>
    <time>2023-12-10T09:27:12Z</time>
   </trkpt>
   <trkpt lat="51.5116800" lon="-0.0378070">
    <ele>4.8</ele>
    <time>2023-12-10T09:27:13Z</time>
   </trkpt>
   <trkpt lat="51.5116440" lon="-0.0378670">
    <ele>4.7</ele>
    <time>2023-12-10T09:27:14Z</time>
   </trkpt>
   <trkpt lat="51.5116090" lon="-0.0379090">
    <ele>4.6</ele>
    <time>2023-12-10T09:27:15Z</time>
   </trkpt>
   <trkpt lat="51.5115800" lon="-0.0379440">
    <ele>4.5</ele>
    <time>2023-12-10T09:27:16Z</time>
   </trkpt>
   <trkpt lat="51.5115540" lon="-0.0379890">
    <ele>4.5</ele>
    <time>2023-12-10T09:27:17Z</time>
   </trkpt>
   <trkpt lat="51.5115350" lon="-0.0380570">
    <ele>4.4</ele>
    <time>2023-12-10T09:27:18Z</time>
   </trkpt>
   <trkpt lat="51.5115150" lon="-0.0380980">
    <ele>4.4</ele>
    <time>2023-12-10T09:27:19Z</time>
   </trkpt>
   <trkpt lat="51.5114980" lon="-0.0381640">
    <ele>4.4</ele>
    <time>2023-12-10T09:27:20Z</time>
   </trkpt>
   <trkpt lat="51.5114870" lon="-0.0382290">
    <ele>4.4</ele>
    <time>2023-12-10T09:27:21Z</time>
   </trkpt>
   <trkpt lat="51.5114720" lon="-0.0382820">
    <ele>4.4</ele>
    <time>2023-12-10T09:27:22Z</time>
   </trkpt>
   <trkpt lat="51.5114600" lon="-0.0383590">
    <ele>4.5</ele>
    <time>2023-12-10T09:27:23Z</time>
   </trkpt>
   <trkpt lat="51.5114540" lon="-0.0384200">
    <ele>4.6</ele>
    <time>2023-12-10T09:27:24Z</time>
   </trkpt>
   <trkpt lat="51.5114390" lon="-0.0384780">
    <ele>4.7</ele>
    <time>2023-12-10T09:27:25Z</time>
   </trkpt>
   <trkpt lat="51.5114190" lon="-0.0385180">
    <ele>4.8</ele>
    <time>2023-12-10T09:27:26Z</time>
   </trkpt>
   <trkpt lat="51.5113900" lon="-0.0385200">
    <ele>4.9</ele>
    <time>2023-12-10T09:27:27Z</time>
   </trkpt>
   <trkpt lat="51.5113580" lon="-0.0385490">
    <ele>5.1</ele>
    <time>2023-12-10T09:27:28Z</time>
   </trkpt>
   <trkpt lat="51.5113310" lon="-0.0385720">
    <ele>5.2</ele>
    <time>2023-12-10T09:27:29Z</time>
   </trkpt>
   <trkpt lat="51.5112920" lon="-0.0385700">
    <ele>5.4</ele>
    <time>2023-12-10T09:27:30Z</time>
   </trkpt>
   <trkpt lat="51.5112640" lon="-0.0385760">
    <ele>5.5</ele>
    <time>2023-12-10T09:27:31Z</time>
   </trkpt>
   <trkpt lat="51.5112250" lon="-0.0385660">
    <ele>5.6</ele>
    <time>2023-12-10T09:27:32Z</time>
   </trkpt>
   <trkpt lat="51.5111970" lon="-0.0385960">
    <ele>5.7</ele>
    <time>2023-12-10T09:27:33Z</time>
   </trkpt>
   <trkpt lat="51.5111980" lon="-0.0386600">
    <ele>5.7</ele>
    <time>2023-12-10T09:27:34Z</time>
   </trkpt>
   <trkpt lat="51.5111970" lon="-0.0387040">
    <ele>5.8</ele>
    <time>2023-12-10T09:27:35Z</time>
   </trkpt>
   <trkpt lat="51.5112020" lon="-0.0387790">
    <ele>5.7</ele>
    <time>2023-12-10T09:27:36Z</time>
   </trkpt>
   <trkpt lat="51.5112090" lon="-0.0388530">
    <ele>5.7</ele>
    <time>2023-12-10T09:27:37Z</time>
   </trkpt>
   <trkpt lat="51.5111950" lon="-0.0389200">
    <ele>5.8</ele>
    <time>2023-12-10T09:27:38Z</time>
   </trkpt>
   <trkpt lat="51.5111860" lon="-0.0389650">
    <ele>5.8</ele>
    <time>2023-12-10T09:27:39Z</time>
   </trkpt>
   <trkpt lat="51.5111770" lon="-0.0390270">
    <ele>5.9</ele>
    <time>2023-12-10T09:27:40Z</time>
   </trkpt>
   <trkpt lat="51.5111770" lon="-0.0390740">
    <ele>6.0</ele>
    <time>2023-12-10T09:27:41Z</time>
   </trkpt>
   <trkpt lat="51.5111740" lon="-0.0391260">
    <ele>6.1</ele>
    <time>2023-12-10T09:27:42Z</time>
   </trkpt>
   <trkpt lat="51.5111760" lon="-0.0391440">
    <ele>6.1</ele>
    <time>2023-12-10T09:27:43Z</time>
   </trkpt>
   <trkpt lat="51.5112050" lon="-0.0391540">
    <ele>6.2</ele>
    <time>2023-12-10T09:27:44Z</time>
   </trkpt>
   <trkpt lat="51.5112090" lon="-0.0391740">
    <ele>6.2</ele>
    <time>2023-12-10T09:27:45Z</time>
   </trkpt>
   <trkpt lat="51.5111810" lon="-0.0392030">
    <ele>6.2</ele>
    <time>2023-12-10T09:27:46Z</time>
   </trkpt>
   <trkpt lat="51.5111670" lon="-0.0392100">
    <ele>6.2</ele>
    <time>2023-12-10T09:27:47Z</time>
   </trkpt>
   <trkpt lat="51.5111090" lon="-0.0392100">
    <ele>6.2</ele>
    <time>2023-12-10T09:27:48Z</time>
   </trkpt>
   <trkpt lat="51.5110390" lon="-0.0391640">
    <ele>6.3</ele>
    <time>2023-12-10T09:27:49Z</time>
   </trkpt>
   <trkpt lat="51.5109620" lon="-0.0391890">
    <ele>6.4</ele>
    <time>2023-12-10T09:27:50Z</time>
   </trkpt>
   <trkpt lat="51.5109110" lon="-0.0392150">
    <ele>6.5</ele>
    <time>2023-12-10T09:27:51Z</time>
   </trkpt>
   <trkpt lat="51.5108730" lon="-0.0392490">
    <ele>6.6</ele>
    <time>2023-12-10T09:27:52Z</time>
   </trkpt>
   <trkpt lat="51.5108520" lon="-0.0392850">
    <ele>6.6</ele>
    <time>2023-12-10T09:27:53Z</time>
   </trkpt>
   <trkpt lat="51.5108240" lon="-0.0393470">
    <ele>6.8</ele>
    <time>2023-12-10T09:27:54Z</time>
   </trkpt>
   <trkpt lat="51.5108210" lon="-0.0393910">
    <ele>6.8</ele>
    <time>2023-12-10T09:27:55Z</time>
   </trkpt>
   <trkpt lat="51.5108080" lon="-0.0394340">
    <ele>6.9</ele>
    <time>2023-12-10T09:27:56Z</time>
   </trkpt>
   <trkpt lat="51.5107700" lon="-0.0394500">
    <ele>7.0</ele>
    <time>2023-12-10T09:27:57Z</time>
   </trkpt>
   <trkpt lat="51.5107320" lon="-0.0394950">
    <ele>7.1</ele>
    <time>2023-12-10T09:27:58Z</time>
   </trkpt>
   <trkpt lat="51.5107040" lon="-0.0395280">
    <ele>7.2</ele>
    <time>2023-12-10T09:27:59Z</time>
   </trkpt>
   <trkpt lat="51.5107150" lon="-0.0395500">
    <ele>7.3</ele>
    <time>2023-12-10T09:28:00Z</time>
   </trkpt>
   <trkpt lat="51.5107460" lon="-0.0395580">
    <ele>7.5</ele>
    <time>2023-12-10T09:28:01Z</time>
   </trkpt>
   <trkpt lat="51.5107760" lon="-0.0395670">
    <ele>7.7</ele>
    <time>2023-12-10T09:28:02Z</time>
   </trkpt>
   <trkpt lat="51.5108400" lon="-0.0395780">
    <ele>8.1</ele>
    <time>2023-12-10T09:28:03Z</time>
   </trkpt>
   <trkpt lat="51.5108840" lon="-0.0396190">
    <ele>8.4</ele>
    <time>2023-12-10T09:28:04Z</time>
   </trkpt>
   <trkpt lat="51.5109020" lon="-0.0396850">
    <ele>8.7</ele>
    <time>2023-12-10T09:28:05Z</time>
   </trkpt>
   <trkpt lat="51.5108970" lon="-0.0397420">
    <ele>8.9</ele>
    <time>2023-12-10T09:28:06Z</time>
   </trkpt>
   <trkpt lat="51.5109170" lon="-0.0397910">
    <ele>9.0</ele>
    <time>2023-12-10T09:28:07Z</time>
   </trkpt>
   <trkpt lat="51.5109260" lon="-0.0398610">
    <ele>9.2</ele>
    <time>2023-12-10T09:28:08Z</time>
   </trkpt>
   <trkpt lat="51.5109370" lon="-0.0399230">
    <ele>9.3</ele>
    <time>2023-12-10T09:28:09Z</time>
   </trkpt>
   <trkpt lat="51.5109670" lon="-0.0399660">
    <ele>9.4</ele>
    <time>2023-12-10T09:28:10Z</time>
   </trkpt>
   <trkpt lat="51.5110070" lon="-0.0399980">
    <ele>9.4</ele>
    <time>2023-12-10T09:28:11Z</time>
   </trkpt>
   <trkpt lat="51.5110420" lon="-0.0400140">
    <ele>9.4</ele>
    <time>2023-12-10T09:28:12Z</time>
   </trkpt>
   <trkpt lat="51.5110790" lon="-0.0400580">
    <ele>9.5</ele>
    <time>2023-12-10T09:28:13Z</time>
   </trkpt>
   <trkpt lat="51.5111110" lon="-0.0400790">
    <ele>9.5</ele>
    <time>2023-12-10T09:28:14Z</time>
   </trkpt>
   <trkpt lat="51.5111440" lon="-0.0401170">
    <ele>9.5</ele>
    <time>2023-12-10T09:28:15Z</time>
   </trkpt>
   <trkpt lat="51.5111720" lon="-0.0401550">
    <ele>9.5</ele>
    <time>2023-12-10T09:28:16Z</time>
   </trkpt>
   <trkpt lat="51.5112040" lon="-0.0401900">
    <ele>9.5</ele>
    <time>2023-12-10T09:28:17Z</time>
   </trkpt>
   <trkpt lat="51.5112190" lon="-0.0402470">
    <ele>9.4</ele>
    <time>2023-12-10T09:28:18Z</time>
   </trkpt>
   <trkpt lat="51.5112180" lon="-0.0402990">
    <ele>9.4</ele>
    <time>2023-12-10T09:28:19Z</time>
   </trkpt>
   <trkpt lat="51.5112240" lon="-0.0403710">
    <ele>9.2</ele>
    <time>2023-12-10T09:28:20Z</time>
   </trkpt>
   <trkpt lat="51.5112450" lon="-0.0404330">
    <ele>9.1</ele>
    <time>2023-12-10T09:28:21Z</time>
   </trkpt>
   <trkpt lat="51.5112380" lon="-0.0405020">
    <ele>9.0</ele>
    <time>2023-12-10T09:28:22Z</time>
   </trkpt>
   <trkpt lat="51.5112570" lon="-0.0405540">
    <ele>8.9</ele>
    <time>2023-12-10T09:28:23Z</time>
   </trkpt>
   <trkpt lat="51.5112780" lon="-0.0406090">
    <ele>8.8</ele>
    <time>2023-12-10T09:28:24Z</time>
   </trkpt>
   <trkpt lat="51.5112890" lon="-0.0406830">
    <ele>8.7</ele>
    <time>2023-12-10T09:28:25Z</time>
   </trkpt>
   <trkpt lat="51.5112920" lon="-0.0407370">
    <ele>8.7</ele>
    <time>2023-12-10T09:28:26Z</time>
   </trkpt>
   <trkpt lat="51.5112660" lon="-0.0407870">
    <ele>8.6</ele>
    <time>2023-12-10T09:28:27Z</time>
   </trkpt>
   <trkpt lat="51.5112640" lon="-0.0408340">
    <ele>8.6</ele>
    <time>2023-12-10T09:28:28Z</time>
   </trkpt>
   <trkpt lat="51.5112410" lon="-0.0409080">
    <ele>8.5</ele>
    <time>2023-12-10T09:28:29Z</time>
   </trkpt>
   <trkpt lat="51.5112290" lon="-0.0409710">
    <ele>8.4</ele>
    <time>2023-12-10T09:28:30Z</time>
   </trkpt>
   <trkpt lat="51.5112150" lon="-0.0410380">
    <ele>8.3</ele>
    <time>2023-12-10T09:28:31Z</time>
   </trkpt>
   <trkpt lat="51.5112160" lon="-0.0410960">
    <ele>8.3</ele>
    <time>2023-12-10T09:28:32Z</time>
   </trkpt>
   <trkpt lat="51.5112120" lon="-0.0411450">
    <ele>8.2</ele>
    <time>2023-12-10T09:28:33Z</time>
   </trkpt>
   <trkpt lat="51.5111920" lon="-0.0411960">
    <ele>8.2</ele>
    <time>2023-12-10T09:28:34Z</time>
   </trkpt>
   <trkpt lat="51.5111690" lon="-0.0412350">
    <ele>8.2</ele>
    <time>2023-12-10T09:28:35Z</time>
   </trkpt>
   <trkpt lat="51.5111550" lon="-0.0412870">
    <ele>8.1</ele>
    <time>2023-12-10T09:28:36Z</time>
   </trkpt>
   <trkpt lat="51.5111410" lon="-0.0413430">
    <ele>8.1</ele>
    <time>2023-12-10T09:28:37Z</time>
   </trkpt>
   <trkpt lat="51.5111280" lon="-0.0413840">
    <ele>8.1</ele>
    <time>2023-12-10T09:28:38Z</time>
   </trkpt>
   <trkpt lat="51.5111060" lon="-0.0414380">
    <ele>8.1</ele>
    <time>2023-12-10T09:28:39Z</time>
   </trkpt>
   <trkpt lat="51.5110940" lon="-0.0415070">
    <ele>8.1</ele>
    <time>2023-12-10T09:28:40Z</time>
   </trkpt>
   <trkpt lat="51.5111090" lon="-0.0415720">
    <ele>8.1</ele>
    <time>2023-12-10T09:28:41Z</time>
   </trkpt>
   <trkpt lat="51.5111190" lon="-0.0416280">
    <ele>8.1</ele>
    <time>2023-12-10T09:28:42Z</time>
   </trkpt>
   <trkpt lat="51.5111220" lon="-0.0416880">
    <ele>8.1</ele>
    <time>2023-12-10T09:28:43Z</time>
   </trkpt>
   <trkpt lat="51.5111320" lon="-0.0417550">
    <ele>8.1</ele>
    <time>2023-12-10T09:28:44Z</time>
   </trkpt>
   <trkpt lat="51.5111430" lon="-0.0418110">
    <ele>8.1</ele>
    <time>2023-12-10T09:28:45Z</time>
   </trkpt>
   <trkpt lat="51.5111490" lon="-0.0418700">
    <ele>8.2</ele>
    <time>2023-12-10T09:28:46Z</time>
   </trkpt>
   <trkpt lat="51.5111760" lon="-0.0419260">
    <ele>8.3</ele>
    <time>2023-12-10T09:28:47Z</time>
   </trkpt>
   <trkpt lat="51.5111940" lon="-0.0419460">
    <ele>8.3</ele>
    <time>2023-12-10T09:28:48Z</time>
   </trkpt>
   <trkpt lat="51.5112150" lon="-0.0419860">
    <ele>8.3</ele>
    <time>2023-12-10T09:28:49Z</time>
   </trkpt>
   <trkpt lat="51.5112260" lon="-0.0419970">
    <ele>8.3</ele>
    <time>2023-12-10T09:28:50Z</time>
   </trkpt>
   <trkpt lat="51.5112480" lon="-0.0420510">
    <ele>8.3</ele>
    <time>2023-12-10T09:28:51Z</time>
   </trkpt>
   <trkpt lat="51.5112510" lon="-0.0421200">
    <ele>8.3</ele>
    <time>2023-12-10T09:28:52Z</time>
   </trkpt>
   <trkpt lat="51.5112520" lon="-0.0421920">
    <ele>8.3</ele>
    <time>2023-12-10T09:28:53Z</time>
   </trkpt>
   <trkpt lat="51.5112740" lon="-0.0422630">
    <ele>8.3</ele>
    <time>2023-12-10T09:28:54Z</time>
   </trkpt>
   <trkpt lat="51.5113010" lon="-0.0423160">
    <ele>8.4</ele>
    <time>2023-12-10T09:28:55Z</time>
   </trkpt>
   <trkpt lat="51.5113370" lon="-0.0423620">
    <ele>8.4</ele>
    <time>2023-12-10T09:28:56Z</time>
   </trkpt>
   <trkpt lat="51.5113610" lon="-0.0423940">
    <ele>8.5</ele>
    <time>2023-12-10T09:28:57Z</time>
   </trkpt>
   <trkpt lat="51.5113980" lon="-0.0424350">
    <ele>8.5</ele>
    <time>2023-12-10T09:28:58Z</time>
   </trkpt>
   <trkpt lat="51.5114340" lon="-0.0424670">
    <ele>8.5</ele>
    <time>2023-12-10T09:28:59Z</time>
   </trkpt>
   <trkpt lat="51.5114700" lon="-0.0425030">
    <ele>8.5</ele>
    <time>2023-12-10T09:29:00Z</time>
   </trkpt>
   <trkpt lat="51.5115130" lon="-0.0425340">
    <ele>8.6</ele>
    <time>2023-12-10T09:29:01Z</time>
   </trkpt>
   <trkpt lat="51.5115410" lon="-0.0425670">
    <ele>8.7</ele>
    <time>2023-12-10T09:29:02Z</time>
   </trkpt>
   <trkpt lat="51.5115600" lon="-0.0426060">
    <ele>8.7</ele>
    <time>2023-12-10T09:29:03Z</time>
   </trkpt>
   <trkpt lat="51.5115940" lon="-0.0427370">
    <ele>8.8</ele>
    <time>2023-12-10T09:29:04Z</time>
   </trkpt>
   <trkpt lat="51.5115880" lon="-0.0427960">
    <ele>8.9</ele>
    <time>2023-12-10T09:29:05Z</time>
   </trkpt>
   <trkpt lat="51.5115850" lon="-0.0428600">
    <ele>8.9</ele>
    <time>2023-12-10T09:29:06Z</time>
   </trkpt>
   <trkpt lat="51.5115920" lon="-0.0429300">
    <ele>9.0</ele>
    <time>2023-12-10T09:29:07Z</time>
   </trkpt>
   <trkpt lat="51.5115920" lon="-0.0429600">
    <ele>9.0</ele>
    <time>2023-12-10T09:29:08Z</time>
   </trkpt>
   <trkpt lat="51.5115840" lon="-0.0430200">
    <ele>9.0</ele>
    <time>2023-12-10T09:29:10Z</time>
   </trkpt>
   <trkpt lat="51.5115840" lon="-0.0430390">
    <ele>9.1</ele>
    <time>2023-12-10T09:29:11Z</time>
   </trkpt>
   <trkpt lat="51.5115760" lon="-0.0430960">
    <ele>9.1</ele>
    <time>2023-12-10T09:29:12Z</time>
   </trkpt>
   <trkpt lat="51.5115680" lon="-0.0431450">
    <ele>9.1</ele>
    <time>2023-12-10T09:29:13Z</time>
   </trkpt>
   <trkpt lat="51.5115610" lon="-0.0432090">
    <ele>9.2</ele>
    <time>2023-12-10T09:29:14Z</time>
   </trkpt>
   <trkpt lat="51.5115680" lon="-0.0432760">
    <ele>9.2</ele>
    <time>2023-12-10T09:29:15Z</time>
   </trkpt>
   <trkpt lat="51.5115620" lon="-0.0433560">
    <ele>9.3</ele>
    <time>2023-12-10T09:29:16Z</time>
   </trkpt>
   <trkpt lat="51.5115570" lon="-0.0434130">
    <ele>9.3</ele>
    <time>2023-12-10T09:29:17Z</time>
   </trkpt>
   <trkpt lat="51.5115580" lon="-0.0434730">
    <ele>9.4</ele>
    <time>2023-12-10T09:29:18Z</time>
   </trkpt>
   <trkpt lat="51.5115420" lon="-0.0435310">
    <ele>9.4</ele>
    <time>2023-12-10T09:29:19Z</time>
   </trkpt>
   <trkpt lat="51.5115390" lon="-0.0435840">
    <ele>9.5</ele>
    <time>2023-12-10T09:29:20Z</time>
   </trkpt>
   <trkpt lat="51.5115420" lon="-0.0436380">
    <ele>9.5</ele>
    <time>2023-12-10T09:29:21Z</time>
   </trkpt>
   <trkpt lat="51.5115500" lon="-0.0437130">
    <ele>9.6</ele>
    <time>2023-12-10T09:29:22Z</time>
   </trkpt>
   <trkpt lat="51.5115400" lon="-0.0437760">
    <ele>9.6</ele>
    <time>2023-12-10T09:29:23Z</time>
   </trkpt>
   <trkpt lat="51.5115350" lon="-0.0438240">
    <ele>9.7</ele>
    <time>2023-12-10T09:29:24Z</time>
   </trkpt>
   <trkpt lat="51.5115410" lon="-0.0438860">
    <ele>9.7</ele>
    <time>2023-12-10T09:29:25Z</time>
   </trkpt>
   <trkpt lat="51.5115400" lon="-0.0439500">
    <ele>9.8</ele>
    <time>2023-12-10T09:29:26Z</time>
   </trkpt>
   <trkpt lat="51.5115410" lon="-0.0440010">
    <ele>9.8</ele>
    <time>2023-12-10T09:29:27Z</time>
   </trkpt>
   <trkpt lat="51.5115290" lon="-0.0440680">
    <ele>9.9</ele>
    <time>2023-12-10T09:29:28Z</time>
   </trkpt>
   <trkpt lat="51.5115160" lon="-0.0441100">
    <ele>9.9</ele>
    <time>2023-12-10T09:29:29Z</time>
   </trkpt>
   <trkpt lat="51.5115030" lon="-0.0441830">
    <ele>10.0</ele>
    <time>2023-12-10T09:29:30Z</time>
   </trkpt>
   <trkpt lat="51.5115020" lon="-0.0442340">
    <ele>10.0</ele>
    <time>2023-12-10T09:29:31Z</time>
   </trkpt>
   <trkpt lat="51.5115080" lon="-0.0442900">
    <ele>10.1</ele>
    <time>2023-12-10T09:29:32Z</time>
   </trkpt>
   <trkpt lat="51.5115110" lon="-0.0443630">
    <ele>10.1</ele>
    <time>2023-12-10T09:29:33Z</time>
   </trkpt>
   <trkpt lat="51.5115180" lon="-0.0444290">
    <ele>10.2</ele>
    <time>2023-12-10T09:29:34Z</time>
   </trkpt>
   <trkpt lat="51.5115250" lon="-0.0444950">
    <ele>10.3</ele>
    <time>2023-12-10T09:29:35Z</time>
   </trkpt>
   <trkpt lat="51.5115140" lon="-0.0445550">
    <ele>10.3</ele>
    <time>2023-12-10T09:29:36Z</time>
   </trkpt>
   <trkpt lat="51.5115230" lon="-0.0446070">
    <ele>10.4</ele>
    <time>2023-12-10T09:29:37Z</time>
   </trkpt>
   <trkpt lat="51.5115060" lon="-0.0446770">
    <ele>10.4</ele>
    <time>2023-12-10T09:29:38Z</time>
   </trkpt>
   <trkpt lat="51.5115090" lon="-0.0447280">
    <ele>10.5</ele>
    <time>2023-12-10T09:29:39Z</time>
   </trkpt>
   <trkpt lat="51.5115100" lon="-0.0447890">
    <ele>10.5</ele>
    <time>2023-12-10T09:29:40Z</time>
   </trkpt>
   <trkpt lat="51.5115020" lon="-0.0449210">
    <ele>10.6</ele>
    <time>2023-12-10T09:29:41Z</time>
   </trkpt>
   <trkpt lat="51.5114920" lon="-0.0449880">
    <ele>10.7</ele>
    <time>2023-12-10T09:29:42Z</time>
   </trkpt>
   <trkpt lat="51.5114920" lon="-0.0450150">
    <ele>10.7</ele>
    <time>2023-12-10T09:29:43Z</time>
   </trkpt>
   <trkpt lat="51.5115050" lon="-0.0450770">
    <ele>10.8</ele>
    <time>2023-12-10T09:29:44Z</time>
   </trkpt>
   <trkpt lat="51.5115130" lon="-0.0451250">
    <ele>10.8</ele>
    <time>2023-12-10T09:29:45Z</time>
   </trkpt>
   <trkpt lat="51.5115270" lon="-0.0451740">
    <ele>10.8</ele>
    <time>2023-12-10T09:29:46Z</time>
   </trkpt>
   <trkpt lat="51.5115350" lon="-0.0451810">
    <ele>10.8</ele>
    <time>2023-12-10T09:29:47Z</time>
   </trkpt>
   <trkpt lat="51.5115240" lon="-0.0452330">
    <ele>10.9</ele>
    <time>2023-12-10T09:29:48Z</time>
   </trkpt>
   <trkpt lat="51.5115120" lon="-0.0452800">
    <ele>10.9</ele>
    <time>2023-12-10T09:29:49Z</time>
   </trkpt>
   <trkpt lat="51.5115100" lon="-0.0453270">
    <ele>10.9</ele>
    <time>2023-12-10T09:29:50Z</time>
   </trkpt>
   <trkpt lat="51.5115180" lon="-0.0454070">
    <ele>11.0</ele>
    <time>2023-12-10T09:29:51Z</time>
   </trkpt>
   <trkpt lat="51.5115080" lon="-0.0454710">
    <ele>11.0</ele>
    <time>2023-12-10T09:29:52Z</time>
   </trkpt>
   <trkpt lat="51.5114990" lon="-0.0455150">
    <ele>11.0</ele>
    <time>2023-12-10T09:29:53Z</time>
   </trkpt>
   <trkpt lat="51.5114870" lon="-0.0455710">
    <ele>11.1</ele>
    <time>2023-12-10T09:29:54Z</time>
   </trkpt>
   <trkpt lat="51.5114980" lon="-0.0456390">
    <ele>11.1</ele>
    <time>2023-12-10T09:29:55Z</time>
   </trkpt>
   <trkpt lat="51.5115180" lon="-0.0456860">
    <ele>11.1</ele>
    <time>2023-12-10T09:29:56Z</time>
   </trkpt>
   <trkpt lat="51.5115250" lon="-0.0457360">
    <ele>11.2</ele>
    <time>2023-12-10T09:29:57Z</time>
   </trkpt>
   <trkpt lat="51.5115190" lon="-0.0457960">
    <ele>11.2</ele>
    <time>2023-12-10T09:29:58Z</time>
   </trkpt>
   <trkpt lat="51.5115320" lon="-0.0458590">
    <ele>11.2</ele>
    <time>2023-12-10T09:29:59Z</time>
   </trkpt>
   <trkpt lat="51.5115180" lon="-0.0459120">
    <ele>11.3</ele>
    <time>2023-12-10T09:30:00Z</time>
   </trkpt>
   <trkpt lat="51.5115170" lon="-0.0459730">
    <ele>11.3</ele>
    <time>2023-12-10T09:30:01Z</time>
   </trkpt>
   <trkpt lat="51.5115190" lon="-0.0460490">
    <ele>11.3</ele>
    <time>2023-12-10T09:30:02Z</time>
   </trkpt>
   <trkpt lat="51.5115160" lon="-0.0461170">
    <ele>11.4</ele>
    <time>2023-12-10T09:30:03Z</time>
   </trkpt>
   <trkpt lat="51.5115190" lon="-0.0461780">
    <ele>11.4</ele>
    <time>2023-12-10T09:30:04Z</time>
   </trkpt>
   <trkpt lat="51.5115210" lon="-0.0462360">
    <ele>11.5</ele>
    <time>2023-12-10T09:30:05Z</time>
   </trkpt>
   <trkpt lat="51.5115120" lon="-0.0462840">
    <ele>11.5</ele>
    <time>2023-12-10T09:30:06Z</time>
   </trkpt>
   <trkpt lat="51.5114940" lon="-0.0463290">
    <ele>11.5</ele>
    <time>2023-12-10T09:30:07Z</time>
   </trkpt>
   <trkpt lat="51.5114980" lon="-0.0463970">
    <ele>11.6</ele>
    <time>2023-12-10T09:30:08Z</time>
   </trkpt>
   <trkpt lat="51.5115070" lon="-0.0464590">
    <ele>11.6</ele>
    <time>2023-12-10T09:30:09Z</time>
   </trkpt>
   <trkpt lat="51.5115100" lon="-0.0465080">
    <ele>11.6</ele>
    <time>2023-12-10T09:30:10Z</time>
   </trkpt>
   <trkpt lat="51.5115050" lon="-0.0465520">
    <ele>11.7</ele>
    <time>2023-12-10T09:30:11Z</time>
   </trkpt>
   <trkpt lat="51.5115040" lon="-0.0466020">
    <ele>11.7</ele>
    <time>2023-12-10T09:30:12Z</time>
   </trkpt>
   <trkpt lat="51.5115030" lon="-0.0466170">
    <ele>11.7</ele>
    <time>2023-12-10T09:30:13Z</time>
   </trkpt>
   <trkpt lat="51.5114770" lon="-0.0466600">
    <ele>11.7</ele>
    <time>2023-12-10T09:30:14Z</time>
   </trkpt>
   <trkpt lat="51.5114630" lon="-0.0466730">
    <ele>11.8</ele>
    <time>2023-12-10T09:30:15Z</time>
   </trkpt>
   <trkpt lat="51.5114510" lon="-0.0466750">
    <ele>11.8</ele>
    <time>2023-12-10T09:30:16Z</time>
   </trkpt>
   <trkpt lat="51.5114560" lon="-0.0466890">
    <ele>11.8</ele>
    <time>2023-12-10T09:30:17Z</time>
   </trkpt>
   <trkpt lat="51.5114590" lon="-0.0467040">
    <ele>11.8</ele>
    <time>2023-12-10T09:30:18Z</time>
   </trkpt>
   <trkpt lat="51.5114570" lon="-0.0467260">
    <ele>11.8</ele>
    <time>2023-12-10T09:30:19Z</time>
   </trkpt>
   <trkpt lat="51.5114530" lon="-0.0467790">
    <ele>11.8</ele>
    <time>2023-12-10T09:30:20Z</time>
   </trkpt>
   <trkpt lat="51.5114520" lon="-0.0467940">
    <ele>11.8</ele>
    <time>2023-12-10T09:30:21Z</time>
   </trkpt>
   <trkpt lat="51.5114530" lon="-0.0468460">
    <ele>11.8</ele>
    <time>2023-12-10T09:30:22Z</time>
   </trkpt>
   <trkpt lat="51.5114480" lon="-0.0468250">
    <ele>11.8</ele>
    <time>2023-12-10T09:30:23Z</time>
   </trkpt>
   <trkpt lat="51.5114420" lon="-0.0468770">
    <ele>11.8</ele>
    <time>2023-12-10T09:30:24Z</time>
   </trkpt>
   <trkpt lat="51.5114320" lon="-0.0468740">
    <ele>11.8</ele>
    <time>2023-12-10T09:30:25Z</time>
   </trkpt>
   <trkpt lat="51.5114190" lon="-0.0469310">
    <ele>11.8</ele>
    <time>2023-12-10T09:30:26Z</time>
   </trkpt>
   <trkpt lat="51.5113900" lon="-0.0469550">
    <ele>11.8</ele>
    <time>2023-12-10T09:30:27Z</time>
   </trkpt>
   <trkpt lat="51.5113780" lon="-0.0469830">
    <ele>11.8</ele>
    <time>2023-12-10T09:30:28Z</time>
   </trkpt>
   <trkpt lat="51.5113860" lon="-0.0470520">
    <ele>11.8</ele>
    <time>2023-12-10T09:30:29Z</time>
   </trkpt>
   <trkpt lat="51.5113840" lon="-0.0470800">
    <ele>11.8</ele>
    <time>2023-12-10T09:30:30Z</time>
   </trkpt>
   <trkpt lat="51.5113750" lon="-0.0471550">
    <ele>11.8</ele>
    <time>2023-12-10T09:30:31Z</time>
   </trkpt>
   <trkpt lat="51.5113720" lon="-0.0472400">
    <ele>11.8</ele>
    <time>2023-12-10T09:30:32Z</time>
   </trkpt>
   <trkpt lat="51.5113670" lon="-0.0473340">
    <ele>11.8</ele>
    <time>2023-12-10T09:30:33Z</time>
   </trkpt>
   <trkpt lat="51.5113690" lon="-0.0474360">
    <ele>11.9</ele>
    <time>2023-12-10T09:30:34Z</time>
   </trkpt>
   <trkpt lat="51.5113590" lon="-0.0475000">
    <ele>11.9</ele>
    <time>2023-12-10T09:30:35Z</time>
   </trkpt>
   <trkpt lat="51.5113560" lon="-0.0475780">
    <ele>11.9</ele>
    <time>2023-12-10T09:30:36Z</time>
   </trkpt>
   <trkpt lat="51.5113530" lon="-0.0476490">
    <ele>11.9</ele>
    <time>2023-12-10T09:30:37Z</time>
   </trkpt>
   <trkpt lat="51.5113460" lon="-0.0477250">
    <ele>11.9</ele>
    <time>2023-12-10T09:30:38Z</time>
   </trkpt>
   <trkpt lat="51.5113310" lon="-0.0477950">
    <ele>11.9</ele>
    <time>2023-12-10T09:30:39Z</time>
   </trkpt>
   <trkpt lat="51.5113260" lon="-0.0478590">
    <ele>11.9</ele>
    <time>2023-12-10T09:30:40Z</time>
   </trkpt>
   <trkpt lat="51.5113300" lon="-0.0479400">
    <ele>12.0</ele>
    <time>2023-12-10T09:30:41Z</time>
   </trkpt>
   <trkpt lat="51.5113290" lon="-0.0480290">
    <ele>12.0</ele>
    <time>2023-12-10T09:30:42Z</time>
   </trkpt>
   <trkpt lat="51.5113280" lon="-0.0481180">
    <ele>12.0</ele>
    <time>2023-12-10T09:30:43Z</time>
   </trkpt>
   <trkpt lat="51.5113260" lon="-0.0481820">
    <ele>12.0</ele>
    <time>2023-12-10T09:30:44Z</time>
   </trkpt>
   <trkpt lat="51.5113280" lon="-0.0482540">
    <ele>12.0</ele>
    <time>2023-12-10T09:30:45Z</time>
   </trkpt>
   <trkpt lat="51.5113300" lon="-0.0483140">
    <ele>11.9</ele>
    <time>2023-12-10T09:30:46Z</time>
   </trkpt>
   <trkpt lat="51.5113240" lon="-0.0483770">
    <ele>11.9</ele>
    <time>2023-12-10T09:30:47Z</time>
   </trkpt>
   <trkpt lat="51.5113250" lon="-0.0484750">
    <ele>11.9</ele>
    <time>2023-12-10T09:30:48Z</time>
   </trkpt>
   <trkpt lat="51.5113160" lon="-0.0485240">
    <ele>11.9</ele>
    <time>2023-12-10T09:30:49Z</time>
   </trkpt>
   <trkpt lat="51.5112960" lon="-0.0485770">
    <ele>11.8</ele>
    <time>2023-12-10T09:30:50Z</time>
   </trkpt>
   <trkpt lat="51.5112880" lon="-0.0486310">
    <ele>11.8</ele>
    <time>2023-12-10T09:30:51Z</time>
   </trkpt>
   <trkpt lat="51.5112870" lon="-0.0486930">
    <ele>11.7</ele>
    <time>2023-12-10T09:30:52Z</time>
   </trkpt>
   <trkpt lat="51.5112720" lon="-0.0487470">
    <ele>11.7</ele>
    <time>2023-12-10T09:30:53Z</time>
   </trkpt>
   <trkpt lat="51.5112680" lon="-0.0488120">
    <ele>11.7</ele>
    <time>2023-12-10T09:30:54Z</time>
   </trkpt>
   <trkpt lat="51.5112700" lon="-0.0489000">
    <ele>11.6</ele>
    <time>2023-12-10T09:30:55Z</time>
   </trkpt>
   <trkpt lat="51.5112810" lon="-0.0489660">
    <ele>11.6</ele>
    <time>2023-12-10T09:30:56Z</time>
   </trkpt>
   <trkpt lat="51.5112790" lon="-0.0490240">
    <ele>11.6</ele>
    <time>2023-12-10T09:30:57Z</time>
   </trkpt>
   <trkpt lat="51.5112730" lon="-0.0490790">
    <ele>11.6</ele>
    <time>2023-12-10T09:30:58Z</time>
   </trkpt>
   <trkpt lat="51.5112630" lon="-0.0491240">
    <ele>11.6</ele>
    <time>2023-12-10T09:30:59Z</time>
   </trkpt>
   <trkpt lat="51.5112550" lon="-0.0491910">
    <ele>11.6</ele>
    <time>2023-12-10T09:31:00Z</time>
   </trkpt>
   <trkpt lat="51.5112440" lon="-0.0492460">
    <ele>11.6</ele>
    <time>2023-12-10T09:31:01Z</time>
   </trkpt>
   <trkpt lat="51.5112450" lon="-0.0493300">
    <ele>11.6</ele>
    <time>2023-12-10T09:31:02Z</time>
   </trkpt>
   <trkpt lat="51.5112500" lon="-0.0494130">
    <ele>11.6</ele>
    <time>2023-12-10T09:31:03Z</time>
   </trkpt>
   <trkpt lat="51.5112490" lon="-0.0494660">
    <ele>11.6</ele>
    <time>2023-12-10T09:31:04Z</time>
   </trkpt>
   <trkpt lat="51.5112460" lon="-0.0495250">
    <ele>11.6</ele>
    <time>2023-12-10T09:31:05Z</time>
   </trkpt>
   <trkpt lat="51.5112390" lon="-0.0496010">
    <ele>11.6</ele>
    <time>2023-12-10T09:31:06Z</time>
   </trkpt>
   <trkpt lat="51.5112320" lon="-0.0496510">
    <ele>11.6</ele>
    <time>2023-12-10T09:31:07Z</time>
   </trkpt>
   <trkpt lat="51.5112260" lon="-0.0496940">
    <ele>11.6</ele>
    <time>2023-12-10T09:31:08Z</time>
   </trkpt>
   <trkpt lat="51.5111990" lon="-0.0497020">
    <ele>11.6</ele>
    <time>2023-12-10T09:31:09Z</time>
   </trkpt>
   <trkpt lat="51.5111860" lon="-0.0497410">
    <ele>11.6</ele>
    <time>2023-12-10T09:31:10Z</time>
   </trkpt>
   <trkpt lat="51.5111700" lon="-0.0497890">
    <ele>11.6</ele>
    <time>2023-12-10T09:31:11Z</time>
   </trkpt>
   <trkpt lat="51.5111670" lon="-0.0498480">
    <ele>11.7</ele>
    <time>2023-12-10T09:31:12Z</time>
   </trkpt>
   <trkpt lat="51.5111600" lon="-0.0499250">
    <ele>11.7</ele>
    <time>2023-12-10T09:31:13Z</time>
   </trkpt>
   <trkpt lat="51.5111600" lon="-0.0499610">
    <ele>11.7</ele>
    <time>2023-12-10T09:31:14Z</time>
   </trkpt>
   <trkpt lat="51.5111580" lon="-0.0500200">
    <ele>11.7</ele>
    <time>2023-12-10T09:31:15Z</time>
   </trkpt>
   <trkpt lat="51.5111530" lon="-0.0500850">
    <ele>11.7</ele>
    <time>2023-12-10T09:31:16Z</time>
   </trkpt>
   <trkpt lat="51.5111290" lon="-0.0501350">
    <ele>11.7</ele>
    <time>2023-12-10T09:31:17Z</time>
   </trkpt>
   <trkpt lat="51.5111350" lon="-0.0502040">
    <ele>11.7</ele>
    <time>2023-12-10T09:31:18Z</time>
   </trkpt>
   <trkpt lat="51.5111370" lon="-0.0502650">
    <ele>11.7</ele>
    <time>2023-12-10T09:31:19Z</time>
   </trkpt>
   <trkpt lat="51.5111340" lon="-0.0503310">
    <ele>11.7</ele>
    <time>2023-12-10T09:31:20Z</time>
   </trkpt>
   <trkpt lat="51.5111290" lon="-0.0503920">
    <ele>11.7</ele>
    <time>2023-12-10T09:31:21Z</time>
   </trkpt>
   <trkpt lat="51.5111170" lon="-0.0504520">
    <ele>11.7</ele>
    <time>2023-12-10T09:31:22Z</time>
   </trkpt>
   <trkpt lat="51.5111110" lon="-0.0505270">
    <ele>11.7</ele>
    <time>2023-12-10T09:31:23Z</time>
   </trkpt>
   <trkpt lat="51.5111120" lon="-0.0505960">
    <ele>11.7</ele>
    <time>2023-12-10T09:31:24Z</time>
   </trkpt>
   <trkpt lat="51.5110990" lon="-0.0506450">
    <ele>11.7</ele>
    <time>2023-12-10T09:31:25Z</time>
   </trkpt>
   <trkpt lat="51.5110890" lon="-0.0507070">
    <ele>11.7</ele>
    <time>2023-12-10T09:31:26Z</time>
   </trkpt>
   <trkpt lat="51.5110810" lon="-0.0507730">
    <ele>11.8</ele>
    <time>2023-12-10T09:31:27Z</time>
   </trkpt>
   <trkpt lat="51.5110830" lon="-0.0508310">
    <ele>11.8</ele>
    <time>2023-12-10T09:31:28Z</time>
   </trkpt>
   <trkpt lat="51.5110760" lon="-0.0509060">
    <ele>11.8</ele>
    <time>2023-12-10T09:31:29Z</time>
   </trkpt>
   <trkpt lat="51.5110690" lon="-0.0509710">
    <ele>11.8</ele>
    <time>2023-12-10T09:31:30Z</time>
   </trkpt>
   <trkpt lat="51.5110600" lon="-0.0510300">
    <ele>11.8</ele>
    <time>2023-12-10T09:31:31Z</time>
   </trkpt>
   <trkpt lat="51.5110550" lon="-0.0510810">
    <ele>11.8</ele>
    <time>2023-12-10T09:31:32Z</time>
   </trkpt>
   <trkpt lat="51.5110530" lon="-0.0511560">
    <ele>11.8</ele>
    <time>2023-12-10T09:31:33Z</time>
   </trkpt>
   <trkpt lat="51.5110430" lon="-0.0512040">
    <ele>11.8</ele>
    <time>2023-12-10T09:31:34Z</time>
   </trkpt>
   <trkpt lat="51.5110240" lon="-0.0512690">
    <ele>11.8</ele>
    <time>2023-12-10T09:31:35Z</time>
   </trkpt>
   <trkpt lat="51.5110100" lon="-0.0513110">
    <ele>11.7</ele>
    <time>2023-12-10T09:31:36Z</time>
   </trkpt>
   <trkpt lat="51.5110050" lon="-0.0513740">
    <ele>11.7</ele>
    <time>2023-12-10T09:31:37Z</time>
   </trkpt>
   <trkpt lat="51.5109900" lon="-0.0514290">
    <ele>11.7</ele>
    <time>2023-12-10T09:31:38Z</time>
   </trkpt>
   <trkpt lat="51.5109860" lon="-0.0514970">
    <ele>11.7</ele>
    <time>2023-12-10T09:31:39Z</time>
   </trkpt>
   <trkpt lat="51.5109780" lon="-0.0515470">
    <ele>11.7</ele>
    <time>2023-12-10T09:31:40Z</time>
   </trkpt>
   <trkpt lat="51.5109710" lon="-0.0516140">
    <ele>11.7</ele>
    <time>2023-12-10T09:31:41Z</time>
   </trkpt>
   <trkpt lat="51.5109690" lon="-0.0516800">
    <ele>11.7</ele>
    <time>2023-12-10T09:31:42Z</time>
   </trkpt>
   <trkpt lat="51.5109560" lon="-0.0517390">
    <ele>11.7</ele>
    <time>2023-12-10T09:31:43Z</time>
   </trkpt>
   <trkpt lat="51.5109440" lon="-0.0517910">
    <ele>11.7</ele>
    <time>2023-12-10T09:31:44Z</time>
   </trkpt>
   <trkpt lat="51.5109390" lon="-0.0518480">
    <ele>11.7</ele>
    <time>2023-12-10T09:31:45Z</time>
   </trkpt>
   <trkpt lat="51.5109360" lon="-0.0519070">
    <ele>11.7</ele>
    <time>2023-12-10T09:31:46Z</time>
   </trkpt>
   <trkpt lat="51.5109230" lon="-0.0519720">
    <ele>11.7</ele>
    <time>2023-12-10T09:31:47Z</time>
   </trkpt>
   <trkpt lat="51.5109090" lon="-0.0520120">
    <ele>11.7</ele>
    <time>2023-12-10T09:31:48Z</time>
   </trkpt>
   <trkpt lat="51.5109030" lon="-0.0520720">
    <ele>11.7</ele>
    <time>2023-12-10T09:31:49Z</time>
   </trkpt>
   <trkpt lat="51.5108920" lon="-0.0521360">
    <ele>11.7</ele>
    <time>2023-12-10T09:31:50Z</time>
   </trkpt>
   <trkpt lat="51.5108820" lon="-0.0521880">
    <ele>11.7</ele>
    <time>2023-12-10T09:31:51Z</time>
   </trkpt>
   <trkpt lat="51.5108750" lon="-0.0522440">
    <ele>11.7</ele>
    <time>2023-12-10T09:31:52Z</time>
   </trkpt>
   <trkpt lat="51.5108660" lon="-0.0523030">
    <ele>11.7</ele>
    <time>2023-12-10T09:31:53Z</time>
   </trkpt>
   <trkpt lat="51.5108610" lon="-0.0523650">
    <ele>11.7</ele>
    <time>2023-12-10T09:31:54Z</time>
   </trkpt>
   <trkpt lat="51.5108610" lon="-0.0524230">
    <ele>11.6</ele>
    <time>2023-12-10T09:31:55Z</time>
   </trkpt>
   <trkpt lat="51.5108550" lon="-0.0524900">
    <ele>11.6</ele>
    <time>2023-12-10T09:31:56Z</time>
   </trkpt>
   <trkpt lat="51.5108530" lon="-0.0525500">
    <ele>11.6</ele>
    <time>2023-12-10T09:31:57Z</time>
   </trkpt>
   <trkpt lat="51.5108460" lon="-0.0526110">
    <ele>11.6</ele>
    <time>2023-12-10T09:31:58Z</time>
   </trkpt>
   <trkpt lat="51.5108420" lon="-0.0526550">
    <ele>11.6</ele>
    <time>2023-12-10T09:31:59Z</time>
   </trkpt>
   <trkpt lat="51.5108380" lon="-0.0527090">
    <ele>11.6</ele>
    <time>2023-12-10T09:32:00Z</time>
   </trkpt>
   <trkpt lat="51.5108390" lon="-0.0527670">
    <ele>11.6</ele>
    <time>2023-12-10T09:32:01Z</time>
   </trkpt>
   <trkpt lat="51.5108350" lon="-0.0528330">
    <ele>11.6</ele>
    <time>2023-12-10T09:32:02Z</time>
   </trkpt>
   <trkpt lat="51.5108290" lon="-0.0528930">
    <ele>11.6</ele>
    <time>2023-12-10T09:32:03Z</time>
   </trkpt>
   <trkpt lat="51.5108440" lon="-0.0529750">
    <ele>11.6</ele>
    <time>2023-12-10T09:32:04Z</time>
   </trkpt>
   <trkpt lat="51.5108480" lon="-0.0530290">
    <ele>11.6</ele>
    <time>2023-12-10T09:32:05Z</time>
   </trkpt>
   <trkpt lat="51.5108510" lon="-0.0531030">
    <ele>11.6</ele>
    <time>2023-12-10T09:32:06Z</time>
   </trkpt>
   <trkpt lat="51.5108530" lon="-0.0531560">
    <ele>11.6</ele>
    <time>2023-12-10T09:32:07Z</time>
   </trkpt>
   <trkpt lat="51.5108510" lon="-0.0532210">
    <ele>11.6</ele>
    <time>2023-12-10T09:32:08Z</time>
   </trkpt>
   <trkpt lat="51.5108520" lon="-0.0532500">
    <ele>11.6</ele>
    <time>2023-12-10T09:32:09Z</time>
   </trkpt>
   <trkpt lat="51.5108710" lon="-0.0533150">
    <ele>11.6</ele>
    <time>2023-12-10T09:32:10Z</time>
   </trkpt>
   <trkpt lat="51.5108850" lon="-0.0533770">
    <ele>11.6</ele>
    <time>2023-12-10T09:32:11Z</time>
   </trkpt>
   <trkpt lat="51.5109080" lon="-0.0534330">
    <ele>11.6</ele>
    <time>2023-12-10T09:32:12Z</time>
   </trkpt>
   <trkpt lat="51.5109270" lon="-0.0534810">
    <ele>11.6</ele>
    <time>2023-12-10T09:32:13Z</time>
   </trkpt>
   <trkpt lat="51.5109400" lon="-0.0535290">
    <ele>11.7</ele>
    <time>2023-12-10T09:32:14Z</time>
   </trkpt>
   <trkpt lat="51.5109580" lon="-0.0536060">
    <ele>11.7</ele>
    <time>2023-12-10T09:32:15Z</time>
   </trkpt>
   <trkpt lat="51.5109740" lon="-0.0536690">
    <ele>11.7</ele>
    <time>2023-12-10T09:32:16Z</time>
   </trkpt>
   <trkpt lat="51.5109960" lon="-0.0537120">
    <ele>11.7</ele>
    <time>2023-12-10T09:32:17Z</time>
   </trkpt>
   <trkpt lat="51.5110130" lon="-0.0537750">
    <ele>11.8</ele>
    <time>2023-12-10T09:32:18Z</time>
   </trkpt>
   <trkpt lat="51.5110300" lon="-0.0538200">
    <ele>11.7</ele>
    <time>2023-12-10T09:32:19Z</time>
   </trkpt>
   <trkpt lat="51.5110430" lon="-0.0538750">
    <ele>11.7</ele>
    <time>2023-12-10T09:32:20Z</time>
   </trkpt>
   <trkpt lat="51.5110550" lon="-0.0539340">
    <ele>11.7</ele>
    <time>2023-12-10T09:32:21Z</time>
   </trkpt>
   <trkpt lat="51.5110640" lon="-0.0539960">
    <ele>11.7</ele>
    <time>2023-12-10T09:32:22Z</time>
   </trkpt>
   <trkpt lat="51.5110820" lon="-0.0540680">
    <ele>11.7</ele>
    <time>2023-12-10T09:32:23Z</time>
   </trkpt>
   <trkpt lat="51.5110920" lon="-0.0541380">
    <ele>11.7</ele>
    <time>2023-12-10T09:32:24Z</time>
   </trkpt>
   <trkpt lat="51.5110980" lon="-0.0541880">
    <ele>11.7</ele>
    <time>2023-12-10T09:32:25Z</time>
   </trkpt>
   <trkpt lat="51.5111050" lon="-0.0542540">
    <ele>11.7</ele>
    <time>2023-12-10T09:32:26Z</time>
   </trkpt>
   <trkpt lat="51.5111080" lon="-0.0543090">
    <ele>11.7</ele>
    <time>2023-12-10T09:32:27Z</time>
   </trkpt>
   <trkpt lat="51.5111160" lon="-0.0543710">
    <ele>11.7</ele>
    <time>2023-12-10T09:32:28Z</time>
   </trkpt>
   <trkpt lat="51.5111190" lon="-0.0544320">
    <ele>11.7</ele>
    <time>2023-12-10T09:32:29Z</time>
   </trkpt>
   <trkpt lat="51.5111340" lon="-0.0545010">
    <ele>11.7</ele>
    <time>2023-12-10T09:32:30Z</time>
   </trkpt>
   <trkpt lat="51.5111410" lon="-0.0545620">
    <ele>11.7</ele>
    <time>2023-12-10T09:32:31Z</time>
   </trkpt>
   <trkpt lat="51.5111360" lon="-0.0546170">
    <ele>11.7</ele>
    <time>2023-12-10T09:32:32Z</time>
   </trkpt>
   <trkpt lat="51.5111430" lon="-0.0546730">
    <ele>11.6</ele>
    <time>2023-12-10T09:32:33Z</time>
   </trkpt>
   <trkpt lat="51.5111470" lon="-0.0547280">
    <ele>11.6</ele>
    <time>2023-12-10T09:32:34Z</time>
   </trkpt>
   <trkpt lat="51.5111440" lon="-0.0547910">
    <ele>11.6</ele>
    <time>2023-12-10T09:32:35Z</time>
   </trkpt>
   <trkpt lat="51.5111410" lon="-0.0548520">
    <ele>11.6</ele>
    <time>2023-12-10T09:32:36Z</time>
   </trkpt>
   <trkpt lat="51.5111420" lon="-0.0549000">
    <ele>11.6</ele>
    <time>2023-12-10T09:32:37Z</time>
   </trkpt>
   <trkpt lat="51.5111450" lon="-0.0549630">
    <ele>11.6</ele>
    <time>2023-12-10T09:32:38Z</time>
   </trkpt>
   <trkpt lat="51.5111430" lon="-0.0550210">
    <ele>11.6</ele>
    <time>2023-12-10T09:32:39Z</time>
   </trkpt>
   <trkpt lat="51.5111470" lon="-0.0551020">
    <ele>11.6</ele>
    <time>2023-12-10T09:32:40Z</time>
   </trkpt>
   <trkpt lat="51.5111550" lon="-0.0551720">
    <ele>11.6</ele>
    <time>2023-12-10T09:32:41Z</time>
   </trkpt>
   <trkpt lat="51.5111560" lon="-0.0552270">
    <ele>11.6</ele>
    <time>2023-12-10T09:32:42Z</time>
   </trkpt>
   <trkpt lat="51.5111470" lon="-0.0552700">
    <ele>11.6</ele>
    <time>2023-12-10T09:32:43Z</time>
   </trkpt>
   <trkpt lat="51.5111490" lon="-0.0553300">
    <ele>11.6</ele>
    <time>2023-12-10T09:32:44Z</time>
   </trkpt>
   <trkpt lat="51.5111470" lon="-0.0553990">
    <ele>11.5</ele>
    <time>2023-12-10T09:32:45Z</time>
   </trkpt>
   <trkpt lat="51.5111520" lon="-0.0554610">
    <ele>11.5</ele>
    <time>2023-12-10T09:32:46Z</time>
   </trkpt>
   <trkpt lat="51.5111600" lon="-0.0555240">
    <ele>11.5</ele>
    <time>2023-12-10T09:32:47Z</time>
   </trkpt>
   <trkpt lat="51.5111630" lon="-0.0555980">
    <ele>11.5</ele>
    <time>2023-12-10T09:32:48Z</time>
   </trkpt>
   <trkpt lat="51.5111710" lon="-0.0556750">
    <ele>11.5</ele>
    <time>2023-12-10T09:32:49Z</time>
   </trkpt>
   <trkpt lat="51.5111650" lon="-0.0557270">
    <ele>11.5</ele>
    <time>2023-12-10T09:32:50Z</time>
   </trkpt>
   <trkpt lat="51.5111590" lon="-0.0557800">
    <ele>11.5</ele>
    <time>2023-12-10T09:32:51Z</time>
   </trkpt>
   <trkpt lat="51.5111560" lon="-0.0558280">
    <ele>11.5</ele>
    <time>2023-12-10T09:32:52Z</time>
   </trkpt>
   <trkpt lat="51.5111590" lon="-0.0558900">
    <ele>11.5</ele>
    <time>2023-12-10T09:32:53Z</time>
   </trkpt>
   <trkpt lat="51.5111600" lon="-0.0559480">
    <ele>11.5</ele>
    <time>2023-12-10T09:32:54Z</time>
   </trkpt>
   <trkpt lat="51.5111480" lon="-0.0559990">
    <ele>11.5</ele>
    <time>2023-12-10T09:32:55Z</time>
   </trkpt>
   <trkpt lat="51.5111390" lon="-0.0560400">
    <ele>11.5</ele>
    <time>2023-12-10T09:32:56Z</time>
   </trkpt>
   <trkpt lat="51.5111310" lon="-0.0561020">
    <ele>11.6</ele>
    <time>2023-12-10T09:32:57Z</time>
   </trkpt>
   <trkpt lat="51.5111290" lon="-0.0561700">
    <ele>11.6</ele>
    <time>2023-12-10T09:32:58Z</time>
   </trkpt>
   <trkpt lat="51.5111290" lon="-0.0562350">
    <ele>11.6</ele>
    <time>2023-12-10T09:32:59Z</time>
   </trkpt>
   <trkpt lat="51.5111320" lon="-0.0563020">
    <ele>11.6</ele>
    <time>2023-12-10T09:33:00Z</time>
   </trkpt>
   <trkpt lat="51.5111290" lon="-0.0563630">
    <ele>11.6</ele>
    <time>2023-12-10T09:33:01Z</time>
   </trkpt>
   <trkpt lat="51.5111280" lon="-0.0564290">
    <ele>11.7</ele>
    <time>2023-12-10T09:33:02Z</time>
   </trkpt>
   <trkpt lat="51.5111260" lon="-0.0564980">
    <ele>11.7</ele>
    <time>2023-12-10T09:33:03Z</time>
   </trkpt>
   <trkpt lat="51.5111300" lon="-0.0565680">
    <ele>11.7</ele>
    <time>2023-12-10T09:33:04Z</time>
   </trkpt>
   <trkpt lat="51.5111390" lon="-0.0566300">
    <ele>11.7</ele>
    <time>2023-12-10T09:33:05Z</time>
   </trkpt>
   <trkpt lat="51.5111460" lon="-0.0566870">
    <ele>11.7</ele>
    <time>2023-12-10T09:33:06Z</time>
   </trkpt>
   <trkpt lat="51.5111600" lon="-0.0567510">
    <ele>11.7</ele>
    <time>2023-12-10T09:33:07Z</time>
   </trkpt>
   <trkpt lat="51.5111600" lon="-0.0567990">
    <ele>11.7</ele>
    <time>2023-12-10T09:33:08Z</time>
   </trkpt>
   <trkpt lat="51.5111620" lon="-0.0568600">
    <ele>11.7</ele>
    <time>2023-12-10T09:33:09Z</time>
   </trkpt>
   <trkpt lat="51.5111600" lon="-0.0569200">
    <ele>11.7</ele>
    <time>2023-12-10T09:33:10Z</time>
   </trkpt>
   <trkpt lat="51.5111590" lon="-0.0569940">
    <ele>11.7</ele>
    <time>2023-12-10T09:33:11Z</time>
   </trkpt>
   <trkpt lat="51.5111610" lon="-0.0570260">
    <ele>11.7</ele>
    <time>2023-12-10T09:33:12Z</time>
   </trkpt>
   <trkpt lat="51.5111730" lon="-0.0570920">
    <ele>11.7</ele>
    <time>2023-12-10T09:33:13Z</time>
   </trkpt>
   <trkpt lat="51.5111620" lon="-0.0571520">
    <ele>11.7</ele>
    <time>2023-12-10T09:33:14Z</time>
   </trkpt>
   <trkpt lat="51.5111590" lon="-0.0572140">
    <ele>11.7</ele>
    <time>2023-12-10T09:33:15Z</time>
   </trkpt>
   <trkpt lat="51.5111610" lon="-0.0572760">
    <ele>11.7</ele>
    <time>2023-12-10T09:33:16Z</time>
   </trkpt>
   <trkpt lat="51.5111610" lon="-0.0573390">
    <ele>11.7</ele>
    <time>2023-12-10T09:33:17Z</time>
   </trkpt>
   <trkpt lat="51.5111590" lon="-0.0573980">
    <ele>11.7</ele>
    <time>2023-12-10T09:33:18Z</time>
   </trkpt>
   <trkpt lat="51.5111620" lon="-0.0574610">
    <ele>11.7</ele>
    <time>2023-12-10T09:33:19Z</time>
   </trkpt>
   <trkpt lat="51.5111590" lon="-0.0575270">
    <ele>11.7</ele>
    <time>2023-12-10T09:33:20Z</time>
   </trkpt>
   <trkpt lat="51.5111650" lon="-0.0575980">
    <ele>11.7</ele>
    <time>2023-12-10T09:33:21Z</time>
   </trkpt>
   <trkpt lat="51.5111700" lon="-0.0576600">
    <ele>11.7</ele>
    <time>2023-12-10T09:33:22Z</time>
   </trkpt>
   <trkpt lat="51.5111720" lon="-0.0577250">
    <ele>11.7</ele>
    <time>2023-12-10T09:33:23Z</time>
   </trkpt>
   <trkpt lat="51.5111800" lon="-0.0577920">
    <ele>11.7</ele>
    <time>2023-12-10T09:33:24Z</time>
   </trkpt>
   <trkpt lat="51.5111820" lon="-0.0578510">
    <ele>11.7</ele>
    <time>2023-12-10T09:33:25Z</time>
   </trkpt>
   <trkpt lat="51.5111950" lon="-0.0579150">
    <ele>11.7</ele>
    <time>2023-12-10T09:33:26Z</time>
   </trkpt>
   <trkpt lat="51.5111910" lon="-0.0579800">
    <ele>11.7</ele>
    <time>2023-12-10T09:33:27Z</time>
   </trkpt>
   <trkpt lat="51.5111860" lon="-0.0580350">
    <ele>11.7</ele>
    <time>2023-12-10T09:33:28Z</time>
   </trkpt>
   <trkpt lat="51.5111840" lon="-0.0580910">
    <ele>11.7</ele>
    <time>2023-12-10T09:33:29Z</time>
   </trkpt>
   <trkpt lat="51.5111760" lon="-0.0581480">
    <ele>11.7</ele>
    <time>2023-12-10T09:33:30Z</time>
   </trkpt>
   <trkpt lat="51.5111700" lon="-0.0581670">
    <ele>11.7</ele>
    <time>2023-12-10T09:33:31Z</time>
   </trkpt>
   <trkpt lat="51.5111710" lon="-0.0582290">
    <ele>11.7</ele>
    <time>2023-12-10T09:33:32Z</time>
   </trkpt>
   <trkpt lat="51.5111670" lon="-0.0582960">
    <ele>11.7</ele>
    <time>2023-12-10T09:33:33Z</time>
   </trkpt>
   <trkpt lat="51.5111710" lon="-0.0583650">
    <ele>11.7</ele>
    <time>2023-12-10T09:33:34Z</time>
   </trkpt>
   <trkpt lat="51.5111730" lon="-0.0584230">
    <ele>11.7</ele>
    <time>2023-12-10T09:33:35Z</time>
   </trkpt>
   <trkpt lat="51.5111820" lon="-0.0584680">
    <ele>11.7</ele>
    <time>2023-12-10T09:33:36Z</time>
   </trkpt>
   <trkpt lat="51.5111840" lon="-0.0585240">
    <ele>11.7</ele>
    <time>2023-12-10T09:33:37Z</time>
   </trkpt>
   <trkpt lat="51.5111860" lon="-0.0585890">
    <ele>11.7</ele>
    <time>2023-12-10T09:33:38Z</time>
   </trkpt>
   <trkpt lat="51.5111920" lon="-0.0586640">
    <ele>11.7</ele>
    <time>2023-12-10T09:33:39Z</time>
   </trkpt>
   <trkpt lat="51.5111870" lon="-0.0587290">
    <ele>11.7</ele>
    <time>2023-12-10T09:33:40Z</time>
   </trkpt>
   <trkpt lat="51.5111850" lon="-0.0587850">
    <ele>11.8</ele>
    <time>2023-12-10T09:33:41Z</time>
   </trkpt>
   <trkpt lat="51.5111820" lon="-0.0588350">
    <ele>11.8</ele>
    <time>2023-12-10T09:33:42Z</time>
   </trkpt>
   <trkpt lat="51.5111820" lon="-0.0588900">
    <ele>11.8</ele>
    <time>2023-12-10T09:33:43Z</time>
   </trkpt>
   <trkpt lat="51.5111700" lon="-0.0589570">
    <ele>11.8</ele>
    <time>2023-12-10T09:33:44Z</time>
   </trkpt>
   <trkpt lat="51.5111680" lon="-0.0589850">
    <ele>11.8</ele>
    <time>2023-12-10T09:33:45Z</time>
   </trkpt>
   <trkpt lat="51.5111720" lon="-0.0590360">
    <ele>11.8</ele>
    <time>2023-12-10T09:33:46Z</time>
   </trkpt>
   <trkpt lat="51.5111770" lon="-0.0591110">
    <ele>11.8</ele>
    <time>2023-12-10T09:33:47Z</time>
   </trkpt>
   <trkpt lat="51.5111720" lon="-0.0591790">
    <ele>11.9</ele>
    <time>2023-12-10T09:33:48Z</time>
   </trkpt>
   <trkpt lat="51.5111720" lon="-0.0592430">
    <ele>11.9</ele>
    <time>2023-12-10T09:33:49Z</time>
   </trkpt>
   <trkpt lat="51.5111750" lon="-0.0592980">
    <ele>11.9</ele>
    <time>2023-12-10T09:33:50Z</time>
   </trkpt>
   <trkpt lat="51.5111840" lon="-0.0593510">
    <ele>12.0</ele>
    <time>2023-12-10T09:33:51Z</time>
   </trkpt>
   <trkpt lat="51.5111730" lon="-0.0594290">
    <ele>12.0</ele>
    <time>2023-12-10T09:33:52Z</time>
   </trkpt>
   <trkpt lat="51.5111610" lon="-0.0594820">
    <ele>12.0</ele>
    <time>2023-12-10T09:33:53Z</time>
   </trkpt>
   <trkpt lat="51.5111570" lon="-0.0595460">
    <ele>12.1</ele>
    <time>2023-12-10T09:33:54Z</time>
   </trkpt>
   <trkpt lat="51.5111520" lon="-0.0596060">
    <ele>12.1</ele>
    <time>2023-12-10T09:33:55Z</time>
   </trkpt>
   <trkpt lat="51.5111480" lon="-0.0596650">
    <ele>12.2</ele>
    <time>2023-12-10T09:33:56Z</time>
   </trkpt>
   <trkpt lat="51.5111480" lon="-0.0597350">
    <ele>12.2</ele>
    <time>2023-12-10T09:33:57Z</time>
   </trkpt>
   <trkpt lat="51.5111470" lon="-0.0597610">
    <ele>12.2</ele>
    <time>2023-12-10T09:33:58Z</time>
   </trkpt>
   <trkpt lat="51.5111430" lon="-0.0598320">
    <ele>12.3</ele>
    <time>2023-12-10T09:33:59Z</time>
   </trkpt>
   <trkpt lat="51.5111360" lon="-0.0598840">
    <ele>12.3</ele>
    <time>2023-12-10T09:34:00Z</time>
   </trkpt>
   <trkpt lat="51.5111430" lon="-0.0599450">
    <ele>12.3</ele>
    <time>2023-12-10T09:34:01Z</time>
   </trkpt>
   <trkpt lat="51.5111360" lon="-0.0600050">
    <ele>12.4</ele>
    <time>2023-12-10T09:34:02Z</time>
   </trkpt>
   <trkpt lat="51.5111190" lon="-0.0600630">
    <ele>12.4</ele>
    <time>2023-12-10T09:34:03Z</time>
   </trkpt>
   <trkpt lat="51.5111180" lon="-0.0600930">
    <ele>12.4</ele>
    <time>2023-12-10T09:34:04Z</time>
   </trkpt>
   <trkpt lat="51.5111090" lon="-0.0601440">
    <ele>12.4</ele>
    <time>2023-12-10T09:34:05Z</time>
   </trkpt>
   <trkpt lat="51.5111070" lon="-0.0602190">
    <ele>12.4</ele>
    <time>2023-12-10T09:34:06Z</time>
   </trkpt>
   <trkpt lat="51.5111080" lon="-0.0602940">
    <ele>12.4</ele>
    <time>2023-12-10T09:34:07Z</time>
   </trkpt>
   <trkpt lat="51.5110960" lon="-0.0603580">
    <ele>12.5</ele>
    <time>2023-12-10T09:34:08Z</time>
   </trkpt>
   <trkpt lat="51.5110880" lon="-0.0604300">
    <ele>12.5</ele>
    <time>2023-12-10T09:34:09Z</time>
   </trkpt>
   <trkpt lat="51.5110900" lon="-0.0604960">
    <ele>12.5</ele>
    <time>2023-12-10T09:34:10Z</time>
   </trkpt>
   <trkpt lat="51.5110930" lon="-0.0605620">
    <ele>12.5</ele>
    <time>2023-12-10T09:34:11Z</time>
   </trkpt>
   <trkpt lat="51.5111000" lon="-0.0606310">
    <ele>12.5</ele>
    <time>2023-12-10T09:34:12Z</time>
   </trkpt>
   <trkpt lat="51.5110950" lon="-0.0606860">
    <ele>12.6</ele>
    <time>2023-12-10T09:34:13Z</time>
   </trkpt>
   <trkpt lat="51.5110910" lon="-0.0607330">
    <ele>12.6</ele>
    <time>2023-12-10T09:34:14Z</time>
   </trkpt>
   <trkpt lat="51.5110930" lon="-0.0608070">
    <ele>12.6</ele>
    <time>2023-12-10T09:34:15Z</time>
   </trkpt>
   <trkpt lat="51.5111090" lon="-0.0608840">
    <ele>12.6</ele>
    <time>2023-12-10T09:34:16Z</time>
   </trkpt>
   <trkpt lat="51.5111080" lon="-0.0609350">
    <ele>12.7</ele>
    <time>2023-12-10T09:34:17Z</time>
   </trkpt>
   <trkpt lat="51.5111070" lon="-0.0609960">
    <ele>12.7</ele>
    <time>2023-12-10T09:34:18Z</time>
   </trkpt>
   <trkpt lat="51.5111040" lon="-0.0610550">
    <ele>12.7</ele>
    <time>2023-12-10T09:34:19Z</time>
   </trkpt>
   <trkpt lat="51.5110990" lon="-0.0611180">
    <ele>12.7</ele>
    <time>2023-12-10T09:34:20Z</time>
   </trkpt>
   <trkpt lat="51.5110910" lon="-0.0611750">
    <ele>12.6</ele>
    <time>2023-12-10T09:34:21Z</time>
   </trkpt>
   <trkpt lat="51.5110770" lon="-0.0612430">
    <ele>12.5</ele>
    <time>2023-12-10T09:34:22Z</time>
   </trkpt>
   <trkpt lat="51.5110740" lon="-0.0612710">
    <ele>12.5</ele>
    <time>2023-12-10T09:34:23Z</time>
   </trkpt>
   <trkpt lat="51.5110600" lon="-0.0613130">
    <ele>12.5</ele>
    <time>2023-12-10T09:34:24Z</time>
   </trkpt>
   <trkpt lat="51.5110440" lon="-0.0613550">
    <ele>12.5</ele>
    <time>2023-12-10T09:34:25Z</time>
   </trkpt>
   <trkpt lat="51.5110400" lon="-0.0613990">
    <ele>12.5</ele>
    <time>2023-12-10T09:34:26Z</time>
   </trkpt>
   <trkpt lat="51.5110280" lon="-0.0614770">
    <ele>12.4</ele>
    <time>2023-12-10T09:34:27Z</time>
   </trkpt>
   <trkpt lat="51.5110250" lon="-0.0615330">
    <ele>12.4</ele>
    <time>2023-12-10T09:34:28Z</time>
   </trkpt>
   <trkpt lat="51.5110270" lon="-0.0616070">
    <ele>12.4</ele>
    <time>2023-12-10T09:34:29Z</time>
   </trkpt>
   <trkpt lat="51.5110390" lon="-0.0616680">
    <ele>12.4</ele>
    <time>2023-12-10T09:34:30Z</time>
   </trkpt>
   <trkpt lat="51.5110460" lon="-0.0617290">
    <ele>12.4</ele>
    <time>2023-12-10T09:34:31Z</time>
   </trkpt>
   <trkpt lat="51.5110500" lon="-0.0617830">
    <ele>12.4</ele>
    <time>2023-12-10T09:34:32Z</time>
   </trkpt>
   <trkpt lat="51.5110360" lon="-0.0618420">
    <ele>12.4</ele>
    <time>2023-12-10T09:34:33Z</time>
   </trkpt>
   <trkpt lat="51.5110380" lon="-0.0618990">
    <ele>12.4</ele>
    <time>2023-12-10T09:34:34Z</time>
   </trkpt>
   <trkpt lat="51.5110370" lon="-0.0619580">
    <ele>12.4</ele>
    <time>2023-12-10T09:34:35Z</time>
   </trkpt>
   <trkpt lat="51.5110310" lon="-0.0620120">
    <ele>12.4</ele>
    <time>2023-12-10T09:34:36Z</time>
   </trkpt>
   <trkpt lat="51.5110400" lon="-0.0620810">
    <ele>12.4</ele>
    <time>2023-12-10T09:34:37Z</time>
   </trkpt>
   <trkpt lat="51.5110450" lon="-0.0621400">
    <ele>12.4</ele>
    <time>2023-12-10T09:34:38Z</time>
   </trkpt>
   <trkpt lat="51.5110530" lon="-0.0621930">
    <ele>12.4</ele>
    <time>2023-12-10T09:34:39Z</time>
   </trkpt>
   <trkpt lat="51.5110660" lon="-0.0622540">
    <ele>12.4</ele>
    <time>2023-12-10T09:34:40Z</time>
   </trkpt>
   <trkpt lat="51.5110550" lon="-0.0622980">
    <ele>12.4</ele>
    <time>2023-12-10T09:34:41Z</time>
   </trkpt>
   <trkpt lat="51.5110400" lon="-0.0623490">
    <ele>12.4</ele>
    <time>2023-12-10T09:34:42Z</time>
   </trkpt>
   <trkpt lat="51.5110440" lon="-0.0624020">
    <ele>12.4</ele>
    <time>2023-12-10T09:34:43Z</time>
   </trkpt>
   <trkpt lat="51.5110330" lon="-0.0624430">
    <ele>12.4</ele>
    <time>2023-12-10T09:34:44Z</time>
   </trkpt>
   <trkpt lat="51.5110610" lon="-0.0625060">
    <ele>12.4</ele>
    <time>2023-12-10T09:34:45Z</time>
   </trkpt>
   <trkpt lat="51.5110660" lon="-0.0625710">
    <ele>12.5</ele>
    <time>2023-12-10T09:34:46Z</time>
   </trkpt>
   <trkpt lat="51.5110680" lon="-0.0626430">
    <ele>12.5</ele>
    <time>2023-12-10T09:34:47Z</time>
   </trkpt>
   <trkpt lat="51.5110610" lon="-0.0627010">
    <ele>12.5</ele>
    <time>2023-12-10T09:34:48Z</time>
   </trkpt>
   <trkpt lat="51.5110790" lon="-0.0627610">
    <ele>12.6</ele>
    <time>2023-12-10T09:34:49Z</time>
   </trkpt>
   <trkpt lat="51.5110830" lon="-0.0628140">
    <ele>12.6</ele>
    <time>2023-12-10T09:34:50Z</time>
   </trkpt>
   <trkpt lat="51.5110900" lon="-0.0628960">
    <ele>12.7</ele>
    <time>2023-12-10T09:34:51Z</time>
   </trkpt>
   <trkpt lat="51.5110890" lon="-0.0629510">
    <ele>12.8</ele>
    <time>2023-12-10T09:34:52Z</time>
   </trkpt>
   <trkpt lat="51.5110900" lon="-0.0630120">
    <ele>12.8</ele>
    <time>2023-12-10T09:34:53Z</time>
   </trkpt>
   <trkpt lat="51.5110940" lon="-0.0630780">
    <ele>12.9</ele>
    <time>2023-12-10T09:34:54Z</time>
   </trkpt>
   <trkpt lat="51.5110960" lon="-0.0631570">
    <ele>12.9</ele>
    <time>2023-12-10T09:34:55Z</time>
   </trkpt>
   <trkpt lat="51.5110950" lon="-0.0632140">
    <ele>13.0</ele>
    <time>2023-12-10T09:34:56Z</time>
   </trkpt>
   <trkpt lat="51.5111010" lon="-0.0632780">
    <ele>13.1</ele>
    <time>2023-12-10T09:34:57Z</time>
   </trkpt>
   <trkpt lat="51.5110940" lon="-0.0633270">
    <ele>13.1</ele>
    <time>2023-12-10T09:34:58Z</time>
   </trkpt>
   <trkpt lat="51.5110830" lon="-0.0633880">
    <ele>13.2</ele>
    <time>2023-12-10T09:34:59Z</time>
   </trkpt>
   <trkpt lat="51.5110800" lon="-0.0634410">
    <ele>13.2</ele>
    <time>2023-12-10T09:35:00Z</time>
   </trkpt>
   <trkpt lat="51.5110710" lon="-0.0634830">
    <ele>13.2</ele>
    <time>2023-12-10T09:35:01Z</time>
   </trkpt>
   <trkpt lat="51.5110620" lon="-0.0635080">
    <ele>13.2</ele>
    <time>2023-12-10T09:35:02Z</time>
   </trkpt>
   <trkpt lat="51.5110520" lon="-0.0635330">
    <ele>13.2</ele>
    <time>2023-12-10T09:35:03Z</time>
   </trkpt>
   <trkpt lat="51.5110580" lon="-0.0636010">
    <ele>13.3</ele>
    <time>2023-12-10T09:35:04Z</time>
   </trkpt>
   <trkpt lat="51.5110610" lon="-0.0636610">
    <ele>13.3</ele>
    <time>2023-12-10T09:35:05Z</time>
   </trkpt>
   <trkpt lat="51.5110630" lon="-0.0637420">
    <ele>13.3</ele>
    <time>2023-12-10T09:35:06Z</time>
   </trkpt>
   <trkpt lat="51.5110650" lon="-0.0637820">
    <ele>13.3</ele>
    <time>2023-12-10T09:35:07Z</time>
   </trkpt>
   <trkpt lat="51.5110680" lon="-0.0638610">
    <ele>13.4</ele>
    <time>2023-12-10T09:35:08Z</time>
   </trkpt>
   <trkpt lat="51.5110710" lon="-0.0639380">
    <ele>13.4</ele>
    <time>2023-12-10T09:35:09Z</time>
   </trkpt>
   <trkpt lat="51.5110710" lon="-0.0640120">
    <ele>13.4</ele>
    <time>2023-12-10T09:35:10Z</time>
   </trkpt>
   <trkpt lat="51.5110720" lon="-0.0640980">
    <ele>13.4</ele>
    <time>2023-12-10T09:35:11Z</time>
   </trkpt>
   <trkpt lat="51.5110730" lon="-0.0641620">
    <ele>13.4</ele>
    <time>2023-12-10T09:35:12Z</time>
   </trkpt>
   <trkpt lat="51.5110850" lon="-0.0642170">
    <ele>13.3</ele>
    <time>2023-12-10T09:35:13Z</time>
   </trkpt>
   <trkpt lat="51.5110770" lon="-0.0642680">
    <ele>13.3</ele>
    <time>2023-12-10T09:35:14Z</time>
   </trkpt>
   <trkpt lat="51.5110680" lon="-0.0643190">
    <ele>13.3</ele>
    <time>2023-12-10T09:35:15Z</time>
   </trkpt>
   <trkpt lat="51.5110550" lon="-0.0643870">
    <ele>13.2</ele>
    <time>2023-12-10T09:35:16Z</time>
   </trkpt>
   <trkpt lat="51.5110490" lon="-0.0644040">
    <ele>13.2</ele>
    <time>2023-12-10T09:35:17Z</time>
   </trkpt>
   <trkpt lat="51.5110340" lon="-0.0644230">
    <ele>13.2</ele>
    <time>2023-12-10T09:35:18Z</time>
   </trkpt>
   <trkpt lat="51.5110290" lon="-0.0644730">
    <ele>13.2</ele>
    <time>2023-12-10T09:35:19Z</time>
   </trkpt>
   <trkpt lat="51.5110070" lon="-0.0645230">
    <ele>13.1</ele>
    <time>2023-12-10T09:35:20Z</time>
   </trkpt>
   <trkpt lat="51.5110070" lon="-0.0645570">
    <ele>13.1</ele>
    <time>2023-12-10T09:35:21Z</time>
   </trkpt>
   <trkpt lat="51.5110100" lon="-0.0646060">
    <ele>13.1</ele>
    <time>2023-12-10T09:35:22Z</time>
   </trkpt>
   <trkpt lat="51.5110030" lon="-0.0646750">
    <ele>13.0</ele>
    <time>2023-12-10T09:35:23Z</time>
   </trkpt>
   <trkpt lat="51.5110020" lon="-0.0647440">
    <ele>13.0</ele>
    <time>2023-12-10T09:35:24Z</time>
   </trkpt>
   <trkpt lat="51.5110080" lon="-0.0648250">
    <ele>13.0</ele>
    <time>2023-12-10T09:35:25Z</time>
   </trkpt>
   <trkpt lat="51.5109950" lon="-0.0648860">
    <ele>12.9</ele>
    <time>2023-12-10T09:35:26Z</time>
   </trkpt>
   <trkpt lat="51.5109820" lon="-0.0649500">
    <ele>12.9</ele>
    <time>2023-12-10T09:35:27Z</time>
   </trkpt>
   <trkpt lat="51.5109760" lon="-0.0650130">
    <ele>12.8</ele>
    <time>2023-12-10T09:35:28Z</time>
   </trkpt>
   <trkpt lat="51.5109740" lon="-0.0650880">
    <ele>12.8</ele>
    <time>2023-12-10T09:35:29Z</time>
   </trkpt>
   <trkpt lat="51.5109650" lon="-0.0651450">
    <ele>12.8</ele>
    <time>2023-12-10T09:35:30Z</time>
   </trkpt>
   <trkpt lat="51.5109720" lon="-0.0652310">
    <ele>12.7</ele>
    <time>2023-12-10T09:35:31Z</time>
   </trkpt>
   <trkpt lat="51.5109690" lon="-0.0653080">
    <ele>12.7</ele>
    <time>2023-12-10T09:35:32Z</time>
   </trkpt>
   <trkpt lat="51.5109620" lon="-0.0653830">
    <ele>12.6</ele>
    <time>2023-12-10T09:35:33Z</time>
   </trkpt>
   <trkpt lat="51.5109540" lon="-0.0654350">
    <ele>12.6</ele>
    <time>2023-12-10T09:35:34Z</time>
   </trkpt>
   <trkpt lat="51.5109510" lon="-0.0655070">
    <ele>12.6</ele>
    <time>2023-12-10T09:35:35Z</time>
   </trkpt>
   <trkpt lat="51.5109540" lon="-0.0655640">
    <ele>12.5</ele>
    <time>2023-12-10T09:35:36Z</time>
   </trkpt>
   <trkpt lat="51.5109520" lon="-0.0656190">
    <ele>12.5</ele>
    <time>2023-12-10T09:35:37Z</time>
   </trkpt>
   <trkpt lat="51.5109510" lon="-0.0656840">
    <ele>12.5</ele>
    <time>2023-12-10T09:35:38Z</time>
   </trkpt>
   <trkpt lat="51.5109430" lon="-0.0657550">
    <ele>12.4</ele>
    <time>2023-12-10T09:35:39Z</time>
   </trkpt>
   <trkpt lat="51.5109430" lon="-0.0657830">
    <ele>12.4</ele>
    <time>2023-12-10T09:35:40Z</time>
   </trkpt>
   <trkpt lat="51.5109450" lon="-0.0658630">
    <ele>12.3</ele>
    <time>2023-12-10T09:35:41Z</time>
   </trkpt>
   <trkpt lat="51.5109400" lon="-0.0659320">
    <ele>12.3</ele>
    <time>2023-12-10T09:35:42Z</time>
   </trkpt>
   <trkpt lat="51.5109370" lon="-0.0659890">
    <ele>12.3</ele>
    <time>2023-12-10T09:35:43Z</time>
   </trkpt>
   <trkpt lat="51.5109380" lon="-0.0660340">
    <ele>12.3</ele>
    <time>2023-12-10T09:35:44Z</time>
   </trkpt>
   <trkpt lat="51.5109340" lon="-0.0661150">
    <ele>12.2</ele>
    <time>2023-12-10T09:35:45Z</time>
   </trkpt>
   <trkpt lat="51.5109150" lon="-0.0661610">
    <ele>12.2</ele>
    <time>2023-12-10T09:35:46Z</time>
   </trkpt>
   <trkpt lat="51.5109140" lon="-0.0662140">
    <ele>12.2</ele>
    <time>2023-12-10T09:35:47Z</time>
   </trkpt>
   <trkpt lat="51.5109230" lon="-0.0662780">
    <ele>12.2</ele>
    <time>2023-12-10T09:35:48Z</time>
   </trkpt>
   <trkpt lat="51.5109270" lon="-0.0663450">
    <ele>12.2</ele>
    <time>2023-12-10T09:35:49Z</time>
   </trkpt>
   <trkpt lat="51.5109250" lon="-0.0664410">
    <ele>12.2</ele>
    <time>2023-12-10T09:35:50Z</time>
   </trkpt>
   <trkpt lat="51.5109200" lon="-0.0665240">
    <ele>12.1</ele>
    <time>2023-12-10T09:35:51Z</time>
   </trkpt>
   <trkpt lat="51.5109160" lon="-0.0665700">
    <ele>12.1</ele>
    <time>2023-12-10T09:35:52Z</time>
   </trkpt>
   <trkpt lat="51.5109150" lon="-0.0666360">
    <ele>12.1</ele>
    <time>2023-12-10T09:35:53Z</time>
   </trkpt>
   <trkpt lat="51.5109340" lon="-0.0667080">
    <ele>12.1</ele>
    <time>2023-12-10T09:35:54Z</time>
   </trkpt>
   <trkpt lat="51.5109420" lon="-0.0668030">
    <ele>12.1</ele>
    <time>2023-12-10T09:35:55Z</time>
   </trkpt>
   <trkpt lat="51.5109430" lon="-0.0668950">
    <ele>12.1</ele>
    <time>2023-12-10T09:35:56Z</time>
   </trkpt>
   <trkpt lat="51.5109450" lon="-0.0669820">
    <ele>12.1</ele>
    <time>2023-12-10T09:35:57Z</time>
   </trkpt>
   <trkpt lat="51.5109430" lon="-0.0670570">
    <ele>12.1</ele>
    <time>2023-12-10T09:35:58Z</time>
   </trkpt>
   <trkpt lat="51.5109410" lon="-0.0671260">
    <ele>12.1</ele>
    <time>2023-12-10T09:35:59Z</time>
   </trkpt>
   <trkpt lat="51.5109290" lon="-0.0671790">
    <ele>12.1</ele>
    <time>2023-12-10T09:36:00Z</time>
   </trkpt>
   <trkpt lat="51.5109210" lon="-0.0672470">
    <ele>12.0</ele>
    <time>2023-12-10T09:36:01Z</time>
   </trkpt>
   <trkpt lat="51.5109150" lon="-0.0673000">
    <ele>12.0</ele>
    <time>2023-12-10T09:36:02Z</time>
   </trkpt>
   <trkpt lat="51.5109130" lon="-0.0673580">
    <ele>12.0</ele>
    <time>2023-12-10T09:36:03Z</time>
   </trkpt>
   <trkpt lat="51.5109040" lon="-0.0674260">
    <ele>12.0</ele>
    <time>2023-12-10T09:36:04Z</time>
   </trkpt>
   <trkpt lat="51.5108960" lon="-0.0674870">
    <ele>12.0</ele>
    <time>2023-12-10T09:36:05Z</time>
   </trkpt>
   <trkpt lat="51.5108870" lon="-0.0675530">
    <ele>12.1</ele>
    <time>2023-12-10T09:36:06Z</time>
   </trkpt>
   <trkpt lat="51.5108860" lon="-0.0676260">
    <ele>12.1</ele>
    <time>2023-12-10T09:36:07Z</time>
   </trkpt>
   <trkpt lat="51.5108850" lon="-0.0676880">
    <ele>12.1</ele>
    <time>2023-12-10T09:36:08Z</time>
   </trkpt>
   <trkpt lat="51.5108840" lon="-0.0677590">
    <ele>12.1</ele>
    <time>2023-12-10T09:36:09Z</time>
   </trkpt>
   <trkpt lat="51.5108810" lon="-0.0678240">
    <ele>12.1</ele>
    <time>2023-12-10T09:36:10Z</time>
   </trkpt>
   <trkpt lat="51.5108770" lon="-0.0678900">
    <ele>12.2</ele>
    <time>2023-12-10T09:36:11Z</time>
   </trkpt>
   <trkpt lat="51.5108770" lon="-0.0679620">
    <ele>12.2</ele>
    <time>2023-12-10T09:36:12Z</time>
   </trkpt>
   <trkpt lat="51.5108740" lon="-0.0680270">
    <ele>12.2</ele>
    <time>2023-12-10T09:36:13Z</time>
   </trkpt>
   <trkpt lat="51.5108730" lon="-0.0680890">
    <ele>12.2</ele>
    <time>2023-12-10T09:36:14Z</time>
   </trkpt>
   <trkpt lat="51.5108650" lon="-0.0681490">
    <ele>12.2</ele>
    <time>2023-12-10T09:36:15Z</time>
   </trkpt>
   <trkpt lat="51.5108570" lon="-0.0682040">
    <ele>12.3</ele>
    <time>2023-12-10T09:36:16Z</time>
   </trkpt>
   <trkpt lat="51.5108430" lon="-0.0682480">
    <ele>12.3</ele>
    <time>2023-12-10T09:36:17Z</time>
   </trkpt>
   <trkpt lat="51.5108320" lon="-0.0682980">
    <ele>12.3</ele>
    <time>2023-12-10T09:36:18Z</time>
   </trkpt>
   <trkpt lat="51.5108180" lon="-0.0683570">
    <ele>12.4</ele>
    <time>2023-12-10T09:36:19Z</time>
   </trkpt>
   <trkpt lat="51.5108170" lon="-0.0684020">
    <ele>12.4</ele>
    <time>2023-12-10T09:36:20Z</time>
   </trkpt>
   <trkpt lat="51.5108140" lon="-0.0684460">
    <ele>12.4</ele>
    <time>2023-12-10T09:36:21Z</time>
   </trkpt>
   <trkpt lat="51.5108150" lon="-0.0685040">
    <ele>12.4</ele>
    <time>2023-12-10T09:36:22Z</time>
   </trkpt>
   <trkpt lat="51.5108100" lon="-0.0685790">
    <ele>12.4</ele>
    <time>2023-12-10T09:36:23Z</time>
   </trkpt>
   <trkpt lat="51.5108040" lon="-0.0686390">
    <ele>12.4</ele>
    <time>2023-12-10T09:36:24Z</time>
   </trkpt>
   <trkpt lat="51.5108010" lon="-0.0687090">
    <ele>12.4</ele>
    <time>2023-12-10T09:36:25Z</time>
   </trkpt>
   <trkpt lat="51.5108070" lon="-0.0687780">
    <ele>12.4</ele>
    <time>2023-12-10T09:36:26Z</time>
   </trkpt>
   <trkpt lat="51.5108060" lon="-0.0688430">
    <ele>12.4</ele>
    <time>2023-12-10T09:36:27Z</time>
   </trkpt>
   <trkpt lat="51.5108030" lon="-0.0689050">
    <ele>12.4</ele>
    <time>2023-12-10T09:36:28Z</time>
   </trkpt>
   <trkpt lat="51.5107980" lon="-0.0689550">
    <ele>12.4</ele>
    <time>2023-12-10T09:36:29Z</time>
   </trkpt>
   <trkpt lat="51.5108000" lon="-0.0690000">
    <ele>12.4</ele>
    <time>2023-12-10T09:36:30Z</time>
   </trkpt>
   <trkpt lat="51.5108020" lon="-0.0690640">
    <ele>12.4</ele>
    <time>2023-12-10T09:36:31Z</time>
   </trkpt>
   <trkpt lat="51.5108000" lon="-0.0691390">
    <ele>12.4</ele>
    <time>2023-12-10T09:36:32Z</time>
   </trkpt>
   <trkpt lat="51.5107940" lon="-0.0691930">
    <ele>12.4</ele>
    <time>2023-12-10T09:36:33Z</time>
   </trkpt>
   <trkpt lat="51.5107670" lon="-0.0692460">
    <ele>12.4</ele>
    <time>2023-12-10T09:36:34Z</time>
   </trkpt>
   <trkpt lat="51.5107680" lon="-0.0693140">
    <ele>12.4</ele>
    <time>2023-12-10T09:36:35Z</time>
   </trkpt>
   <trkpt lat="51.5107490" lon="-0.0693680">
    <ele>12.4</ele>
    <time>2023-12-10T09:36:36Z</time>
   </trkpt>
   <trkpt lat="51.5107230" lon="-0.0694120">
    <ele>12.4</ele>
    <time>2023-12-10T09:36:37Z</time>
   </trkpt>
   <trkpt lat="51.5107080" lon="-0.0694590">
    <ele>12.4</ele>
    <time>2023-12-10T09:36:38Z</time>
   </trkpt>
   <trkpt lat="51.5107060" lon="-0.0695240">
    <ele>12.4</ele>
    <time>2023-12-10T09:36:39Z</time>
   </trkpt>
   <trkpt lat="51.5106960" lon="-0.0695710">
    <ele>12.4</ele>
    <time>2023-12-10T09:36:40Z</time>
   </trkpt>
   <trkpt lat="51.5106820" lon="-0.0696180">
    <ele>12.4</ele>
    <time>2023-12-10T09:36:41Z</time>
   </trkpt>
   <trkpt lat="51.5106740" lon="-0.0696650">
    <ele>12.4</ele>
    <time>2023-12-10T09:36:42Z</time>
   </trkpt>
   <trkpt lat="51.5106580" lon="-0.0697240">
    <ele>12.3</ele>
    <time>2023-12-10T09:36:43Z</time>
   </trkpt>
   <trkpt lat="51.5106440" lon="-0.0697620">
    <ele>12.3</ele>
    <time>2023-12-10T09:36:44Z</time>
   </trkpt>
   <trkpt lat="51.5106310" lon="-0.0698180">
    <ele>12.3</ele>
    <time>2023-12-10T09:36:45Z</time>
   </trkpt>
   <trkpt lat="51.5106120" lon="-0.0698700">
    <ele>12.3</ele>
    <time>2023-12-10T09:36:46Z</time>
   </trkpt>
   <trkpt lat="51.5106100" lon="-0.0698920">
    <ele>12.3</ele>
    <time>2023-12-10T09:36:47Z</time>
   </trkpt>
   <trkpt lat="51.5106080" lon="-0.0699730">
    <ele>12.3</ele>
    <time>2023-12-10T09:36:48Z</time>
   </trkpt>
   <trkpt lat="51.5106000" lon="-0.0700390">
    <ele>12.3</ele>
    <time>2023-12-10T09:36:49Z</time>
   </trkpt>
   <trkpt lat="51.5105820" lon="-0.0701170">
    <ele>12.3</ele>
    <time>2023-12-10T09:36:50Z</time>
   </trkpt>
   <trkpt lat="51.5105670" lon="-0.0701790">
    <ele>12.4</ele>
    <time>2023-12-10T09:36:51Z</time>
   </trkpt>
   <trkpt lat="51.5105590" lon="-0.0702370">
    <ele>12.4</ele>
    <time>2023-12-10T09:36:52Z</time>
   </trkpt>
   <trkpt lat="51.5105530" lon="-0.0702910">
    <ele>12.4</ele>
    <time>2023-12-10T09:36:53Z</time>
   </trkpt>
   <trkpt lat="51.5105470" lon="-0.0703470">
    <ele>12.4</ele>
    <time>2023-12-10T09:36:54Z</time>
   </trkpt>
   <trkpt lat="51.5105350" lon="-0.0704020">
    <ele>12.4</ele>
    <time>2023-12-10T09:36:55Z</time>
   </trkpt>
   <trkpt lat="51.5105270" lon="-0.0704600">
    <ele>12.4</ele>
    <time>2023-12-10T09:36:56Z</time>
   </trkpt>
   <trkpt lat="51.5105090" lon="-0.0705210">
    <ele>12.4</ele>
    <time>2023-12-10T09:36:57Z</time>
   </trkpt>
   <trkpt lat="51.5105060" lon="-0.0705790">
    <ele>12.4</ele>
    <time>2023-12-10T09:36:58Z</time>
   </trkpt>
   <trkpt lat="51.5104980" lon="-0.0706250">
    <ele>12.4</ele>
    <time>2023-12-10T09:36:59Z</time>
   </trkpt>
   <trkpt lat="51.5104950" lon="-0.0706930">
    <ele>12.4</ele>
    <time>2023-12-10T09:37:00Z</time>
   </trkpt>
   <trkpt lat="51.5104920" lon="-0.0707390">
    <ele>12.4</ele>
    <time>2023-12-10T09:37:01Z</time>
   </trkpt>
   <trkpt lat="51.5104810" lon="-0.0708030">
    <ele>12.5</ele>
    <time>2023-12-10T09:37:02Z</time>
   </trkpt>
   <trkpt lat="51.5104600" lon="-0.0708610">
    <ele>12.5</ele>
    <time>2023-12-10T09:37:03Z</time>
   </trkpt>
   <trkpt lat="51.5104540" lon="-0.0709210">
    <ele>12.5</ele>
    <time>2023-12-10T09:37:04Z</time>
   </trkpt>
   <trkpt lat="51.5104480" lon="-0.0709700">
    <ele>12.5</ele>
    <time>2023-12-10T09:37:05Z</time>
   </trkpt>
   <trkpt lat="51.5104390" lon="-0.0710340">
    <ele>12.5</ele>
    <time>2023-12-10T09:37:06Z</time>
   </trkpt>
   <trkpt lat="51.5104400" lon="-0.0711030">
    <ele>12.6</ele>
    <time>2023-12-10T09:37:07Z</time>
   </trkpt>
   <trkpt lat="51.5104410" lon="-0.0711830">
    <ele>12.6</ele>
    <time>2023-12-10T09:37:08Z</time>
   </trkpt>
   <trkpt lat="51.5104220" lon="-0.0712350">
    <ele>12.6</ele>
    <time>2023-12-10T09:37:09Z</time>
   </trkpt>
   <trkpt lat="51.5104010" lon="-0.0712850">
    <ele>12.6</ele>
    <time>2023-12-10T09:37:10Z</time>
   </trkpt>
   <trkpt lat="51.5103930" lon="-0.0713680">
    <ele>12.6</ele>
    <time>2023-12-10T09:37:11Z</time>
   </trkpt>
   <trkpt lat="51.5103870" lon="-0.0714180">
    <ele>12.6</ele>
    <time>2023-12-10T09:37:12Z</time>
   </trkpt>
   <trkpt lat="51.5103800" lon="-0.0714800">
    <ele>12.6</ele>
    <time>2023-12-10T09:37:13Z</time>
   </trkpt>
   <trkpt lat="51.5103610" lon="-0.0715140">
    <ele>12.6</ele>
    <time>2023-12-10T09:37:14Z</time>
   </trkpt>
   <trkpt lat="51.5103410" lon="-0.0715540">
    <ele>12.6</ele>
    <time>2023-12-10T09:37:15Z</time>
   </trkpt>
   <trkpt lat="51.5103160" lon="-0.0715800">
    <ele>12.6</ele>
    <time>2023-12-10T09:37:16Z</time>
   </trkpt>
   <trkpt lat="51.5103000" lon="-0.0716170">
    <ele>12.7</ele>
    <time>2023-12-10T09:37:17Z</time>
   </trkpt>
   <trkpt lat="51.5102740" lon="-0.0716580">
    <ele>12.7</ele>
    <time>2023-12-10T09:37:18Z</time>
   </trkpt>
   <trkpt lat="51.5102660" lon="-0.0716800">
    <ele>12.7</ele>
    <time>2023-12-10T09:37:19Z</time>
   </trkpt>
   <trkpt lat="51.5102370" lon="-0.0717090">
    <ele>12.7</ele>
    <time>2023-12-10T09:37:20Z</time>
   </trkpt>
   <trkpt lat="51.5102100" lon="-0.0717430">
    <ele>12.7</ele>
    <time>2023-12-10T09:37:21Z</time>
   </trkpt>
   <trkpt lat="51.5101820" lon="-0.0718210">
    <ele>12.8</ele>
    <time>2023-12-10T09:37:22Z</time>
   </trkpt>
   <trkpt lat="51.5101550" lon="-0.0718440">
    <ele>12.8</ele>
    <time>2023-12-10T09:37:23Z</time>
   </trkpt>
   <trkpt lat="51.5101340" lon="-0.0718870">
    <ele>12.8</ele>
    <time>2023-12-10T09:37:24Z</time>
   </trkpt>
   <trkpt lat="51.5100790" lon="-0.0719110">
    <ele>12.8</ele>
    <time>2023-12-10T09:37:25Z</time>
   </trkpt>
   <trkpt lat="51.5100510" lon="-0.0719440">
    <ele>12.8</ele>
    <time>2023-12-10T09:37:26Z</time>
   </trkpt>
   <trkpt lat="51.5100600" lon="-0.0720190">
    <ele>12.8</ele>
    <time>2023-12-10T09:37:27Z</time>
   </trkpt>
   <trkpt lat="51.5100580" lon="-0.0720780">
    <ele>12.8</ele>
    <time>2023-12-10T09:37:28Z</time>
   </trkpt>
   <trkpt lat="51.5100650" lon="-0.0721620">
    <ele>12.9</ele>
    <time>2023-12-10T09:37:29Z</time>
   </trkpt>
   <trkpt lat="51.5100790" lon="-0.0722580">
    <ele>13.0</ele>
    <time>2023-12-10T09:37:30Z</time>
   </trkpt>
   <trkpt lat="51.5100800" lon="-0.0723320">
    <ele>13.1</ele>
    <time>2023-12-10T09:37:31Z</time>
   </trkpt>
   <trkpt lat="51.5100980" lon="-0.0724150">
    <ele>13.1</ele>
    <time>2023-12-10T09:37:32Z</time>
   </trkpt>
   <trkpt lat="51.5101070" lon="-0.0724810">
    <ele>13.2</ele>
    <time>2023-12-10T09:37:33Z</time>
   </trkpt>
   <trkpt lat="51.5101160" lon="-0.0725480">
    <ele>13.2</ele>
    <time>2023-12-10T09:37:34Z</time>
   </trkpt>
   <trkpt lat="51.5101040" lon="-0.0726110">
    <ele>13.3</ele>
    <time>2023-12-10T09:37:35Z</time>
   </trkpt>
   <trkpt lat="51.5100740" lon="-0.0726550">
    <ele>13.3</ele>
    <time>2023-12-10T09:37:36Z</time>
   </trkpt>
   <trkpt lat="51.5100490" lon="-0.0726890">
    <ele>13.3</ele>
    <time>2023-12-10T09:37:37Z</time>
   </trkpt>
   <trkpt lat="51.5100250" lon="-0.0727210">
    <ele>13.4</ele>
    <time>2023-12-10T09:37:38Z</time>
   </trkpt>
   <trkpt lat="51.5099860" lon="-0.0727450">
    <ele>13.4</ele>
    <time>2023-12-10T09:37:39Z</time>
   </trkpt>
   <trkpt lat="51.5099690" lon="-0.0727550">
    <ele>13.4</ele>
    <time>2023-12-10T09:37:40Z</time>
   </trkpt>
   <trkpt lat="51.5099360" lon="-0.0727930">
    <ele>13.4</ele>
    <time>2023-12-10T09:37:41Z</time>
   </trkpt>
   <trkpt lat="51.5099200" lon="-0.0728360">
    <ele>13.3</ele>
    <time>2023-12-10T09:37:42Z</time>
   </trkpt>
   <trkpt lat="51.5099010" lon="-0.0728810">
    <ele>13.3</ele>
    <time>2023-12-10T09:37:43Z</time>
   </trkpt>
   <trkpt lat="51.5098850" lon="-0.0729260">
    <ele>13.2</ele>
    <time>2023-12-10T09:37:44Z</time>
   </trkpt>
   <trkpt lat="51.5098580" lon="-0.0729540">
    <ele>13.2</ele>
    <time>2023-12-10T09:37:45Z</time>
   </trkpt>
   <trkpt lat="51.5098500" lon="-0.0730070">
    <ele>13.1</ele>
    <time>2023-12-10T09:37:46Z</time>
   </trkpt>
   <trkpt lat="51.5098350" lon="-0.0730490">
    <ele>13.1</ele>
    <time>2023-12-10T09:37:47Z</time>
   </trkpt>
   <trkpt lat="51.5098150" lon="-0.0730940">
    <ele>13.0</ele>
    <time>2023-12-10T09:37:48Z</time>
   </trkpt>
   <trkpt lat="51.5097960" lon="-0.0731310">
    <ele>13.0</ele>
    <time>2023-12-10T09:37:49Z</time>
   </trkpt>
   <trkpt lat="51.5097760" lon="-0.0731750">
    <ele>12.9</ele>
    <time>2023-12-10T09:37:50Z</time>
   </trkpt>
   <trkpt lat="51.5097570" lon="-0.0732240">
    <ele>12.9</ele>
    <time>2023-12-10T09:37:51Z</time>
   </trkpt>
   <trkpt lat="51.5097410" lon="-0.0732780">
    <ele>12.9</ele>
    <time>2023-12-10T09:37:52Z</time>
   </trkpt>
   <trkpt lat="51.5097390" lon="-0.0733450">
    <ele>12.8</ele>
    <time>2023-12-10T09:37:53Z</time>
   </trkpt>
   <trkpt lat="51.5097270" lon="-0.0734060">
    <ele>12.7</ele>
    <time>2023-12-10T09:37:54Z</time>
   </trkpt>
   <trkpt lat="51.5097050" lon="-0.0734520">
    <ele>12.7</ele>
    <time>2023-12-10T09:37:55Z</time>
   </trkpt>
   <trkpt lat="51.5096900" lon="-0.0735090">
    <ele>12.6</ele>
    <time>2023-12-10T09:37:56Z</time>
   </trkpt>
   <trkpt lat="51.5096670" lon="-0.0735450">
    <ele>12.6</ele>
    <time>2023-12-10T09:37:57Z</time>
   </trkpt>
   <trkpt lat="51.5096430" lon="-0.0735870">
    <ele>12.6</ele>
    <time>2023-12-10T09:37:58Z</time>
   </trkpt>
   <trkpt lat="51.5096180" lon="-0.0735310">
    <ele>12.6</ele>
    <time>2023-12-10T09:37:59Z</time>
   </trkpt>
   <trkpt lat="51.5095930" lon="-0.0735900">
    <ele>12.6</ele>
    <time>2023-12-10T09:38:00Z</time>
   </trkpt>
   <trkpt lat="51.5095840" lon="-0.0736310">
    <ele>12.6</ele>
    <time>2023-12-10T09:38:01Z</time>
   </trkpt>
   <trkpt lat="51.5095570" lon="-0.0736790">
    <ele>12.6</ele>
    <time>2023-12-10T09:38:02Z</time>
   </trkpt>
   <trkpt lat="51.5095270" lon="-0.0737120">
    <ele>12.7</ele>
    <time>2023-12-10T09:38:03Z</time>
   </trkpt>
   <trkpt lat="51.5094950" lon="-0.0737280">
    <ele>13.1</ele>
    <time>2023-12-10T09:38:04Z</time>
   </trkpt>
   <trkpt lat="51.5094890" lon="-0.0737440">
    <ele>13.3</ele>
    <time>2023-12-10T09:38:05Z</time>
   </trkpt>
   <trkpt lat="51.5094600" lon="-0.0737600">
    <ele>13.7</ele>
    <time>2023-12-10T09:38:06Z</time>
   </trkpt>
   <trkpt lat="51.5094340" lon="-0.0738090">
    <ele>13.4</ele>
    <time>2023-12-10T09:38:07Z</time>
   </trkpt>
   <trkpt lat="51.5094190" lon="-0.0738220">
    <ele>13.0</ele>
    <time>2023-12-10T09:38:08Z</time>
   </trkpt>
   <trkpt lat="51.5093670" lon="-0.0738410">
    <ele>12.3</ele>
    <time>2023-12-10T09:38:09Z</time>
   </trkpt>
   <trkpt lat="51.5093240" lon="-0.0738440">
    <ele>11.9</ele>
    <time>2023-12-10T09:38:10Z</time>
   </trkpt>
   <trkpt lat="51.5092820" lon="-0.0738520">
    <ele>11.8</ele>
    <time>2023-12-10T09:38:11Z</time>
   </trkpt>
   <trkpt lat="51.5092540" lon="-0.0738240">
    <ele>11.8</ele>
    <time>2023-12-10T09:38:12Z</time>
   </trkpt>
   <trkpt lat="51.5092160" lon="-0.0738010">
    <ele>11.7</ele>
    <time>2023-12-10T09:38:13Z</time>
   </trkpt>
   <trkpt lat="51.5091750" lon="-0.0738220">
    <ele>11.6</ele>
    <time>2023-12-10T09:38:14Z</time>
   </trkpt>
   <trkpt lat="51.5091370" lon="-0.0738480">
    <ele>11.6</ele>
    <time>2023-12-10T09:38:15Z</time>
   </trkpt>
   <trkpt lat="51.5091010" lon="-0.0738760">
    <ele>11.5</ele>
    <time>2023-12-10T09:38:16Z</time>
   </trkpt>
   <trkpt lat="51.5090630" lon="-0.0739120">
    <ele>11.3</ele>
    <time>2023-12-10T09:38:17Z</time>
   </trkpt>
   <trkpt lat="51.5090230" lon="-0.0739310">
    <ele>11.2</ele>
    <time>2023-12-10T09:38:18Z</time>
   </trkpt>
   <trkpt lat="51.5090070" lon="-0.0739330">
    <ele>11.2</ele>
    <time>2023-12-10T09:38:19Z</time>
   </trkpt>
   <trkpt lat="51.5089710" lon="-0.0739730">
    <ele>11.1</ele>
    <time>2023-12-10T09:38:20Z</time>
   </trkpt>
   <trkpt lat="51.5089310" lon="-0.0739810">
    <ele>11.0</ele>
    <time>2023-12-10T09:38:21Z</time>
   </trkpt>
   <trkpt lat="51.5088980" lon="-0.0739790">
    <ele>10.9</ele>
    <time>2023-12-10T09:38:22Z</time>
   </trkpt>
   <trkpt lat="51.5088500" lon="-0.0739620">
    <ele>11.0</ele>
    <time>2023-12-10T09:38:23Z</time>
   </trkpt>
   <trkpt lat="51.5088180" lon="-0.0739830">
    <ele>11.0</ele>
    <time>2023-12-10T09:38:24Z</time>
   </trkpt>
   <trkpt lat="51.5087800" lon="-0.0739920">
    <ele>11.1</ele>
    <time>2023-12-10T09:38:25Z</time>
   </trkpt>
   <trkpt lat="51.5087390" lon="-0.0739960">
    <ele>11.1</ele>
    <time>2023-12-10T09:38:26Z</time>
   </trkpt>
   <trkpt lat="51.5086900" lon="-0.0740020">
    <ele>11.2</ele>
    <time>2023-12-10T09:38:27Z</time>
   </trkpt>
   <trkpt lat="51.5086470" lon="-0.0740020">
    <ele>11.2</ele>
    <time>2023-12-10T09:38:28Z</time>
   </trkpt>
   <trkpt lat="51.5086130" lon="-0.0740120">
    <ele>11.2</ele>
    <time>2023-12-10T09:38:29Z</time>
   </trkpt>
   <trkpt lat="51.5085720" lon="-0.0740190">
    <ele>11.2</ele>
    <time>2023-12-10T09:38:30Z</time>
   </trkpt>
   <trkpt lat="51.5085460" lon="-0.0740320">
    <ele>11.2</ele>
    <time>2023-12-10T09:38:31Z</time>
   </trkpt>
   <trkpt lat="51.5085090" lon="-0.0740350">
    <ele>11.1</ele>
    <time>2023-12-10T09:38:32Z</time>
   </trkpt>
   <trkpt lat="51.5084710" lon="-0.0740410">
    <ele>11.1</ele>
    <time>2023-12-10T09:38:33Z</time>
   </trkpt>
   <trkpt lat="51.5084310" lon="-0.0740560">
    <ele>11.1</ele>
    <time>2023-12-10T09:38:34Z</time>
   </trkpt>
   <trkpt lat="51.5084140" lon="-0.0740590">
    <ele>11.1</ele>
    <time>2023-12-10T09:38:35Z</time>
   </trkpt>
   <trkpt lat="51.5083960" lon="-0.0740890">
    <ele>11.1</ele>
    <time>2023-12-10T09:38:36Z</time>
   </trkpt>
   <trkpt lat="51.5083830" lon="-0.0741030">
    <ele>11.1</ele>
    <time>2023-12-10T09:38:37Z</time>
   </trkpt>
   <trkpt lat="51.5083700" lon="-0.0741170">
    <ele>11.1</ele>
    <time>2023-12-10T09:38:38Z</time>
   </trkpt>
   <trkpt lat="51.5083390" lon="-0.0741200">
    <ele>11.1</ele>
    <time>2023-12-10T09:38:39Z</time>
   </trkpt>
   <trkpt lat="51.5083050" lon="-0.0741330">
    <ele>11.0</ele>
    <time>2023-12-10T09:38:40Z</time>
   </trkpt>
   <trkpt lat="51.5082660" lon="-0.0741420">
    <ele>11.0</ele>
    <time>2023-12-10T09:38:41Z</time>
   </trkpt>
   <trkpt lat="51.5082110" lon="-0.0741400">
    <ele>11.0</ele>
    <time>2023-12-10T09:38:42Z</time>
   </trkpt>
   <trkpt lat="51.5081570" lon="-0.0741430">
    <ele>11.0</ele>
    <time>2023-12-10T09:38:43Z</time>
   </trkpt>
   <trkpt lat="51.5081110" lon="-0.0741430">
    <ele>11.0</ele>
    <time>2023-12-10T09:38:44Z</time>
   </trkpt>
   <trkpt lat="51.5080670" lon="-0.0741520">
    <ele>11.0</ele>
    <time>2023-12-10T09:38:45Z</time>
   </trkpt>
   <trkpt lat="51.5080210" lon="-0.0741590">
    <ele>11.0</ele>
    <time>2023-12-10T09:38:46Z</time>
   </trkpt>
   <trkpt lat="51.5079720" lon="-0.0741800">
    <ele>11.0</ele>
    <time>2023-12-10T09:38:47Z</time>
   </trkpt>
   <trkpt lat="51.5079330" lon="-0.0741790">
    <ele>11.0</ele>
    <time>2023-12-10T09:38:48Z</time>
   </trkpt>
   <trkpt lat="51.5078900" lon="-0.0741790">
    <ele>11.0</ele>
    <time>2023-12-10T09:38:49Z</time>
   </trkpt>
   <trkpt lat="51.5078460" lon="-0.0741940">
    <ele>11.0</ele>
    <time>2023-12-10T09:38:50Z</time>
   </trkpt>
   <trkpt lat="51.5078030" lon="-0.0742080">
    <ele>11.0</ele>
    <time>2023-12-10T09:38:51Z</time>
   </trkpt>
   <trkpt lat="51.5077510" lon="-0.0742150">
    <ele>11.0</ele>
    <time>2023-12-10T09:38:52Z</time>
   </trkpt>
   <trkpt lat="51.5077180" lon="-0.0742160">
    <ele>11.0</ele>
    <time>2023-12-10T09:38:53Z</time>
   </trkpt>
   <trkpt lat="51.5076920" lon="-0.0742270">
    <ele>11.0</ele>
    <time>2023-12-10T09:38:54Z</time>
   </trkpt>
   <trkpt lat="51.5076530" lon="-0.0742450">
    <ele>11.0</ele>
    <time>2023-12-10T09:38:55Z</time>
   </trkpt>
   <trkpt lat="51.5075990" lon="-0.0742440">
    <ele>11.1</ele>
    <time>2023-12-10T09:38:56Z</time>
   </trkpt>
   <trkpt lat="51.5075500" lon="-0.0742630">
    <ele>11.1</ele>
    <time>2023-12-10T09:38:57Z</time>
   </trkpt>
   <trkpt lat="51.5075230" lon="-0.0742670">
    <ele>11.1</ele>
    <time>2023-12-10T09:38:58Z</time>
   </trkpt>
   <trkpt lat="51.5074860" lon="-0.0742760">
    <ele>11.2</ele>
    <time>2023-12-10T09:38:59Z</time>
   </trkpt>
   <trkpt lat="51.5074460" lon="-0.0742840">
    <ele>11.2</ele>
    <time>2023-12-10T09:39:00Z</time>
   </trkpt>
   <trkpt lat="51.5074030" lon="-0.0742930">
    <ele>11.3</ele>
    <time>2023-12-10T09:39:01Z</time>
   </trkpt>
   <trkpt lat="51.5073690" lon="-0.0742990">
    <ele>11.3</ele>
    <time>2023-12-10T09:39:02Z</time>
   </trkpt>
   <trkpt lat="51.5073400" lon="-0.0743110">
    <ele>11.3</ele>
    <time>2023-12-10T09:39:03Z</time>
   </trkpt>
   <trkpt lat="51.5073010" lon="-0.0743130">
    <ele>11.4</ele>
    <time>2023-12-10T09:39:04Z</time>
   </trkpt>
   <trkpt lat="51.5072540" lon="-0.0743210">
    <ele>11.4</ele>
    <time>2023-12-10T09:39:05Z</time>
   </trkpt>
   <trkpt lat="51.5072060" lon="-0.0743250">
    <ele>11.5</ele>
    <time>2023-12-10T09:39:06Z</time>
   </trkpt>
   <trkpt lat="51.5071650" lon="-0.0743350">
    <ele>11.5</ele>
    <time>2023-12-10T09:39:07Z</time>
   </trkpt>
   <trkpt lat="51.5071490" lon="-0.0743440">
    <ele>11.5</ele>
    <time>2023-12-10T09:39:08Z</time>
   </trkpt>
   <trkpt lat="51.5071020" lon="-0.0743500">
    <ele>11.5</ele>
    <time>2023-12-10T09:39:09Z</time>
   </trkpt>
   <trkpt lat="51.5070660" lon="-0.0743690">
    <ele>11.6</ele>
    <time>2023-12-10T09:39:10Z</time>
   </trkpt>
   <trkpt lat="51.5070260" lon="-0.0743830">
    <ele>11.7</ele>
    <time>2023-12-10T09:39:11Z</time>
   </trkpt>
   <trkpt lat="51.5069860" lon="-0.0744090">
    <ele>11.8</ele>
    <time>2023-12-10T09:39:12Z</time>
   </trkpt>
   <trkpt lat="51.5069540" lon="-0.0744300">
    <ele>11.9</ele>
    <time>2023-12-10T09:39:13Z</time>
   </trkpt>
   <trkpt lat="51.5069170" lon="-0.0744450">
    <ele>11.9</ele>
    <time>2023-12-10T09:39:14Z</time>
   </trkpt>
   <trkpt lat="51.5068870" lon="-0.0744510">
    <ele>12.0</ele>
    <time>2023-12-10T09:39:15Z</time>
   </trkpt>
   <trkpt lat="51.5068450" lon="-0.0744640">
    <ele>12.0</ele>
    <time>2023-12-10T09:39:16Z</time>
   </trkpt>
   <trkpt lat="51.5068140" lon="-0.0744570">
    <ele>12.1</ele>
    <time>2023-12-10T09:39:17Z</time>
   </trkpt>
   <trkpt lat="51.5067780" lon="-0.0744870">
    <ele>12.2</ele>
    <time>2023-12-10T09:39:18Z</time>
   </trkpt>
   <trkpt lat="51.5067420" lon="-0.0745030">
    <ele>12.2</ele>
    <time>2023-12-10T09:39:19Z</time>
   </trkpt>
   <trkpt lat="51.5067080" lon="-0.0745130">
    <ele>12.3</ele>
    <time>2023-12-10T09:39:20Z</time>
   </trkpt>
   <trkpt lat="51.5066750" lon="-0.0745130">
    <ele>12.3</ele>
    <time>2023-12-10T09:39:21Z</time>
   </trkpt>
   <trkpt lat="51.5066410" lon="-0.0745120">
    <ele>12.4</ele>
    <time>2023-12-10T09:39:22Z</time>
   </trkpt>
   <trkpt lat="51.5066130" lon="-0.0745710">
    <ele>12.4</ele>
    <time>2023-12-10T09:39:23Z</time>
   </trkpt>
   <trkpt lat="51.5066060" lon="-0.0746090">
    <ele>12.5</ele>
    <time>2023-12-10T09:39:24Z</time>
   </trkpt>
   <trkpt lat="51.5065660" lon="-0.0746150">
    <ele>12.5</ele>
    <time>2023-12-10T09:39:25Z</time>
   </trkpt>
   <trkpt lat="51.5065310" lon="-0.0746620">
    <ele>12.6</ele>
    <time>2023-12-10T09:39:26Z</time>
   </trkpt>
   <trkpt lat="51.5065010" lon="-0.0746890">
    <ele>12.7</ele>
    <time>2023-12-10T09:39:27Z</time>
   </trkpt>
   <trkpt lat="51.5064600" lon="-0.0747100">
    <ele>12.7</ele>
    <time>2023-12-10T09:39:28Z</time>
   </trkpt>
   <trkpt lat="51.5064230" lon="-0.0747330">
    <ele>12.8</ele>
    <time>2023-12-10T09:39:29Z</time>
   </trkpt>
   <trkpt lat="51.5063860" lon="-0.0747650">
    <ele>12.9</ele>
    <time>2023-12-10T09:39:30Z</time>
   </trkpt>
   <trkpt lat="51.5063750" lon="-0.0747860">
    <ele>12.9</ele>
    <time>2023-12-10T09:39:31Z</time>
   </trkpt>
   <trkpt lat="51.5063310" lon="-0.0748190">
    <ele>13.0</ele>
    <time>2023-12-10T09:39:32Z</time>
   </trkpt>
   <trkpt lat="51.5062910" lon="-0.0748500">
    <ele>13.1</ele>
    <time>2023-12-10T09:39:33Z</time>
   </trkpt>
   <trkpt lat="51.5062520" lon="-0.0748780">
    <ele>13.2</ele>
    <time>2023-12-10T09:39:34Z</time>
   </trkpt>
   <trkpt lat="51.5062320" lon="-0.0748830">
    <ele>13.2</ele>
    <time>2023-12-10T09:39:35Z</time>
   </trkpt>
   <trkpt lat="51.5062050" lon="-0.0749140">
    <ele>13.2</ele>
    <time>2023-12-10T09:39:36Z</time>
   </trkpt>
   <trkpt lat="51.5061730" lon="-0.0749190">
    <ele>13.3</ele>
    <time>2023-12-10T09:39:37Z</time>
   </trkpt>
   <trkpt lat="51.5061400" lon="-0.0749570">
    <ele>13.4</ele>
    <time>2023-12-10T09:39:38Z</time>
   </trkpt>
   <trkpt lat="51.5061140" lon="-0.0749880">
    <ele>13.4</ele>
    <time>2023-12-10T09:39:39Z</time>
   </trkpt>
   <trkpt lat="51.5060900" lon="-0.0750190">
    <ele>13.5</ele>
    <time>2023-12-10T09:39:40Z</time>
   </trkpt>
   <trkpt lat="51.5060490" lon="-0.0750550">
    <ele>13.5</ele>
    <time>2023-12-10T09:39:41Z</time>
   </trkpt>
   <trkpt lat="51.5060330" lon="-0.0751050">
    <ele>13.6</ele>
    <time>2023-12-10T09:39:42Z</time>
   </trkpt>
   <trkpt lat="51.5060200" lon="-0.0751620">
    <ele>13.7</ele>
    <time>2023-12-10T09:39:43Z</time>
   </trkpt>
   <trkpt lat="51.5060290" lon="-0.0751940">
    <ele>13.7</ele>
    <time>2023-12-10T09:39:44Z</time>
   </trkpt>
   <trkpt lat="51.5060280" lon="-0.0752080">
    <ele>13.7</ele>
    <time>2023-12-10T09:39:45Z</time>
   </trkpt>
   <trkpt lat="51.5060270" lon="-0.0752220">
    <ele>13.7</ele>
    <time>2023-12-10T09:39:46Z</time>
   </trkpt>
   <trkpt lat="51.5060220" lon="-0.0752160">
    <ele>13.7</ele>
    <time>2023-12-10T09:39:47Z</time>
   </trkpt>
   <trkpt lat="51.5060140" lon="-0.0752650">
    <ele>13.8</ele>
    <time>2023-12-10T09:39:48Z</time>
   </trkpt>
   <trkpt lat="51.5059790" lon="-0.0752900">
    <ele>13.9</ele>
    <time>2023-12-10T09:39:49Z</time>
   </trkpt>
   <trkpt lat="51.5059330" lon="-0.0753020">
    <ele>13.9</ele>
    <time>2023-12-10T09:39:50Z</time>
   </trkpt>
   <trkpt lat="51.5059040" lon="-0.0753140">
    <ele>13.9</ele>
    <time>2023-12-10T09:39:51Z</time>
   </trkpt>
   <trkpt lat="51.5058820" lon="-0.0752870">
    <ele>13.9</ele>
    <time>2023-12-10T09:39:52Z</time>
   </trkpt>
   <trkpt lat="51.5058660" lon="-0.0752470">
    <ele>13.9</ele>
    <time>2023-12-10T09:39:53Z</time>
   </trkpt>
   <trkpt lat="51.5058340" lon="-0.0752220">
    <ele>14.0</ele>
    <time>2023-12-10T09:39:54Z</time>
   </trkpt>
   <trkpt lat="51.5058200" lon="-0.0752100">
    <ele>14.0</ele>
    <time>2023-12-10T09:39:55Z</time>
   </trkpt>
   <trkpt lat="51.5057860" lon="-0.0752320">
    <ele>14.0</ele>
    <time>2023-12-10T09:39:56Z</time>
   </trkpt>
   <trkpt lat="51.5057590" lon="-0.0752490">
    <ele>14.0</ele>
    <time>2023-12-10T09:39:57Z</time>
   </trkpt>
   <trkpt lat="51.5057230" lon="-0.0752660">
    <ele>14.0</ele>
    <time>2023-12-10T09:39:58Z</time>
   </trkpt>
   <trkpt lat="51.5056830" lon="-0.0753000">
    <ele>14.0</ele>
    <time>2023-12-10T09:39:59Z</time>
   </trkpt>
   <trkpt lat="51.5056410" lon="-0.0753270">
    <ele>14.1</ele>
    <time>2023-12-10T09:40:00Z</time>
   </trkpt>
   <trkpt lat="51.5056080" lon="-0.0753530">
    <ele>14.1</ele>
    <time>2023-12-10T09:40:01Z</time>
   </trkpt>
   <trkpt lat="51.5055740" lon="-0.0753760">
    <ele>14.1</ele>
    <time>2023-12-10T09:40:02Z</time>
   </trkpt>
   <trkpt lat="51.5055420" lon="-0.0754020">
    <ele>14.1</ele>
    <time>2023-12-10T09:40:03Z</time>
   </trkpt>
   <trkpt lat="51.5055080" lon="-0.0754280">
    <ele>14.0</ele>
    <time>2023-12-10T09:40:04Z</time>
   </trkpt>
   <trkpt lat="51.5054750" lon="-0.0754550">
    <ele>14.0</ele>
    <time>2023-12-10T09:40:05Z</time>
   </trkpt>
   <trkpt lat="51.5054470" lon="-0.0754770">
    <ele>14.0</ele>
    <time>2023-12-10T09:40:06Z</time>
   </trkpt>
   <trkpt lat="51.5054160" lon="-0.0754990">
    <ele>14.0</ele>
    <time>2023-12-10T09:40:07Z</time>
   </trkpt>
   <trkpt lat="51.5053770" lon="-0.0755180">
    <ele>14.0</ele>
    <time>2023-12-10T09:40:08Z</time>
   </trkpt>
   <trkpt lat="51.5053480" lon="-0.0755330">
    <ele>14.0</ele>
    <time>2023-12-10T09:40:09Z</time>
   </trkpt>
   <trkpt lat="51.5053140" lon="-0.0755530">
    <ele>13.9</ele>
    <time>2023-12-10T09:40:10Z</time>
   </trkpt>
   <trkpt lat="51.5052990" lon="-0.0755950">
    <ele>13.9</ele>
    <time>2023-12-10T09:40:11Z</time>
   </trkpt>
   <trkpt lat="51.5052960" lon="-0.0756140">
    <ele>13.9</ele>
    <time>2023-12-10T09:40:12Z</time>
   </trkpt>
   <trkpt lat="51.5052930" lon="-0.0756710">
    <ele>13.9</ele>
    <time>2023-12-10T09:40:13Z</time>
   </trkpt>
   <trkpt lat="51.5052600" lon="-0.0757000">
    <ele>13.9</ele>
    <time>2023-12-10T09:40:14Z</time>
   </trkpt>
   <trkpt lat="51.5052320" lon="-0.0757320">
    <ele>13.8</ele>
    <time>2023-12-10T09:40:15Z</time>
   </trkpt>
   <trkpt lat="51.5051960" lon="-0.0757420">
    <ele>13.8</ele>
    <time>2023-12-10T09:40:16Z</time>
   </trkpt>
   <trkpt lat="51.5051460" lon="-0.0757050">
    <ele>13.8</ele>
    <time>2023-12-10T09:40:17Z</time>
   </trkpt>
   <trkpt lat="51.5051180" lon="-0.0756650">
    <ele>13.7</ele>
    <time>2023-12-10T09:40:18Z</time>
   </trkpt>
   <trkpt lat="51.5050960" lon="-0.0756920">
    <ele>13.6</ele>
    <time>2023-12-10T09:40:19Z</time>
   </trkpt>
   <trkpt lat="51.5050750" lon="-0.0757240">
    <ele>13.6</ele>
    <time>2023-12-10T09:40:20Z</time>
   </trkpt>
   <trkpt lat="51.5050380" lon="-0.0757630">
    <ele>13.4</ele>
    <time>2023-12-10T09:40:21Z</time>
   </trkpt>
   <trkpt lat="51.5050230" lon="-0.0757770">
    <ele>13.4</ele>
    <time>2023-12-10T09:40:22Z</time>
   </trkpt>
   <trkpt lat="51.5049760" lon="-0.0758080">
    <ele>13.2</ele>
    <time>2023-12-10T09:40:23Z</time>
   </trkpt>
   <trkpt lat="51.5049360" lon="-0.0758310">
    <ele>13.1</ele>
    <time>2023-12-10T09:40:24Z</time>
   </trkpt>
   <trkpt lat="51.5048930" lon="-0.0758580">
    <ele>12.9</ele>
    <time>2023-12-10T09:40:25Z</time>
   </trkpt>
   <trkpt lat="51.5048540" lon="-0.0758790">
    <ele>12.8</ele>
    <time>2023-12-10T09:40:26Z</time>
   </trkpt>
   <trkpt lat="51.5048220" lon="-0.0759030">
    <ele>12.7</ele>
    <time>2023-12-10T09:40:27Z</time>
   </trkpt>
   <trkpt lat="51.5047820" lon="-0.0759340">
    <ele>12.5</ele>
    <time>2023-12-10T09:40:28Z</time>
   </trkpt>
   <trkpt lat="51.5047430" lon="-0.0759370">
    <ele>12.4</ele>
    <time>2023-12-10T09:40:29Z</time>
   </trkpt>
   <trkpt lat="51.5047130" lon="-0.0759380">
    <ele>12.3</ele>
    <time>2023-12-10T09:40:30Z</time>
   </trkpt>
   <trkpt lat="51.5046860" lon="-0.0759440">
    <ele>12.2</ele>
    <time>2023-12-10T09:40:31Z</time>
   </trkpt>
   <trkpt lat="51.5046490" lon="-0.0759570">
    <ele>12.0</ele>
    <time>2023-12-10T09:40:32Z</time>
   </trkpt>
   <trkpt lat="51.5046040" lon="-0.0759930">
    <ele>11.9</ele>
    <time>2023-12-10T09:40:33Z</time>
   </trkpt>
   <trkpt lat="51.5045720" lon="-0.0760200">
    <ele>11.8</ele>
    <time>2023-12-10T09:40:34Z</time>
   </trkpt>
   <trkpt lat="51.5045450" lon="-0.0760480">
    <ele>11.7</ele>
    <time>2023-12-10T09:40:35Z</time>
   </trkpt>
   <trkpt lat="51.5045130" lon="-0.0760670">
    <ele>11.6</ele>
    <time>2023-12-10T09:40:36Z</time>
   </trkpt>
   <trkpt lat="51.5044850" lon="-0.0761040">
    <ele>11.5</ele>
    <time>2023-12-10T09:40:37Z</time>
   </trkpt>
   <trkpt lat="51.5044620" lon="-0.0761290">
    <ele>11.4</ele>
    <time>2023-12-10T09:40:38Z</time>
   </trkpt>
   <trkpt lat="51.5044260" lon="-0.0761670">
    <ele>11.2</ele>
    <time>2023-12-10T09:40:39Z</time>
   </trkpt>
   <trkpt lat="51.5044120" lon="-0.0761850">
    <ele>11.2</ele>
    <time>2023-12-10T09:40:40Z</time>
   </trkpt>
   <trkpt lat="51.5043840" lon="-0.0762020">
    <ele>11.1</ele>
    <time>2023-12-10T09:40:41Z</time>
   </trkpt>
   <trkpt lat="51.5043420" lon="-0.0762280">
    <ele>10.9</ele>
    <time>2023-12-10T09:40:42Z</time>
   </trkpt>
   <trkpt lat="51.5043080" lon="-0.0762580">
    <ele>10.8</ele>
    <time>2023-12-10T09:40:43Z</time>
   </trkpt>
   <trkpt lat="51.5042660" lon="-0.0762680">
    <ele>10.7</ele>
    <time>2023-12-10T09:40:44Z</time>
   </trkpt>
   <trkpt lat="51.5042320" lon="-0.0762830">
    <ele>10.6</ele>
    <time>2023-12-10T09:40:45Z</time>
   </trkpt>
   <trkpt lat="51.5041910" lon="-0.0763050">
    <ele>10.5</ele>
    <time>2023-12-10T09:40:46Z</time>
   </trkpt>
   <trkpt lat="51.5041520" lon="-0.0763290">
    <ele>10.4</ele>
    <time>2023-12-10T09:40:47Z</time>
   </trkpt>
   <trkpt lat="51.5041210" lon="-0.0763700">
    <ele>10.3</ele>
    <time>2023-12-10T09:40:48Z</time>
   </trkpt>
   <trkpt lat="51.5040830" lon="-0.0763990">
    <ele>10.2</ele>
    <time>2023-12-10T09:40:49Z</time>
   </trkpt>
   <trkpt lat="51.5040400" lon="-0.0764150">
    <ele>10.0</ele>
    <time>2023-12-10T09:40:50Z</time>
   </trkpt>
   <trkpt lat="51.5039970" lon="-0.0764350">
    <ele>9.9</ele>
    <time>2023-12-10T09:40:51Z</time>
   </trkpt>
   <trkpt lat="51.5039620" lon="-0.0764520">
    <ele>9.8</ele>
    <time>2023-12-10T09:40:52Z</time>
   </trkpt>
   <trkpt lat="51.5039250" lon="-0.0764770">
    <ele>9.7</ele>
    <time>2023-12-10T09:40:53Z</time>
   </trkpt>
   <trkpt lat="51.5038930" lon="-0.0764970">
    <ele>9.7</ele>
    <time>2023-12-10T09:40:54Z</time>
   </trkpt>
   <trkpt lat="51.5038590" lon="-0.0765210">
    <ele>9.6</ele>
    <time>2023-12-10T09:40:55Z</time>
   </trkpt>
   <trkpt lat="51.5038230" lon="-0.0765460">
    <ele>9.5</ele>
    <time>2023-12-10T09:40:56Z</time>
   </trkpt>
   <trkpt lat="51.5037970" lon="-0.0765640">
    <ele>9.4</ele>
    <time>2023-12-10T09:40:57Z</time>
   </trkpt>
   <trkpt lat="51.5037680" lon="-0.0765890">
    <ele>9.3</ele>
    <time>2023-12-10T09:40:58Z</time>
   </trkpt>
   <trkpt lat="51.5037620" lon="-0.0766590">
    <ele>8.6</ele>
    <time>2023-12-10T09:40:59Z</time>
   </trkpt>
   <trkpt lat="51.5037650" lon="-0.0766890">
    <ele>8.5</ele>
    <time>2023-12-10T09:41:00Z</time>
   </trkpt>
   <trkpt lat="51.5037670" lon="-0.0767510">
    <ele>7.9</ele>
    <time>2023-12-10T09:41:01Z</time>
   </trkpt>
   <trkpt lat="51.5037660" lon="-0.0768140">
    <ele>7.1</ele>
    <time>2023-12-10T09:41:02Z</time>
   </trkpt>
   <trkpt lat="51.5037720" lon="-0.0768820">
    <ele>6.6</ele>
    <time>2023-12-10T09:41:03Z</time>
   </trkpt>
   <trkpt lat="51.5037720" lon="-0.0769370">
    <ele>6.2</ele>
    <time>2023-12-10T09:41:04Z</time>
   </trkpt>
   <trkpt lat="51.5037700" lon="-0.0770040">
    <ele>5.5</ele>
    <time>2023-12-10T09:41:05Z</time>
   </trkpt>
   <trkpt lat="51.5037360" lon="-0.0770500">
    <ele>5.5</ele>
    <time>2023-12-10T09:41:06Z</time>
   </trkpt>
   <trkpt lat="51.5038170" lon="-0.0770950">
    <ele>5.5</ele>
    <time>2023-12-10T09:41:07Z</time>
   </trkpt>
   <trkpt lat="51.5038810" lon="-0.0771070">
    <ele>5.4</ele>
    <time>2023-12-10T09:41:08Z</time>
   </trkpt>
   <trkpt lat="51.5039600" lon="-0.0770890">
    <ele>5.3</ele>
    <time>2023-12-10T09:41:09Z</time>
   </trkpt>
   <trkpt lat="51.5040000" lon="-0.0770750">
    <ele>5.3</ele>
    <time>2023-12-10T09:41:10Z</time>
   </trkpt>
   <trkpt lat="51.5040360" lon="-0.0770390">
    <ele>5.2</ele>
    <time>2023-12-10T09:41:11Z</time>
   </trkpt>
   <trkpt lat="51.5040330" lon="-0.0769460">
    <ele>5.1</ele>
    <time>2023-12-10T09:41:12Z</time>
   </trkpt>
   <trkpt lat="51.5040560" lon="-0.0769010">
    <ele>5.1</ele>
    <time>2023-12-10T09:41:13Z</time>
   </trkpt>
   <trkpt lat="51.5040630" lon="-0.0768850">
    <ele>5.0</ele>
    <time>2023-12-10T09:41:14Z</time>
   </trkpt>
   <trkpt lat="51.5040940" lon="-0.0768470">
    <ele>5.0</ele>
    <time>2023-12-10T09:41:15Z</time>
   </trkpt>
   <trkpt lat="51.5041330" lon="-0.0767990">
    <ele>4.9</ele>
    <time>2023-12-10T09:41:16Z</time>
   </trkpt>
   <trkpt lat="51.5041400" lon="-0.0767530">
    <ele>4.8</ele>
    <time>2023-12-10T09:41:17Z</time>
   </trkpt>
   <trkpt lat="51.5041680" lon="-0.0767070">
    <ele>4.8</ele>
    <time>2023-12-10T09:41:18Z</time>
   </trkpt>
   <trkpt lat="51.5042030" lon="-0.0766710">
    <ele>4.7</ele>
    <time>2023-12-10T09:41:19Z</time>
   </trkpt>
   <trkpt lat="51.5042520" lon="-0.0766270">
    <ele>4.6</ele>
    <time>2023-12-10T09:41:20Z</time>
   </trkpt>
   <trkpt lat="51.5042920" lon="-0.0765720">
    <ele>4.5</ele>
    <time>2023-12-10T09:41:21Z</time>
   </trkpt>
   <trkpt lat="51.5043210" lon="-0.0765560">
    <ele>4.5</ele>
    <time>2023-12-10T09:41:22Z</time>
   </trkpt>
   <trkpt lat="51.5043510" lon="-0.0765220">
    <ele>4.5</ele>
    <time>2023-12-10T09:41:23Z</time>
   </trkpt>
   <trkpt lat="51.5043600" lon="-0.0764970">
    <ele>4.5</ele>
    <time>2023-12-10T09:41:24Z</time>
   </trkpt>
   <trkpt lat="51.5043730" lon="-0.0764840">
    <ele>4.4</ele>
    <time>2023-12-10T09:41:25Z</time>
   </trkpt>
   <trkpt lat="51.5044090" lon="-0.0765040">
    <ele>4.4</ele>
    <time>2023-12-10T09:41:26Z</time>
   </trkpt>
   <trkpt lat="51.5044230" lon="-0.0765150">
    <ele>4.4</ele>
    <time>2023-12-10T09:41:27Z</time>
   </trkpt>
   <trkpt lat="51.5044460" lon="-0.0765460">
    <ele>4.4</ele>
    <time>2023-12-10T09:41:28Z</time>
   </trkpt>
   <trkpt lat="51.5044510" lon="-0.0765670">
    <ele>4.4</ele>
    <time>2023-12-10T09:41:29Z</time>
   </trkpt>
   <trkpt lat="51.5044580" lon="-0.0765970">
    <ele>4.4</ele>
    <time>2023-12-10T09:41:30Z</time>
   </trkpt>
   <trkpt lat="51.5044840" lon="-0.0766320">
    <ele>4.3</ele>
    <time>2023-12-10T09:41:31Z</time>
   </trkpt>
   <trkpt lat="51.5044870" lon="-0.0766490">
    <ele>4.3</ele>
    <time>2023-12-10T09:41:32Z</time>
   </trkpt>
   <trkpt lat="51.5045070" lon="-0.0767100">
    <ele>4.3</ele>
    <time>2023-12-10T09:41:33Z</time>
   </trkpt>
   <trkpt lat="51.5045150" lon="-0.0767320">
    <ele>4.3</ele>
    <time>2023-12-10T09:41:34Z</time>
   </trkpt>
   <trkpt lat="51.5045420" lon="-0.0767950">
    <ele>4.3</ele>
    <time>2023-12-10T09:41:35Z</time>
   </trkpt>
   <trkpt lat="51.5045570" lon="-0.0768470">
    <ele>4.3</ele>
    <time>2023-12-10T09:41:36Z</time>
   </trkpt>
   <trkpt lat="51.5045740" lon="-0.0769070">
    <ele>4.3</ele>
    <time>2023-12-10T09:41:37Z</time>
   </trkpt>
   <trkpt lat="51.5045840" lon="-0.0769500">
    <ele>4.3</ele>
    <time>2023-12-10T09:41:38Z</time>
   </trkpt>
   <trkpt lat="51.5046010" lon="-0.0770080">
    <ele>4.3</ele>
    <time>2023-12-10T09:41:39Z</time>
   </trkpt>
   <trkpt lat="51.5046460" lon="-0.0771390">
    <ele>4.3</ele>
    <time>2023-12-10T09:41:40Z</time>
   </trkpt>
   <trkpt lat="51.5046720" lon="-0.0772220">
    <ele>4.3</ele>
    <time>2023-12-10T09:41:41Z</time>
   </trkpt>
   <trkpt lat="51.5046980" lon="-0.0773270">
    <ele>4.3</ele>
    <time>2023-12-10T09:41:42Z</time>
   </trkpt>
   <trkpt lat="51.5047160" lon="-0.0773730">
    <ele>4.3</ele>
    <time>2023-12-10T09:41:43Z</time>
   </trkpt>
   <trkpt lat="51.5047410" lon="-0.0774650">
    <ele>4.3</ele>
    <time>2023-12-10T09:41:44Z</time>
   </trkpt>
   <trkpt lat="51.5047700" lon="-0.0775170">
    <ele>4.3</ele>
    <time>2023-12-10T09:41:45Z</time>
   </trkpt>
   <trkpt lat="51.5047880" lon="-0.0775820">
    <ele>4.3</ele>
    <time>2023-12-10T09:41:46Z</time>
   </trkpt>
   <trkpt lat="51.5048100" lon="-0.0776340">
    <ele>4.3</ele>
    <time>2023-12-10T09:41:47Z</time>
   </trkpt>
   <trkpt lat="51.5048310" lon="-0.0777060">
    <ele>4.3</ele>
    <time>2023-12-10T09:41:48Z</time>
   </trkpt>
   <trkpt lat="51.5048720" lon="-0.0778100">
    <ele>4.3</ele>
    <time>2023-12-10T09:41:50Z</time>
   </trkpt>
   <trkpt lat="51.5048930" lon="-0.0778600">
    <ele>4.3</ele>
    <time>2023-12-10T09:41:51Z</time>
   </trkpt>
   <trkpt lat="51.5049150" lon="-0.0779170">
    <ele>4.3</ele>
    <time>2023-12-10T09:41:52Z</time>
   </trkpt>
   <trkpt lat="51.5049370" lon="-0.0779740">
    <ele>4.3</ele>
    <time>2023-12-10T09:41:54Z</time>
   </trkpt>
   <trkpt lat="51.5049580" lon="-0.0780360">
    <ele>4.3</ele>
    <time>2023-12-10T09:41:55Z</time>
   </trkpt>
   <trkpt lat="51.5049760" lon="-0.0780860">
    <ele>4.3</ele>
    <time>2023-12-10T09:41:56Z</time>
   </trkpt>
   <trkpt lat="51.5049940" lon="-0.0781370">
    <ele>4.3</ele>
    <time>2023-12-10T09:41:57Z</time>
   </trkpt>
   <trkpt lat="51.5050110" lon="-0.0781820">
    <ele>4.3</ele>
    <time>2023-12-10T09:41:58Z</time>
   </trkpt>
   <trkpt lat="51.5050400" lon="-0.0782440">
    <ele>4.4</ele>
    <time>2023-12-10T09:41:59Z</time>
   </trkpt>
   <trkpt lat="51.5050590" lon="-0.0783120">
    <ele>4.4</ele>
    <time>2023-12-10T09:42:00Z</time>
   </trkpt>
   <trkpt lat="51.5050720" lon="-0.0783610">
    <ele>4.4</ele>
    <time>2023-12-10T09:42:01Z</time>
   </trkpt>
   <trkpt lat="51.5050840" lon="-0.0784020">
    <ele>4.4</ele>
    <time>2023-12-10T09:42:02Z</time>
   </trkpt>
   <trkpt lat="51.5050960" lon="-0.0784420">
    <ele>4.4</ele>
    <time>2023-12-10T09:42:03Z</time>
   </trkpt>
   <trkpt lat="51.5051050" lon="-0.0784830">
    <ele>4.4</ele>
    <time>2023-12-10T09:42:04Z</time>
   </trkpt>
   <trkpt lat="51.5051240" lon="-0.0785340">
    <ele>4.4</ele>
    <time>2023-12-10T09:42:05Z</time>
   </trkpt>
   <trkpt lat="51.5051320" lon="-0.0785520">
    <ele>4.4</ele>
    <time>2023-12-10T09:42:06Z</time>
   </trkpt>
   <trkpt lat="51.5051470" lon="-0.0785830">
    <ele>4.4</ele>
    <time>2023-12-10T09:42:07Z</time>
   </trkpt>
   <trkpt lat="51.5051420" lon="-0.0786040">
    <ele>4.4</ele>
    <time>2023-12-10T09:42:08Z</time>
   </trkpt>
   <trkpt lat="51.5051400" lon="-0.0785890">
    <ele>4.4</ele>
    <time>2023-12-10T09:42:09Z</time>
   </trkpt>
   <trkpt lat="51.5051360" lon="-0.0786070">
    <ele>4.4</ele>
    <time>2023-12-10T09:42:10Z</time>
   </trkpt>
   <trkpt lat="51.5051550" lon="-0.0786520">
    <ele>4.5</ele>
    <time>2023-12-10T09:42:11Z</time>
   </trkpt>
   <trkpt lat="51.5051780" lon="-0.0786900">
    <ele>4.5</ele>
    <time>2023-12-10T09:42:12Z</time>
   </trkpt>
   <trkpt lat="51.5051900" lon="-0.0787360">
    <ele>4.5</ele>
    <time>2023-12-10T09:42:13Z</time>
   </trkpt>
   <trkpt lat="51.5052000" lon="-0.0787530">
    <ele>4.5</ele>
    <time>2023-12-10T09:42:14Z</time>
   </trkpt>
   <trkpt lat="51.5052100" lon="-0.0787700">
    <ele>4.5</ele>
    <time>2023-12-10T09:42:15Z</time>
   </trkpt>
   <trkpt lat="51.5052360" lon="-0.0788200">
    <ele>4.5</ele>
    <time>2023-12-10T09:42:16Z</time>
   </trkpt>
   <trkpt lat="51.5052610" lon="-0.0788860">
    <ele>4.5</ele>
    <time>2023-12-10T09:42:17Z</time>
   </trkpt>
   <trkpt lat="51.5052790" lon="-0.0789290">
    <ele>4.5</ele>
    <time>2023-12-10T09:42:18Z</time>
   </trkpt>
   <trkpt lat="51.5053000" lon="-0.0789970">
    <ele>4.5</ele>
    <time>2023-12-10T09:42:19Z</time>
   </trkpt>
   <trkpt lat="51.5053150" lon="-0.0790350">
    <ele>4.5</ele>
    <time>2023-12-10T09:42:20Z</time>
   </trkpt>
   <trkpt lat="51.5053390" lon="-0.0791130">
    <ele>4.5</ele>
    <time>2023-12-10T09:42:21Z</time>
   </trkpt>
   <trkpt lat="51.5053580" lon="-0.0791740">
    <ele>4.5</ele>
    <time>2023-12-10T09:42:22Z</time>
   </trkpt>
   <trkpt lat="51.5053810" lon="-0.0792590">
    <ele>4.5</ele>
    <time>2023-12-10T09:42:23Z</time>
   </trkpt>
   <trkpt lat="51.5054110" lon="-0.0793520">
    <ele>4.5</ele>
    <time>2023-12-10T09:42:24Z</time>
   </trkpt>
   <trkpt lat="51.5054310" lon="-0.0793980">
    <ele>4.5</ele>
    <time>2023-12-10T09:42:25Z</time>
   </trkpt>
   <trkpt lat="51.5054500" lon="-0.0794770">
    <ele>4.5</ele>
    <time>2023-12-10T09:42:26Z</time>
   </trkpt>
   <trkpt lat="51.5054760" lon="-0.0795380">
    <ele>4.5</ele>
    <time>2023-12-10T09:42:27Z</time>
   </trkpt>
   <trkpt lat="51.5054990" lon="-0.0796090">
    <ele>4.5</ele>
    <time>2023-12-10T09:42:28Z</time>
   </trkpt>
   <trkpt lat="51.5055130" lon="-0.0796680">
    <ele>4.5</ele>
    <time>2023-12-10T09:42:29Z</time>
   </trkpt>
   <trkpt lat="51.5055270" lon="-0.0797310">
    <ele>4.5</ele>
    <time>2023-12-10T09:42:30Z</time>
   </trkpt>
   <trkpt lat="51.5055450" lon="-0.0797830">
    <ele>4.5</ele>
    <time>2023-12-10T09:42:31Z</time>
   </trkpt>
   <trkpt lat="51.5055630" lon="-0.0798340">
    <ele>4.6</ele>
    <time>2023-12-10T09:42:32Z</time>
   </trkpt>
   <trkpt lat="51.5055790" lon="-0.0798790">
    <ele>4.6</ele>
    <time>2023-12-10T09:42:33Z</time>
   </trkpt>
   <trkpt lat="51.5055850" lon="-0.0799500">
    <ele>4.6</ele>
    <time>2023-12-10T09:42:34Z</time>
   </trkpt>
   <trkpt lat="51.5056060" lon="-0.0800070">
    <ele>4.6</ele>
    <time>2023-12-10T09:42:35Z</time>
   </trkpt>
   <trkpt lat="51.5056190" lon="-0.0800590">
    <ele>4.6</ele>
    <time>2023-12-10T09:42:36Z</time>
   </trkpt>
   <trkpt lat="51.5056390" lon="-0.0801290">
    <ele>4.6</ele>
    <time>2023-12-10T09:42:37Z</time>
   </trkpt>
   <trkpt lat="51.5056650" lon="-0.0801630">
    <ele>4.6</ele>
    <time>2023-12-10T09:42:38Z</time>
   </trkpt>
   <trkpt lat="51.5056890" lon="-0.0802350">
    <ele>4.7</ele>
    <time>2023-12-10T09:42:39Z</time>
   </trkpt>
   <trkpt lat="51.5057050" lon="-0.0802790">
    <ele>4.7</ele>
    <time>2023-12-10T09:42:40Z</time>
   </trkpt>
   <trkpt lat="51.5057290" lon="-0.0803350">
    <ele>4.7</ele>
    <time>2023-12-10T09:42:41Z</time>
   </trkpt>
   <trkpt lat="51.5057490" lon="-0.0803980">
    <ele>4.7</ele>
    <time>2023-12-10T09:42:42Z</time>
   </trkpt>
   <trkpt lat="51.5057660" lon="-0.0804650">
    <ele>4.7</ele>
    <time>2023-12-10T09:42:43Z</time>
   </trkpt>
   <trkpt lat="51.5057770" lon="-0.0805280">
    <ele>4.7</ele>
    <time>2023-12-10T09:42:44Z</time>
   </trkpt>
   <trkpt lat="51.5057880" lon="-0.0805920">
    <ele>4.7</ele>
    <time>2023-12-10T09:42:45Z</time>
   </trkpt>
   <trkpt lat="51.5058010" lon="-0.0806640">
    <ele>4.7</ele>
    <time>2023-12-10T09:42:46Z</time>
   </trkpt>
   <trkpt lat="51.5058110" lon="-0.0807070">
    <ele>4.7</ele>
    <time>2023-12-10T09:42:47Z</time>
   </trkpt>
   <trkpt lat="51.5058210" lon="-0.0807660">
    <ele>4.7</ele>
    <time>2023-12-10T09:42:48Z</time>
   </trkpt>
   <trkpt lat="51.5058370" lon="-0.0808020">
    <ele>4.7</ele>
    <time>2023-12-10T09:42:49Z</time>
   </trkpt>
   <trkpt lat="51.5058600" lon="-0.0808400">
    <ele>4.7</ele>
    <time>2023-12-10T09:42:50Z</time>
   </trkpt>
   <trkpt lat="51.5058730" lon="-0.0808940">
    <ele>4.7</ele>
    <time>2023-12-10T09:42:51Z</time>
   </trkpt>
   <trkpt lat="51.5058890" lon="-0.0809630">
    <ele>4.7</ele>
    <time>2023-12-10T09:42:52Z</time>
   </trkpt>
   <trkpt lat="51.5059070" lon="-0.0810350">
    <ele>4.7</ele>
    <time>2023-12-10T09:42:53Z</time>
   </trkpt>
   <trkpt lat="51.5059160" lon="-0.0810960">
    <ele>4.7</ele>
    <time>2023-12-10T09:42:54Z</time>
   </trkpt>
   <trkpt lat="51.5059320" lon="-0.0811830">
    <ele>4.7</ele>
    <time>2023-12-10T09:42:55Z</time>
   </trkpt>
   <trkpt lat="51.5059340" lon="-0.0812390">
    <ele>4.7</ele>
    <time>2023-12-10T09:42:56Z</time>
   </trkpt>
   <trkpt lat="51.5059480" lon="-0.0812950">
    <ele>4.7</ele>
    <time>2023-12-10T09:42:57Z</time>
   </trkpt>
   <trkpt lat="51.5059550" lon="-0.0813140">
    <ele>4.7</ele>
    <time>2023-12-10T09:42:58Z</time>
   </trkpt>
   <trkpt lat="51.5059480" lon="-0.0813950">
    <ele>4.7</ele>
    <time>2023-12-10T09:42:59Z</time>
   </trkpt>
   <trkpt lat="51.5059610" lon="-0.0814490">
    <ele>4.6</ele>
    <time>2023-12-10T09:43:00Z</time>
   </trkpt>
   <trkpt lat="51.5059790" lon="-0.0815070">
    <ele>4.6</ele>
    <time>2023-12-10T09:43:01Z</time>
   </trkpt>
   <trkpt lat="51.5059960" lon="-0.0815750">
    <ele>4.6</ele>
    <time>2023-12-10T09:43:02Z</time>
   </trkpt>
   <trkpt lat="51.5060040" lon="-0.0816250">
    <ele>4.6</ele>
    <time>2023-12-10T09:43:03Z</time>
   </trkpt>
   <trkpt lat="51.5060200" lon="-0.0816790">
    <ele>4.6</ele>
    <time>2023-12-10T09:43:04Z</time>
   </trkpt>
   <trkpt lat="51.5060380" lon="-0.0817320">
    <ele>4.6</ele>
    <time>2023-12-10T09:43:05Z</time>
   </trkpt>
   <trkpt lat="51.5060280" lon="-0.0817990">
    <ele>4.5</ele>
    <time>2023-12-10T09:43:06Z</time>
   </trkpt>
   <trkpt lat="51.5060420" lon="-0.0818580">
    <ele>4.5</ele>
    <time>2023-12-10T09:43:07Z</time>
   </trkpt>
   <trkpt lat="51.5060460" lon="-0.0819120">
    <ele>4.5</ele>
    <time>2023-12-10T09:43:08Z</time>
   </trkpt>
   <trkpt lat="51.5060740" lon="-0.0819360">
    <ele>4.5</ele>
    <time>2023-12-10T09:43:09Z</time>
   </trkpt>
   <trkpt lat="51.5060820" lon="-0.0819950">
    <ele>4.5</ele>
    <time>2023-12-10T09:43:10Z</time>
   </trkpt>
   <trkpt lat="51.5060940" lon="-0.0820570">
    <ele>4.5</ele>
    <time>2023-12-10T09:43:11Z</time>
   </trkpt>
   <trkpt lat="51.5060980" lon="-0.0821140">
    <ele>4.6</ele>
    <time>2023-12-10T09:43:12Z</time>
   </trkpt>
   <trkpt lat="51.5061120" lon="-0.0821750">
    <ele>4.6</ele>
    <time>2023-12-10T09:43:13Z</time>
   </trkpt>
   <trkpt lat="51.5061230" lon="-0.0822370">
    <ele>4.6</ele>
    <time>2023-12-10T09:43:14Z</time>
   </trkpt>
   <trkpt lat="51.5061290" lon="-0.0822940">
    <ele>4.6</ele>
    <time>2023-12-10T09:43:15Z</time>
   </trkpt>
   <trkpt lat="51.5061450" lon="-0.0823870">
    <ele>4.7</ele>
    <time>2023-12-10T09:43:16Z</time>
   </trkpt>
   <trkpt lat="51.5061430" lon="-0.0824540">
    <ele>4.7</ele>
    <time>2023-12-10T09:43:17Z</time>
   </trkpt>
   <trkpt lat="51.5061520" lon="-0.0825300">
    <ele>4.8</ele>
    <time>2023-12-10T09:43:18Z</time>
   </trkpt>
   <trkpt lat="51.5061670" lon="-0.0825740">
    <ele>4.8</ele>
    <time>2023-12-10T09:43:19Z</time>
   </trkpt>
   <trkpt lat="51.5061860" lon="-0.0826400">
    <ele>4.9</ele>
    <time>2023-12-10T09:43:20Z</time>
   </trkpt>
   <trkpt lat="51.5061920" lon="-0.0826700">
    <ele>4.9</ele>
    <time>2023-12-10T09:43:21Z</time>
   </trkpt>
   <trkpt lat="51.5062050" lon="-0.0827250">
    <ele>4.9</ele>
    <time>2023-12-10T09:43:22Z</time>
   </trkpt>
   <trkpt lat="51.5062140" lon="-0.0827810">
    <ele>4.9</ele>
    <time>2023-12-10T09:43:23Z</time>
   </trkpt>
   <trkpt lat="51.5062250" lon="-0.0828370">
    <ele>4.9</ele>
    <time>2023-12-10T09:43:24Z</time>
   </trkpt>
   <trkpt lat="51.5062370" lon="-0.0828900">
    <ele>4.9</ele>
    <time>2023-12-10T09:43:25Z</time>
   </trkpt>
   <trkpt lat="51.5062720" lon="-0.0829360">
    <ele>5.0</ele>
    <time>2023-12-10T09:43:26Z</time>
   </trkpt>
   <trkpt lat="51.5062930" lon="-0.0829830">
    <ele>5.0</ele>
    <time>2023-12-10T09:43:27Z</time>
   </trkpt>
   <trkpt lat="51.5063150" lon="-0.0830280">
    <ele>5.0</ele>
    <time>2023-12-10T09:43:28Z</time>
   </trkpt>
   <trkpt lat="51.5063370" lon="-0.0830740">
    <ele>5.0</ele>
    <time>2023-12-10T09:43:29Z</time>
   </trkpt>
   <trkpt lat="51.5063350" lon="-0.0830920">
    <ele>5.0</ele>
    <time>2023-12-10T09:43:30Z</time>
   </trkpt>
   <trkpt lat="51.5063250" lon="-0.0831210">
    <ele>5.0</ele>
    <time>2023-12-10T09:43:31Z</time>
   </trkpt>
   <trkpt lat="51.5063190" lon="-0.0831960">
    <ele>5.0</ele>
    <time>2023-12-10T09:43:32Z</time>
   </trkpt>
   <trkpt lat="51.5063220" lon="-0.0832620">
    <ele>5.0</ele>
    <time>2023-12-10T09:43:33Z</time>
   </trkpt>
   <trkpt lat="51.5063330" lon="-0.0833250">
    <ele>5.0</ele>
    <time>2023-12-10T09:43:34Z</time>
   </trkpt>
   <trkpt lat="51.5063460" lon="-0.0833920">
    <ele>5.0</ele>
    <time>2023-12-10T09:43:35Z</time>
   </trkpt>
   <trkpt lat="51.5063500" lon="-0.0834520">
    <ele>5.0</ele>
    <time>2023-12-10T09:43:36Z</time>
   </trkpt>
   <trkpt lat="51.5063620" lon="-0.0834990">
    <ele>5.0</ele>
    <time>2023-12-10T09:43:37Z</time>
   </trkpt>
   <trkpt lat="51.5063700" lon="-0.0835610">
    <ele>5.0</ele>
    <time>2023-12-10T09:43:38Z</time>
   </trkpt>
   <trkpt lat="51.5064010" lon="-0.0835890">
    <ele>5.0</ele>
    <time>2023-12-10T09:43:39Z</time>
   </trkpt>
   <trkpt lat="51.5063890" lon="-0.0836360">
    <ele>5.0</ele>
    <time>2023-12-10T09:43:40Z</time>
   </trkpt>
   <trkpt lat="51.5063830" lon="-0.0837010">
    <ele>5.0</ele>
    <time>2023-12-10T09:43:41Z</time>
   </trkpt>
   <trkpt lat="51.5063850" lon="-0.0837780">
    <ele>5.0</ele>
    <time>2023-12-10T09:43:42Z</time>
   </trkpt>
   <trkpt lat="51.5063650" lon="-0.0838360">
    <ele>5.0</ele>
    <time>2023-12-10T09:43:43Z</time>
   </trkpt>
   <trkpt lat="51.5063870" lon="-0.0839360">
    <ele>5.0</ele>
    <time>2023-12-10T09:43:44Z</time>
   </trkpt>
   <trkpt lat="51.5063940" lon="-0.0840520">
    <ele>5.0</ele>
    <time>2023-12-10T09:43:45Z</time>
   </trkpt>
   <trkpt lat="51.5064160" lon="-0.0841560">
    <ele>5.0</ele>
    <time>2023-12-10T09:43:46Z</time>
   </trkpt>
   <trkpt lat="51.5064110" lon="-0.0842160">
    <ele>5.0</ele>
    <time>2023-12-10T09:43:47Z</time>
   </trkpt>
   <trkpt lat="51.5064140" lon="-0.0842600">
    <ele>5.0</ele>
    <time>2023-12-10T09:43:48Z</time>
   </trkpt>
   <trkpt lat="51.5064200" lon="-0.0843090">
    <ele>5.0</ele>
    <time>2023-12-10T09:43:49Z</time>
   </trkpt>
   <trkpt lat="51.5064240" lon="-0.0843180">
    <ele>5.0</ele>
    <time>2023-12-10T09:43:50Z</time>
   </trkpt>
   <trkpt lat="51.5064170" lon="-0.0843620">
    <ele>5.0</ele>
    <time>2023-12-10T09:43:51Z</time>
   </trkpt>
   <trkpt lat="51.5064170" lon="-0.0844220">
    <ele>5.0</ele>
    <time>2023-12-10T09:43:53Z</time>
   </trkpt>
   <trkpt lat="51.5064180" lon="-0.0844830">
    <ele>5.0</ele>
    <time>2023-12-10T09:43:54Z</time>
   </trkpt>
   <trkpt lat="51.5064290" lon="-0.0845540">
    <ele>5.0</ele>
    <time>2023-12-10T09:43:55Z</time>
   </trkpt>
   <trkpt lat="51.5064270" lon="-0.0846000">
    <ele>4.9</ele>
    <time>2023-12-10T09:43:56Z</time>
   </trkpt>
   <trkpt lat="51.5064310" lon="-0.0846820">
    <ele>4.9</ele>
    <time>2023-12-10T09:43:57Z</time>
   </trkpt>
   <trkpt lat="51.5064350" lon="-0.0847310">
    <ele>4.9</ele>
    <time>2023-12-10T09:43:58Z</time>
   </trkpt>
   <trkpt lat="51.5064360" lon="-0.0847850">
    <ele>4.9</ele>
    <time>2023-12-10T09:43:59Z</time>
   </trkpt>
   <trkpt lat="51.5064420" lon="-0.0848320">
    <ele>4.9</ele>
    <time>2023-12-10T09:44:00Z</time>
   </trkpt>
   <trkpt lat="51.5064470" lon="-0.0849020">
    <ele>4.9</ele>
    <time>2023-12-10T09:44:01Z</time>
   </trkpt>
   <trkpt lat="51.5064650" lon="-0.0849940">
    <ele>4.9</ele>
    <time>2023-12-10T09:44:02Z</time>
   </trkpt>
   <trkpt lat="51.5064770" lon="-0.0850650">
    <ele>4.9</ele>
    <time>2023-12-10T09:44:03Z</time>
   </trkpt>
   <trkpt lat="51.5064780" lon="-0.0851390">
    <ele>4.9</ele>
    <time>2023-12-10T09:44:04Z</time>
   </trkpt>
   <trkpt lat="51.5064850" lon="-0.0852590">
    <ele>4.8</ele>
    <time>2023-12-10T09:44:05Z</time>
   </trkpt>
   <trkpt lat="51.5064860" lon="-0.0853160">
    <ele>4.8</ele>
    <time>2023-12-10T09:44:06Z</time>
   </trkpt>
   <trkpt lat="51.5065090" lon="-0.0853870">
    <ele>4.8</ele>
    <time>2023-12-10T09:44:07Z</time>
   </trkpt>
   <trkpt lat="51.5065200" lon="-0.0854460">
    <ele>4.7</ele>
    <time>2023-12-10T09:44:08Z</time>
   </trkpt>
   <trkpt lat="51.5065050" lon="-0.0855000">
    <ele>4.7</ele>
    <time>2023-12-10T09:44:09Z</time>
   </trkpt>
   <trkpt lat="51.5065140" lon="-0.0855560">
    <ele>4.7</ele>
    <time>2023-12-10T09:44:10Z</time>
   </trkpt>
   <trkpt lat="51.5065250" lon="-0.0856310">
    <ele>4.7</ele>
    <time>2023-12-10T09:44:11Z</time>
   </trkpt>
   <trkpt lat="51.5065310" lon="-0.0856890">
    <ele>4.7</ele>
    <time>2023-12-10T09:44:12Z</time>
   </trkpt>
   <trkpt lat="51.5065290" lon="-0.0857420">
    <ele>4.7</ele>
    <time>2023-12-10T09:44:13Z</time>
   </trkpt>
   <trkpt lat="51.5065220" lon="-0.0857900">
    <ele>4.7</ele>
    <time>2023-12-10T09:44:14Z</time>
   </trkpt>
   <trkpt lat="51.5065150" lon="-0.0858330">
    <ele>4.7</ele>
    <time>2023-12-10T09:44:15Z</time>
   </trkpt>
   <trkpt lat="51.5065240" lon="-0.0858760">
    <ele>4.7</ele>
    <time>2023-12-10T09:44:16Z</time>
   </trkpt>
   <trkpt lat="51.5065260" lon="-0.0859430">
    <ele>4.7</ele>
    <time>2023-12-10T09:44:17Z</time>
   </trkpt>
   <trkpt lat="51.5065290" lon="-0.0860270">
    <ele>4.7</ele>
    <time>2023-12-10T09:44:18Z</time>
   </trkpt>
   <trkpt lat="51.5065310" lon="-0.0861070">
    <ele>4.7</ele>
    <time>2023-12-10T09:44:19Z</time>
   </trkpt>
   <trkpt lat="51.5065370" lon="-0.0861750">
    <ele>4.8</ele>
    <time>2023-12-10T09:44:20Z</time>
   </trkpt>
   <trkpt lat="51.5065510" lon="-0.0862190">
    <ele>4.8</ele>
    <time>2023-12-10T09:44:21Z</time>
   </trkpt>
   <trkpt lat="51.5065620" lon="-0.0862680">
    <ele>4.8</ele>
    <time>2023-12-10T09:44:22Z</time>
   </trkpt>
   <trkpt lat="51.5065770" lon="-0.0863150">
    <ele>4.8</ele>
    <time>2023-12-10T09:44:23Z</time>
   </trkpt>
   <trkpt lat="51.5065820" lon="-0.0863360">
    <ele>4.9</ele>
    <time>2023-12-10T09:44:24Z</time>
   </trkpt>
   <trkpt lat="51.5066030" lon="-0.0863880">
    <ele>4.9</ele>
    <time>2023-12-10T09:44:25Z</time>
   </trkpt>
   <trkpt lat="51.5066080" lon="-0.0864080">
    <ele>4.9</ele>
    <time>2023-12-10T09:44:26Z</time>
   </trkpt>
   <trkpt lat="51.5066210" lon="-0.0864600">
    <ele>4.9</ele>
    <time>2023-12-10T09:44:27Z</time>
   </trkpt>
   <trkpt lat="51.5066370" lon="-0.0865200">
    <ele>4.9</ele>
    <time>2023-12-10T09:44:28Z</time>
   </trkpt>
   <trkpt lat="51.5066480" lon="-0.0865890">
    <ele>4.9</ele>
    <time>2023-12-10T09:44:29Z</time>
   </trkpt>
   <trkpt lat="51.5066760" lon="-0.0866390">
    <ele>4.9</ele>
    <time>2023-12-10T09:44:30Z</time>
   </trkpt>
   <trkpt lat="51.5066800" lon="-0.0866700">
    <ele>4.9</ele>
    <time>2023-12-10T09:44:31Z</time>
   </trkpt>
   <trkpt lat="51.5066940" lon="-0.0867390">
    <ele>5.0</ele>
    <time>2023-12-10T09:44:32Z</time>
   </trkpt>
   <trkpt lat="51.5067020" lon="-0.0868130">
    <ele>5.0</ele>
    <time>2023-12-10T09:44:33Z</time>
   </trkpt>
   <trkpt lat="51.5067470" lon="-0.0868760">
    <ele>5.1</ele>
    <time>2023-12-10T09:44:34Z</time>
   </trkpt>
   <trkpt lat="51.5067420" lon="-0.0869530">
    <ele>5.2</ele>
    <time>2023-12-10T09:44:35Z</time>
   </trkpt>
   <trkpt lat="51.5067590" lon="-0.0870160">
    <ele>5.2</ele>
    <time>2023-12-10T09:44:36Z</time>
   </trkpt>
   <trkpt lat="51.5067300" lon="-0.0870890">
    <ele>5.3</ele>
    <time>2023-12-10T09:44:37Z</time>
   </trkpt>
   <trkpt lat="51.5067320" lon="-0.0871430">
    <ele>5.3</ele>
    <time>2023-12-10T09:44:38Z</time>
   </trkpt>
   <trkpt lat="51.5067120" lon="-0.0872000">
    <ele>5.4</ele>
    <time>2023-12-10T09:44:39Z</time>
   </trkpt>
   <trkpt lat="51.5067040" lon="-0.0872530">
    <ele>5.5</ele>
    <time>2023-12-10T09:44:40Z</time>
   </trkpt>
   <trkpt lat="51.5067190" lon="-0.0872980">
    <ele>5.5</ele>
    <time>2023-12-10T09:44:41Z</time>
   </trkpt>
   <trkpt lat="51.5067210" lon="-0.0873510">
    <ele>5.6</ele>
    <time>2023-12-10T09:44:42Z</time>
   </trkpt>
   <trkpt lat="51.5067280" lon="-0.0874110">
    <ele>5.7</ele>
    <time>2023-12-10T09:44:43Z</time>
   </trkpt>
   <trkpt lat="51.5067640" lon="-0.0874150">
    <ele>5.8</ele>
    <time>2023-12-10T09:44:44Z</time>
   </trkpt>
   <trkpt lat="51.5068090" lon="-0.0874370">
    <ele>6.0</ele>
    <time>2023-12-10T09:44:45Z</time>
   </trkpt>
   <trkpt lat="51.5068610" lon="-0.0874460">
    <ele>6.2</ele>
    <time>2023-12-10T09:44:46Z</time>
   </trkpt>
   <trkpt lat="51.5068700" lon="-0.0874610">
    <ele>6.3</ele>
    <time>2023-12-10T09:44:47Z</time>
   </trkpt>
   <trkpt lat="51.5068620" lon="-0.0874710">
    <ele>6.4</ele>
    <time>2023-12-10T09:44:48Z</time>
   </trkpt>
   <trkpt lat="51.5068540" lon="-0.0874810">
    <ele>6.4</ele>
    <time>2023-12-10T09:44:49Z</time>
   </trkpt>
   <trkpt lat="51.5068460" lon="-0.0874910">
    <ele>6.4</ele>
    <time>2023-12-10T09:44:50Z</time>
   </trkpt>
   <trkpt lat="51.5068380" lon="-0.0875020">
    <ele>6.4</ele>
    <time>2023-12-10T09:44:51Z</time>
   </trkpt>
   <trkpt lat="51.5068060" lon="-0.0874760">
    <ele>6.3</ele>
    <time>2023-12-10T09:44:52Z</time>
   </trkpt>
   <trkpt lat="51.5067770" lon="-0.0874750">
    <ele>6.3</ele>
    <time>2023-12-10T09:44:53Z</time>
   </trkpt>
   <trkpt lat="51.5067360" lon="-0.0874800">
    <ele>8.0</ele>
    <time>2023-12-10T09:44:54Z</time>
   </trkpt>
   <trkpt lat="51.5066550" lon="-0.0874880">
    <ele>10.4</ele>
    <time>2023-12-10T09:44:55Z</time>
   </trkpt>
   <trkpt lat="51.5065930" lon="-0.0874940">
    <ele>10.3</ele>
    <time>2023-12-10T09:44:56Z</time>
   </trkpt>
   <trkpt lat="51.5065600" lon="-0.0875060">
    <ele>10.1</ele>
    <time>2023-12-10T09:44:57Z</time>
   </trkpt>
   <trkpt lat="51.5065420" lon="-0.0874950">
    <ele>9.9</ele>
    <time>2023-12-10T09:44:58Z</time>
   </trkpt>
   <trkpt lat="51.5065400" lon="-0.0874670">
    <ele>9.7</ele>
    <time>2023-12-10T09:44:59Z</time>
   </trkpt>
   <trkpt lat="51.5065210" lon="-0.0874920">
    <ele>9.5</ele>
    <time>2023-12-10T09:45:00Z</time>
   </trkpt>
   <trkpt lat="51.5065170" lon="-0.0875120">
    <ele>9.3</ele>
    <time>2023-12-10T09:45:01Z</time>
   </trkpt>
   <trkpt lat="51.5065200" lon="-0.0875920">
    <ele>9.0</ele>
    <time>2023-12-10T09:45:02Z</time>
   </trkpt>
   <trkpt lat="51.5065280" lon="-0.0876480">
    <ele>8.7</ele>
    <time>2023-12-10T09:45:03Z</time>
   </trkpt>
   <trkpt lat="51.5065280" lon="-0.0876960">
    <ele>8.5</ele>
    <time>2023-12-10T09:45:04Z</time>
   </trkpt>
   <trkpt lat="51.5065300" lon="-0.0877180">
    <ele>8.3</ele>
    <time>2023-12-10T09:45:05Z</time>
   </trkpt>
   <trkpt lat="51.5065110" lon="-0.0877090">
    <ele>8.1</ele>
    <time>2023-12-10T09:45:06Z</time>
   </trkpt>
   <trkpt lat="51.5065020" lon="-0.0877140">
    <ele>7.9</ele>
    <time>2023-12-10T09:45:07Z</time>
   </trkpt>
   <trkpt lat="51.5064940" lon="-0.0877180">
    <ele>7.7</ele>
    <time>2023-12-10T09:45:08Z</time>
   </trkpt>
   <trkpt lat="51.5064840" lon="-0.0877380">
    <ele>7.4</ele>
    <time>2023-12-10T09:45:09Z</time>
   </trkpt>
   <trkpt lat="51.5064890" lon="-0.0877590">
    <ele>7.2</ele>
    <time>2023-12-10T09:45:10Z</time>
   </trkpt>
   <trkpt lat="51.5064950" lon="-0.0877800">
    <ele>7.0</ele>
    <time>2023-12-10T09:45:11Z</time>
   </trkpt>
   <trkpt lat="51.5064820" lon="-0.0878290">
    <ele>6.8</ele>
    <time>2023-12-10T09:45:12Z</time>
   </trkpt>
   <trkpt lat="51.5064840" lon="-0.0878460">
    <ele>6.5</ele>
    <time>2023-12-10T09:45:13Z</time>
   </trkpt>
   <trkpt lat="51.5064710" lon="-0.0878830">
    <ele>6.3</ele>
    <time>2023-12-10T09:45:14Z</time>
   </trkpt>
   <trkpt lat="51.5064470" lon="-0.0879310">
    <ele>6.1</ele>
    <time>2023-12-10T09:45:15Z</time>
   </trkpt>
   <trkpt lat="51.5064390" lon="-0.0879460">
    <ele>5.8</ele>
    <time>2023-12-10T09:45:16Z</time>
   </trkpt>
   <trkpt lat="51.5064080" lon="-0.0879870">
    <ele>5.6</ele>
    <time>2023-12-10T09:45:17Z</time>
   </trkpt>
   <trkpt lat="51.5063970" lon="-0.0880000">
    <ele>5.3</ele>
    <time>2023-12-10T09:45:18Z</time>
   </trkpt>
   <trkpt lat="51.5063750" lon="-0.0880500">
    <ele>5.1</ele>
    <time>2023-12-10T09:45:19Z</time>
   </trkpt>
   <trkpt lat="51.5063680" lon="-0.0880670">
    <ele>4.9</ele>
    <time>2023-12-10T09:45:20Z</time>
   </trkpt>
   <trkpt lat="51.5064340" lon="-0.0881870">
    <ele>4.9</ele>
    <time>2023-12-10T09:45:21Z</time>
   </trkpt>
   <trkpt lat="51.5065470" lon="-0.0884250">
    <ele>4.9</ele>
    <time>2023-12-10T09:45:22Z</time>
   </trkpt>
   <trkpt lat="51.5065380" lon="-0.0884660">
    <ele>4.9</ele>
    <time>2023-12-10T09:45:23Z</time>
   </trkpt>
   <trkpt lat="51.5065240" lon="-0.0885040">
    <ele>4.9</ele>
    <time>2023-12-10T09:45:24Z</time>
   </trkpt>
   <trkpt lat="51.5065140" lon="-0.0885450">
    <ele>4.8</ele>
    <time>2023-12-10T09:45:25Z</time>
   </trkpt>
   <trkpt lat="51.5065170" lon="-0.0885650">
    <ele>4.8</ele>
    <time>2023-12-10T09:45:26Z</time>
   </trkpt>
   <trkpt lat="51.5065200" lon="-0.0885850">
    <ele>4.8</ele>
    <time>2023-12-10T09:45:27Z</time>
   </trkpt>
   <trkpt lat="51.5065270" lon="-0.0886340">
    <ele>4.7</ele>
    <time>2023-12-10T09:45:28Z</time>
   </trkpt>
   <trkpt lat="51.5065330" lon="-0.0886920">
    <ele>4.7</ele>
    <time>2023-12-10T09:45:29Z</time>
   </trkpt>
   <trkpt lat="51.5065390" lon="-0.0887420">
    <ele>4.7</ele>
    <time>2023-12-10T09:45:30Z</time>
   </trkpt>
   <trkpt lat="51.5065530" lon="-0.0888040">
    <ele>4.6</ele>
    <time>2023-12-10T09:45:31Z</time>
   </trkpt>
   <trkpt lat="51.5065770" lon="-0.0888480">
    <ele>4.6</ele>
    <time>2023-12-10T09:45:32Z</time>
   </trkpt>
   <trkpt lat="51.5065860" lon="-0.0889640">
    <ele>4.5</ele>
    <time>2023-12-10T09:45:33Z</time>
   </trkpt>
   <trkpt lat="51.5065960" lon="-0.0890590">
    <ele>4.5</ele>
    <time>2023-12-10T09:45:34Z</time>
   </trkpt>
   <trkpt lat="51.5066010" lon="-0.0891160">
    <ele>4.5</ele>
    <time>2023-12-10T09:45:35Z</time>
   </trkpt>
   <trkpt lat="51.5065930" lon="-0.0891670">
    <ele>4.4</ele>
    <time>2023-12-10T09:45:36Z</time>
   </trkpt>
   <trkpt lat="51.5065830" lon="-0.0892260">
    <ele>4.4</ele>
    <time>2023-12-10T09:45:37Z</time>
   </trkpt>
   <trkpt lat="51.5065720" lon="-0.0892430">
    <ele>4.4</ele>
    <time>2023-12-10T09:45:38Z</time>
   </trkpt>
   <trkpt lat="51.5065900" lon="-0.0892810">
    <ele>4.4</ele>
    <time>2023-12-10T09:45:39Z</time>
   </trkpt>
   <trkpt lat="51.5066220" lon="-0.0893360">
    <ele>4.3</ele>
    <time>2023-12-10T09:45:40Z</time>
   </trkpt>
   <trkpt lat="51.5066360" lon="-0.0893910">
    <ele>4.3</ele>
    <time>2023-12-10T09:45:41Z</time>
   </trkpt>
   <trkpt lat="51.5066330" lon="-0.0894640">
    <ele>4.3</ele>
    <time>2023-12-10T09:45:42Z</time>
   </trkpt>
   <trkpt lat="51.5066240" lon="-0.0895260">
    <ele>4.3</ele>
    <time>2023-12-10T09:45:43Z</time>
   </trkpt>
   <trkpt lat="51.5066250" lon="-0.0896040">
    <ele>4.3</ele>
    <time>2023-12-10T09:45:44Z</time>
   </trkpt>
   <trkpt lat="51.5066220" lon="-0.0896690">
    <ele>4.4</ele>
    <time>2023-12-10T09:45:45Z</time>
   </trkpt>
   <trkpt lat="51.5066120" lon="-0.0897480">
    <ele>4.4</ele>
    <time>2023-12-10T09:45:46Z</time>
   </trkpt>
   <trkpt lat="51.5066000" lon="-0.0898130">
    <ele>4.4</ele>
    <time>2023-12-10T09:45:47Z</time>
   </trkpt>
   <trkpt lat="51.5065880" lon="-0.0898830">
    <ele>4.4</ele>
    <time>2023-12-10T09:45:48Z</time>
   </trkpt>
   <trkpt lat="51.5065460" lon="-0.0899370">
    <ele>4.4</ele>
    <time>2023-12-10T09:45:49Z</time>
   </trkpt>
   <trkpt lat="51.5065050" lon="-0.0899720">
    <ele>4.4</ele>
    <time>2023-12-10T09:45:50Z</time>
   </trkpt>
   <trkpt lat="51.5064640" lon="-0.0900090">
    <ele>4.4</ele>
    <time>2023-12-10T09:45:51Z</time>
   </trkpt>
   <trkpt lat="51.5064310" lon="-0.0900380">
    <ele>4.4</ele>
    <time>2023-12-10T09:45:52Z</time>
   </trkpt>
   <trkpt lat="51.5064070" lon="-0.0900760">
    <ele>4.3</ele>
    <time>2023-12-10T09:45:53Z</time>
   </trkpt>
   <trkpt lat="51.5063890" lon="-0.0901580">
    <ele>4.3</ele>
    <time>2023-12-10T09:45:54Z</time>
   </trkpt>
   <trkpt lat="51.5063940" lon="-0.0902050">
    <ele>4.2</ele>
    <time>2023-12-10T09:45:55Z</time>
   </trkpt>
   <trkpt lat="51.5064140" lon="-0.0902460">
    <ele>4.2</ele>
    <time>2023-12-10T09:45:56Z</time>
   </trkpt>
   <trkpt lat="51.5064400" lon="-0.0902790">
    <ele>4.2</ele>
    <time>2023-12-10T09:45:57Z</time>
   </trkpt>
   <trkpt lat="51.5064780" lon="-0.0902860">
    <ele>4.1</ele>
    <time>2023-12-10T09:45:58Z</time>
   </trkpt>
   <trkpt lat="51.5064930" lon="-0.0902780">
    <ele>4.1</ele>
    <time>2023-12-10T09:45:59Z</time>
   </trkpt>
   <trkpt lat="51.5065250" lon="-0.0902680">
    <ele>4.1</ele>
    <time>2023-12-10T09:46:00Z</time>
   </trkpt>
   <trkpt lat="51.5065480" lon="-0.0902910">
    <ele>4.1</ele>
    <time>2023-12-10T09:46:01Z</time>
   </trkpt>
   <trkpt lat="51.5065750" lon="-0.0903220">
    <ele>4.1</ele>
    <time>2023-12-10T09:46:02Z</time>
   </trkpt>
   <trkpt lat="51.5066080" lon="-0.0903620">
    <ele>4.1</ele>
    <time>2023-12-10T09:46:03Z</time>
   </trkpt>
   <trkpt lat="51.5066430" lon="-0.0903870">
    <ele>4.1</ele>
    <time>2023-12-10T09:46:04Z</time>
   </trkpt>
   <trkpt lat="51.5066700" lon="-0.0904180">
    <ele>4.1</ele>
    <time>2023-12-10T09:46:05Z</time>
   </trkpt>
   <trkpt lat="51.5067050" lon="-0.0904070">
    <ele>4.1</ele>
    <time>2023-12-10T09:46:06Z</time>
   </trkpt>
   <trkpt lat="51.5067420" lon="-0.0903920">
    <ele>4.1</ele>
    <time>2023-12-10T09:46:07Z</time>
   </trkpt>
   <trkpt lat="51.5067720" lon="-0.0904090">
    <ele>4.1</ele>
    <time>2023-12-10T09:46:08Z</time>
   </trkpt>
   <trkpt lat="51.5067950" lon="-0.0904390">
    <ele>4.1</ele>
    <time>2023-12-10T09:46:09Z</time>
   </trkpt>
   <trkpt lat="51.5068260" lon="-0.0904700">
    <ele>4.0</ele>
    <time>2023-12-10T09:46:10Z</time>
   </trkpt>
   <trkpt lat="51.5068570" lon="-0.0904940">
    <ele>4.0</ele>
    <time>2023-12-10T09:46:11Z</time>
   </trkpt>
   <trkpt lat="51.5068850" lon="-0.0905250">
    <ele>4.0</ele>
    <time>2023-12-10T09:46:12Z</time>
   </trkpt>
   <trkpt lat="51.5069040" lon="-0.0905880">
    <ele>4.0</ele>
    <time>2023-12-10T09:46:13Z</time>
   </trkpt>
   <trkpt lat="51.5069070" lon="-0.0906170">
    <ele>3.9</ele>
    <time>2023-12-10T09:46:14Z</time>
   </trkpt>
   <trkpt lat="51.5069200" lon="-0.0906810">
    <ele>3.9</ele>
    <time>2023-12-10T09:46:15Z</time>
   </trkpt>
   <trkpt lat="51.5069380" lon="-0.0907270">
    <ele>3.9</ele>
    <time>2023-12-10T09:46:16Z</time>
   </trkpt>
   <trkpt lat="51.5069530" lon="-0.0907820">
    <ele>3.9</ele>
    <time>2023-12-10T09:46:17Z</time>
   </trkpt>
   <trkpt lat="51.5069480" lon="-0.0908550">
    <ele>3.8</ele>
    <time>2023-12-10T09:46:18Z</time>
   </trkpt>
   <trkpt lat="51.5069340" lon="-0.0909240">
    <ele>3.8</ele>
    <time>2023-12-10T09:46:19Z</time>
   </trkpt>
   <trkpt lat="51.5069380" lon="-0.0909780">
    <ele>3.8</ele>
    <time>2023-12-10T09:46:20Z</time>
   </trkpt>
   <trkpt lat="51.5069210" lon="-0.0910510">
    <ele>3.7</ele>
    <time>2023-12-10T09:46:21Z</time>
   </trkpt>
   <trkpt lat="51.5069210" lon="-0.0911080">
    <ele>3.7</ele>
    <time>2023-12-10T09:46:22Z</time>
   </trkpt>
   <trkpt lat="51.5069390" lon="-0.0911670">
    <ele>3.7</ele>
    <time>2023-12-10T09:46:23Z</time>
   </trkpt>
   <trkpt lat="51.5069550" lon="-0.0912200">
    <ele>3.7</ele>
    <time>2023-12-10T09:46:24Z</time>
   </trkpt>
   <trkpt lat="51.5069590" lon="-0.0912720">
    <ele>3.7</ele>
    <time>2023-12-10T09:46:25Z</time>
   </trkpt>
   <trkpt lat="51.5069570" lon="-0.0913450">
    <ele>3.6</ele>
    <time>2023-12-10T09:46:26Z</time>
   </trkpt>
   <trkpt lat="51.5069430" lon="-0.0914190">
    <ele>3.6</ele>
    <time>2023-12-10T09:46:27Z</time>
   </trkpt>
   <trkpt lat="51.5069570" lon="-0.0914760">
    <ele>3.6</ele>
    <time>2023-12-10T09:46:28Z</time>
   </trkpt>
   <trkpt lat="51.5069780" lon="-0.0915350">
    <ele>3.6</ele>
    <time>2023-12-10T09:46:29Z</time>
   </trkpt>
   <trkpt lat="51.5069950" lon="-0.0915890">
    <ele>3.6</ele>
    <time>2023-12-10T09:46:30Z</time>
   </trkpt>
   <trkpt lat="51.5070210" lon="-0.0916470">
    <ele>3.6</ele>
    <time>2023-12-10T09:46:31Z</time>
   </trkpt>
   <trkpt lat="51.5070500" lon="-0.0917070">
    <ele>3.5</ele>
    <time>2023-12-10T09:46:32Z</time>
   </trkpt>
   <trkpt lat="51.5070820" lon="-0.0917540">
    <ele>3.5</ele>
    <time>2023-12-10T09:46:33Z</time>
   </trkpt>
   <trkpt lat="51.5071050" lon="-0.0918060">
    <ele>3.5</ele>
    <time>2023-12-10T09:46:34Z</time>
   </trkpt>
   <trkpt lat="51.5071200" lon="-0.0918630">
    <ele>3.5</ele>
    <time>2023-12-10T09:46:35Z</time>
   </trkpt>
   <trkpt lat="51.5071350" lon="-0.0919240">
    <ele>3.5</ele>
    <time>2023-12-10T09:46:36Z</time>
   </trkpt>
   <trkpt lat="51.5071540" lon="-0.0919750">
    <ele>3.4</ele>
    <time>2023-12-10T09:46:37Z</time>
   </trkpt>
   <trkpt lat="51.5071750" lon="-0.0920290">
    <ele>3.4</ele>
    <time>2023-12-10T09:46:38Z</time>
   </trkpt>
   <trkpt lat="51.5071890" lon="-0.0920770">
    <ele>3.4</ele>
    <time>2023-12-10T09:46:39Z</time>
   </trkpt>
   <trkpt lat="51.5072000" lon="-0.0921410">
    <ele>3.4</ele>
    <time>2023-12-10T09:46:40Z</time>
   </trkpt>
   <trkpt lat="51.5072170" lon="-0.0921930">
    <ele>3.4</ele>
    <time>2023-12-10T09:46:41Z</time>
   </trkpt>
   <trkpt lat="51.5072320" lon="-0.0922470">
    <ele>3.4</ele>
    <time>2023-12-10T09:46:42Z</time>
   </trkpt>
   <trkpt lat="51.5072460" lon="-0.0923000">
    <ele>3.4</ele>
    <time>2023-12-10T09:46:43Z</time>
   </trkpt>
   <trkpt lat="51.5072640" lon="-0.0923500">
    <ele>3.4</ele>
    <time>2023-12-10T09:46:44Z</time>
   </trkpt>
   <trkpt lat="51.5072790" lon="-0.0924030">
    <ele>3.4</ele>
    <time>2023-12-10T09:46:45Z</time>
   </trkpt>
   <trkpt lat="51.5073000" lon="-0.0924500">
    <ele>3.4</ele>
    <time>2023-12-10T09:46:46Z</time>
   </trkpt>
   <trkpt lat="51.5073200" lon="-0.0924970">
    <ele>3.4</ele>
    <time>2023-12-10T09:46:47Z</time>
   </trkpt>
   <trkpt lat="51.5073220" lon="-0.0925560">
    <ele>3.4</ele>
    <time>2023-12-10T09:46:48Z</time>
   </trkpt>
   <trkpt lat="51.5073370" lon="-0.0926030">
    <ele>3.4</ele>
    <time>2023-12-10T09:46:49Z</time>
   </trkpt>
   <trkpt lat="51.5073610" lon="-0.0926360">
    <ele>3.4</ele>
    <time>2023-12-10T09:46:50Z</time>
   </trkpt>
   <trkpt lat="51.5073420" lon="-0.0926800">
    <ele>3.4</ele>
    <time>2023-12-10T09:46:51Z</time>
   </trkpt>
   <trkpt lat="51.5073680" lon="-0.0927060">
    <ele>3.6</ele>
    <time>2023-12-10T09:46:52Z</time>
   </trkpt>
   <trkpt lat="51.5073800" lon="-0.0927030">
    <ele>3.6</ele>
    <time>2023-12-10T09:46:53Z</time>
   </trkpt>
   <trkpt lat="51.5073950" lon="-0.0927100">
    <ele>3.6</ele>
    <time>2023-12-10T09:46:54Z</time>
   </trkpt>
   <trkpt lat="51.5073950" lon="-0.0927460">
    <ele>3.7</ele>
    <time>2023-12-10T09:46:55Z</time>
   </trkpt>
   <trkpt lat="51.5074230" lon="-0.0927730">
    <ele>3.7</ele>
    <time>2023-12-10T09:46:56Z</time>
   </trkpt>
   <trkpt lat="51.5074430" lon="-0.0928450">
    <ele>3.8</ele>
    <time>2023-12-10T09:46:57Z</time>
   </trkpt>
   <trkpt lat="51.5074580" lon="-0.0929240">
    <ele>3.9</ele>
    <time>2023-12-10T09:46:58Z</time>
   </trkpt>
   <trkpt lat="51.5074740" lon="-0.0929660">
    <ele>4.0</ele>
    <time>2023-12-10T09:46:59Z</time>
   </trkpt>
   <trkpt lat="51.5075000" lon="-0.0930180">
    <ele>4.1</ele>
    <time>2023-12-10T09:47:00Z</time>
   </trkpt>
   <trkpt lat="51.5075220" lon="-0.0930530">
    <ele>4.1</ele>
    <time>2023-12-10T09:47:01Z</time>
   </trkpt>
   <trkpt lat="51.5075680" lon="-0.0930940">
    <ele>4.2</ele>
    <time>2023-12-10T09:47:02Z</time>
   </trkpt>
   <trkpt lat="51.5075890" lon="-0.0931350">
    <ele>4.2</ele>
    <time>2023-12-10T09:47:03Z</time>
   </trkpt>
   <trkpt lat="51.5076240" lon="-0.0931910">
    <ele>4.3</ele>
    <time>2023-12-10T09:47:04Z</time>
   </trkpt>
   <trkpt lat="51.5076550" lon="-0.0932610">
    <ele>4.4</ele>
    <time>2023-12-10T09:47:05Z</time>
   </trkpt>
   <trkpt lat="51.5076720" lon="-0.0933070">
    <ele>4.4</ele>
    <time>2023-12-10T09:47:06Z</time>
   </trkpt>
   <trkpt lat="51.5076840" lon="-0.0933550">
    <ele>4.5</ele>
    <time>2023-12-10T09:47:07Z</time>
   </trkpt>
   <trkpt lat="51.5076920" lon="-0.0934270">
    <ele>4.5</ele>
    <time>2023-12-10T09:47:08Z</time>
   </trkpt>
   <trkpt lat="51.5077050" lon="-0.0934730">
    <ele>4.5</ele>
    <time>2023-12-10T09:47:09Z</time>
   </trkpt>
   <trkpt lat="51.5077210" lon="-0.0935150">
    <ele>4.5</ele>
    <time>2023-12-10T09:47:10Z</time>
   </trkpt>
   <trkpt lat="51.5077320" lon="-0.0935700">
    <ele>4.5</ele>
    <time>2023-12-10T09:47:11Z</time>
   </trkpt>
   <trkpt lat="51.5077400" lon="-0.0936340">
    <ele>4.5</ele>
    <time>2023-12-10T09:47:12Z</time>
   </trkpt>
   <trkpt lat="51.5077590" lon="-0.0936720">
    <ele>4.6</ele>
    <time>2023-12-10T09:47:13Z</time>
   </trkpt>
   <trkpt lat="51.5077940" lon="-0.0936970">
    <ele>4.6</ele>
    <time>2023-12-10T09:47:14Z</time>
   </trkpt>
   <trkpt lat="51.5078210" lon="-0.0937190">
    <ele>4.6</ele>
    <time>2023-12-10T09:47:15Z</time>
   </trkpt>
   <trkpt lat="51.5078340" lon="-0.0937780">
    <ele>4.6</ele>
    <time>2023-12-10T09:47:16Z</time>
   </trkpt>
   <trkpt lat="51.5078500" lon="-0.0938320">
    <ele>4.6</ele>
    <time>2023-12-10T09:47:17Z</time>
   </trkpt>
   <trkpt lat="51.5078700" lon="-0.0938950">
    <ele>4.6</ele>
    <time>2023-12-10T09:47:18Z</time>
   </trkpt>
   <trkpt lat="51.5078850" lon="-0.0939480">
    <ele>4.6</ele>
    <time>2023-12-10T09:47:19Z</time>
   </trkpt>
   <trkpt lat="51.5079060" lon="-0.0940090">
    <ele>4.6</ele>
    <time>2023-12-10T09:47:20Z</time>
   </trkpt>
   <trkpt lat="51.5079290" lon="-0.0940700">
    <ele>4.6</ele>
    <time>2023-12-10T09:47:21Z</time>
   </trkpt>
   <trkpt lat="51.5079400" lon="-0.0941180">
    <ele>4.6</ele>
    <time>2023-12-10T09:47:22Z</time>
   </trkpt>
   <trkpt lat="51.5079510" lon="-0.0941590">
    <ele>4.6</ele>
    <time>2023-12-10T09:47:23Z</time>
   </trkpt>
   <trkpt lat="51.5079690" lon="-0.0942110">
    <ele>4.6</ele>
    <time>2023-12-10T09:47:24Z</time>
   </trkpt>
   <trkpt lat="51.5079700" lon="-0.0942700">
    <ele>4.6</ele>
    <time>2023-12-10T09:47:25Z</time>
   </trkpt>
   <trkpt lat="51.5079500" lon="-0.0943220">
    <ele>4.6</ele>
    <time>2023-12-10T09:47:26Z</time>
   </trkpt>
   <trkpt lat="51.5079240" lon="-0.0943560">
    <ele>4.6</ele>
    <time>2023-12-10T09:47:27Z</time>
   </trkpt>
   <trkpt lat="51.5078970" lon="-0.0943750">
    <ele>4.5</ele>
    <time>2023-12-10T09:47:28Z</time>
   </trkpt>
   <trkpt lat="51.5078700" lon="-0.0944070">
    <ele>4.5</ele>
    <time>2023-12-10T09:47:29Z</time>
   </trkpt>
   <trkpt lat="51.5078420" lon="-0.0944270">
    <ele>4.5</ele>
    <time>2023-12-10T09:47:30Z</time>
   </trkpt>
   <trkpt lat="51.5077870" lon="-0.0943220">
    <ele>3.4</ele>
    <time>2023-12-10T09:47:31Z</time>
   </trkpt>
   <trkpt lat="51.5077600" lon="-0.0942950">
    <ele>3.4</ele>
    <time>2023-12-10T09:47:32Z</time>
   </trkpt>
   <trkpt lat="51.5077260" lon="-0.0942650">
    <ele>3.4</ele>
    <time>2023-12-10T09:47:33Z</time>
   </trkpt>
   <trkpt lat="51.5076900" lon="-0.0942420">
    <ele>3.3</ele>
    <time>2023-12-10T09:47:34Z</time>
   </trkpt>
   <trkpt lat="51.5076550" lon="-0.0942240">
    <ele>3.3</ele>
    <time>2023-12-10T09:47:35Z</time>
   </trkpt>
   <trkpt lat="51.5076210" lon="-0.0942040">
    <ele>3.4</ele>
    <time>2023-12-10T09:47:36Z</time>
   </trkpt>
   <trkpt lat="51.5075960" lon="-0.0941750">
    <ele>3.3</ele>
    <time>2023-12-10T09:47:37Z</time>
   </trkpt>
   <trkpt lat="51.5075610" lon="-0.0941550">
    <ele>3.2</ele>
    <time>2023-12-10T09:47:38Z</time>
   </trkpt>
   <trkpt lat="51.5075230" lon="-0.0941530">
    <ele>3.2</ele>
    <time>2023-12-10T09:47:39Z</time>
   </trkpt>
   <trkpt lat="51.5074900" lon="-0.0941390">
    <ele>3.3</ele>
    <time>2023-12-10T09:47:40Z</time>
   </trkpt>
   <trkpt lat="51.5074360" lon="-0.0942840">
    <ele>3.5</ele>
    <time>2023-12-10T09:47:41Z</time>
   </trkpt>
   <trkpt lat="51.5073160" lon="-0.0947400">
    <ele>4.1</ele>
    <time>2023-12-10T09:47:42Z</time>
   </trkpt>
   <trkpt lat="51.5073060" lon="-0.0947570">
    <ele>4.1</ele>
    <time>2023-12-10T09:47:43Z</time>
   </trkpt>
   <trkpt lat="51.5072820" lon="-0.0947920">
    <ele>4.1</ele>
    <time>2023-12-10T09:47:44Z</time>
   </trkpt>
   <trkpt lat="51.5072610" lon="-0.0948330">
    <ele>4.0</ele>
    <time>2023-12-10T09:47:45Z</time>
   </trkpt>
   <trkpt lat="51.5072440" lon="-0.0948790">
    <ele>4.0</ele>
    <time>2023-12-10T09:47:46Z</time>
   </trkpt>
   <trkpt lat="51.5072190" lon="-0.0949020">
    <ele>4.0</ele>
    <time>2023-12-10T09:47:47Z</time>
   </trkpt>
   <trkpt lat="51.5072320" lon="-0.0949880">
    <ele>4.1</ele>
    <time>2023-12-10T09:47:48Z</time>
   </trkpt>
   <trkpt lat="51.5072620" lon="-0.0951240">
    <ele>4.2</ele>
    <time>2023-12-10T09:47:49Z</time>
   </trkpt>
   <trkpt lat="51.5073030" lon="-0.0952080">
    <ele>4.2</ele>
    <time>2023-12-10T09:47:50Z</time>
   </trkpt>
   <trkpt lat="51.5073080" lon="-0.0952720">
    <ele>4.3</ele>
    <time>2023-12-10T09:47:51Z</time>
   </trkpt>
   <trkpt lat="51.5073580" lon="-0.0953300">
    <ele>4.3</ele>
    <time>2023-12-10T09:47:52Z</time>
   </trkpt>
   <trkpt lat="51.5073770" lon="-0.0953830">
    <ele>4.4</ele>
    <time>2023-12-10T09:47:53Z</time>
   </trkpt>
   <trkpt lat="51.5074140" lon="-0.0954500">
    <ele>4.4</ele>
    <time>2023-12-10T09:47:54Z</time>
   </trkpt>
   <trkpt lat="51.5074240" lon="-0.0955260">
    <ele>4.4</ele>
    <time>2023-12-10T09:47:55Z</time>
   </trkpt>
   <trkpt lat="51.5074440" lon="-0.0955750">
    <ele>4.6</ele>
    <time>2023-12-10T09:47:56Z</time>
   </trkpt>
   <trkpt lat="51.5074540" lon="-0.0956770">
    <ele>4.8</ele>
    <time>2023-12-10T09:47:57Z</time>
   </trkpt>
   <trkpt lat="51.5074750" lon="-0.0957630">
    <ele>4.9</ele>
    <time>2023-12-10T09:47:58Z</time>
   </trkpt>
   <trkpt lat="51.5074860" lon="-0.0958390">
    <ele>4.7</ele>
    <time>2023-12-10T09:47:59Z</time>
   </trkpt>
   <trkpt lat="51.5075120" lon="-0.0958940">
    <ele>4.6</ele>
    <time>2023-12-10T09:48:00Z</time>
   </trkpt>
   <trkpt lat="51.5075230" lon="-0.0959460">
    <ele>4.5</ele>
    <time>2023-12-10T09:48:01Z</time>
   </trkpt>
   <trkpt lat="51.5075510" lon="-0.0959810">
    <ele>4.6</ele>
    <time>2023-12-10T09:48:02Z</time>
   </trkpt>
   <trkpt lat="51.5075830" lon="-0.0960180">
    <ele>4.7</ele>
    <time>2023-12-10T09:48:03Z</time>
   </trkpt>
   <trkpt lat="51.5076160" lon="-0.0960540">
    <ele>4.7</ele>
    <time>2023-12-10T09:48:04Z</time>
   </trkpt>
   <trkpt lat="51.5076370" lon="-0.0960980">
    <ele>4.8</ele>
    <time>2023-12-10T09:48:05Z</time>
   </trkpt>
   <trkpt lat="51.5076500" lon="-0.0961600">
    <ele>4.9</ele>
    <time>2023-12-10T09:48:06Z</time>
   </trkpt>
   <trkpt lat="51.5076670" lon="-0.0962160">
    <ele>4.9</ele>
    <time>2023-12-10T09:48:07Z</time>
   </trkpt>
   <trkpt lat="51.5076720" lon="-0.0962630">
    <ele>4.8</ele>
    <time>2023-12-10T09:48:08Z</time>
   </trkpt>
   <trkpt lat="51.5076780" lon="-0.0963270">
    <ele>4.9</ele>
    <time>2023-12-10T09:48:09Z</time>
   </trkpt>
   <trkpt lat="51.5076870" lon="-0.0963910">
    <ele>4.9</ele>
    <time>2023-12-10T09:48:10Z</time>
   </trkpt>
   <trkpt lat="51.5076860" lon="-0.0964460">
    <ele>4.9</ele>
    <time>2023-12-10T09:48:11Z</time>
   </trkpt>
   <trkpt lat="51.5076930" lon="-0.0965040">
    <ele>4.9</ele>
    <time>2023-12-10T09:48:12Z</time>
   </trkpt>
   <trkpt lat="51.5077070" lon="-0.0965540">
    <ele>5.0</ele>
    <time>2023-12-10T09:48:13Z</time>
   </trkpt>
   <trkpt lat="51.5077180" lon="-0.0966260">
    <ele>5.1</ele>
    <time>2023-12-10T09:48:14Z</time>
   </trkpt>
   <trkpt lat="51.5077300" lon="-0.0967150">
    <ele>5.2</ele>
    <time>2023-12-10T09:48:15Z</time>
   </trkpt>
   <trkpt lat="51.5077410" lon="-0.0967800">
    <ele>5.2</ele>
    <time>2023-12-10T09:48:16Z</time>
   </trkpt>
   <trkpt lat="51.5077650" lon="-0.0968460">
    <ele>5.3</ele>
    <time>2023-12-10T09:48:17Z</time>
   </trkpt>
   <trkpt lat="51.5077800" lon="-0.0969040">
    <ele>5.3</ele>
    <time>2023-12-10T09:48:18Z</time>
   </trkpt>
   <trkpt lat="51.5077990" lon="-0.0969570">
    <ele>5.4</ele>
    <time>2023-12-10T09:48:19Z</time>
   </trkpt>
   <trkpt lat="51.5078210" lon="-0.0970370">
    <ele>5.4</ele>
    <time>2023-12-10T09:48:20Z</time>
   </trkpt>
   <trkpt lat="51.5078350" lon="-0.0971020">
    <ele>5.3</ele>
    <time>2023-12-10T09:48:21Z</time>
   </trkpt>
   <trkpt lat="51.5078580" lon="-0.0971510">
    <ele>5.4</ele>
    <time>2023-12-10T09:48:22Z</time>
   </trkpt>
   <trkpt lat="51.5078770" lon="-0.0972020">
    <ele>5.4</ele>
    <time>2023-12-10T09:48:23Z</time>
   </trkpt>
   <trkpt lat="51.5079000" lon="-0.0972690">
    <ele>5.4</ele>
    <time>2023-12-10T09:48:24Z</time>
   </trkpt>
   <trkpt lat="51.5079280" lon="-0.0973320">
    <ele>5.4</ele>
    <time>2023-12-10T09:48:25Z</time>
   </trkpt>
   <trkpt lat="51.5079590" lon="-0.0973850">
    <ele>5.5</ele>
    <time>2023-12-10T09:48:26Z</time>
   </trkpt>
   <trkpt lat="51.5079800" lon="-0.0974260">
    <ele>5.6</ele>
    <time>2023-12-10T09:48:27Z</time>
   </trkpt>
   <trkpt lat="51.5080020" lon="-0.0974830">
    <ele>5.6</ele>
    <time>2023-12-10T09:48:28Z</time>
   </trkpt>
   <trkpt lat="51.5080160" lon="-0.0975340">
    <ele>5.6</ele>
    <time>2023-12-10T09:48:29Z</time>
   </trkpt>
   <trkpt lat="51.5080460" lon="-0.0975940">
    <ele>5.6</ele>
    <time>2023-12-10T09:48:30Z</time>
   </trkpt>
   <trkpt lat="51.5080700" lon="-0.0976470">
    <ele>5.6</ele>
    <time>2023-12-10T09:48:31Z</time>
   </trkpt>
   <trkpt lat="51.5081060" lon="-0.0976980">
    <ele>5.7</ele>
    <time>2023-12-10T09:48:32Z</time>
   </trkpt>
   <trkpt lat="51.5081670" lon="-0.0977500">
    <ele>5.9</ele>
    <time>2023-12-10T09:48:33Z</time>
   </trkpt>
   <trkpt lat="51.5081900" lon="-0.0978030">
    <ele>6.0</ele>
    <time>2023-12-10T09:48:34Z</time>
   </trkpt>
   <trkpt lat="51.5082260" lon="-0.0978640">
    <ele>6.1</ele>
    <time>2023-12-10T09:48:35Z</time>
   </trkpt>
   <trkpt lat="51.5082330" lon="-0.0979370">
    <ele>6.1</ele>
    <time>2023-12-10T09:48:36Z</time>
   </trkpt>
   <trkpt lat="51.5082400" lon="-0.0980030">
    <ele>6.1</ele>
    <time>2023-12-10T09:48:37Z</time>
   </trkpt>
   <trkpt lat="51.5082670" lon="-0.0980810">
    <ele>6.3</ele>
    <time>2023-12-10T09:48:38Z</time>
   </trkpt>
   <trkpt lat="51.5082810" lon="-0.0981430">
    <ele>6.5</ele>
    <time>2023-12-10T09:48:39Z</time>
   </trkpt>
   <trkpt lat="51.5083000" lon="-0.0982190">
    <ele>7.1</ele>
    <time>2023-12-10T09:48:40Z</time>
   </trkpt>
   <trkpt lat="51.5083030" lon="-0.0982890">
    <ele>7.5</ele>
    <time>2023-12-10T09:48:41Z</time>
   </trkpt>
   <trkpt lat="51.5083190" lon="-0.0983690">
    <ele>7.8</ele>
    <time>2023-12-10T09:48:42Z</time>
   </trkpt>
   <trkpt lat="51.5083160" lon="-0.0984210">
    <ele>7.9</ele>
    <time>2023-12-10T09:48:43Z</time>
   </trkpt>
   <trkpt lat="51.5082850" lon="-0.0984600">
    <ele>7.8</ele>
    <time>2023-12-10T09:48:44Z</time>
   </trkpt>
   <trkpt lat="51.5082720" lon="-0.0984780">
    <ele>7.9</ele>
    <time>2023-12-10T09:48:45Z</time>
   </trkpt>
   <trkpt lat="51.5082340" lon="-0.0984990">
    <ele>7.8</ele>
    <time>2023-12-10T09:48:46Z</time>
   </trkpt>
   <trkpt lat="51.5082070" lon="-0.0985240">
    <ele>7.7</ele>
    <time>2023-12-10T09:48:47Z</time>
   </trkpt>
   <trkpt lat="51.5081970" lon="-0.0985270">
    <ele>7.8</ele>
    <time>2023-12-10T09:48:48Z</time>
   </trkpt>
   <trkpt lat="51.5081800" lon="-0.0985330">
    <ele>7.8</ele>
    <time>2023-12-10T09:48:49Z</time>
   </trkpt>
   <trkpt lat="51.5081460" lon="-0.0985220">
    <ele>7.9</ele>
    <time>2023-12-10T09:48:50Z</time>
   </trkpt>
   <trkpt lat="51.5081350" lon="-0.0985130">
    <ele>7.9</ele>
    <time>2023-12-10T09:48:51Z</time>
   </trkpt>
   <trkpt lat="51.5081340" lon="-0.0984960">
    <ele>8.0</ele>
    <time>2023-12-10T09:48:52Z</time>
   </trkpt>
   <trkpt lat="51.5081570" lon="-0.0984850">
    <ele>8.0</ele>
    <time>2023-12-10T09:48:53Z</time>
   </trkpt>
   <trkpt lat="51.5081930" lon="-0.0985100">
    <ele>8.1</ele>
    <time>2023-12-10T09:48:54Z</time>
   </trkpt>
   <trkpt lat="51.5082050" lon="-0.0985160">
    <ele>8.2</ele>
    <time>2023-12-10T09:48:55Z</time>
   </trkpt>
   <trkpt lat="51.5082410" lon="-0.0985250">
    <ele>8.3</ele>
    <time>2023-12-10T09:48:56Z</time>
   </trkpt>
   <trkpt lat="51.5082760" lon="-0.0985230">
    <ele>8.4</ele>
    <time>2023-12-10T09:48:57Z</time>
   </trkpt>
   <trkpt lat="51.5083080" lon="-0.0985190">
    <ele>8.5</ele>
    <time>2023-12-10T09:48:58Z</time>
   </trkpt>
   <trkpt lat="51.5083330" lon="-0.0985340">
    <ele>8.6</ele>
    <time>2023-12-10T09:48:59Z</time>
   </trkpt>
   <trkpt lat="51.5083680" lon="-0.0985380">
    <ele>8.7</ele>
    <time>2023-12-10T09:49:00Z</time>
   </trkpt>
   <trkpt lat="51.5084010" lon="-0.0985470">
    <ele>8.8</ele>
    <time>2023-12-10T09:49:01Z</time>
   </trkpt>
   <trkpt lat="51.5084320" lon="-0.0985460">
    <ele>8.9</ele>
    <time>2023-12-10T09:49:02Z</time>
   </trkpt>
   <trkpt lat="51.5084590" lon="-0.0985550">
    <ele>9.0</ele>
    <time>2023-12-10T09:49:03Z</time>
   </trkpt>
   <trkpt lat="51.5084930" lon="-0.0985590">
    <ele>9.1</ele>
    <time>2023-12-10T09:49:04Z</time>
   </trkpt>
   <trkpt lat="51.5085310" lon="-0.0985680">
    <ele>9.2</ele>
    <time>2023-12-10T09:49:05Z</time>
   </trkpt>
   <trkpt lat="51.5085450" lon="-0.0985670">
    <ele>9.2</ele>
    <time>2023-12-10T09:49:06Z</time>
   </trkpt>
   <trkpt lat="51.5085760" lon="-0.0985740">
    <ele>9.3</ele>
    <time>2023-12-10T09:49:07Z</time>
   </trkpt>
   <trkpt lat="51.5086050" lon="-0.0985760">
    <ele>9.5</ele>
    <time>2023-12-10T09:49:08Z</time>
   </trkpt>
   <trkpt lat="51.5086380" lon="-0.0985890">
    <ele>9.6</ele>
    <time>2023-12-10T09:49:09Z</time>
   </trkpt>
   <trkpt lat="51.5086470" lon="-0.0985960">
    <ele>9.7</ele>
    <time>2023-12-10T09:49:10Z</time>
   </trkpt>
   <trkpt lat="51.5086820" lon="-0.0986030">
    <ele>9.9</ele>
    <time>2023-12-10T09:49:11Z</time>
   </trkpt>
   <trkpt lat="51.5087180" lon="-0.0985930">
    <ele>10.1</ele>
    <time>2023-12-10T09:49:12Z</time>
   </trkpt>
   <trkpt lat="51.5087530" lon="-0.0985830">
    <ele>10.3</ele>
    <time>2023-12-10T09:49:13Z</time>
   </trkpt>
   <trkpt lat="51.5087630" lon="-0.0985870">
    <ele>10.3</ele>
    <time>2023-12-10T09:49:14Z</time>
   </trkpt>
   <trkpt lat="51.5087960" lon="-0.0985820">
    <ele>10.5</ele>
    <time>2023-12-10T09:49:15Z</time>
   </trkpt>
   <trkpt lat="51.5088380" lon="-0.0985750">
    <ele>10.7</ele>
    <time>2023-12-10T09:49:16Z</time>
   </trkpt>
   <trkpt lat="51.5088700" lon="-0.0985650">
    <ele>10.9</ele>
    <time>2023-12-10T09:49:17Z</time>
   </trkpt>
   <trkpt lat="51.5089110" lon="-0.0985630">
    <ele>11.1</ele>
    <time>2023-12-10T09:49:18Z</time>
   </trkpt>
   <trkpt lat="51.5089320" lon="-0.0985610">
    <ele>11.2</ele>
    <time>2023-12-10T09:49:19Z</time>
   </trkpt>
   <trkpt lat="51.5089650" lon="-0.0985530">
    <ele>11.3</ele>
    <time>2023-12-10T09:49:20Z</time>
   </trkpt>
   <trkpt lat="51.5090000" lon="-0.0985420">
    <ele>11.5</ele>
    <time>2023-12-10T09:49:21Z</time>
   </trkpt>
   <trkpt lat="51.5090350" lon="-0.0985560">
    <ele>11.6</ele>
    <time>2023-12-10T09:49:22Z</time>
   </trkpt>
   <trkpt lat="51.5090500" lon="-0.0985560">
    <ele>11.7</ele>
    <time>2023-12-10T09:49:23Z</time>
   </trkpt>
   <trkpt lat="51.5091000" lon="-0.0985410">
    <ele>11.8</ele>
    <time>2023-12-10T09:49:24Z</time>
   </trkpt>
   <trkpt lat="51.5091330" lon="-0.0985400">
    <ele>11.9</ele>
    <time>2023-12-10T09:49:25Z</time>
   </trkpt>
   <trkpt lat="51.5091730" lon="-0.0985470">
    <ele>12.0</ele>
    <time>2023-12-10T09:49:26Z</time>
   </trkpt>
   <trkpt lat="51.5091940" lon="-0.0985530">
    <ele>12.1</ele>
    <time>2023-12-10T09:49:27Z</time>
   </trkpt>
   <trkpt lat="51.5092300" lon="-0.0985450">
    <ele>12.2</ele>
    <time>2023-12-10T09:49:28Z</time>
   </trkpt>
   <trkpt lat="51.5092700" lon="-0.0985330">
    <ele>12.2</ele>
    <time>2023-12-10T09:49:29Z</time>
   </trkpt>
   <trkpt lat="51.5093080" lon="-0.0985250">
    <ele>12.3</ele>
    <time>2023-12-10T09:49:30Z</time>
   </trkpt>
   <trkpt lat="51.5093440" lon="-0.0985200">
    <ele>12.4</ele>
    <time>2023-12-10T09:49:31Z</time>
   </trkpt>
   <trkpt lat="51.5093750" lon="-0.0985100">
    <ele>12.4</ele>
    <time>2023-12-10T09:49:32Z</time>
   </trkpt>
   <trkpt lat="51.5094130" lon="-0.0985020">
    <ele>12.5</ele>
    <time>2023-12-10T09:49:33Z</time>
   </trkpt>
   <trkpt lat="51.5094460" lon="-0.0984990">
    <ele>12.5</ele>
    <time>2023-12-10T09:49:34Z</time>
   </trkpt>
   <trkpt lat="51.5094770" lon="-0.0985020">
    <ele>12.6</ele>
    <time>2023-12-10T09:49:35Z</time>
   </trkpt>
   <trkpt lat="51.5095210" lon="-0.0985030">
    <ele>12.6</ele>
    <time>2023-12-10T09:49:36Z</time>
   </trkpt>
   <trkpt lat="51.5095620" lon="-0.0984980">
    <ele>12.7</ele>
    <time>2023-12-10T09:49:37Z</time>
   </trkpt>
   <trkpt lat="51.5096100" lon="-0.0984880">
    <ele>12.8</ele>
    <time>2023-12-10T09:49:38Z</time>
   </trkpt>
   <trkpt lat="51.5096420" lon="-0.0984870">
    <ele>12.8</ele>
    <time>2023-12-10T09:49:39Z</time>
   </trkpt>
   <trkpt lat="51.5096740" lon="-0.0984850">
    <ele>12.9</ele>
    <time>2023-12-10T09:49:40Z</time>
   </trkpt>
   <trkpt lat="51.5097060" lon="-0.0984900">
    <ele>12.9</ele>
    <time>2023-12-10T09:49:41Z</time>
   </trkpt>
   <trkpt lat="51.5097410" lon="-0.0984830">
    <ele>12.9</ele>
    <time>2023-12-10T09:49:42Z</time>
   </trkpt>
   <trkpt lat="51.5097830" lon="-0.0984900">
    <ele>13.0</ele>
    <time>2023-12-10T09:49:43Z</time>
   </trkpt>
   <trkpt lat="51.5098250" lon="-0.0984830">
    <ele>13.0</ele>
    <time>2023-12-10T09:49:44Z</time>
   </trkpt>
   <trkpt lat="51.5098640" lon="-0.0984780">
    <ele>13.1</ele>
    <time>2023-12-10T09:49:45Z</time>
   </trkpt>
   <trkpt lat="51.5099000" lon="-0.0984750">
    <ele>13.1</ele>
    <time>2023-12-10T09:49:46Z</time>
   </trkpt>
   <trkpt lat="51.5099280" lon="-0.0984720">
    <ele>13.2</ele>
    <time>2023-12-10T09:49:47Z</time>
   </trkpt>
   <trkpt lat="51.5099660" lon="-0.0984740">
    <ele>13.2</ele>
    <time>2023-12-10T09:49:48Z</time>
   </trkpt>
   <trkpt lat="51.5100010" lon="-0.0984750">
    <ele>13.2</ele>
    <time>2023-12-10T09:49:49Z</time>
   </trkpt>
   <trkpt lat="51.5100440" lon="-0.0984690">
    <ele>13.3</ele>
    <time>2023-12-10T09:49:50Z</time>
   </trkpt>
   <trkpt lat="51.5100850" lon="-0.0984650">
    <ele>13.3</ele>
    <time>2023-12-10T09:49:51Z</time>
   </trkpt>
   <trkpt lat="51.5101240" lon="-0.0984700">
    <ele>13.4</ele>
    <time>2023-12-10T09:49:52Z</time>
   </trkpt>
   <trkpt lat="51.5101580" lon="-0.0984760">
    <ele>13.4</ele>
    <time>2023-12-10T09:49:53Z</time>
   </trkpt>
   <trkpt lat="51.5101920" lon="-0.0984790">
    <ele>13.4</ele>
    <time>2023-12-10T09:49:54Z</time>
   </trkpt>
   <trkpt lat="51.5102360" lon="-0.0984810">
    <ele>13.4</ele>
    <time>2023-12-10T09:49:55Z</time>
   </trkpt>
   <trkpt lat="51.5102630" lon="-0.0984710">
    <ele>13.4</ele>
    <time>2023-12-10T09:49:56Z</time>
   </trkpt>
   <trkpt lat="51.5103070" lon="-0.0984550">
    <ele>13.3</ele>
    <time>2023-12-10T09:49:57Z</time>
   </trkpt>
   <trkpt lat="51.5103430" lon="-0.0984540">
    <ele>13.3</ele>
    <time>2023-12-10T09:49:58Z</time>
   </trkpt>
   <trkpt lat="51.5103790" lon="-0.0984530">
    <ele>13.2</ele>
    <time>2023-12-10T09:49:59Z</time>
   </trkpt>
   <trkpt lat="51.5104140" lon="-0.0984480">
    <ele>13.1</ele>
    <time>2023-12-10T09:50:00Z</time>
   </trkpt>
   <trkpt lat="51.5104450" lon="-0.0984430">
    <ele>13.1</ele>
    <time>2023-12-10T09:50:01Z</time>
   </trkpt>
   <trkpt lat="51.5104830" lon="-0.0984300">
    <ele>13.0</ele>
    <time>2023-12-10T09:50:02Z</time>
   </trkpt>
   <trkpt lat="51.5105270" lon="-0.0984250">
    <ele>12.8</ele>
    <time>2023-12-10T09:50:03Z</time>
   </trkpt>
   <trkpt lat="51.5105650" lon="-0.0984280">
    <ele>12.7</ele>
    <time>2023-12-10T09:50:04Z</time>
   </trkpt>
   <trkpt lat="51.5106060" lon="-0.0984290">
    <ele>12.6</ele>
    <time>2023-12-10T09:50:05Z</time>
   </trkpt>
   <trkpt lat="51.5106480" lon="-0.0984250">
    <ele>12.4</ele>
    <time>2023-12-10T09:50:06Z</time>
   </trkpt>
   <trkpt lat="51.5106870" lon="-0.0984150">
    <ele>12.3</ele>
    <time>2023-12-10T09:50:07Z</time>
   </trkpt>
   <trkpt lat="51.5107250" lon="-0.0984220">
    <ele>12.2</ele>
    <time>2023-12-10T09:50:08Z</time>
   </trkpt>
   <trkpt lat="51.5107650" lon="-0.0984100">
    <ele>12.0</ele>
    <time>2023-12-10T09:50:09Z</time>
   </trkpt>
   <trkpt lat="51.5108040" lon="-0.0983960">
    <ele>11.8</ele>
    <time>2023-12-10T09:50:10Z</time>
   </trkpt>
   <trkpt lat="51.5108400" lon="-0.0983920">
    <ele>11.7</ele>
    <time>2023-12-10T09:50:11Z</time>
   </trkpt>
   <trkpt lat="51.5108810" lon="-0.0983890">
    <ele>11.5</ele>
    <time>2023-12-10T09:50:12Z</time>
   </trkpt>
   <trkpt lat="51.5109170" lon="-0.0983900">
    <ele>11.4</ele>
    <time>2023-12-10T09:50:13Z</time>
   </trkpt>
   <trkpt lat="51.5109560" lon="-0.0984000">
    <ele>11.2</ele>
    <time>2023-12-10T09:50:14Z</time>
   </trkpt>
   <trkpt lat="51.5109930" lon="-0.0984120">
    <ele>11.1</ele>
    <time>2023-12-10T09:50:15Z</time>
   </trkpt>
   <trkpt lat="51.5110300" lon="-0.0984000">
    <ele>10.9</ele>
    <time>2023-12-10T09:50:16Z</time>
   </trkpt>
   <trkpt lat="51.5110730" lon="-0.0983860">
    <ele>10.8</ele>
    <time>2023-12-10T09:50:17Z</time>
   </trkpt>
   <trkpt lat="51.5111050" lon="-0.0983750">
    <ele>10.8</ele>
    <time>2023-12-10T09:50:18Z</time>
   </trkpt>
   <trkpt lat="51.5111400" lon="-0.0983910">
    <ele>10.9</ele>
    <time>2023-12-10T09:50:19Z</time>
   </trkpt>
   <trkpt lat="51.5111820" lon="-0.0983790">
    <ele>10.9</ele>
    <time>2023-12-10T09:50:20Z</time>
   </trkpt>
   <trkpt lat="51.5112230" lon="-0.0983770">
    <ele>10.9</ele>
    <time>2023-12-10T09:50:21Z</time>
   </trkpt>
   <trkpt lat="51.5112550" lon="-0.0983870">
    <ele>10.9</ele>
    <time>2023-12-10T09:50:22Z</time>
   </trkpt>
   <trkpt lat="51.5112860" lon="-0.0983820">
    <ele>10.9</ele>
    <time>2023-12-10T09:50:23Z</time>
   </trkpt>
   <trkpt lat="51.5113200" lon="-0.0983750">
    <ele>10.9</ele>
    <time>2023-12-10T09:50:24Z</time>
   </trkpt>
   <trkpt lat="51.5113550" lon="-0.0983830">
    <ele>11.0</ele>
    <time>2023-12-10T09:50:25Z</time>
   </trkpt>
   <trkpt lat="51.5113970" lon="-0.0983840">
    <ele>11.0</ele>
    <time>2023-12-10T09:50:26Z</time>
   </trkpt>
   <trkpt lat="51.5114380" lon="-0.0984050">
    <ele>11.0</ele>
    <time>2023-12-10T09:50:27Z</time>
   </trkpt>
   <trkpt lat="51.5114790" lon="-0.0984080">
    <ele>11.0</ele>
    <time>2023-12-10T09:50:28Z</time>
   </trkpt>
   <trkpt lat="51.5115200" lon="-0.0984060">
    <ele>11.0</ele>
    <time>2023-12-10T09:50:29Z</time>
   </trkpt>
   <trkpt lat="51.5115600" lon="-0.0984190">
    <ele>11.1</ele>
    <time>2023-12-10T09:50:30Z</time>
   </trkpt>
   <trkpt lat="51.5115920" lon="-0.0984150">
    <ele>11.1</ele>
    <time>2023-12-10T09:50:31Z</time>
   </trkpt>
   <trkpt lat="51.5116330" lon="-0.0984160">
    <ele>11.1</ele>
    <time>2023-12-10T09:50:32Z</time>
   </trkpt>
   <trkpt lat="51.5116770" lon="-0.0984190">
    <ele>11.2</ele>
    <time>2023-12-10T09:50:33Z</time>
   </trkpt>
   <trkpt lat="51.5117180" lon="-0.0984290">
    <ele>11.2</ele>
    <time>2023-12-10T09:50:34Z</time>
   </trkpt>
   <trkpt lat="51.5117510" lon="-0.0984300">
    <ele>11.2</ele>
    <time>2023-12-10T09:50:35Z</time>
   </trkpt>
   <trkpt lat="51.5117810" lon="-0.0984150">
    <ele>11.2</ele>
    <time>2023-12-10T09:50:36Z</time>
   </trkpt>
   <trkpt lat="51.5118170" lon="-0.0984080">
    <ele>11.2</ele>
    <time>2023-12-10T09:50:37Z</time>
   </trkpt>
   <trkpt lat="51.5118440" lon="-0.0984030">
    <ele>11.2</ele>
    <time>2023-12-10T09:50:38Z</time>
   </trkpt>
   <trkpt lat="51.5118850" lon="-0.0984080">
    <ele>11.3</ele>
    <time>2023-12-10T09:50:39Z</time>
   </trkpt>
   <trkpt lat="51.5119340" lon="-0.0984050">
    <ele>11.5</ele>
    <time>2023-12-10T09:50:40Z</time>
   </trkpt>
   <trkpt lat="51.5119730" lon="-0.0983960">
    <ele>11.5</ele>
    <time>2023-12-10T09:50:41Z</time>
   </trkpt>
   <trkpt lat="51.5120130" lon="-0.0984020">
    <ele>11.6</ele>
    <time>2023-12-10T09:50:42Z</time>
   </trkpt>
   <trkpt lat="51.5120490" lon="-0.0984100">
    <ele>11.7</ele>
    <time>2023-12-10T09:50:43Z</time>
   </trkpt>
   <trkpt lat="51.5120870" lon="-0.0984040">
    <ele>11.7</ele>
    <time>2023-12-10T09:50:44Z</time>
   </trkpt>
   <trkpt lat="51.5121170" lon="-0.0983880">
    <ele>11.8</ele>
    <time>2023-12-10T09:50:45Z</time>
   </trkpt>
   <trkpt lat="51.5121480" lon="-0.0983800">
    <ele>11.9</ele>
    <time>2023-12-10T09:50:46Z</time>
   </trkpt>
   <trkpt lat="51.5121880" lon="-0.0983670">
    <ele>12.1</ele>
    <time>2023-12-10T09:50:47Z</time>
   </trkpt>
   <trkpt lat="51.5122190" lon="-0.0983540">
    <ele>12.2</ele>
    <time>2023-12-10T09:50:48Z</time>
   </trkpt>
   <trkpt lat="51.5122540" lon="-0.0983400">
    <ele>12.3</ele>
    <time>2023-12-10T09:50:49Z</time>
   </trkpt>
   <trkpt lat="51.5122820" lon="-0.0983280">
    <ele>12.3</ele>
    <time>2023-12-10T09:50:50Z</time>
   </trkpt>
   <trkpt lat="51.5123150" lon="-0.0983190">
    <ele>12.4</ele>
    <time>2023-12-10T09:50:51Z</time>
   </trkpt>
   <trkpt lat="51.5123530" lon="-0.0983190">
    <ele>12.5</ele>
    <time>2023-12-10T09:50:52Z</time>
   </trkpt>
   <trkpt lat="51.5123930" lon="-0.0983090">
    <ele>12.6</ele>
    <time>2023-12-10T09:50:53Z</time>
   </trkpt>
   <trkpt lat="51.5124210" lon="-0.0983190">
    <ele>12.7</ele>
    <time>2023-12-10T09:50:54Z</time>
   </trkpt>
   <trkpt lat="51.5124550" lon="-0.0983220">
    <ele>12.8</ele>
    <time>2023-12-10T09:50:55Z</time>
   </trkpt>
   <trkpt lat="51.5124870" lon="-0.0983000">
    <ele>13.0</ele>
    <time>2023-12-10T09:50:56Z</time>
   </trkpt>
   <trkpt lat="51.5125270" lon="-0.0983060">
    <ele>13.1</ele>
    <time>2023-12-10T09:50:57Z</time>
   </trkpt>
   <trkpt lat="51.5125700" lon="-0.0982950">
    <ele>13.3</ele>
    <time>2023-12-10T09:50:58Z</time>
   </trkpt>
   <trkpt lat="51.5126020" lon="-0.0982950">
    <ele>13.4</ele>
    <time>2023-12-10T09:50:59Z</time>
   </trkpt>
   <trkpt lat="51.5126410" lon="-0.0983030">
    <ele>13.6</ele>
    <time>2023-12-10T09:51:00Z</time>
   </trkpt>
   <trkpt lat="51.5126730" lon="-0.0983020">
    <ele>13.7</ele>
    <time>2023-12-10T09:51:01Z</time>
   </trkpt>
   <trkpt lat="51.5127040" lon="-0.0983130">
    <ele>13.9</ele>
    <time>2023-12-10T09:51:02Z</time>
   </trkpt>
   <trkpt lat="51.5127300" lon="-0.0983350">
    <ele>14.0</ele>
    <time>2023-12-10T09:51:03Z</time>
   </trkpt>
   <trkpt lat="51.5127600" lon="-0.0983360">
    <ele>14.1</ele>
    <time>2023-12-10T09:51:04Z</time>
   </trkpt>
   <trkpt lat="51.5127920" lon="-0.0983320">
    <ele>14.3</ele>
    <time>2023-12-10T09:51:05Z</time>
   </trkpt>
   <trkpt lat="51.5128250" lon="-0.0983430">
    <ele>14.4</ele>
    <time>2023-12-10T09:51:06Z</time>
   </trkpt>
   <trkpt lat="51.5128620" lon="-0.0983450">
    <ele>14.6</ele>
    <time>2023-12-10T09:51:07Z</time>
   </trkpt>
   <trkpt lat="51.5128920" lon="-0.0983520">
    <ele>14.7</ele>
    <time>2023-12-10T09:51:08Z</time>
   </trkpt>
   <trkpt lat="51.5129260" lon="-0.0983910">
    <ele>14.9</ele>
    <time>2023-12-10T09:51:09Z</time>
   </trkpt>
   <trkpt lat="51.5129400" lon="-0.0984090">
    <ele>14.9</ele>
    <time>2023-12-10T09:51:10Z</time>
   </trkpt>
   <trkpt lat="51.5129510" lon="-0.0984680">
    <ele>14.9</ele>
    <time>2023-12-10T09:51:11Z</time>
   </trkpt>
   <trkpt lat="51.5129440" lon="-0.0985410">
    <ele>14.9</ele>
    <time>2023-12-10T09:51:12Z</time>
   </trkpt>
   <trkpt lat="51.5129560" lon="-0.0985980">
    <ele>14.9</ele>
    <time>2023-12-10T09:51:13Z</time>
   </trkpt>
   <trkpt lat="51.5129550" lon="-0.0986650">
    <ele>14.9</ele>
    <time>2023-12-10T09:51:14Z</time>
   </trkpt>
   <trkpt lat="51.5129580" lon="-0.0987250">
    <ele>14.9</ele>
    <time>2023-12-10T09:51:15Z</time>
   </trkpt>
   <trkpt lat="51.5129630" lon="-0.0987820">
    <ele>14.9</ele>
    <time>2023-12-10T09:51:16Z</time>
   </trkpt>
   <trkpt lat="51.5129640" lon="-0.0988450">
    <ele>14.8</ele>
    <time>2023-12-10T09:51:17Z</time>
   </trkpt>
   <trkpt lat="51.5129710" lon="-0.0988980">
    <ele>14.8</ele>
    <time>2023-12-10T09:51:18Z</time>
   </trkpt>
   <trkpt lat="51.5129680" lon="-0.0989540">
    <ele>14.8</ele>
    <time>2023-12-10T09:51:19Z</time>
   </trkpt>
   <trkpt lat="51.5129590" lon="-0.0990260">
    <ele>14.8</ele>
    <time>2023-12-10T09:51:20Z</time>
   </trkpt>
   <trkpt lat="51.5129530" lon="-0.0990910">
    <ele>14.8</ele>
    <time>2023-12-10T09:51:21Z</time>
   </trkpt>
   <trkpt lat="51.5129680" lon="-0.0991500">
    <ele>14.8</ele>
    <time>2023-12-10T09:51:22Z</time>
   </trkpt>
   <trkpt lat="51.5129770" lon="-0.0992090">
    <ele>14.7</ele>
    <time>2023-12-10T09:51:23Z</time>
   </trkpt>
   <trkpt lat="51.5129960" lon="-0.0992770">
    <ele>14.7</ele>
    <time>2023-12-10T09:51:24Z</time>
   </trkpt>
   <trkpt lat="51.5130010" lon="-0.0993290">
    <ele>14.7</ele>
    <time>2023-12-10T09:51:25Z</time>
   </trkpt>
   <trkpt lat="51.5130000" lon="-0.0993820">
    <ele>14.7</ele>
    <time>2023-12-10T09:51:26Z</time>
   </trkpt>
   <trkpt lat="51.5130210" lon="-0.0994300">
    <ele>14.7</ele>
    <time>2023-12-10T09:51:27Z</time>
   </trkpt>
   <trkpt lat="51.5130270" lon="-0.0994880">
    <ele>14.6</ele>
    <time>2023-12-10T09:51:28Z</time>
   </trkpt>
   <trkpt lat="51.5130330" lon="-0.0995420">
    <ele>14.6</ele>
    <time>2023-12-10T09:51:29Z</time>
   </trkpt>
   <trkpt lat="51.5130240" lon="-0.0995860">
    <ele>14.6</ele>
    <time>2023-12-10T09:51:30Z</time>
   </trkpt>
   <trkpt lat="51.5130160" lon="-0.0996310">
    <ele>14.6</ele>
    <time>2023-12-10T09:51:31Z</time>
   </trkpt>
   <trkpt lat="51.5130080" lon="-0.0996890">
    <ele>14.6</ele>
    <time>2023-12-10T09:51:32Z</time>
   </trkpt>
   <trkpt lat="51.5130050" lon="-0.0997080">
    <ele>14.6</ele>
    <time>2023-12-10T09:51:33Z</time>
   </trkpt>
   <trkpt lat="51.5129980" lon="-0.0997540">
    <ele>14.5</ele>
    <time>2023-12-10T09:51:34Z</time>
   </trkpt>
   <trkpt lat="51.5129890" lon="-0.0998030">
    <ele>14.5</ele>
    <time>2023-12-10T09:51:35Z</time>
   </trkpt>
   <trkpt lat="51.5129760" lon="-0.0998410">
    <ele>14.5</ele>
    <time>2023-12-10T09:51:36Z</time>
   </trkpt>
   <trkpt lat="51.5129870" lon="-0.0999020">
    <ele>14.5</ele>
    <time>2023-12-10T09:51:37Z</time>
   </trkpt>
   <trkpt lat="51.5130030" lon="-0.0999540">
    <ele>14.4</ele>
    <time>2023-12-10T09:51:38Z</time>
   </trkpt>
   <trkpt lat="51.5130030" lon="-0.1000110">
    <ele>14.4</ele>
    <time>2023-12-10T09:51:39Z</time>
   </trkpt>
   <trkpt lat="51.5130120" lon="-0.1000710">
    <ele>14.4</ele>
    <time>2023-12-10T09:51:40Z</time>
   </trkpt>
   <trkpt lat="51.5130100" lon="-0.1001280">
    <ele>14.3</ele>
    <time>2023-12-10T09:51:41Z</time>
   </trkpt>
   <trkpt lat="51.5130060" lon="-0.1001860">
    <ele>14.3</ele>
    <time>2023-12-10T09:51:42Z</time>
   </trkpt>
   <trkpt lat="51.5129990" lon="-0.1002410">
    <ele>14.3</ele>
    <time>2023-12-10T09:51:43Z</time>
   </trkpt>
   <trkpt lat="51.5129910" lon="-0.1003030">
    <ele>14.2</ele>
    <time>2023-12-10T09:51:44Z</time>
   </trkpt>
   <trkpt lat="51.5130160" lon="-0.1003840">
    <ele>14.1</ele>
    <time>2023-12-10T09:51:45Z</time>
   </trkpt>
   <trkpt lat="51.5130380" lon="-0.1004630">
    <ele>14.0</ele>
    <time>2023-12-10T09:51:46Z</time>
   </trkpt>
   <trkpt lat="51.5130360" lon="-0.1005130">
    <ele>13.9</ele>
    <time>2023-12-10T09:51:47Z</time>
   </trkpt>
   <trkpt lat="51.5130460" lon="-0.1005820">
    <ele>13.8</ele>
    <time>2023-12-10T09:51:48Z</time>
   </trkpt>
   <trkpt lat="51.5130490" lon="-0.1006430">
    <ele>13.8</ele>
    <time>2023-12-10T09:51:49Z</time>
   </trkpt>
   <trkpt lat="51.5130610" lon="-0.1007060">
    <ele>13.7</ele>
    <time>2023-12-10T09:51:50Z</time>
   </trkpt>
   <trkpt lat="51.5130760" lon="-0.1007710">
    <ele>13.7</ele>
    <time>2023-12-10T09:51:51Z</time>
   </trkpt>
   <trkpt lat="51.5130800" lon="-0.1008320">
    <ele>13.6</ele>
    <time>2023-12-10T09:51:52Z</time>
   </trkpt>
   <trkpt lat="51.5130730" lon="-0.1009040">
    <ele>13.6</ele>
    <time>2023-12-10T09:51:53Z</time>
   </trkpt>
   <trkpt lat="51.5130880" lon="-0.1009660">
    <ele>13.6</ele>
    <time>2023-12-10T09:51:54Z</time>
   </trkpt>
   <trkpt lat="51.5131090" lon="-0.1010200">
    <ele>13.5</ele>
    <time>2023-12-10T09:51:55Z</time>
   </trkpt>
   <trkpt lat="51.5131420" lon="-0.1010840">
    <ele>13.6</ele>
    <time>2023-12-10T09:51:56Z</time>
   </trkpt>
   <trkpt lat="51.5131630" lon="-0.1011420">
    <ele>13.7</ele>
    <time>2023-12-10T09:51:57Z</time>
   </trkpt>
   <trkpt lat="51.5132070" lon="-0.1012310">
    <ele>13.8</ele>
    <time>2023-12-10T09:51:58Z</time>
   </trkpt>
   <trkpt lat="51.5132210" lon="-0.1012900">
    <ele>13.7</ele>
    <time>2023-12-10T09:51:59Z</time>
   </trkpt>
   <trkpt lat="51.5132460" lon="-0.1013540">
    <ele>13.7</ele>
    <time>2023-12-10T09:52:00Z</time>
   </trkpt>
   <trkpt lat="51.5132600" lon="-0.1014070">
    <ele>13.7</ele>
    <time>2023-12-10T09:52:01Z</time>
   </trkpt>
   <trkpt lat="51.5132760" lon="-0.1014630">
    <ele>13.7</ele>
    <time>2023-12-10T09:52:02Z</time>
   </trkpt>
   <trkpt lat="51.5132820" lon="-0.1015260">
    <ele>13.7</ele>
    <time>2023-12-10T09:52:03Z</time>
   </trkpt>
   <trkpt lat="51.5133300" lon="-0.1015780">
    <ele>13.7</ele>
    <time>2023-12-10T09:52:04Z</time>
   </trkpt>
   <trkpt lat="51.5133290" lon="-0.1016590">
    <ele>13.7</ele>
    <time>2023-12-10T09:52:05Z</time>
   </trkpt>
   <trkpt lat="51.5133330" lon="-0.1017220">
    <ele>13.6</ele>
    <time>2023-12-10T09:52:06Z</time>
   </trkpt>
   <trkpt lat="51.5133430" lon="-0.1017770">
    <ele>13.6</ele>
    <time>2023-12-10T09:52:07Z</time>
   </trkpt>
   <trkpt lat="51.5133570" lon="-0.1018470">
    <ele>13.5</ele>
    <time>2023-12-10T09:52:08Z</time>
   </trkpt>
   <trkpt lat="51.5133550" lon="-0.1019150">
    <ele>13.5</ele>
    <time>2023-12-10T09:52:09Z</time>
   </trkpt>
   <trkpt lat="51.5133580" lon="-0.1019730">
    <ele>13.4</ele>
    <time>2023-12-10T09:52:10Z</time>
   </trkpt>
   <trkpt lat="51.5133610" lon="-0.1020320">
    <ele>13.4</ele>
    <time>2023-12-10T09:52:11Z</time>
   </trkpt>
   <trkpt lat="51.5133620" lon="-0.1020960">
    <ele>13.3</ele>
    <time>2023-12-10T09:52:12Z</time>
   </trkpt>
   <trkpt lat="51.5133590" lon="-0.1021620">
    <ele>13.2</ele>
    <time>2023-12-10T09:52:13Z</time>
   </trkpt>
   <trkpt lat="51.5133580" lon="-0.1022170">
    <ele>13.2</ele>
    <time>2023-12-10T09:52:14Z</time>
   </trkpt>
   <trkpt lat="51.5133550" lon="-0.1022790">
    <ele>13.0</ele>
    <time>2023-12-10T09:52:15Z</time>
   </trkpt>
   <trkpt lat="51.5133430" lon="-0.1023500">
    <ele>12.9</ele>
    <time>2023-12-10T09:52:16Z</time>
   </trkpt>
   <trkpt lat="51.5133470" lon="-0.1024110">
    <ele>12.8</ele>
    <time>2023-12-10T09:52:17Z</time>
   </trkpt>
   <trkpt lat="51.5133740" lon="-0.1024780">
    <ele>12.7</ele>
    <time>2023-12-10T09:52:18Z</time>
   </trkpt>
   <trkpt lat="51.5133850" lon="-0.1025380">
    <ele>12.6</ele>
    <time>2023-12-10T09:52:19Z</time>
   </trkpt>
   <trkpt lat="51.5133870" lon="-0.1025910">
    <ele>12.5</ele>
    <time>2023-12-10T09:52:20Z</time>
   </trkpt>
   <trkpt lat="51.5134440" lon="-0.1026450">
    <ele>12.2</ele>
    <time>2023-12-10T09:52:21Z</time>
   </trkpt>
   <trkpt lat="51.5135050" lon="-0.1026540">
    <ele>12.2</ele>
    <time>2023-12-10T09:52:22Z</time>
   </trkpt>
   <trkpt lat="51.5135200" lon="-0.1026930">
    <ele>12.3</ele>
    <time>2023-12-10T09:52:23Z</time>
   </trkpt>
   <trkpt lat="51.5135660" lon="-0.1027010">
    <ele>12.3</ele>
    <time>2023-12-10T09:52:24Z</time>
   </trkpt>
   <trkpt lat="51.5135870" lon="-0.1026970">
    <ele>12.3</ele>
    <time>2023-12-10T09:52:25Z</time>
   </trkpt>
   <trkpt lat="51.5136260" lon="-0.1026920">
    <ele>12.3</ele>
    <time>2023-12-10T09:52:26Z</time>
   </trkpt>
   <trkpt lat="51.5136650" lon="-0.1026910">
    <ele>12.3</ele>
    <time>2023-12-10T09:52:27Z</time>
   </trkpt>
   <trkpt lat="51.5137030" lon="-0.1026890">
    <ele>12.4</ele>
    <time>2023-12-10T09:52:28Z</time>
   </trkpt>
   <trkpt lat="51.5137460" lon="-0.1027040">
    <ele>12.4</ele>
    <time>2023-12-10T09:52:29Z</time>
   </trkpt>
   <trkpt lat="51.5137750" lon="-0.1027350">
    <ele>12.3</ele>
    <time>2023-12-10T09:52:30Z</time>
   </trkpt>
   <trkpt lat="51.5138050" lon="-0.1027260">
    <ele>12.3</ele>
    <time>2023-12-10T09:52:31Z</time>
   </trkpt>
   <trkpt lat="51.5138520" lon="-0.1027530">
    <ele>12.3</ele>
    <time>2023-12-10T09:52:32Z</time>
   </trkpt>
   <trkpt lat="51.5138740" lon="-0.1027710">
    <ele>12.3</ele>
    <time>2023-12-10T09:52:33Z</time>
   </trkpt>
   <trkpt lat="51.5139020" lon="-0.1027850">
    <ele>12.4</ele>
    <time>2023-12-10T09:52:34Z</time>
   </trkpt>
   <trkpt lat="51.5139290" lon="-0.1027880">
    <ele>12.4</ele>
    <time>2023-12-10T09:52:35Z</time>
   </trkpt>
   <trkpt lat="51.5139490" lon="-0.1027340">
    <ele>12.5</ele>
    <time>2023-12-10T09:52:36Z</time>
   </trkpt>
   <trkpt lat="51.5139570" lon="-0.1026990">
    <ele>12.5</ele>
    <time>2023-12-10T09:52:37Z</time>
   </trkpt>
   <trkpt lat="51.5139750" lon="-0.1026390">
    <ele>12.5</ele>
    <time>2023-12-10T09:52:38Z</time>
   </trkpt>
   <trkpt lat="51.5140140" lon="-0.1026050">
    <ele>12.7</ele>
    <time>2023-12-10T09:52:39Z</time>
   </trkpt>
   <trkpt lat="51.5140690" lon="-0.1025600">
    <ele>12.7</ele>
    <time>2023-12-10T09:52:40Z</time>
   </trkpt>
   <trkpt lat="51.5141030" lon="-0.1025140">
    <ele>12.8</ele>
    <time>2023-12-10T09:52:41Z</time>
   </trkpt>
   <trkpt lat="51.5141460" lon="-0.1025120">
    <ele>12.8</ele>
    <time>2023-12-10T09:52:42Z</time>
   </trkpt>
   <trkpt lat="51.5141760" lon="-0.1025010">
    <ele>12.8</ele>
    <time>2023-12-10T09:52:43Z</time>
   </trkpt>
   <trkpt lat="51.5142110" lon="-0.1025020">
    <ele>12.8</ele>
    <time>2023-12-10T09:52:44Z</time>
   </trkpt>
   <trkpt lat="51.5142240" lon="-0.1024970">
    <ele>12.8</ele>
    <time>2023-12-10T09:52:45Z</time>
   </trkpt>
   <trkpt lat="51.5142490" lon="-0.1025120">
    <ele>12.8</ele>
    <time>2023-12-10T09:52:46Z</time>
   </trkpt>
   <trkpt lat="51.5142840" lon="-0.1025240">
    <ele>12.9</ele>
    <time>2023-12-10T09:52:47Z</time>
   </trkpt>
   <trkpt lat="51.5142980" lon="-0.1025240">
    <ele>12.9</ele>
    <time>2023-12-10T09:52:48Z</time>
   </trkpt>
   <trkpt lat="51.5143290" lon="-0.1025410">
    <ele>12.9</ele>
    <time>2023-12-10T09:52:49Z</time>
   </trkpt>
   <trkpt lat="51.5143670" lon="-0.1025670">
    <ele>12.9</ele>
    <time>2023-12-10T09:52:50Z</time>
   </trkpt>
   <trkpt lat="51.5143980" lon="-0.1025630">
    <ele>12.9</ele>
    <time>2023-12-10T09:52:51Z</time>
   </trkpt>
   <trkpt lat="51.5144350" lon="-0.1025860">
    <ele>13.0</ele>
    <time>2023-12-10T09:52:52Z</time>
   </trkpt>
   <trkpt lat="51.5144740" lon="-0.1026040">
    <ele>13.0</ele>
    <time>2023-12-10T09:52:53Z</time>
   </trkpt>
   <trkpt lat="51.5144950" lon="-0.1026700">
    <ele>13.1</ele>
    <time>2023-12-10T09:52:54Z</time>
   </trkpt>
   <trkpt lat="51.5144970" lon="-0.1027460">
    <ele>13.1</ele>
    <time>2023-12-10T09:52:55Z</time>
   </trkpt>
   <trkpt lat="51.5145260" lon="-0.1027660">
    <ele>13.2</ele>
    <time>2023-12-10T09:52:56Z</time>
   </trkpt>
   <trkpt lat="51.5145360" lon="-0.1027720">
    <ele>13.2</ele>
    <time>2023-12-10T09:52:57Z</time>
   </trkpt>
   <trkpt lat="51.5145680" lon="-0.1027960">
    <ele>13.2</ele>
    <time>2023-12-10T09:52:58Z</time>
   </trkpt>
   <trkpt lat="51.5145800" lon="-0.1028050">
    <ele>13.2</ele>
    <time>2023-12-10T09:52:59Z</time>
   </trkpt>
   <trkpt lat="51.5146130" lon="-0.1028110">
    <ele>13.3</ele>
    <time>2023-12-10T09:53:00Z</time>
   </trkpt>
   <trkpt lat="51.5146430" lon="-0.1028010">
    <ele>13.3</ele>
    <time>2023-12-10T09:53:01Z</time>
   </trkpt>
   <trkpt lat="51.5146850" lon="-0.1028110">
    <ele>13.4</ele>
    <time>2023-12-10T09:53:02Z</time>
   </trkpt>
   <trkpt lat="51.5147360" lon="-0.1028010">
    <ele>13.5</ele>
    <time>2023-12-10T09:53:03Z</time>
   </trkpt>
   <trkpt lat="51.5147770" lon="-0.1028060">
    <ele>13.5</ele>
    <time>2023-12-10T09:53:04Z</time>
   </trkpt>
   <trkpt lat="51.5148110" lon="-0.1027990">
    <ele>13.6</ele>
    <time>2023-12-10T09:53:05Z</time>
   </trkpt>
   <trkpt lat="51.5148450" lon="-0.1027790">
    <ele>13.7</ele>
    <time>2023-12-10T09:53:06Z</time>
   </trkpt>
   <trkpt lat="51.5148860" lon="-0.1027610">
    <ele>13.7</ele>
    <time>2023-12-10T09:53:07Z</time>
   </trkpt>
   <trkpt lat="51.5149210" lon="-0.1027580">
    <ele>13.8</ele>
    <time>2023-12-10T09:53:08Z</time>
   </trkpt>
   <trkpt lat="51.5149620" lon="-0.1027460">
    <ele>13.9</ele>
    <time>2023-12-10T09:53:09Z</time>
   </trkpt>
   <trkpt lat="51.5150050" lon="-0.1027290">
    <ele>13.9</ele>
    <time>2023-12-10T09:53:10Z</time>
   </trkpt>
   <trkpt lat="51.5150550" lon="-0.1027000">
    <ele>14.0</ele>
    <time>2023-12-10T09:53:11Z</time>
   </trkpt>
   <trkpt lat="51.5150870" lon="-0.1026570">
    <ele>14.1</ele>
    <time>2023-12-10T09:53:12Z</time>
   </trkpt>
   <trkpt lat="51.5151210" lon="-0.1026400">
    <ele>14.2</ele>
    <time>2023-12-10T09:53:13Z</time>
   </trkpt>
   <trkpt lat="51.5151500" lon="-0.1026230">
    <ele>14.2</ele>
    <time>2023-12-10T09:53:14Z</time>
   </trkpt>
   <trkpt lat="51.5151720" lon="-0.1025650">
    <ele>14.3</ele>
    <time>2023-12-10T09:53:15Z</time>
   </trkpt>
   <trkpt lat="51.5152040" lon="-0.1025480">
    <ele>14.4</ele>
    <time>2023-12-10T09:53:16Z</time>
   </trkpt>
   <trkpt lat="51.5152410" lon="-0.1025370">
    <ele>14.5</ele>
    <time>2023-12-10T09:53:17Z</time>
   </trkpt>
   <trkpt lat="51.5152770" lon="-0.1025300">
    <ele>14.6</ele>
    <time>2023-12-10T09:53:18Z</time>
   </trkpt>
   <trkpt lat="51.5153100" lon="-0.1025220">
    <ele>14.7</ele>
    <time>2023-12-10T09:53:19Z</time>
   </trkpt>
   <trkpt lat="51.5153500" lon="-0.1025120">
    <ele>14.8</ele>
    <time>2023-12-10T09:53:20Z</time>
   </trkpt>
   <trkpt lat="51.5153840" lon="-0.1025230">
    <ele>14.9</ele>
    <time>2023-12-10T09:53:21Z</time>
   </trkpt>
   <trkpt lat="51.5154210" lon="-0.1025430">
    <ele>15.0</ele>
    <time>2023-12-10T09:53:22Z</time>
   </trkpt>
   <trkpt lat="51.5154500" lon="-0.1025730">
    <ele>15.0</ele>
    <time>2023-12-10T09:53:23Z</time>
   </trkpt>
   <trkpt lat="51.5154870" lon="-0.1025740">
    <ele>15.1</ele>
    <time>2023-12-10T09:53:24Z</time>
   </trkpt>
   <trkpt lat="51.5155360" lon="-0.1024670">
    <ele>15.1</ele>
    <time>2023-12-10T09:53:26Z</time>
   </trkpt>
   <trkpt lat="51.5155810" lon="-0.1024530">
    <ele>15.2</ele>
    <time>2023-12-10T09:53:27Z</time>
   </trkpt>
   <trkpt lat="51.5156240" lon="-0.1024160">
    <ele>15.2</ele>
    <time>2023-12-10T09:53:28Z</time>
   </trkpt>
   <trkpt lat="51.5156640" lon="-0.1024180">
    <ele>15.3</ele>
    <time>2023-12-10T09:53:29Z</time>
   </trkpt>
   <trkpt lat="51.5157010" lon="-0.1024130">
    <ele>15.3</ele>
    <time>2023-12-10T09:53:30Z</time>
   </trkpt>
   <trkpt lat="51.5157300" lon="-0.1024090">
    <ele>15.3</ele>
    <time>2023-12-10T09:53:31Z</time>
   </trkpt>
   <trkpt lat="51.5157680" lon="-0.1024100">
    <ele>15.4</ele>
    <time>2023-12-10T09:53:32Z</time>
   </trkpt>
   <trkpt lat="51.5158010" lon="-0.1024280">
    <ele>15.4</ele>
    <time>2023-12-10T09:53:33Z</time>
   </trkpt>
   <trkpt lat="51.5158330" lon="-0.1024470">
    <ele>15.5</ele>
    <time>2023-12-10T09:53:34Z</time>
   </trkpt>
   <trkpt lat="51.5158610" lon="-0.1024470">
    <ele>15.5</ele>
    <time>2023-12-10T09:53:35Z</time>
   </trkpt>
   <trkpt lat="51.5158920" lon="-0.1024740">
    <ele>15.5</ele>
    <time>2023-12-10T09:53:36Z</time>
   </trkpt>
   <trkpt lat="51.5159230" lon="-0.1024940">
    <ele>15.6</ele>
    <time>2023-12-10T09:53:37Z</time>
   </trkpt>
   <trkpt lat="51.5159510" lon="-0.1025170">
    <ele>15.6</ele>
    <time>2023-12-10T09:53:38Z</time>
   </trkpt>
   <trkpt lat="51.5159790" lon="-0.1025450">
    <ele>15.7</ele>
    <time>2023-12-10T09:53:39Z</time>
   </trkpt>
   <trkpt lat="51.5160220" lon="-0.1024270">
    <ele>15.9</ele>
    <time>2023-12-10T09:53:40Z</time>
   </trkpt>
   <trkpt lat="51.5160550" lon="-0.1023990">
    <ele>16.0</ele>
    <time>2023-12-10T09:53:41Z</time>
   </trkpt>
   <trkpt lat="51.5160860" lon="-0.1023400">
    <ele>16.2</ele>
    <time>2023-12-10T09:53:42Z</time>
   </trkpt>
   <trkpt lat="51.5161250" lon="-0.1022930">
    <ele>16.3</ele>
    <time>2023-12-10T09:53:43Z</time>
   </trkpt>
   <trkpt lat="51.5161690" lon="-0.1022500">
    <ele>16.4</ele>
    <time>2023-12-10T09:53:44Z</time>
   </trkpt>
   <trkpt lat="51.5162060" lon="-0.1022260">
    <ele>16.4</ele>
    <time>2023-12-10T09:53:45Z</time>
   </trkpt>
   <trkpt lat="51.5162340" lon="-0.1022080">
    <ele>16.4</ele>
    <time>2023-12-10T09:53:46Z</time>
   </trkpt>
   <trkpt lat="51.5162690" lon="-0.1021990">
    <ele>16.5</ele>
    <time>2023-12-10T09:53:47Z</time>
   </trkpt>
   <trkpt lat="51.5163010" lon="-0.1021850">
    <ele>16.5</ele>
    <time>2023-12-10T09:53:48Z</time>
   </trkpt>
   <trkpt lat="51.5163400" lon="-0.1021610">
    <ele>16.5</ele>
    <time>2023-12-10T09:53:49Z</time>
   </trkpt>
   <trkpt lat="51.5163540" lon="-0.1021560">
    <ele>16.6</ele>
    <time>2023-12-10T09:53:50Z</time>
   </trkpt>
   <trkpt lat="51.5163780" lon="-0.1021140">
    <ele>16.6</ele>
    <time>2023-12-10T09:53:51Z</time>
   </trkpt>
   <trkpt lat="51.5163920" lon="-0.1021050">
    <ele>16.6</ele>
    <time>2023-12-10T09:53:52Z</time>
   </trkpt>
   <trkpt lat="51.5164230" lon="-0.1020680">
    <ele>16.7</ele>
    <time>2023-12-10T09:53:53Z</time>
   </trkpt>
   <trkpt lat="51.5164540" lon="-0.1020110">
    <ele>16.8</ele>
    <time>2023-12-10T09:53:54Z</time>
   </trkpt>
   <trkpt lat="51.5164820" lon="-0.1019740">
    <ele>16.9</ele>
    <time>2023-12-10T09:53:55Z</time>
   </trkpt>
   <trkpt lat="51.5165120" lon="-0.1019360">
    <ele>16.9</ele>
    <time>2023-12-10T09:53:56Z</time>
   </trkpt>
   <trkpt lat="51.5165510" lon="-0.1019150">
    <ele>17.1</ele>
    <time>2023-12-10T09:53:57Z</time>
   </trkpt>
   <trkpt lat="51.5165970" lon="-0.1019180">
    <ele>17.1</ele>
    <time>2023-12-10T09:53:58Z</time>
   </trkpt>
   <trkpt lat="51.5166270" lon="-0.1018690">
    <ele>17.2</ele>
    <time>2023-12-10T09:53:59Z</time>
   </trkpt>
   <trkpt lat="51.5166640" lon="-0.1018260">
    <ele>17.3</ele>
    <time>2023-12-10T09:54:00Z</time>
   </trkpt>
   <trkpt lat="51.5166850" lon="-0.1017840">
    <ele>17.3</ele>
    <time>2023-12-10T09:54:01Z</time>
   </trkpt>
   <trkpt lat="51.5167120" lon="-0.1017470">
    <ele>17.3</ele>
    <time>2023-12-10T09:54:02Z</time>
   </trkpt>
   <trkpt lat="51.5167420" lon="-0.1017350">
    <ele>17.4</ele>
    <time>2023-12-10T09:54:03Z</time>
   </trkpt>
   <trkpt lat="51.5167840" lon="-0.1017240">
    <ele>17.4</ele>
    <time>2023-12-10T09:54:04Z</time>
   </trkpt>
   <trkpt lat="51.5168220" lon="-0.1017330">
    <ele>17.5</ele>
    <time>2023-12-10T09:54:05Z</time>
   </trkpt>
   <trkpt lat="51.5168670" lon="-0.1017320">
    <ele>17.6</ele>
    <time>2023-12-10T09:54:06Z</time>
   </trkpt>
   <trkpt lat="51.5169010" lon="-0.1017330">
    <ele>17.6</ele>
    <time>2023-12-10T09:54:07Z</time>
   </trkpt>
   <trkpt lat="51.5169230" lon="-0.1017310">
    <ele>17.6</ele>
    <time>2023-12-10T09:54:08Z</time>
   </trkpt>
   <trkpt lat="51.5169670" lon="-0.1016930">
    <ele>17.7</ele>
    <time>2023-12-10T09:54:09Z</time>
   </trkpt>
   <trkpt lat="51.5170050" lon="-0.1017090">
    <ele>17.7</ele>
    <time>2023-12-10T09:54:10Z</time>
   </trkpt>
   <trkpt lat="51.5170580" lon="-0.1017050">
    <ele>17.7</ele>
    <time>2023-12-10T09:54:11Z</time>
   </trkpt>
   <trkpt lat="51.5170990" lon="-0.1016770">
    <ele>17.8</ele>
    <time>2023-12-10T09:54:12Z</time>
   </trkpt>
   <trkpt lat="51.5171420" lon="-0.1016700">
    <ele>17.8</ele>
    <time>2023-12-10T09:54:13Z</time>
   </trkpt>
   <trkpt lat="51.5171790" lon="-0.1016640">
    <ele>17.8</ele>
    <time>2023-12-10T09:54:14Z</time>
   </trkpt>
   <trkpt lat="51.5172260" lon="-0.1016410">
    <ele>17.8</ele>
    <time>2023-12-10T09:54:15Z</time>
   </trkpt>
   <trkpt lat="51.5173160" lon="-0.1015900">
    <ele>17.8</ele>
    <time>2023-12-10T09:54:16Z</time>
   </trkpt>
   <trkpt lat="51.5173640" lon="-0.1015700">
    <ele>17.8</ele>
    <time>2023-12-10T09:54:17Z</time>
   </trkpt>
   <trkpt lat="51.5174020" lon="-0.1015560">
    <ele>17.8</ele>
    <time>2023-12-10T09:54:18Z</time>
   </trkpt>
   <trkpt lat="51.5174390" lon="-0.1015280">
    <ele>17.8</ele>
    <time>2023-12-10T09:54:19Z</time>
   </trkpt>
   <trkpt lat="51.5174900" lon="-0.1015040">
    <ele>17.8</ele>
    <time>2023-12-10T09:54:20Z</time>
   </trkpt>
   <trkpt lat="51.5175180" lon="-0.1014900">
    <ele>17.8</ele>
    <time>2023-12-10T09:54:21Z</time>
   </trkpt>
   <trkpt lat="51.5175560" lon="-0.1014570">
    <ele>17.8</ele>
    <time>2023-12-10T09:54:22Z</time>
   </trkpt>
   <trkpt lat="51.5175900" lon="-0.1014270">
    <ele>17.8</ele>
    <time>2023-12-10T09:54:23Z</time>
   </trkpt>
   <trkpt lat="51.5176230" lon="-0.1013850">
    <ele>17.8</ele>
    <time>2023-12-10T09:54:24Z</time>
   </trkpt>
   <trkpt lat="51.5176470" lon="-0.1013620">
    <ele>17.8</ele>
    <time>2023-12-10T09:54:25Z</time>
   </trkpt>
   <trkpt lat="51.5176820" lon="-0.1013470">
    <ele>17.8</ele>
    <time>2023-12-10T09:54:26Z</time>
   </trkpt>
   <trkpt lat="51.5177130" lon="-0.1013380">
    <ele>17.7</ele>
    <time>2023-12-10T09:54:27Z</time>
   </trkpt>
   <trkpt lat="51.5177480" lon="-0.1013460">
    <ele>17.7</ele>
    <time>2023-12-10T09:54:28Z</time>
   </trkpt>
   <trkpt lat="51.5177590" lon="-0.1013550">
    <ele>17.7</ele>
    <time>2023-12-10T09:54:29Z</time>
   </trkpt>
   <trkpt lat="51.5178010" lon="-0.1013340">
    <ele>17.7</ele>
    <time>2023-12-10T09:54:30Z</time>
   </trkpt>
   <trkpt lat="51.5178640" lon="-0.1012490">
    <ele>17.6</ele>
    <time>2023-12-10T09:54:31Z</time>
   </trkpt>
   <trkpt lat="51.5179120" lon="-0.1012170">
    <ele>17.6</ele>
    <time>2023-12-10T09:54:32Z</time>
   </trkpt>
   <trkpt lat="51.5179530" lon="-0.1011600">
    <ele>17.6</ele>
    <time>2023-12-10T09:54:34Z</time>
   </trkpt>
   <trkpt lat="51.5179940" lon="-0.1011000">
    <ele>17.5</ele>
    <time>2023-12-10T09:54:35Z</time>
   </trkpt>
   <trkpt lat="51.5180230" lon="-0.1011020">
    <ele>17.5</ele>
    <time>2023-12-10T09:54:36Z</time>
   </trkpt>
   <trkpt lat="51.5180490" lon="-0.1010590">
    <ele>17.4</ele>
    <time>2023-12-10T09:54:37Z</time>
   </trkpt>
   <trkpt lat="51.5180670" lon="-0.1009900">
    <ele>17.4</ele>
    <time>2023-12-10T09:54:38Z</time>
   </trkpt>
   <trkpt lat="51.5180910" lon="-0.1009570">
    <ele>17.4</ele>
    <time>2023-12-10T09:54:39Z</time>
   </trkpt>
   <trkpt lat="51.5181200" lon="-0.1009310">
    <ele>17.3</ele>
    <time>2023-12-10T09:54:40Z</time>
   </trkpt>
   <trkpt lat="51.5181520" lon="-0.1008630">
    <ele>17.3</ele>
    <time>2023-12-10T09:54:41Z</time>
   </trkpt>
   <trkpt lat="51.5181880" lon="-0.1008210">
    <ele>17.2</ele>
    <time>2023-12-10T09:54:42Z</time>
   </trkpt>
   <trkpt lat="51.5182310" lon="-0.1007720">
    <ele>17.2</ele>
    <time>2023-12-10T09:54:43Z</time>
   </trkpt>
   <trkpt lat="51.5182770" lon="-0.1007460">
    <ele>17.2</ele>
    <time>2023-12-10T09:54:44Z</time>
   </trkpt>
   <trkpt lat="51.5183210" lon="-0.1006940">
    <ele>17.2</ele>
    <time>2023-12-10T09:54:45Z</time>
   </trkpt>
   <trkpt lat="51.5183520" lon="-0.1006590">
    <ele>17.2</ele>
    <time>2023-12-10T09:54:46Z</time>
   </trkpt>
   <trkpt lat="51.5183840" lon="-0.1006200">
    <ele>17.2</ele>
    <time>2023-12-10T09:54:47Z</time>
   </trkpt>
   <trkpt lat="51.5184110" lon="-0.1005890">
    <ele>17.1</ele>
    <time>2023-12-10T09:54:48Z</time>
   </trkpt>
   <trkpt lat="51.5184470" lon="-0.1005840">
    <ele>17.1</ele>
    <time>2023-12-10T09:54:49Z</time>
   </trkpt>
   <trkpt lat="51.5184920" lon="-0.1005910">
    <ele>17.0</ele>
    <time>2023-12-10T09:54:50Z</time>
   </trkpt>
   <trkpt lat="51.5185250" lon="-0.1006000">
    <ele>16.9</ele>
    <time>2023-12-10T09:54:51Z</time>
   </trkpt>
   <trkpt lat="51.5185610" lon="-0.1006140">
    <ele>16.9</ele>
    <time>2023-12-10T09:54:52Z</time>
   </trkpt>
   <trkpt lat="51.5185960" lon="-0.1006310">
    <ele>16.9</ele>
    <time>2023-12-10T09:54:53Z</time>
   </trkpt>
   <trkpt lat="51.5186310" lon="-0.1006580">
    <ele>16.8</ele>
    <time>2023-12-10T09:54:54Z</time>
   </trkpt>
   <trkpt lat="51.5186840" lon="-0.1006850">
    <ele>16.8</ele>
    <time>2023-12-10T09:54:55Z</time>
   </trkpt>
   <trkpt lat="51.5187480" lon="-0.1007220">
    <ele>16.7</ele>
    <time>2023-12-10T09:54:56Z</time>
   </trkpt>
   <trkpt lat="51.5187880" lon="-0.1007350">
    <ele>16.7</ele>
    <time>2023-12-10T09:54:57Z</time>
   </trkpt>
   <trkpt lat="51.5188100" lon="-0.1007640">
    <ele>16.7</ele>
    <time>2023-12-10T09:54:58Z</time>
   </trkpt>
   <trkpt lat="51.5188440" lon="-0.1007860">
    <ele>16.6</ele>
    <time>2023-12-10T09:54:59Z</time>
   </trkpt>
   <trkpt lat="51.5188880" lon="-0.1008040">
    <ele>16.6</ele>
    <time>2023-12-10T09:55:00Z</time>
   </trkpt>
   <trkpt lat="51.5189200" lon="-0.1008400">
    <ele>16.7</ele>
    <time>2023-12-10T09:55:01Z</time>
   </trkpt>
   <trkpt lat="51.5189490" lon="-0.1008760">
    <ele>16.8</ele>
    <time>2023-12-10T09:55:02Z</time>
   </trkpt>
   <trkpt lat="51.5189900" lon="-0.1009100">
    <ele>16.8</ele>
    <time>2023-12-10T09:55:03Z</time>
   </trkpt>
   <trkpt lat="51.5190170" lon="-0.1009390">
    <ele>16.7</ele>
    <time>2023-12-10T09:55:04Z</time>
   </trkpt>
   <trkpt lat="51.5190520" lon="-0.1009840">
    <ele>16.7</ele>
    <time>2023-12-10T09:55:05Z</time>
   </trkpt>
   <trkpt lat="51.5190820" lon="-0.1010250">
    <ele>16.7</ele>
    <time>2023-12-10T09:55:06Z</time>
   </trkpt>
   <trkpt lat="51.5191080" lon="-0.1010470">
    <ele>16.7</ele>
    <time>2023-12-10T09:55:07Z</time>
   </trkpt>
   <trkpt lat="51.5191400" lon="-0.1010710">
    <ele>16.6</ele>
    <time>2023-12-10T09:55:08Z</time>
   </trkpt>
   <trkpt lat="51.5191680" lon="-0.1010940">
    <ele>16.6</ele>
    <time>2023-12-10T09:55:09Z</time>
   </trkpt>
   <trkpt lat="51.5191960" lon="-0.1011180">
    <ele>16.6</ele>
    <time>2023-12-10T09:55:10Z</time>
   </trkpt>
   <trkpt lat="51.5192270" lon="-0.1011420">
    <ele>16.6</ele>
    <time>2023-12-10T09:55:11Z</time>
   </trkpt>
   <trkpt lat="51.5192570" lon="-0.1011690">
    <ele>16.6</ele>
    <time>2023-12-10T09:55:12Z</time>
   </trkpt>
   <trkpt lat="51.5192900" lon="-0.1011950">
    <ele>16.6</ele>
    <time>2023-12-10T09:55:13Z</time>
   </trkpt>
   <trkpt lat="51.5193180" lon="-0.1012210">
    <ele>16.5</ele>
    <time>2023-12-10T09:55:14Z</time>
   </trkpt>
   <trkpt lat="51.5193460" lon="-0.1012470">
    <ele>16.5</ele>
    <time>2023-12-10T09:55:15Z</time>
   </trkpt>
   <trkpt lat="51.5193760" lon="-0.1012720">
    <ele>16.5</ele>
    <time>2023-12-10T09:55:16Z</time>
   </trkpt>
   <trkpt lat="51.5194110" lon="-0.1012940">
    <ele>16.5</ele>
    <time>2023-12-10T09:55:17Z</time>
   </trkpt>
   <trkpt lat="51.5194440" lon="-0.1013140">
    <ele>16.5</ele>
    <time>2023-12-10T09:55:18Z</time>
   </trkpt>
   <trkpt lat="51.5194790" lon="-0.1013180">
    <ele>16.4</ele>
    <time>2023-12-10T09:55:19Z</time>
   </trkpt>
   <trkpt lat="51.5195150" lon="-0.1013010">
    <ele>16.4</ele>
    <time>2023-12-10T09:55:20Z</time>
   </trkpt>
   <trkpt lat="51.5195390" lon="-0.1013780">
    <ele>16.4</ele>
    <time>2023-12-10T09:55:21Z</time>
   </trkpt>
   <trkpt lat="51.5195510" lon="-0.1014440">
    <ele>16.3</ele>
    <time>2023-12-10T09:55:22Z</time>
   </trkpt>
   <trkpt lat="51.5195830" lon="-0.1014780">
    <ele>16.3</ele>
    <time>2023-12-10T09:55:23Z</time>
   </trkpt>
   <trkpt lat="51.5196200" lon="-0.1015050">
    <ele>16.2</ele>
    <time>2023-12-10T09:55:24Z</time>
   </trkpt>
   <trkpt lat="51.5196510" lon="-0.1015060">
    <ele>16.2</ele>
    <time>2023-12-10T09:55:25Z</time>
   </trkpt>
   <trkpt lat="51.5196800" lon="-0.1015160">
    <ele>16.2</ele>
    <time>2023-12-10T09:55:26Z</time>
   </trkpt>
   <trkpt lat="51.5197290" lon="-0.1014540">
    <ele>16.1</ele>
    <time>2023-12-10T09:55:27Z</time>
   </trkpt>
   <trkpt lat="51.5197510" lon="-0.1014880">
    <ele>16.1</ele>
    <time>2023-12-10T09:55:28Z</time>
   </trkpt>
   <trkpt lat="51.5197770" lon="-0.1015130">
    <ele>16.1</ele>
    <time>2023-12-10T09:55:29Z</time>
   </trkpt>
   <trkpt lat="51.5198190" lon="-0.1015580">
    <ele>16.0</ele>
    <time>2023-12-10T09:55:30Z</time>
   </trkpt>
   <trkpt lat="51.5198480" lon="-0.1015730">
    <ele>16.0</ele>
    <time>2023-12-10T09:55:31Z</time>
   </trkpt>
   <trkpt lat="51.5198930" lon="-0.1016000">
    <ele>16.0</ele>
    <time>2023-12-10T09:55:32Z</time>
   </trkpt>
   <trkpt lat="51.5199320" lon="-0.1016000">
    <ele>16.0</ele>
    <time>2023-12-10T09:55:33Z</time>
   </trkpt>
   <trkpt lat="51.5199740" lon="-0.1016050">
    <ele>16.0</ele>
    <time>2023-12-10T09:55:34Z</time>
   </trkpt>
   <trkpt lat="51.5200110" lon="-0.1016160">
    <ele>16.0</ele>
    <time>2023-12-10T09:55:35Z</time>
   </trkpt>
   <trkpt lat="51.5200410" lon="-0.1016310">
    <ele>16.1</ele>
    <time>2023-12-10T09:55:36Z</time>
   </trkpt>
   <trkpt lat="51.5200740" lon="-0.1016220">
    <ele>16.1</ele>
    <time>2023-12-10T09:55:37Z</time>
   </trkpt>
   <trkpt lat="51.5201030" lon="-0.1016570">
    <ele>16.1</ele>
    <time>2023-12-10T09:55:38Z</time>
   </trkpt>
   <trkpt lat="51.5201400" lon="-0.1016610">
    <ele>16.2</ele>
    <time>2023-12-10T09:55:39Z</time>
   </trkpt>
   <trkpt lat="51.5201850" lon="-0.1016850">
    <ele>16.2</ele>
    <time>2023-12-10T09:55:40Z</time>
   </trkpt>
   <trkpt lat="51.5202140" lon="-0.1016970">
    <ele>16.2</ele>
    <time>2023-12-10T09:55:41Z</time>
   </trkpt>
   <trkpt lat="51.5202470" lon="-0.1017300">
    <ele>16.3</ele>
    <time>2023-12-10T09:55:42Z</time>
   </trkpt>
   <trkpt lat="51.5202800" lon="-0.1017550">
    <ele>16.3</ele>
    <time>2023-12-10T09:55:43Z</time>
   </trkpt>
   <trkpt lat="51.5203120" lon="-0.1017760">
    <ele>16.4</ele>
    <time>2023-12-10T09:55:44Z</time>
   </trkpt>
   <trkpt lat="51.5203490" lon="-0.1018020">
    <ele>16.4</ele>
    <time>2023-12-10T09:55:45Z</time>
   </trkpt>
   <trkpt lat="51.5203610" lon="-0.1018230">
    <ele>16.5</ele>
    <time>2023-12-10T09:55:46Z</time>
   </trkpt>
   <trkpt lat="51.5203880" lon="-0.1018680">
    <ele>16.5</ele>
    <time>2023-12-10T09:55:47Z</time>
   </trkpt>
   <trkpt lat="51.5204190" lon="-0.1018920">
    <ele>16.6</ele>
    <time>2023-12-10T09:55:48Z</time>
   </trkpt>
   <trkpt lat="51.5204280" lon="-0.1019110">
    <ele>16.6</ele>
    <time>2023-12-10T09:55:49Z</time>
   </trkpt>
   <trkpt lat="51.5204590" lon="-0.1019380">
    <ele>16.7</ele>
    <time>2023-12-10T09:55:50Z</time>
   </trkpt>
   <trkpt lat="51.5204650" lon="-0.1019560">
    <ele>16.7</ele>
    <time>2023-12-10T09:55:51Z</time>
   </trkpt>
   <trkpt lat="51.5205020" lon="-0.1019840">
    <ele>16.7</ele>
    <time>2023-12-10T09:55:52Z</time>
   </trkpt>
   <trkpt lat="51.5205170" lon="-0.1019960">
    <ele>16.8</ele>
    <time>2023-12-10T09:55:53Z</time>
   </trkpt>
   <trkpt lat="51.5205390" lon="-0.1020240">
    <ele>16.8</ele>
    <time>2023-12-10T09:55:54Z</time>
   </trkpt>
   <trkpt lat="51.5205680" lon="-0.1020400">
    <ele>16.8</ele>
    <time>2023-12-10T09:55:55Z</time>
   </trkpt>
   <trkpt lat="51.5206140" lon="-0.1019980">
    <ele>16.9</ele>
    <time>2023-12-10T09:55:56Z</time>
   </trkpt>
   <trkpt lat="51.5206600" lon="-0.1019810">
    <ele>17.0</ele>
    <time>2023-12-10T09:55:57Z</time>
   </trkpt>
   <trkpt lat="51.5206860" lon="-0.1019970">
    <ele>17.0</ele>
    <time>2023-12-10T09:55:58Z</time>
   </trkpt>
   <trkpt lat="51.5207120" lon="-0.1019360">
    <ele>17.1</ele>
    <time>2023-12-10T09:55:59Z</time>
   </trkpt>
   <trkpt lat="51.5207500" lon="-0.1019670">
    <ele>17.1</ele>
    <time>2023-12-10T09:56:00Z</time>
   </trkpt>
   <trkpt lat="51.5207680" lon="-0.1019840">
    <ele>17.2</ele>
    <time>2023-12-10T09:56:01Z</time>
   </trkpt>
   <trkpt lat="51.5208000" lon="-0.1020050">
    <ele>17.2</ele>
    <time>2023-12-10T09:56:02Z</time>
   </trkpt>
   <trkpt lat="51.5208350" lon="-0.1020250">
    <ele>17.3</ele>
    <time>2023-12-10T09:56:03Z</time>
   </trkpt>
   <trkpt lat="51.5208630" lon="-0.1020620">
    <ele>17.4</ele>
    <time>2023-12-10T09:56:04Z</time>
   </trkpt>
   <trkpt lat="51.5209090" lon="-0.1020490">
    <ele>17.4</ele>
    <time>2023-12-10T09:56:05Z</time>
   </trkpt>
   <trkpt lat="51.5209520" lon="-0.1020370">
    <ele>17.5</ele>
    <time>2023-12-10T09:56:06Z</time>
   </trkpt>
   <trkpt lat="51.5209900" lon="-0.1020380">
    <ele>17.6</ele>
    <time>2023-12-10T09:56:07Z</time>
   </trkpt>
   <trkpt lat="51.5210270" lon="-0.1020290">
    <ele>17.7</ele>
    <time>2023-12-10T09:56:08Z</time>
   </trkpt>
   <trkpt lat="51.5210630" lon="-0.1020270">
    <ele>17.7</ele>
    <time>2023-12-10T09:56:09Z</time>
   </trkpt>
   <trkpt lat="51.5211070" lon="-0.1020170">
    <ele>17.8</ele>
    <time>2023-12-10T09:56:10Z</time>
   </trkpt>
   <trkpt lat="51.5211430" lon="-0.1019980">
    <ele>17.8</ele>
    <time>2023-12-10T09:56:11Z</time>
   </trkpt>
   <trkpt lat="51.5211840" lon="-0.1020000">
    <ele>17.9</ele>
    <time>2023-12-10T09:56:12Z</time>
   </trkpt>
   <trkpt lat="51.5212290" lon="-0.1019880">
    <ele>17.9</ele>
    <time>2023-12-10T09:56:13Z</time>
   </trkpt>
   <trkpt lat="51.5212600" lon="-0.1019960">
    <ele>18.0</ele>
    <time>2023-12-10T09:56:14Z</time>
   </trkpt>
   <trkpt lat="51.5213000" lon="-0.1019930">
    <ele>18.0</ele>
    <time>2023-12-10T09:56:15Z</time>
   </trkpt>
   <trkpt lat="51.5213410" lon="-0.1020060">
    <ele>18.0</ele>
    <time>2023-12-10T09:56:16Z</time>
   </trkpt>
   <trkpt lat="51.5213830" lon="-0.1019960">
    <ele>18.1</ele>
    <time>2023-12-10T09:56:17Z</time>
   </trkpt>
   <trkpt lat="51.5214230" lon="-0.1019880">
    <ele>18.1</ele>
    <time>2023-12-10T09:56:18Z</time>
   </trkpt>
   <trkpt lat="51.5214540" lon="-0.1020090">
    <ele>18.1</ele>
    <time>2023-12-10T09:56:19Z</time>
   </trkpt>
   <trkpt lat="51.5214910" lon="-0.1020110">
    <ele>18.2</ele>
    <time>2023-12-10T09:56:20Z</time>
   </trkpt>
   <trkpt lat="51.5215340" lon="-0.1020070">
    <ele>18.2</ele>
    <time>2023-12-10T09:56:21Z</time>
   </trkpt>
   <trkpt lat="51.5215670" lon="-0.1019990">
    <ele>18.2</ele>
    <time>2023-12-10T09:56:22Z</time>
   </trkpt>
   <trkpt lat="51.5215990" lon="-0.1020020">
    <ele>18.2</ele>
    <time>2023-12-10T09:56:23Z</time>
   </trkpt>
   <trkpt lat="51.5216340" lon="-0.1019940">
    <ele>18.3</ele>
    <time>2023-12-10T09:56:24Z</time>
   </trkpt>
   <trkpt lat="51.5216900" lon="-0.1019570">
    <ele>18.3</ele>
    <time>2023-12-10T09:56:25Z</time>
   </trkpt>
   <trkpt lat="51.5217290" lon="-0.1019640">
    <ele>18.3</ele>
    <time>2023-12-10T09:56:26Z</time>
   </trkpt>
   <trkpt lat="51.5217680" lon="-0.1019800">
    <ele>18.3</ele>
    <time>2023-12-10T09:56:27Z</time>
   </trkpt>
   <trkpt lat="51.5218060" lon="-0.1019890">
    <ele>18.3</ele>
    <time>2023-12-10T09:56:28Z</time>
   </trkpt>
   <trkpt lat="51.5218400" lon="-0.1019740">
    <ele>18.3</ele>
    <time>2023-12-10T09:56:29Z</time>
   </trkpt>
   <trkpt lat="51.5218780" lon="-0.1019970">
    <ele>18.4</ele>
    <time>2023-12-10T09:56:30Z</time>
   </trkpt>
   <trkpt lat="51.5219150" lon="-0.1020050">
    <ele>18.4</ele>
    <time>2023-12-10T09:56:31Z</time>
   </trkpt>
   <trkpt lat="51.5219480" lon="-0.1020010">
    <ele>18.4</ele>
    <time>2023-12-10T09:56:32Z</time>
   </trkpt>
   <trkpt lat="51.5219820" lon="-0.1020000">
    <ele>18.4</ele>
    <time>2023-12-10T09:56:33Z</time>
   </trkpt>
   <trkpt lat="51.5220180" lon="-0.1020080">
    <ele>18.4</ele>
    <time>2023-12-10T09:56:34Z</time>
   </trkpt>
   <trkpt lat="51.5220510" lon="-0.1020150">
    <ele>18.4</ele>
    <time>2023-12-10T09:56:35Z</time>
   </trkpt>
   <trkpt lat="51.5220870" lon="-0.1020460">
    <ele>18.4</ele>
    <time>2023-12-10T09:56:36Z</time>
   </trkpt>
   <trkpt lat="51.5221290" lon="-0.1020480">
    <ele>18.4</ele>
    <time>2023-12-10T09:56:37Z</time>
   </trkpt>
   <trkpt lat="51.5221550" lon="-0.1020290">
    <ele>18.4</ele>
    <time>2023-12-10T09:56:38Z</time>
   </trkpt>
   <trkpt lat="51.5221950" lon="-0.1020470">
    <ele>18.3</ele>
    <time>2023-12-10T09:56:39Z</time>
   </trkpt>
   <trkpt lat="51.5222300" lon="-0.1020580">
    <ele>18.3</ele>
    <time>2023-12-10T09:56:40Z</time>
   </trkpt>
   <trkpt lat="51.5222600" lon="-0.1020810">
    <ele>18.3</ele>
    <time>2023-12-10T09:56:41Z</time>
   </trkpt>
   <trkpt lat="51.5222910" lon="-0.1020950">
    <ele>18.3</ele>
    <time>2023-12-10T09:56:42Z</time>
   </trkpt>
   <trkpt lat="51.5223380" lon="-0.1021090">
    <ele>18.3</ele>
    <time>2023-12-10T09:56:43Z</time>
   </trkpt>
   <trkpt lat="51.5223970" lon="-0.1020340">
    <ele>18.3</ele>
    <time>2023-12-10T09:56:44Z</time>
   </trkpt>
   <trkpt lat="51.5224380" lon="-0.1020180">
    <ele>18.2</ele>
    <time>2023-12-10T09:56:45Z</time>
   </trkpt>
   <trkpt lat="51.5224830" lon="-0.1020210">
    <ele>18.2</ele>
    <time>2023-12-10T09:56:46Z</time>
   </trkpt>
   <trkpt lat="51.5225240" lon="-0.1020400">
    <ele>18.2</ele>
    <time>2023-12-10T09:56:47Z</time>
   </trkpt>
   <trkpt lat="51.5225660" lon="-0.1020580">
    <ele>18.2</ele>
    <time>2023-12-10T09:56:48Z</time>
   </trkpt>
   <trkpt lat="51.5226020" lon="-0.1020550">
    <ele>18.2</ele>
    <time>2023-12-10T09:56:49Z</time>
   </trkpt>
   <trkpt lat="51.5226370" lon="-0.1020660">
    <ele>18.2</ele>
    <time>2023-12-10T09:56:50Z</time>
   </trkpt>
   <trkpt lat="51.5226690" lon="-0.1020730">
    <ele>18.2</ele>
    <time>2023-12-10T09:56:51Z</time>
   </trkpt>
   <trkpt lat="51.5227040" lon="-0.1020830">
    <ele>18.2</ele>
    <time>2023-12-10T09:56:52Z</time>
   </trkpt>
   <trkpt lat="51.5227420" lon="-0.1020980">
    <ele>18.2</ele>
    <time>2023-12-10T09:56:53Z</time>
   </trkpt>
   <trkpt lat="51.5227780" lon="-0.1021040">
    <ele>18.2</ele>
    <time>2023-12-10T09:56:54Z</time>
   </trkpt>
   <trkpt lat="51.5228220" lon="-0.1021180">
    <ele>18.2</ele>
    <time>2023-12-10T09:56:55Z</time>
   </trkpt>
   <trkpt lat="51.5228540" lon="-0.1021410">
    <ele>18.2</ele>
    <time>2023-12-10T09:56:56Z</time>
   </trkpt>
   <trkpt lat="51.5228820" lon="-0.1021360">
    <ele>18.3</ele>
    <time>2023-12-10T09:56:57Z</time>
   </trkpt>
   <trkpt lat="51.5229190" lon="-0.1021540">
    <ele>18.3</ele>
    <time>2023-12-10T09:56:58Z</time>
   </trkpt>
   <trkpt lat="51.5229730" lon="-0.1021320">
    <ele>18.3</ele>
    <time>2023-12-10T09:56:59Z</time>
   </trkpt>
   <trkpt lat="51.5230190" lon="-0.1021170">
    <ele>18.4</ele>
    <time>2023-12-10T09:57:00Z</time>
   </trkpt>
   <trkpt lat="51.5230640" lon="-0.1021080">
    <ele>18.4</ele>
    <time>2023-12-10T09:57:01Z</time>
   </trkpt>
   <trkpt lat="51.5231010" lon="-0.1021340">
    <ele>18.4</ele>
    <time>2023-12-10T09:57:02Z</time>
   </trkpt>
   <trkpt lat="51.5231450" lon="-0.1021600">
    <ele>18.4</ele>
    <time>2023-12-10T09:57:03Z</time>
   </trkpt>
   <trkpt lat="51.5231840" lon="-0.1021870">
    <ele>18.5</ele>
    <time>2023-12-10T09:57:04Z</time>
   </trkpt>
   <trkpt lat="51.5232230" lon="-0.1021910">
    <ele>18.5</ele>
    <time>2023-12-10T09:57:05Z</time>
   </trkpt>
   <trkpt lat="51.5232560" lon="-0.1022170">
    <ele>18.5</ele>
    <time>2023-12-10T09:57:06Z</time>
   </trkpt>
   <trkpt lat="51.5232910" lon="-0.1022470">
    <ele>18.5</ele>
    <time>2023-12-10T09:57:07Z</time>
   </trkpt>
   <trkpt lat="51.5233250" lon="-0.1022760">
    <ele>18.6</ele>
    <time>2023-12-10T09:57:08Z</time>
   </trkpt>
   <trkpt lat="51.5233620" lon="-0.1023150">
    <ele>18.6</ele>
    <time>2023-12-10T09:57:09Z</time>
   </trkpt>
   <trkpt lat="51.5233980" lon="-0.1023290">
    <ele>18.6</ele>
    <time>2023-12-10T09:57:10Z</time>
   </trkpt>
   <trkpt lat="51.5234290" lon="-0.1023500">
    <ele>18.7</ele>
    <time>2023-12-10T09:57:11Z</time>
   </trkpt>
   <trkpt lat="51.5234650" lon="-0.1023760">
    <ele>18.7</ele>
    <time>2023-12-10T09:57:12Z</time>
   </trkpt>
   <trkpt lat="51.5235010" lon="-0.1024100">
    <ele>18.7</ele>
    <time>2023-12-10T09:57:13Z</time>
   </trkpt>
   <trkpt lat="51.5235320" lon="-0.1024310">
    <ele>18.8</ele>
    <time>2023-12-10T09:57:14Z</time>
   </trkpt>
   <trkpt lat="51.5235590" lon="-0.1024610">
    <ele>18.8</ele>
    <time>2023-12-10T09:57:15Z</time>
   </trkpt>
   <trkpt lat="51.5235920" lon="-0.1024860">
    <ele>18.8</ele>
    <time>2023-12-10T09:57:16Z</time>
   </trkpt>
   <trkpt lat="51.5236230" lon="-0.1025160">
    <ele>18.9</ele>
    <time>2023-12-10T09:57:17Z</time>
   </trkpt>
   <trkpt lat="51.5236580" lon="-0.1025460">
    <ele>18.9</ele>
    <time>2023-12-10T09:57:18Z</time>
   </trkpt>
   <trkpt lat="51.5236980" lon="-0.1025800">
    <ele>18.9</ele>
    <time>2023-12-10T09:57:19Z</time>
   </trkpt>
   <trkpt lat="51.5237170" lon="-0.1025940">
    <ele>19.0</ele>
    <time>2023-12-10T09:57:20Z</time>
   </trkpt>
   <trkpt lat="51.5237590" lon="-0.1026150">
    <ele>19.0</ele>
    <time>2023-12-10T09:57:21Z</time>
   </trkpt>
   <trkpt lat="51.5237850" lon="-0.1026510">
    <ele>19.1</ele>
    <time>2023-12-10T09:57:22Z</time>
   </trkpt>
   <trkpt lat="51.5238160" lon="-0.1026850">
    <ele>19.1</ele>
    <time>2023-12-10T09:57:23Z</time>
   </trkpt>
   <trkpt lat="51.5238440" lon="-0.1027200">
    <ele>19.2</ele>
    <time>2023-12-10T09:57:24Z</time>
   </trkpt>
   <trkpt lat="51.5238730" lon="-0.1027390">
    <ele>19.2</ele>
    <time>2023-12-10T09:57:25Z</time>
   </trkpt>
   <trkpt lat="51.5239020" lon="-0.1027670">
    <ele>19.2</ele>
    <time>2023-12-10T09:57:26Z</time>
   </trkpt>
   <trkpt lat="51.5239310" lon="-0.1028000">
    <ele>19.3</ele>
    <time>2023-12-10T09:57:27Z</time>
   </trkpt>
   <trkpt lat="51.5239850" lon="-0.1027900">
    <ele>19.3</ele>
    <time>2023-12-10T09:57:28Z</time>
   </trkpt>
   <trkpt lat="51.5240330" lon="-0.1028400">
    <ele>19.4</ele>
    <time>2023-12-10T09:57:29Z</time>
   </trkpt>
   <trkpt lat="51.5240670" lon="-0.1028570">
    <ele>19.5</ele>
    <time>2023-12-10T09:57:30Z</time>
   </trkpt>
   <trkpt lat="51.5241040" lon="-0.1028940">
    <ele>19.5</ele>
    <time>2023-12-10T09:57:31Z</time>
   </trkpt>
   <trkpt lat="51.5241340" lon="-0.1029360">
    <ele>19.6</ele>
    <time>2023-12-10T09:57:32Z</time>
   </trkpt>
   <trkpt lat="51.5241400" lon="-0.1029580">
    <ele>19.6</ele>
    <time>2023-12-10T09:57:33Z</time>
   </trkpt>
   <trkpt lat="51.5241670" lon="-0.1029930">
    <ele>19.6</ele>
    <time>2023-12-10T09:57:34Z</time>
   </trkpt>
   <trkpt lat="51.5241980" lon="-0.1030210">
    <ele>19.7</ele>
    <time>2023-12-10T09:57:35Z</time>
   </trkpt>
   <trkpt lat="51.5242240" lon="-0.1030450">
    <ele>19.7</ele>
    <time>2023-12-10T09:57:36Z</time>
   </trkpt>
   <trkpt lat="51.5242510" lon="-0.1030810">
    <ele>19.8</ele>
    <time>2023-12-10T09:57:37Z</time>
   </trkpt>
   <trkpt lat="51.5243020" lon="-0.1030870">
    <ele>19.8</ele>
    <time>2023-12-10T09:57:38Z</time>
   </trkpt>
   <trkpt lat="51.5243480" lon="-0.1030990">
    <ele>19.9</ele>
    <time>2023-12-10T09:57:39Z</time>
   </trkpt>
   <trkpt lat="51.5243900" lon="-0.1031010">
    <ele>19.9</ele>
    <time>2023-12-10T09:57:40Z</time>
   </trkpt>
   <trkpt lat="51.5244330" lon="-0.1031540">
    <ele>19.9</ele>
    <time>2023-12-10T09:57:41Z</time>
   </trkpt>
   <trkpt lat="51.5244640" lon="-0.1031970">
    <ele>20.0</ele>
    <time>2023-12-10T09:57:42Z</time>
   </trkpt>
   <trkpt lat="51.5245040" lon="-0.1032510">
    <ele>20.0</ele>
    <time>2023-12-10T09:57:43Z</time>
   </trkpt>
   <trkpt lat="51.5245450" lon="-0.1033030">
    <ele>20.1</ele>
    <time>2023-12-10T09:57:44Z</time>
   </trkpt>
   <trkpt lat="51.5245880" lon="-0.1033290">
    <ele>20.1</ele>
    <time>2023-12-10T09:57:45Z</time>
   </trkpt>
   <trkpt lat="51.5246190" lon="-0.1033700">
    <ele>20.2</ele>
    <time>2023-12-10T09:57:46Z</time>
   </trkpt>
   <trkpt lat="51.5246530" lon="-0.1033890">
    <ele>20.2</ele>
    <time>2023-12-10T09:57:47Z</time>
   </trkpt>
   <trkpt lat="51.5246790" lon="-0.1034260">
    <ele>20.2</ele>
    <time>2023-12-10T09:57:48Z</time>
   </trkpt>
   <trkpt lat="51.5247060" lon="-0.1034530">
    <ele>20.3</ele>
    <time>2023-12-10T09:57:49Z</time>
   </trkpt>
   <trkpt lat="51.5247370" lon="-0.1034840">
    <ele>20.3</ele>
    <time>2023-12-10T09:57:50Z</time>
   </trkpt>
   <trkpt lat="51.5247700" lon="-0.1034870">
    <ele>20.3</ele>
    <time>2023-12-10T09:57:51Z</time>
   </trkpt>
   <trkpt lat="51.5248040" lon="-0.1035250">
    <ele>20.3</ele>
    <time>2023-12-10T09:57:52Z</time>
   </trkpt>
   <trkpt lat="51.5248280" lon="-0.1035520">
    <ele>20.3</ele>
    <time>2023-12-10T09:57:53Z</time>
   </trkpt>
   <trkpt lat="51.5248650" lon="-0.1035630">
    <ele>20.4</ele>
    <time>2023-12-10T09:57:54Z</time>
   </trkpt>
   <trkpt lat="51.5248930" lon="-0.1035800">
    <ele>20.4</ele>
    <time>2023-12-10T09:57:55Z</time>
   </trkpt>
   <trkpt lat="51.5249260" lon="-0.1036150">
    <ele>20.4</ele>
    <time>2023-12-10T09:57:56Z</time>
   </trkpt>
   <trkpt lat="51.5249380" lon="-0.1036240">
    <ele>20.4</ele>
    <time>2023-12-10T09:57:57Z</time>
   </trkpt>
   <trkpt lat="51.5249720" lon="-0.1036330">
    <ele>20.4</ele>
    <time>2023-12-10T09:57:58Z</time>
   </trkpt>
   <trkpt lat="51.5250110" lon="-0.1036860">
    <ele>20.4</ele>
    <time>2023-12-10T09:57:59Z</time>
   </trkpt>
   <trkpt lat="51.5250590" lon="-0.1037080">
    <ele>20.5</ele>
    <time>2023-12-10T09:58:00Z</time>
   </trkpt>
   <trkpt lat="51.5250980" lon="-0.1037440">
    <ele>20.5</ele>
    <time>2023-12-10T09:58:01Z</time>
   </trkpt>
   <trkpt lat="51.5251380" lon="-0.1037790">
    <ele>20.5</ele>
    <time>2023-12-10T09:58:02Z</time>
   </trkpt>
   <trkpt lat="51.5251690" lon="-0.1038020">
    <ele>20.5</ele>
    <time>2023-12-10T09:58:03Z</time>
   </trkpt>
   <trkpt lat="51.5252030" lon="-0.1038180">
    <ele>20.5</ele>
    <time>2023-12-10T09:58:04Z</time>
   </trkpt>
   <trkpt lat="51.5252390" lon="-0.1038400">
    <ele>20.5</ele>
    <time>2023-12-10T09:58:05Z</time>
   </trkpt>
   <trkpt lat="51.5252600" lon="-0.1038990">
    <ele>20.6</ele>
    <time>2023-12-10T09:58:06Z</time>
   </trkpt>
   <trkpt lat="51.5252950" lon="-0.1039260">
    <ele>20.6</ele>
    <time>2023-12-10T09:58:07Z</time>
   </trkpt>
   <trkpt lat="51.5253300" lon="-0.1039360">
    <ele>20.6</ele>
    <time>2023-12-10T09:58:08Z</time>
   </trkpt>
   <trkpt lat="51.5253860" lon="-0.1039310">
    <ele>20.6</ele>
    <time>2023-12-10T09:58:09Z</time>
   </trkpt>
   <trkpt lat="51.5254180" lon="-0.1039660">
    <ele>20.6</ele>
    <time>2023-12-10T09:58:10Z</time>
   </trkpt>
   <trkpt lat="51.5254660" lon="-0.1039560">
    <ele>20.7</ele>
    <time>2023-12-10T09:58:11Z</time>
   </trkpt>
   <trkpt lat="51.5255040" lon="-0.1039670">
    <ele>20.7</ele>
    <time>2023-12-10T09:58:12Z</time>
   </trkpt>
   <trkpt lat="51.5255440" lon="-0.1039840">
    <ele>20.7</ele>
    <time>2023-12-10T09:58:13Z</time>
   </trkpt>
   <trkpt lat="51.5255850" lon="-0.1039610">
    <ele>20.8</ele>
    <time>2023-12-10T09:58:14Z</time>
   </trkpt>
   <trkpt lat="51.5256230" lon="-0.1039560">
    <ele>20.8</ele>
    <time>2023-12-10T09:58:15Z</time>
   </trkpt>
   <trkpt lat="51.5256610" lon="-0.1039300">
    <ele>20.8</ele>
    <time>2023-12-10T09:58:16Z</time>
   </trkpt>
   <trkpt lat="51.5256990" lon="-0.1039130">
    <ele>20.8</ele>
    <time>2023-12-10T09:58:17Z</time>
   </trkpt>
   <trkpt lat="51.5257370" lon="-0.1038890">
    <ele>20.9</ele>
    <time>2023-12-10T09:58:18Z</time>
   </trkpt>
   <trkpt lat="51.5257690" lon="-0.1038940">
    <ele>20.9</ele>
    <time>2023-12-10T09:58:19Z</time>
   </trkpt>
   <trkpt lat="51.5257950" lon="-0.1038700">
    <ele>20.9</ele>
    <time>2023-12-10T09:58:20Z</time>
   </trkpt>
   <trkpt lat="51.5258130" lon="-0.1038200">
    <ele>20.9</ele>
    <time>2023-12-10T09:58:21Z</time>
   </trkpt>
   <trkpt lat="51.5258210" lon="-0.1037730">
    <ele>21.0</ele>
    <time>2023-12-10T09:58:22Z</time>
   </trkpt>
   <trkpt lat="51.5258360" lon="-0.1037310">
    <ele>21.0</ele>
    <time>2023-12-10T09:58:23Z</time>
   </trkpt>
   <trkpt lat="51.5258370" lon="-0.1036490">
    <ele>21.0</ele>
    <time>2023-12-10T09:58:24Z</time>
   </trkpt>
   <trkpt lat="51.5258460" lon="-0.1035830">
    <ele>21.0</ele>
    <time>2023-12-10T09:58:25Z</time>
   </trkpt>
   <trkpt lat="51.5258510" lon="-0.1035270">
    <ele>21.1</ele>
    <time>2023-12-10T09:58:26Z</time>
   </trkpt>
   <trkpt lat="51.5258570" lon="-0.1034650">
    <ele>21.1</ele>
    <time>2023-12-10T09:58:27Z</time>
   </trkpt>
   <trkpt lat="51.5258800" lon="-0.1033620">
    <ele>21.1</ele>
    <time>2023-12-10T09:58:28Z</time>
   </trkpt>
   <trkpt lat="51.5258880" lon="-0.1032910">
    <ele>21.1</ele>
    <time>2023-12-10T09:58:29Z</time>
   </trkpt>
   <trkpt lat="51.5258980" lon="-0.1032310">
    <ele>21.1</ele>
    <time>2023-12-10T09:58:30Z</time>
   </trkpt>
   <trkpt lat="51.5259020" lon="-0.1031610">
    <ele>21.1</ele>
    <time>2023-12-10T09:58:31Z</time>
   </trkpt>
   <trkpt lat="51.5258990" lon="-0.1031310">
    <ele>21.1</ele>
    <time>2023-12-10T09:58:32Z</time>
   </trkpt>
   <trkpt lat="51.5259100" lon="-0.1030630">
    <ele>21.1</ele>
    <time>2023-12-10T09:58:33Z</time>
   </trkpt>
   <trkpt lat="51.5259180" lon="-0.1030080">
    <ele>21.1</ele>
    <time>2023-12-10T09:58:34Z</time>
   </trkpt>
   <trkpt lat="51.5259400" lon="-0.1029480">
    <ele>21.1</ele>
    <time>2023-12-10T09:58:36Z</time>
   </trkpt>
   <trkpt lat="51.5259540" lon="-0.1028860">
    <ele>21.1</ele>
    <time>2023-12-10T09:58:37Z</time>
   </trkpt>
   <trkpt lat="51.5259600" lon="-0.1028310">
    <ele>21.1</ele>
    <time>2023-12-10T09:58:38Z</time>
   </trkpt>
   <trkpt lat="51.5259670" lon="-0.1027820">
    <ele>21.1</ele>
    <time>2023-12-10T09:58:39Z</time>
   </trkpt>
   <trkpt lat="51.5259830" lon="-0.1027270">
    <ele>21.1</ele>
    <time>2023-12-10T09:58:40Z</time>
   </trkpt>
   <trkpt lat="51.5259980" lon="-0.1026690">
    <ele>21.1</ele>
    <time>2023-12-10T09:58:41Z</time>
   </trkpt>
   <trkpt lat="51.5259990" lon="-0.1026060">
    <ele>21.1</ele>
    <time>2023-12-10T09:58:42Z</time>
   </trkpt>
   <trkpt lat="51.5260050" lon="-0.1025490">
    <ele>21.1</ele>
    <time>2023-12-10T09:58:43Z</time>
   </trkpt>
   <trkpt lat="51.5260070" lon="-0.1024800">
    <ele>21.1</ele>
    <time>2023-12-10T09:58:44Z</time>
   </trkpt>
   <trkpt lat="51.5260260" lon="-0.1024140">
    <ele>21.2</ele>
    <time>2023-12-10T09:58:45Z</time>
   </trkpt>
   <trkpt lat="51.5260520" lon="-0.1023540">
    <ele>21.2</ele>
    <time>2023-12-10T09:58:46Z</time>
   </trkpt>
   <trkpt lat="51.5260620" lon="-0.1023060">
    <ele>21.2</ele>
    <time>2023-12-10T09:58:47Z</time>
   </trkpt>
   <trkpt lat="51.5260670" lon="-0.1022610">
    <ele>21.2</ele>
    <time>2023-12-10T09:58:48Z</time>
   </trkpt>
   <trkpt lat="51.5260700" lon="-0.1021960">
    <ele>21.2</ele>
    <time>2023-12-10T09:58:49Z</time>
   </trkpt>
   <trkpt lat="51.5260720" lon="-0.1021340">
    <ele>21.2</ele>
    <time>2023-12-10T09:58:50Z</time>
   </trkpt>
   <trkpt lat="51.5260900" lon="-0.1020820">
    <ele>21.2</ele>
    <time>2023-12-10T09:58:51Z</time>
   </trkpt>
   <trkpt lat="51.5261010" lon="-0.1020350">
    <ele>21.3</ele>
    <time>2023-12-10T09:58:52Z</time>
   </trkpt>
   <trkpt lat="51.5261050" lon="-0.1019730">
    <ele>21.3</ele>
    <time>2023-12-10T09:58:53Z</time>
   </trkpt>
   <trkpt lat="51.5261210" lon="-0.1019210">
    <ele>21.3</ele>
    <time>2023-12-10T09:58:54Z</time>
   </trkpt>
   <trkpt lat="51.5261310" lon="-0.1018670">
    <ele>21.2</ele>
    <time>2023-12-10T09:58:55Z</time>
   </trkpt>
   <trkpt lat="51.5261580" lon="-0.1018010">
    <ele>21.2</ele>
    <time>2023-12-10T09:58:56Z</time>
   </trkpt>
   <trkpt lat="51.5261780" lon="-0.1017370">
    <ele>21.2</ele>
    <time>2023-12-10T09:58:57Z</time>
   </trkpt>
   <trkpt lat="51.5261870" lon="-0.1016930">
    <ele>21.2</ele>
    <time>2023-12-10T09:58:58Z</time>
   </trkpt>
   <trkpt lat="51.5261990" lon="-0.1016480">
    <ele>21.2</ele>
    <time>2023-12-10T09:58:59Z</time>
   </trkpt>
   <trkpt lat="51.5262270" lon="-0.1015860">
    <ele>21.2</ele>
    <time>2023-12-10T09:59:00Z</time>
   </trkpt>
   <trkpt lat="51.5262410" lon="-0.1015380">
    <ele>21.2</ele>
    <time>2023-12-10T09:59:01Z</time>
   </trkpt>
   <trkpt lat="51.5262580" lon="-0.1014770">
    <ele>21.2</ele>
    <time>2023-12-10T09:59:02Z</time>
   </trkpt>
   <trkpt lat="51.5262510" lon="-0.1014190">
    <ele>21.2</ele>
    <time>2023-12-10T09:59:03Z</time>
   </trkpt>
   <trkpt lat="51.5262460" lon="-0.1013620">
    <ele>21.2</ele>
    <time>2023-12-10T09:59:04Z</time>
   </trkpt>
   <trkpt lat="51.5262530" lon="-0.1012920">
    <ele>21.2</ele>
    <time>2023-12-10T09:59:05Z</time>
   </trkpt>
   <trkpt lat="51.5262630" lon="-0.1012310">
    <ele>21.2</ele>
    <time>2023-12-10T09:59:06Z</time>
   </trkpt>
   <trkpt lat="51.5262720" lon="-0.1011730">
    <ele>21.3</ele>
    <time>2023-12-10T09:59:07Z</time>
   </trkpt>
   <trkpt lat="51.5262840" lon="-0.1011150">
    <ele>21.3</ele>
    <time>2023-12-10T09:59:08Z</time>
   </trkpt>
   <trkpt lat="51.5263170" lon="-0.1010660">
    <ele>21.3</ele>
    <time>2023-12-10T09:59:09Z</time>
   </trkpt>
   <trkpt lat="51.5263290" lon="-0.1010000">
    <ele>21.4</ele>
    <time>2023-12-10T09:59:10Z</time>
   </trkpt>
   <trkpt lat="51.5263450" lon="-0.1009510">
    <ele>21.4</ele>
    <time>2023-12-10T09:59:11Z</time>
   </trkpt>
   <trkpt lat="51.5263460" lon="-0.1009000">
    <ele>21.4</ele>
    <time>2023-12-10T09:59:12Z</time>
   </trkpt>
   <trkpt lat="51.5263410" lon="-0.1008320">
    <ele>21.4</ele>
    <time>2023-12-10T09:59:13Z</time>
   </trkpt>
   <trkpt lat="51.5263350" lon="-0.1007650">
    <ele>21.5</ele>
    <time>2023-12-10T09:59:14Z</time>
   </trkpt>
   <trkpt lat="51.5263390" lon="-0.1007150">
    <ele>21.5</ele>
    <time>2023-12-10T09:59:15Z</time>
   </trkpt>
   <trkpt lat="51.5263550" lon="-0.1006610">
    <ele>21.5</ele>
    <time>2023-12-10T09:59:16Z</time>
   </trkpt>
   <trkpt lat="51.5263610" lon="-0.1005990">
    <ele>21.6</ele>
    <time>2023-12-10T09:59:17Z</time>
   </trkpt>
   <trkpt lat="51.5263760" lon="-0.1005490">
    <ele>21.6</ele>
    <time>2023-12-10T09:59:18Z</time>
   </trkpt>
   <trkpt lat="51.5263890" lon="-0.1004940">
    <ele>21.6</ele>
    <time>2023-12-10T09:59:19Z</time>
   </trkpt>
   <trkpt lat="51.5264060" lon="-0.1004440">
    <ele>21.6</ele>
    <time>2023-12-10T09:59:20Z</time>
   </trkpt>
   <trkpt lat="51.5264290" lon="-0.1003970">
    <ele>21.7</ele>
    <time>2023-12-10T09:59:21Z</time>
   </trkpt>
   <trkpt lat="51.5264430" lon="-0.1003310">
    <ele>21.7</ele>
    <time>2023-12-10T09:59:22Z</time>
   </trkpt>
   <trkpt lat="51.5264450" lon="-0.1002740">
    <ele>21.7</ele>
    <time>2023-12-10T09:59:23Z</time>
   </trkpt>
   <trkpt lat="51.5264500" lon="-0.1002080">
    <ele>21.8</ele>
    <time>2023-12-10T09:59:24Z</time>
   </trkpt>
   <trkpt lat="51.5264530" lon="-0.1001450">
    <ele>21.8</ele>
    <time>2023-12-10T09:59:25Z</time>
   </trkpt>
   <trkpt lat="51.5264780" lon="-0.1000940">
    <ele>21.8</ele>
    <time>2023-12-10T09:59:26Z</time>
   </trkpt>
   <trkpt lat="51.5265070" lon="-0.1000400">
    <ele>21.8</ele>
    <time>2023-12-10T09:59:27Z</time>
   </trkpt>
   <trkpt lat="51.5265210" lon="-0.0999850">
    <ele>21.8</ele>
    <time>2023-12-10T09:59:28Z</time>
   </trkpt>
   <trkpt lat="51.5265240" lon="-0.0999370">
    <ele>21.8</ele>
    <time>2023-12-10T09:59:29Z</time>
   </trkpt>
   <trkpt lat="51.5265350" lon="-0.0998940">
    <ele>21.8</ele>
    <time>2023-12-10T09:59:30Z</time>
   </trkpt>
   <trkpt lat="51.5265410" lon="-0.0998520">
    <ele>21.8</ele>
    <time>2023-12-10T09:59:31Z</time>
   </trkpt>
   <trkpt lat="51.5265450" lon="-0.0998030">
    <ele>21.8</ele>
    <time>2023-12-10T09:59:32Z</time>
   </trkpt>
   <trkpt lat="51.5265490" lon="-0.0997430">
    <ele>21.8</ele>
    <time>2023-12-10T09:59:33Z</time>
   </trkpt>
   <trkpt lat="51.5265690" lon="-0.0997000">
    <ele>21.8</ele>
    <time>2023-12-10T09:59:34Z</time>
   </trkpt>
   <trkpt lat="51.5265820" lon="-0.0996620">
    <ele>21.8</ele>
    <time>2023-12-10T09:59:35Z</time>
   </trkpt>
   <trkpt lat="51.5265910" lon="-0.0996050">
    <ele>21.9</ele>
    <time>2023-12-10T09:59:36Z</time>
   </trkpt>
   <trkpt lat="51.5266060" lon="-0.0995480">
    <ele>21.9</ele>
    <time>2023-12-10T09:59:37Z</time>
   </trkpt>
   <trkpt lat="51.5266120" lon="-0.0994770">
    <ele>21.9</ele>
    <time>2023-12-10T09:59:38Z</time>
   </trkpt>
   <trkpt lat="51.5266150" lon="-0.0994320">
    <ele>21.9</ele>
    <time>2023-12-10T09:59:39Z</time>
   </trkpt>
   <trkpt lat="51.5266260" lon="-0.0993730">
    <ele>21.9</ele>
    <time>2023-12-10T09:59:40Z</time>
   </trkpt>
   <trkpt lat="51.5266290" lon="-0.0993210">
    <ele>22.0</ele>
    <time>2023-12-10T09:59:41Z</time>
   </trkpt>
   <trkpt lat="51.5266320" lon="-0.0992730">
    <ele>22.0</ele>
    <time>2023-12-10T09:59:42Z</time>
   </trkpt>
   <trkpt lat="51.5266410" lon="-0.0992180">
    <ele>22.0</ele>
    <time>2023-12-10T09:59:43Z</time>
   </trkpt>
   <trkpt lat="51.5266530" lon="-0.0991570">
    <ele>22.0</ele>
    <time>2023-12-10T09:59:44Z</time>
   </trkpt>
   <trkpt lat="51.5266670" lon="-0.0991130">
    <ele>22.0</ele>
    <time>2023-12-10T09:59:45Z</time>
   </trkpt>
   <trkpt lat="51.5266800" lon="-0.0990670">
    <ele>22.0</ele>
    <time>2023-12-10T09:59:46Z</time>
   </trkpt>
   <trkpt lat="51.5266790" lon="-0.0990240">
    <ele>22.1</ele>
    <time>2023-12-10T09:59:47Z</time>
   </trkpt>
   <trkpt lat="51.5266920" lon="-0.0989660">
    <ele>22.1</ele>
    <time>2023-12-10T09:59:48Z</time>
   </trkpt>
   <trkpt lat="51.5266940" lon="-0.0989210">
    <ele>22.1</ele>
    <time>2023-12-10T09:59:49Z</time>
   </trkpt>
   <trkpt lat="51.5267040" lon="-0.0988590">
    <ele>22.1</ele>
    <time>2023-12-10T09:59:50Z</time>
   </trkpt>
   <trkpt lat="51.5267230" lon="-0.0987780">
    <ele>22.1</ele>
    <time>2023-12-10T09:59:51Z</time>
   </trkpt>
   <trkpt lat="51.5267400" lon="-0.0987160">
    <ele>22.1</ele>
    <time>2023-12-10T09:59:52Z</time>
   </trkpt>
   <trkpt lat="51.5267530" lon="-0.0986620">
    <ele>22.1</ele>
    <time>2023-12-10T09:59:53Z</time>
   </trkpt>
   <trkpt lat="51.5267600" lon="-0.0986160">
    <ele>22.1</ele>
    <time>2023-12-10T09:59:54Z</time>
   </trkpt>
   <trkpt lat="51.5267770" lon="-0.0985360">
    <ele>22.1</ele>
    <time>2023-12-10T09:59:55Z</time>
   </trkpt>
   <trkpt lat="51.5267850" lon="-0.0984830">
    <ele>22.1</ele>
    <time>2023-12-10T09:59:56Z</time>
   </trkpt>
   <trkpt lat="51.5267930" lon="-0.0984150">
    <ele>22.1</ele>
    <time>2023-12-10T09:59:57Z</time>
   </trkpt>
   <trkpt lat="51.5268000" lon="-0.0983610">
    <ele>22.1</ele>
    <time>2023-12-10T09:59:58Z</time>
   </trkpt>
   <trkpt lat="51.5268360" lon="-0.0983100">
    <ele>22.0</ele>
    <time>2023-12-10T09:59:59Z</time>
   </trkpt>
   <trkpt lat="51.5268420" lon="-0.0982650">
    <ele>22.0</ele>
    <time>2023-12-10T10:00:00Z</time>
   </trkpt>
   <trkpt lat="51.5268470" lon="-0.0982100">
    <ele>21.9</ele>
    <time>2023-12-10T10:00:01Z</time>
   </trkpt>
   <trkpt lat="51.5268590" lon="-0.0981340">
    <ele>21.9</ele>
    <time>2023-12-10T10:00:02Z</time>
   </trkpt>
   <trkpt lat="51.5268620" lon="-0.0980780">
    <ele>21.8</ele>
    <time>2023-12-10T10:00:03Z</time>
   </trkpt>
   <trkpt lat="51.5268670" lon="-0.0980210">
    <ele>21.7</ele>
    <time>2023-12-10T10:00:04Z</time>
   </trkpt>
   <trkpt lat="51.5268840" lon="-0.0979700">
    <ele>21.7</ele>
    <time>2023-12-10T10:00:05Z</time>
   </trkpt>
   <trkpt lat="51.5268930" lon="-0.0978990">
    <ele>21.6</ele>
    <time>2023-12-10T10:00:06Z</time>
   </trkpt>
   <trkpt lat="51.5269060" lon="-0.0978370">
    <ele>21.5</ele>
    <time>2023-12-10T10:00:07Z</time>
   </trkpt>
   <trkpt lat="51.5269120" lon="-0.0977840">
    <ele>21.5</ele>
    <time>2023-12-10T10:00:08Z</time>
   </trkpt>
   <trkpt lat="51.5269130" lon="-0.0977210">
    <ele>21.4</ele>
    <time>2023-12-10T10:00:09Z</time>
   </trkpt>
   <trkpt lat="51.5269230" lon="-0.0976660">
    <ele>21.4</ele>
    <time>2023-12-10T10:00:10Z</time>
   </trkpt>
   <trkpt lat="51.5269290" lon="-0.0976000">
    <ele>21.3</ele>
    <time>2023-12-10T10:00:11Z</time>
   </trkpt>
   <trkpt lat="51.5269260" lon="-0.0975250">
    <ele>21.3</ele>
    <time>2023-12-10T10:00:12Z</time>
   </trkpt>
   <trkpt lat="51.5269330" lon="-0.0974720">
    <ele>21.2</ele>
    <time>2023-12-10T10:00:13Z</time>
   </trkpt>
   <trkpt lat="51.5269330" lon="-0.0974050">
    <ele>21.2</ele>
    <time>2023-12-10T10:00:14Z</time>
   </trkpt>
   <trkpt lat="51.5269350" lon="-0.0973490">
    <ele>21.1</ele>
    <time>2023-12-10T10:00:15Z</time>
   </trkpt>
   <trkpt lat="51.5269280" lon="-0.0973030">
    <ele>21.1</ele>
    <time>2023-12-10T10:00:16Z</time>
   </trkpt>
   <trkpt lat="51.5269460" lon="-0.0972420">
    <ele>21.0</ele>
    <time>2023-12-10T10:00:17Z</time>
   </trkpt>
   <trkpt lat="51.5269560" lon="-0.0971820">
    <ele>20.9</ele>
    <time>2023-12-10T10:00:18Z</time>
   </trkpt>
   <trkpt lat="51.5269580" lon="-0.0971290">
    <ele>20.9</ele>
    <time>2023-12-10T10:00:19Z</time>
   </trkpt>
   <trkpt lat="51.5269610" lon="-0.0970700">
    <ele>20.8</ele>
    <time>2023-12-10T10:00:20Z</time>
   </trkpt>
   <trkpt lat="51.5269700" lon="-0.0970100">
    <ele>20.8</ele>
    <time>2023-12-10T10:00:21Z</time>
   </trkpt>
   <trkpt lat="51.5269770" lon="-0.0969630">
    <ele>20.7</ele>
    <time>2023-12-10T10:00:22Z</time>
   </trkpt>
   <trkpt lat="51.5269440" lon="-0.0968960">
    <ele>20.7</ele>
    <time>2023-12-10T10:00:23Z</time>
   </trkpt>
   <trkpt lat="51.5269240" lon="-0.0968630">
    <ele>20.7</ele>
    <time>2023-12-10T10:00:24Z</time>
   </trkpt>
   <trkpt lat="51.5269160" lon="-0.0968510">
    <ele>20.6</ele>
    <time>2023-12-10T10:00:25Z</time>
   </trkpt>
   <trkpt lat="51.5269130" lon="-0.0968040">
    <ele>20.6</ele>
    <time>2023-12-10T10:00:26Z</time>
   </trkpt>
   <trkpt lat="51.5269360" lon="-0.0967450">
    <ele>20.6</ele>
    <time>2023-12-10T10:00:27Z</time>
   </trkpt>
   <trkpt lat="51.5269570" lon="-0.0967750">
    <ele>20.5</ele>
    <time>2023-12-10T10:00:28Z</time>
   </trkpt>
   <trkpt lat="51.5269680" lon="-0.0967910">
    <ele>20.5</ele>
    <time>2023-12-10T10:00:29Z</time>
   </trkpt>
   <trkpt lat="51.5269990" lon="-0.0968040">
    <ele>20.5</ele>
    <time>2023-12-10T10:00:30Z</time>
   </trkpt>
   <trkpt lat="51.5270140" lon="-0.0967990">
    <ele>20.5</ele>
    <time>2023-12-10T10:00:31Z</time>
   </trkpt>
   <trkpt lat="51.5270430" lon="-0.0967700">
    <ele>20.5</ele>
    <time>2023-12-10T10:00:32Z</time>
   </trkpt>
   <trkpt lat="51.5270770" lon="-0.0967150">
    <ele>20.5</ele>
    <time>2023-12-10T10:00:33Z</time>
   </trkpt>
   <trkpt lat="51.5270930" lon="-0.0966380">
    <ele>20.4</ele>
    <time>2023-12-10T10:00:34Z</time>
   </trkpt>
   <trkpt lat="51.5270980" lon="-0.0965620">
    <ele>20.4</ele>
    <time>2023-12-10T10:00:35Z</time>
   </trkpt>
   <trkpt lat="51.5271040" lon="-0.0964880">
    <ele>20.3</ele>
    <time>2023-12-10T10:00:36Z</time>
   </trkpt>
   <trkpt lat="51.5271150" lon="-0.0964180">
    <ele>20.3</ele>
    <time>2023-12-10T10:00:37Z</time>
   </trkpt>
   <trkpt lat="51.5271200" lon="-0.0963600">
    <ele>20.3</ele>
    <time>2023-12-10T10:00:38Z</time>
   </trkpt>
   <trkpt lat="51.5271240" lon="-0.0962840">
    <ele>20.2</ele>
    <time>2023-12-10T10:00:39Z</time>
   </trkpt>
   <trkpt lat="51.5271400" lon="-0.0962130">
    <ele>20.1</ele>
    <time>2023-12-10T10:00:40Z</time>
   </trkpt>
   <trkpt lat="51.5271510" lon="-0.0961530">
    <ele>20.1</ele>
    <time>2023-12-10T10:00:41Z</time>
   </trkpt>
   <trkpt lat="51.5271600" lon="-0.0961020">
    <ele>20.1</ele>
    <time>2023-12-10T10:00:42Z</time>
   </trkpt>
   <trkpt lat="51.5271710" lon="-0.0960460">
    <ele>20.0</ele>
    <time>2023-12-10T10:00:43Z</time>
   </trkpt>
   <trkpt lat="51.5271780" lon="-0.0959930">
    <ele>20.0</ele>
    <time>2023-12-10T10:00:44Z</time>
   </trkpt>
   <trkpt lat="51.5271550" lon="-0.0959240">
    <ele>20.0</ele>
    <time>2023-12-10T10:00:45Z</time>
   </trkpt>
   <trkpt lat="51.5271720" lon="-0.0958610">
    <ele>19.9</ele>
    <time>2023-12-10T10:00:46Z</time>
   </trkpt>
   <trkpt lat="51.5271900" lon="-0.0958040">
    <ele>19.9</ele>
    <time>2023-12-10T10:00:47Z</time>
   </trkpt>
   <trkpt lat="51.5272130" lon="-0.0957600">
    <ele>19.8</ele>
    <time>2023-12-10T10:00:48Z</time>
   </trkpt>
   <trkpt lat="51.5272300" lon="-0.0957050">
    <ele>19.8</ele>
    <time>2023-12-10T10:00:49Z</time>
   </trkpt>
   <trkpt lat="51.5272600" lon="-0.0956520">
    <ele>19.7</ele>
    <time>2023-12-10T10:00:50Z</time>
   </trkpt>
   <trkpt lat="51.5272740" lon="-0.0955990">
    <ele>19.7</ele>
    <time>2023-12-10T10:00:51Z</time>
   </trkpt>
   <trkpt lat="51.5272680" lon="-0.0955420">
    <ele>19.7</ele>
    <time>2023-12-10T10:00:52Z</time>
   </trkpt>
   <trkpt lat="51.5272670" lon="-0.0954840">
    <ele>19.6</ele>
    <time>2023-12-10T10:00:53Z</time>
   </trkpt>
   <trkpt lat="51.5272780" lon="-0.0954120">
    <ele>19.6</ele>
    <time>2023-12-10T10:00:54Z</time>
   </trkpt>
   <trkpt lat="51.5272980" lon="-0.0953550">
    <ele>19.6</ele>
    <time>2023-12-10T10:00:55Z</time>
   </trkpt>
   <trkpt lat="51.5273090" lon="-0.0952890">
    <ele>19.6</ele>
    <time>2023-12-10T10:00:56Z</time>
   </trkpt>
   <trkpt lat="51.5273260" lon="-0.0952340">
    <ele>19.5</ele>
    <time>2023-12-10T10:00:57Z</time>
   </trkpt>
   <trkpt lat="51.5273320" lon="-0.0951750">
    <ele>19.5</ele>
    <time>2023-12-10T10:00:58Z</time>
   </trkpt>
   <trkpt lat="51.5273380" lon="-0.0951130">
    <ele>19.5</ele>
    <time>2023-12-10T10:00:59Z</time>
   </trkpt>
   <trkpt lat="51.5273560" lon="-0.0950620">
    <ele>19.5</ele>
    <time>2023-12-10T10:01:00Z</time>
   </trkpt>
   <trkpt lat="51.5273620" lon="-0.0950080">
    <ele>19.5</ele>
    <time>2023-12-10T10:01:01Z</time>
   </trkpt>
   <trkpt lat="51.5273620" lon="-0.0949430">
    <ele>19.5</ele>
    <time>2023-12-10T10:01:02Z</time>
   </trkpt>
   <trkpt lat="51.5273850" lon="-0.0948910">
    <ele>19.5</ele>
    <time>2023-12-10T10:01:03Z</time>
   </trkpt>
   <trkpt lat="51.5273920" lon="-0.0948350">
    <ele>19.5</ele>
    <time>2023-12-10T10:01:04Z</time>
   </trkpt>
   <trkpt lat="51.5273950" lon="-0.0947790">
    <ele>19.5</ele>
    <time>2023-12-10T10:01:05Z</time>
   </trkpt>
   <trkpt lat="51.5273810" lon="-0.0947060">
    <ele>19.5</ele>
    <time>2023-12-10T10:01:06Z</time>
   </trkpt>
   <trkpt lat="51.5273780" lon="-0.0946510">
    <ele>19.5</ele>
    <time>2023-12-10T10:01:07Z</time>
   </trkpt>
   <trkpt lat="51.5273720" lon="-0.0946260">
    <ele>19.5</ele>
    <time>2023-12-10T10:01:08Z</time>
   </trkpt>
   <trkpt lat="51.5273690" lon="-0.0945660">
    <ele>19.4</ele>
    <time>2023-12-10T10:01:09Z</time>
   </trkpt>
   <trkpt lat="51.5273790" lon="-0.0944950">
    <ele>19.4</ele>
    <time>2023-12-10T10:01:10Z</time>
   </trkpt>
   <trkpt lat="51.5273900" lon="-0.0944330">
    <ele>19.4</ele>
    <time>2023-12-10T10:01:11Z</time>
   </trkpt>
   <trkpt lat="51.5273920" lon="-0.0943600">
    <ele>19.4</ele>
    <time>2023-12-10T10:01:12Z</time>
   </trkpt>
   <trkpt lat="51.5273870" lon="-0.0943070">
    <ele>19.3</ele>
    <time>2023-12-10T10:01:13Z</time>
   </trkpt>
   <trkpt lat="51.5274000" lon="-0.0942520">
    <ele>19.3</ele>
    <time>2023-12-10T10:01:14Z</time>
   </trkpt>
   <trkpt lat="51.5274170" lon="-0.0941920">
    <ele>19.3</ele>
    <time>2023-12-10T10:01:15Z</time>
   </trkpt>
   <trkpt lat="51.5274200" lon="-0.0941320">
    <ele>19.3</ele>
    <time>2023-12-10T10:01:16Z</time>
   </trkpt>
   <trkpt lat="51.5274190" lon="-0.0940710">
    <ele>19.2</ele>
    <time>2023-12-10T10:01:17Z</time>
   </trkpt>
   <trkpt lat="51.5274370" lon="-0.0940260">
    <ele>19.2</ele>
    <time>2023-12-10T10:01:18Z</time>
   </trkpt>
   <trkpt lat="51.5274470" lon="-0.0939730">
    <ele>19.2</ele>
    <time>2023-12-10T10:01:19Z</time>
   </trkpt>
   <trkpt lat="51.5274670" lon="-0.0939030">
    <ele>19.2</ele>
    <time>2023-12-10T10:01:20Z</time>
   </trkpt>
   <trkpt lat="51.5274730" lon="-0.0938420">
    <ele>19.2</ele>
    <time>2023-12-10T10:01:21Z</time>
   </trkpt>
   <trkpt lat="51.5274900" lon="-0.0937740">
    <ele>19.2</ele>
    <time>2023-12-10T10:01:22Z</time>
   </trkpt>
   <trkpt lat="51.5275020" lon="-0.0937060">
    <ele>19.2</ele>
    <time>2023-12-10T10:01:23Z</time>
   </trkpt>
   <trkpt lat="51.5275210" lon="-0.0936490">
    <ele>19.2</ele>
    <time>2023-12-10T10:01:24Z</time>
   </trkpt>
   <trkpt lat="51.5275310" lon="-0.0935830">
    <ele>19.2</ele>
    <time>2023-12-10T10:01:25Z</time>
   </trkpt>
   <trkpt lat="51.5275450" lon="-0.0935370">
    <ele>19.1</ele>
    <time>2023-12-10T10:01:26Z</time>
   </trkpt>
   <trkpt lat="51.5275510" lon="-0.0934730">
    <ele>19.1</ele>
    <time>2023-12-10T10:01:27Z</time>
   </trkpt>
   <trkpt lat="51.5275660" lon="-0.0934230">
    <ele>19.1</ele>
    <time>2023-12-10T10:01:28Z</time>
   </trkpt>
   <trkpt lat="51.5275680" lon="-0.0933680">
    <ele>19.1</ele>
    <time>2023-12-10T10:01:29Z</time>
   </trkpt>
   <trkpt lat="51.5275820" lon="-0.0933040">
    <ele>19.0</ele>
    <time>2023-12-10T10:01:30Z</time>
   </trkpt>
   <trkpt lat="51.5275870" lon="-0.0932510">
    <ele>19.0</ele>
    <time>2023-12-10T10:01:31Z</time>
   </trkpt>
   <trkpt lat="51.5275940" lon="-0.0931850">
    <ele>19.0</ele>
    <time>2023-12-10T10:01:32Z</time>
   </trkpt>
   <trkpt lat="51.5276000" lon="-0.0931230">
    <ele>18.9</ele>
    <time>2023-12-10T10:01:33Z</time>
   </trkpt>
   <trkpt lat="51.5276090" lon="-0.0930590">
    <ele>18.9</ele>
    <time>2023-12-10T10:01:34Z</time>
   </trkpt>
   <trkpt lat="51.5276240" lon="-0.0929980">
    <ele>18.9</ele>
    <time>2023-12-10T10:01:35Z</time>
   </trkpt>
   <trkpt lat="51.5276310" lon="-0.0929350">
    <ele>18.8</ele>
    <time>2023-12-10T10:01:36Z</time>
   </trkpt>
   <trkpt lat="51.5276430" lon="-0.0928800">
    <ele>18.8</ele>
    <time>2023-12-10T10:01:37Z</time>
   </trkpt>
   <trkpt lat="51.5276440" lon="-0.0928140">
    <ele>18.7</ele>
    <time>2023-12-10T10:01:38Z</time>
   </trkpt>
   <trkpt lat="51.5276480" lon="-0.0927570">
    <ele>18.7</ele>
    <time>2023-12-10T10:01:39Z</time>
   </trkpt>
   <trkpt lat="51.5276700" lon="-0.0927110">
    <ele>18.7</ele>
    <time>2023-12-10T10:01:40Z</time>
   </trkpt>
   <trkpt lat="51.5276830" lon="-0.0926620">
    <ele>18.6</ele>
    <time>2023-12-10T10:01:41Z</time>
   </trkpt>
   <trkpt lat="51.5276840" lon="-0.0926000">
    <ele>18.6</ele>
    <time>2023-12-10T10:01:42Z</time>
   </trkpt>
   <trkpt lat="51.5276920" lon="-0.0925430">
    <ele>18.6</ele>
    <time>2023-12-10T10:01:43Z</time>
   </trkpt>
   <trkpt lat="51.5277020" lon="-0.0924840">
    <ele>18.6</ele>
    <time>2023-12-10T10:01:44Z</time>
   </trkpt>
   <trkpt lat="51.5277090" lon="-0.0924280">
    <ele>18.6</ele>
    <time>2023-12-10T10:01:45Z</time>
   </trkpt>
   <trkpt lat="51.5277200" lon="-0.0923630">
    <ele>18.6</ele>
    <time>2023-12-10T10:01:46Z</time>
   </trkpt>
   <trkpt lat="51.5277290" lon="-0.0923160">
    <ele>18.6</ele>
    <time>2023-12-10T10:01:47Z</time>
   </trkpt>
   <trkpt lat="51.5277180" lon="-0.0922340">
    <ele>18.6</ele>
    <time>2023-12-10T10:01:48Z</time>
   </trkpt>
   <trkpt lat="51.5277170" lon="-0.0921690">
    <ele>18.6</ele>
    <time>2023-12-10T10:01:49Z</time>
   </trkpt>
   <trkpt lat="51.5277180" lon="-0.0921120">
    <ele>18.7</ele>
    <time>2023-12-10T10:01:50Z</time>
   </trkpt>
   <trkpt lat="51.5277270" lon="-0.0920560">
    <ele>18.7</ele>
    <time>2023-12-10T10:01:51Z</time>
   </trkpt>
   <trkpt lat="51.5277260" lon="-0.0919960">
    <ele>18.7</ele>
    <time>2023-12-10T10:01:52Z</time>
   </trkpt>
   <trkpt lat="51.5277290" lon="-0.0919420">
    <ele>18.7</ele>
    <time>2023-12-10T10:01:53Z</time>
   </trkpt>
   <trkpt lat="51.5277420" lon="-0.0918890">
    <ele>18.8</ele>
    <time>2023-12-10T10:01:54Z</time>
   </trkpt>
   <trkpt lat="51.5277540" lon="-0.0918380">
    <ele>18.8</ele>
    <time>2023-12-10T10:01:55Z</time>
   </trkpt>
   <trkpt lat="51.5277490" lon="-0.0917920">
    <ele>18.8</ele>
    <time>2023-12-10T10:01:56Z</time>
   </trkpt>
   <trkpt lat="51.5277550" lon="-0.0917400">
    <ele>18.8</ele>
    <time>2023-12-10T10:01:57Z</time>
   </trkpt>
   <trkpt lat="51.5277650" lon="-0.0916780">
    <ele>18.9</ele>
    <time>2023-12-10T10:01:58Z</time>
   </trkpt>
   <trkpt lat="51.5277700" lon="-0.0916170">
    <ele>18.9</ele>
    <time>2023-12-10T10:01:59Z</time>
   </trkpt>
   <trkpt lat="51.5277810" lon="-0.0915690">
    <ele>18.9</ele>
    <time>2023-12-10T10:02:00Z</time>
   </trkpt>
   <trkpt lat="51.5278140" lon="-0.0915400">
    <ele>19.0</ele>
    <time>2023-12-10T10:02:01Z</time>
   </trkpt>
   <trkpt lat="51.5278450" lon="-0.0915150">
    <ele>19.0</ele>
    <time>2023-12-10T10:02:02Z</time>
   </trkpt>
   <trkpt lat="51.5278740" lon="-0.0915130">
    <ele>19.0</ele>
    <time>2023-12-10T10:02:03Z</time>
   </trkpt>
   <trkpt lat="51.5279070" lon="-0.0915440">
    <ele>19.0</ele>
    <time>2023-12-10T10:02:04Z</time>
   </trkpt>
   <trkpt lat="51.5279400" lon="-0.0915560">
    <ele>18.9</ele>
    <time>2023-12-10T10:02:05Z</time>
   </trkpt>
   <trkpt lat="51.5279750" lon="-0.0915720">
    <ele>18.9</ele>
    <time>2023-12-10T10:02:06Z</time>
   </trkpt>
   <trkpt lat="51.5280130" lon="-0.0915880">
    <ele>18.9</ele>
    <time>2023-12-10T10:02:07Z</time>
   </trkpt>
   <trkpt lat="51.5280440" lon="-0.0916150">
    <ele>18.9</ele>
    <time>2023-12-10T10:02:08Z</time>
   </trkpt>
   <trkpt lat="51.5280790" lon="-0.0916130">
    <ele>18.9</ele>
    <time>2023-12-10T10:02:09Z</time>
   </trkpt>
   <trkpt lat="51.5281180" lon="-0.0916050">
    <ele>18.9</ele>
    <time>2023-12-10T10:02:10Z</time>
   </trkpt>
   <trkpt lat="51.5281450" lon="-0.0916290">
    <ele>18.9</ele>
    <time>2023-12-10T10:02:11Z</time>
   </trkpt>
   <trkpt lat="51.5281750" lon="-0.0917310">
    <ele>18.8</ele>
    <time>2023-12-10T10:02:12Z</time>
   </trkpt>
   <trkpt lat="51.5281930" lon="-0.0917980">
    <ele>18.8</ele>
    <time>2023-12-10T10:02:13Z</time>
   </trkpt>
   <trkpt lat="51.5282150" lon="-0.0918550">
    <ele>18.8</ele>
    <time>2023-12-10T10:02:14Z</time>
   </trkpt>
   <trkpt lat="51.5282420" lon="-0.0918880">
    <ele>18.8</ele>
    <time>2023-12-10T10:02:15Z</time>
   </trkpt>
   <trkpt lat="51.5282530" lon="-0.0918930">
    <ele>18.8</ele>
    <time>2023-12-10T10:02:16Z</time>
   </trkpt>
   <trkpt lat="51.5282770" lon="-0.0919790">
    <ele>18.8</ele>
    <time>2023-12-10T10:02:17Z</time>
   </trkpt>
   <trkpt lat="51.5282920" lon="-0.0920250">
    <ele>18.8</ele>
    <time>2023-12-10T10:02:18Z</time>
   </trkpt>
   <trkpt lat="51.5283050" lon="-0.0920740">
    <ele>18.8</ele>
    <time>2023-12-10T10:02:19Z</time>
   </trkpt>
   <trkpt lat="51.5283330" lon="-0.0920960">
    <ele>18.8</ele>
    <time>2023-12-10T10:02:20Z</time>
   </trkpt>
   <trkpt lat="51.5283640" lon="-0.0921000">
    <ele>18.8</ele>
    <time>2023-12-10T10:02:21Z</time>
   </trkpt>
   <trkpt lat="51.5284100" lon="-0.0920590">
    <ele>18.9</ele>
    <time>2023-12-10T10:02:22Z</time>
   </trkpt>
   <trkpt lat="51.5284310" lon="-0.0920330">
    <ele>18.9</ele>
    <time>2023-12-10T10:02:23Z</time>
   </trkpt>
   <trkpt lat="51.5284680" lon="-0.0919800">
    <ele>18.9</ele>
    <time>2023-12-10T10:02:24Z</time>
   </trkpt>
   <trkpt lat="51.5284950" lon="-0.0919520">
    <ele>19.0</ele>
    <time>2023-12-10T10:02:25Z</time>
   </trkpt>
   <trkpt lat="51.5285220" lon="-0.0919300">
    <ele>19.0</ele>
    <time>2023-12-10T10:02:26Z</time>
   </trkpt>
   <trkpt lat="51.5285600" lon="-0.0919010">
    <ele>19.0</ele>
    <time>2023-12-10T10:02:27Z</time>
   </trkpt>
   <trkpt lat="51.5285890" lon="-0.0918890">
    <ele>19.0</ele>
    <time>2023-12-10T10:02:28Z</time>
   </trkpt>
   <trkpt lat="51.5286250" lon="-0.0918770">
    <ele>19.0</ele>
    <time>2023-12-10T10:02:29Z</time>
   </trkpt>
   <trkpt lat="51.5286340" lon="-0.0918720">
    <ele>19.0</ele>
    <time>2023-12-10T10:02:30Z</time>
   </trkpt>
   <trkpt lat="51.5286740" lon="-0.0918550">
    <ele>19.1</ele>
    <time>2023-12-10T10:02:31Z</time>
   </trkpt>
   <trkpt lat="51.5287050" lon="-0.0918630">
    <ele>19.1</ele>
    <time>2023-12-10T10:02:32Z</time>
   </trkpt>
   <trkpt lat="51.5287370" lon="-0.0918460">
    <ele>19.1</ele>
    <time>2023-12-10T10:02:33Z</time>
   </trkpt>
   <trkpt lat="51.5287690" lon="-0.0918660">
    <ele>19.1</ele>
    <time>2023-12-10T10:02:34Z</time>
   </trkpt>
   <trkpt lat="51.5288060" lon="-0.0918880">
    <ele>19.1</ele>
    <time>2023-12-10T10:02:35Z</time>
   </trkpt>
   <trkpt lat="51.5288190" lon="-0.0918970">
    <ele>19.1</ele>
    <time>2023-12-10T10:02:36Z</time>
   </trkpt>
   <trkpt lat="51.5288470" lon="-0.0919140">
    <ele>19.1</ele>
    <time>2023-12-10T10:02:37Z</time>
   </trkpt>
   <trkpt lat="51.5288770" lon="-0.0919260">
    <ele>19.1</ele>
    <time>2023-12-10T10:02:38Z</time>
   </trkpt>
   <trkpt lat="51.5289160" lon="-0.0919500">
    <ele>19.1</ele>
    <time>2023-12-10T10:02:39Z</time>
   </trkpt>
   <trkpt lat="51.5289560" lon="-0.0919690">
    <ele>19.1</ele>
    <time>2023-12-10T10:02:40Z</time>
   </trkpt>
   <trkpt lat="51.5289660" lon="-0.0920450">
    <ele>19.2</ele>
    <time>2023-12-10T10:02:41Z</time>
   </trkpt>
   <trkpt lat="51.5289730" lon="-0.0920950">
    <ele>19.2</ele>
    <time>2023-12-10T10:02:42Z</time>
   </trkpt>
   <trkpt lat="51.5289830" lon="-0.0921370">
    <ele>19.2</ele>
    <time>2023-12-10T10:02:43Z</time>
   </trkpt>
   <trkpt lat="51.5289980" lon="-0.0921790">
    <ele>19.2</ele>
    <time>2023-12-10T10:02:44Z</time>
   </trkpt>
   <trkpt lat="51.5290050" lon="-0.0922170">
    <ele>19.2</ele>
    <time>2023-12-10T10:02:45Z</time>
   </trkpt>
   <trkpt lat="51.5290110" lon="-0.0922270">
    <ele>19.2</ele>
    <time>2023-12-10T10:02:46Z</time>
   </trkpt>
   <trkpt lat="51.5290290" lon="-0.0922720">
    <ele>19.2</ele>
    <time>2023-12-10T10:02:47Z</time>
   </trkpt>
   <trkpt lat="51.5290360" lon="-0.0922860">
    <ele>19.2</ele>
    <time>2023-12-10T10:02:48Z</time>
   </trkpt>
   <trkpt lat="51.5290590" lon="-0.0923060">
    <ele>19.2</ele>
    <time>2023-12-10T10:02:49Z</time>
   </trkpt>
   <trkpt lat="51.5290700" lon="-0.0923110">
    <ele>19.2</ele>
    <time>2023-12-10T10:02:50Z</time>
   </trkpt>
   <trkpt lat="51.5291070" lon="-0.0923400">
    <ele>19.2</ele>
    <time>2023-12-10T10:02:51Z</time>
   </trkpt>
   <trkpt lat="51.5291220" lon="-0.0923450">
    <ele>19.2</ele>
    <time>2023-12-10T10:02:52Z</time>
   </trkpt>
   <trkpt lat="51.5291580" lon="-0.0923510">
    <ele>19.2</ele>
    <time>2023-12-10T10:02:53Z</time>
   </trkpt>
   <trkpt lat="51.5291910" lon="-0.0923440">
    <ele>19.2</ele>
    <time>2023-12-10T10:02:54Z</time>
   </trkpt>
   <trkpt lat="51.5292430" lon="-0.0922230">
    <ele>19.1</ele>
    <time>2023-12-10T10:02:55Z</time>
   </trkpt>
   <trkpt lat="51.5292440" lon="-0.0921140">
    <ele>19.1</ele>
    <time>2023-12-10T10:02:56Z</time>
   </trkpt>
   <trkpt lat="51.5292150" lon="-0.0920300">
    <ele>19.1</ele>
    <time>2023-12-10T10:02:57Z</time>
   </trkpt>
   <trkpt lat="51.5292400" lon="-0.0918220">
    <ele>19.1</ele>
    <time>2023-12-10T10:02:58Z</time>
   </trkpt>
   <trkpt lat="51.5292450" lon="-0.0917560">
    <ele>19.1</ele>
    <time>2023-12-10T10:02:59Z</time>
   </trkpt>
   <trkpt lat="51.5292550" lon="-0.0916340">
    <ele>19.1</ele>
    <time>2023-12-10T10:03:00Z</time>
   </trkpt>
   <trkpt lat="51.5292390" lon="-0.0915140">
    <ele>19.1</ele>
    <time>2023-12-10T10:03:01Z</time>
   </trkpt>
   <trkpt lat="51.5292670" lon="-0.0914350">
    <ele>19.1</ele>
    <time>2023-12-10T10:03:02Z</time>
   </trkpt>
   <trkpt lat="51.5293030" lon="-0.0913470">
    <ele>19.2</ele>
    <time>2023-12-10T10:03:03Z</time>
   </trkpt>
   <trkpt lat="51.5293290" lon="-0.0912340">
    <ele>19.2</ele>
    <time>2023-12-10T10:03:04Z</time>
   </trkpt>
   <trkpt lat="51.5293230" lon="-0.0911230">
    <ele>19.2</ele>
    <time>2023-12-10T10:03:05Z</time>
   </trkpt>
   <trkpt lat="51.5292980" lon="-0.0909720">
    <ele>19.2</ele>
    <time>2023-12-10T10:03:06Z</time>
   </trkpt>
   <trkpt lat="51.5292680" lon="-0.0908390">
    <ele>19.1</ele>
    <time>2023-12-10T10:03:07Z</time>
   </trkpt>
   <trkpt lat="51.5292360" lon="-0.0907700">
    <ele>19.1</ele>
    <time>2023-12-10T10:03:08Z</time>
   </trkpt>
   <trkpt lat="51.5292260" lon="-0.0907000">
    <ele>19.1</ele>
    <time>2023-12-10T10:03:09Z</time>
   </trkpt>
   <trkpt lat="51.5292120" lon="-0.0906220">
    <ele>19.0</ele>
    <time>2023-12-10T10:03:10Z</time>
   </trkpt>
   <trkpt lat="51.5292210" lon="-0.0904800">
    <ele>19.0</ele>
    <time>2023-12-10T10:03:11Z</time>
   </trkpt>
   <trkpt lat="51.5292100" lon="-0.0904170">
    <ele>18.9</ele>
    <time>2023-12-10T10:03:12Z</time>
   </trkpt>
   <trkpt lat="51.5292330" lon="-0.0903010">
    <ele>18.8</ele>
    <time>2023-12-10T10:03:13Z</time>
   </trkpt>
   <trkpt lat="51.5292600" lon="-0.0902090">
    <ele>18.8</ele>
    <time>2023-12-10T10:03:14Z</time>
   </trkpt>
   <trkpt lat="51.5292590" lon="-0.0901350">
    <ele>18.7</ele>
    <time>2023-12-10T10:03:15Z</time>
   </trkpt>
   <trkpt lat="51.5292690" lon="-0.0900660">
    <ele>18.7</ele>
    <time>2023-12-10T10:03:16Z</time>
   </trkpt>
   <trkpt lat="51.5292600" lon="-0.0899940">
    <ele>18.6</ele>
    <time>2023-12-10T10:03:17Z</time>
   </trkpt>
   <trkpt lat="51.5292480" lon="-0.0899000">
    <ele>18.6</ele>
    <time>2023-12-10T10:03:18Z</time>
   </trkpt>
   <trkpt lat="51.5292260" lon="-0.0898290">
    <ele>18.5</ele>
    <time>2023-12-10T10:03:19Z</time>
   </trkpt>
   <trkpt lat="51.5291990" lon="-0.0897470">
    <ele>18.4</ele>
    <time>2023-12-10T10:03:20Z</time>
   </trkpt>
   <trkpt lat="51.5291990" lon="-0.0896740">
    <ele>18.4</ele>
    <time>2023-12-10T10:03:21Z</time>
   </trkpt>
   <trkpt lat="51.5291960" lon="-0.0896210">
    <ele>18.4</ele>
    <time>2023-12-10T10:03:22Z</time>
   </trkpt>
   <trkpt lat="51.5291990" lon="-0.0895560">
    <ele>18.3</ele>
    <time>2023-12-10T10:03:23Z</time>
   </trkpt>
   <trkpt lat="51.5292010" lon="-0.0894870">
    <ele>18.3</ele>
    <time>2023-12-10T10:03:24Z</time>
   </trkpt>
   <trkpt lat="51.5292170" lon="-0.0894310">
    <ele>18.3</ele>
    <time>2023-12-10T10:03:25Z</time>
   </trkpt>
   <trkpt lat="51.5292230" lon="-0.0893740">
    <ele>18.3</ele>
    <time>2023-12-10T10:03:26Z</time>
   </trkpt>
   <trkpt lat="51.5292150" lon="-0.0893100">
    <ele>18.3</ele>
    <time>2023-12-10T10:03:27Z</time>
   </trkpt>
   <trkpt lat="51.5292060" lon="-0.0892560">
    <ele>18.2</ele>
    <time>2023-12-10T10:03:28Z</time>
   </trkpt>
   <trkpt lat="51.5291980" lon="-0.0892010">
    <ele>18.2</ele>
    <time>2023-12-10T10:03:29Z</time>
   </trkpt>
   <trkpt lat="51.5291980" lon="-0.0891490">
    <ele>18.2</ele>
    <time>2023-12-10T10:03:30Z</time>
   </trkpt>
   <trkpt lat="51.5292010" lon="-0.0891030">
    <ele>18.2</ele>
    <time>2023-12-10T10:03:31Z</time>
   </trkpt>
   <trkpt lat="51.5292290" lon="-0.0890430">
    <ele>18.1</ele>
    <time>2023-12-10T10:03:32Z</time>
   </trkpt>
   <trkpt lat="51.5292240" lon="-0.0889840">
    <ele>18.1</ele>
    <time>2023-12-10T10:03:33Z</time>
   </trkpt>
   <trkpt lat="51.5292340" lon="-0.0889210">
    <ele>18.0</ele>
    <time>2023-12-10T10:03:34Z</time>
   </trkpt>
   <trkpt lat="51.5292480" lon="-0.0888810">
    <ele>18.0</ele>
    <time>2023-12-10T10:03:35Z</time>
   </trkpt>
   <trkpt lat="51.5292630" lon="-0.0888180">
    <ele>18.0</ele>
    <time>2023-12-10T10:03:36Z</time>
   </trkpt>
   <trkpt lat="51.5292570" lon="-0.0887720">
    <ele>17.9</ele>
    <time>2023-12-10T10:03:37Z</time>
   </trkpt>
   <trkpt lat="51.5292490" lon="-0.0887270">
    <ele>17.9</ele>
    <time>2023-12-10T10:03:38Z</time>
   </trkpt>
   <trkpt lat="51.5292560" lon="-0.0886810">
    <ele>17.9</ele>
    <time>2023-12-10T10:03:39Z</time>
   </trkpt>
   <trkpt lat="51.5292690" lon="-0.0886320">
    <ele>17.9</ele>
    <time>2023-12-10T10:03:40Z</time>
   </trkpt>
   <trkpt lat="51.5292800" lon="-0.0885680">
    <ele>17.9</ele>
    <time>2023-12-10T10:03:41Z</time>
   </trkpt>
   <trkpt lat="51.5292900" lon="-0.0885070">
    <ele>17.9</ele>
    <time>2023-12-10T10:03:42Z</time>
   </trkpt>
   <trkpt lat="51.5292990" lon="-0.0884380">
    <ele>17.9</ele>
    <time>2023-12-10T10:03:43Z</time>
   </trkpt>
   <trkpt lat="51.5293270" lon="-0.0883530">
    <ele>17.9</ele>
    <time>2023-12-10T10:03:44Z</time>
   </trkpt>
   <trkpt lat="51.5293500" lon="-0.0882750">
    <ele>18.0</ele>
    <time>2023-12-10T10:03:45Z</time>
   </trkpt>
   <trkpt lat="51.5293650" lon="-0.0882220">
    <ele>18.0</ele>
    <time>2023-12-10T10:03:46Z</time>
   </trkpt>
   <trkpt lat="51.5293900" lon="-0.0881620">
    <ele>18.0</ele>
    <time>2023-12-10T10:03:47Z</time>
   </trkpt>
   <trkpt lat="51.5293970" lon="-0.0880990">
    <ele>18.0</ele>
    <time>2023-12-10T10:03:48Z</time>
   </trkpt>
   <trkpt lat="51.5294080" lon="-0.0880330">
    <ele>18.0</ele>
    <time>2023-12-10T10:03:49Z</time>
   </trkpt>
   <trkpt lat="51.5294210" lon="-0.0879730">
    <ele>18.1</ele>
    <time>2023-12-10T10:03:50Z</time>
   </trkpt>
   <trkpt lat="51.5294340" lon="-0.0879010">
    <ele>18.1</ele>
    <time>2023-12-10T10:03:51Z</time>
   </trkpt>
   <trkpt lat="51.5294100" lon="-0.0878360">
    <ele>18.1</ele>
    <time>2023-12-10T10:03:52Z</time>
   </trkpt>
   <trkpt lat="51.5293940" lon="-0.0877800">
    <ele>18.2</ele>
    <time>2023-12-10T10:03:53Z</time>
   </trkpt>
   <trkpt lat="51.5293620" lon="-0.0877520">
    <ele>18.2</ele>
    <time>2023-12-10T10:03:54Z</time>
   </trkpt>
   <trkpt lat="51.5293670" lon="-0.0876500">
    <ele>18.3</ele>
    <time>2023-12-10T10:03:55Z</time>
   </trkpt>
   <trkpt lat="51.5293570" lon="-0.0875580">
    <ele>18.4</ele>
    <time>2023-12-10T10:03:56Z</time>
   </trkpt>
   <trkpt lat="51.5293620" lon="-0.0874920">
    <ele>18.4</ele>
    <time>2023-12-10T10:03:57Z</time>
   </trkpt>
   <trkpt lat="51.5293690" lon="-0.0874410">
    <ele>18.4</ele>
    <time>2023-12-10T10:03:58Z</time>
   </trkpt>
   <trkpt lat="51.5293350" lon="-0.0874100">
    <ele>18.5</ele>
    <time>2023-12-10T10:03:59Z</time>
   </trkpt>
   <trkpt lat="51.5293150" lon="-0.0873650">
    <ele>18.5</ele>
    <time>2023-12-10T10:04:00Z</time>
   </trkpt>
   <trkpt lat="51.5293120" lon="-0.0873400">
    <ele>18.5</ele>
    <time>2023-12-10T10:04:01Z</time>
   </trkpt>
   <trkpt lat="51.5292900" lon="-0.0873010">
    <ele>18.5</ele>
    <time>2023-12-10T10:04:02Z</time>
   </trkpt>
   <trkpt lat="51.5292810" lon="-0.0872870">
    <ele>18.5</ele>
    <time>2023-12-10T10:04:03Z</time>
   </trkpt>
   <trkpt lat="51.5292470" lon="-0.0872730">
    <ele>18.5</ele>
    <time>2023-12-10T10:04:04Z</time>
   </trkpt>
   <trkpt lat="51.5292060" lon="-0.0872580">
    <ele>18.5</ele>
    <time>2023-12-10T10:04:05Z</time>
   </trkpt>
   <trkpt lat="51.5291740" lon="-0.0872520">
    <ele>18.5</ele>
    <time>2023-12-10T10:04:06Z</time>
   </trkpt>
   <trkpt lat="51.5291420" lon="-0.0872900">
    <ele>18.5</ele>
    <time>2023-12-10T10:04:07Z</time>
   </trkpt>
   <trkpt lat="51.5291120" lon="-0.0872970">
    <ele>18.5</ele>
    <time>2023-12-10T10:04:08Z</time>
   </trkpt>
   <trkpt lat="51.5290710" lon="-0.0873030">
    <ele>18.5</ele>
    <time>2023-12-10T10:04:09Z</time>
   </trkpt>
   <trkpt lat="51.5290340" lon="-0.0872920">
    <ele>18.5</ele>
    <time>2023-12-10T10:04:10Z</time>
   </trkpt>
   <trkpt lat="51.5290190" lon="-0.0872810">
    <ele>18.5</ele>
    <time>2023-12-10T10:04:11Z</time>
   </trkpt>
   <trkpt lat="51.5289870" lon="-0.0872810">
    <ele>18.5</ele>
    <time>2023-12-10T10:04:12Z</time>
   </trkpt>
   <trkpt lat="51.5289510" lon="-0.0872840">
    <ele>18.5</ele>
    <time>2023-12-10T10:04:13Z</time>
   </trkpt>
   <trkpt lat="51.5289150" lon="-0.0872920">
    <ele>18.5</ele>
    <time>2023-12-10T10:04:14Z</time>
   </trkpt>
   <trkpt lat="51.5288770" lon="-0.0872930">
    <ele>18.5</ele>
    <time>2023-12-10T10:04:15Z</time>
   </trkpt>
   <trkpt lat="51.5288380" lon="-0.0872850">
    <ele>18.5</ele>
    <time>2023-12-10T10:04:16Z</time>
   </trkpt>
   <trkpt lat="51.5287980" lon="-0.0872830">
    <ele>18.5</ele>
    <time>2023-12-10T10:04:17Z</time>
   </trkpt>
   <trkpt lat="51.5287600" lon="-0.0873000">
    <ele>18.5</ele>
    <time>2023-12-10T10:04:18Z</time>
   </trkpt>
   <trkpt lat="51.5287200" lon="-0.0872990">
    <ele>18.6</ele>
    <time>2023-12-10T10:04:19Z</time>
   </trkpt>
   <trkpt lat="51.5286840" lon="-0.0873070">
    <ele>18.6</ele>
    <time>2023-12-10T10:04:20Z</time>
   </trkpt>
   <trkpt lat="51.5286480" lon="-0.0873160">
    <ele>18.6</ele>
    <time>2023-12-10T10:04:21Z</time>
   </trkpt>
   <trkpt lat="51.5286110" lon="-0.0873220">
    <ele>18.6</ele>
    <time>2023-12-10T10:04:22Z</time>
   </trkpt>
   <trkpt lat="51.5285690" lon="-0.0873330">
    <ele>18.6</ele>
    <time>2023-12-10T10:04:23Z</time>
   </trkpt>
   <trkpt lat="51.5285340" lon="-0.0873400">
    <ele>18.6</ele>
    <time>2023-12-10T10:04:24Z</time>
   </trkpt>
   <trkpt lat="51.5284980" lon="-0.0873350">
    <ele>18.6</ele>
    <time>2023-12-10T10:04:25Z</time>
   </trkpt>
   <trkpt lat="51.5284640" lon="-0.0873240">
    <ele>18.6</ele>
    <time>2023-12-10T10:04:26Z</time>
   </trkpt>
   <trkpt lat="51.5284230" lon="-0.0873100">
    <ele>18.6</ele>
    <time>2023-12-10T10:04:27Z</time>
   </trkpt>
   <trkpt lat="51.5284070" lon="-0.0873050">
    <ele>18.6</ele>
    <time>2023-12-10T10:04:28Z</time>
   </trkpt>
   <trkpt lat="51.5283900" lon="-0.0872610">
    <ele>18.7</ele>
    <time>2023-12-10T10:04:29Z</time>
   </trkpt>
   <trkpt lat="51.5283650" lon="-0.0872170">
    <ele>18.5</ele>
    <time>2023-12-10T10:04:30Z</time>
   </trkpt>
   <trkpt lat="51.5283490" lon="-0.0871690">
    <ele>18.5</ele>
    <time>2023-12-10T10:04:31Z</time>
   </trkpt>
   <trkpt lat="51.5283430" lon="-0.0871520">
    <ele>18.4</ele>
    <time>2023-12-10T10:04:32Z</time>
   </trkpt>
   <trkpt lat="51.5283330" lon="-0.0871000">
    <ele>18.3</ele>
    <time>2023-12-10T10:04:33Z</time>
   </trkpt>
   <trkpt lat="51.5283320" lon="-0.0870880">
    <ele>18.3</ele>
    <time>2023-12-10T10:04:34Z</time>
   </trkpt>
   <trkpt lat="51.5283430" lon="-0.0870290">
    <ele>18.2</ele>
    <time>2023-12-10T10:04:35Z</time>
   </trkpt>
   <trkpt lat="51.5283440" lon="-0.0869600">
    <ele>18.1</ele>
    <time>2023-12-10T10:04:36Z</time>
   </trkpt>
   <trkpt lat="51.5283480" lon="-0.0869030">
    <ele>18.1</ele>
    <time>2023-12-10T10:04:37Z</time>
   </trkpt>
   <trkpt lat="51.5283430" lon="-0.0868400">
    <ele>18.1</ele>
    <time>2023-12-10T10:04:38Z</time>
   </trkpt>
   <trkpt lat="51.5283350" lon="-0.0867840">
    <ele>18.0</ele>
    <time>2023-12-10T10:04:39Z</time>
   </trkpt>
   <trkpt lat="51.5283350" lon="-0.0867260">
    <ele>18.0</ele>
    <time>2023-12-10T10:04:40Z</time>
   </trkpt>
   <trkpt lat="51.5283310" lon="-0.0866500">
    <ele>18.0</ele>
    <time>2023-12-10T10:04:41Z</time>
   </trkpt>
   <trkpt lat="51.5283300" lon="-0.0865970">
    <ele>18.0</ele>
    <time>2023-12-10T10:04:42Z</time>
   </trkpt>
   <trkpt lat="51.5283160" lon="-0.0865330">
    <ele>18.1</ele>
    <time>2023-12-10T10:04:43Z</time>
   </trkpt>
   <trkpt lat="51.5283120" lon="-0.0864840">
    <ele>18.1</ele>
    <time>2023-12-10T10:04:44Z</time>
   </trkpt>
   <trkpt lat="51.5283180" lon="-0.0864150">
    <ele>18.2</ele>
    <time>2023-12-10T10:04:45Z</time>
   </trkpt>
   <trkpt lat="51.5283210" lon="-0.0863890">
    <ele>18.2</ele>
    <time>2023-12-10T10:04:46Z</time>
   </trkpt>
   <trkpt lat="51.5283150" lon="-0.0863360">
    <ele>18.2</ele>
    <time>2023-12-10T10:04:47Z</time>
   </trkpt>
   <trkpt lat="51.5282980" lon="-0.0862910">
    <ele>18.2</ele>
    <time>2023-12-10T10:04:48Z</time>
   </trkpt>
   <trkpt lat="51.5282920" lon="-0.0862350">
    <ele>18.2</ele>
    <time>2023-12-10T10:04:49Z</time>
   </trkpt>
   <trkpt lat="51.5282780" lon="-0.0861770">
    <ele>18.1</ele>
    <time>2023-12-10T10:04:50Z</time>
   </trkpt>
   <trkpt lat="51.5282830" lon="-0.0861120">
    <ele>18.1</ele>
    <time>2023-12-10T10:04:51Z</time>
   </trkpt>
   <trkpt lat="51.5282760" lon="-0.0860500">
    <ele>18.1</ele>
    <time>2023-12-10T10:04:52Z</time>
   </trkpt>
   <trkpt lat="51.5282710" lon="-0.0859780">
    <ele>18.1</ele>
    <time>2023-12-10T10:04:53Z</time>
   </trkpt>
   <trkpt lat="51.5282750" lon="-0.0859070">
    <ele>18.0</ele>
    <time>2023-12-10T10:04:54Z</time>
   </trkpt>
   <trkpt lat="51.5282750" lon="-0.0858460">
    <ele>18.0</ele>
    <time>2023-12-10T10:04:55Z</time>
   </trkpt>
   <trkpt lat="51.5282740" lon="-0.0857840">
    <ele>18.0</ele>
    <time>2023-12-10T10:04:56Z</time>
   </trkpt>
   <trkpt lat="51.5282790" lon="-0.0857180">
    <ele>18.0</ele>
    <time>2023-12-10T10:04:57Z</time>
   </trkpt>
   <trkpt lat="51.5282840" lon="-0.0856550">
    <ele>17.9</ele>
    <time>2023-12-10T10:04:58Z</time>
   </trkpt>
   <trkpt lat="51.5282830" lon="-0.0855870">
    <ele>17.9</ele>
    <time>2023-12-10T10:04:59Z</time>
   </trkpt>
   <trkpt lat="51.5282900" lon="-0.0855250">
    <ele>17.9</ele>
    <time>2023-12-10T10:05:00Z</time>
   </trkpt>
   <trkpt lat="51.5282880" lon="-0.0854670">
    <ele>17.9</ele>
    <time>2023-12-10T10:05:01Z</time>
   </trkpt>
   <trkpt lat="51.5282880" lon="-0.0854040">
    <ele>17.9</ele>
    <time>2023-12-10T10:05:02Z</time>
   </trkpt>
   <trkpt lat="51.5282900" lon="-0.0853370">
    <ele>17.9</ele>
    <time>2023-12-10T10:05:03Z</time>
   </trkpt>
   <trkpt lat="51.5282880" lon="-0.0852780">
    <ele>17.9</ele>
    <time>2023-12-10T10:05:04Z</time>
   </trkpt>
   <trkpt lat="51.5282910" lon="-0.0852270">
    <ele>17.9</ele>
    <time>2023-12-10T10:05:05Z</time>
   </trkpt>
   <trkpt lat="51.5283050" lon="-0.0851740">
    <ele>17.9</ele>
    <time>2023-12-10T10:05:06Z</time>
   </trkpt>
   <trkpt lat="51.5283190" lon="-0.0851230">
    <ele>18.0</ele>
    <time>2023-12-10T10:05:07Z</time>
   </trkpt>
   <trkpt lat="51.5283640" lon="-0.0850760">
    <ele>18.0</ele>
    <time>2023-12-10T10:05:08Z</time>
   </trkpt>
   <trkpt lat="51.5283980" lon="-0.0850400">
    <ele>18.0</ele>
    <time>2023-12-10T10:05:09Z</time>
   </trkpt>
   <trkpt lat="51.5284380" lon="-0.0850050">
    <ele>18.0</ele>
    <time>2023-12-10T10:05:10Z</time>
   </trkpt>
   <trkpt lat="51.5284720" lon="-0.0849800">
    <ele>17.9</ele>
    <time>2023-12-10T10:05:11Z</time>
   </trkpt>
   <trkpt lat="51.5285070" lon="-0.0849660">
    <ele>17.9</ele>
    <time>2023-12-10T10:05:12Z</time>
   </trkpt>
   <trkpt lat="51.5285370" lon="-0.0849720">
    <ele>17.9</ele>
    <time>2023-12-10T10:05:13Z</time>
   </trkpt>
   <trkpt lat="51.5285740" lon="-0.0849790">
    <ele>17.9</ele>
    <time>2023-12-10T10:05:14Z</time>
   </trkpt>
   <trkpt lat="51.5286080" lon="-0.0850120">
    <ele>17.9</ele>
    <time>2023-12-10T10:05:15Z</time>
   </trkpt>
   <trkpt lat="51.5286390" lon="-0.0850160">
    <ele>17.9</ele>
    <time>2023-12-10T10:05:16Z</time>
   </trkpt>
   <trkpt lat="51.5286610" lon="-0.0849860">
    <ele>17.8</ele>
    <time>2023-12-10T10:05:17Z</time>
   </trkpt>
   <trkpt lat="51.5286750" lon="-0.0849450">
    <ele>17.8</ele>
    <time>2023-12-10T10:05:18Z</time>
   </trkpt>
   <trkpt lat="51.5286840" lon="-0.0848500">
    <ele>17.8</ele>
    <time>2023-12-10T10:05:19Z</time>
   </trkpt>
   <trkpt lat="51.5286900" lon="-0.0847810">
    <ele>17.8</ele>
    <time>2023-12-10T10:05:20Z</time>
   </trkpt>
   <trkpt lat="51.5286940" lon="-0.0847160">
    <ele>17.8</ele>
    <time>2023-12-10T10:05:21Z</time>
   </trkpt>
   <trkpt lat="51.5287060" lon="-0.0846440">
    <ele>17.8</ele>
    <time>2023-12-10T10:05:22Z</time>
   </trkpt>
   <trkpt lat="51.5287080" lon="-0.0845880">
    <ele>17.8</ele>
    <time>2023-12-10T10:05:23Z</time>
   </trkpt>
   <trkpt lat="51.5287110" lon="-0.0845340">
    <ele>17.8</ele>
    <time>2023-12-10T10:05:24Z</time>
   </trkpt>
   <trkpt lat="51.5287160" lon="-0.0844820">
    <ele>17.8</ele>
    <time>2023-12-10T10:05:25Z</time>
   </trkpt>
   <trkpt lat="51.5287150" lon="-0.0844210">
    <ele>17.8</ele>
    <time>2023-12-10T10:05:26Z</time>
   </trkpt>
   <trkpt lat="51.5287100" lon="-0.0843490">
    <ele>17.8</ele>
    <time>2023-12-10T10:05:27Z</time>
   </trkpt>
   <trkpt lat="51.5287150" lon="-0.0842900">
    <ele>17.8</ele>
    <time>2023-12-10T10:05:28Z</time>
   </trkpt>
   <trkpt lat="51.5287220" lon="-0.0842290">
    <ele>17.8</ele>
    <time>2023-12-10T10:05:29Z</time>
   </trkpt>
   <trkpt lat="51.5287290" lon="-0.0841700">
    <ele>17.8</ele>
    <time>2023-12-10T10:05:30Z</time>
   </trkpt>
   <trkpt lat="51.5287300" lon="-0.0841170">
    <ele>17.9</ele>
    <time>2023-12-10T10:05:31Z</time>
   </trkpt>
   <trkpt lat="51.5287330" lon="-0.0840620">
    <ele>17.9</ele>
    <time>2023-12-10T10:05:32Z</time>
   </trkpt>
   <trkpt lat="51.5287320" lon="-0.0840070">
    <ele>17.9</ele>
    <time>2023-12-10T10:05:33Z</time>
   </trkpt>
   <trkpt lat="51.5287380" lon="-0.0839460">
    <ele>17.9</ele>
    <time>2023-12-10T10:05:34Z</time>
   </trkpt>
   <trkpt lat="51.5287250" lon="-0.0838900">
    <ele>18.0</ele>
    <time>2023-12-10T10:05:35Z</time>
   </trkpt>
   <trkpt lat="51.5287200" lon="-0.0838250">
    <ele>18.0</ele>
    <time>2023-12-10T10:05:36Z</time>
   </trkpt>
   <trkpt lat="51.5287090" lon="-0.0837720">
    <ele>18.1</ele>
    <time>2023-12-10T10:05:37Z</time>
   </trkpt>
   <trkpt lat="51.5287110" lon="-0.0837200">
    <ele>18.1</ele>
    <time>2023-12-10T10:05:38Z</time>
   </trkpt>
   <trkpt lat="51.5287180" lon="-0.0836640">
    <ele>18.2</ele>
    <time>2023-12-10T10:05:39Z</time>
   </trkpt>
   <trkpt lat="51.5287530" lon="-0.0836370">
    <ele>18.3</ele>
    <time>2023-12-10T10:05:40Z</time>
   </trkpt>
   <trkpt lat="51.5287660" lon="-0.0836350">
    <ele>18.3</ele>
    <time>2023-12-10T10:05:41Z</time>
   </trkpt>
   <trkpt lat="51.5287840" lon="-0.0835880">
    <ele>18.4</ele>
    <time>2023-12-10T10:05:42Z</time>
   </trkpt>
   <trkpt lat="51.5287920" lon="-0.0835750">
    <ele>18.4</ele>
    <time>2023-12-10T10:05:43Z</time>
   </trkpt>
   <trkpt lat="51.5288160" lon="-0.0835520">
    <ele>18.4</ele>
    <time>2023-12-10T10:05:44Z</time>
   </trkpt>
   <trkpt lat="51.5288450" lon="-0.0835360">
    <ele>18.4</ele>
    <time>2023-12-10T10:05:45Z</time>
   </trkpt>
   <trkpt lat="51.5288800" lon="-0.0835290">
    <ele>18.5</ele>
    <time>2023-12-10T10:05:46Z</time>
   </trkpt>
   <trkpt lat="51.5289110" lon="-0.0835070">
    <ele>18.5</ele>
    <time>2023-12-10T10:05:47Z</time>
   </trkpt>
   <trkpt lat="51.5289450" lon="-0.0834860">
    <ele>18.5</ele>
    <time>2023-12-10T10:05:48Z</time>
   </trkpt>
   <trkpt lat="51.5289850" lon="-0.0834830">
    <ele>18.5</ele>
    <time>2023-12-10T10:05:49Z</time>
   </trkpt>
   <trkpt lat="51.5290220" lon="-0.0834660">
    <ele>18.6</ele>
    <time>2023-12-10T10:05:50Z</time>
   </trkpt>
   <trkpt lat="51.5290600" lon="-0.0834610">
    <ele>18.6</ele>
    <time>2023-12-10T10:05:51Z</time>
   </trkpt>
   <trkpt lat="51.5291010" lon="-0.0834430">
    <ele>18.6</ele>
    <time>2023-12-10T10:05:52Z</time>
   </trkpt>
   <trkpt lat="51.5291360" lon="-0.0834380">
    <ele>18.6</ele>
    <time>2023-12-10T10:05:53Z</time>
   </trkpt>
   <trkpt lat="51.5291740" lon="-0.0834240">
    <ele>18.7</ele>
    <time>2023-12-10T10:05:54Z</time>
   </trkpt>
   <trkpt lat="51.5292090" lon="-0.0834080">
    <ele>18.7</ele>
    <time>2023-12-10T10:05:55Z</time>
   </trkpt>
   <trkpt lat="51.5292390" lon="-0.0833930">
    <ele>18.7</ele>
    <time>2023-12-10T10:05:56Z</time>
   </trkpt>
   <trkpt lat="51.5292710" lon="-0.0833730">
    <ele>18.7</ele>
    <time>2023-12-10T10:05:57Z</time>
   </trkpt>
   <trkpt lat="51.5293050" lon="-0.0833670">
    <ele>18.7</ele>
    <time>2023-12-10T10:05:58Z</time>
   </trkpt>
   <trkpt lat="51.5293390" lon="-0.0833580">
    <ele>18.7</ele>
    <time>2023-12-10T10:05:59Z</time>
   </trkpt>
   <trkpt lat="51.5293780" lon="-0.0833640">
    <ele>18.7</ele>
    <time>2023-12-10T10:06:00Z</time>
   </trkpt>
   <trkpt lat="51.5294110" lon="-0.0833590">
    <ele>18.7</ele>
    <time>2023-12-10T10:06:01Z</time>
   </trkpt>
   <trkpt lat="51.5294460" lon="-0.0833520">
    <ele>18.7</ele>
    <time>2023-12-10T10:06:02Z</time>
   </trkpt>
   <trkpt lat="51.5294780" lon="-0.0833400">
    <ele>18.7</ele>
    <time>2023-12-10T10:06:03Z</time>
   </trkpt>
   <trkpt lat="51.5295140" lon="-0.0833340">
    <ele>18.7</ele>
    <time>2023-12-10T10:06:04Z</time>
   </trkpt>
   <trkpt lat="51.5295490" lon="-0.0833180">
    <ele>18.7</ele>
    <time>2023-12-10T10:06:05Z</time>
   </trkpt>
   <trkpt lat="51.5295810" lon="-0.0833030">
    <ele>18.8</ele>
    <time>2023-12-10T10:06:06Z</time>
   </trkpt>
   <trkpt lat="51.5296130" lon="-0.0832800">
    <ele>18.8</ele>
    <time>2023-12-10T10:06:07Z</time>
   </trkpt>
   <trkpt lat="51.5296500" lon="-0.0832560">
    <ele>18.8</ele>
    <time>2023-12-10T10:06:08Z</time>
   </trkpt>
   <trkpt lat="51.5296760" lon="-0.0832420">
    <ele>18.8</ele>
    <time>2023-12-10T10:06:09Z</time>
   </trkpt>
   <trkpt lat="51.5297120" lon="-0.0832240">
    <ele>18.8</ele>
    <time>2023-12-10T10:06:10Z</time>
   </trkpt>
   <trkpt lat="51.5297540" lon="-0.0831820">
    <ele>18.8</ele>
    <time>2023-12-10T10:06:11Z</time>
   </trkpt>
   <trkpt lat="51.5297980" lon="-0.0831390">
    <ele>18.8</ele>
    <time>2023-12-10T10:06:12Z</time>
   </trkpt>
   <trkpt lat="51.5298320" lon="-0.0831160">
    <ele>18.8</ele>
    <time>2023-12-10T10:06:13Z</time>
   </trkpt>
   <trkpt lat="51.5298760" lon="-0.0830990">
    <ele>18.8</ele>
    <time>2023-12-10T10:06:14Z</time>
   </trkpt>
   <trkpt lat="51.5299200" lon="-0.0830830">
    <ele>18.8</ele>
    <time>2023-12-10T10:06:15Z</time>
   </trkpt>
   <trkpt lat="51.5299540" lon="-0.0830590">
    <ele>18.8</ele>
    <time>2023-12-10T10:06:16Z</time>
   </trkpt>
   <trkpt lat="51.5299830" lon="-0.0830440">
    <ele>18.8</ele>
    <time>2023-12-10T10:06:17Z</time>
   </trkpt>
   <trkpt lat="51.5300160" lon="-0.0830300">
    <ele>18.7</ele>
    <time>2023-12-10T10:06:18Z</time>
   </trkpt>
   <trkpt lat="51.5300520" lon="-0.0830190">
    <ele>18.7</ele>
    <time>2023-12-10T10:06:19Z</time>
   </trkpt>
   <trkpt lat="51.5300830" lon="-0.0830140">
    <ele>18.7</ele>
    <time>2023-12-10T10:06:20Z</time>
   </trkpt>
   <trkpt lat="51.5301160" lon="-0.0829840">
    <ele>18.7</ele>
    <time>2023-12-10T10:06:21Z</time>
   </trkpt>
   <trkpt lat="51.5301540" lon="-0.0829670">
    <ele>18.7</ele>
    <time>2023-12-10T10:06:22Z</time>
   </trkpt>
   <trkpt lat="51.5301920" lon="-0.0829410">
    <ele>18.7</ele>
    <time>2023-12-10T10:06:23Z</time>
   </trkpt>
   <trkpt lat="51.5302320" lon="-0.0829180">
    <ele>18.7</ele>
    <time>2023-12-10T10:06:24Z</time>
   </trkpt>
   <trkpt lat="51.5302690" lon="-0.0829040">
    <ele>18.7</ele>
    <time>2023-12-10T10:06:25Z</time>
   </trkpt>
   <trkpt lat="51.5303010" lon="-0.0829010">
    <ele>18.7</ele>
    <time>2023-12-10T10:06:26Z</time>
   </trkpt>
   <trkpt lat="51.5303480" lon="-0.0829110">
    <ele>18.7</ele>
    <time>2023-12-10T10:06:27Z</time>
   </trkpt>
   <trkpt lat="51.5303960" lon="-0.0829160">
    <ele>18.7</ele>
    <time>2023-12-10T10:06:28Z</time>
   </trkpt>
   <trkpt lat="51.5304320" lon="-0.0829000">
    <ele>18.7</ele>
    <time>2023-12-10T10:06:29Z</time>
   </trkpt>
   <trkpt lat="51.5304690" lon="-0.0828780">
    <ele>18.7</ele>
    <time>2023-12-10T10:06:30Z</time>
   </trkpt>
   <trkpt lat="51.5304970" lon="-0.0828750">
    <ele>18.7</ele>
    <time>2023-12-10T10:06:31Z</time>
   </trkpt>
   <trkpt lat="51.5305310" lon="-0.0828650">
    <ele>18.7</ele>
    <time>2023-12-10T10:06:32Z</time>
   </trkpt>
   <trkpt lat="51.5305680" lon="-0.0828590">
    <ele>18.7</ele>
    <time>2023-12-10T10:06:33Z</time>
   </trkpt>
   <trkpt lat="51.5306010" lon="-0.0828410">
    <ele>18.7</ele>
    <time>2023-12-10T10:06:34Z</time>
   </trkpt>
   <trkpt lat="51.5306410" lon="-0.0828230">
    <ele>18.7</ele>
    <time>2023-12-10T10:06:35Z</time>
   </trkpt>
   <trkpt lat="51.5306790" lon="-0.0828310">
    <ele>18.7</ele>
    <time>2023-12-10T10:06:36Z</time>
   </trkpt>
   <trkpt lat="51.5307070" lon="-0.0828220">
    <ele>18.7</ele>
    <time>2023-12-10T10:06:37Z</time>
   </trkpt>
   <trkpt lat="51.5307520" lon="-0.0828200">
    <ele>18.7</ele>
    <time>2023-12-10T10:06:38Z</time>
   </trkpt>
   <trkpt lat="51.5307980" lon="-0.0828160">
    <ele>18.7</ele>
    <time>2023-12-10T10:06:39Z</time>
   </trkpt>
   <trkpt lat="51.5308360" lon="-0.0828140">
    <ele>18.7</ele>
    <time>2023-12-10T10:06:40Z</time>
   </trkpt>
   <trkpt lat="51.5308750" lon="-0.0828200">
    <ele>18.7</ele>
    <time>2023-12-10T10:06:41Z</time>
   </trkpt>
   <trkpt lat="51.5309150" lon="-0.0828170">
    <ele>18.7</ele>
    <time>2023-12-10T10:06:42Z</time>
   </trkpt>
   <trkpt lat="51.5309550" lon="-0.0828260">
    <ele>18.7</ele>
    <time>2023-12-10T10:06:43Z</time>
   </trkpt>
   <trkpt lat="51.5309910" lon="-0.0828180">
    <ele>18.7</ele>
    <time>2023-12-10T10:06:44Z</time>
   </trkpt>
   <trkpt lat="51.5310280" lon="-0.0828260">
    <ele>18.7</ele>
    <time>2023-12-10T10:06:45Z</time>
   </trkpt>
   <trkpt lat="51.5310690" lon="-0.0828300">
    <ele>18.7</ele>
    <time>2023-12-10T10:06:46Z</time>
   </trkpt>
   <trkpt lat="51.5311100" lon="-0.0828260">
    <ele>18.7</ele>
    <time>2023-12-10T10:06:47Z</time>
   </trkpt>
   <trkpt lat="51.5311480" lon="-0.0828300">
    <ele>18.7</ele>
    <time>2023-12-10T10:06:48Z</time>
   </trkpt>
   <trkpt lat="51.5311840" lon="-0.0828390">
    <ele>18.7</ele>
    <time>2023-12-10T10:06:49Z</time>
   </trkpt>
   <trkpt lat="51.5312170" lon="-0.0828510">
    <ele>18.7</ele>
    <time>2023-12-10T10:06:50Z</time>
   </trkpt>
   <trkpt lat="51.5312530" lon="-0.0828480">
    <ele>18.7</ele>
    <time>2023-12-10T10:06:51Z</time>
   </trkpt>
   <trkpt lat="51.5313240" lon="-0.0828390">
    <ele>18.7</ele>
    <time>2023-12-10T10:06:52Z</time>
   </trkpt>
   <trkpt lat="51.5313610" lon="-0.0828420">
    <ele>18.7</ele>
    <time>2023-12-10T10:06:53Z</time>
   </trkpt>
   <trkpt lat="51.5314000" lon="-0.0828560">
    <ele>18.7</ele>
    <time>2023-12-10T10:06:54Z</time>
   </trkpt>
   <trkpt lat="51.5314330" lon="-0.0828620">
    <ele>18.7</ele>
    <time>2023-12-10T10:06:55Z</time>
   </trkpt>
   <trkpt lat="51.5314660" lon="-0.0828830">
    <ele>18.7</ele>
    <time>2023-12-10T10:06:56Z</time>
   </trkpt>
   <trkpt lat="51.5315050" lon="-0.0829010">
    <ele>18.7</ele>
    <time>2023-12-10T10:06:57Z</time>
   </trkpt>
   <trkpt lat="51.5315420" lon="-0.0829120">
    <ele>18.7</ele>
    <time>2023-12-10T10:06:58Z</time>
   </trkpt>
   <trkpt lat="51.5315770" lon="-0.0828910">
    <ele>18.7</ele>
    <time>2023-12-10T10:06:59Z</time>
   </trkpt>
   <trkpt lat="51.5316050" lon="-0.0828940">
    <ele>18.7</ele>
    <time>2023-12-10T10:07:01Z</time>
   </trkpt>
   <trkpt lat="51.5316340" lon="-0.0828950">
    <ele>18.7</ele>
    <time>2023-12-10T10:07:02Z</time>
   </trkpt>
   <trkpt lat="51.5316730" lon="-0.0829190">
    <ele>18.7</ele>
    <time>2023-12-10T10:07:03Z</time>
   </trkpt>
   <trkpt lat="51.5317160" lon="-0.0829070">
    <ele>18.8</ele>
    <time>2023-12-10T10:07:04Z</time>
   </trkpt>
   <trkpt lat="51.5317480" lon="-0.0829050">
    <ele>18.8</ele>
    <time>2023-12-10T10:07:05Z</time>
   </trkpt>
   <trkpt lat="51.5317930" lon="-0.0829240">
    <ele>18.8</ele>
    <time>2023-12-10T10:07:06Z</time>
   </trkpt>
   <trkpt lat="51.5318420" lon="-0.0829380">
    <ele>18.8</ele>
    <time>2023-12-10T10:07:07Z</time>
   </trkpt>
   <trkpt lat="51.5318870" lon="-0.0829760">
    <ele>18.9</ele>
    <time>2023-12-10T10:07:08Z</time>
   </trkpt>
   <trkpt lat="51.5319350" lon="-0.0829470">
    <ele>18.9</ele>
    <time>2023-12-10T10:07:09Z</time>
   </trkpt>
   <trkpt lat="51.5319740" lon="-0.0829560">
    <ele>18.9</ele>
    <time>2023-12-10T10:07:10Z</time>
   </trkpt>
   <trkpt lat="51.5320210" lon="-0.0829520">
    <ele>18.9</ele>
    <time>2023-12-10T10:07:11Z</time>
   </trkpt>
   <trkpt lat="51.5320680" lon="-0.0829480">
    <ele>18.9</ele>
    <time>2023-12-10T10:07:12Z</time>
   </trkpt>
   <trkpt lat="51.5321110" lon="-0.0829470">
    <ele>18.9</ele>
    <time>2023-12-10T10:07:13Z</time>
   </trkpt>
   <trkpt lat="51.5321470" lon="-0.0829490">
    <ele>18.9</ele>
    <time>2023-12-10T10:07:14Z</time>
   </trkpt>
   <trkpt lat="51.5321850" lon="-0.0829640">
    <ele>19.0</ele>
    <time>2023-12-10T10:07:15Z</time>
   </trkpt>
   <trkpt lat="51.5322270" lon="-0.0829680">
    <ele>19.0</ele>
    <time>2023-12-10T10:07:16Z</time>
   </trkpt>
   <trkpt lat="51.5322600" lon="-0.0829670">
    <ele>19.0</ele>
    <time>2023-12-10T10:07:17Z</time>
   </trkpt>
   <trkpt lat="51.5322890" lon="-0.0829680">
    <ele>19.0</ele>
    <time>2023-12-10T10:07:18Z</time>
   </trkpt>
   <trkpt lat="51.5323230" lon="-0.0829570">
    <ele>19.0</ele>
    <time>2023-12-10T10:07:19Z</time>
   </trkpt>
   <trkpt lat="51.5323590" lon="-0.0829370">
    <ele>19.1</ele>
    <time>2023-12-10T10:07:20Z</time>
   </trkpt>
   <trkpt lat="51.5323930" lon="-0.0829210">
    <ele>19.1</ele>
    <time>2023-12-10T10:07:21Z</time>
   </trkpt>
   <trkpt lat="51.5324280" lon="-0.0829250">
    <ele>19.1</ele>
    <time>2023-12-10T10:07:22Z</time>
   </trkpt>
   <trkpt lat="51.5324760" lon="-0.0829380">
    <ele>19.1</ele>
    <time>2023-12-10T10:07:23Z</time>
   </trkpt>
   <trkpt lat="51.5325090" lon="-0.0829500">
    <ele>19.1</ele>
    <time>2023-12-10T10:07:24Z</time>
   </trkpt>
   <trkpt lat="51.5325380" lon="-0.0829490">
    <ele>19.2</ele>
    <time>2023-12-10T10:07:25Z</time>
   </trkpt>
   <trkpt lat="51.5325660" lon="-0.0829480">
    <ele>19.2</ele>
    <time>2023-12-10T10:07:26Z</time>
   </trkpt>
   <trkpt lat="51.5326040" lon="-0.0829590">
    <ele>19.2</ele>
    <time>2023-12-10T10:07:27Z</time>
   </trkpt>
   <trkpt lat="51.5326440" lon="-0.0829480">
    <ele>19.2</ele>
    <time>2023-12-10T10:07:28Z</time>
   </trkpt>
   <trkpt lat="51.5326810" lon="-0.0829510">
    <ele>19.2</ele>
    <time>2023-12-10T10:07:29Z</time>
   </trkpt>
   <trkpt lat="51.5327240" lon="-0.0829390">
    <ele>19.2</ele>
    <time>2023-12-10T10:07:30Z</time>
   </trkpt>
   <trkpt lat="51.5327620" lon="-0.0829280">
    <ele>19.2</ele>
    <time>2023-12-10T10:07:31Z</time>
   </trkpt>
   <trkpt lat="51.5328010" lon="-0.0829360">
    <ele>19.2</ele>
    <time>2023-12-10T10:07:32Z</time>
   </trkpt>
   <trkpt lat="51.5328350" lon="-0.0829390">
    <ele>19.2</ele>
    <time>2023-12-10T10:07:33Z</time>
   </trkpt>
   <trkpt lat="51.5328680" lon="-0.0829400">
    <ele>19.3</ele>
    <time>2023-12-10T10:07:34Z</time>
   </trkpt>
   <trkpt lat="51.5329040" lon="-0.0829410">
    <ele>19.3</ele>
    <time>2023-12-10T10:07:35Z</time>
   </trkpt>
   <trkpt lat="51.5329380" lon="-0.0829640">
    <ele>19.3</ele>
    <time>2023-12-10T10:07:36Z</time>
   </trkpt>
   <trkpt lat="51.5329730" lon="-0.0829660">
    <ele>19.4</ele>
    <time>2023-12-10T10:07:37Z</time>
   </trkpt>
   <trkpt lat="51.5330090" lon="-0.0829780">
    <ele>19.4</ele>
    <time>2023-12-10T10:07:38Z</time>
   </trkpt>
   <trkpt lat="51.5330560" lon="-0.0829730">
    <ele>19.4</ele>
    <time>2023-12-10T10:07:39Z</time>
   </trkpt>
   <trkpt lat="51.5330940" lon="-0.0829710">
    <ele>19.5</ele>
    <time>2023-12-10T10:07:40Z</time>
   </trkpt>
   <trkpt lat="51.5331350" lon="-0.0829780">
    <ele>19.5</ele>
    <time>2023-12-10T10:07:41Z</time>
   </trkpt>
   <trkpt lat="51.5331730" lon="-0.0829720">
    <ele>19.6</ele>
    <time>2023-12-10T10:07:42Z</time>
   </trkpt>
   <trkpt lat="51.5332110" lon="-0.0829710">
    <ele>19.6</ele>
    <time>2023-12-10T10:07:43Z</time>
   </trkpt>
   <trkpt lat="51.5332510" lon="-0.0829580">
    <ele>19.7</ele>
    <time>2023-12-10T10:07:44Z</time>
   </trkpt>
   <trkpt lat="51.5332940" lon="-0.0829370">
    <ele>19.7</ele>
    <time>2023-12-10T10:07:45Z</time>
   </trkpt>
   <trkpt lat="51.5333150" lon="-0.0829340">
    <ele>19.7</ele>
    <time>2023-12-10T10:07:46Z</time>
   </trkpt>
   <trkpt lat="51.5333570" lon="-0.0829490">
    <ele>19.8</ele>
    <time>2023-12-10T10:07:47Z</time>
   </trkpt>
   <trkpt lat="51.5333910" lon="-0.0829380">
    <ele>19.8</ele>
    <time>2023-12-10T10:07:48Z</time>
   </trkpt>
   <trkpt lat="51.5334250" lon="-0.0829140">
    <ele>19.8</ele>
    <time>2023-12-10T10:07:49Z</time>
   </trkpt>
   <trkpt lat="51.5334510" lon="-0.0828990">
    <ele>19.8</ele>
    <time>2023-12-10T10:07:50Z</time>
   </trkpt>
   <trkpt lat="51.5334830" lon="-0.0828940">
    <ele>19.8</ele>
    <time>2023-12-10T10:07:51Z</time>
   </trkpt>
   <trkpt lat="51.5335270" lon="-0.0828940">
    <ele>19.9</ele>
    <time>2023-12-10T10:07:52Z</time>
   </trkpt>
   <trkpt lat="51.5335700" lon="-0.0828920">
    <ele>19.9</ele>
    <time>2023-12-10T10:07:53Z</time>
   </trkpt>
   <trkpt lat="51.5336090" lon="-0.0828880">
    <ele>19.9</ele>
    <time>2023-12-10T10:07:54Z</time>
   </trkpt>
   <trkpt lat="51.5336460" lon="-0.0828840">
    <ele>19.9</ele>
    <time>2023-12-10T10:07:55Z</time>
   </trkpt>
   <trkpt lat="51.5336860" lon="-0.0828840">
    <ele>19.9</ele>
    <time>2023-12-10T10:07:56Z</time>
   </trkpt>
   <trkpt lat="51.5337220" lon="-0.0828750">
    <ele>19.9</ele>
    <time>2023-12-10T10:07:57Z</time>
   </trkpt>
   <trkpt lat="51.5337620" lon="-0.0828690">
    <ele>19.9</ele>
    <time>2023-12-10T10:07:58Z</time>
   </trkpt>
   <trkpt lat="51.5338070" lon="-0.0828760">
    <ele>20.0</ele>
    <time>2023-12-10T10:07:59Z</time>
   </trkpt>
   <trkpt lat="51.5338280" lon="-0.0828740">
    <ele>20.0</ele>
    <time>2023-12-10T10:08:00Z</time>
   </trkpt>
   <trkpt lat="51.5338620" lon="-0.0828740">
    <ele>20.0</ele>
    <time>2023-12-10T10:08:01Z</time>
   </trkpt>
   <trkpt lat="51.5339050" lon="-0.0828650">
    <ele>20.0</ele>
    <time>2023-12-10T10:08:02Z</time>
   </trkpt>
   <trkpt lat="51.5339410" lon="-0.0828710">
    <ele>20.0</ele>
    <time>2023-12-10T10:08:03Z</time>
   </trkpt>
   <trkpt lat="51.5339530" lon="-0.0828790">
    <ele>20.0</ele>
    <time>2023-12-10T10:08:04Z</time>
   </trkpt>
   <trkpt lat="51.5339820" lon="-0.0828850">
    <ele>20.0</ele>
    <time>2023-12-10T10:08:05Z</time>
   </trkpt>
   <trkpt lat="51.5340190" lon="-0.0829100">
    <ele>20.0</ele>
    <time>2023-12-10T10:08:06Z</time>
   </trkpt>
   <trkpt lat="51.5340520" lon="-0.0829380">
    <ele>20.0</ele>
    <time>2023-12-10T10:08:07Z</time>
   </trkpt>
   <trkpt lat="51.5340820" lon="-0.0829530">
    <ele>20.0</ele>
    <time>2023-12-10T10:08:08Z</time>
   </trkpt>
   <trkpt lat="51.5341180" lon="-0.0829830">
    <ele>20.0</ele>
    <time>2023-12-10T10:08:09Z</time>
   </trkpt>
   <trkpt lat="51.5341560" lon="-0.0830130">
    <ele>20.0</ele>
    <time>2023-12-10T10:08:10Z</time>
   </trkpt>
   <trkpt lat="51.5341920" lon="-0.0830490">
    <ele>20.0</ele>
    <time>2023-12-10T10:08:11Z</time>
   </trkpt>
   <trkpt lat="51.5342310" lon="-0.0830620">
    <ele>20.0</ele>
    <time>2023-12-10T10:08:12Z</time>
   </trkpt>
   <trkpt lat="51.5342710" lon="-0.0830880">
    <ele>20.0</ele>
    <time>2023-12-10T10:08:13Z</time>
   </trkpt>
   <trkpt lat="51.5343070" lon="-0.0830900">
    <ele>20.0</ele>
    <time>2023-12-10T10:08:14Z</time>
   </trkpt>
   <trkpt lat="51.5343350" lon="-0.0830810">
    <ele>20.1</ele>
    <time>2023-12-10T10:08:15Z</time>
   </trkpt>
   <trkpt lat="51.5343920" lon="-0.0830910">
    <ele>20.1</ele>
    <time>2023-12-10T10:08:16Z</time>
   </trkpt>
   <trkpt lat="51.5344540" lon="-0.0830980">
    <ele>20.1</ele>
    <time>2023-12-10T10:08:17Z</time>
   </trkpt>
   <trkpt lat="51.5345120" lon="-0.0830880">
    <ele>20.1</ele>
    <time>2023-12-10T10:08:18Z</time>
   </trkpt>
   <trkpt lat="51.5345640" lon="-0.0830650">
    <ele>20.1</ele>
    <time>2023-12-10T10:08:19Z</time>
   </trkpt>
   <trkpt lat="51.5345920" lon="-0.0830090">
    <ele>20.1</ele>
    <time>2023-12-10T10:08:20Z</time>
   </trkpt>
   <trkpt lat="51.5346250" lon="-0.0829660">
    <ele>20.1</ele>
    <time>2023-12-10T10:08:21Z</time>
   </trkpt>
   <trkpt lat="51.5346540" lon="-0.0829400">
    <ele>20.1</ele>
    <time>2023-12-10T10:08:22Z</time>
   </trkpt>
   <trkpt lat="51.5346980" lon="-0.0829250">
    <ele>20.1</ele>
    <time>2023-12-10T10:08:23Z</time>
   </trkpt>
   <trkpt lat="51.5347160" lon="-0.0829220">
    <ele>20.1</ele>
    <time>2023-12-10T10:08:24Z</time>
   </trkpt>
   <trkpt lat="51.5347530" lon="-0.0829060">
    <ele>20.1</ele>
    <time>2023-12-10T10:08:25Z</time>
   </trkpt>
   <trkpt lat="51.5347960" lon="-0.0829040">
    <ele>20.1</ele>
    <time>2023-12-10T10:08:26Z</time>
   </trkpt>
   <trkpt lat="51.5348340" lon="-0.0829100">
    <ele>20.1</ele>
    <time>2023-12-10T10:08:27Z</time>
   </trkpt>
   <trkpt lat="51.5348700" lon="-0.0829070">
    <ele>20.1</ele>
    <time>2023-12-10T10:08:28Z</time>
   </trkpt>
   <trkpt lat="51.5349040" lon="-0.0829020">
    <ele>20.1</ele>
    <time>2023-12-10T10:08:29Z</time>
   </trkpt>
   <trkpt lat="51.5349380" lon="-0.0828990">
    <ele>20.1</ele>
    <time>2023-12-10T10:08:30Z</time>
   </trkpt>
   <trkpt lat="51.5349820" lon="-0.0828780">
    <ele>20.1</ele>
    <time>2023-12-10T10:08:31Z</time>
   </trkpt>
   <trkpt lat="51.5350190" lon="-0.0828490">
    <ele>20.1</ele>
    <time>2023-12-10T10:08:32Z</time>
   </trkpt>
   <trkpt lat="51.5350680" lon="-0.0828150">
    <ele>20.1</ele>
    <time>2023-12-10T10:08:33Z</time>
   </trkpt>
   <trkpt lat="51.5351090" lon="-0.0827730">
    <ele>20.1</ele>
    <time>2023-12-10T10:08:34Z</time>
   </trkpt>
   <trkpt lat="51.5351400" lon="-0.0827350">
    <ele>20.1</ele>
    <time>2023-12-10T10:08:35Z</time>
   </trkpt>
   <trkpt lat="51.5351770" lon="-0.0826970">
    <ele>20.1</ele>
    <time>2023-12-10T10:08:36Z</time>
   </trkpt>
   <trkpt lat="51.5352160" lon="-0.0826550">
    <ele>20.1</ele>
    <time>2023-12-10T10:08:37Z</time>
   </trkpt>
   <trkpt lat="51.5352510" lon="-0.0826130">
    <ele>20.1</ele>
    <time>2023-12-10T10:08:38Z</time>
   </trkpt>
   <trkpt lat="51.5352830" lon="-0.0825780">
    <ele>20.1</ele>
    <time>2023-12-10T10:08:39Z</time>
   </trkpt>
   <trkpt lat="51.5353140" lon="-0.0825400">
    <ele>20.1</ele>
    <time>2023-12-10T10:08:40Z</time>
   </trkpt>
   <trkpt lat="51.5353420" lon="-0.0825020">
    <ele>20.1</ele>
    <time>2023-12-10T10:08:41Z</time>
   </trkpt>
   <trkpt lat="51.5353680" lon="-0.0824610">
    <ele>20.1</ele>
    <time>2023-12-10T10:08:42Z</time>
   </trkpt>
   <trkpt lat="51.5354180" lon="-0.0824440">
    <ele>20.1</ele>
    <time>2023-12-10T10:08:43Z</time>
   </trkpt>
   <trkpt lat="51.5354510" lon="-0.0824270">
    <ele>20.1</ele>
    <time>2023-12-10T10:08:44Z</time>
   </trkpt>
   <trkpt lat="51.5354700" lon="-0.0823940">
    <ele>20.1</ele>
    <time>2023-12-10T10:08:45Z</time>
   </trkpt>
   <trkpt lat="51.5354910" lon="-0.0823430">
    <ele>20.1</ele>
    <time>2023-12-10T10:08:46Z</time>
   </trkpt>
   <trkpt lat="51.5355190" lon="-0.0823050">
    <ele>20.1</ele>
    <time>2023-12-10T10:08:47Z</time>
   </trkpt>
   <trkpt lat="51.5355350" lon="-0.0822580">
    <ele>20.1</ele>
    <time>2023-12-10T10:08:48Z</time>
   </trkpt>
   <trkpt lat="51.5355490" lon="-0.0822000">
    <ele>20.0</ele>
    <time>2023-12-10T10:08:49Z</time>
   </trkpt>
   <trkpt lat="51.5355700" lon="-0.0821410">
    <ele>20.0</ele>
    <time>2023-12-10T10:08:50Z</time>
   </trkpt>
   <trkpt lat="51.5355990" lon="-0.0821050">
    <ele>19.9</ele>
    <time>2023-12-10T10:08:51Z</time>
   </trkpt>
   <trkpt lat="51.5356410" lon="-0.0820750">
    <ele>19.8</ele>
    <time>2023-12-10T10:08:52Z</time>
   </trkpt>
   <trkpt lat="51.5356730" lon="-0.0820490">
    <ele>19.8</ele>
    <time>2023-12-10T10:08:53Z</time>
   </trkpt>
   <trkpt lat="51.5357140" lon="-0.0820250">
    <ele>19.7</ele>
    <time>2023-12-10T10:08:54Z</time>
   </trkpt>
   <trkpt lat="51.5357510" lon="-0.0820120">
    <ele>19.6</ele>
    <time>2023-12-10T10:08:55Z</time>
   </trkpt>
   <trkpt lat="51.5357870" lon="-0.0819990">
    <ele>19.6</ele>
    <time>2023-12-10T10:08:56Z</time>
   </trkpt>
   <trkpt lat="51.5357990" lon="-0.0820260">
    <ele>19.5</ele>
    <time>2023-12-10T10:08:57Z</time>
   </trkpt>
   <trkpt lat="51.5358220" lon="-0.0819920">
    <ele>19.5</ele>
    <time>2023-12-10T10:08:58Z</time>
   </trkpt>
   <trkpt lat="51.5358550" lon="-0.0819490">
    <ele>19.4</ele>
    <time>2023-12-10T10:08:59Z</time>
   </trkpt>
   <trkpt lat="51.5358870" lon="-0.0819110">
    <ele>19.4</ele>
    <time>2023-12-10T10:09:00Z</time>
   </trkpt>
   <trkpt lat="51.5359250" lon="-0.0819090">
    <ele>19.4</ele>
    <time>2023-12-10T10:09:01Z</time>
   </trkpt>
   <trkpt lat="51.5359570" lon="-0.0818940">
    <ele>19.3</ele>
    <time>2023-12-10T10:09:02Z</time>
   </trkpt>
   <trkpt lat="51.5359930" lon="-0.0818790">
    <ele>19.3</ele>
    <time>2023-12-10T10:09:03Z</time>
   </trkpt>
   <trkpt lat="51.5360210" lon="-0.0818630">
    <ele>19.3</ele>
    <time>2023-12-10T10:09:04Z</time>
   </trkpt>
   <trkpt lat="51.5360540" lon="-0.0818550">
    <ele>19.3</ele>
    <time>2023-12-10T10:09:05Z</time>
   </trkpt>
   <trkpt lat="51.5360880" lon="-0.0818350">
    <ele>19.3</ele>
    <time>2023-12-10T10:09:06Z</time>
   </trkpt>
   <trkpt lat="51.5361290" lon="-0.0818300">
    <ele>19.2</ele>
    <time>2023-12-10T10:09:07Z</time>
   </trkpt>
   <trkpt lat="51.5361850" lon="-0.0818660">
    <ele>19.2</ele>
    <time>2023-12-10T10:09:08Z</time>
   </trkpt>
   <trkpt lat="51.5362310" lon="-0.0818780">
    <ele>19.2</ele>
    <time>2023-12-10T10:09:09Z</time>
   </trkpt>
   <trkpt lat="51.5362780" lon="-0.0818860">
    <ele>19.2</ele>
    <time>2023-12-10T10:09:10Z</time>
   </trkpt>
   <trkpt lat="51.5363250" lon="-0.0818870">
    <ele>19.2</ele>
    <time>2023-12-10T10:09:11Z</time>
   </trkpt>
   <trkpt lat="51.5363680" lon="-0.0818720">
    <ele>19.2</ele>
    <time>2023-12-10T10:09:12Z</time>
   </trkpt>
   <trkpt lat="51.5364060" lon="-0.0818610">
    <ele>19.2</ele>
    <time>2023-12-10T10:09:13Z</time>
   </trkpt>
   <trkpt lat="51.5364420" lon="-0.0818390">
    <ele>19.2</ele>
    <time>2023-12-10T10:09:14Z</time>
   </trkpt>
   <trkpt lat="51.5364750" lon="-0.0818160">
    <ele>19.2</ele>
    <time>2023-12-10T10:09:15Z</time>
   </trkpt>
   <trkpt lat="51.5365160" lon="-0.0818000">
    <ele>19.2</ele>
    <time>2023-12-10T10:09:16Z</time>
   </trkpt>
   <trkpt lat="51.5365590" lon="-0.0817960">
    <ele>19.2</ele>
    <time>2023-12-10T10:09:17Z</time>
   </trkpt>
   <trkpt lat="51.5366000" lon="-0.0817820">
    <ele>19.2</ele>
    <time>2023-12-10T10:09:18Z</time>
   </trkpt>
   <trkpt lat="51.5366360" lon="-0.0817720">
    <ele>19.2</ele>
    <time>2023-12-10T10:09:19Z</time>
   </trkpt>
   <trkpt lat="51.5366720" lon="-0.0817720">
    <ele>19.3</ele>
    <time>2023-12-10T10:09:20Z</time>
   </trkpt>
   <trkpt lat="51.5367060" lon="-0.0817720">
    <ele>19.3</ele>
    <time>2023-12-10T10:09:21Z</time>
   </trkpt>
   <trkpt lat="51.5367570" lon="-0.0817790">
    <ele>19.3</ele>
    <time>2023-12-10T10:09:22Z</time>
   </trkpt>
   <trkpt lat="51.5367910" lon="-0.0817680">
    <ele>19.4</ele>
    <time>2023-12-10T10:09:23Z</time>
   </trkpt>
   <trkpt lat="51.5368240" lon="-0.0817630">
    <ele>19.4</ele>
    <time>2023-12-10T10:09:24Z</time>
   </trkpt>
   <trkpt lat="51.5368600" lon="-0.0817720">
    <ele>19.5</ele>
    <time>2023-12-10T10:09:25Z</time>
   </trkpt>
   <trkpt lat="51.5369030" lon="-0.0817460">
    <ele>19.5</ele>
    <time>2023-12-10T10:09:26Z</time>
   </trkpt>
   <trkpt lat="51.5369380" lon="-0.0817260">
    <ele>19.6</ele>
    <time>2023-12-10T10:09:27Z</time>
   </trkpt>
   <trkpt lat="51.5369860" lon="-0.0817420">
    <ele>19.6</ele>
    <time>2023-12-10T10:09:28Z</time>
   </trkpt>
   <trkpt lat="51.5370400" lon="-0.0817500">
    <ele>19.7</ele>
    <time>2023-12-10T10:09:29Z</time>
   </trkpt>
   <trkpt lat="51.5370720" lon="-0.0817490">
    <ele>19.7</ele>
    <time>2023-12-10T10:09:30Z</time>
   </trkpt>
   <trkpt lat="51.5371010" lon="-0.0817450">
    <ele>19.7</ele>
    <time>2023-12-10T10:09:31Z</time>
   </trkpt>
   <trkpt lat="51.5371120" lon="-0.0817420">
    <ele>19.7</ele>
    <time>2023-12-10T10:09:32Z</time>
   </trkpt>
   <trkpt lat="51.5371510" lon="-0.0817140">
    <ele>19.8</ele>
    <time>2023-12-10T10:09:33Z</time>
   </trkpt>
   <trkpt lat="51.5371660" lon="-0.0817030">
    <ele>19.8</ele>
    <time>2023-12-10T10:09:34Z</time>
   </trkpt>
   <trkpt lat="51.5372030" lon="-0.0816760">
    <ele>19.8</ele>
    <time>2023-12-10T10:09:35Z</time>
   </trkpt>
   <trkpt lat="51.5372220" lon="-0.0817280">
    <ele>19.8</ele>
    <time>2023-12-10T10:09:36Z</time>
   </trkpt>
   <trkpt lat="51.5372640" lon="-0.0817150">
    <ele>19.8</ele>
    <time>2023-12-10T10:09:37Z</time>
   </trkpt>
   <trkpt lat="51.5372800" lon="-0.0817100">
    <ele>19.8</ele>
    <time>2023-12-10T10:09:38Z</time>
   </trkpt>
   <trkpt lat="51.5373150" lon="-0.0816910">
    <ele>19.8</ele>
    <time>2023-12-10T10:09:39Z</time>
   </trkpt>
   <trkpt lat="51.5373500" lon="-0.0816710">
    <ele>19.8</ele>
    <time>2023-12-10T10:09:40Z</time>
   </trkpt>
   <trkpt lat="51.5373910" lon="-0.0816600">
    <ele>19.8</ele>
    <time>2023-12-10T10:09:41Z</time>
   </trkpt>
   <trkpt lat="51.5374400" lon="-0.0816590">
    <ele>19.7</ele>
    <time>2023-12-10T10:09:42Z</time>
   </trkpt>
   <trkpt lat="51.5374770" lon="-0.0816520">
    <ele>19.7</ele>
    <time>2023-12-10T10:09:43Z</time>
   </trkpt>
   <trkpt lat="51.5375090" lon="-0.0816410">
    <ele>19.7</ele>
    <time>2023-12-10T10:09:44Z</time>
   </trkpt>
   <trkpt lat="51.5375450" lon="-0.0816280">
    <ele>19.7</ele>
    <time>2023-12-10T10:09:45Z</time>
   </trkpt>
   <trkpt lat="51.5375830" lon="-0.0816060">
    <ele>19.7</ele>
    <time>2023-12-10T10:09:46Z</time>
   </trkpt>
   <trkpt lat="51.5376120" lon="-0.0815870">
    <ele>19.7</ele>
    <time>2023-12-10T10:09:47Z</time>
   </trkpt>
   <trkpt lat="51.5376490" lon="-0.0815880">
    <ele>19.7</ele>
    <time>2023-12-10T10:09:48Z</time>
   </trkpt>
   <trkpt lat="51.5376750" lon="-0.0815620">
    <ele>19.7</ele>
    <time>2023-12-10T10:09:49Z</time>
   </trkpt>
   <trkpt lat="51.5377140" lon="-0.0815530">
    <ele>19.7</ele>
    <time>2023-12-10T10:09:50Z</time>
   </trkpt>
   <trkpt lat="51.5377480" lon="-0.0815330">
    <ele>19.6</ele>
    <time>2023-12-10T10:09:51Z</time>
   </trkpt>
   <trkpt lat="51.5377780" lon="-0.0815130">
    <ele>19.6</ele>
    <time>2023-12-10T10:09:52Z</time>
   </trkpt>
   <trkpt lat="51.5378130" lon="-0.0815060">
    <ele>19.6</ele>
    <time>2023-12-10T10:09:53Z</time>
   </trkpt>
   <trkpt lat="51.5378400" lon="-0.0814950">
    <ele>19.6</ele>
    <time>2023-12-10T10:09:54Z</time>
   </trkpt>
   <trkpt lat="51.5378750" lon="-0.0814820">
    <ele>19.6</ele>
    <time>2023-12-10T10:09:55Z</time>
   </trkpt>
   <trkpt lat="51.5379090" lon="-0.0814620">
    <ele>19.5</ele>
    <time>2023-12-10T10:09:56Z</time>
   </trkpt>
   <trkpt lat="51.5379440" lon="-0.0814540">
    <ele>19.5</ele>
    <time>2023-12-10T10:09:57Z</time>
   </trkpt>
   <trkpt lat="51.5379780" lon="-0.0814430">
    <ele>19.5</ele>
    <time>2023-12-10T10:09:58Z</time>
   </trkpt>
   <trkpt lat="51.5380150" lon="-0.0814280">
    <ele>19.5</ele>
    <time>2023-12-10T10:09:59Z</time>
   </trkpt>
   <trkpt lat="51.5380530" lon="-0.0814160">
    <ele>19.5</ele>
    <time>2023-12-10T10:10:00Z</time>
   </trkpt>
   <trkpt lat="51.5381060" lon="-0.0813980">
    <ele>19.4</ele>
    <time>2023-12-10T10:10:01Z</time>
   </trkpt>
   <trkpt lat="51.5381410" lon="-0.0813780">
    <ele>19.4</ele>
    <time>2023-12-10T10:10:02Z</time>
   </trkpt>
   <trkpt lat="51.5381870" lon="-0.0813720">
    <ele>19.4</ele>
    <time>2023-12-10T10:10:03Z</time>
   </trkpt>
   <trkpt lat="51.5382230" lon="-0.0813630">
    <ele>19.3</ele>
    <time>2023-12-10T10:10:04Z</time>
   </trkpt>
   <trkpt lat="51.5382550" lon="-0.0813430">
    <ele>19.3</ele>
    <time>2023-12-10T10:10:05Z</time>
   </trkpt>
   <trkpt lat="51.5382900" lon="-0.0813290">
    <ele>19.3</ele>
    <time>2023-12-10T10:10:06Z</time>
   </trkpt>
   <trkpt lat="51.5383230" lon="-0.0813140">
    <ele>19.3</ele>
    <time>2023-12-10T10:10:07Z</time>
   </trkpt>
   <trkpt lat="51.5383600" lon="-0.0813090">
    <ele>19.3</ele>
    <time>2023-12-10T10:10:08Z</time>
   </trkpt>
   <trkpt lat="51.5384040" lon="-0.0813010">
    <ele>19.2</ele>
    <time>2023-12-10T10:10:09Z</time>
   </trkpt>
   <trkpt lat="51.5384540" lon="-0.0812970">
    <ele>19.2</ele>
    <time>2023-12-10T10:10:10Z</time>
   </trkpt>
   <trkpt lat="51.5384960" lon="-0.0812890">
    <ele>19.2</ele>
    <time>2023-12-10T10:10:11Z</time>
   </trkpt>
   <trkpt lat="51.5385370" lon="-0.0812790">
    <ele>19.2</ele>
    <time>2023-12-10T10:10:12Z</time>
   </trkpt>
   <trkpt lat="51.5385750" lon="-0.0812670">
    <ele>19.1</ele>
    <time>2023-12-10T10:10:13Z</time>
   </trkpt>
   <trkpt lat="51.5386130" lon="-0.0812490">
    <ele>19.1</ele>
    <time>2023-12-10T10:10:14Z</time>
   </trkpt>
   <trkpt lat="51.5386560" lon="-0.0812300">
    <ele>19.1</ele>
    <time>2023-12-10T10:10:15Z</time>
   </trkpt>
   <trkpt lat="51.5386920" lon="-0.0812180">
    <ele>19.0</ele>
    <time>2023-12-10T10:10:16Z</time>
   </trkpt>
   <trkpt lat="51.5387250" lon="-0.0812030">
    <ele>19.0</ele>
    <time>2023-12-10T10:10:17Z</time>
   </trkpt>
   <trkpt lat="51.5387600" lon="-0.0811960">
    <ele>19.0</ele>
    <time>2023-12-10T10:10:18Z</time>
   </trkpt>
   <trkpt lat="51.5387910" lon="-0.0811860">
    <ele>19.0</ele>
    <time>2023-12-10T10:10:19Z</time>
   </trkpt>
   <trkpt lat="51.5388390" lon="-0.0811520">
    <ele>18.9</ele>
    <time>2023-12-10T10:10:20Z</time>
   </trkpt>
   <trkpt lat="51.5388700" lon="-0.0811450">
    <ele>18.9</ele>
    <time>2023-12-10T10:10:21Z</time>
   </trkpt>
   <trkpt lat="51.5389090" lon="-0.0811300">
    <ele>18.9</ele>
    <time>2023-12-10T10:10:22Z</time>
   </trkpt>
   <trkpt lat="51.5389450" lon="-0.0811080">
    <ele>18.9</ele>
    <time>2023-12-10T10:10:23Z</time>
   </trkpt>
   <trkpt lat="51.5389760" lon="-0.0811000">
    <ele>18.8</ele>
    <time>2023-12-10T10:10:24Z</time>
   </trkpt>
   <trkpt lat="51.5390120" lon="-0.0810910">
    <ele>18.8</ele>
    <time>2023-12-10T10:10:25Z</time>
   </trkpt>
   <trkpt lat="51.5390510" lon="-0.0810830">
    <ele>18.8</ele>
    <time>2023-12-10T10:10:26Z</time>
   </trkpt>
   <trkpt lat="51.5390850" lon="-0.0810620">
    <ele>18.8</ele>
    <time>2023-12-10T10:10:27Z</time>
   </trkpt>
   <trkpt lat="51.5391250" lon="-0.0810460">
    <ele>18.7</ele>
    <time>2023-12-10T10:10:28Z</time>
   </trkpt>
   <trkpt lat="51.5391640" lon="-0.0810260">
    <ele>18.7</ele>
    <time>2023-12-10T10:10:29Z</time>
   </trkpt>
   <trkpt lat="51.5391800" lon="-0.0809810">
    <ele>18.7</ele>
    <time>2023-12-10T10:10:30Z</time>
   </trkpt>
   <trkpt lat="51.5392020" lon="-0.0809480">
    <ele>18.6</ele>
    <time>2023-12-10T10:10:31Z</time>
   </trkpt>
   <trkpt lat="51.5392370" lon="-0.0809330">
    <ele>18.6</ele>
    <time>2023-12-10T10:10:32Z</time>
   </trkpt>
   <trkpt lat="51.5392850" lon="-0.0809180">
    <ele>18.6</ele>
    <time>2023-12-10T10:10:33Z</time>
   </trkpt>
   <trkpt lat="51.5393280" lon="-0.0809170">
    <ele>18.6</ele>
    <time>2023-12-10T10:10:34Z</time>
   </trkpt>
   <trkpt lat="51.5393600" lon="-0.0809470">
    <ele>18.7</ele>
    <time>2023-12-10T10:10:35Z</time>
   </trkpt>
   <trkpt lat="51.5393860" lon="-0.0809650">
    <ele>18.7</ele>
    <time>2023-12-10T10:10:36Z</time>
   </trkpt>
   <trkpt lat="51.5394260" lon="-0.0809460">
    <ele>18.7</ele>
    <time>2023-12-10T10:10:37Z</time>
   </trkpt>
   <trkpt lat="51.5394660" lon="-0.0809160">
    <ele>18.7</ele>
    <time>2023-12-10T10:10:38Z</time>
   </trkpt>
   <trkpt lat="51.5395070" lon="-0.0809230">
    <ele>18.7</ele>
    <time>2023-12-10T10:10:39Z</time>
   </trkpt>
   <trkpt lat="51.5395460" lon="-0.0809100">
    <ele>18.7</ele>
    <time>2023-12-10T10:10:40Z</time>
   </trkpt>
   <trkpt lat="51.5395900" lon="-0.0809070">
    <ele>18.7</ele>
    <time>2023-12-10T10:10:41Z</time>
   </trkpt>
   <trkpt lat="51.5396350" lon="-0.0808940">
    <ele>18.7</ele>
    <time>2023-12-10T10:10:42Z</time>
   </trkpt>
   <trkpt lat="51.5396640" lon="-0.0808880">
    <ele>18.7</ele>
    <time>2023-12-10T10:10:43Z</time>
   </trkpt>
   <trkpt lat="51.5396960" lon="-0.0808890">
    <ele>18.7</ele>
    <time>2023-12-10T10:10:44Z</time>
   </trkpt>
   <trkpt lat="51.5397310" lon="-0.0808820">
    <ele>18.7</ele>
    <time>2023-12-10T10:10:45Z</time>
   </trkpt>
   <trkpt lat="51.5397640" lon="-0.0808750">
    <ele>18.7</ele>
    <time>2023-12-10T10:10:46Z</time>
   </trkpt>
   <trkpt lat="51.5397950" lon="-0.0808710">
    <ele>18.7</ele>
    <time>2023-12-10T10:10:47Z</time>
   </trkpt>
   <trkpt lat="51.5398400" lon="-0.0808460">
    <ele>18.7</ele>
    <time>2023-12-10T10:10:48Z</time>
   </trkpt>
   <trkpt lat="51.5398700" lon="-0.0808330">
    <ele>18.6</ele>
    <time>2023-12-10T10:10:49Z</time>
   </trkpt>
   <trkpt lat="51.5399030" lon="-0.0808280">
    <ele>18.6</ele>
    <time>2023-12-10T10:10:50Z</time>
   </trkpt>
   <trkpt lat="51.5399330" lon="-0.0808150">
    <ele>18.6</ele>
    <time>2023-12-10T10:10:51Z</time>
   </trkpt>
   <trkpt lat="51.5399770" lon="-0.0808050">
    <ele>18.6</ele>
    <time>2023-12-10T10:10:52Z</time>
   </trkpt>
   <trkpt lat="51.5400130" lon="-0.0808160">
    <ele>18.6</ele>
    <time>2023-12-10T10:10:53Z</time>
   </trkpt>
   <trkpt lat="51.5400560" lon="-0.0808010">
    <ele>18.6</ele>
    <time>2023-12-10T10:10:54Z</time>
   </trkpt>
   <trkpt lat="51.5400960" lon="-0.0807990">
    <ele>18.6</ele>
    <time>2023-12-10T10:10:55Z</time>
   </trkpt>
   <trkpt lat="51.5401340" lon="-0.0807920">
    <ele>18.6</ele>
    <time>2023-12-10T10:10:56Z</time>
   </trkpt>
   <trkpt lat="51.5401760" lon="-0.0807700">
    <ele>18.6</ele>
    <time>2023-12-10T10:10:57Z</time>
   </trkpt>
   <trkpt lat="51.5402090" lon="-0.0807630">
    <ele>18.6</ele>
    <time>2023-12-10T10:10:58Z</time>
   </trkpt>
   <trkpt lat="51.5402440" lon="-0.0807420">
    <ele>18.6</ele>
    <time>2023-12-10T10:10:59Z</time>
   </trkpt>
   <trkpt lat="51.5402840" lon="-0.0807250">
    <ele>18.6</ele>
    <time>2023-12-10T10:11:00Z</time>
   </trkpt>
   <trkpt lat="51.5403160" lon="-0.0807190">
    <ele>18.6</ele>
    <time>2023-12-10T10:11:01Z</time>
   </trkpt>
   <trkpt lat="51.5403570" lon="-0.0807020">
    <ele>18.6</ele>
    <time>2023-12-10T10:11:02Z</time>
   </trkpt>
   <trkpt lat="51.5403950" lon="-0.0806790">
    <ele>18.6</ele>
    <time>2023-12-10T10:11:03Z</time>
   </trkpt>
   <trkpt lat="51.5404320" lon="-0.0806620">
    <ele>18.6</ele>
    <time>2023-12-10T10:11:04Z</time>
   </trkpt>
   <trkpt lat="51.5404740" lon="-0.0806500">
    <ele>18.6</ele>
    <time>2023-12-10T10:11:05Z</time>
   </trkpt>
   <trkpt lat="51.5405160" lon="-0.0806420">
    <ele>18.7</ele>
    <time>2023-12-10T10:11:06Z</time>
   </trkpt>
   <trkpt lat="51.5405570" lon="-0.0806460">
    <ele>18.7</ele>
    <time>2023-12-10T10:11:07Z</time>
   </trkpt>
   <trkpt lat="51.5405990" lon="-0.0806200">
    <ele>18.7</ele>
    <time>2023-12-10T10:11:08Z</time>
   </trkpt>
   <trkpt lat="51.5406340" lon="-0.0806040">
    <ele>18.8</ele>
    <time>2023-12-10T10:11:09Z</time>
   </trkpt>
   <trkpt lat="51.5406720" lon="-0.0805860">
    <ele>18.8</ele>
    <time>2023-12-10T10:11:10Z</time>
   </trkpt>
   <trkpt lat="51.5407090" lon="-0.0805690">
    <ele>18.8</ele>
    <time>2023-12-10T10:11:11Z</time>
   </trkpt>
   <trkpt lat="51.5407520" lon="-0.0805390">
    <ele>18.9</ele>
    <time>2023-12-10T10:11:12Z</time>
   </trkpt>
   <trkpt lat="51.5407870" lon="-0.0805340">
    <ele>18.9</ele>
    <time>2023-12-10T10:11:13Z</time>
   </trkpt>
   <trkpt lat="51.5408240" lon="-0.0805330">
    <ele>18.9</ele>
    <time>2023-12-10T10:11:14Z</time>
   </trkpt>
   <trkpt lat="51.5408590" lon="-0.0805270">
    <ele>19.0</ele>
    <time>2023-12-10T10:11:15Z</time>
   </trkpt>
   <trkpt lat="51.5408970" lon="-0.0805240">
    <ele>19.0</ele>
    <time>2023-12-10T10:11:16Z</time>
   </trkpt>
   <trkpt lat="51.5409420" lon="-0.0805210">
    <ele>19.0</ele>
    <time>2023-12-10T10:11:17Z</time>
   </trkpt>
   <trkpt lat="51.5409810" lon="-0.0805210">
    <ele>19.0</ele>
    <time>2023-12-10T10:11:18Z</time>
   </trkpt>
   <trkpt lat="51.5410170" lon="-0.0805200">
    <ele>19.0</ele>
    <time>2023-12-10T10:11:19Z</time>
   </trkpt>
   <trkpt lat="51.5410510" lon="-0.0805130">
    <ele>19.0</ele>
    <time>2023-12-10T10:11:20Z</time>
   </trkpt>
   <trkpt lat="51.5410870" lon="-0.0805100">
    <ele>18.9</ele>
    <time>2023-12-10T10:11:21Z</time>
   </trkpt>
   <trkpt lat="51.5411290" lon="-0.0804940">
    <ele>18.9</ele>
    <time>2023-12-10T10:11:22Z</time>
   </trkpt>
   <trkpt lat="51.5411720" lon="-0.0804880">
    <ele>18.8</ele>
    <time>2023-12-10T10:11:23Z</time>
   </trkpt>
   <trkpt lat="51.5412110" lon="-0.0804810">
    <ele>18.8</ele>
    <time>2023-12-10T10:11:24Z</time>
   </trkpt>
   <trkpt lat="51.5412480" lon="-0.0804830">
    <ele>18.8</ele>
    <time>2023-12-10T10:11:25Z</time>
   </trkpt>
   <trkpt lat="51.5412850" lon="-0.0804760">
    <ele>18.8</ele>
    <time>2023-12-10T10:11:26Z</time>
   </trkpt>
   <trkpt lat="51.5413260" lon="-0.0804620">
    <ele>18.8</ele>
    <time>2023-12-10T10:11:27Z</time>
   </trkpt>
   <trkpt lat="51.5413610" lon="-0.0804540">
    <ele>18.7</ele>
    <time>2023-12-10T10:11:28Z</time>
   </trkpt>
   <trkpt lat="51.5414030" lon="-0.0804380">
    <ele>18.7</ele>
    <time>2023-12-10T10:11:29Z</time>
   </trkpt>
   <trkpt lat="51.5414430" lon="-0.0804290">
    <ele>18.7</ele>
    <time>2023-12-10T10:11:30Z</time>
   </trkpt>
   <trkpt lat="51.5414810" lon="-0.0804280">
    <ele>18.7</ele>
    <time>2023-12-10T10:11:31Z</time>
   </trkpt>
   <trkpt lat="51.5415210" lon="-0.0804210">
    <ele>18.7</ele>
    <time>2023-12-10T10:11:32Z</time>
   </trkpt>
   <trkpt lat="51.5415600" lon="-0.0804210">
    <ele>18.7</ele>
    <time>2023-12-10T10:11:33Z</time>
   </trkpt>
   <trkpt lat="51.5415950" lon="-0.0804100">
    <ele>18.7</ele>
    <time>2023-12-10T10:11:34Z</time>
   </trkpt>
   <trkpt lat="51.5416270" lon="-0.0803950">
    <ele>18.7</ele>
    <time>2023-12-10T10:11:35Z</time>
   </trkpt>
   <trkpt lat="51.5416620" lon="-0.0803790">
    <ele>18.7</ele>
    <time>2023-12-10T10:11:36Z</time>
   </trkpt>
   <trkpt lat="51.5416980" lon="-0.0803600">
    <ele>18.7</ele>
    <time>2023-12-10T10:11:37Z</time>
   </trkpt>
   <trkpt lat="51.5417360" lon="-0.0803380">
    <ele>18.7</ele>
    <time>2023-12-10T10:11:38Z</time>
   </trkpt>
   <trkpt lat="51.5417670" lon="-0.0803340">
    <ele>18.7</ele>
    <time>2023-12-10T10:11:39Z</time>
   </trkpt>
   <trkpt lat="51.5418090" lon="-0.0803130">
    <ele>18.7</ele>
    <time>2023-12-10T10:11:40Z</time>
   </trkpt>
   <trkpt lat="51.5418530" lon="-0.0802970">
    <ele>18.6</ele>
    <time>2023-12-10T10:11:41Z</time>
   </trkpt>
   <trkpt lat="51.5418970" lon="-0.0803060">
    <ele>18.6</ele>
    <time>2023-12-10T10:11:42Z</time>
   </trkpt>
   <trkpt lat="51.5419330" lon="-0.0802990">
    <ele>18.6</ele>
    <time>2023-12-10T10:11:43Z</time>
   </trkpt>
   <trkpt lat="51.5419670" lon="-0.0802840">
    <ele>18.6</ele>
    <time>2023-12-10T10:11:44Z</time>
   </trkpt>
   <trkpt lat="51.5419980" lon="-0.0802570">
    <ele>18.6</ele>
    <time>2023-12-10T10:11:45Z</time>
   </trkpt>
   <trkpt lat="51.5420440" lon="-0.0802660">
    <ele>18.6</ele>
    <time>2023-12-10T10:11:46Z</time>
   </trkpt>
   <trkpt lat="51.5420660" lon="-0.0802640">
    <ele>18.6</ele>
    <time>2023-12-10T10:11:47Z</time>
   </trkpt>
   <trkpt lat="51.5421080" lon="-0.0802770">
    <ele>18.6</ele>
    <time>2023-12-10T10:11:48Z</time>
   </trkpt>
   <trkpt lat="51.5421510" lon="-0.0802980">
    <ele>18.6</ele>
    <time>2023-12-10T10:11:49Z</time>
   </trkpt>
   <trkpt lat="51.5421910" lon="-0.0803090">
    <ele>18.6</ele>
    <time>2023-12-10T10:11:50Z</time>
   </trkpt>
   <trkpt lat="51.5422330" lon="-0.0803080">
    <ele>18.6</ele>
    <time>2023-12-10T10:11:51Z</time>
   </trkpt>
   <trkpt lat="51.5422700" lon="-0.0802770">
    <ele>18.6</ele>
    <time>2023-12-10T10:11:52Z</time>
   </trkpt>
   <trkpt lat="51.5423180" lon="-0.0802360">
    <ele>18.6</ele>
    <time>2023-12-10T10:11:53Z</time>
   </trkpt>
   <trkpt lat="51.5423580" lon="-0.0802180">
    <ele>18.6</ele>
    <time>2023-12-10T10:11:54Z</time>
   </trkpt>
   <trkpt lat="51.5423990" lon="-0.0802100">
    <ele>18.6</ele>
    <time>2023-12-10T10:11:55Z</time>
   </trkpt>
   <trkpt lat="51.5424350" lon="-0.0802110">
    <ele>18.6</ele>
    <time>2023-12-10T10:11:56Z</time>
   </trkpt>
   <trkpt lat="51.5424690" lon="-0.0802270">
    <ele>18.6</ele>
    <time>2023-12-10T10:11:57Z</time>
   </trkpt>
   <trkpt lat="51.5425070" lon="-0.0802200">
    <ele>18.6</ele>
    <time>2023-12-10T10:11:58Z</time>
   </trkpt>
   <trkpt lat="51.5425560" lon="-0.0801960">
    <ele>18.6</ele>
    <time>2023-12-10T10:11:59Z</time>
   </trkpt>
   <trkpt lat="51.5425900" lon="-0.0801820">
    <ele>18.7</ele>
    <time>2023-12-10T10:12:00Z</time>
   </trkpt>
   <trkpt lat="51.5426290" lon="-0.0801580">
    <ele>18.7</ele>
    <time>2023-12-10T10:12:01Z</time>
   </trkpt>
   <trkpt lat="51.5426590" lon="-0.0801680">
    <ele>18.7</ele>
    <time>2023-12-10T10:12:02Z</time>
   </trkpt>
   <trkpt lat="51.5426930" lon="-0.0801430">
    <ele>18.7</ele>
    <time>2023-12-10T10:12:03Z</time>
   </trkpt>
   <trkpt lat="51.5427180" lon="-0.0801020">
    <ele>18.7</ele>
    <time>2023-12-10T10:12:04Z</time>
   </trkpt>
   <trkpt lat="51.5427540" lon="-0.0800810">
    <ele>18.7</ele>
    <time>2023-12-10T10:12:05Z</time>
   </trkpt>
   <trkpt lat="51.5427920" lon="-0.0800630">
    <ele>18.7</ele>
    <time>2023-12-10T10:12:06Z</time>
   </trkpt>
   <trkpt lat="51.5428300" lon="-0.0800640">
    <ele>18.7</ele>
    <time>2023-12-10T10:12:07Z</time>
   </trkpt>
   <trkpt lat="51.5428680" lon="-0.0800560">
    <ele>18.7</ele>
    <time>2023-12-10T10:12:08Z</time>
   </trkpt>
   <trkpt lat="51.5429100" lon="-0.0800550">
    <ele>18.6</ele>
    <time>2023-12-10T10:12:09Z</time>
   </trkpt>
   <trkpt lat="51.5429540" lon="-0.0800580">
    <ele>18.6</ele>
    <time>2023-12-10T10:12:10Z</time>
   </trkpt>
   <trkpt lat="51.5429920" lon="-0.0800480">
    <ele>18.6</ele>
    <time>2023-12-10T10:12:11Z</time>
   </trkpt>
   <trkpt lat="51.5430270" lon="-0.0800380">
    <ele>18.6</ele>
    <time>2023-12-10T10:12:12Z</time>
   </trkpt>
   <trkpt lat="51.5430640" lon="-0.0800400">
    <ele>18.6</ele>
    <time>2023-12-10T10:12:13Z</time>
   </trkpt>
   <trkpt lat="51.5430990" lon="-0.0800440">
    <ele>18.5</ele>
    <time>2023-12-10T10:12:14Z</time>
   </trkpt>
   <trkpt lat="51.5431310" lon="-0.0800290">
    <ele>18.5</ele>
    <time>2023-12-10T10:12:15Z</time>
   </trkpt>
   <trkpt lat="51.5431650" lon="-0.0800180">
    <ele>18.5</ele>
    <time>2023-12-10T10:12:16Z</time>
   </trkpt>
   <trkpt lat="51.5431990" lon="-0.0800180">
    <ele>18.6</ele>
    <time>2023-12-10T10:12:17Z</time>
   </trkpt>
   <trkpt lat="51.5432410" lon="-0.0800170">
    <ele>18.6</ele>
    <time>2023-12-10T10:12:18Z</time>
   </trkpt>
   <trkpt lat="51.5432730" lon="-0.0800020">
    <ele>18.6</ele>
    <time>2023-12-10T10:12:19Z</time>
   </trkpt>
   <trkpt lat="51.5433150" lon="-0.0799790">
    <ele>18.5</ele>
    <time>2023-12-10T10:12:20Z</time>
   </trkpt>
   <trkpt lat="51.5433450" lon="-0.0799670">
    <ele>18.5</ele>
    <time>2023-12-10T10:12:21Z</time>
   </trkpt>
   <trkpt lat="51.5433860" lon="-0.0799520">
    <ele>18.5</ele>
    <time>2023-12-10T10:12:22Z</time>
   </trkpt>
   <trkpt lat="51.5434250" lon="-0.0799230">
    <ele>18.5</ele>
    <time>2023-12-10T10:12:23Z</time>
   </trkpt>
   <trkpt lat="51.5434610" lon="-0.0799050">
    <ele>18.5</ele>
    <time>2023-12-10T10:12:24Z</time>
   </trkpt>
   <trkpt lat="51.5434990" lon="-0.0799070">
    <ele>18.5</ele>
    <time>2023-12-10T10:12:25Z</time>
   </trkpt>
   <trkpt lat="51.5435390" lon="-0.0799020">
    <ele>18.5</ele>
    <time>2023-12-10T10:12:26Z</time>
   </trkpt>
   <trkpt lat="51.5435780" lon="-0.0798950">
    <ele>18.5</ele>
    <time>2023-12-10T10:12:27Z</time>
   </trkpt>
   <trkpt lat="51.5436240" lon="-0.0798930">
    <ele>18.5</ele>
    <time>2023-12-10T10:12:28Z</time>
   </trkpt>
   <trkpt lat="51.5436610" lon="-0.0798790">
    <ele>18.5</ele>
    <time>2023-12-10T10:12:29Z</time>
   </trkpt>
   <trkpt lat="51.5436970" lon="-0.0798730">
    <ele>18.5</ele>
    <time>2023-12-10T10:12:30Z</time>
   </trkpt>
   <trkpt lat="51.5437350" lon="-0.0798680">
    <ele>18.5</ele>
    <time>2023-12-10T10:12:31Z</time>
   </trkpt>
   <trkpt lat="51.5437730" lon="-0.0798610">
    <ele>18.5</ele>
    <time>2023-12-10T10:12:32Z</time>
   </trkpt>
   <trkpt lat="51.5438050" lon="-0.0798520">
    <ele>18.5</ele>
    <time>2023-12-10T10:12:33Z</time>
   </trkpt>
   <trkpt lat="51.5438420" lon="-0.0798430">
    <ele>18.5</ele>
    <time>2023-12-10T10:12:34Z</time>
   </trkpt>
   <trkpt lat="51.5438770" lon="-0.0798350">
    <ele>18.5</ele>
    <time>2023-12-10T10:12:35Z</time>
   </trkpt>
   <trkpt lat="51.5439080" lon="-0.0798170">
    <ele>18.5</ele>
    <time>2023-12-10T10:12:36Z</time>
   </trkpt>
   <trkpt lat="51.5439400" lon="-0.0798130">
    <ele>18.5</ele>
    <time>2023-12-10T10:12:37Z</time>
   </trkpt>
   <trkpt lat="51.5439780" lon="-0.0798030">
    <ele>18.5</ele>
    <time>2023-12-10T10:12:38Z</time>
   </trkpt>
   <trkpt lat="51.5440140" lon="-0.0797900">
    <ele>18.5</ele>
    <time>2023-12-10T10:12:39Z</time>
   </trkpt>
   <trkpt lat="51.5440510" lon="-0.0797680">
    <ele>18.5</ele>
    <time>2023-12-10T10:12:40Z</time>
   </trkpt>
   <trkpt lat="51.5440870" lon="-0.0797680">
    <ele>18.6</ele>
    <time>2023-12-10T10:12:41Z</time>
   </trkpt>
   <trkpt lat="51.5441260" lon="-0.0797610">
    <ele>18.6</ele>
    <time>2023-12-10T10:12:42Z</time>
   </trkpt>
   <trkpt lat="51.5441620" lon="-0.0797480">
    <ele>18.6</ele>
    <time>2023-12-10T10:12:43Z</time>
   </trkpt>
   <trkpt lat="51.5442020" lon="-0.0797470">
    <ele>18.6</ele>
    <time>2023-12-10T10:12:44Z</time>
   </trkpt>
   <trkpt lat="51.5442410" lon="-0.0797330">
    <ele>18.7</ele>
    <time>2023-12-10T10:12:45Z</time>
   </trkpt>
   <trkpt lat="51.5442850" lon="-0.0797400">
    <ele>18.7</ele>
    <time>2023-12-10T10:12:46Z</time>
   </trkpt>
   <trkpt lat="51.5443230" lon="-0.0797370">
    <ele>18.7</ele>
    <time>2023-12-10T10:12:47Z</time>
   </trkpt>
   <trkpt lat="51.5443600" lon="-0.0797380">
    <ele>18.7</ele>
    <time>2023-12-10T10:12:48Z</time>
   </trkpt>
   <trkpt lat="51.5443950" lon="-0.0797260">
    <ele>18.7</ele>
    <time>2023-12-10T10:12:49Z</time>
   </trkpt>
   <trkpt lat="51.5444320" lon="-0.0797240">
    <ele>18.7</ele>
    <time>2023-12-10T10:12:50Z</time>
   </trkpt>
   <trkpt lat="51.5444660" lon="-0.0797130">
    <ele>18.7</ele>
    <time>2023-12-10T10:12:51Z</time>
   </trkpt>
   <trkpt lat="51.5444940" lon="-0.0797110">
    <ele>18.7</ele>
    <time>2023-12-10T10:12:52Z</time>
   </trkpt>
   <trkpt lat="51.5445340" lon="-0.0796940">
    <ele>18.7</ele>
    <time>2023-12-10T10:12:53Z</time>
   </trkpt>
   <trkpt lat="51.5445790" lon="-0.0796910">
    <ele>18.7</ele>
    <time>2023-12-10T10:12:54Z</time>
   </trkpt>
   <trkpt lat="51.5446170" lon="-0.0796910">
    <ele>18.7</ele>
    <time>2023-12-10T10:12:55Z</time>
   </trkpt>
   <trkpt lat="51.5446530" lon="-0.0796870">
    <ele>18.7</ele>
    <time>2023-12-10T10:12:56Z</time>
   </trkpt>
   <trkpt lat="51.5446850" lon="-0.0796570">
    <ele>18.8</ele>
    <time>2023-12-10T10:12:57Z</time>
   </trkpt>
   <trkpt lat="51.5447150" lon="-0.0796520">
    <ele>18.8</ele>
    <time>2023-12-10T10:12:58Z</time>
   </trkpt>
   <trkpt lat="51.5447440" lon="-0.0796330">
    <ele>18.8</ele>
    <time>2023-12-10T10:12:59Z</time>
   </trkpt>
   <trkpt lat="51.5447820" lon="-0.0796220">
    <ele>18.8</ele>
    <time>2023-12-10T10:13:00Z</time>
   </trkpt>
   <trkpt lat="51.5448180" lon="-0.0796030">
    <ele>18.8</ele>
    <time>2023-12-10T10:13:01Z</time>
   </trkpt>
   <trkpt lat="51.5448560" lon="-0.0795850">
    <ele>18.8</ele>
    <time>2023-12-10T10:13:02Z</time>
   </trkpt>
   <trkpt lat="51.5448980" lon="-0.0795740">
    <ele>18.8</ele>
    <time>2023-12-10T10:13:03Z</time>
   </trkpt>
   <trkpt lat="51.5449350" lon="-0.0795660">
    <ele>18.7</ele>
    <time>2023-12-10T10:13:04Z</time>
   </trkpt>
   <trkpt lat="51.5449680" lon="-0.0795520">
    <ele>18.7</ele>
    <time>2023-12-10T10:13:05Z</time>
   </trkpt>
   <trkpt lat="51.5449960" lon="-0.0795420">
    <ele>18.7</ele>
    <time>2023-12-10T10:13:06Z</time>
   </trkpt>
   <trkpt lat="51.5450390" lon="-0.0795340">
    <ele>18.7</ele>
    <time>2023-12-10T10:13:07Z</time>
   </trkpt>
   <trkpt lat="51.5450740" lon="-0.0795300">
    <ele>18.7</ele>
    <time>2023-12-10T10:13:08Z</time>
   </trkpt>
   <trkpt lat="51.5451150" lon="-0.0795220">
    <ele>18.7</ele>
    <time>2023-12-10T10:13:09Z</time>
   </trkpt>
   <trkpt lat="51.5451520" lon="-0.0795210">
    <ele>18.7</ele>
    <time>2023-12-10T10:13:10Z</time>
   </trkpt>
   <trkpt lat="51.5451890" lon="-0.0795030">
    <ele>18.7</ele>
    <time>2023-12-10T10:13:11Z</time>
   </trkpt>
   <trkpt lat="51.5452270" lon="-0.0794990">
    <ele>18.7</ele>
    <time>2023-12-10T10:13:12Z</time>
   </trkpt>
   <trkpt lat="51.5452640" lon="-0.0794980">
    <ele>18.7</ele>
    <time>2023-12-10T10:13:13Z</time>
   </trkpt>
   <trkpt lat="51.5453020" lon="-0.0794770">
    <ele>18.7</ele>
    <time>2023-12-10T10:13:14Z</time>
   </trkpt>
   <trkpt lat="51.5453410" lon="-0.0794630">
    <ele>18.7</ele>
    <time>2023-12-10T10:13:15Z</time>
   </trkpt>
   <trkpt lat="51.5453720" lon="-0.0794390">
    <ele>18.7</ele>
    <time>2023-12-10T10:13:16Z</time>
   </trkpt>
   <trkpt lat="51.5453970" lon="-0.0794080">
    <ele>18.7</ele>
    <time>2023-12-10T10:13:17Z</time>
   </trkpt>
   <trkpt lat="51.5454140" lon="-0.0793540">
    <ele>18.7</ele>
    <time>2023-12-10T10:13:18Z</time>
   </trkpt>
   <trkpt lat="51.5454230" lon="-0.0793050">
    <ele>18.7</ele>
    <time>2023-12-10T10:13:19Z</time>
   </trkpt>
   <trkpt lat="51.5454260" lon="-0.0792440">
    <ele>18.7</ele>
    <time>2023-12-10T10:13:20Z</time>
   </trkpt>
   <trkpt lat="51.5454310" lon="-0.0791920">
    <ele>18.7</ele>
    <time>2023-12-10T10:13:21Z</time>
   </trkpt>
   <trkpt lat="51.5454390" lon="-0.0791380">
    <ele>18.6</ele>
    <time>2023-12-10T10:13:22Z</time>
   </trkpt>
   <trkpt lat="51.5454400" lon="-0.0790770">
    <ele>18.6</ele>
    <time>2023-12-10T10:13:23Z</time>
   </trkpt>
   <trkpt lat="51.5454310" lon="-0.0790190">
    <ele>18.6</ele>
    <time>2023-12-10T10:13:24Z</time>
   </trkpt>
   <trkpt lat="51.5454200" lon="-0.0789640">
    <ele>18.6</ele>
    <time>2023-12-10T10:13:25Z</time>
   </trkpt>
   <trkpt lat="51.5454140" lon="-0.0789100">
    <ele>18.6</ele>
    <time>2023-12-10T10:13:26Z</time>
   </trkpt>
   <trkpt lat="51.5454170" lon="-0.0788660">
    <ele>18.6</ele>
    <time>2023-12-10T10:13:27Z</time>
   </trkpt>
   <trkpt lat="51.5454260" lon="-0.0788000">
    <ele>18.6</ele>
    <time>2023-12-10T10:13:28Z</time>
   </trkpt>
   <trkpt lat="51.5454270" lon="-0.0787400">
    <ele>18.6</ele>
    <time>2023-12-10T10:13:29Z</time>
   </trkpt>
   <trkpt lat="51.5454170" lon="-0.0786920">
    <ele>18.6</ele>
    <time>2023-12-10T10:13:30Z</time>
   </trkpt>
   <trkpt lat="51.5454050" lon="-0.0786340">
    <ele>18.5</ele>
    <time>2023-12-10T10:13:31Z</time>
   </trkpt>
   <trkpt lat="51.5453790" lon="-0.0785780">
    <ele>18.5</ele>
    <time>2023-12-10T10:13:32Z</time>
   </trkpt>
   <trkpt lat="51.5453730" lon="-0.0785160">
    <ele>18.5</ele>
    <time>2023-12-10T10:13:33Z</time>
   </trkpt>
   <trkpt lat="51.5453730" lon="-0.0784590">
    <ele>18.5</ele>
    <time>2023-12-10T10:13:34Z</time>
   </trkpt>
   <trkpt lat="51.5453750" lon="-0.0784040">
    <ele>18.5</ele>
    <time>2023-12-10T10:13:35Z</time>
   </trkpt>
   <trkpt lat="51.5453640" lon="-0.0783610">
    <ele>18.5</ele>
    <time>2023-12-10T10:13:36Z</time>
   </trkpt>
   <trkpt lat="51.5453600" lon="-0.0783120">
    <ele>18.5</ele>
    <time>2023-12-10T10:13:37Z</time>
   </trkpt>
   <trkpt lat="51.5453530" lon="-0.0782460">
    <ele>18.5</ele>
    <time>2023-12-10T10:13:38Z</time>
   </trkpt>
   <trkpt lat="51.5453450" lon="-0.0781720">
    <ele>18.5</ele>
    <time>2023-12-10T10:13:39Z</time>
   </trkpt>
   <trkpt lat="51.5453440" lon="-0.0781090">
    <ele>18.5</ele>
    <time>2023-12-10T10:13:40Z</time>
   </trkpt>
   <trkpt lat="51.5453350" lon="-0.0780460">
    <ele>18.4</ele>
    <time>2023-12-10T10:13:41Z</time>
   </trkpt>
   <trkpt lat="51.5453340" lon="-0.0779930">
    <ele>18.4</ele>
    <time>2023-12-10T10:13:42Z</time>
   </trkpt>
   <trkpt lat="51.5453270" lon="-0.0779330">
    <ele>18.4</ele>
    <time>2023-12-10T10:13:43Z</time>
   </trkpt>
   <trkpt lat="51.5453220" lon="-0.0778820">
    <ele>18.4</ele>
    <time>2023-12-10T10:13:44Z</time>
   </trkpt>
   <trkpt lat="51.5453180" lon="-0.0778270">
    <ele>18.4</ele>
    <time>2023-12-10T10:13:45Z</time>
   </trkpt>
   <trkpt lat="51.5453110" lon="-0.0777780">
    <ele>18.4</ele>
    <time>2023-12-10T10:13:46Z</time>
   </trkpt>
   <trkpt lat="51.5453050" lon="-0.0777160">
    <ele>18.4</ele>
    <time>2023-12-10T10:13:47Z</time>
   </trkpt>
   <trkpt lat="51.5453040" lon="-0.0776540">
    <ele>18.4</ele>
    <time>2023-12-10T10:13:48Z</time>
   </trkpt>
   <trkpt lat="51.5453040" lon="-0.0775900">
    <ele>18.3</ele>
    <time>2023-12-10T10:13:49Z</time>
   </trkpt>
   <trkpt lat="51.5452940" lon="-0.0775320">
    <ele>18.3</ele>
    <time>2023-12-10T10:13:50Z</time>
   </trkpt>
   <trkpt lat="51.5452810" lon="-0.0774810">
    <ele>18.3</ele>
    <time>2023-12-10T10:13:51Z</time>
   </trkpt>
   <trkpt lat="51.5452660" lon="-0.0774210">
    <ele>18.3</ele>
    <time>2023-12-10T10:13:52Z</time>
   </trkpt>
   <trkpt lat="51.5452670" lon="-0.0773530">
    <ele>18.3</ele>
    <time>2023-12-10T10:13:53Z</time>
   </trkpt>
   <trkpt lat="51.5452660" lon="-0.0773010">
    <ele>18.3</ele>
    <time>2023-12-10T10:13:54Z</time>
   </trkpt>
   <trkpt lat="51.5452910" lon="-0.0772590">
    <ele>18.3</ele>
    <time>2023-12-10T10:13:55Z</time>
   </trkpt>
   <trkpt lat="51.5453220" lon="-0.0772360">
    <ele>18.3</ele>
    <time>2023-12-10T10:13:56Z</time>
   </trkpt>
   <trkpt lat="51.5453680" lon="-0.0772280">
    <ele>18.4</ele>
    <time>2023-12-10T10:13:57Z</time>
   </trkpt>
   <trkpt lat="51.5453900" lon="-0.0772290">
    <ele>18.4</ele>
    <time>2023-12-10T10:13:58Z</time>
   </trkpt>
   <trkpt lat="51.5454190" lon="-0.0772280">
    <ele>18.4</ele>
    <time>2023-12-10T10:13:59Z</time>
   </trkpt>
   <trkpt lat="51.5454480" lon="-0.0772120">
    <ele>18.4</ele>
    <time>2023-12-10T10:14:00Z</time>
   </trkpt>
   <trkpt lat="51.5454870" lon="-0.0771980">
    <ele>18.4</ele>
    <time>2023-12-10T10:14:01Z</time>
   </trkpt>
   <trkpt lat="51.5455150" lon="-0.0771780">
    <ele>18.4</ele>
    <time>2023-12-10T10:14:02Z</time>
   </trkpt>
   <trkpt lat="51.5455500" lon="-0.0771590">
    <ele>18.5</ele>
    <time>2023-12-10T10:14:03Z</time>
   </trkpt>
   <trkpt lat="51.5455880" lon="-0.0771520">
    <ele>18.5</ele>
    <time>2023-12-10T10:14:04Z</time>
   </trkpt>
   <trkpt lat="51.5456250" lon="-0.0771400">
    <ele>18.5</ele>
    <time>2023-12-10T10:14:05Z</time>
   </trkpt>
   <trkpt lat="51.5456580" lon="-0.0771350">
    <ele>18.6</ele>
    <time>2023-12-10T10:14:06Z</time>
   </trkpt>
   <trkpt lat="51.5456890" lon="-0.0771280">
    <ele>18.6</ele>
    <time>2023-12-10T10:14:07Z</time>
   </trkpt>
   <trkpt lat="51.5457310" lon="-0.0771110">
    <ele>18.6</ele>
    <time>2023-12-10T10:14:08Z</time>
   </trkpt>
   <trkpt lat="51.5457670" lon="-0.0770970">
    <ele>18.7</ele>
    <time>2023-12-10T10:14:09Z</time>
   </trkpt>
   <trkpt lat="51.5458050" lon="-0.0770950">
    <ele>18.7</ele>
    <time>2023-12-10T10:14:10Z</time>
   </trkpt>
   <trkpt lat="51.5458430" lon="-0.0771150">
    <ele>18.7</ele>
    <time>2023-12-10T10:14:11Z</time>
   </trkpt>
   <trkpt lat="51.5458750" lon="-0.0771170">
    <ele>18.8</ele>
    <time>2023-12-10T10:14:12Z</time>
   </trkpt>
   <trkpt lat="51.5459070" lon="-0.0771100">
    <ele>18.8</ele>
    <time>2023-12-10T10:14:13Z</time>
   </trkpt>
   <trkpt lat="51.5459350" lon="-0.0771160">
    <ele>18.8</ele>
    <time>2023-12-10T10:14:14Z</time>
   </trkpt>
   <trkpt lat="51.5459630" lon="-0.0771180">
    <ele>18.8</ele>
    <time>2023-12-10T10:14:15Z</time>
   </trkpt>
   <trkpt lat="51.5460010" lon="-0.0771190">
    <ele>18.8</ele>
    <time>2023-12-10T10:14:16Z</time>
   </trkpt>
   <trkpt lat="51.5460320" lon="-0.0771200">
    <ele>18.9</ele>
    <time>2023-12-10T10:14:17Z</time>
   </trkpt>
   <trkpt lat="51.5460610" lon="-0.0770910">
    <ele>18.9</ele>
    <time>2023-12-10T10:14:18Z</time>
   </trkpt>
   <trkpt lat="51.5460670" lon="-0.0770650">
    <ele>18.9</ele>
    <time>2023-12-10T10:14:19Z</time>
   </trkpt>
   <trkpt lat="51.5460880" lon="-0.0770200">
    <ele>18.9</ele>
    <time>2023-12-10T10:14:20Z</time>
   </trkpt>
   <trkpt lat="51.5461030" lon="-0.0769720">
    <ele>18.9</ele>
    <time>2023-12-10T10:14:21Z</time>
   </trkpt>
   <trkpt lat="51.5461110" lon="-0.0769110">
    <ele>18.9</ele>
    <time>2023-12-10T10:14:22Z</time>
   </trkpt>
   <trkpt lat="51.5461120" lon="-0.0768510">
    <ele>18.9</ele>
    <time>2023-12-10T10:14:23Z</time>
   </trkpt>
   <trkpt lat="51.5460980" lon="-0.0767950">
    <ele>19.0</ele>
    <time>2023-12-10T10:14:24Z</time>
   </trkpt>
   <trkpt lat="51.5460900" lon="-0.0767410">
    <ele>19.0</ele>
    <time>2023-12-10T10:14:25Z</time>
   </trkpt>
   <trkpt lat="51.5460820" lon="-0.0766860">
    <ele>19.0</ele>
    <time>2023-12-10T10:14:26Z</time>
   </trkpt>
   <trkpt lat="51.5460680" lon="-0.0766290">
    <ele>19.0</ele>
    <time>2023-12-10T10:14:27Z</time>
   </trkpt>
   <trkpt lat="51.5460660" lon="-0.0766100">
    <ele>19.0</ele>
    <time>2023-12-10T10:14:28Z</time>
   </trkpt>
   <trkpt lat="51.5460890" lon="-0.0765430">
    <ele>19.0</ele>
    <time>2023-12-10T10:14:29Z</time>
   </trkpt>
   <trkpt lat="51.5461030" lon="-0.0764860">
    <ele>19.0</ele>
    <time>2023-12-10T10:14:30Z</time>
   </trkpt>
   <trkpt lat="51.5461120" lon="-0.0764390">
    <ele>19.0</ele>
    <time>2023-12-10T10:14:31Z</time>
   </trkpt>
   <trkpt lat="51.5461250" lon="-0.0763970">
    <ele>19.0</ele>
    <time>2023-12-10T10:14:32Z</time>
   </trkpt>
   <trkpt lat="51.5461310" lon="-0.0763340">
    <ele>19.0</ele>
    <time>2023-12-10T10:14:33Z</time>
   </trkpt>
   <trkpt lat="51.5461370" lon="-0.0763140">
    <ele>19.0</ele>
    <time>2023-12-10T10:14:34Z</time>
   </trkpt>
   <trkpt lat="51.5461730" lon="-0.0762800">
    <ele>19.0</ele>
    <time>2023-12-10T10:14:35Z</time>
   </trkpt>
   <trkpt lat="51.5461920" lon="-0.0762700">
    <ele>19.0</ele>
    <time>2023-12-10T10:14:36Z</time>
   </trkpt>
   <trkpt lat="51.5462330" lon="-0.0762610">
    <ele>19.1</ele>
    <time>2023-12-10T10:14:37Z</time>
   </trkpt>
   <trkpt lat="51.5462860" lon="-0.0762800">
    <ele>19.0</ele>
    <time>2023-12-10T10:14:38Z</time>
   </trkpt>
   <trkpt lat="51.5463490" lon="-0.0763310">
    <ele>19.0</ele>
    <time>2023-12-10T10:14:39Z</time>
   </trkpt>
   <trkpt lat="51.5463930" lon="-0.0763530">
    <ele>19.0</ele>
    <time>2023-12-10T10:14:40Z</time>
   </trkpt>
   <trkpt lat="51.5464470" lon="-0.0763740">
    <ele>19.0</ele>
    <time>2023-12-10T10:14:41Z</time>
   </trkpt>
   <trkpt lat="51.5464980" lon="-0.0763740">
    <ele>19.1</ele>
    <time>2023-12-10T10:14:42Z</time>
   </trkpt>
   <trkpt lat="51.5465450" lon="-0.0763770">
    <ele>19.1</ele>
    <time>2023-12-10T10:14:43Z</time>
   </trkpt>
   <trkpt lat="51.5465950" lon="-0.0763850">
    <ele>19.1</ele>
    <time>2023-12-10T10:14:44Z</time>
   </trkpt>
   <trkpt lat="51.5466370" lon="-0.0763950">
    <ele>19.1</ele>
    <time>2023-12-10T10:14:45Z</time>
   </trkpt>
   <trkpt lat="51.5466750" lon="-0.0764110">
    <ele>19.2</ele>
    <time>2023-12-10T10:14:46Z</time>
   </trkpt>
   <trkpt lat="51.5467190" lon="-0.0764200">
    <ele>19.2</ele>
    <time>2023-12-10T10:14:47Z</time>
   </trkpt>
   <trkpt lat="51.5467650" lon="-0.0764160">
    <ele>19.2</ele>
    <time>2023-12-10T10:14:48Z</time>
   </trkpt>
   <trkpt lat="51.5468060" lon="-0.0764170">
    <ele>19.3</ele>
    <time>2023-12-10T10:14:49Z</time>
   </trkpt>
   <trkpt lat="51.5468450" lon="-0.0764180">
    <ele>19.3</ele>
    <time>2023-12-10T10:14:50Z</time>
   </trkpt>
   <trkpt lat="51.5468850" lon="-0.0764310">
    <ele>19.3</ele>
    <time>2023-12-10T10:14:51Z</time>
   </trkpt>
   <trkpt lat="51.5469200" lon="-0.0764280">
    <ele>19.4</ele>
    <time>2023-12-10T10:14:52Z</time>
   </trkpt>
   <trkpt lat="51.5469510" lon="-0.0764250">
    <ele>19.4</ele>
    <time>2023-12-10T10:14:53Z</time>
   </trkpt>
   <trkpt lat="51.5469880" lon="-0.0764160">
    <ele>19.4</ele>
    <time>2023-12-10T10:14:54Z</time>
   </trkpt>
   <trkpt lat="51.5470190" lon="-0.0764160">
    <ele>19.5</ele>
    <time>2023-12-10T10:14:55Z</time>
   </trkpt>
   <trkpt lat="51.5470570" lon="-0.0764110">
    <ele>19.5</ele>
    <time>2023-12-10T10:14:56Z</time>
   </trkpt>
   <trkpt lat="51.5470900" lon="-0.0764030">
    <ele>19.5</ele>
    <time>2023-12-10T10:14:57Z</time>
   </trkpt>
   <trkpt lat="51.5471230" lon="-0.0763670">
    <ele>19.5</ele>
    <time>2023-12-10T10:14:58Z</time>
   </trkpt>
   <trkpt lat="51.5471510" lon="-0.0763970">
    <ele>19.6</ele>
    <time>2023-12-10T10:14:59Z</time>
   </trkpt>
   <trkpt lat="51.5471820" lon="-0.0764070">
    <ele>19.6</ele>
    <time>2023-12-10T10:15:00Z</time>
   </trkpt>
   <trkpt lat="51.5472150" lon="-0.0764330">
    <ele>19.6</ele>
    <time>2023-12-10T10:15:01Z</time>
   </trkpt>
   <trkpt lat="51.5472540" lon="-0.0764450">
    <ele>19.7</ele>
    <time>2023-12-10T10:15:02Z</time>
   </trkpt>
   <trkpt lat="51.5472930" lon="-0.0764530">
    <ele>19.7</ele>
    <time>2023-12-10T10:15:03Z</time>
   </trkpt>
   <trkpt lat="51.5473270" lon="-0.0764630">
    <ele>19.7</ele>
    <time>2023-12-10T10:15:04Z</time>
   </trkpt>
   <trkpt lat="51.5473650" lon="-0.0764840">
    <ele>19.7</ele>
    <time>2023-12-10T10:15:05Z</time>
   </trkpt>
   <trkpt lat="51.5474090" lon="-0.0764930">
    <ele>19.7</ele>
    <time>2023-12-10T10:15:06Z</time>
   </trkpt>
   <trkpt lat="51.5474550" lon="-0.0765120">
    <ele>19.8</ele>
    <time>2023-12-10T10:15:07Z</time>
   </trkpt>
   <trkpt lat="51.5474780" lon="-0.0765160">
    <ele>19.8</ele>
    <time>2023-12-10T10:15:08Z</time>
   </trkpt>
   <trkpt lat="51.5475110" lon="-0.0765190">
    <ele>19.8</ele>
    <time>2023-12-10T10:15:09Z</time>
   </trkpt>
   <trkpt lat="51.5475490" lon="-0.0765300">
    <ele>19.9</ele>
    <time>2023-12-10T10:15:10Z</time>
   </trkpt>
   <trkpt lat="51.5475910" lon="-0.0765400">
    <ele>19.9</ele>
    <time>2023-12-10T10:15:11Z</time>
   </trkpt>
   <trkpt lat="51.5476350" lon="-0.0765310">
    <ele>20.0</ele>
    <time>2023-12-10T10:15:12Z</time>
   </trkpt>
   <trkpt lat="51.5476700" lon="-0.0765330">
    <ele>20.0</ele>
    <time>2023-12-10T10:15:13Z</time>
   </trkpt>
   <trkpt lat="51.5477150" lon="-0.0765350">
    <ele>20.0</ele>
    <time>2023-12-10T10:15:14Z</time>
   </trkpt>
   <trkpt lat="51.5477410" lon="-0.0765520">
    <ele>20.0</ele>
    <time>2023-12-10T10:15:15Z</time>
   </trkpt>
   <trkpt lat="51.5477740" lon="-0.0765770">
    <ele>20.0</ele>
    <time>2023-12-10T10:15:16Z</time>
   </trkpt>
   <trkpt lat="51.5478180" lon="-0.0765800">
    <ele>20.1</ele>
    <time>2023-12-10T10:15:17Z</time>
   </trkpt>
   <trkpt lat="51.5478580" lon="-0.0765990">
    <ele>20.1</ele>
    <time>2023-12-10T10:15:18Z</time>
   </trkpt>
   <trkpt lat="51.5478900" lon="-0.0766010">
    <ele>20.1</ele>
    <time>2023-12-10T10:15:19Z</time>
   </trkpt>
   <trkpt lat="51.5479280" lon="-0.0766090">
    <ele>20.1</ele>
    <time>2023-12-10T10:15:20Z</time>
   </trkpt>
   <trkpt lat="51.5479610" lon="-0.0766350">
    <ele>20.2</ele>
    <time>2023-12-10T10:15:21Z</time>
   </trkpt>
   <trkpt lat="51.5479950" lon="-0.0766480">
    <ele>20.2</ele>
    <time>2023-12-10T10:15:22Z</time>
   </trkpt>
   <trkpt lat="51.5480410" lon="-0.0766890">
    <ele>20.2</ele>
    <time>2023-12-10T10:15:23Z</time>
   </trkpt>
   <trkpt lat="51.5480750" lon="-0.0767100">
    <ele>20.2</ele>
    <time>2023-12-10T10:15:24Z</time>
   </trkpt>
   <trkpt lat="51.5481170" lon="-0.0767110">
    <ele>20.2</ele>
    <time>2023-12-10T10:15:25Z</time>
   </trkpt>
   <trkpt lat="51.5481550" lon="-0.0767110">
    <ele>20.2</ele>
    <time>2023-12-10T10:15:26Z</time>
   </trkpt>
   <trkpt lat="51.5481960" lon="-0.0767110">
    <ele>20.2</ele>
    <time>2023-12-10T10:15:27Z</time>
   </trkpt>
   <trkpt lat="51.5482300" lon="-0.0767370">
    <ele>20.2</ele>
    <time>2023-12-10T10:15:28Z</time>
   </trkpt>
   <trkpt lat="51.5482580" lon="-0.0767600">
    <ele>20.2</ele>
    <time>2023-12-10T10:15:29Z</time>
   </trkpt>
   <trkpt lat="51.5482820" lon="-0.0767850">
    <ele>20.2</ele>
    <time>2023-12-10T10:15:30Z</time>
   </trkpt>
   <trkpt lat="51.5483130" lon="-0.0768020">
    <ele>20.2</ele>
    <time>2023-12-10T10:15:31Z</time>
   </trkpt>
   <trkpt lat="51.5483490" lon="-0.0768050">
    <ele>20.2</ele>
    <time>2023-12-10T10:15:32Z</time>
   </trkpt>
   <trkpt lat="51.5483750" lon="-0.0768350">
    <ele>20.1</ele>
    <time>2023-12-10T10:15:33Z</time>
   </trkpt>
   <trkpt lat="51.5484100" lon="-0.0768530">
    <ele>20.1</ele>
    <time>2023-12-10T10:15:34Z</time>
   </trkpt>
   <trkpt lat="51.5484570" lon="-0.0768700">
    <ele>20.0</ele>
    <time>2023-12-10T10:15:35Z</time>
   </trkpt>
   <trkpt lat="51.5484910" lon="-0.0768950">
    <ele>20.0</ele>
    <time>2023-12-10T10:15:36Z</time>
   </trkpt>
   <trkpt lat="51.5485200" lon="-0.0769080">
    <ele>19.9</ele>
    <time>2023-12-10T10:15:37Z</time>
   </trkpt>
   <trkpt lat="51.5485510" lon="-0.0769320">
    <ele>19.9</ele>
    <time>2023-12-10T10:15:38Z</time>
   </trkpt>
   <trkpt lat="51.5485710" lon="-0.0769570">
    <ele>19.8</ele>
    <time>2023-12-10T10:15:39Z</time>
   </trkpt>
   <trkpt lat="51.5486040" lon="-0.0769600">
    <ele>19.8</ele>
    <time>2023-12-10T10:15:40Z</time>
   </trkpt>
   <trkpt lat="51.5486360" lon="-0.0769490">
    <ele>19.8</ele>
    <time>2023-12-10T10:15:41Z</time>
   </trkpt>
   <trkpt lat="51.5486850" lon="-0.0770300">
    <ele>19.7</ele>
    <time>2023-12-10T10:15:42Z</time>
   </trkpt>
   <trkpt lat="51.5487170" lon="-0.0770490">
    <ele>19.7</ele>
    <time>2023-12-10T10:15:43Z</time>
   </trkpt>
   <trkpt lat="51.5487440" lon="-0.0770680">
    <ele>19.7</ele>
    <time>2023-12-10T10:15:44Z</time>
   </trkpt>
   <trkpt lat="51.5487650" lon="-0.0770810">
    <ele>19.7</ele>
    <time>2023-12-10T10:15:45Z</time>
   </trkpt>
   <trkpt lat="51.5487780" lon="-0.0770890">
    <ele>19.7</ele>
    <time>2023-12-10T10:15:46Z</time>
   </trkpt>
   <trkpt lat="51.5488190" lon="-0.0771010">
    <ele>19.7</ele>
    <time>2023-12-10T10:15:47Z</time>
   </trkpt>
   <trkpt lat="51.5488540" lon="-0.0771060">
    <ele>19.7</ele>
    <time>2023-12-10T10:15:48Z</time>
   </trkpt>
   <trkpt lat="51.5488870" lon="-0.0770960">
    <ele>19.7</ele>
    <time>2023-12-10T10:15:49Z</time>
   </trkpt>
   <trkpt lat="51.5489210" lon="-0.0771040">
    <ele>19.7</ele>
    <time>2023-12-10T10:15:50Z</time>
   </trkpt>
   <trkpt lat="51.5489640" lon="-0.0771510">
    <ele>19.7</ele>
    <time>2023-12-10T10:15:51Z</time>
   </trkpt>
   <trkpt lat="51.5489930" lon="-0.0771850">
    <ele>19.8</ele>
    <time>2023-12-10T10:15:52Z</time>
   </trkpt>
   <trkpt lat="51.5490060" lon="-0.0771890">
    <ele>19.8</ele>
    <time>2023-12-10T10:15:53Z</time>
   </trkpt>
   <trkpt lat="51.5490390" lon="-0.0772220">
    <ele>19.8</ele>
    <time>2023-12-10T10:15:54Z</time>
   </trkpt>
   <trkpt lat="51.5490780" lon="-0.0772600">
    <ele>19.8</ele>
    <time>2023-12-10T10:15:55Z</time>
   </trkpt>
   <trkpt lat="51.5491060" lon="-0.0773320">
    <ele>19.8</ele>
    <time>2023-12-10T10:15:56Z</time>
   </trkpt>
   <trkpt lat="51.5491400" lon="-0.0773780">
    <ele>19.9</ele>
    <time>2023-12-10T10:15:57Z</time>
   </trkpt>
   <trkpt lat="51.5491690" lon="-0.0774030">
    <ele>19.9</ele>
    <time>2023-12-10T10:15:58Z</time>
   </trkpt>
   <trkpt lat="51.5492020" lon="-0.0774320">
    <ele>19.9</ele>
    <time>2023-12-10T10:15:59Z</time>
   </trkpt>
   <trkpt lat="51.5492330" lon="-0.0774700">
    <ele>20.0</ele>
    <time>2023-12-10T10:16:00Z</time>
   </trkpt>
   <trkpt lat="51.5492710" lon="-0.0775100">
    <ele>20.0</ele>
    <time>2023-12-10T10:16:01Z</time>
   </trkpt>
   <trkpt lat="51.5492970" lon="-0.0775440">
    <ele>20.0</ele>
    <time>2023-12-10T10:16:02Z</time>
   </trkpt>
   <trkpt lat="51.5493310" lon="-0.0775730">
    <ele>20.1</ele>
    <time>2023-12-10T10:16:03Z</time>
   </trkpt>
   <trkpt lat="51.5493600" lon="-0.0775990">
    <ele>20.1</ele>
    <time>2023-12-10T10:16:04Z</time>
   </trkpt>
   <trkpt lat="51.5493860" lon="-0.0776520">
    <ele>20.1</ele>
    <time>2023-12-10T10:16:05Z</time>
   </trkpt>
   <trkpt lat="51.5494170" lon="-0.0776900">
    <ele>20.2</ele>
    <time>2023-12-10T10:16:06Z</time>
   </trkpt>
   <trkpt lat="51.5494270" lon="-0.0777000">
    <ele>20.2</ele>
    <time>2023-12-10T10:16:07Z</time>
   </trkpt>
   <trkpt lat="51.5494650" lon="-0.0776920">
    <ele>20.2</ele>
    <time>2023-12-10T10:16:08Z</time>
   </trkpt>
   <trkpt lat="51.5494940" lon="-0.0776930">
    <ele>20.2</ele>
    <time>2023-12-10T10:16:09Z</time>
   </trkpt>
   <trkpt lat="51.5495430" lon="-0.0777170">
    <ele>20.2</ele>
    <time>2023-12-10T10:16:10Z</time>
   </trkpt>
   <trkpt lat="51.5495830" lon="-0.0777170">
    <ele>20.2</ele>
    <time>2023-12-10T10:16:11Z</time>
   </trkpt>
   <trkpt lat="51.5496200" lon="-0.0777150">
    <ele>20.2</ele>
    <time>2023-12-10T10:16:12Z</time>
   </trkpt>
   <trkpt lat="51.5496590" lon="-0.0777280">
    <ele>20.2</ele>
    <time>2023-12-10T10:16:13Z</time>
   </trkpt>
   <trkpt lat="51.5496930" lon="-0.0777430">
    <ele>20.2</ele>
    <time>2023-12-10T10:16:14Z</time>
   </trkpt>
   <trkpt lat="51.5497280" lon="-0.0777720">
    <ele>20.2</ele>
    <time>2023-12-10T10:16:15Z</time>
   </trkpt>
   <trkpt lat="51.5497560" lon="-0.0777940">
    <ele>20.2</ele>
    <time>2023-12-10T10:16:16Z</time>
   </trkpt>
   <trkpt lat="51.5497870" lon="-0.0778310">
    <ele>20.2</ele>
    <time>2023-12-10T10:16:17Z</time>
   </trkpt>
   <trkpt lat="51.5498240" lon="-0.0778670">
    <ele>20.3</ele>
    <time>2023-12-10T10:16:18Z</time>
   </trkpt>
   <trkpt lat="51.5498550" lon="-0.0778860">
    <ele>20.3</ele>
    <time>2023-12-10T10:16:19Z</time>
   </trkpt>
   <trkpt lat="51.5498790" lon="-0.0779100">
    <ele>20.3</ele>
    <time>2023-12-10T10:16:20Z</time>
   </trkpt>
   <trkpt lat="51.5499050" lon="-0.0779340">
    <ele>20.3</ele>
    <time>2023-12-10T10:16:21Z</time>
   </trkpt>
   <trkpt lat="51.5499440" lon="-0.0779750">
    <ele>20.3</ele>
    <time>2023-12-10T10:16:22Z</time>
   </trkpt>
   <trkpt lat="51.5499800" lon="-0.0779950">
    <ele>20.3</ele>
    <time>2023-12-10T10:16:23Z</time>
   </trkpt>
   <trkpt lat="51.5500150" lon="-0.0780120">
    <ele>20.3</ele>
    <time>2023-12-10T10:16:24Z</time>
   </trkpt>
   <trkpt lat="51.5500490" lon="-0.0780290">
    <ele>20.4</ele>
    <time>2023-12-10T10:16:25Z</time>
   </trkpt>
   <trkpt lat="51.5500790" lon="-0.0780500">
    <ele>20.4</ele>
    <time>2023-12-10T10:16:26Z</time>
   </trkpt>
   <trkpt lat="51.5501140" lon="-0.0780570">
    <ele>20.4</ele>
    <time>2023-12-10T10:16:27Z</time>
   </trkpt>
   <trkpt lat="51.5501480" lon="-0.0780780">
    <ele>20.4</ele>
    <time>2023-12-10T10:16:28Z</time>
   </trkpt>
   <trkpt lat="51.5501790" lon="-0.0780960">
    <ele>20.4</ele>
    <time>2023-12-10T10:16:29Z</time>
   </trkpt>
   <trkpt lat="51.5502150" lon="-0.0781220">
    <ele>20.4</ele>
    <time>2023-12-10T10:16:30Z</time>
   </trkpt>
   <trkpt lat="51.5502440" lon="-0.0781370">
    <ele>20.4</ele>
    <time>2023-12-10T10:16:31Z</time>
   </trkpt>
   <trkpt lat="51.5502760" lon="-0.0781530">
    <ele>20.4</ele>
    <time>2023-12-10T10:16:32Z</time>
   </trkpt>
   <trkpt lat="51.5503110" lon="-0.0781910">
    <ele>20.5</ele>
    <time>2023-12-10T10:16:33Z</time>
   </trkpt>
   <trkpt lat="51.5503440" lon="-0.0782310">
    <ele>20.5</ele>
    <time>2023-12-10T10:16:34Z</time>
   </trkpt>
   <trkpt lat="51.5503840" lon="-0.0782470">
    <ele>20.5</ele>
    <time>2023-12-10T10:16:35Z</time>
   </trkpt>
   <trkpt lat="51.5504160" lon="-0.0782410">
    <ele>20.5</ele>
    <time>2023-12-10T10:16:36Z</time>
   </trkpt>
   <trkpt lat="51.5504460" lon="-0.0782530">
    <ele>20.5</ele>
    <time>2023-12-10T10:16:37Z</time>
   </trkpt>
   <trkpt lat="51.5504840" lon="-0.0782850">
    <ele>20.5</ele>
    <time>2023-12-10T10:16:38Z</time>
   </trkpt>
   <trkpt lat="51.5505260" lon="-0.0783180">
    <ele>20.5</ele>
    <time>2023-12-10T10:16:39Z</time>
   </trkpt>
   <trkpt lat="51.5505540" lon="-0.0783540">
    <ele>20.5</ele>
    <time>2023-12-10T10:16:40Z</time>
   </trkpt>
   <trkpt lat="51.5505930" lon="-0.0783580">
    <ele>20.5</ele>
    <time>2023-12-10T10:16:41Z</time>
   </trkpt>
   <trkpt lat="51.5506260" lon="-0.0783790">
    <ele>20.5</ele>
    <time>2023-12-10T10:16:42Z</time>
   </trkpt>
   <trkpt lat="51.5506520" lon="-0.0783970">
    <ele>20.6</ele>
    <time>2023-12-10T10:16:43Z</time>
   </trkpt>
   <trkpt lat="51.5506850" lon="-0.0784150">
    <ele>20.6</ele>
    <time>2023-12-10T10:16:44Z</time>
   </trkpt>
   <trkpt lat="51.5507130" lon="-0.0784330">
    <ele>20.6</ele>
    <time>2023-12-10T10:16:45Z</time>
   </trkpt>
   <trkpt lat="51.5507460" lon="-0.0784560">
    <ele>20.6</ele>
    <time>2023-12-10T10:16:46Z</time>
   </trkpt>
   <trkpt lat="51.5507840" lon="-0.0784700">
    <ele>20.6</ele>
    <time>2023-12-10T10:16:47Z</time>
   </trkpt>
   <trkpt lat="51.5508260" lon="-0.0784920">
    <ele>20.6</ele>
    <time>2023-12-10T10:16:48Z</time>
   </trkpt>
   <trkpt lat="51.5508550" lon="-0.0785080">
    <ele>20.6</ele>
    <time>2023-12-10T10:16:49Z</time>
   </trkpt>
   <trkpt lat="51.5508760" lon="-0.0785430">
    <ele>20.6</ele>
    <time>2023-12-10T10:16:50Z</time>
   </trkpt>
   <trkpt lat="51.5509230" lon="-0.0785680">
    <ele>20.7</ele>
    <time>2023-12-10T10:16:51Z</time>
   </trkpt>
   <trkpt lat="51.5509610" lon="-0.0785850">
    <ele>20.7</ele>
    <time>2023-12-10T10:16:52Z</time>
   </trkpt>
   <trkpt lat="51.5509960" lon="-0.0786220">
    <ele>20.7</ele>
    <time>2023-12-10T10:16:53Z</time>
   </trkpt>
   <trkpt lat="51.5510290" lon="-0.0786450">
    <ele>20.7</ele>
    <time>2023-12-10T10:16:54Z</time>
   </trkpt>
   <trkpt lat="51.5510740" lon="-0.0786760">
    <ele>20.8</ele>
    <time>2023-12-10T10:16:55Z</time>
   </trkpt>
   <trkpt lat="51.5510960" lon="-0.0786870">
    <ele>20.8</ele>
    <time>2023-12-10T10:16:56Z</time>
   </trkpt>
   <trkpt lat="51.5511280" lon="-0.0787070">
    <ele>20.8</ele>
    <time>2023-12-10T10:16:57Z</time>
   </trkpt>
   <trkpt lat="51.5511630" lon="-0.0787380">
    <ele>20.8</ele>
    <time>2023-12-10T10:16:58Z</time>
   </trkpt>
   <trkpt lat="51.5511940" lon="-0.0787650">
    <ele>20.8</ele>
    <time>2023-12-10T10:16:59Z</time>
   </trkpt>
   <trkpt lat="51.5512350" lon="-0.0787990">
    <ele>20.9</ele>
    <time>2023-12-10T10:17:00Z</time>
   </trkpt>
   <trkpt lat="51.5512680" lon="-0.0788410">
    <ele>20.9</ele>
    <time>2023-12-10T10:17:01Z</time>
   </trkpt>
   <trkpt lat="51.5512980" lon="-0.0788750">
    <ele>20.9</ele>
    <time>2023-12-10T10:17:02Z</time>
   </trkpt>
   <trkpt lat="51.5513300" lon="-0.0789090">
    <ele>20.9</ele>
    <time>2023-12-10T10:17:03Z</time>
   </trkpt>
   <trkpt lat="51.5513600" lon="-0.0789410">
    <ele>21.0</ele>
    <time>2023-12-10T10:17:04Z</time>
   </trkpt>
   <trkpt lat="51.5513950" lon="-0.0789720">
    <ele>21.0</ele>
    <time>2023-12-10T10:17:05Z</time>
   </trkpt>
   <trkpt lat="51.5514290" lon="-0.0790060">
    <ele>21.0</ele>
    <time>2023-12-10T10:17:06Z</time>
   </trkpt>
   <trkpt lat="51.5514580" lon="-0.0790410">
    <ele>21.1</ele>
    <time>2023-12-10T10:17:07Z</time>
   </trkpt>
   <trkpt lat="51.5514940" lon="-0.0790760">
    <ele>21.1</ele>
    <time>2023-12-10T10:17:08Z</time>
   </trkpt>
   <trkpt lat="51.5515240" lon="-0.0791060">
    <ele>21.2</ele>
    <time>2023-12-10T10:17:09Z</time>
   </trkpt>
   <trkpt lat="51.5515490" lon="-0.0791460">
    <ele>21.2</ele>
    <time>2023-12-10T10:17:10Z</time>
   </trkpt>
   <trkpt lat="51.5515780" lon="-0.0791710">
    <ele>21.3</ele>
    <time>2023-12-10T10:17:11Z</time>
   </trkpt>
   <trkpt lat="51.5516120" lon="-0.0792000">
    <ele>21.4</ele>
    <time>2023-12-10T10:17:12Z</time>
   </trkpt>
   <trkpt lat="51.5516420" lon="-0.0792260">
    <ele>21.4</ele>
    <time>2023-12-10T10:17:13Z</time>
   </trkpt>
   <trkpt lat="51.5516680" lon="-0.0792520">
    <ele>21.5</ele>
    <time>2023-12-10T10:17:14Z</time>
   </trkpt>
   <trkpt lat="51.5517030" lon="-0.0792650">
    <ele>21.5</ele>
    <time>2023-12-10T10:17:15Z</time>
   </trkpt>
   <trkpt lat="51.5517340" lon="-0.0792660">
    <ele>21.5</ele>
    <time>2023-12-10T10:17:16Z</time>
   </trkpt>
   <trkpt lat="51.5517760" lon="-0.0792440">
    <ele>21.5</ele>
    <time>2023-12-10T10:17:17Z</time>
   </trkpt>
   <trkpt lat="51.5518030" lon="-0.0792030">
    <ele>21.6</ele>
    <time>2023-12-10T10:17:18Z</time>
   </trkpt>
   <trkpt lat="51.5518340" lon="-0.0791590">
    <ele>21.6</ele>
    <time>2023-12-10T10:17:19Z</time>
   </trkpt>
   <trkpt lat="51.5518640" lon="-0.0791230">
    <ele>21.6</ele>
    <time>2023-12-10T10:17:20Z</time>
   </trkpt>
   <trkpt lat="51.5518910" lon="-0.0790990">
    <ele>21.6</ele>
    <time>2023-12-10T10:17:21Z</time>
   </trkpt>
   <trkpt lat="51.5519240" lon="-0.0790730">
    <ele>21.6</ele>
    <time>2023-12-10T10:17:22Z</time>
   </trkpt>
   <trkpt lat="51.5519760" lon="-0.0790730">
    <ele>21.6</ele>
    <time>2023-12-10T10:17:23Z</time>
   </trkpt>
   <trkpt lat="51.5520160" lon="-0.0790750">
    <ele>21.7</ele>
    <time>2023-12-10T10:17:24Z</time>
   </trkpt>
   <trkpt lat="51.5520550" lon="-0.0790660">
    <ele>21.7</ele>
    <time>2023-12-10T10:17:25Z</time>
   </trkpt>
   <trkpt lat="51.5520910" lon="-0.0790590">
    <ele>21.7</ele>
    <time>2023-12-10T10:17:26Z</time>
   </trkpt>
   <trkpt lat="51.5521300" lon="-0.0790650">
    <ele>21.7</ele>
    <time>2023-12-10T10:17:27Z</time>
   </trkpt>
   <trkpt lat="51.5521690" lon="-0.0790630">
    <ele>21.8</ele>
    <time>2023-12-10T10:17:28Z</time>
   </trkpt>
   <trkpt lat="51.5522020" lon="-0.0790430">
    <ele>21.8</ele>
    <time>2023-12-10T10:17:29Z</time>
   </trkpt>
   <trkpt lat="51.5522310" lon="-0.0790390">
    <ele>21.8</ele>
    <time>2023-12-10T10:17:30Z</time>
   </trkpt>
   <trkpt lat="51.5522690" lon="-0.0790370">
    <ele>21.9</ele>
    <time>2023-12-10T10:17:31Z</time>
   </trkpt>
   <trkpt lat="51.5523050" lon="-0.0790330">
    <ele>21.9</ele>
    <time>2023-12-10T10:17:32Z</time>
   </trkpt>
   <trkpt lat="51.5523520" lon="-0.0790430">
    <ele>21.9</ele>
    <time>2023-12-10T10:17:33Z</time>
   </trkpt>
   <trkpt lat="51.5523900" lon="-0.0790450">
    <ele>22.0</ele>
    <time>2023-12-10T10:17:34Z</time>
   </trkpt>
   <trkpt lat="51.5524230" lon="-0.0790490">
    <ele>22.0</ele>
    <time>2023-12-10T10:17:35Z</time>
   </trkpt>
   <trkpt lat="51.5524670" lon="-0.0790530">
    <ele>22.0</ele>
    <time>2023-12-10T10:17:36Z</time>
   </trkpt>
   <trkpt lat="51.5525040" lon="-0.0790500">
    <ele>22.0</ele>
    <time>2023-12-10T10:17:37Z</time>
   </trkpt>
   <trkpt lat="51.5525360" lon="-0.0790440">
    <ele>22.1</ele>
    <time>2023-12-10T10:17:38Z</time>
   </trkpt>
   <trkpt lat="51.5525750" lon="-0.0790390">
    <ele>22.1</ele>
    <time>2023-12-10T10:17:39Z</time>
   </trkpt>
   <trkpt lat="51.5526130" lon="-0.0790420">
    <ele>22.1</ele>
    <time>2023-12-10T10:17:40Z</time>
   </trkpt>
   <trkpt lat="51.5526450" lon="-0.0790480">
    <ele>22.2</ele>
    <time>2023-12-10T10:17:41Z</time>
   </trkpt>
   <trkpt lat="51.5526810" lon="-0.0790510">
    <ele>22.2</ele>
    <time>2023-12-10T10:17:42Z</time>
   </trkpt>
   <trkpt lat="51.5527180" lon="-0.0790640">
    <ele>22.2</ele>
    <time>2023-12-10T10:17:43Z</time>
   </trkpt>
   <trkpt lat="51.5527480" lon="-0.0790640">
    <ele>22.3</ele>
    <time>2023-12-10T10:17:44Z</time>
   </trkpt>
   <trkpt lat="51.5527890" lon="-0.0790720">
    <ele>22.3</ele>
    <time>2023-12-10T10:17:45Z</time>
   </trkpt>
   <trkpt lat="51.5528160" lon="-0.0790720">
    <ele>22.3</ele>
    <time>2023-12-10T10:17:46Z</time>
   </trkpt>
   <trkpt lat="51.5528480" lon="-0.0790790">
    <ele>22.3</ele>
    <time>2023-12-10T10:17:47Z</time>
   </trkpt>
   <trkpt lat="51.5528820" lon="-0.0790880">
    <ele>22.4</ele>
    <time>2023-12-10T10:17:48Z</time>
   </trkpt>
   <trkpt lat="51.5529160" lon="-0.0790710">
    <ele>22.4</ele>
    <time>2023-12-10T10:17:49Z</time>
   </trkpt>
   <trkpt lat="51.5529490" lon="-0.0790930">
    <ele>22.4</ele>
    <time>2023-12-10T10:17:50Z</time>
   </trkpt>
   <trkpt lat="51.5529820" lon="-0.0790930">
    <ele>22.4</ele>
    <time>2023-12-10T10:17:51Z</time>
   </trkpt>
   <trkpt lat="51.5530230" lon="-0.0790990">
    <ele>22.5</ele>
    <time>2023-12-10T10:17:52Z</time>
   </trkpt>
   <trkpt lat="51.5530560" lon="-0.0791040">
    <ele>22.5</ele>
    <time>2023-12-10T10:17:53Z</time>
   </trkpt>
   <trkpt lat="51.5530970" lon="-0.0791200">
    <ele>22.5</ele>
    <time>2023-12-10T10:17:54Z</time>
   </trkpt>
   <trkpt lat="51.5531390" lon="-0.0791250">
    <ele>22.5</ele>
    <time>2023-12-10T10:17:55Z</time>
   </trkpt>
   <trkpt lat="51.5531760" lon="-0.0791290">
    <ele>22.6</ele>
    <time>2023-12-10T10:17:56Z</time>
   </trkpt>
   <trkpt lat="51.5532120" lon="-0.0791290">
    <ele>22.6</ele>
    <time>2023-12-10T10:17:57Z</time>
   </trkpt>
   <trkpt lat="51.5532460" lon="-0.0791440">
    <ele>22.6</ele>
    <time>2023-12-10T10:17:58Z</time>
   </trkpt>
   <trkpt lat="51.5532800" lon="-0.0791590">
    <ele>22.6</ele>
    <time>2023-12-10T10:17:59Z</time>
   </trkpt>
   <trkpt lat="51.5533210" lon="-0.0791700">
    <ele>22.7</ele>
    <time>2023-12-10T10:18:00Z</time>
   </trkpt>
   <trkpt lat="51.5533620" lon="-0.0791820">
    <ele>22.7</ele>
    <time>2023-12-10T10:18:01Z</time>
   </trkpt>
   <trkpt lat="51.5533940" lon="-0.0791970">
    <ele>22.7</ele>
    <time>2023-12-10T10:18:02Z</time>
   </trkpt>
   <trkpt lat="51.5534230" lon="-0.0792210">
    <ele>22.7</ele>
    <time>2023-12-10T10:18:03Z</time>
   </trkpt>
   <trkpt lat="51.5534600" lon="-0.0792590">
    <ele>22.8</ele>
    <time>2023-12-10T10:18:04Z</time>
   </trkpt>
   <trkpt lat="51.5534850" lon="-0.0792940">
    <ele>22.8</ele>
    <time>2023-12-10T10:18:05Z</time>
   </trkpt>
   <trkpt lat="51.5535100" lon="-0.0793150">
    <ele>22.8</ele>
    <time>2023-12-10T10:18:06Z</time>
   </trkpt>
   <trkpt lat="51.5535360" lon="-0.0793640">
    <ele>22.9</ele>
    <time>2023-12-10T10:18:07Z</time>
   </trkpt>
   <trkpt lat="51.5535650" lon="-0.0793920">
    <ele>22.9</ele>
    <time>2023-12-10T10:18:08Z</time>
   </trkpt>
   <trkpt lat="51.5535970" lon="-0.0794270">
    <ele>22.9</ele>
    <time>2023-12-10T10:18:09Z</time>
   </trkpt>
   <trkpt lat="51.5536340" lon="-0.0794510">
    <ele>22.9</ele>
    <time>2023-12-10T10:18:10Z</time>
   </trkpt>
   <trkpt lat="51.5536700" lon="-0.0794690">
    <ele>22.9</ele>
    <time>2023-12-10T10:18:11Z</time>
   </trkpt>
   <trkpt lat="51.5537050" lon="-0.0794720">
    <ele>23.0</ele>
    <time>2023-12-10T10:18:12Z</time>
   </trkpt>
   <trkpt lat="51.5537410" lon="-0.0794700">
    <ele>23.0</ele>
    <time>2023-12-10T10:18:13Z</time>
   </trkpt>
   <trkpt lat="51.5537770" lon="-0.0794630">
    <ele>23.0</ele>
    <time>2023-12-10T10:18:14Z</time>
   </trkpt>
   <trkpt lat="51.5538120" lon="-0.0794540">
    <ele>23.0</ele>
    <time>2023-12-10T10:18:15Z</time>
   </trkpt>
   <trkpt lat="51.5538440" lon="-0.0794310">
    <ele>23.0</ele>
    <time>2023-12-10T10:18:16Z</time>
   </trkpt>
   <trkpt lat="51.5538830" lon="-0.0794210">
    <ele>23.0</ele>
    <time>2023-12-10T10:18:17Z</time>
   </trkpt>
   <trkpt lat="51.5539100" lon="-0.0794150">
    <ele>23.0</ele>
    <time>2023-12-10T10:18:18Z</time>
   </trkpt>
   <trkpt lat="51.5539450" lon="-0.0794110">
    <ele>23.0</ele>
    <time>2023-12-10T10:18:19Z</time>
   </trkpt>
   <trkpt lat="51.5539860" lon="-0.0794090">
    <ele>23.0</ele>
    <time>2023-12-10T10:18:20Z</time>
   </trkpt>
   <trkpt lat="51.5540270" lon="-0.0794040">
    <ele>23.0</ele>
    <time>2023-12-10T10:18:21Z</time>
   </trkpt>
   <trkpt lat="51.5540740" lon="-0.0794190">
    <ele>23.0</ele>
    <time>2023-12-10T10:18:22Z</time>
   </trkpt>
   <trkpt lat="51.5541100" lon="-0.0794190">
    <ele>23.0</ele>
    <time>2023-12-10T10:18:23Z</time>
   </trkpt>
   <trkpt lat="51.5541440" lon="-0.0793880">
    <ele>23.0</ele>
    <time>2023-12-10T10:18:24Z</time>
   </trkpt>
   <trkpt lat="51.5541750" lon="-0.0793850">
    <ele>23.0</ele>
    <time>2023-12-10T10:18:25Z</time>
   </trkpt>
   <trkpt lat="51.5542020" lon="-0.0793550">
    <ele>23.0</ele>
    <time>2023-12-10T10:18:26Z</time>
   </trkpt>
   <trkpt lat="51.5542120" lon="-0.0793370">
    <ele>23.0</ele>
    <time>2023-12-10T10:18:27Z</time>
   </trkpt>
   <trkpt lat="51.5542590" lon="-0.0793340">
    <ele>23.0</ele>
    <time>2023-12-10T10:18:28Z</time>
   </trkpt>
   <trkpt lat="51.5542820" lon="-0.0793390">
    <ele>23.0</ele>
    <time>2023-12-10T10:18:29Z</time>
   </trkpt>
   <trkpt lat="51.5543190" lon="-0.0793270">
    <ele>23.1</ele>
    <time>2023-12-10T10:18:30Z</time>
   </trkpt>
   <trkpt lat="51.5543630" lon="-0.0793280">
    <ele>23.1</ele>
    <time>2023-12-10T10:18:31Z</time>
   </trkpt>
   <trkpt lat="51.5544080" lon="-0.0793030">
    <ele>23.1</ele>
    <time>2023-12-10T10:18:32Z</time>
   </trkpt>
   <trkpt lat="51.5544400" lon="-0.0792790">
    <ele>23.1</ele>
    <time>2023-12-10T10:18:33Z</time>
   </trkpt>
   <trkpt lat="51.5544760" lon="-0.0792700">
    <ele>23.1</ele>
    <time>2023-12-10T10:18:34Z</time>
   </trkpt>
   <trkpt lat="51.5545040" lon="-0.0792530">
    <ele>23.1</ele>
    <time>2023-12-10T10:18:35Z</time>
   </trkpt>
   <trkpt lat="51.5545410" lon="-0.0792570">
    <ele>23.1</ele>
    <time>2023-12-10T10:18:36Z</time>
   </trkpt>
   <trkpt lat="51.5545720" lon="-0.0792370">
    <ele>23.1</ele>
    <time>2023-12-10T10:18:37Z</time>
   </trkpt>
   <trkpt lat="51.5546060" lon="-0.0792300">
    <ele>23.1</ele>
    <time>2023-12-10T10:18:38Z</time>
   </trkpt>
   <trkpt lat="51.5546410" lon="-0.0792130">
    <ele>23.1</ele>
    <time>2023-12-10T10:18:39Z</time>
   </trkpt>
   <trkpt lat="51.5546850" lon="-0.0792170">
    <ele>23.1</ele>
    <time>2023-12-10T10:18:40Z</time>
   </trkpt>
   <trkpt lat="51.5547330" lon="-0.0792260">
    <ele>23.1</ele>
    <time>2023-12-10T10:18:41Z</time>
   </trkpt>
   <trkpt lat="51.5547710" lon="-0.0792090">
    <ele>23.1</ele>
    <time>2023-12-10T10:18:42Z</time>
   </trkpt>
   <trkpt lat="51.5548090" lon="-0.0792020">
    <ele>23.1</ele>
    <time>2023-12-10T10:18:43Z</time>
   </trkpt>
   <trkpt lat="51.5548470" lon="-0.0791930">
    <ele>23.1</ele>
    <time>2023-12-10T10:18:44Z</time>
   </trkpt>
   <trkpt lat="51.5548790" lon="-0.0791730">
    <ele>23.1</ele>
    <time>2023-12-10T10:18:45Z</time>
   </trkpt>
   <trkpt lat="51.5549160" lon="-0.0791640">
    <ele>23.1</ele>
    <time>2023-12-10T10:18:46Z</time>
   </trkpt>
   <trkpt lat="51.5549470" lon="-0.0791600">
    <ele>23.1</ele>
    <time>2023-12-10T10:18:47Z</time>
   </trkpt>
   <trkpt lat="51.5549920" lon="-0.0791620">
    <ele>23.1</ele>
    <time>2023-12-10T10:18:48Z</time>
   </trkpt>
   <trkpt lat="51.5550340" lon="-0.0791600">
    <ele>23.1</ele>
    <time>2023-12-10T10:18:49Z</time>
   </trkpt>
   <trkpt lat="51.5550670" lon="-0.0791570">
    <ele>23.1</ele>
    <time>2023-12-10T10:18:50Z</time>
   </trkpt>
   <trkpt lat="51.5551080" lon="-0.0791480">
    <ele>23.1</ele>
    <time>2023-12-10T10:18:51Z</time>
   </trkpt>
   <trkpt lat="51.5551230" lon="-0.0791430">
    <ele>23.1</ele>
    <time>2023-12-10T10:18:52Z</time>
   </trkpt>
   <trkpt lat="51.5551550" lon="-0.0791350">
    <ele>23.1</ele>
    <time>2023-12-10T10:18:53Z</time>
   </trkpt>
   <trkpt lat="51.5551870" lon="-0.0791460">
    <ele>23.0</ele>
    <time>2023-12-10T10:18:54Z</time>
   </trkpt>
   <trkpt lat="51.5552250" lon="-0.0791480">
    <ele>23.0</ele>
    <time>2023-12-10T10:18:55Z</time>
   </trkpt>
   <trkpt lat="51.5552560" lon="-0.0791840">
    <ele>23.0</ele>
    <time>2023-12-10T10:18:56Z</time>
   </trkpt>
   <trkpt lat="51.5552890" lon="-0.0791990">
    <ele>23.0</ele>
    <time>2023-12-10T10:18:57Z</time>
   </trkpt>
   <trkpt lat="51.5553300" lon="-0.0792070">
    <ele>23.0</ele>
    <time>2023-12-10T10:18:58Z</time>
   </trkpt>
   <trkpt lat="51.5553600" lon="-0.0792120">
    <ele>23.0</ele>
    <time>2023-12-10T10:18:59Z</time>
   </trkpt>
   <trkpt lat="51.5554000" lon="-0.0792210">
    <ele>23.0</ele>
    <time>2023-12-10T10:19:00Z</time>
   </trkpt>
   <trkpt lat="51.5554460" lon="-0.0791910">
    <ele>23.0</ele>
    <time>2023-12-10T10:19:01Z</time>
   </trkpt>
   <trkpt lat="51.5554900" lon="-0.0791810">
    <ele>23.0</ele>
    <time>2023-12-10T10:19:02Z</time>
   </trkpt>
   <trkpt lat="51.5555260" lon="-0.0791780">
    <ele>23.0</ele>
    <time>2023-12-10T10:19:03Z</time>
   </trkpt>
   <trkpt lat="51.5555570" lon="-0.0791710">
    <ele>23.0</ele>
    <time>2023-12-10T10:19:04Z</time>
   </trkpt>
   <trkpt lat="51.5556040" lon="-0.0791790">
    <ele>23.0</ele>
    <time>2023-12-10T10:19:05Z</time>
   </trkpt>
   <trkpt lat="51.5556330" lon="-0.0792020">
    <ele>23.0</ele>
    <time>2023-12-10T10:19:06Z</time>
   </trkpt>
   <trkpt lat="51.5556720" lon="-0.0791940">
    <ele>23.0</ele>
    <time>2023-12-10T10:19:07Z</time>
   </trkpt>
   <trkpt lat="51.5557070" lon="-0.0791500">
    <ele>23.0</ele>
    <time>2023-12-10T10:19:08Z</time>
   </trkpt>
   <trkpt lat="51.5557430" lon="-0.0791610">
    <ele>23.0</ele>
    <time>2023-12-10T10:19:09Z</time>
   </trkpt>
   <trkpt lat="51.5557800" lon="-0.0791470">
    <ele>23.0</ele>
    <time>2023-12-10T10:19:10Z</time>
   </trkpt>
   <trkpt lat="51.5558230" lon="-0.0791370">
    <ele>23.0</ele>
    <time>2023-12-10T10:19:11Z</time>
   </trkpt>
   <trkpt lat="51.5558660" lon="-0.0791300">
    <ele>23.0</ele>
    <time>2023-12-10T10:19:12Z</time>
   </trkpt>
   <trkpt lat="51.5559040" lon="-0.0791240">
    <ele>23.0</ele>
    <time>2023-12-10T10:19:13Z</time>
   </trkpt>
   <trkpt lat="51.5559390" lon="-0.0791230">
    <ele>23.0</ele>
    <time>2023-12-10T10:19:14Z</time>
   </trkpt>
   <trkpt lat="51.5559690" lon="-0.0790730">
    <ele>23.0</ele>
    <time>2023-12-10T10:19:15Z</time>
   </trkpt>
   <trkpt lat="51.5560080" lon="-0.0790470">
    <ele>23.0</ele>
    <time>2023-12-10T10:19:16Z</time>
   </trkpt>
   <trkpt lat="51.5560510" lon="-0.0790420">
    <ele>23.0</ele>
    <time>2023-12-10T10:19:17Z</time>
   </trkpt>
   <trkpt lat="51.5560920" lon="-0.0790340">
    <ele>23.0</ele>
    <time>2023-12-10T10:19:18Z</time>
   </trkpt>
   <trkpt lat="51.5561240" lon="-0.0790210">
    <ele>23.0</ele>
    <time>2023-12-10T10:19:19Z</time>
   </trkpt>
   <trkpt lat="51.5561630" lon="-0.0790090">
    <ele>23.0</ele>
    <time>2023-12-10T10:19:20Z</time>
   </trkpt>
   <trkpt lat="51.5561990" lon="-0.0790120">
    <ele>23.0</ele>
    <time>2023-12-10T10:19:21Z</time>
   </trkpt>
   <trkpt lat="51.5562370" lon="-0.0790070">
    <ele>23.0</ele>
    <time>2023-12-10T10:19:22Z</time>
   </trkpt>
   <trkpt lat="51.5562730" lon="-0.0790020">
    <ele>23.0</ele>
    <time>2023-12-10T10:19:23Z</time>
   </trkpt>
   <trkpt lat="51.5563080" lon="-0.0790120">
    <ele>23.1</ele>
    <time>2023-12-10T10:19:24Z</time>
   </trkpt>
   <trkpt lat="51.5563440" lon="-0.0790300">
    <ele>23.1</ele>
    <time>2023-12-10T10:19:25Z</time>
   </trkpt>
   <trkpt lat="51.5563830" lon="-0.0790150">
    <ele>23.1</ele>
    <time>2023-12-10T10:19:26Z</time>
   </trkpt>
   <trkpt lat="51.5564210" lon="-0.0790070">
    <ele>23.1</ele>
    <time>2023-12-10T10:19:27Z</time>
   </trkpt>
   <trkpt lat="51.5564490" lon="-0.0790000">
    <ele>23.1</ele>
    <time>2023-12-10T10:19:28Z</time>
   </trkpt>
   <trkpt lat="51.5564840" lon="-0.0789900">
    <ele>23.1</ele>
    <time>2023-12-10T10:19:29Z</time>
   </trkpt>
   <trkpt lat="51.5565170" lon="-0.0789870">
    <ele>23.2</ele>
    <time>2023-12-10T10:19:30Z</time>
   </trkpt>
   <trkpt lat="51.5565530" lon="-0.0789900">
    <ele>23.2</ele>
    <time>2023-12-10T10:19:31Z</time>
   </trkpt>
   <trkpt lat="51.5565980" lon="-0.0789810">
    <ele>23.2</ele>
    <time>2023-12-10T10:19:32Z</time>
   </trkpt>
   <trkpt lat="51.5566160" lon="-0.0789800">
    <ele>23.2</ele>
    <time>2023-12-10T10:19:33Z</time>
   </trkpt>
   <trkpt lat="51.5566500" lon="-0.0789920">
    <ele>23.2</ele>
    <time>2023-12-10T10:19:34Z</time>
   </trkpt>
   <trkpt lat="51.5566850" lon="-0.0789760">
    <ele>23.3</ele>
    <time>2023-12-10T10:19:35Z</time>
   </trkpt>
   <trkpt lat="51.5567240" lon="-0.0789790">
    <ele>23.3</ele>
    <time>2023-12-10T10:19:36Z</time>
   </trkpt>
   <trkpt lat="51.5567620" lon="-0.0789870">
    <ele>23.3</ele>
    <time>2023-12-10T10:19:37Z</time>
   </trkpt>
   <trkpt lat="51.5567930" lon="-0.0789990">
    <ele>23.4</ele>
    <time>2023-12-10T10:19:38Z</time>
   </trkpt>
   <trkpt lat="51.5568340" lon="-0.0790030">
    <ele>23.4</ele>
    <time>2023-12-10T10:19:39Z</time>
   </trkpt>
   <trkpt lat="51.5568670" lon="-0.0789900">
    <ele>23.4</ele>
    <time>2023-12-10T10:19:40Z</time>
   </trkpt>
   <trkpt lat="51.5568940" lon="-0.0789700">
    <ele>23.4</ele>
    <time>2023-12-10T10:19:41Z</time>
   </trkpt>
   <trkpt lat="51.5569260" lon="-0.0789550">
    <ele>23.5</ele>
    <time>2023-12-10T10:19:42Z</time>
   </trkpt>
   <trkpt lat="51.5569650" lon="-0.0789590">
    <ele>23.5</ele>
    <time>2023-12-10T10:19:43Z</time>
   </trkpt>
   <trkpt lat="51.5570020" lon="-0.0789530">
    <ele>23.5</ele>
    <time>2023-12-10T10:19:44Z</time>
   </trkpt>
   <trkpt lat="51.5570390" lon="-0.0789360">
    <ele>23.6</ele>
    <time>2023-12-10T10:19:45Z</time>
   </trkpt>
   <trkpt lat="51.5570750" lon="-0.0789280">
    <ele>23.6</ele>
    <time>2023-12-10T10:19:46Z</time>
   </trkpt>
   <trkpt lat="51.5571160" lon="-0.0788830">
    <ele>23.6</ele>
    <time>2023-12-10T10:19:47Z</time>
   </trkpt>
   <trkpt lat="51.5571550" lon="-0.0788560">
    <ele>23.6</ele>
    <time>2023-12-10T10:19:48Z</time>
   </trkpt>
   <trkpt lat="51.5571920" lon="-0.0788530">
    <ele>23.7</ele>
    <time>2023-12-10T10:19:49Z</time>
   </trkpt>
   <trkpt lat="51.5572280" lon="-0.0788570">
    <ele>23.7</ele>
    <time>2023-12-10T10:19:50Z</time>
   </trkpt>
   <trkpt lat="51.5572580" lon="-0.0788560">
    <ele>23.7</ele>
    <time>2023-12-10T10:19:51Z</time>
   </trkpt>
   <trkpt lat="51.5573290" lon="-0.0788590">
    <ele>23.7</ele>
    <time>2023-12-10T10:19:52Z</time>
   </trkpt>
   <trkpt lat="51.5573610" lon="-0.0788530">
    <ele>23.7</ele>
    <time>2023-12-10T10:19:53Z</time>
   </trkpt>
   <trkpt lat="51.5574000" lon="-0.0788590">
    <ele>23.8</ele>
    <time>2023-12-10T10:19:54Z</time>
   </trkpt>
   <trkpt lat="51.5574390" lon="-0.0788580">
    <ele>23.8</ele>
    <time>2023-12-10T10:19:55Z</time>
   </trkpt>
   <trkpt lat="51.5574760" lon="-0.0788600">
    <ele>23.8</ele>
    <time>2023-12-10T10:19:56Z</time>
   </trkpt>
   <trkpt lat="51.5575190" lon="-0.0788490">
    <ele>23.8</ele>
    <time>2023-12-10T10:19:57Z</time>
   </trkpt>
   <trkpt lat="51.5575710" lon="-0.0788600">
    <ele>23.8</ele>
    <time>2023-12-10T10:19:58Z</time>
   </trkpt>
   <trkpt lat="51.5576040" lon="-0.0788510">
    <ele>23.8</ele>
    <time>2023-12-10T10:19:59Z</time>
   </trkpt>
   <trkpt lat="51.5576480" lon="-0.0788240">
    <ele>23.8</ele>
    <time>2023-12-10T10:20:00Z</time>
   </trkpt>
   <trkpt lat="51.5576890" lon="-0.0788060">
    <ele>23.8</ele>
    <time>2023-12-10T10:20:01Z</time>
   </trkpt>
   <trkpt lat="51.5577270" lon="-0.0787760">
    <ele>23.8</ele>
    <time>2023-12-10T10:20:02Z</time>
   </trkpt>
   <trkpt lat="51.5577610" lon="-0.0787720">
    <ele>23.7</ele>
    <time>2023-12-10T10:20:03Z</time>
   </trkpt>
   <trkpt lat="51.5577930" lon="-0.0787660">
    <ele>23.7</ele>
    <time>2023-12-10T10:20:04Z</time>
   </trkpt>
   <trkpt lat="51.5578260" lon="-0.0787610">
    <ele>23.7</ele>
    <time>2023-12-10T10:20:05Z</time>
   </trkpt>
   <trkpt lat="51.5578620" lon="-0.0787450">
    <ele>23.6</ele>
    <time>2023-12-10T10:20:06Z</time>
   </trkpt>
   <trkpt lat="51.5578970" lon="-0.0787190">
    <ele>23.6</ele>
    <time>2023-12-10T10:20:07Z</time>
   </trkpt>
   <trkpt lat="51.5579440" lon="-0.0787190">
    <ele>23.6</ele>
    <time>2023-12-10T10:20:08Z</time>
   </trkpt>
   <trkpt lat="51.5579790" lon="-0.0786950">
    <ele>23.5</ele>
    <time>2023-12-10T10:20:09Z</time>
   </trkpt>
   <trkpt lat="51.5580010" lon="-0.0786540">
    <ele>23.5</ele>
    <time>2023-12-10T10:20:10Z</time>
   </trkpt>
   <trkpt lat="51.5580310" lon="-0.0785940">
    <ele>23.5</ele>
    <time>2023-12-10T10:20:11Z</time>
   </trkpt>
   <trkpt lat="51.5580550" lon="-0.0785340">
    <ele>23.5</ele>
    <time>2023-12-10T10:20:12Z</time>
   </trkpt>
   <trkpt lat="51.5580790" lon="-0.0784790">
    <ele>23.4</ele>
    <time>2023-12-10T10:20:13Z</time>
   </trkpt>
   <trkpt lat="51.5581010" lon="-0.0784380">
    <ele>23.4</ele>
    <time>2023-12-10T10:20:14Z</time>
   </trkpt>
   <trkpt lat="51.5581430" lon="-0.0784240">
    <ele>23.4</ele>
    <time>2023-12-10T10:20:15Z</time>
   </trkpt>
   <trkpt lat="51.5581940" lon="-0.0784380">
    <ele>23.4</ele>
    <time>2023-12-10T10:20:16Z</time>
   </trkpt>
   <trkpt lat="51.5582540" lon="-0.0784410">
    <ele>23.3</ele>
    <time>2023-12-10T10:20:17Z</time>
   </trkpt>
   <trkpt lat="51.5582950" lon="-0.0784570">
    <ele>23.3</ele>
    <time>2023-12-10T10:20:18Z</time>
   </trkpt>
   <trkpt lat="51.5583280" lon="-0.0784360">
    <ele>23.3</ele>
    <time>2023-12-10T10:20:19Z</time>
   </trkpt>
   <trkpt lat="51.5583640" lon="-0.0784370">
    <ele>23.3</ele>
    <time>2023-12-10T10:20:20Z</time>
   </trkpt>
   <trkpt lat="51.5583970" lon="-0.0784400">
    <ele>23.3</ele>
    <time>2023-12-10T10:20:21Z</time>
   </trkpt>
   <trkpt lat="51.5584310" lon="-0.0784530">
    <ele>23.3</ele>
    <time>2023-12-10T10:20:22Z</time>
   </trkpt>
   <trkpt lat="51.5584710" lon="-0.0784590">
    <ele>23.3</ele>
    <time>2023-12-10T10:20:23Z</time>
   </trkpt>
   <trkpt lat="51.5585010" lon="-0.0784660">
    <ele>23.2</ele>
    <time>2023-12-10T10:20:24Z</time>
   </trkpt>
   <trkpt lat="51.5585390" lon="-0.0784700">
    <ele>23.2</ele>
    <time>2023-12-10T10:20:25Z</time>
   </trkpt>
   <trkpt lat="51.5585770" lon="-0.0784780">
    <ele>23.2</ele>
    <time>2023-12-10T10:20:26Z</time>
   </trkpt>
   <trkpt lat="51.5586130" lon="-0.0784730">
    <ele>23.2</ele>
    <time>2023-12-10T10:20:27Z</time>
   </trkpt>
   <trkpt lat="51.5586490" lon="-0.0784770">
    <ele>23.2</ele>
    <time>2023-12-10T10:20:28Z</time>
   </trkpt>
   <trkpt lat="51.5586830" lon="-0.0784860">
    <ele>23.2</ele>
    <time>2023-12-10T10:20:29Z</time>
   </trkpt>
   <trkpt lat="51.5587170" lon="-0.0784850">
    <ele>23.2</ele>
    <time>2023-12-10T10:20:30Z</time>
   </trkpt>
   <trkpt lat="51.5587580" lon="-0.0785060">
    <ele>23.2</ele>
    <time>2023-12-10T10:20:31Z</time>
   </trkpt>
   <trkpt lat="51.5587920" lon="-0.0785050">
    <ele>23.2</ele>
    <time>2023-12-10T10:20:32Z</time>
   </trkpt>
   <trkpt lat="51.5588280" lon="-0.0785020">
    <ele>23.2</ele>
    <time>2023-12-10T10:20:33Z</time>
   </trkpt>
   <trkpt lat="51.5588660" lon="-0.0785100">
    <ele>23.2</ele>
    <time>2023-12-10T10:20:34Z</time>
   </trkpt>
   <trkpt lat="51.5589020" lon="-0.0785180">
    <ele>23.2</ele>
    <time>2023-12-10T10:20:35Z</time>
   </trkpt>
   <trkpt lat="51.5589390" lon="-0.0785290">
    <ele>23.3</ele>
    <time>2023-12-10T10:20:36Z</time>
   </trkpt>
   <trkpt lat="51.5589760" lon="-0.0785290">
    <ele>23.3</ele>
    <time>2023-12-10T10:20:37Z</time>
   </trkpt>
   <trkpt lat="51.5590170" lon="-0.0785290">
    <ele>23.3</ele>
    <time>2023-12-10T10:20:38Z</time>
   </trkpt>
   <trkpt lat="51.5590460" lon="-0.0785300">
    <ele>23.3</ele>
    <time>2023-12-10T10:20:39Z</time>
   </trkpt>
   <trkpt lat="51.5590820" lon="-0.0785390">
    <ele>23.3</ele>
    <time>2023-12-10T10:20:40Z</time>
   </trkpt>
   <trkpt lat="51.5591190" lon="-0.0785290">
    <ele>23.3</ele>
    <time>2023-12-10T10:20:41Z</time>
   </trkpt>
   <trkpt lat="51.5591690" lon="-0.0785410">
    <ele>23.4</ele>
    <time>2023-12-10T10:20:42Z</time>
   </trkpt>
   <trkpt lat="51.5592030" lon="-0.0785450">
    <ele>23.4</ele>
    <time>2023-12-10T10:20:43Z</time>
   </trkpt>
   <trkpt lat="51.5592440" lon="-0.0785520">
    <ele>23.4</ele>
    <time>2023-12-10T10:20:44Z</time>
   </trkpt>
   <trkpt lat="51.5592790" lon="-0.0785570">
    <ele>23.5</ele>
    <time>2023-12-10T10:20:45Z</time>
   </trkpt>
   <trkpt lat="51.5593100" lon="-0.0785620">
    <ele>23.5</ele>
    <time>2023-12-10T10:20:46Z</time>
   </trkpt>
   <trkpt lat="51.5593500" lon="-0.0785610">
    <ele>23.6</ele>
    <time>2023-12-10T10:20:47Z</time>
   </trkpt>
   <trkpt lat="51.5593820" lon="-0.0785620">
    <ele>23.6</ele>
    <time>2023-12-10T10:20:48Z</time>
   </trkpt>
   <trkpt lat="51.5594240" lon="-0.0785600">
    <ele>23.7</ele>
    <time>2023-12-10T10:20:49Z</time>
   </trkpt>
   <trkpt lat="51.5594540" lon="-0.0785550">
    <ele>23.7</ele>
    <time>2023-12-10T10:20:50Z</time>
   </trkpt>
   <trkpt lat="51.5594900" lon="-0.0785700">
    <ele>23.8</ele>
    <time>2023-12-10T10:20:51Z</time>
   </trkpt>
   <trkpt lat="51.5595210" lon="-0.0785840">
    <ele>23.9</ele>
    <time>2023-12-10T10:20:52Z</time>
   </trkpt>
   <trkpt lat="51.5595510" lon="-0.0785870">
    <ele>24.0</ele>
    <time>2023-12-10T10:20:53Z</time>
   </trkpt>
   <trkpt lat="51.5595900" lon="-0.0785840">
    <ele>24.1</ele>
    <time>2023-12-10T10:20:54Z</time>
   </trkpt>
   <trkpt lat="51.5596310" lon="-0.0785860">
    <ele>24.2</ele>
    <time>2023-12-10T10:20:55Z</time>
   </trkpt>
   <trkpt lat="51.5596630" lon="-0.0785960">
    <ele>24.3</ele>
    <time>2023-12-10T10:20:56Z</time>
   </trkpt>
   <trkpt lat="51.5596990" lon="-0.0785940">
    <ele>24.4</ele>
    <time>2023-12-10T10:20:57Z</time>
   </trkpt>
   <trkpt lat="51.5597360" lon="-0.0786010">
    <ele>24.5</ele>
    <time>2023-12-10T10:20:58Z</time>
   </trkpt>
   <trkpt lat="51.5597770" lon="-0.0785860">
    <ele>24.6</ele>
    <time>2023-12-10T10:20:59Z</time>
   </trkpt>
   <trkpt lat="51.5598090" lon="-0.0785960">
    <ele>24.7</ele>
    <time>2023-12-10T10:21:00Z</time>
   </trkpt>
   <trkpt lat="51.5598460" lon="-0.0785990">
    <ele>24.8</ele>
    <time>2023-12-10T10:21:01Z</time>
   </trkpt>
   <trkpt lat="51.5598790" lon="-0.0786000">
    <ele>25.0</ele>
    <time>2023-12-10T10:21:02Z</time>
   </trkpt>
   <trkpt lat="51.5599150" lon="-0.0786000">
    <ele>25.1</ele>
    <time>2023-12-10T10:21:03Z</time>
   </trkpt>
   <trkpt lat="51.5599480" lon="-0.0785930">
    <ele>25.2</ele>
    <time>2023-12-10T10:21:04Z</time>
   </trkpt>
   <trkpt lat="51.5599820" lon="-0.0785950">
    <ele>25.4</ele>
    <time>2023-12-10T10:21:05Z</time>
   </trkpt>
   <trkpt lat="51.5600190" lon="-0.0785990">
    <ele>25.5</ele>
    <time>2023-12-10T10:21:06Z</time>
   </trkpt>
   <trkpt lat="51.5600550" lon="-0.0786060">
    <ele>25.6</ele>
    <time>2023-12-10T10:21:07Z</time>
   </trkpt>
   <trkpt lat="51.5600880" lon="-0.0786330">
    <ele>25.7</ele>
    <time>2023-12-10T10:21:08Z</time>
   </trkpt>
   <trkpt lat="51.5600980" lon="-0.0787050">
    <ele>25.8</ele>
    <time>2023-12-10T10:21:10Z</time>
   </trkpt>
   <trkpt lat="51.5601110" lon="-0.0787560">
    <ele>25.8</ele>
    <time>2023-12-10T10:21:11Z</time>
   </trkpt>
   <trkpt lat="51.5601340" lon="-0.0787890">
    <ele>25.9</ele>
    <time>2023-12-10T10:21:12Z</time>
   </trkpt>
   <trkpt lat="51.5601630" lon="-0.0788050">
    <ele>25.9</ele>
    <time>2023-12-10T10:21:13Z</time>
   </trkpt>
   <trkpt lat="51.5601940" lon="-0.0787960">
    <ele>26.0</ele>
    <time>2023-12-10T10:21:14Z</time>
   </trkpt>
   <trkpt lat="51.5602210" lon="-0.0788160">
    <ele>26.0</ele>
    <time>2023-12-10T10:21:15Z</time>
   </trkpt>
   <trkpt lat="51.5602640" lon="-0.0788170">
    <ele>26.1</ele>
    <time>2023-12-10T10:21:16Z</time>
   </trkpt>
   <trkpt lat="51.5602920" lon="-0.0788060">
    <ele>26.2</ele>
    <time>2023-12-10T10:21:17Z</time>
   </trkpt>
   <trkpt lat="51.5603250" lon="-0.0787980">
    <ele>26.2</ele>
    <time>2023-12-10T10:21:18Z</time>
   </trkpt>
   <trkpt lat="51.5603610" lon="-0.0788050">
    <ele>26.3</ele>
    <time>2023-12-10T10:21:19Z</time>
   </trkpt>
   <trkpt lat="51.5603980" lon="-0.0788160">
    <ele>26.4</ele>
    <time>2023-12-10T10:21:20Z</time>
   </trkpt>
   <trkpt lat="51.5604330" lon="-0.0788290">
    <ele>26.5</ele>
    <time>2023-12-10T10:21:21Z</time>
   </trkpt>
   <trkpt lat="51.5604670" lon="-0.0788420">
    <ele>26.6</ele>
    <time>2023-12-10T10:21:22Z</time>
   </trkpt>
   <trkpt lat="51.5605000" lon="-0.0788490">
    <ele>26.7</ele>
    <time>2023-12-10T10:21:23Z</time>
   </trkpt>
   <trkpt lat="51.5605290" lon="-0.0788600">
    <ele>26.8</ele>
    <time>2023-12-10T10:21:24Z</time>
   </trkpt>
   <trkpt lat="51.5605590" lon="-0.0788520">
    <ele>26.8</ele>
    <time>2023-12-10T10:21:25Z</time>
   </trkpt>
   <trkpt lat="51.5606050" lon="-0.0788530">
    <ele>27.0</ele>
    <time>2023-12-10T10:21:26Z</time>
   </trkpt>
   <trkpt lat="51.5606250" lon="-0.0788590">
    <ele>27.0</ele>
    <time>2023-12-10T10:21:27Z</time>
   </trkpt>
   <trkpt lat="51.5606580" lon="-0.0788550">
    <ele>27.1</ele>
    <time>2023-12-10T10:21:28Z</time>
   </trkpt>
   <trkpt lat="51.5606890" lon="-0.0788550">
    <ele>27.2</ele>
    <time>2023-12-10T10:21:29Z</time>
   </trkpt>
   <trkpt lat="51.5607240" lon="-0.0788660">
    <ele>27.2</ele>
    <time>2023-12-10T10:21:30Z</time>
   </trkpt>
   <trkpt lat="51.5607540" lon="-0.0788630">
    <ele>27.3</ele>
    <time>2023-12-10T10:21:31Z</time>
   </trkpt>
   <trkpt lat="51.5607960" lon="-0.0788670">
    <ele>27.4</ele>
    <time>2023-12-10T10:21:32Z</time>
   </trkpt>
   <trkpt lat="51.5608280" lon="-0.0788780">
    <ele>27.5</ele>
    <time>2023-12-10T10:21:33Z</time>
   </trkpt>
   <trkpt lat="51.5608850" lon="-0.0788660">
    <ele>27.7</ele>
    <time>2023-12-10T10:21:34Z</time>
   </trkpt>
   <trkpt lat="51.5609250" lon="-0.0788810">
    <ele>27.8</ele>
    <time>2023-12-10T10:21:35Z</time>
   </trkpt>
   <trkpt lat="51.5609580" lon="-0.0788770">
    <ele>27.8</ele>
    <time>2023-12-10T10:21:36Z</time>
   </trkpt>
   <trkpt lat="51.5609920" lon="-0.0788600">
    <ele>27.9</ele>
    <time>2023-12-10T10:21:37Z</time>
   </trkpt>
   <trkpt lat="51.5610290" lon="-0.0788720">
    <ele>28.0</ele>
    <time>2023-12-10T10:21:38Z</time>
   </trkpt>
   <trkpt lat="51.5610640" lon="-0.0788670">
    <ele>28.1</ele>
    <time>2023-12-10T10:21:39Z</time>
   </trkpt>
   <trkpt lat="51.5611050" lon="-0.0788720">
    <ele>28.2</ele>
    <time>2023-12-10T10:21:40Z</time>
   </trkpt>
   <trkpt lat="51.5611490" lon="-0.0788740">
    <ele>28.2</ele>
    <time>2023-12-10T10:21:41Z</time>
   </trkpt>
   <trkpt lat="51.5611680" lon="-0.0788750">
    <ele>28.3</ele>
    <time>2023-12-10T10:21:42Z</time>
   </trkpt>
   <trkpt lat="51.5611990" lon="-0.0788690">
    <ele>28.3</ele>
    <time>2023-12-10T10:21:43Z</time>
   </trkpt>
   <trkpt lat="51.5612330" lon="-0.0788640">
    <ele>28.4</ele>
    <time>2023-12-10T10:21:44Z</time>
   </trkpt>
   <trkpt lat="51.5612650" lon="-0.0788630">
    <ele>28.4</ele>
    <time>2023-12-10T10:21:45Z</time>
   </trkpt>
   <trkpt lat="51.5612960" lon="-0.0788640">
    <ele>28.4</ele>
    <time>2023-12-10T10:21:46Z</time>
   </trkpt>
   <trkpt lat="51.5613320" lon="-0.0788710">
    <ele>28.5</ele>
    <time>2023-12-10T10:21:47Z</time>
   </trkpt>
   <trkpt lat="51.5613620" lon="-0.0788690">
    <ele>28.5</ele>
    <time>2023-12-10T10:21:48Z</time>
   </trkpt>
   <trkpt lat="51.5614010" lon="-0.0788630">
    <ele>28.5</ele>
    <time>2023-12-10T10:21:49Z</time>
   </trkpt>
   <trkpt lat="51.5614330" lon="-0.0788720">
    <ele>28.6</ele>
    <time>2023-12-10T10:21:51Z</time>
   </trkpt>
   <trkpt lat="51.5614680" lon="-0.0788790">
    <ele>28.6</ele>
    <time>2023-12-10T10:21:52Z</time>
   </trkpt>
   <trkpt lat="51.5615020" lon="-0.0788850">
    <ele>28.6</ele>
    <time>2023-12-10T10:21:53Z</time>
   </trkpt>
   <trkpt lat="51.5615380" lon="-0.0789220">
    <ele>28.7</ele>
    <time>2023-12-10T10:21:54Z</time>
   </trkpt>
   <trkpt lat="51.5615740" lon="-0.0789360">
    <ele>28.7</ele>
    <time>2023-12-10T10:21:55Z</time>
   </trkpt>
   <trkpt lat="51.5616140" lon="-0.0789390">
    <ele>28.7</ele>
    <time>2023-12-10T10:21:56Z</time>
   </trkpt>
   <trkpt lat="51.5616440" lon="-0.0789440">
    <ele>28.8</ele>
    <time>2023-12-10T10:21:57Z</time>
   </trkpt>
   <trkpt lat="51.5616770" lon="-0.0789390">
    <ele>28.8</ele>
    <time>2023-12-10T10:21:58Z</time>
   </trkpt>
   <trkpt lat="51.5617060" lon="-0.0789410">
    <ele>28.8</ele>
    <time>2023-12-10T10:21:59Z</time>
   </trkpt>
   <trkpt lat="51.5617420" lon="-0.0789510">
    <ele>28.9</ele>
    <time>2023-12-10T10:22:00Z</time>
   </trkpt>
   <trkpt lat="51.5617810" lon="-0.0789630">
    <ele>28.9</ele>
    <time>2023-12-10T10:22:01Z</time>
   </trkpt>
   <trkpt lat="51.5618240" lon="-0.0789760">
    <ele>29.0</ele>
    <time>2023-12-10T10:22:02Z</time>
   </trkpt>
   <trkpt lat="51.5618570" lon="-0.0789700">
    <ele>29.0</ele>
    <time>2023-12-10T10:22:03Z</time>
   </trkpt>
   <trkpt lat="51.5618900" lon="-0.0789740">
    <ele>29.0</ele>
    <time>2023-12-10T10:22:04Z</time>
   </trkpt>
   <trkpt lat="51.5619220" lon="-0.0789850">
    <ele>29.1</ele>
    <time>2023-12-10T10:22:05Z</time>
   </trkpt>
   <trkpt lat="51.5619580" lon="-0.0790030">
    <ele>29.1</ele>
    <time>2023-12-10T10:22:06Z</time>
   </trkpt>
   <trkpt lat="51.5619920" lon="-0.0789980">
    <ele>29.1</ele>
    <time>2023-12-10T10:22:07Z</time>
   </trkpt>
   <trkpt lat="51.5620260" lon="-0.0790110">
    <ele>29.2</ele>
    <time>2023-12-10T10:22:08Z</time>
   </trkpt>
   <trkpt lat="51.5620600" lon="-0.0790250">
    <ele>29.2</ele>
    <time>2023-12-10T10:22:09Z</time>
   </trkpt>
   <trkpt lat="51.5620980" lon="-0.0790490">
    <ele>29.2</ele>
    <time>2023-12-10T10:22:10Z</time>
   </trkpt>
   <trkpt lat="51.5621150" lon="-0.0791430">
    <ele>29.2</ele>
    <time>2023-12-10T10:22:11Z</time>
   </trkpt>
   <trkpt lat="51.5621300" lon="-0.0791920">
    <ele>29.3</ele>
    <time>2023-12-10T10:22:12Z</time>
   </trkpt>
   <trkpt lat="51.5621440" lon="-0.0792500">
    <ele>29.3</ele>
    <time>2023-12-10T10:22:13Z</time>
   </trkpt>
   <trkpt lat="51.5621570" lon="-0.0793020">
    <ele>29.3</ele>
    <time>2023-12-10T10:22:14Z</time>
   </trkpt>
   <trkpt lat="51.5621620" lon="-0.0793700">
    <ele>29.3</ele>
    <time>2023-12-10T10:22:15Z</time>
   </trkpt>
   <trkpt lat="51.5621640" lon="-0.0793990">
    <ele>29.3</ele>
    <time>2023-12-10T10:22:16Z</time>
   </trkpt>
   <trkpt lat="51.5621660" lon="-0.0794560">
    <ele>29.4</ele>
    <time>2023-12-10T10:22:17Z</time>
   </trkpt>
   <trkpt lat="51.5621550" lon="-0.0795310">
    <ele>29.4</ele>
    <time>2023-12-10T10:22:18Z</time>
   </trkpt>
   <trkpt lat="51.5621540" lon="-0.0795950">
    <ele>29.4</ele>
    <time>2023-12-10T10:22:19Z</time>
   </trkpt>
   <trkpt lat="51.5621450" lon="-0.0796540">
    <ele>29.4</ele>
    <time>2023-12-10T10:22:20Z</time>
   </trkpt>
   <trkpt lat="51.5621460" lon="-0.0797030">
    <ele>29.4</ele>
    <time>2023-12-10T10:22:21Z</time>
   </trkpt>
   <trkpt lat="51.5621460" lon="-0.0797620">
    <ele>29.4</ele>
    <time>2023-12-10T10:22:22Z</time>
   </trkpt>
   <trkpt lat="51.5621440" lon="-0.0798190">
    <ele>29.4</ele>
    <time>2023-12-10T10:22:23Z</time>
   </trkpt>
   <trkpt lat="51.5621320" lon="-0.0798770">
    <ele>29.4</ele>
    <time>2023-12-10T10:22:24Z</time>
   </trkpt>
   <trkpt lat="51.5621350" lon="-0.0799420">
    <ele>29.4</ele>
    <time>2023-12-10T10:22:25Z</time>
   </trkpt>
   <trkpt lat="51.5621380" lon="-0.0799710">
    <ele>29.4</ele>
    <time>2023-12-10T10:22:26Z</time>
   </trkpt>
   <trkpt lat="51.5621370" lon="-0.0800280">
    <ele>29.5</ele>
    <time>2023-12-10T10:22:27Z</time>
   </trkpt>
   <trkpt lat="51.5621360" lon="-0.0800990">
    <ele>29.5</ele>
    <time>2023-12-10T10:22:28Z</time>
   </trkpt>
   <trkpt lat="51.5621300" lon="-0.0801730">
    <ele>29.5</ele>
    <time>2023-12-10T10:22:29Z</time>
   </trkpt>
   <trkpt lat="51.5621220" lon="-0.0802290">
    <ele>29.5</ele>
    <time>2023-12-10T10:22:30Z</time>
   </trkpt>
   <trkpt lat="51.5621170" lon="-0.0802990">
    <ele>29.5</ele>
    <time>2023-12-10T10:22:31Z</time>
   </trkpt>
   <trkpt lat="51.5621080" lon="-0.0803480">
    <ele>29.5</ele>
    <time>2023-12-10T10:22:32Z</time>
   </trkpt>
   <trkpt lat="51.5620830" lon="-0.0804000">
    <ele>29.5</ele>
    <time>2023-12-10T10:22:33Z</time>
   </trkpt>
   <trkpt lat="51.5620700" lon="-0.0804510">
    <ele>29.5</ele>
    <time>2023-12-10T10:22:34Z</time>
   </trkpt>
   <trkpt lat="51.5620570" lon="-0.0804910">
    <ele>29.6</ele>
    <time>2023-12-10T10:22:35Z</time>
   </trkpt>
   <trkpt lat="51.5620380" lon="-0.0805290">
    <ele>29.6</ele>
    <time>2023-12-10T10:22:36Z</time>
   </trkpt>
   <trkpt lat="51.5620170" lon="-0.0805760">
    <ele>29.6</ele>
    <time>2023-12-10T10:22:37Z</time>
   </trkpt>
   <trkpt lat="51.5619990" lon="-0.0806190">
    <ele>29.6</ele>
    <time>2023-12-10T10:22:38Z</time>
   </trkpt>
   <trkpt lat="51.5619820" lon="-0.0806660">
    <ele>29.6</ele>
    <time>2023-12-10T10:22:39Z</time>
   </trkpt>
   <trkpt lat="51.5619600" lon="-0.0807090">
    <ele>29.6</ele>
    <time>2023-12-10T10:22:40Z</time>
   </trkpt>
   <trkpt lat="51.5619410" lon="-0.0807420">
    <ele>29.6</ele>
    <time>2023-12-10T10:22:41Z</time>
   </trkpt>
   <trkpt lat="51.5619250" lon="-0.0807890">
    <ele>29.6</ele>
    <time>2023-12-10T10:22:42Z</time>
   </trkpt>
   <trkpt lat="51.5619210" lon="-0.0808540">
    <ele>29.7</ele>
    <time>2023-12-10T10:22:43Z</time>
   </trkpt>
   <trkpt lat="51.5619190" lon="-0.0809140">
    <ele>29.7</ele>
    <time>2023-12-10T10:22:44Z</time>
   </trkpt>
   <trkpt lat="51.5619120" lon="-0.0809670">
    <ele>29.7</ele>
    <time>2023-12-10T10:22:45Z</time>
   </trkpt>
   <trkpt lat="51.5618940" lon="-0.0810210">
    <ele>29.7</ele>
    <time>2023-12-10T10:22:46Z</time>
   </trkpt>
   <trkpt lat="51.5618740" lon="-0.0810580">
    <ele>29.7</ele>
    <time>2023-12-10T10:22:47Z</time>
   </trkpt>
   <trkpt lat="51.5618670" lon="-0.0811050">
    <ele>29.7</ele>
    <time>2023-12-10T10:22:48Z</time>
   </trkpt>
   <trkpt lat="51.5618390" lon="-0.0811500">
    <ele>29.7</ele>
    <time>2023-12-10T10:22:49Z</time>
   </trkpt>
   <trkpt lat="51.5618170" lon="-0.0811850">
    <ele>29.7</ele>
    <time>2023-12-10T10:22:50Z</time>
   </trkpt>
   <trkpt lat="51.5617990" lon="-0.0812330">
    <ele>29.8</ele>
    <time>2023-12-10T10:22:51Z</time>
   </trkpt>
   <trkpt lat="51.5617700" lon="-0.0812750">
    <ele>29.8</ele>
    <time>2023-12-10T10:22:52Z</time>
   </trkpt>
   <trkpt lat="51.5617460" lon="-0.0813230">
    <ele>29.8</ele>
    <time>2023-12-10T10:22:53Z</time>
   </trkpt>
   <trkpt lat="51.5617470" lon="-0.0813980">
    <ele>29.8</ele>
    <time>2023-12-10T10:22:54Z</time>
   </trkpt>
   <trkpt lat="51.5617420" lon="-0.0814520">
    <ele>29.8</ele>
    <time>2023-12-10T10:22:55Z</time>
   </trkpt>
   <trkpt lat="51.5617180" lon="-0.0814930">
    <ele>29.8</ele>
    <time>2023-12-10T10:22:56Z</time>
   </trkpt>
   <trkpt lat="51.5616890" lon="-0.0815360">
    <ele>29.8</ele>
    <time>2023-12-10T10:22:57Z</time>
   </trkpt>
   <trkpt lat="51.5616660" lon="-0.0815810">
    <ele>29.8</ele>
    <time>2023-12-10T10:22:58Z</time>
   </trkpt>
   <trkpt lat="51.5616380" lon="-0.0816310">
    <ele>29.9</ele>
    <time>2023-12-10T10:22:59Z</time>
   </trkpt>
   <trkpt lat="51.5616190" lon="-0.0816700">
    <ele>29.9</ele>
    <time>2023-12-10T10:23:00Z</time>
   </trkpt>
   <trkpt lat="51.5615980" lon="-0.0817290">
    <ele>29.9</ele>
    <time>2023-12-10T10:23:01Z</time>
   </trkpt>
   <trkpt lat="51.5615770" lon="-0.0817740">
    <ele>29.9</ele>
    <time>2023-12-10T10:23:02Z</time>
   </trkpt>
   <trkpt lat="51.5615560" lon="-0.0818230">
    <ele>29.9</ele>
    <time>2023-12-10T10:23:03Z</time>
   </trkpt>
   <trkpt lat="51.5615430" lon="-0.0818790">
    <ele>29.9</ele>
    <time>2023-12-10T10:23:04Z</time>
   </trkpt>
   <trkpt lat="51.5615180" lon="-0.0819210">
    <ele>29.9</ele>
    <time>2023-12-10T10:23:05Z</time>
   </trkpt>
   <trkpt lat="51.5614960" lon="-0.0819720">
    <ele>29.9</ele>
    <time>2023-12-10T10:23:06Z</time>
   </trkpt>
   <trkpt lat="51.5614780" lon="-0.0820250">
    <ele>30.0</ele>
    <time>2023-12-10T10:23:07Z</time>
   </trkpt>
   <trkpt lat="51.5614560" lon="-0.0820710">
    <ele>30.0</ele>
    <time>2023-12-10T10:23:08Z</time>
   </trkpt>
   <trkpt lat="51.5614420" lon="-0.0821200">
    <ele>30.0</ele>
    <time>2023-12-10T10:23:09Z</time>
   </trkpt>
   <trkpt lat="51.5614230" lon="-0.0821780">
    <ele>30.0</ele>
    <time>2023-12-10T10:23:10Z</time>
   </trkpt>
   <trkpt lat="51.5614140" lon="-0.0822480">
    <ele>30.0</ele>
    <time>2023-12-10T10:23:11Z</time>
   </trkpt>
   <trkpt lat="51.5613890" lon="-0.0823070">
    <ele>30.0</ele>
    <time>2023-12-10T10:23:12Z</time>
   </trkpt>
   <trkpt lat="51.5613810" lon="-0.0823320">
    <ele>30.0</ele>
    <time>2023-12-10T10:23:13Z</time>
   </trkpt>
   <trkpt lat="51.5613690" lon="-0.0823800">
    <ele>30.0</ele>
    <time>2023-12-10T10:23:14Z</time>
   </trkpt>
   <trkpt lat="51.5613540" lon="-0.0824400">
    <ele>30.0</ele>
    <time>2023-12-10T10:23:15Z</time>
   </trkpt>
   <trkpt lat="51.5613250" lon="-0.0825050">
    <ele>30.0</ele>
    <time>2023-12-10T10:23:16Z</time>
   </trkpt>
   <trkpt lat="51.5613080" lon="-0.0825620">
    <ele>30.0</ele>
    <time>2023-12-10T10:23:17Z</time>
   </trkpt>
   <trkpt lat="51.5613060" lon="-0.0826320">
    <ele>30.0</ele>
    <time>2023-12-10T10:23:18Z</time>
   </trkpt>
   <trkpt lat="51.5612940" lon="-0.0826920">
    <ele>30.0</ele>
    <time>2023-12-10T10:23:19Z</time>
   </trkpt>
   <trkpt lat="51.5612840" lon="-0.0827520">
    <ele>30.0</ele>
    <time>2023-12-10T10:23:20Z</time>
   </trkpt>
   <trkpt lat="51.5612780" lon="-0.0828090">
    <ele>30.0</ele>
    <time>2023-12-10T10:23:21Z</time>
   </trkpt>
   <trkpt lat="51.5612780" lon="-0.0828740">
    <ele>30.0</ele>
    <time>2023-12-10T10:23:22Z</time>
   </trkpt>
   <trkpt lat="51.5612840" lon="-0.0829310">
    <ele>30.0</ele>
    <time>2023-12-10T10:23:23Z</time>
   </trkpt>
   <trkpt lat="51.5612830" lon="-0.0829960">
    <ele>30.0</ele>
    <time>2023-12-10T10:23:24Z</time>
   </trkpt>
   <trkpt lat="51.5612760" lon="-0.0830590">
    <ele>30.0</ele>
    <time>2023-12-10T10:23:25Z</time>
   </trkpt>
   <trkpt lat="51.5612670" lon="-0.0831210">
    <ele>30.0</ele>
    <time>2023-12-10T10:23:26Z</time>
   </trkpt>
   <trkpt lat="51.5612570" lon="-0.0831810">
    <ele>30.0</ele>
    <time>2023-12-10T10:23:27Z</time>
   </trkpt>
   <trkpt lat="51.5612470" lon="-0.0832370">
    <ele>30.0</ele>
    <time>2023-12-10T10:23:28Z</time>
   </trkpt>
   <trkpt lat="51.5612460" lon="-0.0833000">
    <ele>29.9</ele>
    <time>2023-12-10T10:23:29Z</time>
   </trkpt>
   <trkpt lat="51.5612420" lon="-0.0833870">
    <ele>29.9</ele>
    <time>2023-12-10T10:23:30Z</time>
   </trkpt>
   <trkpt lat="51.5612430" lon="-0.0834540">
    <ele>29.9</ele>
    <time>2023-12-10T10:23:31Z</time>
   </trkpt>
   <trkpt lat="51.5612450" lon="-0.0835180">
    <ele>29.9</ele>
    <time>2023-12-10T10:23:32Z</time>
   </trkpt>
   <trkpt lat="51.5612430" lon="-0.0835770">
    <ele>29.9</ele>
    <time>2023-12-10T10:23:33Z</time>
   </trkpt>
   <trkpt lat="51.5612390" lon="-0.0836340">
    <ele>29.9</ele>
    <time>2023-12-10T10:23:34Z</time>
   </trkpt>
   <trkpt lat="51.5612350" lon="-0.0837030">
    <ele>29.9</ele>
    <time>2023-12-10T10:23:35Z</time>
   </trkpt>
   <trkpt lat="51.5612380" lon="-0.0837590">
    <ele>29.9</ele>
    <time>2023-12-10T10:23:36Z</time>
   </trkpt>
   <trkpt lat="51.5612320" lon="-0.0838090">
    <ele>29.9</ele>
    <time>2023-12-10T10:23:37Z</time>
   </trkpt>
   <trkpt lat="51.5612280" lon="-0.0838650">
    <ele>29.9</ele>
    <time>2023-12-10T10:23:38Z</time>
   </trkpt>
   <trkpt lat="51.5612310" lon="-0.0839260">
    <ele>29.8</ele>
    <time>2023-12-10T10:23:39Z</time>
   </trkpt>
   <trkpt lat="51.5612330" lon="-0.0839880">
    <ele>29.8</ele>
    <time>2023-12-10T10:23:40Z</time>
   </trkpt>
   <trkpt lat="51.5612260" lon="-0.0840530">
    <ele>29.8</ele>
    <time>2023-12-10T10:23:41Z</time>
   </trkpt>
   <trkpt lat="51.5612290" lon="-0.0841110">
    <ele>29.8</ele>
    <time>2023-12-10T10:23:42Z</time>
   </trkpt>
   <trkpt lat="51.5612150" lon="-0.0842000">
    <ele>29.8</ele>
    <time>2023-12-10T10:23:43Z</time>
   </trkpt>
   <trkpt lat="51.5612020" lon="-0.0842610">
    <ele>29.8</ele>
    <time>2023-12-10T10:23:44Z</time>
   </trkpt>
   <trkpt lat="51.5611850" lon="-0.0843080">
    <ele>29.8</ele>
    <time>2023-12-10T10:23:45Z</time>
   </trkpt>
   <trkpt lat="51.5611760" lon="-0.0843200">
    <ele>29.7</ele>
    <time>2023-12-10T10:23:46Z</time>
   </trkpt>
   <trkpt lat="51.5611730" lon="-0.0843750">
    <ele>29.7</ele>
    <time>2023-12-10T10:23:47Z</time>
   </trkpt>
   <trkpt lat="51.5611760" lon="-0.0844240">
    <ele>29.7</ele>
    <time>2023-12-10T10:23:48Z</time>
   </trkpt>
   <trkpt lat="51.5611700" lon="-0.0844770">
    <ele>29.7</ele>
    <time>2023-12-10T10:23:49Z</time>
   </trkpt>
   <trkpt lat="51.5611580" lon="-0.0845450">
    <ele>29.7</ele>
    <time>2023-12-10T10:23:50Z</time>
   </trkpt>
   <trkpt lat="51.5611290" lon="-0.0845880">
    <ele>29.7</ele>
    <time>2023-12-10T10:23:51Z</time>
   </trkpt>
   <trkpt lat="51.5611180" lon="-0.0846100">
    <ele>29.6</ele>
    <time>2023-12-10T10:23:52Z</time>
   </trkpt>
   <trkpt lat="51.5611000" lon="-0.0846730">
    <ele>29.6</ele>
    <time>2023-12-10T10:23:53Z</time>
   </trkpt>
   <trkpt lat="51.5610800" lon="-0.0847150">
    <ele>29.6</ele>
    <time>2023-12-10T10:23:54Z</time>
   </trkpt>
   <trkpt lat="51.5610480" lon="-0.0847510">
    <ele>29.6</ele>
    <time>2023-12-10T10:23:55Z</time>
   </trkpt>
   <trkpt lat="51.5610220" lon="-0.0847990">
    <ele>29.6</ele>
    <time>2023-12-10T10:23:56Z</time>
   </trkpt>
   <trkpt lat="51.5609990" lon="-0.0848490">
    <ele>29.5</ele>
    <time>2023-12-10T10:23:57Z</time>
   </trkpt>
   <trkpt lat="51.5609760" lon="-0.0848900">
    <ele>29.5</ele>
    <time>2023-12-10T10:23:58Z</time>
   </trkpt>
   <trkpt lat="51.5609550" lon="-0.0849450">
    <ele>29.5</ele>
    <time>2023-12-10T10:23:59Z</time>
   </trkpt>
   <trkpt lat="51.5609230" lon="-0.0849820">
    <ele>29.5</ele>
    <time>2023-12-10T10:24:00Z</time>
   </trkpt>
   <trkpt lat="51.5609090" lon="-0.0850380">
    <ele>29.5</ele>
    <time>2023-12-10T10:24:01Z</time>
   </trkpt>
   <trkpt lat="51.5608910" lon="-0.0850890">
    <ele>29.4</ele>
    <time>2023-12-10T10:24:02Z</time>
   </trkpt>
   <trkpt lat="51.5608720" lon="-0.0851550">
    <ele>29.4</ele>
    <time>2023-12-10T10:24:03Z</time>
   </trkpt>
   <trkpt lat="51.5608560" lon="-0.0852030">
    <ele>29.4</ele>
    <time>2023-12-10T10:24:04Z</time>
   </trkpt>
   <trkpt lat="51.5608470" lon="-0.0852250">
    <ele>29.4</ele>
    <time>2023-12-10T10:24:05Z</time>
   </trkpt>
   <trkpt lat="51.5608360" lon="-0.0852910">
    <ele>29.4</ele>
    <time>2023-12-10T10:24:06Z</time>
   </trkpt>
   <trkpt lat="51.5608310" lon="-0.0853280">
    <ele>29.4</ele>
    <time>2023-12-10T10:24:07Z</time>
   </trkpt>
   <trkpt lat="51.5608200" lon="-0.0853910">
    <ele>29.4</ele>
    <time>2023-12-10T10:24:08Z</time>
   </trkpt>
   <trkpt lat="51.5607850" lon="-0.0854370">
    <ele>29.5</ele>
    <time>2023-12-10T10:24:09Z</time>
   </trkpt>
   <trkpt lat="51.5607560" lon="-0.0854920">
    <ele>29.5</ele>
    <time>2023-12-10T10:24:10Z</time>
   </trkpt>
   <trkpt lat="51.5607450" lon="-0.0855150">
    <ele>29.5</ele>
    <time>2023-12-10T10:24:11Z</time>
   </trkpt>
   <trkpt lat="51.5607230" lon="-0.0855630">
    <ele>29.5</ele>
    <time>2023-12-10T10:24:12Z</time>
   </trkpt>
   <trkpt lat="51.5607060" lon="-0.0856190">
    <ele>29.5</ele>
    <time>2023-12-10T10:24:13Z</time>
   </trkpt>
   <trkpt lat="51.5606940" lon="-0.0856670">
    <ele>29.6</ele>
    <time>2023-12-10T10:24:14Z</time>
   </trkpt>
   <trkpt lat="51.5606840" lon="-0.0857210">
    <ele>29.6</ele>
    <time>2023-12-10T10:24:15Z</time>
   </trkpt>
   <trkpt lat="51.5606730" lon="-0.0857790">
    <ele>29.6</ele>
    <time>2023-12-10T10:24:16Z</time>
   </trkpt>
   <trkpt lat="51.5606530" lon="-0.0858420">
    <ele>29.6</ele>
    <time>2023-12-10T10:24:17Z</time>
   </trkpt>
   <trkpt lat="51.5606400" lon="-0.0858910">
    <ele>29.6</ele>
    <time>2023-12-10T10:24:18Z</time>
   </trkpt>
   <trkpt lat="51.5606240" lon="-0.0859530">
    <ele>29.7</ele>
    <time>2023-12-10T10:24:19Z</time>
   </trkpt>
   <trkpt lat="51.5606080" lon="-0.0860080">
    <ele>29.7</ele>
    <time>2023-12-10T10:24:20Z</time>
   </trkpt>
   <trkpt lat="51.5605990" lon="-0.0860800">
    <ele>29.8</ele>
    <time>2023-12-10T10:24:21Z</time>
   </trkpt>
   <trkpt lat="51.5606040" lon="-0.0861340">
    <ele>29.8</ele>
    <time>2023-12-10T10:24:22Z</time>
   </trkpt>
   <trkpt lat="51.5606210" lon="-0.0861870">
    <ele>29.8</ele>
    <time>2023-12-10T10:24:23Z</time>
   </trkpt>
   <trkpt lat="51.5606500" lon="-0.0862350">
    <ele>29.7</ele>
    <time>2023-12-10T10:24:24Z</time>
   </trkpt>
   <trkpt lat="51.5606830" lon="-0.0862660">
    <ele>29.7</ele>
    <time>2023-12-10T10:24:25Z</time>
   </trkpt>
   <trkpt lat="51.5607190" lon="-0.0862930">
    <ele>29.6</ele>
    <time>2023-12-10T10:24:26Z</time>
   </trkpt>
   <trkpt lat="51.5607500" lon="-0.0863290">
    <ele>29.6</ele>
    <time>2023-12-10T10:24:27Z</time>
   </trkpt>
   <trkpt lat="51.5607940" lon="-0.0863570">
    <ele>29.6</ele>
    <time>2023-12-10T10:24:28Z</time>
   </trkpt>
   <trkpt lat="51.5608220" lon="-0.0863940">
    <ele>29.5</ele>
    <time>2023-12-10T10:24:29Z</time>
   </trkpt>
   <trkpt lat="51.5608570" lon="-0.0864230">
    <ele>29.5</ele>
    <time>2023-12-10T10:24:30Z</time>
   </trkpt>
   <trkpt lat="51.5608890" lon="-0.0864480">
    <ele>29.4</ele>
    <time>2023-12-10T10:24:31Z</time>
   </trkpt>
   <trkpt lat="51.5609270" lon="-0.0864770">
    <ele>29.4</ele>
    <time>2023-12-10T10:24:32Z</time>
   </trkpt>
   <trkpt lat="51.5609580" lon="-0.0865030">
    <ele>29.4</ele>
    <time>2023-12-10T10:24:33Z</time>
   </trkpt>
   <trkpt lat="51.5609860" lon="-0.0865300">
    <ele>29.4</ele>
    <time>2023-12-10T10:24:34Z</time>
   </trkpt>
   <trkpt lat="51.5610210" lon="-0.0865530">
    <ele>29.3</ele>
    <time>2023-12-10T10:24:35Z</time>
   </trkpt>
   <trkpt lat="51.5610540" lon="-0.0865700">
    <ele>29.3</ele>
    <time>2023-12-10T10:24:36Z</time>
   </trkpt>
   <trkpt lat="51.5610840" lon="-0.0866030">
    <ele>29.3</ele>
    <time>2023-12-10T10:24:37Z</time>
   </trkpt>
   <trkpt lat="51.5611240" lon="-0.0866280">
    <ele>29.3</ele>
    <time>2023-12-10T10:24:38Z</time>
   </trkpt>
   <trkpt lat="51.5611550" lon="-0.0866570">
    <ele>29.2</ele>
    <time>2023-12-10T10:24:39Z</time>
   </trkpt>
   <trkpt lat="51.5611910" lon="-0.0866970">
    <ele>29.2</ele>
    <time>2023-12-10T10:24:40Z</time>
   </trkpt>
   <trkpt lat="51.5612290" lon="-0.0867350">
    <ele>29.2</ele>
    <time>2023-12-10T10:24:41Z</time>
   </trkpt>
   <trkpt lat="51.5612450" lon="-0.0867530">
    <ele>29.1</ele>
    <time>2023-12-10T10:24:42Z</time>
   </trkpt>
   <trkpt lat="51.5612720" lon="-0.0867900">
    <ele>29.1</ele>
    <time>2023-12-10T10:24:43Z</time>
   </trkpt>
   <trkpt lat="51.5613060" lon="-0.0868150">
    <ele>29.0</ele>
    <time>2023-12-10T10:24:44Z</time>
   </trkpt>
   <trkpt lat="51.5613460" lon="-0.0868190">
    <ele>28.9</ele>
    <time>2023-12-10T10:24:45Z</time>
   </trkpt>
   <trkpt lat="51.5613860" lon="-0.0868050">
    <ele>28.8</ele>
    <time>2023-12-10T10:24:46Z</time>
   </trkpt>
   <trkpt lat="51.5614250" lon="-0.0867670">
    <ele>28.8</ele>
    <time>2023-12-10T10:24:47Z</time>
   </trkpt>
   <trkpt lat="51.5614490" lon="-0.0867240">
    <ele>28.7</ele>
    <time>2023-12-10T10:24:48Z</time>
   </trkpt>
   <trkpt lat="51.5614790" lon="-0.0866650">
    <ele>28.7</ele>
    <time>2023-12-10T10:24:49Z</time>
   </trkpt>
   <trkpt lat="51.5614970" lon="-0.0865970">
    <ele>28.6</ele>
    <time>2023-12-10T10:24:50Z</time>
   </trkpt>
   <trkpt lat="51.5615170" lon="-0.0865250">
    <ele>28.6</ele>
    <time>2023-12-10T10:24:51Z</time>
   </trkpt>
   <trkpt lat="51.5615320" lon="-0.0864510">
    <ele>28.6</ele>
    <time>2023-12-10T10:24:52Z</time>
   </trkpt>
   <trkpt lat="51.5615380" lon="-0.0863880">
    <ele>28.5</ele>
    <time>2023-12-10T10:24:53Z</time>
   </trkpt>
   <trkpt lat="51.5615410" lon="-0.0863230">
    <ele>28.5</ele>
    <time>2023-12-10T10:24:54Z</time>
   </trkpt>
   <trkpt lat="51.5615370" lon="-0.0862670">
    <ele>28.5</ele>
    <time>2023-12-10T10:24:55Z</time>
   </trkpt>
   <trkpt lat="51.5615320" lon="-0.0862150">
    <ele>28.5</ele>
    <time>2023-12-10T10:24:56Z</time>
   </trkpt>
   <trkpt lat="51.5615280" lon="-0.0861560">
    <ele>28.5</ele>
    <time>2023-12-10T10:24:57Z</time>
   </trkpt>
   <trkpt lat="51.5615260" lon="-0.0860980">
    <ele>28.5</ele>
    <time>2023-12-10T10:24:58Z</time>
   </trkpt>
   <trkpt lat="51.5615360" lon="-0.0860410">
    <ele>28.5</ele>
    <time>2023-12-10T10:24:59Z</time>
   </trkpt>
   <trkpt lat="51.5615430" lon="-0.0859790">
    <ele>28.6</ele>
    <time>2023-12-10T10:25:00Z</time>
   </trkpt>
   <trkpt lat="51.5615470" lon="-0.0859360">
    <ele>28.6</ele>
    <time>2023-12-10T10:25:01Z</time>
   </trkpt>
   <trkpt lat="51.5615420" lon="-0.0858870">
    <ele>28.7</ele>
    <time>2023-12-10T10:25:02Z</time>
   </trkpt>
   <trkpt lat="51.5615410" lon="-0.0858330">
    <ele>28.7</ele>
    <time>2023-12-10T10:25:03Z</time>
   </trkpt>
   <trkpt lat="51.5615390" lon="-0.0858020">
    <ele>28.7</ele>
    <time>2023-12-10T10:25:04Z</time>
   </trkpt>
   <trkpt lat="51.5615200" lon="-0.0857420">
    <ele>28.8</ele>
    <time>2023-12-10T10:25:05Z</time>
   </trkpt>
   <trkpt lat="51.5615180" lon="-0.0856850">
    <ele>28.8</ele>
    <time>2023-12-10T10:25:06Z</time>
   </trkpt>
   <trkpt lat="51.5615240" lon="-0.0856150">
    <ele>28.9</ele>
    <time>2023-12-10T10:25:07Z</time>
   </trkpt>
   <trkpt lat="51.5615320" lon="-0.0855470">
    <ele>28.9</ele>
    <time>2023-12-10T10:25:08Z</time>
   </trkpt>
   <trkpt lat="51.5615420" lon="-0.0854800">
    <ele>29.0</ele>
    <time>2023-12-10T10:25:09Z</time>
   </trkpt>
   <trkpt lat="51.5615570" lon="-0.0854270">
    <ele>29.0</ele>
    <time>2023-12-10T10:25:10Z</time>
   </trkpt>
   <trkpt lat="51.5615780" lon="-0.0853760">
    <ele>29.1</ele>
    <time>2023-12-10T10:25:11Z</time>
   </trkpt>
   <trkpt lat="51.5615920" lon="-0.0853340">
    <ele>29.1</ele>
    <time>2023-12-10T10:25:12Z</time>
   </trkpt>
   <trkpt lat="51.5616030" lon="-0.0852890">
    <ele>29.1</ele>
    <time>2023-12-10T10:25:13Z</time>
   </trkpt>
   <trkpt lat="51.5616260" lon="-0.0852250">
    <ele>29.1</ele>
    <time>2023-12-10T10:25:14Z</time>
   </trkpt>
   <trkpt lat="51.5616330" lon="-0.0851650">
    <ele>29.1</ele>
    <time>2023-12-10T10:25:15Z</time>
   </trkpt>
   <trkpt lat="51.5616520" lon="-0.0851150">
    <ele>29.1</ele>
    <time>2023-12-10T10:25:16Z</time>
   </trkpt>
   <trkpt lat="51.5616710" lon="-0.0850800">
    <ele>29.2</ele>
    <time>2023-12-10T10:25:17Z</time>
   </trkpt>
   <trkpt lat="51.5616810" lon="-0.0850580">
    <ele>29.2</ele>
    <time>2023-12-10T10:25:18Z</time>
   </trkpt>
   <trkpt lat="51.5616950" lon="-0.0850130">
    <ele>29.2</ele>
    <time>2023-12-10T10:25:19Z</time>
   </trkpt>
   <trkpt lat="51.5617070" lon="-0.0849590">
    <ele>29.2</ele>
    <time>2023-12-10T10:25:20Z</time>
   </trkpt>
   <trkpt lat="51.5617240" lon="-0.0849130">
    <ele>29.2</ele>
    <time>2023-12-10T10:25:21Z</time>
   </trkpt>
   <trkpt lat="51.5617440" lon="-0.0848700">
    <ele>29.2</ele>
    <time>2023-12-10T10:25:22Z</time>
   </trkpt>
   <trkpt lat="51.5617620" lon="-0.0848230">
    <ele>29.3</ele>
    <time>2023-12-10T10:25:23Z</time>
   </trkpt>
   <trkpt lat="51.5617770" lon="-0.0847630">
    <ele>29.3</ele>
    <time>2023-12-10T10:25:24Z</time>
   </trkpt>
   <trkpt lat="51.5617860" lon="-0.0846920">
    <ele>29.3</ele>
    <time>2023-12-10T10:25:25Z</time>
   </trkpt>
   <trkpt lat="51.5618110" lon="-0.0846530">
    <ele>29.3</ele>
    <time>2023-12-10T10:25:26Z</time>
   </trkpt>
   <trkpt lat="51.5618270" lon="-0.0845900">
    <ele>29.4</ele>
    <time>2023-12-10T10:25:27Z</time>
   </trkpt>
   <trkpt lat="51.5618400" lon="-0.0845460">
    <ele>29.4</ele>
    <time>2023-12-10T10:25:28Z</time>
   </trkpt>
   <trkpt lat="51.5618500" lon="-0.0844960">
    <ele>29.4</ele>
    <time>2023-12-10T10:25:29Z</time>
   </trkpt>
   <trkpt lat="51.5618680" lon="-0.0844570">
    <ele>29.4</ele>
    <time>2023-12-10T10:25:30Z</time>
   </trkpt>
   <trkpt lat="51.5618780" lon="-0.0844060">
    <ele>29.4</ele>
    <time>2023-12-10T10:25:31Z</time>
   </trkpt>
   <trkpt lat="51.5618930" lon="-0.0843660">
    <ele>29.3</ele>
    <time>2023-12-10T10:25:32Z</time>
   </trkpt>
   <trkpt lat="51.5619050" lon="-0.0843090">
    <ele>29.3</ele>
    <time>2023-12-10T10:25:33Z</time>
   </trkpt>
   <trkpt lat="51.5619240" lon="-0.0842510">
    <ele>29.3</ele>
    <time>2023-12-10T10:25:34Z</time>
   </trkpt>
   <trkpt lat="51.5619450" lon="-0.0841870">
    <ele>29.2</ele>
    <time>2023-12-10T10:25:35Z</time>
   </trkpt>
   <trkpt lat="51.5619560" lon="-0.0841600">
    <ele>29.2</ele>
    <time>2023-12-10T10:25:36Z</time>
   </trkpt>
   <trkpt lat="51.5619810" lon="-0.0841210">
    <ele>29.1</ele>
    <time>2023-12-10T10:25:37Z</time>
   </trkpt>
   <trkpt lat="51.5620180" lon="-0.0840810">
    <ele>29.0</ele>
    <time>2023-12-10T10:25:38Z</time>
   </trkpt>
   <trkpt lat="51.5620520" lon="-0.0840840">
    <ele>28.9</ele>
    <time>2023-12-10T10:25:39Z</time>
   </trkpt>
   <trkpt lat="51.5620870" lon="-0.0841110">
    <ele>28.9</ele>
    <time>2023-12-10T10:25:40Z</time>
   </trkpt>
   <trkpt lat="51.5621100" lon="-0.0841470">
    <ele>28.7</ele>
    <time>2023-12-10T10:25:41Z</time>
   </trkpt>
   <trkpt lat="51.5621340" lon="-0.0841850">
    <ele>28.6</ele>
    <time>2023-12-10T10:25:42Z</time>
   </trkpt>
   <trkpt lat="51.5621590" lon="-0.0842200">
    <ele>28.5</ele>
    <time>2023-12-10T10:25:43Z</time>
   </trkpt>
   <trkpt lat="51.5621900" lon="-0.0842710">
    <ele>28.3</ele>
    <time>2023-12-10T10:25:44Z</time>
   </trkpt>
   <trkpt lat="51.5622050" lon="-0.0842950">
    <ele>28.3</ele>
    <time>2023-12-10T10:25:45Z</time>
   </trkpt>
   <trkpt lat="51.5622340" lon="-0.0843360">
    <ele>28.1</ele>
    <time>2023-12-10T10:25:46Z</time>
   </trkpt>
   <trkpt lat="51.5622580" lon="-0.0843860">
    <ele>27.9</ele>
    <time>2023-12-10T10:25:47Z</time>
   </trkpt>
   <trkpt lat="51.5622830" lon="-0.0844250">
    <ele>27.8</ele>
    <time>2023-12-10T10:25:48Z</time>
   </trkpt>
   <trkpt lat="51.5623120" lon="-0.0844710">
    <ele>27.6</ele>
    <time>2023-12-10T10:25:49Z</time>
   </trkpt>
   <trkpt lat="51.5623420" lon="-0.0845150">
    <ele>27.5</ele>
    <time>2023-12-10T10:25:50Z</time>
   </trkpt>
   <trkpt lat="51.5623680" lon="-0.0845390">
    <ele>27.3</ele>
    <time>2023-12-10T10:25:51Z</time>
   </trkpt>
   <trkpt lat="51.5624040" lon="-0.0845810">
    <ele>27.2</ele>
    <time>2023-12-10T10:25:52Z</time>
   </trkpt>
   <trkpt lat="51.5624210" lon="-0.0845930">
    <ele>27.1</ele>
    <time>2023-12-10T10:25:53Z</time>
   </trkpt>
   <trkpt lat="51.5624600" lon="-0.0846400">
    <ele>26.9</ele>
    <time>2023-12-10T10:25:54Z</time>
   </trkpt>
   <trkpt lat="51.5624910" lon="-0.0847050">
    <ele>26.7</ele>
    <time>2023-12-10T10:25:55Z</time>
   </trkpt>
   <trkpt lat="51.5625170" lon="-0.0847480">
    <ele>26.5</ele>
    <time>2023-12-10T10:25:56Z</time>
   </trkpt>
   <trkpt lat="51.5625400" lon="-0.0847820">
    <ele>26.4</ele>
    <time>2023-12-10T10:25:57Z</time>
   </trkpt>
   <trkpt lat="51.5625630" lon="-0.0848270">
    <ele>26.3</ele>
    <time>2023-12-10T10:25:58Z</time>
   </trkpt>
   <trkpt lat="51.5625940" lon="-0.0848770">
    <ele>26.2</ele>
    <time>2023-12-10T10:25:59Z</time>
   </trkpt>
   <trkpt lat="51.5626190" lon="-0.0849170">
    <ele>26.1</ele>
    <time>2023-12-10T10:26:00Z</time>
   </trkpt>
   <trkpt lat="51.5626590" lon="-0.0849600">
    <ele>26.0</ele>
    <time>2023-12-10T10:26:01Z</time>
   </trkpt>
   <trkpt lat="51.5626900" lon="-0.0849970">
    <ele>25.9</ele>
    <time>2023-12-10T10:26:02Z</time>
   </trkpt>
   <trkpt lat="51.5627170" lon="-0.0850360">
    <ele>25.7</ele>
    <time>2023-12-10T10:26:03Z</time>
   </trkpt>
   <trkpt lat="51.5627450" lon="-0.0850770">
    <ele>25.6</ele>
    <time>2023-12-10T10:26:04Z</time>
   </trkpt>
   <trkpt lat="51.5627540" lon="-0.0851020">
    <ele>25.5</ele>
    <time>2023-12-10T10:26:05Z</time>
   </trkpt>
   <trkpt lat="51.5627790" lon="-0.0851570">
    <ele>25.3</ele>
    <time>2023-12-10T10:26:06Z</time>
   </trkpt>
   <trkpt lat="51.5627870" lon="-0.0851810">
    <ele>25.3</ele>
    <time>2023-12-10T10:26:07Z</time>
   </trkpt>
   <trkpt lat="51.5628030" lon="-0.0852330">
    <ele>25.2</ele>
    <time>2023-12-10T10:26:08Z</time>
   </trkpt>
   <trkpt lat="51.5628320" lon="-0.0852730">
    <ele>25.0</ele>
    <time>2023-12-10T10:26:09Z</time>
   </trkpt>
   <trkpt lat="51.5628750" lon="-0.0853040">
    <ele>24.9</ele>
    <time>2023-12-10T10:26:10Z</time>
   </trkpt>
   <trkpt lat="51.5629030" lon="-0.0853350">
    <ele>24.8</ele>
    <time>2023-12-10T10:26:11Z</time>
   </trkpt>
   <trkpt lat="51.5629280" lon="-0.0853810">
    <ele>24.7</ele>
    <time>2023-12-10T10:26:12Z</time>
   </trkpt>
   <trkpt lat="51.5629690" lon="-0.0854180">
    <ele>24.6</ele>
    <time>2023-12-10T10:26:13Z</time>
   </trkpt>
   <trkpt lat="51.5630040" lon="-0.0854740">
    <ele>24.5</ele>
    <time>2023-12-10T10:26:14Z</time>
   </trkpt>
   <trkpt lat="51.5630430" lon="-0.0855250">
    <ele>24.4</ele>
    <time>2023-12-10T10:26:15Z</time>
   </trkpt>
   <trkpt lat="51.5630740" lon="-0.0855710">
    <ele>24.3</ele>
    <time>2023-12-10T10:26:16Z</time>
   </trkpt>
   <trkpt lat="51.5631050" lon="-0.0856240">
    <ele>24.2</ele>
    <time>2023-12-10T10:26:17Z</time>
   </trkpt>
   <trkpt lat="51.5631180" lon="-0.0856540">
    <ele>24.2</ele>
    <time>2023-12-10T10:26:18Z</time>
   </trkpt>
   <trkpt lat="51.5631550" lon="-0.0857070">
    <ele>24.1</ele>
    <time>2023-12-10T10:26:19Z</time>
   </trkpt>
   <trkpt lat="51.5631920" lon="-0.0857570">
    <ele>24.0</ele>
    <time>2023-12-10T10:26:20Z</time>
   </trkpt>
   <trkpt lat="51.5632220" lon="-0.0857990">
    <ele>23.9</ele>
    <time>2023-12-10T10:26:21Z</time>
   </trkpt>
   <trkpt lat="51.5632560" lon="-0.0858390">
    <ele>23.9</ele>
    <time>2023-12-10T10:26:22Z</time>
   </trkpt>
   <trkpt lat="51.5632840" lon="-0.0858860">
    <ele>23.8</ele>
    <time>2023-12-10T10:26:23Z</time>
   </trkpt>
   <trkpt lat="51.5633020" lon="-0.0859290">
    <ele>23.8</ele>
    <time>2023-12-10T10:26:24Z</time>
   </trkpt>
   <trkpt lat="51.5633430" lon="-0.0859670">
    <ele>23.8</ele>
    <time>2023-12-10T10:26:25Z</time>
   </trkpt>
   <trkpt lat="51.5633900" lon="-0.0860110">
    <ele>23.7</ele>
    <time>2023-12-10T10:26:26Z</time>
   </trkpt>
   <trkpt lat="51.5634320" lon="-0.0860440">
    <ele>23.7</ele>
    <time>2023-12-10T10:26:27Z</time>
   </trkpt>
   <trkpt lat="51.5634630" lon="-0.0860760">
    <ele>23.7</ele>
    <time>2023-12-10T10:26:28Z</time>
   </trkpt>
   <trkpt lat="51.5634920" lon="-0.0861290">
    <ele>23.7</ele>
    <time>2023-12-10T10:26:29Z</time>
   </trkpt>
   <trkpt lat="51.5635250" lon="-0.0861860">
    <ele>23.7</ele>
    <time>2023-12-10T10:26:30Z</time>
   </trkpt>
   <trkpt lat="51.5635550" lon="-0.0862320">
    <ele>23.8</ele>
    <time>2023-12-10T10:26:31Z</time>
   </trkpt>
   <trkpt lat="51.5635800" lon="-0.0862730">
    <ele>23.8</ele>
    <time>2023-12-10T10:26:32Z</time>
   </trkpt>
   <trkpt lat="51.5636060" lon="-0.0863160">
    <ele>23.8</ele>
    <time>2023-12-10T10:26:33Z</time>
   </trkpt>
   <trkpt lat="51.5635970" lon="-0.0863640">
    <ele>23.8</ele>
    <time>2023-12-10T10:26:34Z</time>
   </trkpt>
   <trkpt lat="51.5636240" lon="-0.0864220">
    <ele>23.9</ele>
    <time>2023-12-10T10:26:35Z</time>
   </trkpt>
   <trkpt lat="51.5636470" lon="-0.0864960">
    <ele>23.9</ele>
    <time>2023-12-10T10:26:36Z</time>
   </trkpt>
   <trkpt lat="51.5636570" lon="-0.0865690">
    <ele>23.9</ele>
    <time>2023-12-10T10:26:37Z</time>
   </trkpt>
   <trkpt lat="51.5636680" lon="-0.0866300">
    <ele>24.0</ele>
    <time>2023-12-10T10:26:38Z</time>
   </trkpt>
   <trkpt lat="51.5636650" lon="-0.0866920">
    <ele>24.0</ele>
    <time>2023-12-10T10:26:39Z</time>
   </trkpt>
   <trkpt lat="51.5636680" lon="-0.0867520">
    <ele>24.0</ele>
    <time>2023-12-10T10:26:40Z</time>
   </trkpt>
   <trkpt lat="51.5636710" lon="-0.0868150">
    <ele>24.0</ele>
    <time>2023-12-10T10:26:41Z</time>
   </trkpt>
   <trkpt lat="51.5636890" lon="-0.0868850">
    <ele>24.0</ele>
    <time>2023-12-10T10:26:42Z</time>
   </trkpt>
   <trkpt lat="51.5636970" lon="-0.0869200">
    <ele>24.0</ele>
    <time>2023-12-10T10:26:43Z</time>
   </trkpt>
   <trkpt lat="51.5637050" lon="-0.0869800">
    <ele>24.0</ele>
    <time>2023-12-10T10:26:44Z</time>
   </trkpt>
   <trkpt lat="51.5637020" lon="-0.0870420">
    <ele>24.0</ele>
    <time>2023-12-10T10:26:45Z</time>
   </trkpt>
   <trkpt lat="51.5636940" lon="-0.0871000">
    <ele>24.0</ele>
    <time>2023-12-10T10:26:46Z</time>
   </trkpt>
   <trkpt lat="51.5637110" lon="-0.0871720">
    <ele>24.0</ele>
    <time>2023-12-10T10:26:47Z</time>
   </trkpt>
   <trkpt lat="51.5637170" lon="-0.0872340">
    <ele>24.0</ele>
    <time>2023-12-10T10:26:48Z</time>
   </trkpt>
   <trkpt lat="51.5637100" lon="-0.0872930">
    <ele>24.0</ele>
    <time>2023-12-10T10:26:49Z</time>
   </trkpt>
   <trkpt lat="51.5636970" lon="-0.0873680">
    <ele>24.0</ele>
    <time>2023-12-10T10:26:50Z</time>
   </trkpt>
   <trkpt lat="51.5637090" lon="-0.0874340">
    <ele>24.0</ele>
    <time>2023-12-10T10:26:51Z</time>
   </trkpt>
   <trkpt lat="51.5637160" lon="-0.0874970">
    <ele>24.0</ele>
    <time>2023-12-10T10:26:52Z</time>
   </trkpt>
   <trkpt lat="51.5637100" lon="-0.0875520">
    <ele>24.0</ele>
    <time>2023-12-10T10:26:53Z</time>
   </trkpt>
   <trkpt lat="51.5636950" lon="-0.0876060">
    <ele>24.0</ele>
    <time>2023-12-10T10:26:54Z</time>
   </trkpt>
   <trkpt lat="51.5636800" lon="-0.0876560">
    <ele>24.0</ele>
    <time>2023-12-10T10:26:55Z</time>
   </trkpt>
   <trkpt lat="51.5636840" lon="-0.0877370">
    <ele>24.0</ele>
    <time>2023-12-10T10:26:56Z</time>
   </trkpt>
   <trkpt lat="51.5636820" lon="-0.0877990">
    <ele>24.0</ele>
    <time>2023-12-10T10:26:57Z</time>
   </trkpt>
   <trkpt lat="51.5636790" lon="-0.0878560">
    <ele>24.0</ele>
    <time>2023-12-10T10:26:58Z</time>
   </trkpt>
   <trkpt lat="51.5636700" lon="-0.0879230">
    <ele>24.0</ele>
    <time>2023-12-10T10:26:59Z</time>
   </trkpt>
   <trkpt lat="51.5636530" lon="-0.0879840">
    <ele>24.0</ele>
    <time>2023-12-10T10:27:00Z</time>
   </trkpt>
   <trkpt lat="51.5636470" lon="-0.0880410">
    <ele>24.0</ele>
    <time>2023-12-10T10:27:01Z</time>
   </trkpt>
   <trkpt lat="51.5636290" lon="-0.0880950">
    <ele>24.1</ele>
    <time>2023-12-10T10:27:02Z</time>
   </trkpt>
   <trkpt lat="51.5636090" lon="-0.0881460">
    <ele>24.1</ele>
    <time>2023-12-10T10:27:03Z</time>
   </trkpt>
   <trkpt lat="51.5635870" lon="-0.0881880">
    <ele>24.1</ele>
    <time>2023-12-10T10:27:04Z</time>
   </trkpt>
   <trkpt lat="51.5635720" lon="-0.0882290">
    <ele>24.1</ele>
    <time>2023-12-10T10:27:05Z</time>
   </trkpt>
   <trkpt lat="51.5635550" lon="-0.0882860">
    <ele>24.2</ele>
    <time>2023-12-10T10:27:06Z</time>
   </trkpt>
   <trkpt lat="51.5635300" lon="-0.0883280">
    <ele>24.2</ele>
    <time>2023-12-10T10:27:07Z</time>
   </trkpt>
   <trkpt lat="51.5635070" lon="-0.0883790">
    <ele>24.3</ele>
    <time>2023-12-10T10:27:08Z</time>
   </trkpt>
   <trkpt lat="51.5634880" lon="-0.0884270">
    <ele>24.3</ele>
    <time>2023-12-10T10:27:09Z</time>
   </trkpt>
   <trkpt lat="51.5634840" lon="-0.0884810">
    <ele>24.4</ele>
    <time>2023-12-10T10:27:10Z</time>
   </trkpt>
   <trkpt lat="51.5635010" lon="-0.0885390">
    <ele>24.4</ele>
    <time>2023-12-10T10:27:11Z</time>
   </trkpt>
   <trkpt lat="51.5635250" lon="-0.0885960">
    <ele>24.5</ele>
    <time>2023-12-10T10:27:12Z</time>
   </trkpt>
   <trkpt lat="51.5635420" lon="-0.0886500">
    <ele>24.5</ele>
    <time>2023-12-10T10:27:13Z</time>
   </trkpt>
   <trkpt lat="51.5635670" lon="-0.0887060">
    <ele>24.5</ele>
    <time>2023-12-10T10:27:14Z</time>
   </trkpt>
   <trkpt lat="51.5635870" lon="-0.0887490">
    <ele>24.5</ele>
    <time>2023-12-10T10:27:15Z</time>
   </trkpt>
   <trkpt lat="51.5635980" lon="-0.0888200">
    <ele>24.5</ele>
    <time>2023-12-10T10:27:16Z</time>
   </trkpt>
   <trkpt lat="51.5635990" lon="-0.0888870">
    <ele>24.5</ele>
    <time>2023-12-10T10:27:17Z</time>
   </trkpt>
   <trkpt lat="51.5635850" lon="-0.0889450">
    <ele>24.5</ele>
    <time>2023-12-10T10:27:18Z</time>
   </trkpt>
   <trkpt lat="51.5635790" lon="-0.0890200">
    <ele>24.5</ele>
    <time>2023-12-10T10:27:19Z</time>
   </trkpt>
   <trkpt lat="51.5635750" lon="-0.0890650">
    <ele>24.5</ele>
    <time>2023-12-10T10:27:20Z</time>
   </trkpt>
   <trkpt lat="51.5635700" lon="-0.0891320">
    <ele>24.5</ele>
    <time>2023-12-10T10:27:21Z</time>
   </trkpt>
   <trkpt lat="51.5635610" lon="-0.0891950">
    <ele>24.5</ele>
    <time>2023-12-10T10:27:22Z</time>
   </trkpt>
   <trkpt lat="51.5635430" lon="-0.0892620">
    <ele>24.5</ele>
    <time>2023-12-10T10:27:23Z</time>
   </trkpt>
   <trkpt lat="51.5635290" lon="-0.0893180">
    <ele>24.6</ele>
    <time>2023-12-10T10:27:24Z</time>
   </trkpt>
   <trkpt lat="51.5635160" lon="-0.0893760">
    <ele>24.6</ele>
    <time>2023-12-10T10:27:25Z</time>
   </trkpt>
   <trkpt lat="51.5634950" lon="-0.0894290">
    <ele>24.6</ele>
    <time>2023-12-10T10:27:26Z</time>
   </trkpt>
   <trkpt lat="51.5634820" lon="-0.0894930">
    <ele>24.6</ele>
    <time>2023-12-10T10:27:27Z</time>
   </trkpt>
   <trkpt lat="51.5634640" lon="-0.0895470">
    <ele>24.6</ele>
    <time>2023-12-10T10:27:28Z</time>
   </trkpt>
   <trkpt lat="51.5634430" lon="-0.0896070">
    <ele>24.5</ele>
    <time>2023-12-10T10:27:29Z</time>
   </trkpt>
   <trkpt lat="51.5634270" lon="-0.0896700">
    <ele>24.5</ele>
    <time>2023-12-10T10:27:30Z</time>
   </trkpt>
   <trkpt lat="51.5634070" lon="-0.0897310">
    <ele>24.5</ele>
    <time>2023-12-10T10:27:31Z</time>
   </trkpt>
   <trkpt lat="51.5633910" lon="-0.0897790">
    <ele>24.5</ele>
    <time>2023-12-10T10:27:32Z</time>
   </trkpt>
   <trkpt lat="51.5633710" lon="-0.0898210">
    <ele>24.5</ele>
    <time>2023-12-10T10:27:33Z</time>
   </trkpt>
   <trkpt lat="51.5633540" lon="-0.0898810">
    <ele>24.5</ele>
    <time>2023-12-10T10:27:34Z</time>
   </trkpt>
   <trkpt lat="51.5633380" lon="-0.0899250">
    <ele>24.5</ele>
    <time>2023-12-10T10:27:35Z</time>
   </trkpt>
   <trkpt lat="51.5633130" lon="-0.0899620">
    <ele>24.5</ele>
    <time>2023-12-10T10:27:36Z</time>
   </trkpt>
   <trkpt lat="51.5632860" lon="-0.0900240">
    <ele>24.5</ele>
    <time>2023-12-10T10:27:37Z</time>
   </trkpt>
   <trkpt lat="51.5632500" lon="-0.0900800">
    <ele>24.5</ele>
    <time>2023-12-10T10:27:38Z</time>
   </trkpt>
   <trkpt lat="51.5632280" lon="-0.0901170">
    <ele>24.5</ele>
    <time>2023-12-10T10:27:39Z</time>
   </trkpt>
   <trkpt lat="51.5632110" lon="-0.0901680">
    <ele>24.5</ele>
    <time>2023-12-10T10:27:40Z</time>
   </trkpt>
   <trkpt lat="51.5631750" lon="-0.0902270">
    <ele>24.5</ele>
    <time>2023-12-10T10:27:41Z</time>
   </trkpt>
   <trkpt lat="51.5631480" lon="-0.0902690">
    <ele>24.5</ele>
    <time>2023-12-10T10:27:42Z</time>
   </trkpt>
   <trkpt lat="51.5631190" lon="-0.0903130">
    <ele>24.5</ele>
    <time>2023-12-10T10:27:43Z</time>
   </trkpt>
   <trkpt lat="51.5630870" lon="-0.0903550">
    <ele>24.6</ele>
    <time>2023-12-10T10:27:44Z</time>
   </trkpt>
   <trkpt lat="51.5630600" lon="-0.0903860">
    <ele>24.6</ele>
    <time>2023-12-10T10:27:45Z</time>
   </trkpt>
   <trkpt lat="51.5630250" lon="-0.0904110">
    <ele>24.6</ele>
    <time>2023-12-10T10:27:46Z</time>
   </trkpt>
   <trkpt lat="51.5629880" lon="-0.0904490">
    <ele>24.6</ele>
    <time>2023-12-10T10:27:47Z</time>
   </trkpt>
   <trkpt lat="51.5629580" lon="-0.0904770">
    <ele>24.6</ele>
    <time>2023-12-10T10:27:48Z</time>
   </trkpt>
   <trkpt lat="51.5629320" lon="-0.0905160">
    <ele>24.6</ele>
    <time>2023-12-10T10:27:49Z</time>
   </trkpt>
   <trkpt lat="51.5629030" lon="-0.0905540">
    <ele>24.6</ele>
    <time>2023-12-10T10:27:50Z</time>
   </trkpt>
   <trkpt lat="51.5628790" lon="-0.0905800">
    <ele>24.6</ele>
    <time>2023-12-10T10:27:51Z</time>
   </trkpt>
   <trkpt lat="51.5628500" lon="-0.0906120">
    <ele>24.6</ele>
    <time>2023-12-10T10:27:52Z</time>
   </trkpt>
   <trkpt lat="51.5628360" lon="-0.0906490">
    <ele>24.6</ele>
    <time>2023-12-10T10:27:53Z</time>
   </trkpt>
   <trkpt lat="51.5628030" lon="-0.0906910">
    <ele>24.6</ele>
    <time>2023-12-10T10:27:54Z</time>
   </trkpt>
   <trkpt lat="51.5627710" lon="-0.0907280">
    <ele>24.6</ele>
    <time>2023-12-10T10:27:55Z</time>
   </trkpt>
   <trkpt lat="51.5627440" lon="-0.0907720">
    <ele>24.6</ele>
    <time>2023-12-10T10:27:56Z</time>
   </trkpt>
   <trkpt lat="51.5627160" lon="-0.0908160">
    <ele>24.6</ele>
    <time>2023-12-10T10:27:57Z</time>
   </trkpt>
   <trkpt lat="51.5626810" lon="-0.0908550">
    <ele>24.6</ele>
    <time>2023-12-10T10:27:58Z</time>
   </trkpt>
   <trkpt lat="51.5626600" lon="-0.0908890">
    <ele>24.6</ele>
    <time>2023-12-10T10:27:59Z</time>
   </trkpt>
   <trkpt lat="51.5626410" lon="-0.0909300">
    <ele>24.6</ele>
    <time>2023-12-10T10:28:00Z</time>
   </trkpt>
   <trkpt lat="51.5626330" lon="-0.0909810">
    <ele>24.6</ele>
    <time>2023-12-10T10:28:01Z</time>
   </trkpt>
   <trkpt lat="51.5626170" lon="-0.0910310">
    <ele>24.6</ele>
    <time>2023-12-10T10:28:02Z</time>
   </trkpt>
   <trkpt lat="51.5625700" lon="-0.0910930">
    <ele>24.7</ele>
    <time>2023-12-10T10:28:03Z</time>
   </trkpt>
   <trkpt lat="51.5625270" lon="-0.0911460">
    <ele>24.7</ele>
    <time>2023-12-10T10:28:04Z</time>
   </trkpt>
   <trkpt lat="51.5624890" lon="-0.0911840">
    <ele>24.7</ele>
    <time>2023-12-10T10:28:05Z</time>
   </trkpt>
   <trkpt lat="51.5624610" lon="-0.0912190">
    <ele>24.8</ele>
    <time>2023-12-10T10:28:06Z</time>
   </trkpt>
   <trkpt lat="51.5624210" lon="-0.0912390">
    <ele>24.7</ele>
    <time>2023-12-10T10:28:07Z</time>
   </trkpt>
   <trkpt lat="51.5623880" lon="-0.0912580">
    <ele>24.7</ele>
    <time>2023-12-10T10:28:08Z</time>
   </trkpt>
   <trkpt lat="51.5623550" lon="-0.0912850">
    <ele>24.7</ele>
    <time>2023-12-10T10:28:09Z</time>
   </trkpt>
   <trkpt lat="51.5623180" lon="-0.0913060">
    <ele>24.7</ele>
    <time>2023-12-10T10:28:10Z</time>
   </trkpt>
   <trkpt lat="51.5622820" lon="-0.0913250">
    <ele>24.7</ele>
    <time>2023-12-10T10:28:11Z</time>
   </trkpt>
   <trkpt lat="51.5622490" lon="-0.0913190">
    <ele>24.7</ele>
    <time>2023-12-10T10:28:12Z</time>
   </trkpt>
   <trkpt lat="51.5622160" lon="-0.0913320">
    <ele>24.7</ele>
    <time>2023-12-10T10:28:13Z</time>
   </trkpt>
   <trkpt lat="51.5622000" lon="-0.0913290">
    <ele>24.7</ele>
    <time>2023-12-10T10:28:14Z</time>
   </trkpt>
   <trkpt lat="51.5621650" lon="-0.0913450">
    <ele>24.7</ele>
    <time>2023-12-10T10:28:15Z</time>
   </trkpt>
   <trkpt lat="51.5621410" lon="-0.0913450">
    <ele>24.7</ele>
    <time>2023-12-10T10:28:16Z</time>
   </trkpt>
   <trkpt lat="51.5620990" lon="-0.0913560">
    <ele>24.7</ele>
    <time>2023-12-10T10:28:17Z</time>
   </trkpt>
   <trkpt lat="51.5620490" lon="-0.0913460">
    <ele>24.7</ele>
    <time>2023-12-10T10:28:18Z</time>
   </trkpt>
   <trkpt lat="51.5620050" lon="-0.0913590">
    <ele>24.6</ele>
    <time>2023-12-10T10:28:19Z</time>
   </trkpt>
   <trkpt lat="51.5619610" lon="-0.0913710">
    <ele>24.6</ele>
    <time>2023-12-10T10:28:20Z</time>
   </trkpt>
   <trkpt lat="51.5619250" lon="-0.0913720">
    <ele>24.6</ele>
    <time>2023-12-10T10:28:21Z</time>
   </trkpt>
   <trkpt lat="51.5618990" lon="-0.0913990">
    <ele>24.6</ele>
    <time>2023-12-10T10:28:22Z</time>
   </trkpt>
   <trkpt lat="51.5618570" lon="-0.0914130">
    <ele>24.7</ele>
    <time>2023-12-10T10:28:23Z</time>
   </trkpt>
   <trkpt lat="51.5618300" lon="-0.0914370">
    <ele>24.7</ele>
    <time>2023-12-10T10:28:24Z</time>
   </trkpt>
   <trkpt lat="51.5618170" lon="-0.0914400">
    <ele>24.7</ele>
    <time>2023-12-10T10:28:25Z</time>
   </trkpt>
   <trkpt lat="51.5617720" lon="-0.0914290">
    <ele>24.7</ele>
    <time>2023-12-10T10:28:26Z</time>
   </trkpt>
   <trkpt lat="51.5617220" lon="-0.0914080">
    <ele>24.7</ele>
    <time>2023-12-10T10:28:27Z</time>
   </trkpt>
   <trkpt lat="51.5616870" lon="-0.0913920">
    <ele>24.8</ele>
    <time>2023-12-10T10:28:28Z</time>
   </trkpt>
   <trkpt lat="51.5616770" lon="-0.0913870">
    <ele>24.8</ele>
    <time>2023-12-10T10:28:29Z</time>
   </trkpt>
   <trkpt lat="51.5616250" lon="-0.0913620">
    <ele>24.8</ele>
    <time>2023-12-10T10:28:30Z</time>
   </trkpt>
   <trkpt lat="51.5615940" lon="-0.0913590">
    <ele>24.9</ele>
    <time>2023-12-10T10:28:31Z</time>
   </trkpt>
   <trkpt lat="51.5615480" lon="-0.0913580">
    <ele>24.9</ele>
    <time>2023-12-10T10:28:32Z</time>
   </trkpt>
   <trkpt lat="51.5615050" lon="-0.0913690">
    <ele>25.0</ele>
    <time>2023-12-10T10:28:33Z</time>
   </trkpt>
   <trkpt lat="51.5614840" lon="-0.0913640">
    <ele>25.0</ele>
    <time>2023-12-10T10:28:34Z</time>
   </trkpt>
   <trkpt lat="51.5614480" lon="-0.0913670">
    <ele>25.1</ele>
    <time>2023-12-10T10:28:35Z</time>
   </trkpt>
   <trkpt lat="51.5614120" lon="-0.0913630">
    <ele>25.1</ele>
    <time>2023-12-10T10:28:36Z</time>
   </trkpt>
   <trkpt lat="51.5613820" lon="-0.0913920">
    <ele>25.2</ele>
    <time>2023-12-10T10:28:37Z</time>
   </trkpt>
   <trkpt lat="51.5613410" lon="-0.0914010">
    <ele>25.3</ele>
    <time>2023-12-10T10:28:38Z</time>
   </trkpt>
   <trkpt lat="51.5612950" lon="-0.0914100">
    <ele>25.4</ele>
    <time>2023-12-10T10:28:39Z</time>
   </trkpt>
   <trkpt lat="51.5612460" lon="-0.0914230">
    <ele>25.5</ele>
    <time>2023-12-10T10:28:40Z</time>
   </trkpt>
   <trkpt lat="51.5612240" lon="-0.0914330">
    <ele>25.6</ele>
    <time>2023-12-10T10:28:41Z</time>
   </trkpt>
   <trkpt lat="51.5611830" lon="-0.0914320">
    <ele>25.7</ele>
    <time>2023-12-10T10:28:42Z</time>
   </trkpt>
   <trkpt lat="51.5611680" lon="-0.0914360">
    <ele>25.7</ele>
    <time>2023-12-10T10:28:43Z</time>
   </trkpt>
   <trkpt lat="51.5611360" lon="-0.0914450">
    <ele>25.8</ele>
    <time>2023-12-10T10:28:44Z</time>
   </trkpt>
   <trkpt lat="51.5610780" lon="-0.0914240">
    <ele>26.0</ele>
    <time>2023-12-10T10:28:45Z</time>
   </trkpt>
   <trkpt lat="51.5610440" lon="-0.0914190">
    <ele>26.1</ele>
    <time>2023-12-10T10:28:46Z</time>
   </trkpt>
   <trkpt lat="51.5610150" lon="-0.0914520">
    <ele>26.2</ele>
    <time>2023-12-10T10:28:47Z</time>
   </trkpt>
   <trkpt lat="51.5609790" lon="-0.0914530">
    <ele>26.3</ele>
    <time>2023-12-10T10:28:48Z</time>
   </trkpt>
   <trkpt lat="51.5609300" lon="-0.0914450">
    <ele>26.4</ele>
    <time>2023-12-10T10:28:49Z</time>
   </trkpt>
   <trkpt lat="51.5608920" lon="-0.0914470">
    <ele>26.5</ele>
    <time>2023-12-10T10:28:50Z</time>
   </trkpt>
   <trkpt lat="51.5608750" lon="-0.0914490">
    <ele>26.6</ele>
    <time>2023-12-10T10:28:51Z</time>
   </trkpt>
   <trkpt lat="51.5608320" lon="-0.0914520">
    <ele>26.7</ele>
    <time>2023-12-10T10:28:52Z</time>
   </trkpt>
   <trkpt lat="51.5607860" lon="-0.0914590">
    <ele>26.9</ele>
    <time>2023-12-10T10:28:53Z</time>
   </trkpt>
   <trkpt lat="51.5607520" lon="-0.0914650">
    <ele>27.0</ele>
    <time>2023-12-10T10:28:54Z</time>
   </trkpt>
   <trkpt lat="51.5607100" lon="-0.0914570">
    <ele>27.2</ele>
    <time>2023-12-10T10:28:55Z</time>
   </trkpt>
   <trkpt lat="51.5606630" lon="-0.0914660">
    <ele>27.4</ele>
    <time>2023-12-10T10:28:56Z</time>
   </trkpt>
   <trkpt lat="51.5606220" lon="-0.0914670">
    <ele>27.6</ele>
    <time>2023-12-10T10:28:57Z</time>
   </trkpt>
   <trkpt lat="51.5605860" lon="-0.0914800">
    <ele>27.8</ele>
    <time>2023-12-10T10:28:58Z</time>
   </trkpt>
   <trkpt lat="51.5605670" lon="-0.0914730">
    <ele>27.9</ele>
    <time>2023-12-10T10:28:59Z</time>
   </trkpt>
   <trkpt lat="51.5605380" lon="-0.0914640">
    <ele>28.0</ele>
    <time>2023-12-10T10:29:00Z</time>
   </trkpt>
   <trkpt lat="51.5604880" lon="-0.0914420">
    <ele>28.3</ele>
    <time>2023-12-10T10:29:01Z</time>
   </trkpt>
   <trkpt lat="51.5604590" lon="-0.0914250">
    <ele>28.5</ele>
    <time>2023-12-10T10:29:02Z</time>
   </trkpt>
   <trkpt lat="51.5604200" lon="-0.0914070">
    <ele>28.7</ele>
    <time>2023-12-10T10:29:03Z</time>
   </trkpt>
   <trkpt lat="51.5603730" lon="-0.0913920">
    <ele>29.0</ele>
    <time>2023-12-10T10:29:04Z</time>
   </trkpt>
   <trkpt lat="51.5603400" lon="-0.0913910">
    <ele>29.1</ele>
    <time>2023-12-10T10:29:05Z</time>
   </trkpt>
   <trkpt lat="51.5603030" lon="-0.0913710">
    <ele>29.2</ele>
    <time>2023-12-10T10:29:06Z</time>
   </trkpt>
   <trkpt lat="51.5602670" lon="-0.0913500">
    <ele>29.4</ele>
    <time>2023-12-10T10:29:07Z</time>
   </trkpt>
   <trkpt lat="51.5602370" lon="-0.0913240">
    <ele>29.5</ele>
    <time>2023-12-10T10:29:08Z</time>
   </trkpt>
   <trkpt lat="51.5602100" lon="-0.0912990">
    <ele>29.6</ele>
    <time>2023-12-10T10:29:09Z</time>
   </trkpt>
   <trkpt lat="51.5601620" lon="-0.0912770">
    <ele>29.8</ele>
    <time>2023-12-10T10:29:10Z</time>
   </trkpt>
   <trkpt lat="51.5601260" lon="-0.0912460">
    <ele>29.9</ele>
    <time>2023-12-10T10:29:11Z</time>
   </trkpt>
   <trkpt lat="51.5600950" lon="-0.0912180">
    <ele>30.0</ele>
    <time>2023-12-10T10:29:12Z</time>
   </trkpt>
   <trkpt lat="51.5600610" lon="-0.0911860">
    <ele>30.1</ele>
    <time>2023-12-10T10:29:13Z</time>
   </trkpt>
   <trkpt lat="51.5600260" lon="-0.0911720">
    <ele>30.1</ele>
    <time>2023-12-10T10:29:14Z</time>
   </trkpt>
   <trkpt lat="51.5599940" lon="-0.0911550">
    <ele>30.3</ele>
    <time>2023-12-10T10:29:15Z</time>
   </trkpt>
   <trkpt lat="51.5599490" lon="-0.0911510">
    <ele>30.4</ele>
    <time>2023-12-10T10:29:16Z</time>
   </trkpt>
   <trkpt lat="51.5599170" lon="-0.0911200">
    <ele>30.5</ele>
    <time>2023-12-10T10:29:17Z</time>
   </trkpt>
   <trkpt lat="51.5598680" lon="-0.0910950">
    <ele>30.7</ele>
    <time>2023-12-10T10:29:18Z</time>
   </trkpt>
   <trkpt lat="51.5598350" lon="-0.0910830">
    <ele>30.8</ele>
    <time>2023-12-10T10:29:19Z</time>
   </trkpt>
   <trkpt lat="51.5598070" lon="-0.0910780">
    <ele>30.9</ele>
    <time>2023-12-10T10:29:20Z</time>
   </trkpt>
   <trkpt lat="51.5597760" lon="-0.0910640">
    <ele>31.0</ele>
    <time>2023-12-10T10:29:21Z</time>
   </trkpt>
   <trkpt lat="51.5597430" lon="-0.0910560">
    <ele>31.1</ele>
    <time>2023-12-10T10:29:22Z</time>
   </trkpt>
   <trkpt lat="51.5597050" lon="-0.0910440">
    <ele>31.3</ele>
    <time>2023-12-10T10:29:23Z</time>
   </trkpt>
   <trkpt lat="51.5596700" lon="-0.0910330">
    <ele>31.4</ele>
    <time>2023-12-10T10:29:24Z</time>
   </trkpt>
   <trkpt lat="51.5596320" lon="-0.0910180">
    <ele>31.5</ele>
    <time>2023-12-10T10:29:25Z</time>
   </trkpt>
   <trkpt lat="51.5596170" lon="-0.0910150">
    <ele>31.6</ele>
    <time>2023-12-10T10:29:26Z</time>
   </trkpt>
   <trkpt lat="51.5595800" lon="-0.0910110">
    <ele>31.7</ele>
    <time>2023-12-10T10:29:27Z</time>
   </trkpt>
   <trkpt lat="51.5595450" lon="-0.0910100">
    <ele>31.7</ele>
    <time>2023-12-10T10:29:28Z</time>
   </trkpt>
   <trkpt lat="51.5595160" lon="-0.0909890">
    <ele>31.8</ele>
    <time>2023-12-10T10:29:29Z</time>
   </trkpt>
   <trkpt lat="51.5594780" lon="-0.0909600">
    <ele>31.9</ele>
    <time>2023-12-10T10:29:30Z</time>
   </trkpt>
   <trkpt lat="51.5594620" lon="-0.0909460">
    <ele>31.9</ele>
    <time>2023-12-10T10:29:31Z</time>
   </trkpt>
   <trkpt lat="51.5594350" lon="-0.0909220">
    <ele>32.0</ele>
    <time>2023-12-10T10:29:32Z</time>
   </trkpt>
   <trkpt lat="51.5594070" lon="-0.0908810">
    <ele>32.0</ele>
    <time>2023-12-10T10:29:33Z</time>
   </trkpt>
   <trkpt lat="51.5593750" lon="-0.0908590">
    <ele>32.0</ele>
    <time>2023-12-10T10:29:34Z</time>
   </trkpt>
   <trkpt lat="51.5593450" lon="-0.0908260">
    <ele>32.0</ele>
    <time>2023-12-10T10:29:35Z</time>
   </trkpt>
   <trkpt lat="51.5593190" lon="-0.0908130">
    <ele>32.0</ele>
    <time>2023-12-10T10:29:36Z</time>
   </trkpt>
   <trkpt lat="51.5592930" lon="-0.0907980">
    <ele>32.0</ele>
    <time>2023-12-10T10:29:37Z</time>
   </trkpt>
   <trkpt lat="51.5592660" lon="-0.0907920">
    <ele>32.0</ele>
    <time>2023-12-10T10:29:38Z</time>
   </trkpt>
   <trkpt lat="51.5592320" lon="-0.0907660">
    <ele>31.9</ele>
    <time>2023-12-10T10:29:39Z</time>
   </trkpt>
   <trkpt lat="51.5591970" lon="-0.0907350">
    <ele>31.9</ele>
    <time>2023-12-10T10:29:40Z</time>
   </trkpt>
   <trkpt lat="51.5591660" lon="-0.0907190">
    <ele>31.9</ele>
    <time>2023-12-10T10:29:41Z</time>
   </trkpt>
   <trkpt lat="51.5591410" lon="-0.0906890">
    <ele>31.9</ele>
    <time>2023-12-10T10:29:42Z</time>
   </trkpt>
   <trkpt lat="51.5591100" lon="-0.0906770">
    <ele>31.8</ele>
    <time>2023-12-10T10:29:43Z</time>
   </trkpt>
   <trkpt lat="51.5590780" lon="-0.0906450">
    <ele>31.8</ele>
    <time>2023-12-10T10:29:44Z</time>
   </trkpt>
   <trkpt lat="51.5590200" lon="-0.0906300">
    <ele>31.7</ele>
    <time>2023-12-10T10:29:45Z</time>
   </trkpt>
   <trkpt lat="51.5589940" lon="-0.0906020">
    <ele>31.6</ele>
    <time>2023-12-10T10:29:46Z</time>
   </trkpt>
   <trkpt lat="51.5589660" lon="-0.0905980">
    <ele>31.6</ele>
    <time>2023-12-10T10:29:47Z</time>
   </trkpt>
   <trkpt lat="51.5589310" lon="-0.0905730">
    <ele>31.5</ele>
    <time>2023-12-10T10:29:48Z</time>
   </trkpt>
   <trkpt lat="51.5588960" lon="-0.0905400">
    <ele>31.4</ele>
    <time>2023-12-10T10:29:49Z</time>
   </trkpt>
   <trkpt lat="51.5588650" lon="-0.0905220">
    <ele>31.4</ele>
    <time>2023-12-10T10:29:50Z</time>
   </trkpt>
   <trkpt lat="51.5588350" lon="-0.0905050">
    <ele>31.3</ele>
    <time>2023-12-10T10:29:51Z</time>
   </trkpt>
   <trkpt lat="51.5588060" lon="-0.0904870">
    <ele>31.3</ele>
    <time>2023-12-10T10:29:52Z</time>
   </trkpt>
   <trkpt lat="51.5587820" lon="-0.0904380">
    <ele>31.2</ele>
    <time>2023-12-10T10:29:53Z</time>
   </trkpt>
   <trkpt lat="51.5587360" lon="-0.0904350">
    <ele>31.1</ele>
    <time>2023-12-10T10:29:54Z</time>
   </trkpt>
   <trkpt lat="51.5586980" lon="-0.0904170">
    <ele>31.1</ele>
    <time>2023-12-10T10:29:55Z</time>
   </trkpt>
   <trkpt lat="51.5586680" lon="-0.0903900">
    <ele>31.0</ele>
    <time>2023-12-10T10:29:56Z</time>
   </trkpt>
   <trkpt lat="51.5586260" lon="-0.0903580">
    <ele>31.0</ele>
    <time>2023-12-10T10:29:57Z</time>
   </trkpt>
   <trkpt lat="51.5586050" lon="-0.0903470">
    <ele>30.9</ele>
    <time>2023-12-10T10:29:58Z</time>
   </trkpt>
   <trkpt lat="51.5585680" lon="-0.0903130">
    <ele>30.9</ele>
    <time>2023-12-10T10:29:59Z</time>
   </trkpt>
   <trkpt lat="51.5585300" lon="-0.0903030">
    <ele>30.8</ele>
    <time>2023-12-10T10:30:00Z</time>
   </trkpt>
   <trkpt lat="51.5584880" lon="-0.0902850">
    <ele>30.7</ele>
    <time>2023-12-10T10:30:01Z</time>
   </trkpt>
   <trkpt lat="51.5584480" lon="-0.0902720">
    <ele>30.7</ele>
    <time>2023-12-10T10:30:02Z</time>
   </trkpt>
   <trkpt lat="51.5584060" lon="-0.0902610">
    <ele>30.6</ele>
    <time>2023-12-10T10:30:03Z</time>
   </trkpt>
   <trkpt lat="51.5583630" lon="-0.0902500">
    <ele>30.5</ele>
    <time>2023-12-10T10:30:04Z</time>
   </trkpt>
   <trkpt lat="51.5583180" lon="-0.0902500">
    <ele>30.5</ele>
    <time>2023-12-10T10:30:05Z</time>
   </trkpt>
   <trkpt lat="51.5582810" lon="-0.0902280">
    <ele>30.4</ele>
    <time>2023-12-10T10:30:06Z</time>
   </trkpt>
   <trkpt lat="51.5582650" lon="-0.0902250">
    <ele>30.4</ele>
    <time>2023-12-10T10:30:07Z</time>
   </trkpt>
   <trkpt lat="51.5582300" lon="-0.0902170">
    <ele>30.4</ele>
    <time>2023-12-10T10:30:08Z</time>
   </trkpt>
   <trkpt lat="51.5582060" lon="-0.0901900">
    <ele>30.4</ele>
    <time>2023-12-10T10:30:09Z</time>
   </trkpt>
   <trkpt lat="51.5581610" lon="-0.0901700">
    <ele>30.3</ele>
    <time>2023-12-10T10:30:10Z</time>
   </trkpt>
   <trkpt lat="51.5581360" lon="-0.0901430">
    <ele>30.3</ele>
    <time>2023-12-10T10:30:11Z</time>
   </trkpt>
   <trkpt lat="51.5581380" lon="-0.0900680">
    <ele>30.1</ele>
    <time>2023-12-10T10:30:12Z</time>
   </trkpt>
   <trkpt lat="51.5581410" lon="-0.0900070">
    <ele>30.1</ele>
    <time>2023-12-10T10:30:13Z</time>
   </trkpt>
   <trkpt lat="51.5581850" lon="-0.0899780">
    <ele>30.0</ele>
    <time>2023-12-10T10:30:14Z</time>
   </trkpt>
   <trkpt lat="51.5582190" lon="-0.0899480">
    <ele>30.0</ele>
    <time>2023-12-10T10:30:15Z</time>
   </trkpt>
   <trkpt lat="51.5582560" lon="-0.0899270">
    <ele>30.0</ele>
    <time>2023-12-10T10:30:16Z</time>
   </trkpt>
   <trkpt lat="51.5582900" lon="-0.0899010">
    <ele>29.9</ele>
    <time>2023-12-10T10:30:17Z</time>
   </trkpt>
   <trkpt lat="51.5583200" lon="-0.0898800">
    <ele>29.9</ele>
    <time>2023-12-10T10:30:18Z</time>
   </trkpt>
   <trkpt lat="51.5583480" lon="-0.0898510">
    <ele>29.9</ele>
    <time>2023-12-10T10:30:19Z</time>
   </trkpt>
   <trkpt lat="51.5583820" lon="-0.0898300">
    <ele>29.9</ele>
    <time>2023-12-10T10:30:20Z</time>
   </trkpt>
   <trkpt lat="51.5584170" lon="-0.0898090">
    <ele>29.9</ele>
    <time>2023-12-10T10:30:21Z</time>
   </trkpt>
   <trkpt lat="51.5584490" lon="-0.0897910">
    <ele>29.9</ele>
    <time>2023-12-10T10:30:22Z</time>
   </trkpt>
   <trkpt lat="51.5584800" lon="-0.0897550">
    <ele>29.9</ele>
    <time>2023-12-10T10:30:23Z</time>
   </trkpt>
   <trkpt lat="51.5585140" lon="-0.0897400">
    <ele>29.9</ele>
    <time>2023-12-10T10:30:24Z</time>
   </trkpt>
   <trkpt lat="51.5585380" lon="-0.0897160">
    <ele>29.9</ele>
    <time>2023-12-10T10:30:25Z</time>
   </trkpt>
   <trkpt lat="51.5585660" lon="-0.0897080">
    <ele>29.9</ele>
    <time>2023-12-10T10:30:26Z</time>
   </trkpt>
   <trkpt lat="51.5586030" lon="-0.0896840">
    <ele>29.9</ele>
    <time>2023-12-10T10:30:27Z</time>
   </trkpt>
   <trkpt lat="51.5586390" lon="-0.0896650">
    <ele>29.9</ele>
    <time>2023-12-10T10:30:28Z</time>
   </trkpt>
   <trkpt lat="51.5586760" lon="-0.0896500">
    <ele>29.9</ele>
    <time>2023-12-10T10:30:29Z</time>
   </trkpt>
   <trkpt lat="51.5587100" lon="-0.0896260">
    <ele>29.9</ele>
    <time>2023-12-10T10:30:30Z</time>
   </trkpt>
   <trkpt lat="51.5587400" lon="-0.0896100">
    <ele>29.9</ele>
    <time>2023-12-10T10:30:31Z</time>
   </trkpt>
   <trkpt lat="51.5587780" lon="-0.0895950">
    <ele>29.9</ele>
    <time>2023-12-10T10:30:32Z</time>
   </trkpt>
   <trkpt lat="51.5588060" lon="-0.0895640">
    <ele>29.9</ele>
    <time>2023-12-10T10:30:33Z</time>
   </trkpt>
   <trkpt lat="51.5588420" lon="-0.0895600">
    <ele>29.9</ele>
    <time>2023-12-10T10:30:34Z</time>
   </trkpt>
   <trkpt lat="51.5588600" lon="-0.0895630">
    <ele>29.9</ele>
    <time>2023-12-10T10:30:35Z</time>
   </trkpt>
   <trkpt lat="51.5588990" lon="-0.0895400">
    <ele>30.0</ele>
    <time>2023-12-10T10:30:36Z</time>
   </trkpt>
   <trkpt lat="51.5589330" lon="-0.0895120">
    <ele>30.0</ele>
    <time>2023-12-10T10:30:37Z</time>
   </trkpt>
   <trkpt lat="51.5589670" lon="-0.0894860">
    <ele>30.0</ele>
    <time>2023-12-10T10:30:38Z</time>
   </trkpt>
   <trkpt lat="51.5590020" lon="-0.0894610">
    <ele>30.1</ele>
    <time>2023-12-10T10:30:39Z</time>
   </trkpt>
   <trkpt lat="51.5590310" lon="-0.0894430">
    <ele>30.1</ele>
    <time>2023-12-10T10:30:40Z</time>
   </trkpt>
   <trkpt lat="51.5590620" lon="-0.0894310">
    <ele>30.1</ele>
    <time>2023-12-10T10:30:41Z</time>
   </trkpt>
   <trkpt lat="51.5590970" lon="-0.0893920">
    <ele>30.2</ele>
    <time>2023-12-10T10:30:42Z</time>
   </trkpt>
   <trkpt lat="51.5591370" lon="-0.0893830">
    <ele>30.2</ele>
    <time>2023-12-10T10:30:43Z</time>
   </trkpt>
   <trkpt lat="51.5591810" lon="-0.0893930">
    <ele>30.3</ele>
    <time>2023-12-10T10:30:44Z</time>
   </trkpt>
   <trkpt lat="51.5592140" lon="-0.0893970">
    <ele>30.4</ele>
    <time>2023-12-10T10:30:45Z</time>
   </trkpt>
   <trkpt lat="51.5592450" lon="-0.0894090">
    <ele>30.4</ele>
    <time>2023-12-10T10:30:46Z</time>
   </trkpt>
   <trkpt lat="51.5592800" lon="-0.0894230">
    <ele>30.5</ele>
    <time>2023-12-10T10:30:47Z</time>
   </trkpt>
   <trkpt lat="51.5593180" lon="-0.0894140">
    <ele>30.5</ele>
    <time>2023-12-10T10:30:48Z</time>
   </trkpt>
   <trkpt lat="51.5593510" lon="-0.0893930">
    <ele>30.6</ele>
    <time>2023-12-10T10:30:49Z</time>
   </trkpt>
   <trkpt lat="51.5593870" lon="-0.0893760">
    <ele>30.6</ele>
    <time>2023-12-10T10:30:50Z</time>
   </trkpt>
   <trkpt lat="51.5594210" lon="-0.0893670">
    <ele>30.7</ele>
    <time>2023-12-10T10:30:51Z</time>
   </trkpt>
   <trkpt lat="51.5594570" lon="-0.0893480">
    <ele>30.7</ele>
    <time>2023-12-10T10:30:52Z</time>
   </trkpt>
   <trkpt lat="51.5594890" lon="-0.0893400">
    <ele>30.7</ele>
    <time>2023-12-10T10:30:53Z</time>
   </trkpt>
   <trkpt lat="51.5595220" lon="-0.0893330">
    <ele>30.8</ele>
    <time>2023-12-10T10:30:54Z</time>
   </trkpt>
   <trkpt lat="51.5595660" lon="-0.0893280">
    <ele>30.8</ele>
    <time>2023-12-10T10:30:55Z</time>
   </trkpt>
   <trkpt lat="51.5595830" lon="-0.0893220">
    <ele>30.9</ele>
    <time>2023-12-10T10:30:56Z</time>
   </trkpt>
   <trkpt lat="51.5596180" lon="-0.0893030">
    <ele>30.9</ele>
    <time>2023-12-10T10:30:57Z</time>
   </trkpt>
   <trkpt lat="51.5596500" lon="-0.0893140">
    <ele>30.9</ele>
    <time>2023-12-10T10:30:58Z</time>
   </trkpt>
   <trkpt lat="51.5596870" lon="-0.0893240">
    <ele>31.0</ele>
    <time>2023-12-10T10:30:59Z</time>
   </trkpt>
   <trkpt lat="51.5597210" lon="-0.0893260">
    <ele>31.0</ele>
    <time>2023-12-10T10:31:00Z</time>
   </trkpt>
   <trkpt lat="51.5597480" lon="-0.0893460">
    <ele>31.0</ele>
    <time>2023-12-10T10:31:01Z</time>
   </trkpt>
   <trkpt lat="51.5597790" lon="-0.0893430">
    <ele>31.0</ele>
    <time>2023-12-10T10:31:02Z</time>
   </trkpt>
   <trkpt lat="51.5598210" lon="-0.0893160">
    <ele>31.0</ele>
    <time>2023-12-10T10:31:03Z</time>
   </trkpt>
   <trkpt lat="51.5598600" lon="-0.0892940">
    <ele>31.1</ele>
    <time>2023-12-10T10:31:04Z</time>
   </trkpt>
   <trkpt lat="51.5598950" lon="-0.0892550">
    <ele>31.1</ele>
    <time>2023-12-10T10:31:05Z</time>
   </trkpt>
   <trkpt lat="51.5599280" lon="-0.0892030">
    <ele>31.1</ele>
    <time>2023-12-10T10:31:06Z</time>
   </trkpt>
   <trkpt lat="51.5599600" lon="-0.0891550">
    <ele>31.0</ele>
    <time>2023-12-10T10:31:07Z</time>
   </trkpt>
   <trkpt lat="51.5599900" lon="-0.0891230">
    <ele>31.0</ele>
    <time>2023-12-10T10:31:08Z</time>
   </trkpt>
   <trkpt lat="51.5600180" lon="-0.0890700">
    <ele>31.0</ele>
    <time>2023-12-10T10:31:09Z</time>
   </trkpt>
   <trkpt lat="51.5600500" lon="-0.0890210">
    <ele>31.0</ele>
    <time>2023-12-10T10:31:10Z</time>
   </trkpt>
   <trkpt lat="51.5600610" lon="-0.0889640">
    <ele>30.9</ele>
    <time>2023-12-10T10:31:11Z</time>
   </trkpt>
   <trkpt lat="51.5600770" lon="-0.0889040">
    <ele>30.9</ele>
    <time>2023-12-10T10:31:12Z</time>
   </trkpt>
   <trkpt lat="51.5600900" lon="-0.0888380">
    <ele>30.8</ele>
    <time>2023-12-10T10:31:13Z</time>
   </trkpt>
   <trkpt lat="51.5601070" lon="-0.0887810">
    <ele>30.8</ele>
    <time>2023-12-10T10:31:14Z</time>
   </trkpt>
   <trkpt lat="51.5601250" lon="-0.0887260">
    <ele>30.7</ele>
    <time>2023-12-10T10:31:15Z</time>
   </trkpt>
   <trkpt lat="51.5601350" lon="-0.0886770">
    <ele>30.7</ele>
    <time>2023-12-10T10:31:16Z</time>
   </trkpt>
   <trkpt lat="51.5601470" lon="-0.0886220">
    <ele>30.7</ele>
    <time>2023-12-10T10:31:17Z</time>
   </trkpt>
   <trkpt lat="51.5601630" lon="-0.0885700">
    <ele>30.6</ele>
    <time>2023-12-10T10:31:18Z</time>
   </trkpt>
   <trkpt lat="51.5601820" lon="-0.0885160">
    <ele>30.6</ele>
    <time>2023-12-10T10:31:19Z</time>
   </trkpt>
   <trkpt lat="51.5601950" lon="-0.0884740">
    <ele>30.6</ele>
    <time>2023-12-10T10:31:20Z</time>
   </trkpt>
   <trkpt lat="51.5602100" lon="-0.0884030">
    <ele>30.5</ele>
    <time>2023-12-10T10:31:21Z</time>
   </trkpt>
   <trkpt lat="51.5602160" lon="-0.0883480">
    <ele>30.5</ele>
    <time>2023-12-10T10:31:22Z</time>
   </trkpt>
   <trkpt lat="51.5602230" lon="-0.0882950">
    <ele>30.5</ele>
    <time>2023-12-10T10:31:23Z</time>
   </trkpt>
   <trkpt lat="51.5602400" lon="-0.0882410">
    <ele>30.4</ele>
    <time>2023-12-10T10:31:24Z</time>
   </trkpt>
   <trkpt lat="51.5602480" lon="-0.0881800">
    <ele>30.4</ele>
    <time>2023-12-10T10:31:25Z</time>
   </trkpt>
   <trkpt lat="51.5602570" lon="-0.0881210">
    <ele>30.4</ele>
    <time>2023-12-10T10:31:26Z</time>
   </trkpt>
   <trkpt lat="51.5602640" lon="-0.0880680">
    <ele>30.4</ele>
    <time>2023-12-10T10:31:27Z</time>
   </trkpt>
   <trkpt lat="51.5602700" lon="-0.0880080">
    <ele>30.3</ele>
    <time>2023-12-10T10:31:28Z</time>
   </trkpt>
   <trkpt lat="51.5602820" lon="-0.0879540">
    <ele>30.3</ele>
    <time>2023-12-10T10:31:29Z</time>
   </trkpt>
   <trkpt lat="51.5602850" lon="-0.0879010">
    <ele>30.3</ele>
    <time>2023-12-10T10:31:30Z</time>
   </trkpt>
   <trkpt lat="51.5602630" lon="-0.0879060">
    <ele>30.3</ele>
    <time>2023-12-10T10:31:31Z</time>
   </trkpt>
   <trkpt lat="51.5602610" lon="-0.0878660">
    <ele>30.2</ele>
    <time>2023-12-10T10:31:32Z</time>
   </trkpt>
   <trkpt lat="51.5602600" lon="-0.0878220">
    <ele>30.2</ele>
    <time>2023-12-10T10:31:33Z</time>
   </trkpt>
   <trkpt lat="51.5602660" lon="-0.0877510">
    <ele>30.2</ele>
    <time>2023-12-10T10:31:34Z</time>
   </trkpt>
   <trkpt lat="51.5602710" lon="-0.0876870">
    <ele>30.2</ele>
    <time>2023-12-10T10:31:35Z</time>
   </trkpt>
   <trkpt lat="51.5602810" lon="-0.0876090">
    <ele>30.1</ele>
    <time>2023-12-10T10:31:36Z</time>
   </trkpt>
   <trkpt lat="51.5602970" lon="-0.0875500">
    <ele>30.1</ele>
    <time>2023-12-10T10:31:37Z</time>
   </trkpt>
   <trkpt lat="51.5603060" lon="-0.0874970">
    <ele>30.0</ele>
    <time>2023-12-10T10:31:38Z</time>
   </trkpt>
   <trkpt lat="51.5603070" lon="-0.0874270">
    <ele>30.0</ele>
    <time>2023-12-10T10:31:39Z</time>
   </trkpt>
   <trkpt lat="51.5603140" lon="-0.0873630">
    <ele>30.0</ele>
    <time>2023-12-10T10:31:40Z</time>
   </trkpt>
   <trkpt lat="51.5603220" lon="-0.0873000">
    <ele>30.0</ele>
    <time>2023-12-10T10:31:41Z</time>
   </trkpt>
   <trkpt lat="51.5603320" lon="-0.0872470">
    <ele>29.9</ele>
    <time>2023-12-10T10:31:42Z</time>
   </trkpt>
   <trkpt lat="51.5603400" lon="-0.0872160">
    <ele>29.9</ele>
    <time>2023-12-10T10:31:43Z</time>
   </trkpt>
   <trkpt lat="51.5603480" lon="-0.0871490">
    <ele>29.9</ele>
    <time>2023-12-10T10:31:44Z</time>
   </trkpt>
   <trkpt lat="51.5603630" lon="-0.0870830">
    <ele>29.8</ele>
    <time>2023-12-10T10:31:45Z</time>
   </trkpt>
   <trkpt lat="51.5603680" lon="-0.0870260">
    <ele>29.8</ele>
    <time>2023-12-10T10:31:46Z</time>
   </trkpt>
   <trkpt lat="51.5603730" lon="-0.0869700">
    <ele>29.8</ele>
    <time>2023-12-10T10:31:47Z</time>
   </trkpt>
   <trkpt lat="51.5603770" lon="-0.0869120">
    <ele>29.8</ele>
    <time>2023-12-10T10:31:48Z</time>
   </trkpt>
   <trkpt lat="51.5603860" lon="-0.0868650">
    <ele>29.8</ele>
    <time>2023-12-10T10:31:49Z</time>
   </trkpt>
   <trkpt lat="51.5604070" lon="-0.0868020">
    <ele>29.8</ele>
    <time>2023-12-10T10:31:50Z</time>
   </trkpt>
   <trkpt lat="51.5604180" lon="-0.0867440">
    <ele>29.8</ele>
    <time>2023-12-10T10:31:51Z</time>
   </trkpt>
   <trkpt lat="51.5604270" lon="-0.0866830">
    <ele>29.8</ele>
    <time>2023-12-10T10:31:52Z</time>
   </trkpt>
   <trkpt lat="51.5604380" lon="-0.0866210">
    <ele>29.8</ele>
    <time>2023-12-10T10:31:53Z</time>
   </trkpt>
   <trkpt lat="51.5604510" lon="-0.0865720">
    <ele>29.8</ele>
    <time>2023-12-10T10:31:54Z</time>
   </trkpt>
   <trkpt lat="51.5604640" lon="-0.0865240">
    <ele>29.8</ele>
    <time>2023-12-10T10:31:55Z</time>
   </trkpt>
   <trkpt lat="51.5604780" lon="-0.0864690">
    <ele>29.8</ele>
    <time>2023-12-10T10:31:56Z</time>
   </trkpt>
   <trkpt lat="51.5604990" lon="-0.0864190">
    <ele>29.8</ele>
    <time>2023-12-10T10:31:57Z</time>
   </trkpt>
   <trkpt lat="51.5605080" lon="-0.0864020">
    <ele>29.8</ele>
    <time>2023-12-10T10:31:58Z</time>
   </trkpt>
   <trkpt lat="51.5605260" lon="-0.0863750">
    <ele>29.9</ele>
    <time>2023-12-10T10:31:59Z</time>
   </trkpt>
   <trkpt lat="51.5605270" lon="-0.0863600">
    <ele>29.9</ele>
    <time>2023-12-10T10:32:00Z</time>
   </trkpt>
   <trkpt lat="51.5605480" lon="-0.0863360">
    <ele>29.9</ele>
    <time>2023-12-10T10:32:01Z</time>
   </trkpt>
   <trkpt lat="51.5605630" lon="-0.0863150">
    <ele>29.9</ele>
    <time>2023-12-10T10:32:02Z</time>
   </trkpt>
   <trkpt lat="51.5606040" lon="-0.0862810">
    <ele>29.8</ele>
    <time>2023-12-10T10:32:03Z</time>
   </trkpt>
   <trkpt lat="51.5606420" lon="-0.0863090">
    <ele>29.8</ele>
    <time>2023-12-10T10:32:04Z</time>
   </trkpt>
   <trkpt lat="51.5606860" lon="-0.0863360">
    <ele>29.7</ele>
    <time>2023-12-10T10:32:05Z</time>
   </trkpt>
   <trkpt lat="51.5607200" lon="-0.0863500">
    <ele>29.7</ele>
    <time>2023-12-10T10:32:06Z</time>
   </trkpt>
   <trkpt lat="51.5607470" lon="-0.0863560">
    <ele>29.6</ele>
    <time>2023-12-10T10:32:07Z</time>
   </trkpt>
   <trkpt lat="51.5607730" lon="-0.0863830">
    <ele>29.6</ele>
    <time>2023-12-10T10:32:08Z</time>
   </trkpt>
   <trkpt lat="51.5608070" lon="-0.0864100">
    <ele>29.5</ele>
    <time>2023-12-10T10:32:09Z</time>
   </trkpt>
   <trkpt lat="51.5608320" lon="-0.0864340">
    <ele>29.5</ele>
    <time>2023-12-10T10:32:10Z</time>
   </trkpt>
   <trkpt lat="51.5608660" lon="-0.0864600">
    <ele>29.5</ele>
    <time>2023-12-10T10:32:11Z</time>
   </trkpt>
   <trkpt lat="51.5609000" lon="-0.0864850">
    <ele>29.4</ele>
    <time>2023-12-10T10:32:12Z</time>
   </trkpt>
   <trkpt lat="51.5609350" lon="-0.0865190">
    <ele>29.4</ele>
    <time>2023-12-10T10:32:13Z</time>
   </trkpt>
   <trkpt lat="51.5609660" lon="-0.0865410">
    <ele>29.4</ele>
    <time>2023-12-10T10:32:14Z</time>
   </trkpt>
   <trkpt lat="51.5610010" lon="-0.0865590">
    <ele>29.4</ele>
    <time>2023-12-10T10:32:15Z</time>
   </trkpt>
   <trkpt lat="51.5610310" lon="-0.0865840">
    <ele>29.3</ele>
    <time>2023-12-10T10:32:16Z</time>
   </trkpt>
   <trkpt lat="51.5610670" lon="-0.0865850">
    <ele>29.3</ele>
    <time>2023-12-10T10:32:17Z</time>
   </trkpt>
   <trkpt lat="51.5610950" lon="-0.0866150">
    <ele>29.3</ele>
    <time>2023-12-10T10:32:18Z</time>
   </trkpt>
   <trkpt lat="51.5611210" lon="-0.0866540">
    <ele>29.3</ele>
    <time>2023-12-10T10:32:19Z</time>
   </trkpt>
   <trkpt lat="51.5611500" lon="-0.0866770">
    <ele>29.3</ele>
    <time>2023-12-10T10:32:20Z</time>
   </trkpt>
   <trkpt lat="51.5611850" lon="-0.0867020">
    <ele>29.2</ele>
    <time>2023-12-10T10:32:21Z</time>
   </trkpt>
   <trkpt lat="51.5612170" lon="-0.0867370">
    <ele>29.2</ele>
    <time>2023-12-10T10:32:22Z</time>
   </trkpt>
   <trkpt lat="51.5612430" lon="-0.0867660">
    <ele>29.2</ele>
    <time>2023-12-10T10:32:23Z</time>
   </trkpt>
   <trkpt lat="51.5612760" lon="-0.0867860">
    <ele>29.1</ele>
    <time>2023-12-10T10:32:24Z</time>
   </trkpt>
   <trkpt lat="51.5613110" lon="-0.0868130">
    <ele>29.1</ele>
    <time>2023-12-10T10:32:25Z</time>
   </trkpt>
   <trkpt lat="51.5613420" lon="-0.0868460">
    <ele>29.0</ele>
    <time>2023-12-10T10:32:26Z</time>
   </trkpt>
   <trkpt lat="51.5613780" lon="-0.0868500">
    <ele>28.9</ele>
    <time>2023-12-10T10:32:27Z</time>
   </trkpt>
   <trkpt lat="51.5614080" lon="-0.0868140">
    <ele>28.9</ele>
    <time>2023-12-10T10:32:28Z</time>
   </trkpt>
   <trkpt lat="51.5614420" lon="-0.0867770">
    <ele>28.8</ele>
    <time>2023-12-10T10:32:29Z</time>
   </trkpt>
   <trkpt lat="51.5614630" lon="-0.0867200">
    <ele>28.7</ele>
    <time>2023-12-10T10:32:30Z</time>
   </trkpt>
   <trkpt lat="51.5614770" lon="-0.0866750">
    <ele>28.7</ele>
    <time>2023-12-10T10:32:31Z</time>
   </trkpt>
   <trkpt lat="51.5614830" lon="-0.0866080">
    <ele>28.7</ele>
    <time>2023-12-10T10:32:32Z</time>
   </trkpt>
   <trkpt lat="51.5614840" lon="-0.0865470">
    <ele>28.6</ele>
    <time>2023-12-10T10:32:33Z</time>
   </trkpt>
   <trkpt lat="51.5614930" lon="-0.0864920">
    <ele>28.6</ele>
    <time>2023-12-10T10:32:34Z</time>
   </trkpt>
   <trkpt lat="51.5614950" lon="-0.0864660">
    <ele>28.6</ele>
    <time>2023-12-10T10:32:35Z</time>
   </trkpt>
   <trkpt lat="51.5614920" lon="-0.0863980">
    <ele>28.6</ele>
    <time>2023-12-10T10:32:36Z</time>
   </trkpt>
   <trkpt lat="51.5614870" lon="-0.0863220">
    <ele>28.5</ele>
    <time>2023-12-10T10:32:37Z</time>
   </trkpt>
   <trkpt lat="51.5614950" lon="-0.0862650">
    <ele>28.5</ele>
    <time>2023-12-10T10:32:38Z</time>
   </trkpt>
   <trkpt lat="51.5615070" lon="-0.0862100">
    <ele>28.5</ele>
    <time>2023-12-10T10:32:39Z</time>
   </trkpt>
   <trkpt lat="51.5615160" lon="-0.0861500">
    <ele>28.5</ele>
    <time>2023-12-10T10:32:40Z</time>
   </trkpt>
   <trkpt lat="51.5615260" lon="-0.0860840">
    <ele>28.5</ele>
    <time>2023-12-10T10:32:41Z</time>
   </trkpt>
   <trkpt lat="51.5615350" lon="-0.0860320">
    <ele>28.6</ele>
    <time>2023-12-10T10:32:42Z</time>
   </trkpt>
   <trkpt lat="51.5615470" lon="-0.0859660">
    <ele>28.6</ele>
    <time>2023-12-10T10:32:43Z</time>
   </trkpt>
   <trkpt lat="51.5615570" lon="-0.0859090">
    <ele>28.6</ele>
    <time>2023-12-10T10:32:44Z</time>
   </trkpt>
   <trkpt lat="51.5615440" lon="-0.0858390">
    <ele>28.7</ele>
    <time>2023-12-10T10:32:45Z</time>
   </trkpt>
   <trkpt lat="51.5615450" lon="-0.0857850">
    <ele>28.7</ele>
    <time>2023-12-10T10:32:46Z</time>
   </trkpt>
   <trkpt lat="51.5615370" lon="-0.0857150">
    <ele>28.8</ele>
    <time>2023-12-10T10:32:47Z</time>
   </trkpt>
   <trkpt lat="51.5615340" lon="-0.0856860">
    <ele>28.8</ele>
    <time>2023-12-10T10:32:48Z</time>
   </trkpt>
   <trkpt lat="51.5615390" lon="-0.0856320">
    <ele>28.9</ele>
    <time>2023-12-10T10:32:49Z</time>
   </trkpt>
   <trkpt lat="51.5615420" lon="-0.0855730">
    <ele>28.9</ele>
    <time>2023-12-10T10:32:50Z</time>
   </trkpt>
   <trkpt lat="51.5615470" lon="-0.0855060">
    <ele>28.9</ele>
    <time>2023-12-10T10:32:51Z</time>
   </trkpt>
   <trkpt lat="51.5615520" lon="-0.0854440">
    <ele>29.0</ele>
    <time>2023-12-10T10:32:52Z</time>
   </trkpt>
   <trkpt lat="51.5615710" lon="-0.0853730">
    <ele>29.0</ele>
    <time>2023-12-10T10:32:53Z</time>
   </trkpt>
   <trkpt lat="51.5615690" lon="-0.0853190">
    <ele>29.1</ele>
    <time>2023-12-10T10:32:54Z</time>
   </trkpt>
   <trkpt lat="51.5615780" lon="-0.0852620">
    <ele>29.1</ele>
    <time>2023-12-10T10:32:55Z</time>
   </trkpt>
   <trkpt lat="51.5616020" lon="-0.0852100">
    <ele>29.1</ele>
    <time>2023-12-10T10:32:56Z</time>
   </trkpt>
   <trkpt lat="51.5616240" lon="-0.0851490">
    <ele>29.1</ele>
    <time>2023-12-10T10:32:57Z</time>
   </trkpt>
   <trkpt lat="51.5616570" lon="-0.0851010">
    <ele>29.1</ele>
    <time>2023-12-10T10:32:58Z</time>
   </trkpt>
   <trkpt lat="51.5616690" lon="-0.0850470">
    <ele>29.2</ele>
    <time>2023-12-10T10:32:59Z</time>
   </trkpt>
   <trkpt lat="51.5616880" lon="-0.0849950">
    <ele>29.2</ele>
    <time>2023-12-10T10:33:00Z</time>
   </trkpt>
   <trkpt lat="51.5617170" lon="-0.0849860">
    <ele>29.2</ele>
    <time>2023-12-10T10:33:01Z</time>
   </trkpt>
   <trkpt lat="51.5617270" lon="-0.0849380">
    <ele>29.2</ele>
    <time>2023-12-10T10:33:02Z</time>
   </trkpt>
   <trkpt lat="51.5617330" lon="-0.0849110">
    <ele>29.2</ele>
    <time>2023-12-10T10:33:03Z</time>
   </trkpt>
   <trkpt lat="51.5617560" lon="-0.0848650">
    <ele>29.3</ele>
    <time>2023-12-10T10:33:04Z</time>
   </trkpt>
   <trkpt lat="51.5617600" lon="-0.0848410">
    <ele>29.3</ele>
    <time>2023-12-10T10:33:05Z</time>
   </trkpt>
   <trkpt lat="51.5617810" lon="-0.0847890">
    <ele>29.3</ele>
    <time>2023-12-10T10:33:06Z</time>
   </trkpt>
   <trkpt lat="51.5617990" lon="-0.0847440">
    <ele>29.3</ele>
    <time>2023-12-10T10:33:07Z</time>
   </trkpt>
   <trkpt lat="51.5618180" lon="-0.0846870">
    <ele>29.3</ele>
    <time>2023-12-10T10:33:08Z</time>
   </trkpt>
   <trkpt lat="51.5618250" lon="-0.0846250">
    <ele>29.3</ele>
    <time>2023-12-10T10:33:09Z</time>
   </trkpt>
   <trkpt lat="51.5618410" lon="-0.0845640">
    <ele>29.4</ele>
    <time>2023-12-10T10:33:10Z</time>
   </trkpt>
   <trkpt lat="51.5618610" lon="-0.0845010">
    <ele>29.4</ele>
    <time>2023-12-10T10:33:11Z</time>
   </trkpt>
   <trkpt lat="51.5618830" lon="-0.0844310">
    <ele>29.4</ele>
    <time>2023-12-10T10:33:12Z</time>
   </trkpt>
   <trkpt lat="51.5619070" lon="-0.0843760">
    <ele>29.3</ele>
    <time>2023-12-10T10:33:13Z</time>
   </trkpt>
   <trkpt lat="51.5619050" lon="-0.0842800">
    <ele>29.3</ele>
    <time>2023-12-10T10:33:14Z</time>
   </trkpt>
   <trkpt lat="51.5619250" lon="-0.0842240">
    <ele>29.2</ele>
    <time>2023-12-10T10:33:15Z</time>
   </trkpt>
   <trkpt lat="51.5619410" lon="-0.0841680">
    <ele>29.2</ele>
    <time>2023-12-10T10:33:16Z</time>
   </trkpt>
   <trkpt lat="51.5619600" lon="-0.0841300">
    <ele>29.2</ele>
    <time>2023-12-10T10:33:17Z</time>
   </trkpt>
   <trkpt lat="51.5619760" lon="-0.0840780">
    <ele>29.2</ele>
    <time>2023-12-10T10:33:18Z</time>
   </trkpt>
   <trkpt lat="51.5620030" lon="-0.0840510">
    <ele>29.2</ele>
    <time>2023-12-10T10:33:19Z</time>
   </trkpt>
   <trkpt lat="51.5620470" lon="-0.0840330">
    <ele>29.1</ele>
    <time>2023-12-10T10:33:20Z</time>
   </trkpt>
   <trkpt lat="51.5620780" lon="-0.0840470">
    <ele>29.0</ele>
    <time>2023-12-10T10:33:21Z</time>
   </trkpt>
   <trkpt lat="51.5621060" lon="-0.0840950">
    <ele>29.0</ele>
    <time>2023-12-10T10:33:22Z</time>
   </trkpt>
   <trkpt lat="51.5621390" lon="-0.0841200">
    <ele>28.9</ele>
    <time>2023-12-10T10:33:23Z</time>
   </trkpt>
   <trkpt lat="51.5621500" lon="-0.0841260">
    <ele>28.9</ele>
    <time>2023-12-10T10:33:24Z</time>
   </trkpt>
   <trkpt lat="51.5621750" lon="-0.0841840">
    <ele>28.7</ele>
    <time>2023-12-10T10:33:25Z</time>
   </trkpt>
   <trkpt lat="51.5621850" lon="-0.0842180">
    <ele>28.6</ele>
    <time>2023-12-10T10:33:26Z</time>
   </trkpt>
   <trkpt lat="51.5622080" lon="-0.0842650">
    <ele>28.4</ele>
    <time>2023-12-10T10:33:27Z</time>
   </trkpt>
   <trkpt lat="51.5622410" lon="-0.0843210">
    <ele>28.3</ele>
    <time>2023-12-10T10:33:28Z</time>
   </trkpt>
   <trkpt lat="51.5622730" lon="-0.0843740">
    <ele>28.0</ele>
    <time>2023-12-10T10:33:29Z</time>
   </trkpt>
   <trkpt lat="51.5623100" lon="-0.0844390">
    <ele>27.8</ele>
    <time>2023-12-10T10:33:30Z</time>
   </trkpt>
   <trkpt lat="51.5623220" lon="-0.0844850">
    <ele>27.7</ele>
    <time>2023-12-10T10:33:31Z</time>
   </trkpt>
   <trkpt lat="51.5623400" lon="-0.0845260">
    <ele>27.5</ele>
    <time>2023-12-10T10:33:32Z</time>
   </trkpt>
   <trkpt lat="51.5623740" lon="-0.0845650">
    <ele>27.3</ele>
    <time>2023-12-10T10:33:33Z</time>
   </trkpt>
   <trkpt lat="51.5623970" lon="-0.0846040">
    <ele>27.2</ele>
    <time>2023-12-10T10:33:34Z</time>
   </trkpt>
   <trkpt lat="51.5624420" lon="-0.0846600">
    <ele>26.9</ele>
    <time>2023-12-10T10:33:35Z</time>
   </trkpt>
   <trkpt lat="51.5624760" lon="-0.0847030">
    <ele>26.7</ele>
    <time>2023-12-10T10:33:36Z</time>
   </trkpt>
   <trkpt lat="51.5625060" lon="-0.0847490">
    <ele>26.5</ele>
    <time>2023-12-10T10:33:37Z</time>
   </trkpt>
   <trkpt lat="51.5625340" lon="-0.0847880">
    <ele>26.4</ele>
    <time>2023-12-10T10:33:38Z</time>
   </trkpt>
   <trkpt lat="51.5625670" lon="-0.0848310">
    <ele>26.3</ele>
    <time>2023-12-10T10:33:39Z</time>
   </trkpt>
   <trkpt lat="51.5626000" lon="-0.0848820">
    <ele>26.2</ele>
    <time>2023-12-10T10:33:40Z</time>
   </trkpt>
   <trkpt lat="51.5626400" lon="-0.0849240">
    <ele>26.1</ele>
    <time>2023-12-10T10:33:41Z</time>
   </trkpt>
   <trkpt lat="51.5626720" lon="-0.0849600">
    <ele>26.0</ele>
    <time>2023-12-10T10:33:42Z</time>
   </trkpt>
   <trkpt lat="51.5626980" lon="-0.0850130">
    <ele>25.8</ele>
    <time>2023-12-10T10:33:43Z</time>
   </trkpt>
   <trkpt lat="51.5627270" lon="-0.0850580">
    <ele>25.7</ele>
    <time>2023-12-10T10:33:44Z</time>
   </trkpt>
   <trkpt lat="51.5627280" lon="-0.0850710">
    <ele>25.6</ele>
    <time>2023-12-10T10:33:45Z</time>
   </trkpt>
   <trkpt lat="51.5627410" lon="-0.0850980">
    <ele>25.6</ele>
    <time>2023-12-10T10:33:46Z</time>
   </trkpt>
   <trkpt lat="51.5627680" lon="-0.0851330">
    <ele>25.4</ele>
    <time>2023-12-10T10:33:47Z</time>
   </trkpt>
   <trkpt lat="51.5627900" lon="-0.0851930">
    <ele>25.3</ele>
    <time>2023-12-10T10:33:48Z</time>
   </trkpt>
   <trkpt lat="51.5627980" lon="-0.0852160">
    <ele>25.2</ele>
    <time>2023-12-10T10:33:49Z</time>
   </trkpt>
   <trkpt lat="51.5628330" lon="-0.0852580">
    <ele>25.1</ele>
    <time>2023-12-10T10:33:50Z</time>
   </trkpt>
   <trkpt lat="51.5628700" lon="-0.0852780">
    <ele>24.9</ele>
    <time>2023-12-10T10:33:51Z</time>
   </trkpt>
   <trkpt lat="51.5629030" lon="-0.0853280">
    <ele>24.8</ele>
    <time>2023-12-10T10:33:52Z</time>
   </trkpt>
   <trkpt lat="51.5629450" lon="-0.0853830">
    <ele>24.7</ele>
    <time>2023-12-10T10:33:53Z</time>
   </trkpt>
   <trkpt lat="51.5629860" lon="-0.0854360">
    <ele>24.6</ele>
    <time>2023-12-10T10:33:54Z</time>
   </trkpt>
   <trkpt lat="51.5630180" lon="-0.0854780">
    <ele>24.5</ele>
    <time>2023-12-10T10:33:55Z</time>
   </trkpt>
   <trkpt lat="51.5630540" lon="-0.0855300">
    <ele>24.4</ele>
    <time>2023-12-10T10:33:56Z</time>
   </trkpt>
   <trkpt lat="51.5630870" lon="-0.0855840">
    <ele>24.3</ele>
    <time>2023-12-10T10:33:57Z</time>
   </trkpt>
   <trkpt lat="51.5631070" lon="-0.0856160">
    <ele>24.2</ele>
    <time>2023-12-10T10:33:58Z</time>
   </trkpt>
   <trkpt lat="51.5631300" lon="-0.0856620">
    <ele>24.2</ele>
    <time>2023-12-10T10:33:59Z</time>
   </trkpt>
   <trkpt lat="51.5631610" lon="-0.0857020">
    <ele>24.1</ele>
    <time>2023-12-10T10:34:00Z</time>
   </trkpt>
   <trkpt lat="51.5631850" lon="-0.0857230">
    <ele>24.0</ele>
    <time>2023-12-10T10:34:01Z</time>
   </trkpt>
   <trkpt lat="51.5632050" lon="-0.0857690">
    <ele>24.0</ele>
    <time>2023-12-10T10:34:02Z</time>
   </trkpt>
   <trkpt lat="51.5632430" lon="-0.0858210">
    <ele>23.9</ele>
    <time>2023-12-10T10:34:03Z</time>
   </trkpt>
   <trkpt lat="51.5632680" lon="-0.0858610">
    <ele>23.9</ele>
    <time>2023-12-10T10:34:04Z</time>
   </trkpt>
   <trkpt lat="51.5632960" lon="-0.0858830">
    <ele>23.8</ele>
    <time>2023-12-10T10:34:05Z</time>
   </trkpt>
   <trkpt lat="51.5633300" lon="-0.0859150">
    <ele>23.8</ele>
    <time>2023-12-10T10:34:06Z</time>
   </trkpt>
   <trkpt lat="51.5633600" lon="-0.0859680">
    <ele>23.8</ele>
    <time>2023-12-10T10:34:07Z</time>
   </trkpt>
   <trkpt lat="51.5633970" lon="-0.0860240">
    <ele>23.7</ele>
    <time>2023-12-10T10:34:08Z</time>
   </trkpt>
   <trkpt lat="51.5634290" lon="-0.0860700">
    <ele>23.7</ele>
    <time>2023-12-10T10:34:09Z</time>
   </trkpt>
   <trkpt lat="51.5634600" lon="-0.0861250">
    <ele>23.7</ele>
    <time>2023-12-10T10:34:10Z</time>
   </trkpt>
   <trkpt lat="51.5635020" lon="-0.0861730">
    <ele>23.7</ele>
    <time>2023-12-10T10:34:11Z</time>
   </trkpt>
   <trkpt lat="51.5635330" lon="-0.0862090">
    <ele>23.7</ele>
    <time>2023-12-10T10:34:12Z</time>
   </trkpt>
   <trkpt lat="51.5635530" lon="-0.0862390">
    <ele>23.8</ele>
    <time>2023-12-10T10:34:13Z</time>
   </trkpt>
   <trkpt lat="51.5635910" lon="-0.0862620">
    <ele>23.8</ele>
    <time>2023-12-10T10:34:14Z</time>
   </trkpt>
   <trkpt lat="51.5636350" lon="-0.0862770">
    <ele>23.8</ele>
    <time>2023-12-10T10:34:15Z</time>
   </trkpt>
   <trkpt lat="51.5636630" lon="-0.0862530">
    <ele>23.8</ele>
    <time>2023-12-10T10:34:16Z</time>
   </trkpt>
   <trkpt lat="51.5636910" lon="-0.0862100">
    <ele>23.8</ele>
    <time>2023-12-10T10:34:17Z</time>
   </trkpt>
   <trkpt lat="51.5637200" lon="-0.0861900">
    <ele>23.8</ele>
    <time>2023-12-10T10:34:18Z</time>
   </trkpt>
   <trkpt lat="51.5637600" lon="-0.0861810">
    <ele>23.8</ele>
    <time>2023-12-10T10:34:19Z</time>
   </trkpt>
   <trkpt lat="51.5637920" lon="-0.0861930">
    <ele>23.8</ele>
    <time>2023-12-10T10:34:20Z</time>
   </trkpt>
   <trkpt lat="51.5638260" lon="-0.0861920">
    <ele>23.8</ele>
    <time>2023-12-10T10:34:21Z</time>
   </trkpt>
   <trkpt lat="51.5638540" lon="-0.0862160">
    <ele>23.8</ele>
    <time>2023-12-10T10:34:22Z</time>
   </trkpt>
   <trkpt lat="51.5638830" lon="-0.0862430">
    <ele>23.8</ele>
    <time>2023-12-10T10:34:23Z</time>
   </trkpt>
   <trkpt lat="51.5639070" lon="-0.0862680">
    <ele>23.8</ele>
    <time>2023-12-10T10:34:24Z</time>
   </trkpt>
   <trkpt lat="51.5639300" lon="-0.0862980">
    <ele>23.8</ele>
    <time>2023-12-10T10:34:25Z</time>
   </trkpt>
   <trkpt lat="51.5639370" lon="-0.0863180">
    <ele>23.9</ele>
    <time>2023-12-10T10:34:26Z</time>
   </trkpt>
   <trkpt lat="51.5639540" lon="-0.0863410">
    <ele>23.9</ele>
    <time>2023-12-10T10:34:27Z</time>
   </trkpt>
   <trkpt lat="51.5639810" lon="-0.0863700">
    <ele>23.9</ele>
    <time>2023-12-10T10:34:28Z</time>
   </trkpt>
   <trkpt lat="51.5640040" lon="-0.0864030">
    <ele>23.9</ele>
    <time>2023-12-10T10:34:29Z</time>
   </trkpt>
   <trkpt lat="51.5640110" lon="-0.0864600">
    <ele>24.0</ele>
    <time>2023-12-10T10:34:30Z</time>
   </trkpt>
   <trkpt lat="51.5640140" lon="-0.0864820">
    <ele>24.0</ele>
    <time>2023-12-10T10:34:31Z</time>
   </trkpt>
   <trkpt lat="51.5640330" lon="-0.0865310">
    <ele>24.1</ele>
    <time>2023-12-10T10:34:32Z</time>
   </trkpt>
   <trkpt lat="51.5640460" lon="-0.0865430">
    <ele>24.1</ele>
    <time>2023-12-10T10:34:33Z</time>
   </trkpt>
   <trkpt lat="51.5640810" lon="-0.0865780">
    <ele>24.1</ele>
    <time>2023-12-10T10:34:34Z</time>
   </trkpt>
   <trkpt lat="51.5641000" lon="-0.0865890">
    <ele>24.2</ele>
    <time>2023-12-10T10:34:35Z</time>
   </trkpt>
   <trkpt lat="51.5641350" lon="-0.0865880">
    <ele>24.3</ele>
    <time>2023-12-10T10:34:36Z</time>
   </trkpt>
   <trkpt lat="51.5641730" lon="-0.0866250">
    <ele>24.3</ele>
    <time>2023-12-10T10:34:37Z</time>
   </trkpt>
   <trkpt lat="51.5641950" lon="-0.0866530">
    <ele>24.4</ele>
    <time>2023-12-10T10:34:38Z</time>
   </trkpt>
   <trkpt lat="51.5642220" lon="-0.0866890">
    <ele>24.5</ele>
    <time>2023-12-10T10:34:39Z</time>
   </trkpt>
   <trkpt lat="51.5642430" lon="-0.0867230">
    <ele>24.6</ele>
    <time>2023-12-10T10:34:40Z</time>
   </trkpt>
   <trkpt lat="51.5642730" lon="-0.0867570">
    <ele>24.6</ele>
    <time>2023-12-10T10:34:41Z</time>
   </trkpt>
   <trkpt lat="51.5642970" lon="-0.0867800">
    <ele>24.7</ele>
    <time>2023-12-10T10:34:42Z</time>
   </trkpt>
   <trkpt lat="51.5643240" lon="-0.0868110">
    <ele>24.8</ele>
    <time>2023-12-10T10:34:43Z</time>
   </trkpt>
   <trkpt lat="51.5643570" lon="-0.0868410">
    <ele>24.9</ele>
    <time>2023-12-10T10:34:44Z</time>
   </trkpt>
   <trkpt lat="51.5643700" lon="-0.0868480">
    <ele>24.9</ele>
    <time>2023-12-10T10:34:45Z</time>
   </trkpt>
   <trkpt lat="51.5643860" lon="-0.0869090">
    <ele>25.0</ele>
    <time>2023-12-10T10:34:46Z</time>
   </trkpt>
   <trkpt lat="51.5644200" lon="-0.0869430">
    <ele>25.1</ele>
    <time>2023-12-10T10:34:47Z</time>
   </trkpt>
   <trkpt lat="51.5644430" lon="-0.0869840">
    <ele>25.2</ele>
    <time>2023-12-10T10:34:48Z</time>
   </trkpt>
   <trkpt lat="51.5644680" lon="-0.0870190">
    <ele>25.2</ele>
    <time>2023-12-10T10:34:49Z</time>
   </trkpt>
   <trkpt lat="51.5644920" lon="-0.0870510">
    <ele>25.3</ele>
    <time>2023-12-10T10:34:50Z</time>
   </trkpt>
   <trkpt lat="51.5645230" lon="-0.0870720">
    <ele>25.3</ele>
    <time>2023-12-10T10:34:51Z</time>
   </trkpt>
   <trkpt lat="51.5645540" lon="-0.0871090">
    <ele>25.4</ele>
    <time>2023-12-10T10:34:52Z</time>
   </trkpt>
   <trkpt lat="51.5645630" lon="-0.0871230">
    <ele>25.4</ele>
    <time>2023-12-10T10:34:53Z</time>
   </trkpt>
   <trkpt lat="51.5645880" lon="-0.0871540">
    <ele>25.5</ele>
    <time>2023-12-10T10:34:54Z</time>
   </trkpt>
   <trkpt lat="51.5646130" lon="-0.0871760">
    <ele>25.5</ele>
    <time>2023-12-10T10:34:55Z</time>
   </trkpt>
   <trkpt lat="51.5646370" lon="-0.0872040">
    <ele>25.6</ele>
    <time>2023-12-10T10:34:56Z</time>
   </trkpt>
   <trkpt lat="51.5646680" lon="-0.0872300">
    <ele>25.7</ele>
    <time>2023-12-10T10:34:57Z</time>
   </trkpt>
   <trkpt lat="51.5646790" lon="-0.0872410">
    <ele>25.7</ele>
    <time>2023-12-10T10:34:58Z</time>
   </trkpt>
   <trkpt lat="51.5647120" lon="-0.0872750">
    <ele>25.8</ele>
    <time>2023-12-10T10:34:59Z</time>
   </trkpt>
   <trkpt lat="51.5647240" lon="-0.0872920">
    <ele>25.9</ele>
    <time>2023-12-10T10:35:00Z</time>
   </trkpt>
   <trkpt lat="51.5647520" lon="-0.0873180">
    <ele>25.9</ele>
    <time>2023-12-10T10:35:01Z</time>
   </trkpt>
   <trkpt lat="51.5647740" lon="-0.0873490">
    <ele>26.0</ele>
    <time>2023-12-10T10:35:02Z</time>
   </trkpt>
   <trkpt lat="51.5647830" lon="-0.0873640">
    <ele>26.0</ele>
    <time>2023-12-10T10:35:03Z</time>
   </trkpt>
   <trkpt lat="51.5648070" lon="-0.0874150">
    <ele>26.1</ele>
    <time>2023-12-10T10:35:04Z</time>
   </trkpt>
   <trkpt lat="51.5648480" lon="-0.0874280">
    <ele>26.2</ele>
    <time>2023-12-10T10:35:05Z</time>
   </trkpt>
   <trkpt lat="51.5648760" lon="-0.0874460">
    <ele>26.3</ele>
    <time>2023-12-10T10:35:06Z</time>
   </trkpt>
   <trkpt lat="51.5649080" lon="-0.0874530">
    <ele>26.4</ele>
    <time>2023-12-10T10:35:07Z</time>
   </trkpt>
   <trkpt lat="51.5649390" lon="-0.0874780">
    <ele>26.4</ele>
    <time>2023-12-10T10:35:08Z</time>
   </trkpt>
   <trkpt lat="51.5649460" lon="-0.0874860">
    <ele>26.5</ele>
    <time>2023-12-10T10:35:09Z</time>
   </trkpt>
   <trkpt lat="51.5649700" lon="-0.0875120">
    <ele>26.5</ele>
    <time>2023-12-10T10:35:10Z</time>
   </trkpt>
   <trkpt lat="51.5649980" lon="-0.0875320">
    <ele>26.6</ele>
    <time>2023-12-10T10:35:11Z</time>
   </trkpt>
   <trkpt lat="51.5650250" lon="-0.0875570">
    <ele>26.7</ele>
    <time>2023-12-10T10:35:12Z</time>
   </trkpt>
   <trkpt lat="51.5650540" lon="-0.0875730">
    <ele>26.7</ele>
    <time>2023-12-10T10:35:13Z</time>
   </trkpt>
   <trkpt lat="51.5650860" lon="-0.0875540">
    <ele>26.8</ele>
    <time>2023-12-10T10:35:14Z</time>
   </trkpt>
   <trkpt lat="51.5651130" lon="-0.0875650">
    <ele>26.8</ele>
    <time>2023-12-10T10:35:15Z</time>
   </trkpt>
   <trkpt lat="51.5651430" lon="-0.0875180">
    <ele>26.9</ele>
    <time>2023-12-10T10:35:16Z</time>
   </trkpt>
   <trkpt lat="51.5651690" lon="-0.0875010">
    <ele>26.9</ele>
    <time>2023-12-10T10:35:17Z</time>
   </trkpt>
   <trkpt lat="51.5652040" lon="-0.0874810">
    <ele>26.9</ele>
    <time>2023-12-10T10:35:18Z</time>
   </trkpt>
   <trkpt lat="51.5652260" lon="-0.0874470">
    <ele>26.9</ele>
    <time>2023-12-10T10:35:19Z</time>
   </trkpt>
   <trkpt lat="51.5652350" lon="-0.0874040">
    <ele>26.9</ele>
    <time>2023-12-10T10:35:20Z</time>
   </trkpt>
   <trkpt lat="51.5652440" lon="-0.0873580">
    <ele>26.9</ele>
    <time>2023-12-10T10:35:21Z</time>
   </trkpt>
   <trkpt lat="51.5652490" lon="-0.0873120">
    <ele>26.9</ele>
    <time>2023-12-10T10:35:22Z</time>
   </trkpt>
   <trkpt lat="51.5652580" lon="-0.0872680">
    <ele>26.9</ele>
    <time>2023-12-10T10:35:23Z</time>
   </trkpt>
   <trkpt lat="51.5652670" lon="-0.0872220">
    <ele>26.9</ele>
    <time>2023-12-10T10:35:24Z</time>
   </trkpt>
   <trkpt lat="51.5652850" lon="-0.0871830">
    <ele>26.9</ele>
    <time>2023-12-10T10:35:25Z</time>
   </trkpt>
   <trkpt lat="51.5652940" lon="-0.0871370">
    <ele>26.9</ele>
    <time>2023-12-10T10:35:26Z</time>
   </trkpt>
   <trkpt lat="51.5653130" lon="-0.0870830">
    <ele>26.9</ele>
    <time>2023-12-10T10:35:27Z</time>
   </trkpt>
   <trkpt lat="51.5653180" lon="-0.0870620">
    <ele>26.9</ele>
    <time>2023-12-10T10:35:28Z</time>
   </trkpt>
   <trkpt lat="51.5653380" lon="-0.0869980">
    <ele>26.8</ele>
    <time>2023-12-10T10:35:29Z</time>
   </trkpt>
   <trkpt lat="51.5653440" lon="-0.0869710">
    <ele>26.8</ele>
    <time>2023-12-10T10:35:30Z</time>
   </trkpt>
   <trkpt lat="51.5653560" lon="-0.0869280">
    <ele>26.8</ele>
    <time>2023-12-10T10:35:31Z</time>
   </trkpt>
   <trkpt lat="51.5653730" lon="-0.0868920">
    <ele>26.8</ele>
    <time>2023-12-10T10:35:32Z</time>
   </trkpt>
   <trkpt lat="51.5653790" lon="-0.0868390">
    <ele>26.8</ele>
    <time>2023-12-10T10:35:33Z</time>
   </trkpt>
   <trkpt lat="51.5653850" lon="-0.0867940">
    <ele>26.8</ele>
    <time>2023-12-10T10:35:34Z</time>
   </trkpt>
   <trkpt lat="51.5653960" lon="-0.0867460">
    <ele>26.8</ele>
    <time>2023-12-10T10:35:35Z</time>
   </trkpt>
   <trkpt lat="51.5654070" lon="-0.0867040">
    <ele>26.8</ele>
    <time>2023-12-10T10:35:36Z</time>
   </trkpt>
   <trkpt lat="51.5654190" lon="-0.0866410">
    <ele>26.7</ele>
    <time>2023-12-10T10:35:37Z</time>
   </trkpt>
   <trkpt lat="51.5654230" lon="-0.0866170">
    <ele>26.7</ele>
    <time>2023-12-10T10:35:38Z</time>
   </trkpt>
   <trkpt lat="51.5654350" lon="-0.0865700">
    <ele>26.7</ele>
    <time>2023-12-10T10:35:39Z</time>
   </trkpt>
   <trkpt lat="51.5654520" lon="-0.0865180">
    <ele>26.7</ele>
    <time>2023-12-10T10:35:40Z</time>
   </trkpt>
   <trkpt lat="51.5654570" lon="-0.0864710">
    <ele>26.7</ele>
    <time>2023-12-10T10:35:41Z</time>
   </trkpt>
   <trkpt lat="51.5654680" lon="-0.0864250">
    <ele>26.6</ele>
    <time>2023-12-10T10:35:42Z</time>
   </trkpt>
   <trkpt lat="51.5654790" lon="-0.0863760">
    <ele>26.6</ele>
    <time>2023-12-10T10:35:43Z</time>
   </trkpt>
   <trkpt lat="51.5654880" lon="-0.0863140">
    <ele>26.6</ele>
    <time>2023-12-10T10:35:44Z</time>
   </trkpt>
   <trkpt lat="51.5654920" lon="-0.0862930">
    <ele>26.6</ele>
    <time>2023-12-10T10:35:45Z</time>
   </trkpt>
   <trkpt lat="51.5655030" lon="-0.0862490">
    <ele>26.5</ele>
    <time>2023-12-10T10:35:46Z</time>
   </trkpt>
   <trkpt lat="51.5655140" lon="-0.0861960">
    <ele>26.5</ele>
    <time>2023-12-10T10:35:47Z</time>
   </trkpt>
   <trkpt lat="51.5655310" lon="-0.0861320">
    <ele>26.5</ele>
    <time>2023-12-10T10:35:48Z</time>
   </trkpt>
   <trkpt lat="51.5655380" lon="-0.0861060">
    <ele>26.5</ele>
    <time>2023-12-10T10:35:49Z</time>
   </trkpt>
   <trkpt lat="51.5655560" lon="-0.0860590">
    <ele>26.4</ele>
    <time>2023-12-10T10:35:50Z</time>
   </trkpt>
   <trkpt lat="51.5655680" lon="-0.0860130">
    <ele>26.4</ele>
    <time>2023-12-10T10:35:51Z</time>
   </trkpt>
   <trkpt lat="51.5655800" lon="-0.0859530">
    <ele>26.4</ele>
    <time>2023-12-10T10:35:52Z</time>
   </trkpt>
   <trkpt lat="51.5655840" lon="-0.0859310">
    <ele>26.4</ele>
    <time>2023-12-10T10:35:53Z</time>
   </trkpt>
   <trkpt lat="51.5656050" lon="-0.0858740">
    <ele>26.3</ele>
    <time>2023-12-10T10:35:54Z</time>
   </trkpt>
   <trkpt lat="51.5656130" lon="-0.0858520">
    <ele>26.3</ele>
    <time>2023-12-10T10:35:55Z</time>
   </trkpt>
   <trkpt lat="51.5656270" lon="-0.0858070">
    <ele>26.3</ele>
    <time>2023-12-10T10:35:56Z</time>
   </trkpt>
   <trkpt lat="51.5656400" lon="-0.0857580">
    <ele>26.3</ele>
    <time>2023-12-10T10:35:57Z</time>
   </trkpt>
   <trkpt lat="51.5656510" lon="-0.0857120">
    <ele>26.2</ele>
    <time>2023-12-10T10:35:58Z</time>
   </trkpt>
   <trkpt lat="51.5656620" lon="-0.0856650">
    <ele>26.2</ele>
    <time>2023-12-10T10:35:59Z</time>
   </trkpt>
   <trkpt lat="51.5656720" lon="-0.0856180">
    <ele>26.2</ele>
    <time>2023-12-10T10:36:00Z</time>
   </trkpt>
   <trkpt lat="51.5656820" lon="-0.0855770">
    <ele>26.2</ele>
    <time>2023-12-10T10:36:01Z</time>
   </trkpt>
   <trkpt lat="51.5656980" lon="-0.0855360">
    <ele>26.1</ele>
    <time>2023-12-10T10:36:02Z</time>
   </trkpt>
   <trkpt lat="51.5657120" lon="-0.0854950">
    <ele>26.1</ele>
    <time>2023-12-10T10:36:03Z</time>
   </trkpt>
   <trkpt lat="51.5657250" lon="-0.0854320">
    <ele>26.0</ele>
    <time>2023-12-10T10:36:04Z</time>
   </trkpt>
   <trkpt lat="51.5657330" lon="-0.0854090">
    <ele>26.0</ele>
    <time>2023-12-10T10:36:05Z</time>
   </trkpt>
   <trkpt lat="51.5657430" lon="-0.0853630">
    <ele>26.0</ele>
    <time>2023-12-10T10:36:06Z</time>
   </trkpt>
   <trkpt lat="51.5657500" lon="-0.0853140">
    <ele>25.9</ele>
    <time>2023-12-10T10:36:07Z</time>
   </trkpt>
   <trkpt lat="51.5657670" lon="-0.0852780">
    <ele>25.9</ele>
    <time>2023-12-10T10:36:08Z</time>
   </trkpt>
   <trkpt lat="51.5657750" lon="-0.0852320">
    <ele>25.9</ele>
    <time>2023-12-10T10:36:09Z</time>
   </trkpt>
   <trkpt lat="51.5657930" lon="-0.0851930">
    <ele>25.8</ele>
    <time>2023-12-10T10:36:10Z</time>
   </trkpt>
   <trkpt lat="51.5658030" lon="-0.0851450">
    <ele>25.8</ele>
    <time>2023-12-10T10:36:11Z</time>
   </trkpt>
   <trkpt lat="51.5658140" lon="-0.0851000">
    <ele>25.7</ele>
    <time>2023-12-10T10:36:12Z</time>
   </trkpt>
   <trkpt lat="51.5658330" lon="-0.0850420">
    <ele>25.7</ele>
    <time>2023-12-10T10:36:13Z</time>
   </trkpt>
   <trkpt lat="51.5658390" lon="-0.0850220">
    <ele>25.6</ele>
    <time>2023-12-10T10:36:14Z</time>
   </trkpt>
   <trkpt lat="51.5658540" lon="-0.0849650">
    <ele>25.6</ele>
    <time>2023-12-10T10:36:15Z</time>
   </trkpt>
   <trkpt lat="51.5658590" lon="-0.0849450">
    <ele>25.6</ele>
    <time>2023-12-10T10:36:16Z</time>
   </trkpt>
   <trkpt lat="51.5658700" lon="-0.0848990">
    <ele>25.5</ele>
    <time>2023-12-10T10:36:17Z</time>
   </trkpt>
   <trkpt lat="51.5658910" lon="-0.0848640">
    <ele>25.5</ele>
    <time>2023-12-10T10:36:18Z</time>
   </trkpt>
   <trkpt lat="51.5659210" lon="-0.0848350">
    <ele>25.5</ele>
    <time>2023-12-10T10:36:19Z</time>
   </trkpt>
   <trkpt lat="51.5659500" lon="-0.0848280">
    <ele>25.5</ele>
    <time>2023-12-10T10:36:20Z</time>
   </trkpt>
   <trkpt lat="51.5659810" lon="-0.0848260">
    <ele>25.4</ele>
    <time>2023-12-10T10:36:21Z</time>
   </trkpt>
   <trkpt lat="51.5660050" lon="-0.0848030">
    <ele>25.4</ele>
    <time>2023-12-10T10:36:22Z</time>
   </trkpt>
   <trkpt lat="51.5660310" lon="-0.0848310">
    <ele>25.4</ele>
    <time>2023-12-10T10:36:23Z</time>
   </trkpt>
   <trkpt lat="51.5660560" lon="-0.0848500">
    <ele>25.4</ele>
    <time>2023-12-10T10:36:24Z</time>
   </trkpt>
   <trkpt lat="51.5660790" lon="-0.0849060">
    <ele>25.4</ele>
    <time>2023-12-10T10:36:25Z</time>
   </trkpt>
   <trkpt lat="51.5661110" lon="-0.0849380">
    <ele>25.4</ele>
    <time>2023-12-10T10:36:26Z</time>
   </trkpt>
   <trkpt lat="51.5661240" lon="-0.0849430">
    <ele>25.4</ele>
    <time>2023-12-10T10:36:27Z</time>
   </trkpt>
   <trkpt lat="51.5661470" lon="-0.0849760">
    <ele>25.3</ele>
    <time>2023-12-10T10:36:28Z</time>
   </trkpt>
   <trkpt lat="51.5661810" lon="-0.0849950">
    <ele>25.3</ele>
    <time>2023-12-10T10:36:29Z</time>
   </trkpt>
   <trkpt lat="51.5662020" lon="-0.0849480">
    <ele>25.3</ele>
    <time>2023-12-10T10:36:30Z</time>
   </trkpt>
   <trkpt lat="51.5662200" lon="-0.0849150">
    <ele>25.3</ele>
    <time>2023-12-10T10:36:31Z</time>
   </trkpt>
   <trkpt lat="51.5662500" lon="-0.0848840">
    <ele>25.3</ele>
    <time>2023-12-10T10:36:32Z</time>
   </trkpt>
   <trkpt lat="51.5662600" lon="-0.0848730">
    <ele>25.3</ele>
    <time>2023-12-10T10:36:33Z</time>
   </trkpt>
   <trkpt lat="51.5662970" lon="-0.0848880">
    <ele>25.2</ele>
    <time>2023-12-10T10:36:34Z</time>
   </trkpt>
   <trkpt lat="51.5663270" lon="-0.0849190">
    <ele>25.2</ele>
    <time>2023-12-10T10:36:35Z</time>
   </trkpt>
   <trkpt lat="51.5663540" lon="-0.0849360">
    <ele>25.2</ele>
    <time>2023-12-10T10:36:36Z</time>
   </trkpt>
   <trkpt lat="51.5663860" lon="-0.0849510">
    <ele>25.2</ele>
    <time>2023-12-10T10:36:37Z</time>
   </trkpt>
   <trkpt lat="51.5664140" lon="-0.0849830">
    <ele>25.2</ele>
    <time>2023-12-10T10:36:38Z</time>
   </trkpt>
   <trkpt lat="51.5664440" lon="-0.0850100">
    <ele>25.2</ele>
    <time>2023-12-10T10:36:39Z</time>
   </trkpt>
   <trkpt lat="51.5664730" lon="-0.0850250">
    <ele>25.2</ele>
    <time>2023-12-10T10:36:40Z</time>
   </trkpt>
   <trkpt lat="51.5665140" lon="-0.0850740">
    <ele>25.3</ele>
    <time>2023-12-10T10:36:41Z</time>
   </trkpt>
   <trkpt lat="51.5665460" lon="-0.0851320">
    <ele>25.3</ele>
    <time>2023-12-10T10:36:42Z</time>
   </trkpt>
   <trkpt lat="51.5665700" lon="-0.0851720">
    <ele>25.3</ele>
    <time>2023-12-10T10:36:43Z</time>
   </trkpt>
   <trkpt lat="51.5665970" lon="-0.0851780">
    <ele>25.3</ele>
    <time>2023-12-10T10:36:44Z</time>
   </trkpt>
   <trkpt lat="51.5666260" lon="-0.0851820">
    <ele>25.3</ele>
    <time>2023-12-10T10:36:45Z</time>
   </trkpt>
   <trkpt lat="51.5666600" lon="-0.0852090">
    <ele>25.3</ele>
    <time>2023-12-10T10:36:46Z</time>
   </trkpt>
   <trkpt lat="51.5666730" lon="-0.0852170">
    <ele>25.3</ele>
    <time>2023-12-10T10:36:47Z</time>
   </trkpt>
   <trkpt lat="51.5667060" lon="-0.0852220">
    <ele>25.3</ele>
    <time>2023-12-10T10:36:48Z</time>
   </trkpt>
   <trkpt lat="51.5667400" lon="-0.0852500">
    <ele>25.2</ele>
    <time>2023-12-10T10:36:49Z</time>
   </trkpt>
   <trkpt lat="51.5667520" lon="-0.0852560">
    <ele>25.2</ele>
    <time>2023-12-10T10:36:50Z</time>
   </trkpt>
   <trkpt lat="51.5667800" lon="-0.0852810">
    <ele>25.2</ele>
    <time>2023-12-10T10:36:51Z</time>
   </trkpt>
   <trkpt lat="51.5668210" lon="-0.0852980">
    <ele>25.2</ele>
    <time>2023-12-10T10:36:52Z</time>
   </trkpt>
   <trkpt lat="51.5668360" lon="-0.0853060">
    <ele>25.2</ele>
    <time>2023-12-10T10:36:53Z</time>
   </trkpt>
   <trkpt lat="51.5668650" lon="-0.0853180">
    <ele>25.2</ele>
    <time>2023-12-10T10:36:54Z</time>
   </trkpt>
   <trkpt lat="51.5668910" lon="-0.0853410">
    <ele>25.2</ele>
    <time>2023-12-10T10:36:55Z</time>
   </trkpt>
   <trkpt lat="51.5669270" lon="-0.0853520">
    <ele>25.2</ele>
    <time>2023-12-10T10:36:56Z</time>
   </trkpt>
   <trkpt lat="51.5669530" lon="-0.0853670">
    <ele>25.2</ele>
    <time>2023-12-10T10:36:57Z</time>
   </trkpt>
   <trkpt lat="51.5669810" lon="-0.0853850">
    <ele>25.2</ele>
    <time>2023-12-10T10:36:58Z</time>
   </trkpt>
   <trkpt lat="51.5670110" lon="-0.0854020">
    <ele>25.2</ele>
    <time>2023-12-10T10:36:59Z</time>
   </trkpt>
   <trkpt lat="51.5670380" lon="-0.0854200">
    <ele>25.2</ele>
    <time>2023-12-10T10:37:00Z</time>
   </trkpt>
   <trkpt lat="51.5670750" lon="-0.0854440">
    <ele>25.2</ele>
    <time>2023-12-10T10:37:01Z</time>
   </trkpt>
   <trkpt lat="51.5670890" lon="-0.0854540">
    <ele>25.2</ele>
    <time>2023-12-10T10:37:02Z</time>
   </trkpt>
   <trkpt lat="51.5671110" lon="-0.0854780">
    <ele>25.2</ele>
    <time>2023-12-10T10:37:03Z</time>
   </trkpt>
   <trkpt lat="51.5671390" lon="-0.0854910">
    <ele>25.2</ele>
    <time>2023-12-10T10:37:04Z</time>
   </trkpt>
   <trkpt lat="51.5671750" lon="-0.0855280">
    <ele>25.2</ele>
    <time>2023-12-10T10:37:05Z</time>
   </trkpt>
   <trkpt lat="51.5671890" lon="-0.0855420">
    <ele>25.2</ele>
    <time>2023-12-10T10:37:06Z</time>
   </trkpt>
   <trkpt lat="51.5672180" lon="-0.0855710">
    <ele>25.2</ele>
    <time>2023-12-10T10:37:07Z</time>
   </trkpt>
   <trkpt lat="51.5672530" lon="-0.0855880">
    <ele>25.2</ele>
    <time>2023-12-10T10:37:08Z</time>
   </trkpt>
   <trkpt lat="51.5672910" lon="-0.0855950">
    <ele>25.2</ele>
    <time>2023-12-10T10:37:09Z</time>
   </trkpt>
   <trkpt lat="51.5673190" lon="-0.0855890">
    <ele>25.2</ele>
    <time>2023-12-10T10:37:10Z</time>
   </trkpt>
   <trkpt lat="51.5673500" lon="-0.0855830">
    <ele>25.2</ele>
    <time>2023-12-10T10:37:11Z</time>
   </trkpt>
   <trkpt lat="51.5673780" lon="-0.0855890">
    <ele>25.2</ele>
    <time>2023-12-10T10:37:12Z</time>
   </trkpt>
   <trkpt lat="51.5674040" lon="-0.0855990">
    <ele>25.2</ele>
    <time>2023-12-10T10:37:13Z</time>
   </trkpt>
   <trkpt lat="51.5674420" lon="-0.0856310">
    <ele>25.2</ele>
    <time>2023-12-10T10:37:14Z</time>
   </trkpt>
   <trkpt lat="51.5674570" lon="-0.0856450">
    <ele>25.2</ele>
    <time>2023-12-10T10:37:15Z</time>
   </trkpt>
   <trkpt lat="51.5674870" lon="-0.0856760">
    <ele>25.2</ele>
    <time>2023-12-10T10:37:16Z</time>
   </trkpt>
   <trkpt lat="51.5674980" lon="-0.0856820">
    <ele>25.2</ele>
    <time>2023-12-10T10:37:17Z</time>
   </trkpt>
   <trkpt lat="51.5675260" lon="-0.0857210">
    <ele>25.2</ele>
    <time>2023-12-10T10:37:18Z</time>
   </trkpt>
   <trkpt lat="51.5675500" lon="-0.0857380">
    <ele>25.2</ele>
    <time>2023-12-10T10:37:19Z</time>
   </trkpt>
   <trkpt lat="51.5675750" lon="-0.0857660">
    <ele>25.2</ele>
    <time>2023-12-10T10:37:20Z</time>
   </trkpt>
   <trkpt lat="51.5675970" lon="-0.0858040">
    <ele>25.2</ele>
    <time>2023-12-10T10:37:21Z</time>
   </trkpt>
   <trkpt lat="51.5676250" lon="-0.0858380">
    <ele>25.2</ele>
    <time>2023-12-10T10:37:22Z</time>
   </trkpt>
   <trkpt lat="51.5676410" lon="-0.0858470">
    <ele>25.2</ele>
    <time>2023-12-10T10:37:23Z</time>
   </trkpt>
   <trkpt lat="51.5676750" lon="-0.0858810">
    <ele>25.2</ele>
    <time>2023-12-10T10:37:24Z</time>
   </trkpt>
   <trkpt lat="51.5676890" lon="-0.0858910">
    <ele>25.2</ele>
    <time>2023-12-10T10:37:25Z</time>
   </trkpt>
   <trkpt lat="51.5677190" lon="-0.0859270">
    <ele>25.2</ele>
    <time>2023-12-10T10:37:26Z</time>
   </trkpt>
   <trkpt lat="51.5677500" lon="-0.0859430">
    <ele>25.2</ele>
    <time>2023-12-10T10:37:27Z</time>
   </trkpt>
   <trkpt lat="51.5677820" lon="-0.0859720">
    <ele>25.2</ele>
    <time>2023-12-10T10:37:28Z</time>
   </trkpt>
   <trkpt lat="51.5678080" lon="-0.0860020">
    <ele>25.2</ele>
    <time>2023-12-10T10:37:29Z</time>
   </trkpt>
   <trkpt lat="51.5678290" lon="-0.0860290">
    <ele>25.3</ele>
    <time>2023-12-10T10:37:30Z</time>
   </trkpt>
   <trkpt lat="51.5678560" lon="-0.0860510">
    <ele>25.3</ele>
    <time>2023-12-10T10:37:31Z</time>
   </trkpt>
   <trkpt lat="51.5678890" lon="-0.0860730">
    <ele>25.3</ele>
    <time>2023-12-10T10:37:32Z</time>
   </trkpt>
   <trkpt lat="51.5679150" lon="-0.0860950">
    <ele>25.3</ele>
    <time>2023-12-10T10:37:33Z</time>
   </trkpt>
   <trkpt lat="51.5679360" lon="-0.0861250">
    <ele>25.3</ele>
    <time>2023-12-10T10:37:34Z</time>
   </trkpt>
   <trkpt lat="51.5679650" lon="-0.0861500">
    <ele>25.3</ele>
    <time>2023-12-10T10:37:35Z</time>
   </trkpt>
   <trkpt lat="51.5679900" lon="-0.0861810">
    <ele>25.3</ele>
    <time>2023-12-10T10:37:36Z</time>
   </trkpt>
   <trkpt lat="51.5680140" lon="-0.0862120">
    <ele>25.3</ele>
    <time>2023-12-10T10:37:37Z</time>
   </trkpt>
   <trkpt lat="51.5680360" lon="-0.0862480">
    <ele>25.3</ele>
    <time>2023-12-10T10:37:38Z</time>
   </trkpt>
   <trkpt lat="51.5680660" lon="-0.0862700">
    <ele>25.3</ele>
    <time>2023-12-10T10:37:39Z</time>
   </trkpt>
   <trkpt lat="51.5680930" lon="-0.0862970">
    <ele>25.3</ele>
    <time>2023-12-10T10:37:40Z</time>
   </trkpt>
   <trkpt lat="51.5681220" lon="-0.0863430">
    <ele>25.3</ele>
    <time>2023-12-10T10:37:41Z</time>
   </trkpt>
   <trkpt lat="51.5681490" lon="-0.0863610">
    <ele>25.3</ele>
    <time>2023-12-10T10:37:42Z</time>
   </trkpt>
   <trkpt lat="51.5681830" lon="-0.0863690">
    <ele>25.3</ele>
    <time>2023-12-10T10:37:43Z</time>
   </trkpt>
   <trkpt lat="51.5682050" lon="-0.0863980">
    <ele>25.3</ele>
    <time>2023-12-10T10:37:44Z</time>
   </trkpt>
   <trkpt lat="51.5682310" lon="-0.0864320">
    <ele>25.3</ele>
    <time>2023-12-10T10:37:45Z</time>
   </trkpt>
   <trkpt lat="51.5682600" lon="-0.0864490">
    <ele>25.3</ele>
    <time>2023-12-10T10:37:46Z</time>
   </trkpt>
   <trkpt lat="51.5682940" lon="-0.0864750">
    <ele>25.3</ele>
    <time>2023-12-10T10:37:47Z</time>
   </trkpt>
   <trkpt lat="51.5683050" lon="-0.0864910">
    <ele>25.3</ele>
    <time>2023-12-10T10:37:48Z</time>
   </trkpt>
   <trkpt lat="51.5683340" lon="-0.0865070">
    <ele>25.3</ele>
    <time>2023-12-10T10:37:49Z</time>
   </trkpt>
   <trkpt lat="51.5683670" lon="-0.0865380">
    <ele>25.3</ele>
    <time>2023-12-10T10:37:50Z</time>
   </trkpt>
   <trkpt lat="51.5683800" lon="-0.0865500">
    <ele>25.3</ele>
    <time>2023-12-10T10:37:51Z</time>
   </trkpt>
   <trkpt lat="51.5684060" lon="-0.0865700">
    <ele>25.3</ele>
    <time>2023-12-10T10:37:52Z</time>
   </trkpt>
   <trkpt lat="51.5684330" lon="-0.0865960">
    <ele>25.3</ele>
    <time>2023-12-10T10:37:53Z</time>
   </trkpt>
   <trkpt lat="51.5684690" lon="-0.0866300">
    <ele>25.3</ele>
    <time>2023-12-10T10:37:54Z</time>
   </trkpt>
   <trkpt lat="51.5684820" lon="-0.0866420">
    <ele>25.4</ele>
    <time>2023-12-10T10:37:55Z</time>
   </trkpt>
   <trkpt lat="51.5685150" lon="-0.0866750">
    <ele>25.4</ele>
    <time>2023-12-10T10:37:56Z</time>
   </trkpt>
   <trkpt lat="51.5685290" lon="-0.0866920">
    <ele>25.4</ele>
    <time>2023-12-10T10:37:57Z</time>
   </trkpt>
   <trkpt lat="51.5685630" lon="-0.0867220">
    <ele>25.4</ele>
    <time>2023-12-10T10:37:58Z</time>
   </trkpt>
   <trkpt lat="51.5685750" lon="-0.0867330">
    <ele>25.4</ele>
    <time>2023-12-10T10:37:59Z</time>
   </trkpt>
   <trkpt lat="51.5686060" lon="-0.0867560">
    <ele>25.4</ele>
    <time>2023-12-10T10:38:00Z</time>
   </trkpt>
   <trkpt lat="51.5686290" lon="-0.0867860">
    <ele>25.4</ele>
    <time>2023-12-10T10:38:01Z</time>
   </trkpt>
   <trkpt lat="51.5686530" lon="-0.0868150">
    <ele>25.4</ele>
    <time>2023-12-10T10:38:02Z</time>
   </trkpt>
   <trkpt lat="51.5686810" lon="-0.0868420">
    <ele>25.4</ele>
    <time>2023-12-10T10:38:03Z</time>
   </trkpt>
   <trkpt lat="51.5687050" lon="-0.0868650">
    <ele>25.4</ele>
    <time>2023-12-10T10:38:04Z</time>
   </trkpt>
   <trkpt lat="51.5687320" lon="-0.0868850">
    <ele>25.4</ele>
    <time>2023-12-10T10:38:05Z</time>
   </trkpt>
   <trkpt lat="51.5687620" lon="-0.0869020">
    <ele>25.4</ele>
    <time>2023-12-10T10:38:06Z</time>
   </trkpt>
   <trkpt lat="51.5687890" lon="-0.0869300">
    <ele>25.5</ele>
    <time>2023-12-10T10:38:07Z</time>
   </trkpt>
   <trkpt lat="51.5688130" lon="-0.0869600">
    <ele>25.5</ele>
    <time>2023-12-10T10:38:08Z</time>
   </trkpt>
   <trkpt lat="51.5688360" lon="-0.0869910">
    <ele>25.5</ele>
    <time>2023-12-10T10:38:09Z</time>
   </trkpt>
   <trkpt lat="51.5688670" lon="-0.0870240">
    <ele>25.5</ele>
    <time>2023-12-10T10:38:10Z</time>
   </trkpt>
   <trkpt lat="51.5688790" lon="-0.0870340">
    <ele>25.5</ele>
    <time>2023-12-10T10:38:11Z</time>
   </trkpt>
   <trkpt lat="51.5689100" lon="-0.0870720">
    <ele>25.5</ele>
    <time>2023-12-10T10:38:12Z</time>
   </trkpt>
   <trkpt lat="51.5689200" lon="-0.0870880">
    <ele>25.5</ele>
    <time>2023-12-10T10:38:13Z</time>
   </trkpt>
   <trkpt lat="51.5689500" lon="-0.0871280">
    <ele>25.6</ele>
    <time>2023-12-10T10:38:14Z</time>
   </trkpt>
   <trkpt lat="51.5689610" lon="-0.0871420">
    <ele>25.6</ele>
    <time>2023-12-10T10:38:15Z</time>
   </trkpt>
   <trkpt lat="51.5689860" lon="-0.0871890">
    <ele>25.6</ele>
    <time>2023-12-10T10:38:16Z</time>
   </trkpt>
   <trkpt lat="51.5690210" lon="-0.0871870">
    <ele>25.6</ele>
    <time>2023-12-10T10:38:17Z</time>
   </trkpt>
   <trkpt lat="51.5690510" lon="-0.0872120">
    <ele>25.6</ele>
    <time>2023-12-10T10:38:18Z</time>
   </trkpt>
   <trkpt lat="51.5690810" lon="-0.0872500">
    <ele>25.6</ele>
    <time>2023-12-10T10:38:19Z</time>
   </trkpt>
   <trkpt lat="51.5690920" lon="-0.0872660">
    <ele>25.6</ele>
    <time>2023-12-10T10:38:20Z</time>
   </trkpt>
   <trkpt lat="51.5691160" lon="-0.0872920">
    <ele>25.6</ele>
    <time>2023-12-10T10:38:21Z</time>
   </trkpt>
   <trkpt lat="51.5691670" lon="-0.0873250">
    <ele>25.7</ele>
    <time>2023-12-10T10:38:22Z</time>
   </trkpt>
   <trkpt lat="51.5691940" lon="-0.0873500">
    <ele>25.7</ele>
    <time>2023-12-10T10:38:23Z</time>
   </trkpt>
   <trkpt lat="51.5692290" lon="-0.0873860">
    <ele>25.7</ele>
    <time>2023-12-10T10:38:24Z</time>
   </trkpt>
   <trkpt lat="51.5692420" lon="-0.0874010">
    <ele>25.7</ele>
    <time>2023-12-10T10:38:25Z</time>
   </trkpt>
   <trkpt lat="51.5692660" lon="-0.0874280">
    <ele>25.7</ele>
    <time>2023-12-10T10:38:27Z</time>
   </trkpt>
   <trkpt lat="51.5692910" lon="-0.0874530">
    <ele>25.8</ele>
    <time>2023-12-10T10:38:28Z</time>
   </trkpt>
   <trkpt lat="51.5693230" lon="-0.0874780">
    <ele>25.8</ele>
    <time>2023-12-10T10:38:29Z</time>
   </trkpt>
   <trkpt lat="51.5693330" lon="-0.0874870">
    <ele>25.8</ele>
    <time>2023-12-10T10:38:30Z</time>
   </trkpt>
   <trkpt lat="51.5693620" lon="-0.0875360">
    <ele>25.8</ele>
    <time>2023-12-10T10:38:31Z</time>
   </trkpt>
   <trkpt lat="51.5693740" lon="-0.0875530">
    <ele>25.8</ele>
    <time>2023-12-10T10:38:32Z</time>
   </trkpt>
   <trkpt lat="51.5694020" lon="-0.0875820">
    <ele>25.8</ele>
    <time>2023-12-10T10:38:33Z</time>
   </trkpt>
   <trkpt lat="51.5694080" lon="-0.0875940">
    <ele>25.8</ele>
    <time>2023-12-10T10:38:34Z</time>
   </trkpt>
   <trkpt lat="51.5694360" lon="-0.0876160">
    <ele>25.9</ele>
    <time>2023-12-10T10:38:35Z</time>
   </trkpt>
   <trkpt lat="51.5694630" lon="-0.0876480">
    <ele>25.9</ele>
    <time>2023-12-10T10:38:36Z</time>
   </trkpt>
   <trkpt lat="51.5694970" lon="-0.0876740">
    <ele>25.9</ele>
    <time>2023-12-10T10:38:37Z</time>
   </trkpt>
   <trkpt lat="51.5695060" lon="-0.0876840">
    <ele>25.9</ele>
    <time>2023-12-10T10:38:38Z</time>
   </trkpt>
   <trkpt lat="51.5695340" lon="-0.0877090">
    <ele>26.0</ele>
    <time>2023-12-10T10:38:39Z</time>
   </trkpt>
   <trkpt lat="51.5695580" lon="-0.0877500">
    <ele>26.1</ele>
    <time>2023-12-10T10:38:40Z</time>
   </trkpt>
   <trkpt lat="51.5695790" lon="-0.0877780">
    <ele>26.2</ele>
    <time>2023-12-10T10:38:41Z</time>
   </trkpt>
   <trkpt lat="51.5696060" lon="-0.0877980">
    <ele>26.2</ele>
    <time>2023-12-10T10:38:42Z</time>
   </trkpt>
   <trkpt lat="51.5696310" lon="-0.0878250">
    <ele>26.3</ele>
    <time>2023-12-10T10:38:43Z</time>
   </trkpt>
   <trkpt lat="51.5696430" lon="-0.0878410">
    <ele>26.4</ele>
    <time>2023-12-10T10:38:44Z</time>
   </trkpt>
   <trkpt lat="51.5696570" lon="-0.0878450">
    <ele>26.4</ele>
    <time>2023-12-10T10:38:45Z</time>
   </trkpt>
   <trkpt lat="51.5696900" lon="-0.0878740">
    <ele>26.5</ele>
    <time>2023-12-10T10:38:46Z</time>
   </trkpt>
   <trkpt lat="51.5697040" lon="-0.0878850">
    <ele>26.5</ele>
    <time>2023-12-10T10:38:47Z</time>
   </trkpt>
   <trkpt lat="51.5697380" lon="-0.0879120">
    <ele>26.6</ele>
    <time>2023-12-10T10:38:48Z</time>
   </trkpt>
   <trkpt lat="51.5697520" lon="-0.0879290">
    <ele>26.7</ele>
    <time>2023-12-10T10:38:49Z</time>
   </trkpt>
   <trkpt lat="51.5697820" lon="-0.0879660">
    <ele>26.8</ele>
    <time>2023-12-10T10:38:50Z</time>
   </trkpt>
   <trkpt lat="51.5697940" lon="-0.0879750">
    <ele>26.8</ele>
    <time>2023-12-10T10:38:51Z</time>
   </trkpt>
   <trkpt lat="51.5698210" lon="-0.0880050">
    <ele>26.9</ele>
    <time>2023-12-10T10:38:52Z</time>
   </trkpt>
   <trkpt lat="51.5698310" lon="-0.0880230">
    <ele>26.9</ele>
    <time>2023-12-10T10:38:53Z</time>
   </trkpt>
   <trkpt lat="51.5698650" lon="-0.0880610">
    <ele>27.1</ele>
    <time>2023-12-10T10:38:54Z</time>
   </trkpt>
   <trkpt lat="51.5698810" lon="-0.0880730">
    <ele>27.1</ele>
    <time>2023-12-10T10:38:55Z</time>
   </trkpt>
   <trkpt lat="51.5699160" lon="-0.0881070">
    <ele>27.2</ele>
    <time>2023-12-10T10:38:56Z</time>
   </trkpt>
   <trkpt lat="51.5699300" lon="-0.0881110">
    <ele>27.3</ele>
    <time>2023-12-10T10:38:57Z</time>
   </trkpt>
   <trkpt lat="51.5699600" lon="-0.0881440">
    <ele>27.4</ele>
    <time>2023-12-10T10:38:58Z</time>
   </trkpt>
   <trkpt lat="51.5699950" lon="-0.0881800">
    <ele>27.5</ele>
    <time>2023-12-10T10:38:59Z</time>
   </trkpt>
   <trkpt lat="51.5700090" lon="-0.0881930">
    <ele>27.6</ele>
    <time>2023-12-10T10:39:00Z</time>
   </trkpt>
   <trkpt lat="51.5700380" lon="-0.0882110">
    <ele>27.7</ele>
    <time>2023-12-10T10:39:01Z</time>
   </trkpt>
   <trkpt lat="51.5700630" lon="-0.0882370">
    <ele>27.8</ele>
    <time>2023-12-10T10:39:02Z</time>
   </trkpt>
   <trkpt lat="51.5700920" lon="-0.0882680">
    <ele>27.9</ele>
    <time>2023-12-10T10:39:03Z</time>
   </trkpt>
   <trkpt lat="51.5701020" lon="-0.0882800">
    <ele>28.0</ele>
    <time>2023-12-10T10:39:04Z</time>
   </trkpt>
   <trkpt lat="51.5701280" lon="-0.0882980">
    <ele>28.1</ele>
    <time>2023-12-10T10:39:05Z</time>
   </trkpt>
   <trkpt lat="51.5701640" lon="-0.0883240">
    <ele>28.3</ele>
    <time>2023-12-10T10:39:06Z</time>
   </trkpt>
   <trkpt lat="51.5701770" lon="-0.0883340">
    <ele>28.4</ele>
    <time>2023-12-10T10:39:07Z</time>
   </trkpt>
   <trkpt lat="51.5701940" lon="-0.0883700">
    <ele>28.5</ele>
    <time>2023-12-10T10:39:08Z</time>
   </trkpt>
   <trkpt lat="51.5702190" lon="-0.0884180">
    <ele>28.7</ele>
    <time>2023-12-10T10:39:09Z</time>
   </trkpt>
   <trkpt lat="51.5702300" lon="-0.0884330">
    <ele>28.8</ele>
    <time>2023-12-10T10:39:10Z</time>
   </trkpt>
   <trkpt lat="51.5702550" lon="-0.0884610">
    <ele>28.9</ele>
    <time>2023-12-10T10:39:11Z</time>
   </trkpt>
   <trkpt lat="51.5702980" lon="-0.0884690">
    <ele>29.2</ele>
    <time>2023-12-10T10:39:12Z</time>
   </trkpt>
   <trkpt lat="51.5703310" lon="-0.0884970">
    <ele>29.4</ele>
    <time>2023-12-10T10:39:13Z</time>
   </trkpt>
   <trkpt lat="51.5703440" lon="-0.0885160">
    <ele>29.5</ele>
    <time>2023-12-10T10:39:14Z</time>
   </trkpt>
   <trkpt lat="51.5703800" lon="-0.0885400">
    <ele>29.7</ele>
    <time>2023-12-10T10:39:15Z</time>
   </trkpt>
   <trkpt lat="51.5703920" lon="-0.0885510">
    <ele>29.7</ele>
    <time>2023-12-10T10:39:16Z</time>
   </trkpt>
   <trkpt lat="51.5704170" lon="-0.0885720">
    <ele>29.9</ele>
    <time>2023-12-10T10:39:17Z</time>
   </trkpt>
   <trkpt lat="51.5704280" lon="-0.0885780">
    <ele>30.0</ele>
    <time>2023-12-10T10:39:18Z</time>
   </trkpt>
   <trkpt lat="51.5704480" lon="-0.0886000">
    <ele>30.1</ele>
    <time>2023-12-10T10:39:19Z</time>
   </trkpt>
   <trkpt lat="51.5704720" lon="-0.0886380">
    <ele>30.3</ele>
    <time>2023-12-10T10:39:20Z</time>
   </trkpt>
   <trkpt lat="51.5704780" lon="-0.0886570">
    <ele>30.3</ele>
    <time>2023-12-10T10:39:21Z</time>
   </trkpt>
   <trkpt lat="51.5704940" lon="-0.0886960">
    <ele>30.5</ele>
    <time>2023-12-10T10:39:22Z</time>
   </trkpt>
   <trkpt lat="51.5705300" lon="-0.0887140">
    <ele>30.6</ele>
    <time>2023-12-10T10:39:23Z</time>
   </trkpt>
   <trkpt lat="51.5705410" lon="-0.0887220">
    <ele>30.6</ele>
    <time>2023-12-10T10:39:24Z</time>
   </trkpt>
   <trkpt lat="51.5705690" lon="-0.0887490">
    <ele>30.7</ele>
    <time>2023-12-10T10:39:25Z</time>
   </trkpt>
   <trkpt lat="51.5705960" lon="-0.0887730">
    <ele>30.7</ele>
    <time>2023-12-10T10:39:26Z</time>
   </trkpt>
   <trkpt lat="51.5706220" lon="-0.0887930">
    <ele>30.7</ele>
    <time>2023-12-10T10:39:27Z</time>
   </trkpt>
   <trkpt lat="51.5706480" lon="-0.0888160">
    <ele>30.8</ele>
    <time>2023-12-10T10:39:28Z</time>
   </trkpt>
   <trkpt lat="51.5706730" lon="-0.0888420">
    <ele>30.8</ele>
    <time>2023-12-10T10:39:29Z</time>
   </trkpt>
   <trkpt lat="51.5706990" lon="-0.0888760">
    <ele>30.8</ele>
    <time>2023-12-10T10:39:30Z</time>
   </trkpt>
   <trkpt lat="51.5707250" lon="-0.0889010">
    <ele>30.8</ele>
    <time>2023-12-10T10:39:31Z</time>
   </trkpt>
   <trkpt lat="51.5707440" lon="-0.0889450">
    <ele>30.8</ele>
    <time>2023-12-10T10:39:32Z</time>
   </trkpt>
   <trkpt lat="51.5707590" lon="-0.0889490">
    <ele>30.8</ele>
    <time>2023-12-10T10:39:33Z</time>
   </trkpt>
   <trkpt lat="51.5707950" lon="-0.0889630">
    <ele>30.9</ele>
    <time>2023-12-10T10:39:34Z</time>
   </trkpt>
   <trkpt lat="51.5708000" lon="-0.0890090">
    <ele>31.0</ele>
    <time>2023-12-10T10:39:35Z</time>
   </trkpt>
   <trkpt lat="51.5708290" lon="-0.0890240">
    <ele>31.0</ele>
    <time>2023-12-10T10:39:36Z</time>
   </trkpt>
   <trkpt lat="51.5708550" lon="-0.0890500">
    <ele>31.0</ele>
    <time>2023-12-10T10:39:37Z</time>
   </trkpt>
   <trkpt lat="51.5708840" lon="-0.0890870">
    <ele>31.0</ele>
    <time>2023-12-10T10:39:38Z</time>
   </trkpt>
   <trkpt lat="51.5709120" lon="-0.0891270">
    <ele>31.0</ele>
    <time>2023-12-10T10:39:39Z</time>
   </trkpt>
   <trkpt lat="51.5709220" lon="-0.0891450">
    <ele>31.0</ele>
    <time>2023-12-10T10:39:40Z</time>
   </trkpt>
   <trkpt lat="51.5709550" lon="-0.0891790">
    <ele>31.1</ele>
    <time>2023-12-10T10:39:41Z</time>
   </trkpt>
   <trkpt lat="51.5709640" lon="-0.0891930">
    <ele>31.1</ele>
    <time>2023-12-10T10:39:42Z</time>
   </trkpt>
   <trkpt lat="51.5709890" lon="-0.0892480">
    <ele>31.1</ele>
    <time>2023-12-10T10:39:43Z</time>
   </trkpt>
   <trkpt lat="51.5709990" lon="-0.0892690">
    <ele>31.1</ele>
    <time>2023-12-10T10:39:44Z</time>
   </trkpt>
   <trkpt lat="51.5710100" lon="-0.0893090">
    <ele>31.2</ele>
    <time>2023-12-10T10:39:45Z</time>
   </trkpt>
   <trkpt lat="51.5710530" lon="-0.0893120">
    <ele>31.2</ele>
    <time>2023-12-10T10:39:46Z</time>
   </trkpt>
   <trkpt lat="51.5710490" lon="-0.0893770">
    <ele>31.3</ele>
    <time>2023-12-10T10:39:47Z</time>
   </trkpt>
   <trkpt lat="51.5710790" lon="-0.0893860">
    <ele>31.3</ele>
    <time>2023-12-10T10:39:48Z</time>
   </trkpt>
   <trkpt lat="51.5710900" lon="-0.0893890">
    <ele>31.3</ele>
    <time>2023-12-10T10:39:49Z</time>
   </trkpt>
   <trkpt lat="51.5711260" lon="-0.0893950">
    <ele>31.4</ele>
    <time>2023-12-10T10:39:50Z</time>
   </trkpt>
   <trkpt lat="51.5711390" lon="-0.0893980">
    <ele>31.4</ele>
    <time>2023-12-10T10:39:51Z</time>
   </trkpt>
   <trkpt lat="51.5711690" lon="-0.0894010">
    <ele>31.4</ele>
    <time>2023-12-10T10:39:52Z</time>
   </trkpt>
   <trkpt lat="51.5711810" lon="-0.0894070">
    <ele>31.4</ele>
    <time>2023-12-10T10:39:53Z</time>
   </trkpt>
   <trkpt lat="51.5711960" lon="-0.0894130">
    <ele>31.4</ele>
    <time>2023-12-10T10:39:54Z</time>
   </trkpt>
   <trkpt lat="51.5712020" lon="-0.0894240">
    <ele>31.5</ele>
    <time>2023-12-10T10:39:55Z</time>
   </trkpt>
   <trkpt lat="51.5712000" lon="-0.0894330">
    <ele>31.5</ele>
    <time>2023-12-10T10:39:56Z</time>
   </trkpt>
   <trkpt lat="51.5712070" lon="-0.0894260">
    <ele>31.5</ele>
    <time>2023-12-10T10:39:57Z</time>
   </trkpt>
   <trkpt lat="51.5712130" lon="-0.0894160">
    <ele>31.5</ele>
    <time>2023-12-10T10:39:58Z</time>
   </trkpt>
   <trkpt lat="51.5712300" lon="-0.0894090">
    <ele>31.5</ele>
    <time>2023-12-10T10:39:59Z</time>
   </trkpt>
   <trkpt lat="51.5712410" lon="-0.0894090">
    <ele>31.5</ele>
    <time>2023-12-10T10:40:00Z</time>
   </trkpt>
   <trkpt lat="51.5712560" lon="-0.0894090">
    <ele>31.5</ele>
    <time>2023-12-10T10:40:01Z</time>
   </trkpt>
   <trkpt lat="51.5712720" lon="-0.0894000">
    <ele>31.5</ele>
    <time>2023-12-10T10:40:02Z</time>
   </trkpt>
  </trkseg>
 </trk>
</gpx>
