<?xml version="1.0" encoding="UTF-8"?>
<gpx creator="StravaGPX" version="1.1" xmlns="http://www.topografix.com/GPX/1/1" xmlns:xsi="http://www.w3.org/2001/XMLSchema-instance" xsi:schemaLocation="http://www.topografix.com/GPX/1/1 http://www.topografix.com/GPX/1/1/gpx.xsd">
 <metadata>
  <time>2024-04-17T16:27:01Z</time>
 </metadata>
 <trk>
  <name>Dettifoss</name>
  <type>hiking</type>
  <trkseg>
   <trkpt lat="65.8122100" lon="-16.3980600">
    <ele>395.2</ele>
    <time>2024-04-17T16:27:01Z</time>
   </trkpt>
   <trkpt lat="65.8122140" lon="-16.3980350">
    <ele>395.2</ele>
    <time>2024-04-17T16:27:02Z</time>
   </trkpt>
   <trkpt lat="65.8122150" lon="-16.3980100">
    <ele>395.2</ele>
    <time>2024-04-17T16:27:03Z</time>
   </trkpt>
   <trkpt lat="65.8122030" lon="-16.3980040">
    <ele>395.2</ele>
    <time>2024-04-17T16:27:04Z</time>
   </trkpt>
   <trkpt lat="65.8122000" lon="-16.3979990">
    <ele>395.2</ele>
    <time>2024-04-17T16:27:05Z</time>
   </trkpt>
   <trkpt lat="65.8122040" lon="-16.3979650">
    <ele>395.2</ele>
    <time>2024-04-17T16:27:06Z</time>
   </trkpt>
   <trkpt lat="65.8122030" lon="-16.3979420">
    <ele>395.2</ele>
    <time>2024-04-17T16:27:07Z</time>
   </trkpt>
   <trkpt lat="65.8122030" lon="-16.3979180">
    <ele>395.2</ele>
    <time>2024-04-17T16:27:08Z</time>
   </trkpt>
   <trkpt lat="65.8122030" lon="-16.3978950">
    <ele>395.2</ele>
    <time>2024-04-17T16:27:09Z</time>
   </trkpt>
   <trkpt lat="65.8122030" lon="-16.3978710">
    <ele>395.2</ele>
    <time>2024-04-17T16:27:10Z</time>
   </trkpt>
   <trkpt lat="65.8122020" lon="-16.3978560">
    <ele>395.2</ele>
    <time>2024-04-17T16:27:11Z</time>
   </trkpt>
   <trkpt lat="65.8122050" lon="-16.3978240">
    <ele>395.2</ele>
    <time>2024-04-17T16:27:12Z</time>
   </trkpt>
   <trkpt lat="65.8122050" lon="-16.3977970">
    <ele>395.1</ele>
    <time>2024-04-17T16:27:13Z</time>
   </trkpt>
   <trkpt lat="65.8122040" lon="-16.3977690">
    <ele>395.1</ele>
    <time>2024-04-17T16:27:14Z</time>
   </trkpt>
   <trkpt lat="65.8122030" lon="-16.3977400">
    <ele>395.1</ele>
    <time>2024-04-17T16:27:15Z</time>
   </trkpt>
   <trkpt lat="65.8122040" lon="-16.3977240">
    <ele>395.1</ele>
    <time>2024-04-17T16:27:16Z</time>
   </trkpt>
   <trkpt lat="65.8122030" lon="-16.3976750">
    <ele>395.0</ele>
    <time>2024-04-17T16:27:17Z</time>
   </trkpt>
   <trkpt lat="65.8122020" lon="-16.3976490">
    <ele>395.0</ele>
    <time>2024-04-17T16:27:18Z</time>
   </trkpt>
   <trkpt lat="65.8122000" lon="-16.3976020">
    <ele>395.0</ele>
    <time>2024-04-17T16:27:19Z</time>
   </trkpt>
   <trkpt lat="65.8121980" lon="-16.3975760">
    <ele>395.0</ele>
    <time>2024-04-17T16:27:20Z</time>
   </trkpt>
   <trkpt lat="65.8121960" lon="-16.3975480">
    <ele>394.9</ele>
    <time>2024-04-17T16:27:21Z</time>
   </trkpt>
   <trkpt lat="65.8121960" lon="-16.3975160">
    <ele>394.9</ele>
    <time>2024-04-17T16:27:22Z</time>
   </trkpt>
   <trkpt lat="65.8121950" lon="-16.3974910">
    <ele>394.9</ele>
    <time>2024-04-17T16:27:23Z</time>
   </trkpt>
   <trkpt lat="65.8121920" lon="-16.3974740">
    <ele>394.9</ele>
    <time>2024-04-17T16:27:24Z</time>
   </trkpt>
   <trkpt lat="65.8121880" lon="-16.3974510">
    <ele>394.8</ele>
    <time>2024-04-17T16:27:25Z</time>
   </trkpt>
   <trkpt lat="65.8121850" lon="-16.3974170">
    <ele>394.8</ele>
    <time>2024-04-17T16:27:26Z</time>
   </trkpt>
   <trkpt lat="65.8121820" lon="-16.3973910">
    <ele>394.8</ele>
    <time>2024-04-17T16:27:27Z</time>
   </trkpt>
   <trkpt lat="65.8121900" lon="-16.3974350">
    <ele>394.8</ele>
    <time>2024-04-17T16:27:28Z</time>
   </trkpt>
   <trkpt lat="65.8121860" lon="-16.3974100">
    <ele>394.8</ele>
    <time>2024-04-17T16:27:29Z</time>
   </trkpt>
   <trkpt lat="65.8121860" lon="-16.3974080">
    <ele>394.8</ele>
    <time>2024-04-17T16:27:30Z</time>
   </trkpt>
   <trkpt lat="65.8121820" lon="-16.3973850">
    <ele>394.8</ele>
    <time>2024-04-17T16:27:31Z</time>
   </trkpt>
   <trkpt lat="65.8121780" lon="-16.3973530">
    <ele>394.7</ele>
    <time>2024-04-17T16:27:32Z</time>
   </trkpt>
   <trkpt lat="65.8121790" lon="-16.3973360">
    <ele>394.7</ele>
    <time>2024-04-17T16:27:33Z</time>
   </trkpt>
   <trkpt lat="65.8121770" lon="-16.3973040">
    <ele>394.7</ele>
    <time>2024-04-17T16:27:34Z</time>
   </trkpt>
   <trkpt lat="65.8121750" lon="-16.3972750">
    <ele>394.7</ele>
    <time>2024-04-17T16:27:35Z</time>
   </trkpt>
   <trkpt lat="65.8121720" lon="-16.3972500">
    <ele>394.7</ele>
    <time>2024-04-17T16:27:36Z</time>
   </trkpt>
   <trkpt lat="65.8121680" lon="-16.3972290">
    <ele>394.7</ele>
    <time>2024-04-17T16:27:37Z</time>
   </trkpt>
   <trkpt lat="65.8121640" lon="-16.3972100">
    <ele>394.7</ele>
    <time>2024-04-17T16:27:38Z</time>
   </trkpt>
   <trkpt lat="65.8121640" lon="-16.3971870">
    <ele>394.7</ele>
    <time>2024-04-17T16:27:39Z</time>
   </trkpt>
   <trkpt lat="65.8121630" lon="-16.3971640">
    <ele>394.7</ele>
    <time>2024-04-17T16:27:40Z</time>
   </trkpt>
   <trkpt lat="65.8121630" lon="-16.3971370">
    <ele>394.7</ele>
    <time>2024-04-17T16:27:41Z</time>
   </trkpt>
   <trkpt lat="65.8121620" lon="-16.3971110">
    <ele>394.7</ele>
    <time>2024-04-17T16:27:42Z</time>
   </trkpt>
   <trkpt lat="65.8121600" lon="-16.3970840">
    <ele>394.7</ele>
    <time>2024-04-17T16:27:43Z</time>
   </trkpt>
   <trkpt lat="65.8121590" lon="-16.3970530">
    <ele>394.7</ele>
    <time>2024-04-17T16:27:44Z</time>
   </trkpt>
   <trkpt lat="65.8121590" lon="-16.3970050">
    <ele>394.7</ele>
    <time>2024-04-17T16:27:45Z</time>
   </trkpt>
   <trkpt lat="65.8121580" lon="-16.3969840">
    <ele>394.6</ele>
    <time>2024-04-17T16:27:46Z</time>
   </trkpt>
   <trkpt lat="65.8121560" lon="-16.3969630">
    <ele>394.6</ele>
    <time>2024-04-17T16:27:47Z</time>
   </trkpt>
   <trkpt lat="65.8121570" lon="-16.3969390">
    <ele>394.6</ele>
    <time>2024-04-17T16:27:48Z</time>
   </trkpt>
   <trkpt lat="65.8121550" lon="-16.3969110">
    <ele>394.5</ele>
    <time>2024-04-17T16:27:49Z</time>
   </trkpt>
   <trkpt lat="65.8121550" lon="-16.3968830">
    <ele>394.5</ele>
    <time>2024-04-17T16:27:50Z</time>
   </trkpt>
   <trkpt lat="65.8121550" lon="-16.3968310">
    <ele>394.4</ele>
    <time>2024-04-17T16:27:51Z</time>
   </trkpt>
   <trkpt lat="65.8121550" lon="-16.3968120">
    <ele>394.4</ele>
    <time>2024-04-17T16:27:52Z</time>
   </trkpt>
   <trkpt lat="65.8121560" lon="-16.3967930">
    <ele>394.3</ele>
    <time>2024-04-17T16:27:53Z</time>
   </trkpt>
   <trkpt lat="65.8121510" lon="-16.3967620">
    <ele>394.2</ele>
    <time>2024-04-17T16:27:54Z</time>
   </trkpt>
   <trkpt lat="65.8121480" lon="-16.3967350">
    <ele>394.2</ele>
    <time>2024-04-17T16:27:55Z</time>
   </trkpt>
   <trkpt lat="65.8121480" lon="-16.3967080">
    <ele>394.1</ele>
    <time>2024-04-17T16:27:56Z</time>
   </trkpt>
   <trkpt lat="65.8121440" lon="-16.3966510">
    <ele>393.9</ele>
    <time>2024-04-17T16:27:57Z</time>
   </trkpt>
   <trkpt lat="65.8121440" lon="-16.3966330">
    <ele>393.9</ele>
    <time>2024-04-17T16:27:58Z</time>
   </trkpt>
   <trkpt lat="65.8121430" lon="-16.3966140">
    <ele>393.8</ele>
    <time>2024-04-17T16:27:59Z</time>
   </trkpt>
   <trkpt lat="65.8121420" lon="-16.3965910">
    <ele>393.7</ele>
    <time>2024-04-17T16:28:00Z</time>
   </trkpt>
   <trkpt lat="65.8121380" lon="-16.3965530">
    <ele>393.6</ele>
    <time>2024-04-17T16:28:01Z</time>
   </trkpt>
   <trkpt lat="65.8121330" lon="-16.3965310">
    <ele>393.5</ele>
    <time>2024-04-17T16:28:02Z</time>
   </trkpt>
   <trkpt lat="65.8121300" lon="-16.3964990">
    <ele>393.4</ele>
    <time>2024-04-17T16:28:03Z</time>
   </trkpt>
   <trkpt lat="65.8121290" lon="-16.3964680">
    <ele>393.3</ele>
    <time>2024-04-17T16:28:04Z</time>
   </trkpt>
   <trkpt lat="65.8121290" lon="-16.3964460">
    <ele>393.3</ele>
    <time>2024-04-17T16:28:05Z</time>
   </trkpt>
   <trkpt lat="65.8121270" lon="-16.3963960">
    <ele>393.1</ele>
    <time>2024-04-17T16:28:06Z</time>
   </trkpt>
   <trkpt lat="65.8121260" lon="-16.3963770">
    <ele>393.1</ele>
    <time>2024-04-17T16:28:07Z</time>
   </trkpt>
   <trkpt lat="65.8121250" lon="-16.3963580">
    <ele>393.0</ele>
    <time>2024-04-17T16:28:08Z</time>
   </trkpt>
   <trkpt lat="65.8121250" lon="-16.3963260">
    <ele>392.9</ele>
    <time>2024-04-17T16:28:09Z</time>
   </trkpt>
   <trkpt lat="65.8121260" lon="-16.3962990">
    <ele>392.9</ele>
    <time>2024-04-17T16:28:10Z</time>
   </trkpt>
   <trkpt lat="65.8121250" lon="-16.3962730">
    <ele>392.8</ele>
    <time>2024-04-17T16:28:11Z</time>
   </trkpt>
   <trkpt lat="65.8121230" lon="-16.3962430">
    <ele>392.8</ele>
    <time>2024-04-17T16:28:12Z</time>
   </trkpt>
   <trkpt lat="65.8121230" lon="-16.3962120">
    <ele>392.7</ele>
    <time>2024-04-17T16:28:13Z</time>
   </trkpt>
   <trkpt lat="65.8121190" lon="-16.3961870">
    <ele>392.7</ele>
    <time>2024-04-17T16:28:14Z</time>
   </trkpt>
   <trkpt lat="65.8121120" lon="-16.3961700">
    <ele>392.7</ele>
    <time>2024-04-17T16:28:15Z</time>
   </trkpt>
   <trkpt lat="65.8121060" lon="-16.3961490">
    <ele>392.6</ele>
    <time>2024-04-17T16:28:16Z</time>
   </trkpt>
   <trkpt lat="65.8121050" lon="-16.3961320">
    <ele>392.6</ele>
    <time>2024-04-17T16:28:17Z</time>
   </trkpt>
   <trkpt lat="65.8121090" lon="-16.3961150">
    <ele>392.6</ele>
    <time>2024-04-17T16:28:18Z</time>
   </trkpt>
   <trkpt lat="65.8121190" lon="-16.3961040">
    <ele>392.6</ele>
    <time>2024-04-17T16:28:19Z</time>
   </trkpt>
   <trkpt lat="65.8121300" lon="-16.3960870">
    <ele>392.6</ele>
    <time>2024-04-17T16:28:20Z</time>
   </trkpt>
   <trkpt lat="65.8121430" lon="-16.3960390">
    <ele>392.6</ele>
    <time>2024-04-17T16:28:21Z</time>
   </trkpt>
   <trkpt lat="65.8121460" lon="-16.3960220">
    <ele>392.6</ele>
    <time>2024-04-17T16:28:22Z</time>
   </trkpt>
   <trkpt lat="65.8121500" lon="-16.3960040">
    <ele>392.6</ele>
    <time>2024-04-17T16:28:23Z</time>
   </trkpt>
   <trkpt lat="65.8121530" lon="-16.3959800">
    <ele>392.7</ele>
    <time>2024-04-17T16:28:24Z</time>
   </trkpt>
   <trkpt lat="65.8121570" lon="-16.3959520">
    <ele>392.7</ele>
    <time>2024-04-17T16:28:25Z</time>
   </trkpt>
   <trkpt lat="65.8121580" lon="-16.3959320">
    <ele>392.7</ele>
    <time>2024-04-17T16:28:26Z</time>
   </trkpt>
   <trkpt lat="65.8121670" lon="-16.3958870">
    <ele>392.7</ele>
    <time>2024-04-17T16:28:27Z</time>
   </trkpt>
   <trkpt lat="65.8121720" lon="-16.3958680">
    <ele>392.7</ele>
    <time>2024-04-17T16:28:28Z</time>
   </trkpt>
   <trkpt lat="65.8121770" lon="-16.3958480">
    <ele>392.8</ele>
    <time>2024-04-17T16:28:29Z</time>
   </trkpt>
   <trkpt lat="65.8121820" lon="-16.3958300">
    <ele>392.8</ele>
    <time>2024-04-17T16:28:30Z</time>
   </trkpt>
   <trkpt lat="65.8121890" lon="-16.3958100">
    <ele>392.8</ele>
    <time>2024-04-17T16:28:31Z</time>
   </trkpt>
   <trkpt lat="65.8121960" lon="-16.3957900">
    <ele>392.8</ele>
    <time>2024-04-17T16:28:32Z</time>
   </trkpt>
   <trkpt lat="65.8122120" lon="-16.3957640">
    <ele>392.8</ele>
    <time>2024-04-17T16:28:33Z</time>
   </trkpt>
   <trkpt lat="65.8122220" lon="-16.3957560">
    <ele>392.8</ele>
    <time>2024-04-17T16:28:34Z</time>
   </trkpt>
   <trkpt lat="65.8122320" lon="-16.3957490">
    <ele>392.7</ele>
    <time>2024-04-17T16:28:35Z</time>
   </trkpt>
   <trkpt lat="65.8122410" lon="-16.3957480">
    <ele>392.7</ele>
    <time>2024-04-17T16:28:36Z</time>
   </trkpt>
   <trkpt lat="65.8122510" lon="-16.3957370">
    <ele>392.7</ele>
    <time>2024-04-17T16:28:37Z</time>
   </trkpt>
   <trkpt lat="65.8122630" lon="-16.3957270">
    <ele>392.7</ele>
    <time>2024-04-17T16:28:38Z</time>
   </trkpt>
   <trkpt lat="65.8122720" lon="-16.3957150">
    <ele>392.6</ele>
    <time>2024-04-17T16:28:39Z</time>
   </trkpt>
   <trkpt lat="65.8122830" lon="-16.3956980">
    <ele>392.6</ele>
    <time>2024-04-17T16:28:40Z</time>
   </trkpt>
   <trkpt lat="65.8122920" lon="-16.3956860">
    <ele>392.5</ele>
    <time>2024-04-17T16:28:41Z</time>
   </trkpt>
   <trkpt lat="65.8123040" lon="-16.3956720">
    <ele>392.4</ele>
    <time>2024-04-17T16:28:42Z</time>
   </trkpt>
   <trkpt lat="65.8123120" lon="-16.3956570">
    <ele>392.3</ele>
    <time>2024-04-17T16:28:43Z</time>
   </trkpt>
   <trkpt lat="65.8123230" lon="-16.3956420">
    <ele>392.2</ele>
    <time>2024-04-17T16:28:44Z</time>
   </trkpt>
   <trkpt lat="65.8123410" lon="-16.3956100">
    <ele>392.0</ele>
    <time>2024-04-17T16:28:45Z</time>
   </trkpt>
   <trkpt lat="65.8123460" lon="-16.3955970">
    <ele>391.9</ele>
    <time>2024-04-17T16:28:46Z</time>
   </trkpt>
   <trkpt lat="65.8123520" lon="-16.3955830">
    <ele>391.8</ele>
    <time>2024-04-17T16:28:47Z</time>
   </trkpt>
   <trkpt lat="65.8123590" lon="-16.3955640">
    <ele>391.7</ele>
    <time>2024-04-17T16:28:48Z</time>
   </trkpt>
   <trkpt lat="65.8123700" lon="-16.3955580">
    <ele>391.6</ele>
    <time>2024-04-17T16:28:49Z</time>
   </trkpt>
   <trkpt lat="65.8123780" lon="-16.3955520">
    <ele>391.4</ele>
    <time>2024-04-17T16:28:50Z</time>
   </trkpt>
   <trkpt lat="65.8123990" lon="-16.3955270">
    <ele>391.1</ele>
    <time>2024-04-17T16:28:51Z</time>
   </trkpt>
   <trkpt lat="65.8124050" lon="-16.3955170">
    <ele>391.0</ele>
    <time>2024-04-17T16:28:52Z</time>
   </trkpt>
   <trkpt lat="65.8124120" lon="-16.3955070">
    <ele>390.9</ele>
    <time>2024-04-17T16:28:53Z</time>
   </trkpt>
   <trkpt lat="65.8124140" lon="-16.3954860">
    <ele>390.7</ele>
    <time>2024-04-17T16:28:54Z</time>
   </trkpt>
   <trkpt lat="65.8124220" lon="-16.3954720">
    <ele>390.6</ele>
    <time>2024-04-17T16:28:55Z</time>
   </trkpt>
   <trkpt lat="65.8124300" lon="-16.3954520">
    <ele>390.4</ele>
    <time>2024-04-17T16:28:56Z</time>
   </trkpt>
   <trkpt lat="65.8124380" lon="-16.3954330">
    <ele>390.2</ele>
    <time>2024-04-17T16:28:57Z</time>
   </trkpt>
   <trkpt lat="65.8124410" lon="-16.3954200">
    <ele>390.1</ele>
    <time>2024-04-17T16:28:58Z</time>
   </trkpt>
   <trkpt lat="65.8124350" lon="-16.3954370">
    <ele>390.0</ele>
    <time>2024-04-17T16:28:59Z</time>
   </trkpt>
   <trkpt lat="65.8124310" lon="-16.3954430">
    <ele>389.9</ele>
    <time>2024-04-17T16:29:00Z</time>
   </trkpt>
   <trkpt lat="65.8124290" lon="-16.3954470">
    <ele>389.9</ele>
    <time>2024-04-17T16:29:01Z</time>
   </trkpt>
   <trkpt lat="65.8124290" lon="-16.3954470">
    <ele>389.9</ele>
    <time>2024-04-17T16:29:02Z</time>
   </trkpt>
   <trkpt lat="65.8124290" lon="-16.3954470">
    <ele>389.9</ele>
    <time>2024-04-17T16:29:03Z</time>
   </trkpt>
   <trkpt lat="65.8124290" lon="-16.3954470">
    <ele>389.9</ele>
    <time>2024-04-17T16:29:04Z</time>
   </trkpt>
   <trkpt lat="65.8124290" lon="-16.3954470">
    <ele>389.9</ele>
    <time>2024-04-17T16:29:05Z</time>
   </trkpt>
   <trkpt lat="65.8124270" lon="-16.3954620">
    <ele>389.8</ele>
    <time>2024-04-17T16:29:06Z</time>
   </trkpt>
   <trkpt lat="65.8124350" lon="-16.3954320">
    <ele>389.5</ele>
    <time>2024-04-17T16:29:07Z</time>
   </trkpt>
   <trkpt lat="65.8124410" lon="-16.3954180">
    <ele>389.4</ele>
    <time>2024-04-17T16:29:08Z</time>
   </trkpt>
   <trkpt lat="65.8124440" lon="-16.3953950">
    <ele>389.2</ele>
    <time>2024-04-17T16:29:09Z</time>
   </trkpt>
   <trkpt lat="65.8124460" lon="-16.3953710">
    <ele>389.1</ele>
    <time>2024-04-17T16:29:10Z</time>
   </trkpt>
   <trkpt lat="65.8124470" lon="-16.3953470">
    <ele>388.9</ele>
    <time>2024-04-17T16:29:11Z</time>
   </trkpt>
   <trkpt lat="65.8124520" lon="-16.3953250">
    <ele>388.7</ele>
    <time>2024-04-17T16:29:12Z</time>
   </trkpt>
   <trkpt lat="65.8124580" lon="-16.3952950">
    <ele>388.5</ele>
    <time>2024-04-17T16:29:13Z</time>
   </trkpt>
   <trkpt lat="65.8124650" lon="-16.3952630">
    <ele>388.3</ele>
    <time>2024-04-17T16:29:14Z</time>
   </trkpt>
   <trkpt lat="65.8124690" lon="-16.3952300">
    <ele>388.1</ele>
    <time>2024-04-17T16:29:15Z</time>
   </trkpt>
   <trkpt lat="65.8124740" lon="-16.3951980">
    <ele>387.9</ele>
    <time>2024-04-17T16:29:16Z</time>
   </trkpt>
   <trkpt lat="65.8124770" lon="-16.3951650">
    <ele>387.7</ele>
    <time>2024-04-17T16:29:17Z</time>
   </trkpt>
   <trkpt lat="65.8124800" lon="-16.3951330">
    <ele>387.5</ele>
    <time>2024-04-17T16:29:18Z</time>
   </trkpt>
   <trkpt lat="65.8124860" lon="-16.3950880">
    <ele>387.2</ele>
    <time>2024-04-17T16:29:19Z</time>
   </trkpt>
   <trkpt lat="65.8124890" lon="-16.3950680">
    <ele>387.1</ele>
    <time>2024-04-17T16:29:20Z</time>
   </trkpt>
   <trkpt lat="65.8124920" lon="-16.3950490">
    <ele>387.0</ele>
    <time>2024-04-17T16:29:21Z</time>
   </trkpt>
   <trkpt lat="65.8124910" lon="-16.3950140">
    <ele>386.8</ele>
    <time>2024-04-17T16:29:22Z</time>
   </trkpt>
   <trkpt lat="65.8124950" lon="-16.3949820">
    <ele>386.6</ele>
    <time>2024-04-17T16:29:23Z</time>
   </trkpt>
   <trkpt lat="65.8125000" lon="-16.3949490">
    <ele>386.4</ele>
    <time>2024-04-17T16:29:24Z</time>
   </trkpt>
   <trkpt lat="65.8125060" lon="-16.3949180">
    <ele>386.3</ele>
    <time>2024-04-17T16:29:25Z</time>
   </trkpt>
   <trkpt lat="65.8125080" lon="-16.3948800">
    <ele>386.1</ele>
    <time>2024-04-17T16:29:26Z</time>
   </trkpt>
   <trkpt lat="65.8125060" lon="-16.3948710">
    <ele>386.1</ele>
    <time>2024-04-17T16:29:27Z</time>
   </trkpt>
   <trkpt lat="65.8125040" lon="-16.3948630">
    <ele>386.0</ele>
    <time>2024-04-17T16:29:28Z</time>
   </trkpt>
   <trkpt lat="65.8125020" lon="-16.3948550">
    <ele>386.0</ele>
    <time>2024-04-17T16:29:29Z</time>
   </trkpt>
   <trkpt lat="65.8125000" lon="-16.3948460">
    <ele>385.9</ele>
    <time>2024-04-17T16:29:30Z</time>
   </trkpt>
   <trkpt lat="65.8124980" lon="-16.3948380">
    <ele>385.9</ele>
    <time>2024-04-17T16:29:31Z</time>
   </trkpt>
   <trkpt lat="65.8124960" lon="-16.3948300">
    <ele>385.8</ele>
    <time>2024-04-17T16:29:32Z</time>
   </trkpt>
   <trkpt lat="65.8125030" lon="-16.3948070">
    <ele>385.7</ele>
    <time>2024-04-17T16:29:33Z</time>
   </trkpt>
   <trkpt lat="65.8125090" lon="-16.3947820">
    <ele>385.6</ele>
    <time>2024-04-17T16:29:34Z</time>
   </trkpt>
   <trkpt lat="65.8125090" lon="-16.3947760">
    <ele>385.5</ele>
    <time>2024-04-17T16:29:35Z</time>
   </trkpt>
   <trkpt lat="65.8125090" lon="-16.3947600">
    <ele>385.5</ele>
    <time>2024-04-17T16:29:36Z</time>
   </trkpt>
   <trkpt lat="65.8125100" lon="-16.3947550">
    <ele>385.4</ele>
    <time>2024-04-17T16:29:37Z</time>
   </trkpt>
   <trkpt lat="65.8125100" lon="-16.3947360">
    <ele>385.4</ele>
    <time>2024-04-17T16:29:38Z</time>
   </trkpt>
   <trkpt lat="65.8125100" lon="-16.3947160">
    <ele>385.3</ele>
    <time>2024-04-17T16:29:39Z</time>
   </trkpt>
   <trkpt lat="65.8125110" lon="-16.3946890">
    <ele>385.1</ele>
    <time>2024-04-17T16:29:40Z</time>
   </trkpt>
   <trkpt lat="65.8125120" lon="-16.3946510">
    <ele>385.0</ele>
    <time>2024-04-17T16:29:41Z</time>
   </trkpt>
   <trkpt lat="65.8125160" lon="-16.3946110">
    <ele>384.8</ele>
    <time>2024-04-17T16:29:42Z</time>
   </trkpt>
   <trkpt lat="65.8125190" lon="-16.3945870">
    <ele>384.6</ele>
    <time>2024-04-17T16:29:44Z</time>
   </trkpt>
   <trkpt lat="65.8125190" lon="-16.3945480">
    <ele>384.5</ele>
    <time>2024-04-17T16:29:45Z</time>
   </trkpt>
   <trkpt lat="65.8125220" lon="-16.3945270">
    <ele>384.4</ele>
    <time>2024-04-17T16:29:46Z</time>
   </trkpt>
   <trkpt lat="65.8125220" lon="-16.3944900">
    <ele>384.2</ele>
    <time>2024-04-17T16:29:47Z</time>
   </trkpt>
   <trkpt lat="65.8125220" lon="-16.3944540">
    <ele>384.0</ele>
    <time>2024-04-17T16:29:48Z</time>
   </trkpt>
   <trkpt lat="65.8125220" lon="-16.3944320">
    <ele>383.9</ele>
    <time>2024-04-17T16:29:49Z</time>
   </trkpt>
   <trkpt lat="65.8125220" lon="-16.3943980">
    <ele>383.8</ele>
    <time>2024-04-17T16:29:50Z</time>
   </trkpt>
   <trkpt lat="65.8125230" lon="-16.3943710">
    <ele>383.7</ele>
    <time>2024-04-17T16:29:51Z</time>
   </trkpt>
   <trkpt lat="65.8125220" lon="-16.3943460">
    <ele>383.6</ele>
    <time>2024-04-17T16:29:52Z</time>
   </trkpt>
   <trkpt lat="65.8125190" lon="-16.3943100">
    <ele>383.4</ele>
    <time>2024-04-17T16:29:53Z</time>
   </trkpt>
   <trkpt lat="65.8125190" lon="-16.3942850">
    <ele>383.3</ele>
    <time>2024-04-17T16:29:54Z</time>
   </trkpt>
   <trkpt lat="65.8125180" lon="-16.3942530">
    <ele>383.2</ele>
    <time>2024-04-17T16:29:55Z</time>
   </trkpt>
   <trkpt lat="65.8125180" lon="-16.3942170">
    <ele>383.1</ele>
    <time>2024-04-17T16:29:56Z</time>
   </trkpt>
   <trkpt lat="65.8125170" lon="-16.3941700">
    <ele>383.0</ele>
    <time>2024-04-17T16:29:57Z</time>
   </trkpt>
   <trkpt lat="65.8125160" lon="-16.3941490">
    <ele>382.9</ele>
    <time>2024-04-17T16:29:58Z</time>
   </trkpt>
   <trkpt lat="65.8125160" lon="-16.3941290">
    <ele>382.9</ele>
    <time>2024-04-17T16:29:59Z</time>
   </trkpt>
   <trkpt lat="65.8125170" lon="-16.3940970">
    <ele>382.8</ele>
    <time>2024-04-17T16:30:00Z</time>
   </trkpt>
   <trkpt lat="65.8125180" lon="-16.3940630">
    <ele>382.8</ele>
    <time>2024-04-17T16:30:01Z</time>
   </trkpt>
   <trkpt lat="65.8125180" lon="-16.3940330">
    <ele>382.7</ele>
    <time>2024-04-17T16:30:02Z</time>
   </trkpt>
   <trkpt lat="65.8125180" lon="-16.3940050">
    <ele>382.7</ele>
    <time>2024-04-17T16:30:03Z</time>
   </trkpt>
   <trkpt lat="65.8125140" lon="-16.3939870">
    <ele>382.6</ele>
    <time>2024-04-17T16:30:04Z</time>
   </trkpt>
   <trkpt lat="65.8125150" lon="-16.3939400">
    <ele>382.6</ele>
    <time>2024-04-17T16:30:05Z</time>
   </trkpt>
   <trkpt lat="65.8125160" lon="-16.3939180">
    <ele>382.5</ele>
    <time>2024-04-17T16:30:06Z</time>
   </trkpt>
   <trkpt lat="65.8125180" lon="-16.3938970">
    <ele>382.5</ele>
    <time>2024-04-17T16:30:07Z</time>
   </trkpt>
   <trkpt lat="65.8125220" lon="-16.3938730">
    <ele>382.5</ele>
    <time>2024-04-17T16:30:08Z</time>
   </trkpt>
   <trkpt lat="65.8125230" lon="-16.3938450">
    <ele>382.5</ele>
    <time>2024-04-17T16:30:09Z</time>
   </trkpt>
   <trkpt lat="65.8125240" lon="-16.3938170">
    <ele>382.5</ele>
    <time>2024-04-17T16:30:10Z</time>
   </trkpt>
   <trkpt lat="65.8125250" lon="-16.3937860">
    <ele>382.4</ele>
    <time>2024-04-17T16:30:11Z</time>
   </trkpt>
   <trkpt lat="65.8125250" lon="-16.3937500">
    <ele>382.4</ele>
    <time>2024-04-17T16:30:12Z</time>
   </trkpt>
   <trkpt lat="65.8125240" lon="-16.3937390">
    <ele>382.4</ele>
    <time>2024-04-17T16:30:13Z</time>
   </trkpt>
   <trkpt lat="65.8125250" lon="-16.3937640">
    <ele>382.4</ele>
    <time>2024-04-17T16:30:14Z</time>
   </trkpt>
   <trkpt lat="65.8125260" lon="-16.3937570">
    <ele>382.4</ele>
    <time>2024-04-17T16:30:15Z</time>
   </trkpt>
   <trkpt lat="65.8125260" lon="-16.3937590">
    <ele>382.4</ele>
    <time>2024-04-17T16:30:16Z</time>
   </trkpt>
   <trkpt lat="65.8125270" lon="-16.3937590">
    <ele>382.4</ele>
    <time>2024-04-17T16:30:17Z</time>
   </trkpt>
   <trkpt lat="65.8125250" lon="-16.3937410">
    <ele>382.4</ele>
    <time>2024-04-17T16:30:18Z</time>
   </trkpt>
   <trkpt lat="65.8125210" lon="-16.3937150">
    <ele>382.4</ele>
    <time>2024-04-17T16:30:19Z</time>
   </trkpt>
   <trkpt lat="65.8125190" lon="-16.3936910">
    <ele>382.4</ele>
    <time>2024-04-17T16:30:20Z</time>
   </trkpt>
   <trkpt lat="65.8125190" lon="-16.3936660">
    <ele>382.4</ele>
    <time>2024-04-17T16:30:21Z</time>
   </trkpt>
   <trkpt lat="65.8125200" lon="-16.3936220">
    <ele>382.4</ele>
    <time>2024-04-17T16:30:22Z</time>
   </trkpt>
   <trkpt lat="65.8125190" lon="-16.3936000">
    <ele>382.4</ele>
    <time>2024-04-17T16:30:23Z</time>
   </trkpt>
   <trkpt lat="65.8125180" lon="-16.3935780">
    <ele>382.4</ele>
    <time>2024-04-17T16:30:24Z</time>
   </trkpt>
   <trkpt lat="65.8125170" lon="-16.3935550">
    <ele>382.4</ele>
    <time>2024-04-17T16:30:25Z</time>
   </trkpt>
   <trkpt lat="65.8125180" lon="-16.3935290">
    <ele>382.4</ele>
    <time>2024-04-17T16:30:26Z</time>
   </trkpt>
   <trkpt lat="65.8125150" lon="-16.3935130">
    <ele>382.4</ele>
    <time>2024-04-17T16:30:27Z</time>
   </trkpt>
   <trkpt lat="65.8125110" lon="-16.3934910">
    <ele>382.4</ele>
    <time>2024-04-17T16:30:28Z</time>
   </trkpt>
   <trkpt lat="65.8125090" lon="-16.3934620">
    <ele>382.4</ele>
    <time>2024-04-17T16:30:29Z</time>
   </trkpt>
   <trkpt lat="65.8125080" lon="-16.3934320">
    <ele>382.4</ele>
    <time>2024-04-17T16:30:30Z</time>
   </trkpt>
   <trkpt lat="65.8125070" lon="-16.3933800">
    <ele>382.4</ele>
    <time>2024-04-17T16:30:31Z</time>
   </trkpt>
   <trkpt lat="65.8125070" lon="-16.3933590">
    <ele>382.5</ele>
    <time>2024-04-17T16:30:32Z</time>
   </trkpt>
   <trkpt lat="65.8125070" lon="-16.3933380">
    <ele>382.5</ele>
    <time>2024-04-17T16:30:33Z</time>
   </trkpt>
   <trkpt lat="65.8125100" lon="-16.3933040">
    <ele>382.5</ele>
    <time>2024-04-17T16:30:34Z</time>
   </trkpt>
   <trkpt lat="65.8125090" lon="-16.3932830">
    <ele>382.5</ele>
    <time>2024-04-17T16:30:35Z</time>
   </trkpt>
   <trkpt lat="65.8125060" lon="-16.3932560">
    <ele>382.6</ele>
    <time>2024-04-17T16:30:36Z</time>
   </trkpt>
   <trkpt lat="65.8125040" lon="-16.3932350">
    <ele>382.6</ele>
    <time>2024-04-17T16:30:37Z</time>
   </trkpt>
   <trkpt lat="65.8125020" lon="-16.3932090">
    <ele>382.6</ele>
    <time>2024-04-17T16:30:38Z</time>
   </trkpt>
   <trkpt lat="65.8125000" lon="-16.3931910">
    <ele>382.7</ele>
    <time>2024-04-17T16:30:39Z</time>
   </trkpt>
   <trkpt lat="65.8125000" lon="-16.3931710">
    <ele>382.7</ele>
    <time>2024-04-17T16:30:40Z</time>
   </trkpt>
   <trkpt lat="65.8124970" lon="-16.3931450">
    <ele>382.7</ele>
    <time>2024-04-17T16:30:41Z</time>
   </trkpt>
   <trkpt lat="65.8124950" lon="-16.3931240">
    <ele>382.8</ele>
    <time>2024-04-17T16:30:42Z</time>
   </trkpt>
   <trkpt lat="65.8124920" lon="-16.3930960">
    <ele>382.8</ele>
    <time>2024-04-17T16:30:43Z</time>
   </trkpt>
   <trkpt lat="65.8124890" lon="-16.3930690">
    <ele>382.8</ele>
    <time>2024-04-17T16:30:44Z</time>
   </trkpt>
   <trkpt lat="65.8124850" lon="-16.3930470">
    <ele>382.9</ele>
    <time>2024-04-17T16:30:45Z</time>
   </trkpt>
   <trkpt lat="65.8124820" lon="-16.3930280">
    <ele>382.9</ele>
    <time>2024-04-17T16:30:46Z</time>
   </trkpt>
   <trkpt lat="65.8124790" lon="-16.3930030">
    <ele>382.9</ele>
    <time>2024-04-17T16:30:47Z</time>
   </trkpt>
   <trkpt lat="65.8124740" lon="-16.3929750">
    <ele>383.0</ele>
    <time>2024-04-17T16:30:48Z</time>
   </trkpt>
   <trkpt lat="65.8124660" lon="-16.3929570">
    <ele>383.0</ele>
    <time>2024-04-17T16:30:49Z</time>
   </trkpt>
   <trkpt lat="65.8124600" lon="-16.3929350">
    <ele>383.0</ele>
    <time>2024-04-17T16:30:50Z</time>
   </trkpt>
   <trkpt lat="65.8124530" lon="-16.3929190">
    <ele>383.1</ele>
    <time>2024-04-17T16:30:51Z</time>
   </trkpt>
   <trkpt lat="65.8124460" lon="-16.3928950">
    <ele>383.1</ele>
    <time>2024-04-17T16:30:52Z</time>
   </trkpt>
   <trkpt lat="65.8124350" lon="-16.3928820">
    <ele>383.1</ele>
    <time>2024-04-17T16:30:53Z</time>
   </trkpt>
   <trkpt lat="65.8124300" lon="-16.3928660">
    <ele>383.1</ele>
    <time>2024-04-17T16:30:54Z</time>
   </trkpt>
   <trkpt lat="65.8124230" lon="-16.3928500">
    <ele>383.1</ele>
    <time>2024-04-17T16:30:55Z</time>
   </trkpt>
   <trkpt lat="65.8124170" lon="-16.3928320">
    <ele>383.2</ele>
    <time>2024-04-17T16:30:56Z</time>
   </trkpt>
   <trkpt lat="65.8124090" lon="-16.3928160">
    <ele>383.2</ele>
    <time>2024-04-17T16:30:57Z</time>
   </trkpt>
   <trkpt lat="65.8124020" lon="-16.3928020">
    <ele>383.2</ele>
    <time>2024-04-17T16:30:58Z</time>
   </trkpt>
   <trkpt lat="65.8123950" lon="-16.3927770">
    <ele>383.2</ele>
    <time>2024-04-17T16:30:59Z</time>
   </trkpt>
   <trkpt lat="65.8123880" lon="-16.3927460">
    <ele>383.2</ele>
    <time>2024-04-17T16:31:00Z</time>
   </trkpt>
   <trkpt lat="65.8123840" lon="-16.3927230">
    <ele>383.2</ele>
    <time>2024-04-17T16:31:01Z</time>
   </trkpt>
   <trkpt lat="65.8123810" lon="-16.3926990">
    <ele>383.2</ele>
    <time>2024-04-17T16:31:02Z</time>
   </trkpt>
   <trkpt lat="65.8123760" lon="-16.3926740">
    <ele>383.3</ele>
    <time>2024-04-17T16:31:03Z</time>
   </trkpt>
   <trkpt lat="65.8123680" lon="-16.3926370">
    <ele>383.3</ele>
    <time>2024-04-17T16:31:04Z</time>
   </trkpt>
   <trkpt lat="65.8123640" lon="-16.3926220">
    <ele>383.3</ele>
    <time>2024-04-17T16:31:05Z</time>
   </trkpt>
   <trkpt lat="65.8123600" lon="-16.3926070">
    <ele>383.3</ele>
    <time>2024-04-17T16:31:06Z</time>
   </trkpt>
   <trkpt lat="65.8123560" lon="-16.3925920">
    <ele>383.3</ele>
    <time>2024-04-17T16:31:07Z</time>
   </trkpt>
   <trkpt lat="65.8123510" lon="-16.3925660">
    <ele>383.3</ele>
    <time>2024-04-17T16:31:08Z</time>
   </trkpt>
   <trkpt lat="65.8123470" lon="-16.3925370">
    <ele>383.3</ele>
    <time>2024-04-17T16:31:09Z</time>
   </trkpt>
   <trkpt lat="65.8123430" lon="-16.3925220">
    <ele>383.3</ele>
    <time>2024-04-17T16:31:10Z</time>
   </trkpt>
   <trkpt lat="65.8123370" lon="-16.3925070">
    <ele>383.3</ele>
    <time>2024-04-17T16:31:11Z</time>
   </trkpt>
   <trkpt lat="65.8123280" lon="-16.3924650">
    <ele>383.3</ele>
    <time>2024-04-17T16:31:12Z</time>
   </trkpt>
   <trkpt lat="65.8123210" lon="-16.3924310">
    <ele>383.2</ele>
    <time>2024-04-17T16:31:13Z</time>
   </trkpt>
   <trkpt lat="65.8123190" lon="-16.3924140">
    <ele>383.2</ele>
    <time>2024-04-17T16:31:14Z</time>
   </trkpt>
   <trkpt lat="65.8123160" lon="-16.3923970">
    <ele>383.2</ele>
    <time>2024-04-17T16:31:15Z</time>
   </trkpt>
   <trkpt lat="65.8123140" lon="-16.3923800">
    <ele>383.2</ele>
    <time>2024-04-17T16:31:16Z</time>
   </trkpt>
   <trkpt lat="65.8123050" lon="-16.3923340">
    <ele>383.1</ele>
    <time>2024-04-17T16:31:17Z</time>
   </trkpt>
   <trkpt lat="65.8123020" lon="-16.3923150">
    <ele>383.1</ele>
    <time>2024-04-17T16:31:18Z</time>
   </trkpt>
   <trkpt lat="65.8122990" lon="-16.3922970">
    <ele>383.1</ele>
    <time>2024-04-17T16:31:19Z</time>
   </trkpt>
   <trkpt lat="65.8122900" lon="-16.3922480">
    <ele>383.0</ele>
    <time>2024-04-17T16:31:20Z</time>
   </trkpt>
   <trkpt lat="65.8122870" lon="-16.3922280">
    <ele>383.0</ele>
    <time>2024-04-17T16:31:21Z</time>
   </trkpt>
   <trkpt lat="65.8122850" lon="-16.3922070">
    <ele>383.0</ele>
    <time>2024-04-17T16:31:22Z</time>
   </trkpt>
   <trkpt lat="65.8122830" lon="-16.3921920">
    <ele>383.0</ele>
    <time>2024-04-17T16:31:23Z</time>
   </trkpt>
   <trkpt lat="65.8122790" lon="-16.3921620">
    <ele>382.9</ele>
    <time>2024-04-17T16:31:24Z</time>
   </trkpt>
   <trkpt lat="65.8122760" lon="-16.3921310">
    <ele>382.9</ele>
    <time>2024-04-17T16:31:25Z</time>
   </trkpt>
   <trkpt lat="65.8122750" lon="-16.3921060">
    <ele>382.9</ele>
    <time>2024-04-17T16:31:26Z</time>
   </trkpt>
   <trkpt lat="65.8122700" lon="-16.3920810">
    <ele>382.9</ele>
    <time>2024-04-17T16:31:27Z</time>
   </trkpt>
   <trkpt lat="65.8122660" lon="-16.3920500">
    <ele>382.8</ele>
    <time>2024-04-17T16:31:28Z</time>
   </trkpt>
   <trkpt lat="65.8122610" lon="-16.3920180">
    <ele>382.8</ele>
    <time>2024-04-17T16:31:29Z</time>
   </trkpt>
   <trkpt lat="65.8122600" lon="-16.3920020">
    <ele>382.8</ele>
    <time>2024-04-17T16:31:30Z</time>
   </trkpt>
   <trkpt lat="65.8122540" lon="-16.3919780">
    <ele>382.8</ele>
    <time>2024-04-17T16:31:31Z</time>
   </trkpt>
   <trkpt lat="65.8122470" lon="-16.3919380">
    <ele>382.7</ele>
    <time>2024-04-17T16:31:32Z</time>
   </trkpt>
   <trkpt lat="65.8122430" lon="-16.3919170">
    <ele>382.7</ele>
    <time>2024-04-17T16:31:33Z</time>
   </trkpt>
   <trkpt lat="65.8122400" lon="-16.3918960">
    <ele>382.7</ele>
    <time>2024-04-17T16:31:34Z</time>
   </trkpt>
   <trkpt lat="65.8122390" lon="-16.3918770">
    <ele>382.6</ele>
    <time>2024-04-17T16:31:35Z</time>
   </trkpt>
   <trkpt lat="65.8122360" lon="-16.3918490">
    <ele>382.6</ele>
    <time>2024-04-17T16:31:36Z</time>
   </trkpt>
   <trkpt lat="65.8122320" lon="-16.3918180">
    <ele>382.6</ele>
    <time>2024-04-17T16:31:37Z</time>
   </trkpt>
   <trkpt lat="65.8122300" lon="-16.3917910">
    <ele>382.6</ele>
    <time>2024-04-17T16:31:38Z</time>
   </trkpt>
   <trkpt lat="65.8122300" lon="-16.3917640">
    <ele>382.5</ele>
    <time>2024-04-17T16:31:39Z</time>
   </trkpt>
   <trkpt lat="65.8122300" lon="-16.3917370">
    <ele>382.5</ele>
    <time>2024-04-17T16:31:40Z</time>
   </trkpt>
   <trkpt lat="65.8122260" lon="-16.3917120">
    <ele>382.5</ele>
    <time>2024-04-17T16:31:41Z</time>
   </trkpt>
   <trkpt lat="65.8122270" lon="-16.3916900">
    <ele>382.5</ele>
    <time>2024-04-17T16:31:42Z</time>
   </trkpt>
   <trkpt lat="65.8122270" lon="-16.3916550">
    <ele>382.4</ele>
    <time>2024-04-17T16:31:43Z</time>
   </trkpt>
   <trkpt lat="65.8122280" lon="-16.3916290">
    <ele>382.4</ele>
    <time>2024-04-17T16:31:44Z</time>
   </trkpt>
   <trkpt lat="65.8122290" lon="-16.3915920">
    <ele>382.4</ele>
    <time>2024-04-17T16:31:45Z</time>
   </trkpt>
   <trkpt lat="65.8122290" lon="-16.3915710">
    <ele>382.4</ele>
    <time>2024-04-17T16:31:46Z</time>
   </trkpt>
   <trkpt lat="65.8122270" lon="-16.3915360">
    <ele>382.4</ele>
    <time>2024-04-17T16:31:47Z</time>
   </trkpt>
   <trkpt lat="65.8122240" lon="-16.3915140">
    <ele>382.4</ele>
    <time>2024-04-17T16:31:48Z</time>
   </trkpt>
   <trkpt lat="65.8122260" lon="-16.3914890">
    <ele>382.3</ele>
    <time>2024-04-17T16:31:49Z</time>
   </trkpt>
   <trkpt lat="65.8122270" lon="-16.3914410">
    <ele>382.3</ele>
    <time>2024-04-17T16:31:50Z</time>
   </trkpt>
   <trkpt lat="65.8122280" lon="-16.3914200">
    <ele>382.3</ele>
    <time>2024-04-17T16:31:51Z</time>
   </trkpt>
   <trkpt lat="65.8122290" lon="-16.3914000">
    <ele>382.3</ele>
    <time>2024-04-17T16:31:52Z</time>
   </trkpt>
   <trkpt lat="65.8122300" lon="-16.3913790">
    <ele>382.3</ele>
    <time>2024-04-17T16:31:53Z</time>
   </trkpt>
   <trkpt lat="65.8122320" lon="-16.3913460">
    <ele>382.3</ele>
    <time>2024-04-17T16:31:54Z</time>
   </trkpt>
   <trkpt lat="65.8122370" lon="-16.3913180">
    <ele>382.3</ele>
    <time>2024-04-17T16:31:55Z</time>
   </trkpt>
   <trkpt lat="65.8122390" lon="-16.3913030">
    <ele>382.3</ele>
    <time>2024-04-17T16:31:56Z</time>
   </trkpt>
   <trkpt lat="65.8122400" lon="-16.3912720">
    <ele>382.3</ele>
    <time>2024-04-17T16:31:57Z</time>
   </trkpt>
   <trkpt lat="65.8122410" lon="-16.3912390">
    <ele>382.3</ele>
    <time>2024-04-17T16:31:58Z</time>
   </trkpt>
   <trkpt lat="65.8122450" lon="-16.3912150">
    <ele>382.3</ele>
    <time>2024-04-17T16:31:59Z</time>
   </trkpt>
   <trkpt lat="65.8122450" lon="-16.3911980">
    <ele>382.3</ele>
    <time>2024-04-17T16:32:00Z</time>
   </trkpt>
   <trkpt lat="65.8122450" lon="-16.3912110">
    <ele>382.3</ele>
    <time>2024-04-17T16:32:01Z</time>
   </trkpt>
   <trkpt lat="65.8122450" lon="-16.3912140">
    <ele>382.3</ele>
    <time>2024-04-17T16:32:02Z</time>
   </trkpt>
   <trkpt lat="65.8122440" lon="-16.3912150">
    <ele>382.3</ele>
    <time>2024-04-17T16:32:03Z</time>
   </trkpt>
   <trkpt lat="65.8122440" lon="-16.3912150">
    <ele>382.3</ele>
    <time>2024-04-17T16:32:04Z</time>
   </trkpt>
   <trkpt lat="65.8122440" lon="-16.3912150">
    <ele>382.3</ele>
    <time>2024-04-17T16:32:05Z</time>
   </trkpt>
   <trkpt lat="65.8122430" lon="-16.3912070">
    <ele>382.3</ele>
    <time>2024-04-17T16:32:06Z</time>
   </trkpt>
   <trkpt lat="65.8122440" lon="-16.3911930">
    <ele>382.3</ele>
    <time>2024-04-17T16:32:07Z</time>
   </trkpt>
   <trkpt lat="65.8122460" lon="-16.3911620">
    <ele>382.3</ele>
    <time>2024-04-17T16:32:08Z</time>
   </trkpt>
   <trkpt lat="65.8122500" lon="-16.3911310">
    <ele>382.3</ele>
    <time>2024-04-17T16:32:09Z</time>
   </trkpt>
   <trkpt lat="65.8122560" lon="-16.3910990">
    <ele>382.3</ele>
    <time>2024-04-17T16:32:10Z</time>
   </trkpt>
   <trkpt lat="65.8122590" lon="-16.3910780">
    <ele>382.3</ele>
    <time>2024-04-17T16:32:11Z</time>
   </trkpt>
   <trkpt lat="65.8122630" lon="-16.3910500">
    <ele>382.3</ele>
    <time>2024-04-17T16:32:12Z</time>
   </trkpt>
   <trkpt lat="65.8122690" lon="-16.3910250">
    <ele>382.3</ele>
    <time>2024-04-17T16:32:13Z</time>
   </trkpt>
   <trkpt lat="65.8122740" lon="-16.3910040">
    <ele>382.3</ele>
    <time>2024-04-17T16:32:14Z</time>
   </trkpt>
   <trkpt lat="65.8122790" lon="-16.3909860">
    <ele>382.3</ele>
    <time>2024-04-17T16:32:15Z</time>
   </trkpt>
   <trkpt lat="65.8122820" lon="-16.3909580">
    <ele>382.3</ele>
    <time>2024-04-17T16:32:16Z</time>
   </trkpt>
   <trkpt lat="65.8122880" lon="-16.3909370">
    <ele>382.3</ele>
    <time>2024-04-17T16:32:17Z</time>
   </trkpt>
   <trkpt lat="65.8122930" lon="-16.3909130">
    <ele>382.3</ele>
    <time>2024-04-17T16:32:18Z</time>
   </trkpt>
   <trkpt lat="65.8122980" lon="-16.3908900">
    <ele>382.3</ele>
    <time>2024-04-17T16:32:19Z</time>
   </trkpt>
   <trkpt lat="65.8123040" lon="-16.3908610">
    <ele>382.3</ele>
    <time>2024-04-17T16:32:20Z</time>
   </trkpt>
   <trkpt lat="65.8123110" lon="-16.3908450">
    <ele>382.3</ele>
    <time>2024-04-17T16:32:21Z</time>
   </trkpt>
   <trkpt lat="65.8123180" lon="-16.3908210">
    <ele>382.4</ele>
    <time>2024-04-17T16:32:22Z</time>
   </trkpt>
   <trkpt lat="65.8123240" lon="-16.3908030">
    <ele>382.4</ele>
    <time>2024-04-17T16:32:23Z</time>
   </trkpt>
   <trkpt lat="65.8123300" lon="-16.3907800">
    <ele>382.4</ele>
    <time>2024-04-17T16:32:24Z</time>
   </trkpt>
   <trkpt lat="65.8123380" lon="-16.3907540">
    <ele>382.4</ele>
    <time>2024-04-17T16:32:26Z</time>
   </trkpt>
   <trkpt lat="65.8123450" lon="-16.3907310">
    <ele>382.5</ele>
    <time>2024-04-17T16:32:27Z</time>
   </trkpt>
   <trkpt lat="65.8123480" lon="-16.3907160">
    <ele>382.5</ele>
    <time>2024-04-17T16:32:28Z</time>
   </trkpt>
   <trkpt lat="65.8123510" lon="-16.3906930">
    <ele>382.5</ele>
    <time>2024-04-17T16:32:29Z</time>
   </trkpt>
   <trkpt lat="65.8123620" lon="-16.3906460">
    <ele>382.6</ele>
    <time>2024-04-17T16:32:30Z</time>
   </trkpt>
   <trkpt lat="65.8123650" lon="-16.3906290">
    <ele>382.7</ele>
    <time>2024-04-17T16:32:31Z</time>
   </trkpt>
   <trkpt lat="65.8123680" lon="-16.3906110">
    <ele>382.7</ele>
    <time>2024-04-17T16:32:32Z</time>
   </trkpt>
   <trkpt lat="65.8123740" lon="-16.3905880">
    <ele>382.8</ele>
    <time>2024-04-17T16:32:33Z</time>
   </trkpt>
   <trkpt lat="65.8123770" lon="-16.3905660">
    <ele>382.8</ele>
    <time>2024-04-17T16:32:34Z</time>
   </trkpt>
   <trkpt lat="65.8123820" lon="-16.3905450">
    <ele>382.9</ele>
    <time>2024-04-17T16:32:35Z</time>
   </trkpt>
   <trkpt lat="65.8123860" lon="-16.3905200">
    <ele>383.0</ele>
    <time>2024-04-17T16:32:36Z</time>
   </trkpt>
   <trkpt lat="65.8123880" lon="-16.3905030">
    <ele>383.0</ele>
    <time>2024-04-17T16:32:37Z</time>
   </trkpt>
   <trkpt lat="65.8123930" lon="-16.3904850">
    <ele>383.1</ele>
    <time>2024-04-17T16:32:38Z</time>
   </trkpt>
   <trkpt lat="65.8123960" lon="-16.3904670">
    <ele>383.2</ele>
    <time>2024-04-17T16:32:39Z</time>
   </trkpt>
   <trkpt lat="65.8123970" lon="-16.3904470">
    <ele>383.1</ele>
    <time>2024-04-17T16:32:40Z</time>
   </trkpt>
   <trkpt lat="65.8123990" lon="-16.3904160">
    <ele>383.0</ele>
    <time>2024-04-17T16:32:41Z</time>
   </trkpt>
   <trkpt lat="65.8123980" lon="-16.3903980">
    <ele>382.9</ele>
    <time>2024-04-17T16:32:42Z</time>
   </trkpt>
   <trkpt lat="65.8123970" lon="-16.3903760">
    <ele>382.9</ele>
    <time>2024-04-17T16:32:43Z</time>
   </trkpt>
   <trkpt lat="65.8124000" lon="-16.3903560">
    <ele>382.8</ele>
    <time>2024-04-17T16:32:44Z</time>
   </trkpt>
   <trkpt lat="65.8124010" lon="-16.3903340">
    <ele>382.8</ele>
    <time>2024-04-17T16:32:45Z</time>
   </trkpt>
   <trkpt lat="65.8124010" lon="-16.3903130">
    <ele>382.8</ele>
    <time>2024-04-17T16:32:46Z</time>
   </trkpt>
   <trkpt lat="65.8123970" lon="-16.3902950">
    <ele>382.8</ele>
    <time>2024-04-17T16:32:47Z</time>
   </trkpt>
   <trkpt lat="65.8123980" lon="-16.3902680">
    <ele>382.9</ele>
    <time>2024-04-17T16:32:48Z</time>
   </trkpt>
   <trkpt lat="65.8123990" lon="-16.3902430">
    <ele>382.9</ele>
    <time>2024-04-17T16:32:49Z</time>
   </trkpt>
   <trkpt lat="65.8124020" lon="-16.3902190">
    <ele>383.2</ele>
    <time>2024-04-17T16:32:50Z</time>
   </trkpt>
   <trkpt lat="65.8124050" lon="-16.3901880">
    <ele>383.2</ele>
    <time>2024-04-17T16:32:51Z</time>
   </trkpt>
   <trkpt lat="65.8124100" lon="-16.3901620">
    <ele>383.5</ele>
    <time>2024-04-17T16:32:52Z</time>
   </trkpt>
   <trkpt lat="65.8124140" lon="-16.3901470">
    <ele>383.5</ele>
    <time>2024-04-17T16:32:53Z</time>
   </trkpt>
   <trkpt lat="65.8124170" lon="-16.3901130">
    <ele>383.8</ele>
    <time>2024-04-17T16:32:54Z</time>
   </trkpt>
   <trkpt lat="65.8124190" lon="-16.3900930">
    <ele>384.1</ele>
    <time>2024-04-17T16:32:55Z</time>
   </trkpt>
   <trkpt lat="65.8124270" lon="-16.3900680">
    <ele>384.1</ele>
    <time>2024-04-17T16:32:56Z</time>
   </trkpt>
   <trkpt lat="65.8124360" lon="-16.3900470">
    <ele>384.3</ele>
    <time>2024-04-17T16:32:57Z</time>
   </trkpt>
   <trkpt lat="65.8124420" lon="-16.3900270">
    <ele>384.3</ele>
    <time>2024-04-17T16:32:58Z</time>
   </trkpt>
   <trkpt lat="65.8124490" lon="-16.3900070">
    <ele>384.5</ele>
    <time>2024-04-17T16:32:59Z</time>
   </trkpt>
   <trkpt lat="65.8124520" lon="-16.3899850">
    <ele>384.6</ele>
    <time>2024-04-17T16:33:00Z</time>
   </trkpt>
   <trkpt lat="65.8124590" lon="-16.3899710">
    <ele>384.6</ele>
    <time>2024-04-17T16:33:01Z</time>
   </trkpt>
   <trkpt lat="65.8124650" lon="-16.3899530">
    <ele>384.8</ele>
    <time>2024-04-17T16:33:02Z</time>
   </trkpt>
   <trkpt lat="65.8124720" lon="-16.3899350">
    <ele>384.9</ele>
    <time>2024-04-17T16:33:03Z</time>
   </trkpt>
   <trkpt lat="65.8124790" lon="-16.3899150">
    <ele>385.1</ele>
    <time>2024-04-17T16:33:04Z</time>
   </trkpt>
   <trkpt lat="65.8124820" lon="-16.3899030">
    <ele>385.1</ele>
    <time>2024-04-17T16:33:05Z</time>
   </trkpt>
   <trkpt lat="65.8124860" lon="-16.3898830">
    <ele>385.6</ele>
    <time>2024-04-17T16:33:06Z</time>
   </trkpt>
   <trkpt lat="65.8124870" lon="-16.3898720">
    <ele>385.6</ele>
    <time>2024-04-17T16:33:07Z</time>
   </trkpt>
   <trkpt lat="65.8124910" lon="-16.3898600">
    <ele>385.5</ele>
    <time>2024-04-17T16:33:08Z</time>
   </trkpt>
   <trkpt lat="65.8124960" lon="-16.3898450">
    <ele>385.5</ele>
    <time>2024-04-17T16:33:09Z</time>
   </trkpt>
   <trkpt lat="65.8125000" lon="-16.3898320">
    <ele>385.8</ele>
    <time>2024-04-17T16:33:10Z</time>
   </trkpt>
   <trkpt lat="65.8125030" lon="-16.3898240">
    <ele>386.0</ele>
    <time>2024-04-17T16:33:11Z</time>
   </trkpt>
   <trkpt lat="65.8125080" lon="-16.3898150">
    <ele>386.0</ele>
    <time>2024-04-17T16:33:12Z</time>
   </trkpt>
   <trkpt lat="65.8125140" lon="-16.3897970">
    <ele>386.3</ele>
    <time>2024-04-17T16:33:13Z</time>
   </trkpt>
   <trkpt lat="65.8125160" lon="-16.3897900">
    <ele>386.3</ele>
    <time>2024-04-17T16:33:14Z</time>
   </trkpt>
   <trkpt lat="65.8125180" lon="-16.3897780">
    <ele>386.3</ele>
    <time>2024-04-17T16:33:15Z</time>
   </trkpt>
   <trkpt lat="65.8125220" lon="-16.3897650">
    <ele>386.4</ele>
    <time>2024-04-17T16:33:16Z</time>
   </trkpt>
   <trkpt lat="65.8125290" lon="-16.3897630">
    <ele>386.4</ele>
    <time>2024-04-17T16:33:17Z</time>
   </trkpt>
   <trkpt lat="65.8125400" lon="-16.3897480">
    <ele>386.9</ele>
    <time>2024-04-17T16:33:18Z</time>
   </trkpt>
   <trkpt lat="65.8125440" lon="-16.3897330">
    <ele>386.9</ele>
    <time>2024-04-17T16:33:19Z</time>
   </trkpt>
   <trkpt lat="65.8125480" lon="-16.3897200">
    <ele>386.9</ele>
    <time>2024-04-17T16:33:20Z</time>
   </trkpt>
   <trkpt lat="65.8125500" lon="-16.3897120">
    <ele>387.0</ele>
    <time>2024-04-17T16:33:21Z</time>
   </trkpt>
   <trkpt lat="65.8125540" lon="-16.3896940">
    <ele>387.0</ele>
    <time>2024-04-17T16:33:22Z</time>
   </trkpt>
   <trkpt lat="65.8125590" lon="-16.3896780">
    <ele>387.2</ele>
    <time>2024-04-17T16:33:23Z</time>
   </trkpt>
   <trkpt lat="65.8125650" lon="-16.3896650">
    <ele>387.4</ele>
    <time>2024-04-17T16:33:24Z</time>
   </trkpt>
   <trkpt lat="65.8125740" lon="-16.3896540">
    <ele>387.7</ele>
    <time>2024-04-17T16:33:25Z</time>
   </trkpt>
   <trkpt lat="65.8125820" lon="-16.3896580">
    <ele>387.7</ele>
    <time>2024-04-17T16:33:26Z</time>
   </trkpt>
   <trkpt lat="65.8125900" lon="-16.3896510">
    <ele>387.8</ele>
    <time>2024-04-17T16:33:27Z</time>
   </trkpt>
   <trkpt lat="65.8125960" lon="-16.3896380">
    <ele>387.8</ele>
    <time>2024-04-17T16:33:28Z</time>
   </trkpt>
   <trkpt lat="65.8126010" lon="-16.3896300">
    <ele>387.8</ele>
    <time>2024-04-17T16:33:29Z</time>
   </trkpt>
   <trkpt lat="65.8126050" lon="-16.3896180">
    <ele>388.0</ele>
    <time>2024-04-17T16:33:30Z</time>
   </trkpt>
   <trkpt lat="65.8126130" lon="-16.3896050">
    <ele>388.1</ele>
    <time>2024-04-17T16:33:31Z</time>
   </trkpt>
   <trkpt lat="65.8126240" lon="-16.3895890">
    <ele>388.1</ele>
    <time>2024-04-17T16:33:32Z</time>
   </trkpt>
   <trkpt lat="65.8126320" lon="-16.3895790">
    <ele>388.4</ele>
    <time>2024-04-17T16:33:33Z</time>
   </trkpt>
   <trkpt lat="65.8126430" lon="-16.3895720">
    <ele>388.5</ele>
    <time>2024-04-17T16:33:34Z</time>
   </trkpt>
   <trkpt lat="65.8126540" lon="-16.3895580">
    <ele>388.5</ele>
    <time>2024-04-17T16:33:35Z</time>
   </trkpt>
   <trkpt lat="65.8126670" lon="-16.3895400">
    <ele>388.7</ele>
    <time>2024-04-17T16:33:36Z</time>
   </trkpt>
   <trkpt lat="65.8126740" lon="-16.3895240">
    <ele>388.7</ele>
    <time>2024-04-17T16:33:37Z</time>
   </trkpt>
   <trkpt lat="65.8126820" lon="-16.3895120">
    <ele>388.7</ele>
    <time>2024-04-17T16:33:38Z</time>
   </trkpt>
   <trkpt lat="65.8126910" lon="-16.3895000">
    <ele>388.7</ele>
    <time>2024-04-17T16:33:39Z</time>
   </trkpt>
   <trkpt lat="65.8126990" lon="-16.3894870">
    <ele>388.9</ele>
    <time>2024-04-17T16:33:40Z</time>
   </trkpt>
   <trkpt lat="65.8127040" lon="-16.3894770">
    <ele>388.9</ele>
    <time>2024-04-17T16:33:41Z</time>
   </trkpt>
   <trkpt lat="65.8127140" lon="-16.3894580">
    <ele>388.8</ele>
    <time>2024-04-17T16:33:42Z</time>
   </trkpt>
   <trkpt lat="65.8127220" lon="-16.3894440">
    <ele>388.9</ele>
    <time>2024-04-17T16:33:43Z</time>
   </trkpt>
   <trkpt lat="65.8127330" lon="-16.3894250">
    <ele>388.9</ele>
    <time>2024-04-17T16:33:44Z</time>
   </trkpt>
   <trkpt lat="65.8127400" lon="-16.3894050">
    <ele>389.0</ele>
    <time>2024-04-17T16:33:45Z</time>
   </trkpt>
   <trkpt lat="65.8127450" lon="-16.3893890">
    <ele>389.0</ele>
    <time>2024-04-17T16:33:46Z</time>
   </trkpt>
   <trkpt lat="65.8127490" lon="-16.3893710">
    <ele>388.9</ele>
    <time>2024-04-17T16:33:47Z</time>
   </trkpt>
   <trkpt lat="65.8127530" lon="-16.3893600">
    <ele>389.0</ele>
    <time>2024-04-17T16:33:48Z</time>
   </trkpt>
   <trkpt lat="65.8127620" lon="-16.3893300">
    <ele>389.0</ele>
    <time>2024-04-17T16:33:49Z</time>
   </trkpt>
   <trkpt lat="65.8127710" lon="-16.3893120">
    <ele>388.9</ele>
    <time>2024-04-17T16:33:50Z</time>
   </trkpt>
   <trkpt lat="65.8127790" lon="-16.3893040">
    <ele>388.9</ele>
    <time>2024-04-17T16:33:51Z</time>
   </trkpt>
   <trkpt lat="65.8127830" lon="-16.3892880">
    <ele>388.9</ele>
    <time>2024-04-17T16:33:52Z</time>
   </trkpt>
   <trkpt lat="65.8127940" lon="-16.3892760">
    <ele>388.9</ele>
    <time>2024-04-17T16:33:53Z</time>
   </trkpt>
   <trkpt lat="65.8128000" lon="-16.3892670">
    <ele>388.9</ele>
    <time>2024-04-17T16:33:54Z</time>
   </trkpt>
   <trkpt lat="65.8128070" lon="-16.3892560">
    <ele>388.8</ele>
    <time>2024-04-17T16:33:55Z</time>
   </trkpt>
   <trkpt lat="65.8128160" lon="-16.3892500">
    <ele>388.8</ele>
    <time>2024-04-17T16:33:56Z</time>
   </trkpt>
   <trkpt lat="65.8128260" lon="-16.3892440">
    <ele>388.7</ele>
    <time>2024-04-17T16:33:57Z</time>
   </trkpt>
   <trkpt lat="65.8128380" lon="-16.3892380">
    <ele>388.9</ele>
    <time>2024-04-17T16:33:58Z</time>
   </trkpt>
   <trkpt lat="65.8128460" lon="-16.3892310">
    <ele>388.9</ele>
    <time>2024-04-17T16:33:59Z</time>
   </trkpt>
   <trkpt lat="65.8128530" lon="-16.3892200">
    <ele>388.9</ele>
    <time>2024-04-17T16:34:00Z</time>
   </trkpt>
   <trkpt lat="65.8128630" lon="-16.3892100">
    <ele>388.9</ele>
    <time>2024-04-17T16:34:01Z</time>
   </trkpt>
   <trkpt lat="65.8128750" lon="-16.3892050">
    <ele>388.9</ele>
    <time>2024-04-17T16:34:02Z</time>
   </trkpt>
   <trkpt lat="65.8128840" lon="-16.3892000">
    <ele>388.9</ele>
    <time>2024-04-17T16:34:03Z</time>
   </trkpt>
   <trkpt lat="65.8128950" lon="-16.3891950">
    <ele>389.2</ele>
    <time>2024-04-17T16:34:04Z</time>
   </trkpt>
   <trkpt lat="65.8129050" lon="-16.3891870">
    <ele>389.2</ele>
    <time>2024-04-17T16:34:05Z</time>
   </trkpt>
   <trkpt lat="65.8129180" lon="-16.3891800">
    <ele>389.2</ele>
    <time>2024-04-17T16:34:06Z</time>
   </trkpt>
   <trkpt lat="65.8129280" lon="-16.3891720">
    <ele>389.3</ele>
    <time>2024-04-17T16:34:07Z</time>
   </trkpt>
   <trkpt lat="65.8129380" lon="-16.3891660">
    <ele>389.2</ele>
    <time>2024-04-17T16:34:08Z</time>
   </trkpt>
   <trkpt lat="65.8129470" lon="-16.3891590">
    <ele>389.3</ele>
    <time>2024-04-17T16:34:09Z</time>
   </trkpt>
   <trkpt lat="65.8129560" lon="-16.3891550">
    <ele>389.4</ele>
    <time>2024-04-17T16:34:10Z</time>
   </trkpt>
   <trkpt lat="65.8129750" lon="-16.3891420">
    <ele>389.4</ele>
    <time>2024-04-17T16:34:11Z</time>
   </trkpt>
   <trkpt lat="65.8129840" lon="-16.3891380">
    <ele>389.4</ele>
    <time>2024-04-17T16:34:12Z</time>
   </trkpt>
   <trkpt lat="65.8129930" lon="-16.3891340">
    <ele>389.4</ele>
    <time>2024-04-17T16:34:13Z</time>
   </trkpt>
   <trkpt lat="65.8129990" lon="-16.3891330">
    <ele>389.3</ele>
    <time>2024-04-17T16:34:14Z</time>
   </trkpt>
   <trkpt lat="65.8130120" lon="-16.3891270">
    <ele>389.3</ele>
    <time>2024-04-17T16:34:15Z</time>
   </trkpt>
   <trkpt lat="65.8130230" lon="-16.3891220">
    <ele>389.3</ele>
    <time>2024-04-17T16:34:16Z</time>
   </trkpt>
   <trkpt lat="65.8130400" lon="-16.3891180">
    <ele>389.2</ele>
    <time>2024-04-17T16:34:17Z</time>
   </trkpt>
   <trkpt lat="65.8130460" lon="-16.3891220">
    <ele>389.2</ele>
    <time>2024-04-17T16:34:18Z</time>
   </trkpt>
   <trkpt lat="65.8130520" lon="-16.3891110">
    <ele>389.2</ele>
    <time>2024-04-17T16:34:19Z</time>
   </trkpt>
   <trkpt lat="65.8130610" lon="-16.3890980">
    <ele>389.2</ele>
    <time>2024-04-17T16:34:20Z</time>
   </trkpt>
   <trkpt lat="65.8130740" lon="-16.3890880">
    <ele>389.2</ele>
    <time>2024-04-17T16:34:21Z</time>
   </trkpt>
   <trkpt lat="65.8130850" lon="-16.3890890">
    <ele>389.1</ele>
    <time>2024-04-17T16:34:22Z</time>
   </trkpt>
   <trkpt lat="65.8131020" lon="-16.3890880">
    <ele>389.0</ele>
    <time>2024-04-17T16:34:23Z</time>
   </trkpt>
   <trkpt lat="65.8131090" lon="-16.3890870">
    <ele>389.0</ele>
    <time>2024-04-17T16:34:24Z</time>
   </trkpt>
   <trkpt lat="65.8131150" lon="-16.3890870">
    <ele>389.0</ele>
    <time>2024-04-17T16:34:25Z</time>
   </trkpt>
   <trkpt lat="65.8131220" lon="-16.3890860">
    <ele>388.9</ele>
    <time>2024-04-17T16:34:26Z</time>
   </trkpt>
   <trkpt lat="65.8131340" lon="-16.3890830">
    <ele>388.9</ele>
    <time>2024-04-17T16:34:27Z</time>
   </trkpt>
   <trkpt lat="65.8131430" lon="-16.3890810">
    <ele>388.9</ele>
    <time>2024-04-17T16:34:28Z</time>
   </trkpt>
   <trkpt lat="65.8131510" lon="-16.3890800">
    <ele>388.9</ele>
    <time>2024-04-17T16:34:29Z</time>
   </trkpt>
   <trkpt lat="65.8131600" lon="-16.3890790">
    <ele>388.9</ele>
    <time>2024-04-17T16:34:30Z</time>
   </trkpt>
   <trkpt lat="65.8131660" lon="-16.3890830">
    <ele>388.9</ele>
    <time>2024-04-17T16:34:31Z</time>
   </trkpt>
   <trkpt lat="65.8131690" lon="-16.3890780">
    <ele>388.9</ele>
    <time>2024-04-17T16:34:32Z</time>
   </trkpt>
   <trkpt lat="65.8131670" lon="-16.3890770">
    <ele>388.8</ele>
    <time>2024-04-17T16:34:33Z</time>
   </trkpt>
   <trkpt lat="65.8131700" lon="-16.3890760">
    <ele>388.8</ele>
    <time>2024-04-17T16:34:34Z</time>
   </trkpt>
   <trkpt lat="65.8131880" lon="-16.3890750">
    <ele>388.8</ele>
    <time>2024-04-17T16:34:35Z</time>
   </trkpt>
   <trkpt lat="65.8132000" lon="-16.3890740">
    <ele>388.8</ele>
    <time>2024-04-17T16:34:36Z</time>
   </trkpt>
   <trkpt lat="65.8132040" lon="-16.3890750">
    <ele>388.8</ele>
    <time>2024-04-17T16:34:37Z</time>
   </trkpt>
   <trkpt lat="65.8132180" lon="-16.3890730">
    <ele>388.8</ele>
    <time>2024-04-17T16:34:38Z</time>
   </trkpt>
   <trkpt lat="65.8132280" lon="-16.3890720">
    <ele>388.7</ele>
    <time>2024-04-17T16:34:39Z</time>
   </trkpt>
   <trkpt lat="65.8132400" lon="-16.3890730">
    <ele>388.7</ele>
    <time>2024-04-17T16:34:40Z</time>
   </trkpt>
   <trkpt lat="65.8132520" lon="-16.3890750">
    <ele>388.7</ele>
    <time>2024-04-17T16:34:41Z</time>
   </trkpt>
   <trkpt lat="65.8132630" lon="-16.3890670">
    <ele>388.8</ele>
    <time>2024-04-17T16:34:42Z</time>
   </trkpt>
   <trkpt lat="65.8132760" lon="-16.3890620">
    <ele>388.8</ele>
    <time>2024-04-17T16:34:43Z</time>
   </trkpt>
   <trkpt lat="65.8132860" lon="-16.3890570">
    <ele>388.8</ele>
    <time>2024-04-17T16:34:44Z</time>
   </trkpt>
   <trkpt lat="65.8133020" lon="-16.3890560">
    <ele>388.9</ele>
    <time>2024-04-17T16:34:45Z</time>
   </trkpt>
   <trkpt lat="65.8133100" lon="-16.3890540">
    <ele>388.9</ele>
    <time>2024-04-17T16:34:46Z</time>
   </trkpt>
   <trkpt lat="65.8133170" lon="-16.3890520">
    <ele>389.0</ele>
    <time>2024-04-17T16:34:47Z</time>
   </trkpt>
   <trkpt lat="65.8133250" lon="-16.3890500">
    <ele>389.0</ele>
    <time>2024-04-17T16:34:48Z</time>
   </trkpt>
   <trkpt lat="65.8133420" lon="-16.3890480">
    <ele>389.2</ele>
    <time>2024-04-17T16:34:49Z</time>
   </trkpt>
   <trkpt lat="65.8133490" lon="-16.3890500">
    <ele>389.3</ele>
    <time>2024-04-17T16:34:50Z</time>
   </trkpt>
   <trkpt lat="65.8133560" lon="-16.3890510">
    <ele>389.3</ele>
    <time>2024-04-17T16:34:52Z</time>
   </trkpt>
   <trkpt lat="65.8133630" lon="-16.3890520">
    <ele>389.3</ele>
    <time>2024-04-17T16:34:53Z</time>
   </trkpt>
   <trkpt lat="65.8133700" lon="-16.3890540">
    <ele>389.4</ele>
    <time>2024-04-17T16:34:54Z</time>
   </trkpt>
   <trkpt lat="65.8133810" lon="-16.3890530">
    <ele>389.3</ele>
    <time>2024-04-17T16:34:55Z</time>
   </trkpt>
   <trkpt lat="65.8133930" lon="-16.3890590">
    <ele>389.4</ele>
    <time>2024-04-17T16:34:56Z</time>
   </trkpt>
   <trkpt lat="65.8134010" lon="-16.3890600">
    <ele>389.4</ele>
    <time>2024-04-17T16:34:57Z</time>
   </trkpt>
   <trkpt lat="65.8134130" lon="-16.3890630">
    <ele>389.4</ele>
    <time>2024-04-17T16:34:58Z</time>
   </trkpt>
   <trkpt lat="65.8134230" lon="-16.3890680">
    <ele>389.4</ele>
    <time>2024-04-17T16:34:59Z</time>
   </trkpt>
   <trkpt lat="65.8134310" lon="-16.3890800">
    <ele>389.2</ele>
    <time>2024-04-17T16:35:00Z</time>
   </trkpt>
   <trkpt lat="65.8134390" lon="-16.3890890">
    <ele>389.3</ele>
    <time>2024-04-17T16:35:01Z</time>
   </trkpt>
   <trkpt lat="65.8134500" lon="-16.3891000">
    <ele>389.3</ele>
    <time>2024-04-17T16:35:02Z</time>
   </trkpt>
   <trkpt lat="65.8134660" lon="-16.3891200">
    <ele>389.4</ele>
    <time>2024-04-17T16:35:03Z</time>
   </trkpt>
   <trkpt lat="65.8134710" lon="-16.3891280">
    <ele>389.5</ele>
    <time>2024-04-17T16:35:04Z</time>
   </trkpt>
   <trkpt lat="65.8134760" lon="-16.3891350">
    <ele>389.5</ele>
    <time>2024-04-17T16:35:05Z</time>
   </trkpt>
   <trkpt lat="65.8134820" lon="-16.3891430">
    <ele>389.5</ele>
    <time>2024-04-17T16:35:06Z</time>
   </trkpt>
   <trkpt lat="65.8134870" lon="-16.3891470">
    <ele>389.5</ele>
    <time>2024-04-17T16:35:07Z</time>
   </trkpt>
   <trkpt lat="65.8134950" lon="-16.3891520">
    <ele>389.5</ele>
    <time>2024-04-17T16:35:08Z</time>
   </trkpt>
   <trkpt lat="65.8135050" lon="-16.3891490">
    <ele>389.5</ele>
    <time>2024-04-17T16:35:09Z</time>
   </trkpt>
   <trkpt lat="65.8135130" lon="-16.3891470">
    <ele>389.5</ele>
    <time>2024-04-17T16:35:10Z</time>
   </trkpt>
   <trkpt lat="65.8135330" lon="-16.3891420">
    <ele>389.4</ele>
    <time>2024-04-17T16:35:11Z</time>
   </trkpt>
   <trkpt lat="65.8135410" lon="-16.3891420">
    <ele>389.4</ele>
    <time>2024-04-17T16:35:12Z</time>
   </trkpt>
   <trkpt lat="65.8135500" lon="-16.3891410">
    <ele>389.4</ele>
    <time>2024-04-17T16:35:13Z</time>
   </trkpt>
   <trkpt lat="65.8135590" lon="-16.3891440">
    <ele>389.5</ele>
    <time>2024-04-17T16:35:14Z</time>
   </trkpt>
   <trkpt lat="65.8135640" lon="-16.3891530">
    <ele>389.5</ele>
    <time>2024-04-17T16:35:15Z</time>
   </trkpt>
   <trkpt lat="65.8135750" lon="-16.3891610">
    <ele>389.8</ele>
    <time>2024-04-17T16:35:16Z</time>
   </trkpt>
   <trkpt lat="65.8135830" lon="-16.3891700">
    <ele>389.8</ele>
    <time>2024-04-17T16:35:17Z</time>
   </trkpt>
   <trkpt lat="65.8135940" lon="-16.3891760">
    <ele>390.0</ele>
    <time>2024-04-17T16:35:18Z</time>
   </trkpt>
   <trkpt lat="65.8136010" lon="-16.3891820">
    <ele>390.0</ele>
    <time>2024-04-17T16:35:19Z</time>
   </trkpt>
   <trkpt lat="65.8136120" lon="-16.3891890">
    <ele>390.3</ele>
    <time>2024-04-17T16:35:20Z</time>
   </trkpt>
   <trkpt lat="65.8136250" lon="-16.3891880">
    <ele>390.3</ele>
    <time>2024-04-17T16:35:21Z</time>
   </trkpt>
   <trkpt lat="65.8136340" lon="-16.3891790">
    <ele>390.4</ele>
    <time>2024-04-17T16:35:22Z</time>
   </trkpt>
   <trkpt lat="65.8136520" lon="-16.3891730">
    <ele>390.3</ele>
    <time>2024-04-17T16:35:23Z</time>
   </trkpt>
   <trkpt lat="65.8136610" lon="-16.3891770">
    <ele>390.3</ele>
    <time>2024-04-17T16:35:24Z</time>
   </trkpt>
   <trkpt lat="65.8136710" lon="-16.3891800">
    <ele>390.2</ele>
    <time>2024-04-17T16:35:25Z</time>
   </trkpt>
   <trkpt lat="65.8136800" lon="-16.3891740">
    <ele>390.0</ele>
    <time>2024-04-17T16:35:26Z</time>
   </trkpt>
   <trkpt lat="65.8136900" lon="-16.3891740">
    <ele>390.0</ele>
    <time>2024-04-17T16:35:27Z</time>
   </trkpt>
   <trkpt lat="65.8136950" lon="-16.3891750">
    <ele>390.0</ele>
    <time>2024-04-17T16:35:28Z</time>
   </trkpt>
   <trkpt lat="65.8136990" lon="-16.3891780">
    <ele>389.9</ele>
    <time>2024-04-17T16:35:29Z</time>
   </trkpt>
   <trkpt lat="65.8137090" lon="-16.3891890">
    <ele>389.9</ele>
    <time>2024-04-17T16:35:30Z</time>
   </trkpt>
   <trkpt lat="65.8137150" lon="-16.3892030">
    <ele>390.1</ele>
    <time>2024-04-17T16:35:31Z</time>
   </trkpt>
   <trkpt lat="65.8137210" lon="-16.3892110">
    <ele>389.9</ele>
    <time>2024-04-17T16:35:32Z</time>
   </trkpt>
   <trkpt lat="65.8137280" lon="-16.3892090">
    <ele>389.9</ele>
    <time>2024-04-17T16:35:33Z</time>
   </trkpt>
   <trkpt lat="65.8137220" lon="-16.3892080">
    <ele>389.9</ele>
    <time>2024-04-17T16:35:34Z</time>
   </trkpt>
   <trkpt lat="65.8137220" lon="-16.3892080">
    <ele>389.9</ele>
    <time>2024-04-17T16:35:35Z</time>
   </trkpt>
   <trkpt lat="65.8137210" lon="-16.3892090">
    <ele>389.9</ele>
    <time>2024-04-17T16:35:36Z</time>
   </trkpt>
   <trkpt lat="65.8137210" lon="-16.3892090">
    <ele>389.9</ele>
    <time>2024-04-17T16:35:37Z</time>
   </trkpt>
   <trkpt lat="65.8137220" lon="-16.3892100">
    <ele>389.9</ele>
    <time>2024-04-17T16:35:38Z</time>
   </trkpt>
   <trkpt lat="65.8137220" lon="-16.3892100">
    <ele>389.9</ele>
    <time>2024-04-17T16:35:39Z</time>
   </trkpt>
   <trkpt lat="65.8137220" lon="-16.3892100">
    <ele>389.9</ele>
    <time>2024-04-17T16:35:40Z</time>
   </trkpt>
   <trkpt lat="65.8137220" lon="-16.3892100">
    <ele>389.9</ele>
    <time>2024-04-17T16:35:41Z</time>
   </trkpt>
   <trkpt lat="65.8137220" lon="-16.3892100">
    <ele>389.9</ele>
    <time>2024-04-17T16:35:42Z</time>
   </trkpt>
   <trkpt lat="65.8137220" lon="-16.3892100">
    <ele>389.8</ele>
    <time>2024-04-17T16:35:43Z</time>
   </trkpt>
   <trkpt lat="65.8137220" lon="-16.3892100">
    <ele>389.8</ele>
    <time>2024-04-17T16:35:44Z</time>
   </trkpt>
   <trkpt lat="65.8137220" lon="-16.3892100">
    <ele>389.8</ele>
    <time>2024-04-17T16:35:45Z</time>
   </trkpt>
   <trkpt lat="65.8137220" lon="-16.3892100">
    <ele>389.8</ele>
    <time>2024-04-17T16:35:46Z</time>
   </trkpt>
   <trkpt lat="65.8137220" lon="-16.3892100">
    <ele>389.8</ele>
    <time>2024-04-17T16:35:47Z</time>
   </trkpt>
   <trkpt lat="65.8137220" lon="-16.3892100">
    <ele>389.8</ele>
    <time>2024-04-17T16:35:48Z</time>
   </trkpt>
   <trkpt lat="65.8137220" lon="-16.3892100">
    <ele>389.8</ele>
    <time>2024-04-17T16:35:49Z</time>
   </trkpt>
   <trkpt lat="65.8137220" lon="-16.3892100">
    <ele>389.8</ele>
    <time>2024-04-17T16:35:50Z</time>
   </trkpt>
   <trkpt lat="65.8137250" lon="-16.3892010">
    <ele>389.8</ele>
    <time>2024-04-17T16:35:51Z</time>
   </trkpt>
   <trkpt lat="65.8137320" lon="-16.3892020">
    <ele>389.8</ele>
    <time>2024-04-17T16:35:52Z</time>
   </trkpt>
   <trkpt lat="65.8137340" lon="-16.3892070">
    <ele>389.7</ele>
    <time>2024-04-17T16:35:53Z</time>
   </trkpt>
   <trkpt lat="65.8137300" lon="-16.3892080">
    <ele>389.8</ele>
    <time>2024-04-17T16:35:54Z</time>
   </trkpt>
   <trkpt lat="65.8137300" lon="-16.3892120">
    <ele>389.7</ele>
    <time>2024-04-17T16:35:55Z</time>
   </trkpt>
   <trkpt lat="65.8137300" lon="-16.3892120">
    <ele>389.7</ele>
    <time>2024-04-17T16:35:56Z</time>
   </trkpt>
   <trkpt lat="65.8137300" lon="-16.3892120">
    <ele>389.7</ele>
    <time>2024-04-17T16:35:57Z</time>
   </trkpt>
   <trkpt lat="65.8137300" lon="-16.3892120">
    <ele>389.7</ele>
    <time>2024-04-17T16:35:58Z</time>
   </trkpt>
   <trkpt lat="65.8137300" lon="-16.3892120">
    <ele>389.7</ele>
    <time>2024-04-17T16:35:59Z</time>
   </trkpt>
   <trkpt lat="65.8137300" lon="-16.3892120">
    <ele>389.7</ele>
    <time>2024-04-17T16:36:00Z</time>
   </trkpt>
   <trkpt lat="65.8137300" lon="-16.3892120">
    <ele>389.7</ele>
    <time>2024-04-17T16:36:01Z</time>
   </trkpt>
   <trkpt lat="65.8137290" lon="-16.3892150">
    <ele>389.7</ele>
    <time>2024-04-17T16:36:02Z</time>
   </trkpt>
   <trkpt lat="65.8137350" lon="-16.3892130">
    <ele>389.6</ele>
    <time>2024-04-17T16:36:03Z</time>
   </trkpt>
   <trkpt lat="65.8137430" lon="-16.3892160">
    <ele>389.6</ele>
    <time>2024-04-17T16:36:04Z</time>
   </trkpt>
   <trkpt lat="65.8137480" lon="-16.3892190">
    <ele>389.6</ele>
    <time>2024-04-17T16:36:05Z</time>
   </trkpt>
   <trkpt lat="65.8137560" lon="-16.3892240">
    <ele>389.7</ele>
    <time>2024-04-17T16:36:07Z</time>
   </trkpt>
   <trkpt lat="65.8137630" lon="-16.3892310">
    <ele>389.6</ele>
    <time>2024-04-17T16:36:08Z</time>
   </trkpt>
   <trkpt lat="65.8137690" lon="-16.3892420">
    <ele>389.9</ele>
    <time>2024-04-17T16:36:09Z</time>
   </trkpt>
   <trkpt lat="65.8137760" lon="-16.3892560">
    <ele>389.9</ele>
    <time>2024-04-17T16:36:10Z</time>
   </trkpt>
   <trkpt lat="65.8137820" lon="-16.3892690">
    <ele>389.9</ele>
    <time>2024-04-17T16:36:11Z</time>
   </trkpt>
   <trkpt lat="65.8137890" lon="-16.3892760">
    <ele>389.9</ele>
    <time>2024-04-17T16:36:12Z</time>
   </trkpt>
   <trkpt lat="65.8137990" lon="-16.3892810">
    <ele>389.9</ele>
    <time>2024-04-17T16:36:13Z</time>
   </trkpt>
   <trkpt lat="65.8138070" lon="-16.3892810">
    <ele>389.9</ele>
    <time>2024-04-17T16:36:14Z</time>
   </trkpt>
   <trkpt lat="65.8138130" lon="-16.3892800">
    <ele>389.9</ele>
    <time>2024-04-17T16:36:15Z</time>
   </trkpt>
   <trkpt lat="65.8138220" lon="-16.3892810">
    <ele>389.9</ele>
    <time>2024-04-17T16:36:16Z</time>
   </trkpt>
   <trkpt lat="65.8138260" lon="-16.3892770">
    <ele>389.8</ele>
    <time>2024-04-17T16:36:17Z</time>
   </trkpt>
   <trkpt lat="65.8138340" lon="-16.3892780">
    <ele>389.8</ele>
    <time>2024-04-17T16:36:18Z</time>
   </trkpt>
   <trkpt lat="65.8138390" lon="-16.3892800">
    <ele>389.8</ele>
    <time>2024-04-17T16:36:19Z</time>
   </trkpt>
   <trkpt lat="65.8138440" lon="-16.3892840">
    <ele>389.8</ele>
    <time>2024-04-17T16:36:20Z</time>
   </trkpt>
   <trkpt lat="65.8138580" lon="-16.3892930">
    <ele>390.0</ele>
    <time>2024-04-17T16:36:21Z</time>
   </trkpt>
   <trkpt lat="65.8138640" lon="-16.3892990">
    <ele>390.0</ele>
    <time>2024-04-17T16:36:22Z</time>
   </trkpt>
   <trkpt lat="65.8138690" lon="-16.3893050">
    <ele>390.0</ele>
    <time>2024-04-17T16:36:23Z</time>
   </trkpt>
   <trkpt lat="65.8138740" lon="-16.3893110">
    <ele>390.0</ele>
    <time>2024-04-17T16:36:24Z</time>
   </trkpt>
   <trkpt lat="65.8138800" lon="-16.3893170">
    <ele>390.0</ele>
    <time>2024-04-17T16:36:25Z</time>
   </trkpt>
   <trkpt lat="65.8138900" lon="-16.3893230">
    <ele>390.0</ele>
    <time>2024-04-17T16:36:26Z</time>
   </trkpt>
   <trkpt lat="65.8139010" lon="-16.3893260">
    <ele>390.1</ele>
    <time>2024-04-17T16:36:27Z</time>
   </trkpt>
   <trkpt lat="65.8139110" lon="-16.3893290">
    <ele>390.3</ele>
    <time>2024-04-17T16:36:28Z</time>
   </trkpt>
   <trkpt lat="65.8139130" lon="-16.3893310">
    <ele>390.3</ele>
    <time>2024-04-17T16:36:29Z</time>
   </trkpt>
   <trkpt lat="65.8139210" lon="-16.3893310">
    <ele>390.2</ele>
    <time>2024-04-17T16:36:30Z</time>
   </trkpt>
   <trkpt lat="65.8139320" lon="-16.3893290">
    <ele>390.3</ele>
    <time>2024-04-17T16:36:31Z</time>
   </trkpt>
   <trkpt lat="65.8139460" lon="-16.3893220">
    <ele>390.3</ele>
    <time>2024-04-17T16:36:32Z</time>
   </trkpt>
   <trkpt lat="65.8139560" lon="-16.3893190">
    <ele>390.3</ele>
    <time>2024-04-17T16:36:33Z</time>
   </trkpt>
   <trkpt lat="65.8139660" lon="-16.3893160">
    <ele>390.4</ele>
    <time>2024-04-17T16:36:34Z</time>
   </trkpt>
   <trkpt lat="65.8139770" lon="-16.3893170">
    <ele>390.4</ele>
    <time>2024-04-17T16:36:35Z</time>
   </trkpt>
   <trkpt lat="65.8139870" lon="-16.3893190">
    <ele>390.4</ele>
    <time>2024-04-17T16:36:36Z</time>
   </trkpt>
   <trkpt lat="65.8139950" lon="-16.3893240">
    <ele>390.3</ele>
    <time>2024-04-17T16:36:37Z</time>
   </trkpt>
   <trkpt lat="65.8140000" lon="-16.3893230">
    <ele>390.3</ele>
    <time>2024-04-17T16:36:38Z</time>
   </trkpt>
   <trkpt lat="65.8140110" lon="-16.3893280">
    <ele>390.4</ele>
    <time>2024-04-17T16:36:39Z</time>
   </trkpt>
   <trkpt lat="65.8140200" lon="-16.3893330">
    <ele>390.4</ele>
    <time>2024-04-17T16:36:40Z</time>
   </trkpt>
   <trkpt lat="65.8140290" lon="-16.3893350">
    <ele>390.4</ele>
    <time>2024-04-17T16:36:41Z</time>
   </trkpt>
   <trkpt lat="65.8140370" lon="-16.3893380">
    <ele>390.3</ele>
    <time>2024-04-17T16:36:42Z</time>
   </trkpt>
   <trkpt lat="65.8140440" lon="-16.3893420">
    <ele>390.3</ele>
    <time>2024-04-17T16:36:43Z</time>
   </trkpt>
   <trkpt lat="65.8140550" lon="-16.3893540">
    <ele>390.3</ele>
    <time>2024-04-17T16:36:44Z</time>
   </trkpt>
   <trkpt lat="65.8140630" lon="-16.3893590">
    <ele>390.3</ele>
    <time>2024-04-17T16:36:45Z</time>
   </trkpt>
   <trkpt lat="65.8140710" lon="-16.3893710">
    <ele>390.4</ele>
    <time>2024-04-17T16:36:46Z</time>
   </trkpt>
   <trkpt lat="65.8140750" lon="-16.3893760">
    <ele>390.4</ele>
    <time>2024-04-17T16:36:47Z</time>
   </trkpt>
   <trkpt lat="65.8140810" lon="-16.3893790">
    <ele>390.4</ele>
    <time>2024-04-17T16:36:48Z</time>
   </trkpt>
   <trkpt lat="65.8140910" lon="-16.3893790">
    <ele>390.4</ele>
    <time>2024-04-17T16:36:49Z</time>
   </trkpt>
   <trkpt lat="65.8141050" lon="-16.3893790">
    <ele>390.4</ele>
    <time>2024-04-17T16:36:50Z</time>
   </trkpt>
   <trkpt lat="65.8141110" lon="-16.3893820">
    <ele>390.4</ele>
    <time>2024-04-17T16:36:51Z</time>
   </trkpt>
   <trkpt lat="65.8141210" lon="-16.3893850">
    <ele>390.4</ele>
    <time>2024-04-17T16:36:52Z</time>
   </trkpt>
   <trkpt lat="65.8141280" lon="-16.3893830">
    <ele>390.4</ele>
    <time>2024-04-17T16:36:53Z</time>
   </trkpt>
   <trkpt lat="65.8141390" lon="-16.3893790">
    <ele>390.4</ele>
    <time>2024-04-17T16:36:54Z</time>
   </trkpt>
   <trkpt lat="65.8141490" lon="-16.3893750">
    <ele>390.4</ele>
    <time>2024-04-17T16:36:55Z</time>
   </trkpt>
   <trkpt lat="65.8141600" lon="-16.3893750">
    <ele>390.4</ele>
    <time>2024-04-17T16:36:56Z</time>
   </trkpt>
   <trkpt lat="65.8141710" lon="-16.3893700">
    <ele>390.4</ele>
    <time>2024-04-17T16:36:57Z</time>
   </trkpt>
   <trkpt lat="65.8141820" lon="-16.3893700">
    <ele>390.4</ele>
    <time>2024-04-17T16:36:58Z</time>
   </trkpt>
   <trkpt lat="65.8141920" lon="-16.3893690">
    <ele>390.2</ele>
    <time>2024-04-17T16:36:59Z</time>
   </trkpt>
   <trkpt lat="65.8142030" lon="-16.3893660">
    <ele>390.2</ele>
    <time>2024-04-17T16:37:00Z</time>
   </trkpt>
   <trkpt lat="65.8142130" lon="-16.3893670">
    <ele>390.2</ele>
    <time>2024-04-17T16:37:01Z</time>
   </trkpt>
   <trkpt lat="65.8142240" lon="-16.3893650">
    <ele>390.2</ele>
    <time>2024-04-17T16:37:02Z</time>
   </trkpt>
   <trkpt lat="65.8142370" lon="-16.3893640">
    <ele>390.1</ele>
    <time>2024-04-17T16:37:03Z</time>
   </trkpt>
   <trkpt lat="65.8142460" lon="-16.3893670">
    <ele>390.1</ele>
    <time>2024-04-17T16:37:04Z</time>
   </trkpt>
   <trkpt lat="65.8142560" lon="-16.3893690">
    <ele>390.1</ele>
    <time>2024-04-17T16:37:05Z</time>
   </trkpt>
   <trkpt lat="65.8142650" lon="-16.3893710">
    <ele>390.3</ele>
    <time>2024-04-17T16:37:06Z</time>
   </trkpt>
   <trkpt lat="65.8142770" lon="-16.3893750">
    <ele>390.3</ele>
    <time>2024-04-17T16:37:07Z</time>
   </trkpt>
   <trkpt lat="65.8142840" lon="-16.3893790">
    <ele>390.3</ele>
    <time>2024-04-17T16:37:08Z</time>
   </trkpt>
   <trkpt lat="65.8142930" lon="-16.3893820">
    <ele>390.3</ele>
    <time>2024-04-17T16:37:09Z</time>
   </trkpt>
   <trkpt lat="65.8143030" lon="-16.3893850">
    <ele>390.3</ele>
    <time>2024-04-17T16:37:10Z</time>
   </trkpt>
   <trkpt lat="65.8143110" lon="-16.3893890">
    <ele>390.3</ele>
    <time>2024-04-17T16:37:11Z</time>
   </trkpt>
   <trkpt lat="65.8143260" lon="-16.3893910">
    <ele>390.3</ele>
    <time>2024-04-17T16:37:12Z</time>
   </trkpt>
   <trkpt lat="65.8143340" lon="-16.3893970">
    <ele>390.4</ele>
    <time>2024-04-17T16:37:13Z</time>
   </trkpt>
   <trkpt lat="65.8143400" lon="-16.3894030">
    <ele>390.4</ele>
    <time>2024-04-17T16:37:14Z</time>
   </trkpt>
   <trkpt lat="65.8143500" lon="-16.3894080">
    <ele>390.5</ele>
    <time>2024-04-17T16:37:15Z</time>
   </trkpt>
   <trkpt lat="65.8143620" lon="-16.3894090">
    <ele>390.5</ele>
    <time>2024-04-17T16:37:16Z</time>
   </trkpt>
   <trkpt lat="65.8143740" lon="-16.3894150">
    <ele>390.8</ele>
    <time>2024-04-17T16:37:17Z</time>
   </trkpt>
   <trkpt lat="65.8143780" lon="-16.3894210">
    <ele>390.8</ele>
    <time>2024-04-17T16:37:18Z</time>
   </trkpt>
   <trkpt lat="65.8143910" lon="-16.3894270">
    <ele>390.9</ele>
    <time>2024-04-17T16:37:19Z</time>
   </trkpt>
   <trkpt lat="65.8144000" lon="-16.3894260">
    <ele>390.8</ele>
    <time>2024-04-17T16:37:20Z</time>
   </trkpt>
   <trkpt lat="65.8144070" lon="-16.3894290">
    <ele>390.9</ele>
    <time>2024-04-17T16:37:21Z</time>
   </trkpt>
   <trkpt lat="65.8144160" lon="-16.3894320">
    <ele>390.9</ele>
    <time>2024-04-17T16:37:22Z</time>
   </trkpt>
   <trkpt lat="65.8144240" lon="-16.3894380">
    <ele>390.9</ele>
    <time>2024-04-17T16:37:23Z</time>
   </trkpt>
   <trkpt lat="65.8144340" lon="-16.3894430">
    <ele>390.9</ele>
    <time>2024-04-17T16:37:24Z</time>
   </trkpt>
   <trkpt lat="65.8144440" lon="-16.3894460">
    <ele>390.8</ele>
    <time>2024-04-17T16:37:25Z</time>
   </trkpt>
   <trkpt lat="65.8144540" lon="-16.3894490">
    <ele>390.8</ele>
    <time>2024-04-17T16:37:26Z</time>
   </trkpt>
   <trkpt lat="65.8144650" lon="-16.3894570">
    <ele>391.0</ele>
    <time>2024-04-17T16:37:27Z</time>
   </trkpt>
   <trkpt lat="65.8144730" lon="-16.3894650">
    <ele>391.0</ele>
    <time>2024-04-17T16:37:28Z</time>
   </trkpt>
   <trkpt lat="65.8144810" lon="-16.3894820">
    <ele>391.0</ele>
    <time>2024-04-17T16:37:29Z</time>
   </trkpt>
   <trkpt lat="65.8144980" lon="-16.3895070">
    <ele>391.2</ele>
    <time>2024-04-17T16:37:30Z</time>
   </trkpt>
   <trkpt lat="65.8145140" lon="-16.3895020">
    <ele>391.3</ele>
    <time>2024-04-17T16:37:31Z</time>
   </trkpt>
   <trkpt lat="65.8145210" lon="-16.3895000">
    <ele>391.2</ele>
    <time>2024-04-17T16:37:32Z</time>
   </trkpt>
   <trkpt lat="65.8145290" lon="-16.3894990">
    <ele>391.2</ele>
    <time>2024-04-17T16:37:33Z</time>
   </trkpt>
   <trkpt lat="65.8145400" lon="-16.3895020">
    <ele>391.2</ele>
    <time>2024-04-17T16:37:34Z</time>
   </trkpt>
   <trkpt lat="65.8145500" lon="-16.3894970">
    <ele>390.9</ele>
    <time>2024-04-17T16:37:35Z</time>
   </trkpt>
   <trkpt lat="65.8145610" lon="-16.3894990">
    <ele>391.2</ele>
    <time>2024-04-17T16:37:36Z</time>
   </trkpt>
   <trkpt lat="65.8145730" lon="-16.3894990">
    <ele>391.2</ele>
    <time>2024-04-17T16:37:37Z</time>
   </trkpt>
   <trkpt lat="65.8145820" lon="-16.3894940">
    <ele>390.9</ele>
    <time>2024-04-17T16:37:38Z</time>
   </trkpt>
   <trkpt lat="65.8145930" lon="-16.3894830">
    <ele>390.9</ele>
    <time>2024-04-17T16:37:39Z</time>
   </trkpt>
   <trkpt lat="65.8146030" lon="-16.3894680">
    <ele>391.0</ele>
    <time>2024-04-17T16:37:40Z</time>
   </trkpt>
   <trkpt lat="65.8146150" lon="-16.3894570">
    <ele>391.1</ele>
    <time>2024-04-17T16:37:42Z</time>
   </trkpt>
   <trkpt lat="65.8146230" lon="-16.3894480">
    <ele>390.7</ele>
    <time>2024-04-17T16:37:43Z</time>
   </trkpt>
   <trkpt lat="65.8146440" lon="-16.3894340">
    <ele>390.8</ele>
    <time>2024-04-17T16:37:44Z</time>
   </trkpt>
   <trkpt lat="65.8146510" lon="-16.3894300">
    <ele>390.9</ele>
    <time>2024-04-17T16:37:45Z</time>
   </trkpt>
   <trkpt lat="65.8146590" lon="-16.3894250">
    <ele>390.9</ele>
    <time>2024-04-17T16:37:46Z</time>
   </trkpt>
   <trkpt lat="65.8146680" lon="-16.3894160">
    <ele>390.8</ele>
    <time>2024-04-17T16:37:47Z</time>
   </trkpt>
   <trkpt lat="65.8146770" lon="-16.3894050">
    <ele>390.5</ele>
    <time>2024-04-17T16:37:48Z</time>
   </trkpt>
   <trkpt lat="65.8146870" lon="-16.3893960">
    <ele>390.4</ele>
    <time>2024-04-17T16:37:49Z</time>
   </trkpt>
   <trkpt lat="65.8147060" lon="-16.3893740">
    <ele>390.5</ele>
    <time>2024-04-17T16:37:50Z</time>
   </trkpt>
   <trkpt lat="65.8147130" lon="-16.3893600">
    <ele>390.1</ele>
    <time>2024-04-17T16:37:51Z</time>
   </trkpt>
   <trkpt lat="65.8147200" lon="-16.3893470">
    <ele>390.1</ele>
    <time>2024-04-17T16:37:52Z</time>
   </trkpt>
   <trkpt lat="65.8147290" lon="-16.3893380">
    <ele>390.1</ele>
    <time>2024-04-17T16:37:53Z</time>
   </trkpt>
   <trkpt lat="65.8147400" lon="-16.3893250">
    <ele>389.9</ele>
    <time>2024-04-17T16:37:54Z</time>
   </trkpt>
   <trkpt lat="65.8147510" lon="-16.3893210">
    <ele>389.9</ele>
    <time>2024-04-17T16:37:55Z</time>
   </trkpt>
   <trkpt lat="65.8147660" lon="-16.3893050">
    <ele>390.0</ele>
    <time>2024-04-17T16:37:56Z</time>
   </trkpt>
   <trkpt lat="65.8147720" lon="-16.3892970">
    <ele>390.1</ele>
    <time>2024-04-17T16:37:57Z</time>
   </trkpt>
   <trkpt lat="65.8147790" lon="-16.3892880">
    <ele>390.1</ele>
    <time>2024-04-17T16:37:58Z</time>
   </trkpt>
   <trkpt lat="65.8147850" lon="-16.3892800">
    <ele>389.8</ele>
    <time>2024-04-17T16:37:59Z</time>
   </trkpt>
   <trkpt lat="65.8148000" lon="-16.3892710">
    <ele>389.9</ele>
    <time>2024-04-17T16:38:00Z</time>
   </trkpt>
   <trkpt lat="65.8148090" lon="-16.3892680">
    <ele>390.0</ele>
    <time>2024-04-17T16:38:01Z</time>
   </trkpt>
   <trkpt lat="65.8148180" lon="-16.3892660">
    <ele>390.0</ele>
    <time>2024-04-17T16:38:02Z</time>
   </trkpt>
   <trkpt lat="65.8148250" lon="-16.3892640">
    <ele>390.1</ele>
    <time>2024-04-17T16:38:03Z</time>
   </trkpt>
   <trkpt lat="65.8148360" lon="-16.3892620">
    <ele>390.1</ele>
    <time>2024-04-17T16:38:04Z</time>
   </trkpt>
   <trkpt lat="65.8148460" lon="-16.3892610">
    <ele>390.2</ele>
    <time>2024-04-17T16:38:05Z</time>
   </trkpt>
   <trkpt lat="65.8148530" lon="-16.3892610">
    <ele>390.2</ele>
    <time>2024-04-17T16:38:06Z</time>
   </trkpt>
   <trkpt lat="65.8148610" lon="-16.3892610">
    <ele>390.3</ele>
    <time>2024-04-17T16:38:07Z</time>
   </trkpt>
   <trkpt lat="65.8148770" lon="-16.3892620">
    <ele>390.3</ele>
    <time>2024-04-17T16:38:08Z</time>
   </trkpt>
   <trkpt lat="65.8148890" lon="-16.3892680">
    <ele>390.3</ele>
    <time>2024-04-17T16:38:09Z</time>
   </trkpt>
   <trkpt lat="65.8148970" lon="-16.3892740">
    <ele>390.3</ele>
    <time>2024-04-17T16:38:10Z</time>
   </trkpt>
   <trkpt lat="65.8149060" lon="-16.3892800">
    <ele>390.3</ele>
    <time>2024-04-17T16:38:11Z</time>
   </trkpt>
   <trkpt lat="65.8149140" lon="-16.3892870">
    <ele>390.5</ele>
    <time>2024-04-17T16:38:12Z</time>
   </trkpt>
   <trkpt lat="65.8149220" lon="-16.3892900">
    <ele>390.5</ele>
    <time>2024-04-17T16:38:13Z</time>
   </trkpt>
   <trkpt lat="65.8149290" lon="-16.3892900">
    <ele>390.5</ele>
    <time>2024-04-17T16:38:14Z</time>
   </trkpt>
   <trkpt lat="65.8149300" lon="-16.3892920">
    <ele>390.5</ele>
    <time>2024-04-17T16:38:15Z</time>
   </trkpt>
   <trkpt lat="65.8149300" lon="-16.3892930">
    <ele>390.5</ele>
    <time>2024-04-17T16:38:16Z</time>
   </trkpt>
   <trkpt lat="65.8149370" lon="-16.3893030">
    <ele>390.5</ele>
    <time>2024-04-17T16:38:17Z</time>
   </trkpt>
   <trkpt lat="65.8149450" lon="-16.3893080">
    <ele>390.4</ele>
    <time>2024-04-17T16:38:18Z</time>
   </trkpt>
   <trkpt lat="65.8149460" lon="-16.3893110">
    <ele>390.4</ele>
    <time>2024-04-17T16:38:19Z</time>
   </trkpt>
   <trkpt lat="65.8149480" lon="-16.3893140">
    <ele>390.4</ele>
    <time>2024-04-17T16:38:20Z</time>
   </trkpt>
   <trkpt lat="65.8149500" lon="-16.3893170">
    <ele>390.4</ele>
    <time>2024-04-17T16:38:21Z</time>
   </trkpt>
   <trkpt lat="65.8149510" lon="-16.3893190">
    <ele>390.4</ele>
    <time>2024-04-17T16:38:22Z</time>
   </trkpt>
   <trkpt lat="65.8149530" lon="-16.3893220">
    <ele>390.4</ele>
    <time>2024-04-17T16:38:23Z</time>
   </trkpt>
   <trkpt lat="65.8149550" lon="-16.3893250">
    <ele>390.4</ele>
    <time>2024-04-17T16:38:24Z</time>
   </trkpt>
   <trkpt lat="65.8149560" lon="-16.3893280">
    <ele>390.5</ele>
    <time>2024-04-17T16:38:25Z</time>
   </trkpt>
   <trkpt lat="65.8149580" lon="-16.3893300">
    <ele>390.5</ele>
    <time>2024-04-17T16:38:26Z</time>
   </trkpt>
   <trkpt lat="65.8149600" lon="-16.3893330">
    <ele>390.5</ele>
    <time>2024-04-17T16:38:27Z</time>
   </trkpt>
   <trkpt lat="65.8149620" lon="-16.3893360">
    <ele>390.5</ele>
    <time>2024-04-17T16:38:28Z</time>
   </trkpt>
   <trkpt lat="65.8149630" lon="-16.3893390">
    <ele>390.5</ele>
    <time>2024-04-17T16:38:29Z</time>
   </trkpt>
   <trkpt lat="65.8149650" lon="-16.3893410">
    <ele>390.5</ele>
    <time>2024-04-17T16:38:30Z</time>
   </trkpt>
   <trkpt lat="65.8149670" lon="-16.3893440">
    <ele>390.5</ele>
    <time>2024-04-17T16:38:31Z</time>
   </trkpt>
   <trkpt lat="65.8149680" lon="-16.3893470">
    <ele>390.5</ele>
    <time>2024-04-17T16:38:32Z</time>
   </trkpt>
   <trkpt lat="65.8149750" lon="-16.3893590">
    <ele>390.5</ele>
    <time>2024-04-17T16:38:33Z</time>
   </trkpt>
   <trkpt lat="65.8149820" lon="-16.3893610">
    <ele>390.5</ele>
    <time>2024-04-17T16:38:34Z</time>
   </trkpt>
   <trkpt lat="65.8149880" lon="-16.3893620">
    <ele>390.5</ele>
    <time>2024-04-17T16:38:35Z</time>
   </trkpt>
   <trkpt lat="65.8149910" lon="-16.3893600">
    <ele>390.5</ele>
    <time>2024-04-17T16:38:36Z</time>
   </trkpt>
   <trkpt lat="65.8149960" lon="-16.3893560">
    <ele>390.5</ele>
    <time>2024-04-17T16:38:37Z</time>
   </trkpt>
   <trkpt lat="65.8149990" lon="-16.3893620">
    <ele>390.5</ele>
    <time>2024-04-17T16:38:38Z</time>
   </trkpt>
   <trkpt lat="65.8150020" lon="-16.3893640">
    <ele>390.5</ele>
    <time>2024-04-17T16:38:39Z</time>
   </trkpt>
   <trkpt lat="65.8150000" lon="-16.3893640">
    <ele>390.5</ele>
    <time>2024-04-17T16:38:40Z</time>
   </trkpt>
   <trkpt lat="65.8150060" lon="-16.3893820">
    <ele>390.6</ele>
    <time>2024-04-17T16:38:41Z</time>
   </trkpt>
   <trkpt lat="65.8150090" lon="-16.3893880">
    <ele>390.6</ele>
    <time>2024-04-17T16:38:42Z</time>
   </trkpt>
   <trkpt lat="65.8150170" lon="-16.3893960">
    <ele>390.6</ele>
    <time>2024-04-17T16:38:43Z</time>
   </trkpt>
   <trkpt lat="65.8150250" lon="-16.3893970">
    <ele>390.6</ele>
    <time>2024-04-17T16:38:44Z</time>
   </trkpt>
   <trkpt lat="65.8150310" lon="-16.3893930">
    <ele>390.6</ele>
    <time>2024-04-17T16:38:45Z</time>
   </trkpt>
   <trkpt lat="65.8150360" lon="-16.3893920">
    <ele>390.6</ele>
    <time>2024-04-17T16:38:46Z</time>
   </trkpt>
   <trkpt lat="65.8150410" lon="-16.3893900">
    <ele>390.6</ele>
    <time>2024-04-17T16:38:47Z</time>
   </trkpt>
   <trkpt lat="65.8150460" lon="-16.3893920">
    <ele>390.6</ele>
    <time>2024-04-17T16:38:48Z</time>
   </trkpt>
   <trkpt lat="65.8150530" lon="-16.3893950">
    <ele>390.6</ele>
    <time>2024-04-17T16:38:49Z</time>
   </trkpt>
   <trkpt lat="65.8150570" lon="-16.3893970">
    <ele>390.5</ele>
    <time>2024-04-17T16:38:50Z</time>
   </trkpt>
   <trkpt lat="65.8150630" lon="-16.3894020">
    <ele>390.5</ele>
    <time>2024-04-17T16:38:51Z</time>
   </trkpt>
   <trkpt lat="65.8150660" lon="-16.3894030">
    <ele>390.5</ele>
    <time>2024-04-17T16:38:52Z</time>
   </trkpt>
   <trkpt lat="65.8150720" lon="-16.3894060">
    <ele>390.5</ele>
    <time>2024-04-17T16:38:53Z</time>
   </trkpt>
   <trkpt lat="65.8150770" lon="-16.3894060">
    <ele>390.5</ele>
    <time>2024-04-17T16:38:54Z</time>
   </trkpt>
   <trkpt lat="65.8150830" lon="-16.3894110">
    <ele>390.5</ele>
    <time>2024-04-17T16:38:55Z</time>
   </trkpt>
   <trkpt lat="65.8150930" lon="-16.3894230">
    <ele>390.8</ele>
    <time>2024-04-17T16:38:56Z</time>
   </trkpt>
   <trkpt lat="65.8151010" lon="-16.3894330">
    <ele>390.7</ele>
    <time>2024-04-17T16:38:57Z</time>
   </trkpt>
   <trkpt lat="65.8151090" lon="-16.3894300">
    <ele>390.8</ele>
    <time>2024-04-17T16:38:58Z</time>
   </trkpt>
   <trkpt lat="65.8151280" lon="-16.3894340">
    <ele>391.0</ele>
    <time>2024-04-17T16:38:59Z</time>
   </trkpt>
   <trkpt lat="65.8151370" lon="-16.3894330">
    <ele>391.1</ele>
    <time>2024-04-17T16:39:00Z</time>
   </trkpt>
   <trkpt lat="65.8151460" lon="-16.3894330">
    <ele>391.2</ele>
    <time>2024-04-17T16:39:01Z</time>
   </trkpt>
   <trkpt lat="65.8151540" lon="-16.3894310">
    <ele>391.3</ele>
    <time>2024-04-17T16:39:02Z</time>
   </trkpt>
   <trkpt lat="65.8151610" lon="-16.3894330">
    <ele>391.4</ele>
    <time>2024-04-17T16:39:03Z</time>
   </trkpt>
   <trkpt lat="65.8151700" lon="-16.3894350">
    <ele>391.5</ele>
    <time>2024-04-17T16:39:04Z</time>
   </trkpt>
   <trkpt lat="65.8151750" lon="-16.3894400">
    <ele>391.5</ele>
    <time>2024-04-17T16:39:05Z</time>
   </trkpt>
   <trkpt lat="65.8151810" lon="-16.3894460">
    <ele>391.6</ele>
    <time>2024-04-17T16:39:06Z</time>
   </trkpt>
   <trkpt lat="65.8151910" lon="-16.3894540">
    <ele>391.7</ele>
    <time>2024-04-17T16:39:07Z</time>
   </trkpt>
   <trkpt lat="65.8152010" lon="-16.3894670">
    <ele>391.8</ele>
    <time>2024-04-17T16:39:08Z</time>
   </trkpt>
   <trkpt lat="65.8152070" lon="-16.3894690">
    <ele>391.8</ele>
    <time>2024-04-17T16:39:09Z</time>
   </trkpt>
   <trkpt lat="65.8152140" lon="-16.3894690">
    <ele>391.9</ele>
    <time>2024-04-17T16:39:10Z</time>
   </trkpt>
   <trkpt lat="65.8152210" lon="-16.3894730">
    <ele>391.9</ele>
    <time>2024-04-17T16:39:11Z</time>
   </trkpt>
   <trkpt lat="65.8152200" lon="-16.3894760">
    <ele>392.0</ele>
    <time>2024-04-17T16:39:12Z</time>
   </trkpt>
   <trkpt lat="65.8152200" lon="-16.3894750">
    <ele>392.0</ele>
    <time>2024-04-17T16:39:13Z</time>
   </trkpt>
   <trkpt lat="65.8152250" lon="-16.3894740">
    <ele>392.0</ele>
    <time>2024-04-17T16:39:14Z</time>
   </trkpt>
   <trkpt lat="65.8152350" lon="-16.3894780">
    <ele>392.1</ele>
    <time>2024-04-17T16:39:15Z</time>
   </trkpt>
   <trkpt lat="65.8152450" lon="-16.3894830">
    <ele>392.1</ele>
    <time>2024-04-17T16:39:16Z</time>
   </trkpt>
   <trkpt lat="65.8152530" lon="-16.3894870">
    <ele>392.2</ele>
    <time>2024-04-17T16:39:17Z</time>
   </trkpt>
   <trkpt lat="65.8152570" lon="-16.3894890">
    <ele>392.2</ele>
    <time>2024-04-17T16:39:18Z</time>
   </trkpt>
   <trkpt lat="65.8152660" lon="-16.3894900">
    <ele>392.3</ele>
    <time>2024-04-17T16:39:19Z</time>
   </trkpt>
   <trkpt lat="65.8152740" lon="-16.3894910">
    <ele>392.3</ele>
    <time>2024-04-17T16:39:20Z</time>
   </trkpt>
   <trkpt lat="65.8152850" lon="-16.3894890">
    <ele>392.4</ele>
    <time>2024-04-17T16:39:21Z</time>
   </trkpt>
   <trkpt lat="65.8152930" lon="-16.3894910">
    <ele>392.4</ele>
    <time>2024-04-17T16:39:22Z</time>
   </trkpt>
   <trkpt lat="65.8153020" lon="-16.3894890">
    <ele>392.4</ele>
    <time>2024-04-17T16:39:23Z</time>
   </trkpt>
   <trkpt lat="65.8153110" lon="-16.3894850">
    <ele>392.5</ele>
    <time>2024-04-17T16:39:24Z</time>
   </trkpt>
   <trkpt lat="65.8153210" lon="-16.3894810">
    <ele>392.5</ele>
    <time>2024-04-17T16:39:25Z</time>
   </trkpt>
   <trkpt lat="65.8153250" lon="-16.3894760">
    <ele>392.5</ele>
    <time>2024-04-17T16:39:26Z</time>
   </trkpt>
   <trkpt lat="65.8153340" lon="-16.3894720">
    <ele>392.6</ele>
    <time>2024-04-17T16:39:27Z</time>
   </trkpt>
   <trkpt lat="65.8153400" lon="-16.3894640">
    <ele>392.6</ele>
    <time>2024-04-17T16:39:28Z</time>
   </trkpt>
   <trkpt lat="65.8153480" lon="-16.3894530">
    <ele>392.6</ele>
    <time>2024-04-17T16:39:29Z</time>
   </trkpt>
   <trkpt lat="65.8153580" lon="-16.3894450">
    <ele>392.7</ele>
    <time>2024-04-17T16:39:30Z</time>
   </trkpt>
   <trkpt lat="65.8153670" lon="-16.3894290">
    <ele>392.7</ele>
    <time>2024-04-17T16:39:31Z</time>
   </trkpt>
   <trkpt lat="65.8153770" lon="-16.3894150">
    <ele>392.8</ele>
    <time>2024-04-17T16:39:32Z</time>
   </trkpt>
   <trkpt lat="65.8153850" lon="-16.3894010">
    <ele>392.8</ele>
    <time>2024-04-17T16:39:33Z</time>
   </trkpt>
   <trkpt lat="65.8153860" lon="-16.3893920">
    <ele>392.8</ele>
    <time>2024-04-17T16:39:34Z</time>
   </trkpt>
   <trkpt lat="65.8153980" lon="-16.3893740">
    <ele>392.9</ele>
    <time>2024-04-17T16:39:35Z</time>
   </trkpt>
   <trkpt lat="65.8154030" lon="-16.3893680">
    <ele>392.9</ele>
    <time>2024-04-17T16:39:36Z</time>
   </trkpt>
   <trkpt lat="65.8154110" lon="-16.3893550">
    <ele>392.9</ele>
    <time>2024-04-17T16:39:37Z</time>
   </trkpt>
   <trkpt lat="65.8154180" lon="-16.3893370">
    <ele>393.0</ele>
    <time>2024-04-17T16:39:38Z</time>
   </trkpt>
   <trkpt lat="65.8154240" lon="-16.3893160">
    <ele>393.0</ele>
    <time>2024-04-17T16:39:39Z</time>
   </trkpt>
   <trkpt lat="65.8154330" lon="-16.3892980">
    <ele>393.1</ele>
    <time>2024-04-17T16:39:40Z</time>
   </trkpt>
   <trkpt lat="65.8154390" lon="-16.3892820">
    <ele>393.1</ele>
    <time>2024-04-17T16:39:41Z</time>
   </trkpt>
   <trkpt lat="65.8154450" lon="-16.3892650">
    <ele>393.2</ele>
    <time>2024-04-17T16:39:42Z</time>
   </trkpt>
   <trkpt lat="65.8154530" lon="-16.3892440">
    <ele>393.3</ele>
    <time>2024-04-17T16:39:43Z</time>
   </trkpt>
   <trkpt lat="65.8154600" lon="-16.3892290">
    <ele>393.3</ele>
    <time>2024-04-17T16:39:44Z</time>
   </trkpt>
   <trkpt lat="65.8154650" lon="-16.3892170">
    <ele>393.4</ele>
    <time>2024-04-17T16:39:45Z</time>
   </trkpt>
   <trkpt lat="65.8154710" lon="-16.3891870">
    <ele>393.5</ele>
    <time>2024-04-17T16:39:46Z</time>
   </trkpt>
   <trkpt lat="65.8154790" lon="-16.3891670">
    <ele>393.6</ele>
    <time>2024-04-17T16:39:47Z</time>
   </trkpt>
   <trkpt lat="65.8154870" lon="-16.3891500">
    <ele>393.6</ele>
    <time>2024-04-17T16:39:48Z</time>
   </trkpt>
   <trkpt lat="65.8154950" lon="-16.3891370">
    <ele>393.7</ele>
    <time>2024-04-17T16:39:49Z</time>
   </trkpt>
   <trkpt lat="65.8155040" lon="-16.3891230">
    <ele>393.8</ele>
    <time>2024-04-17T16:39:50Z</time>
   </trkpt>
   <trkpt lat="65.8155100" lon="-16.3891100">
    <ele>393.9</ele>
    <time>2024-04-17T16:39:51Z</time>
   </trkpt>
   <trkpt lat="65.8155230" lon="-16.3890880">
    <ele>394.1</ele>
    <time>2024-04-17T16:39:52Z</time>
   </trkpt>
   <trkpt lat="65.8155300" lon="-16.3890770">
    <ele>394.2</ele>
    <time>2024-04-17T16:39:53Z</time>
   </trkpt>
   <trkpt lat="65.8155360" lon="-16.3890650">
    <ele>394.3</ele>
    <time>2024-04-17T16:39:54Z</time>
   </trkpt>
   <trkpt lat="65.8155420" lon="-16.3890530">
    <ele>394.3</ele>
    <time>2024-04-17T16:39:55Z</time>
   </trkpt>
   <trkpt lat="65.8155500" lon="-16.3890500">
    <ele>394.4</ele>
    <time>2024-04-17T16:39:56Z</time>
   </trkpt>
   <trkpt lat="65.8155570" lon="-16.3890340">
    <ele>394.5</ele>
    <time>2024-04-17T16:39:57Z</time>
   </trkpt>
   <trkpt lat="65.8155650" lon="-16.3890220">
    <ele>394.6</ele>
    <time>2024-04-17T16:39:58Z</time>
   </trkpt>
   <trkpt lat="65.8155700" lon="-16.3890140">
    <ele>394.7</ele>
    <time>2024-04-17T16:39:59Z</time>
   </trkpt>
   <trkpt lat="65.8155820" lon="-16.3889990">
    <ele>394.9</ele>
    <time>2024-04-17T16:40:00Z</time>
   </trkpt>
   <trkpt lat="65.8155900" lon="-16.3889820">
    <ele>395.0</ele>
    <time>2024-04-17T16:40:01Z</time>
   </trkpt>
   <trkpt lat="65.8155970" lon="-16.3889700">
    <ele>395.1</ele>
    <time>2024-04-17T16:40:02Z</time>
   </trkpt>
   <trkpt lat="65.8156080" lon="-16.3889450">
    <ele>395.1</ele>
    <time>2024-04-17T16:40:03Z</time>
   </trkpt>
   <trkpt lat="65.8156130" lon="-16.3889310">
    <ele>395.2</ele>
    <time>2024-04-17T16:40:04Z</time>
   </trkpt>
   <trkpt lat="65.8156180" lon="-16.3889170">
    <ele>395.2</ele>
    <time>2024-04-17T16:40:05Z</time>
   </trkpt>
   <trkpt lat="65.8156230" lon="-16.3889040">
    <ele>395.2</ele>
    <time>2024-04-17T16:40:06Z</time>
   </trkpt>
   <trkpt lat="65.8156300" lon="-16.3888860">
    <ele>395.2</ele>
    <time>2024-04-17T16:40:07Z</time>
   </trkpt>
   <trkpt lat="65.8156340" lon="-16.3888670">
    <ele>395.2</ele>
    <time>2024-04-17T16:40:08Z</time>
   </trkpt>
   <trkpt lat="65.8156400" lon="-16.3888480">
    <ele>395.2</ele>
    <time>2024-04-17T16:40:09Z</time>
   </trkpt>
   <trkpt lat="65.8156440" lon="-16.3888270">
    <ele>395.2</ele>
    <time>2024-04-17T16:40:10Z</time>
   </trkpt>
   <trkpt lat="65.8156480" lon="-16.3888090">
    <ele>395.2</ele>
    <time>2024-04-17T16:40:11Z</time>
   </trkpt>
   <trkpt lat="65.8156520" lon="-16.3887840">
    <ele>395.2</ele>
    <time>2024-04-17T16:40:12Z</time>
   </trkpt>
   <trkpt lat="65.8156550" lon="-16.3887600">
    <ele>395.2</ele>
    <time>2024-04-17T16:40:13Z</time>
   </trkpt>
   <trkpt lat="65.8156580" lon="-16.3887460">
    <ele>395.2</ele>
    <time>2024-04-17T16:40:14Z</time>
   </trkpt>
   <trkpt lat="65.8156590" lon="-16.3887270">
    <ele>395.2</ele>
    <time>2024-04-17T16:40:15Z</time>
   </trkpt>
   <trkpt lat="65.8156580" lon="-16.3887100">
    <ele>395.2</ele>
    <time>2024-04-17T16:40:16Z</time>
   </trkpt>
   <trkpt lat="65.8156600" lon="-16.3886820">
    <ele>395.2</ele>
    <time>2024-04-17T16:40:17Z</time>
   </trkpt>
   <trkpt lat="65.8156620" lon="-16.3886610">
    <ele>395.2</ele>
    <time>2024-04-17T16:40:18Z</time>
   </trkpt>
   <trkpt lat="65.8156650" lon="-16.3886410">
    <ele>395.2</ele>
    <time>2024-04-17T16:40:19Z</time>
   </trkpt>
   <trkpt lat="65.8156650" lon="-16.3886160">
    <ele>395.2</ele>
    <time>2024-04-17T16:40:20Z</time>
   </trkpt>
   <trkpt lat="65.8156650" lon="-16.3886020">
    <ele>395.2</ele>
    <time>2024-04-17T16:40:21Z</time>
   </trkpt>
   <trkpt lat="65.8156640" lon="-16.3885750">
    <ele>395.2</ele>
    <time>2024-04-17T16:40:22Z</time>
   </trkpt>
   <trkpt lat="65.8156630" lon="-16.3885510">
    <ele>395.3</ele>
    <time>2024-04-17T16:40:23Z</time>
   </trkpt>
   <trkpt lat="65.8156620" lon="-16.3885330">
    <ele>395.3</ele>
    <time>2024-04-17T16:40:24Z</time>
   </trkpt>
   <trkpt lat="65.8156600" lon="-16.3885110">
    <ele>395.3</ele>
    <time>2024-04-17T16:40:25Z</time>
   </trkpt>
   <trkpt lat="65.8156590" lon="-16.3884900">
    <ele>395.3</ele>
    <time>2024-04-17T16:40:26Z</time>
   </trkpt>
   <trkpt lat="65.8156590" lon="-16.3884670">
    <ele>395.3</ele>
    <time>2024-04-17T16:40:27Z</time>
   </trkpt>
   <trkpt lat="65.8156560" lon="-16.3884450">
    <ele>395.3</ele>
    <time>2024-04-17T16:40:28Z</time>
   </trkpt>
   <trkpt lat="65.8156530" lon="-16.3884170">
    <ele>395.3</ele>
    <time>2024-04-17T16:40:29Z</time>
   </trkpt>
   <trkpt lat="65.8156500" lon="-16.3884090">
    <ele>395.3</ele>
    <time>2024-04-17T16:40:30Z</time>
   </trkpt>
   <trkpt lat="65.8156490" lon="-16.3883910">
    <ele>395.3</ele>
    <time>2024-04-17T16:40:31Z</time>
   </trkpt>
   <trkpt lat="65.8156480" lon="-16.3883690">
    <ele>395.3</ele>
    <time>2024-04-17T16:40:32Z</time>
   </trkpt>
   <trkpt lat="65.8156440" lon="-16.3883520">
    <ele>395.3</ele>
    <time>2024-04-17T16:40:33Z</time>
   </trkpt>
   <trkpt lat="65.8156410" lon="-16.3883300">
    <ele>395.3</ele>
    <time>2024-04-17T16:40:34Z</time>
   </trkpt>
   <trkpt lat="65.8156390" lon="-16.3883060">
    <ele>395.3</ele>
    <time>2024-04-17T16:40:35Z</time>
   </trkpt>
   <trkpt lat="65.8156360" lon="-16.3882860">
    <ele>395.3</ele>
    <time>2024-04-17T16:40:36Z</time>
   </trkpt>
   <trkpt lat="65.8156330" lon="-16.3882630">
    <ele>395.3</ele>
    <time>2024-04-17T16:40:37Z</time>
   </trkpt>
   <trkpt lat="65.8156320" lon="-16.3882450">
    <ele>395.3</ele>
    <time>2024-04-17T16:40:38Z</time>
   </trkpt>
   <trkpt lat="65.8156280" lon="-16.3882230">
    <ele>395.3</ele>
    <time>2024-04-17T16:40:39Z</time>
   </trkpt>
   <trkpt lat="65.8156270" lon="-16.3882030">
    <ele>395.3</ele>
    <time>2024-04-17T16:40:40Z</time>
   </trkpt>
   <trkpt lat="65.8156250" lon="-16.3881790">
    <ele>395.3</ele>
    <time>2024-04-17T16:40:41Z</time>
   </trkpt>
   <trkpt lat="65.8156250" lon="-16.3881650">
    <ele>395.3</ele>
    <time>2024-04-17T16:40:42Z</time>
   </trkpt>
   <trkpt lat="65.8156250" lon="-16.3881450">
    <ele>395.3</ele>
    <time>2024-04-17T16:40:43Z</time>
   </trkpt>
   <trkpt lat="65.8156250" lon="-16.3881270">
    <ele>395.3</ele>
    <time>2024-04-17T16:40:44Z</time>
   </trkpt>
   <trkpt lat="65.8156230" lon="-16.3881050">
    <ele>395.3</ele>
    <time>2024-04-17T16:40:45Z</time>
   </trkpt>
   <trkpt lat="65.8156230" lon="-16.3880760">
    <ele>395.3</ele>
    <time>2024-04-17T16:40:46Z</time>
   </trkpt>
   <trkpt lat="65.8156230" lon="-16.3880530">
    <ele>395.3</ele>
    <time>2024-04-17T16:40:47Z</time>
   </trkpt>
   <trkpt lat="65.8156250" lon="-16.3880340">
    <ele>395.3</ele>
    <time>2024-04-17T16:40:48Z</time>
   </trkpt>
   <trkpt lat="65.8156290" lon="-16.3880100">
    <ele>395.3</ele>
    <time>2024-04-17T16:40:49Z</time>
   </trkpt>
   <trkpt lat="65.8156310" lon="-16.3879850">
    <ele>395.3</ele>
    <time>2024-04-17T16:40:50Z</time>
   </trkpt>
   <trkpt lat="65.8156320" lon="-16.3879640">
    <ele>395.3</ele>
    <time>2024-04-17T16:40:51Z</time>
   </trkpt>
   <trkpt lat="65.8156330" lon="-16.3879400">
    <ele>395.3</ele>
    <time>2024-04-17T16:40:52Z</time>
   </trkpt>
   <trkpt lat="65.8156320" lon="-16.3879080">
    <ele>395.3</ele>
    <time>2024-04-17T16:40:53Z</time>
   </trkpt>
   <trkpt lat="65.8156310" lon="-16.3878890">
    <ele>395.3</ele>
    <time>2024-04-17T16:40:54Z</time>
   </trkpt>
   <trkpt lat="65.8156310" lon="-16.3878700">
    <ele>395.3</ele>
    <time>2024-04-17T16:40:55Z</time>
   </trkpt>
   <trkpt lat="65.8156310" lon="-16.3878510">
    <ele>395.3</ele>
    <time>2024-04-17T16:40:56Z</time>
   </trkpt>
   <trkpt lat="65.8156310" lon="-16.3878270">
    <ele>395.3</ele>
    <time>2024-04-17T16:40:57Z</time>
   </trkpt>
   <trkpt lat="65.8156320" lon="-16.3878060">
    <ele>395.3</ele>
    <time>2024-04-17T16:40:58Z</time>
   </trkpt>
   <trkpt lat="65.8156340" lon="-16.3877850">
    <ele>395.3</ele>
    <time>2024-04-17T16:40:59Z</time>
   </trkpt>
   <trkpt lat="65.8156340" lon="-16.3877570">
    <ele>395.3</ele>
    <time>2024-04-17T16:41:00Z</time>
   </trkpt>
   <trkpt lat="65.8156310" lon="-16.3877390">
    <ele>395.3</ele>
    <time>2024-04-17T16:41:01Z</time>
   </trkpt>
   <trkpt lat="65.8156280" lon="-16.3877130">
    <ele>395.3</ele>
    <time>2024-04-17T16:41:02Z</time>
   </trkpt>
   <trkpt lat="65.8156240" lon="-16.3876900">
    <ele>395.3</ele>
    <time>2024-04-17T16:41:03Z</time>
   </trkpt>
   <trkpt lat="65.8156230" lon="-16.3876810">
    <ele>395.3</ele>
    <time>2024-04-17T16:41:04Z</time>
   </trkpt>
   <trkpt lat="65.8156220" lon="-16.3876600">
    <ele>395.3</ele>
    <time>2024-04-17T16:41:05Z</time>
   </trkpt>
   <trkpt lat="65.8156200" lon="-16.3876440">
    <ele>395.3</ele>
    <time>2024-04-17T16:41:06Z</time>
   </trkpt>
   <trkpt lat="65.8156170" lon="-16.3876320">
    <ele>395.3</ele>
    <time>2024-04-17T16:41:07Z</time>
   </trkpt>
   <trkpt lat="65.8156140" lon="-16.3876130">
    <ele>395.3</ele>
    <time>2024-04-17T16:41:08Z</time>
   </trkpt>
   <trkpt lat="65.8156120" lon="-16.3876030">
    <ele>395.3</ele>
    <time>2024-04-17T16:41:09Z</time>
   </trkpt>
   <trkpt lat="65.8156110" lon="-16.3875970">
    <ele>395.3</ele>
    <time>2024-04-17T16:41:10Z</time>
   </trkpt>
   <trkpt lat="65.8156100" lon="-16.3876000">
    <ele>395.3</ele>
    <time>2024-04-17T16:41:11Z</time>
   </trkpt>
   <trkpt lat="65.8156100" lon="-16.3875900">
    <ele>395.3</ele>
    <time>2024-04-17T16:41:12Z</time>
   </trkpt>
   <trkpt lat="65.8156100" lon="-16.3875910">
    <ele>395.3</ele>
    <time>2024-04-17T16:41:13Z</time>
   </trkpt>
   <trkpt lat="65.8156100" lon="-16.3875900">
    <ele>395.3</ele>
    <time>2024-04-17T16:41:14Z</time>
   </trkpt>
   <trkpt lat="65.8156090" lon="-16.3875910">
    <ele>395.3</ele>
    <time>2024-04-17T16:41:15Z</time>
   </trkpt>
   <trkpt lat="65.8156090" lon="-16.3875920">
    <ele>395.3</ele>
    <time>2024-04-17T16:41:16Z</time>
   </trkpt>
   <trkpt lat="65.8156090" lon="-16.3875920">
    <ele>395.3</ele>
    <time>2024-04-17T16:41:17Z</time>
   </trkpt>
   <trkpt lat="65.8156090" lon="-16.3875920">
    <ele>395.3</ele>
    <time>2024-04-17T16:41:18Z</time>
   </trkpt>
   <trkpt lat="65.8156090" lon="-16.3875920">
    <ele>395.3</ele>
    <time>2024-04-17T16:41:19Z</time>
   </trkpt>
   <trkpt lat="65.8156090" lon="-16.3875920">
    <ele>395.3</ele>
    <time>2024-04-17T16:41:20Z</time>
   </trkpt>
   <trkpt lat="65.8156090" lon="-16.3875920">
    <ele>395.3</ele>
    <time>2024-04-17T16:41:21Z</time>
   </trkpt>
   <trkpt lat="65.8156090" lon="-16.3875920">
    <ele>395.3</ele>
    <time>2024-04-17T16:41:22Z</time>
   </trkpt>
   <trkpt lat="65.8156110" lon="-16.3875970">
    <ele>395.3</ele>
    <time>2024-04-17T16:41:23Z</time>
   </trkpt>
   <trkpt lat="65.8156130" lon="-16.3875970">
    <ele>395.3</ele>
    <time>2024-04-17T16:41:24Z</time>
   </trkpt>
   <trkpt lat="65.8156130" lon="-16.3875940">
    <ele>395.3</ele>
    <time>2024-04-17T16:41:25Z</time>
   </trkpt>
   <trkpt lat="65.8156130" lon="-16.3875950">
    <ele>395.3</ele>
    <time>2024-04-17T16:41:26Z</time>
   </trkpt>
   <trkpt lat="65.8156110" lon="-16.3875880">
    <ele>395.3</ele>
    <time>2024-04-17T16:41:27Z</time>
   </trkpt>
   <trkpt lat="65.8156120" lon="-16.3875910">
    <ele>395.3</ele>
    <time>2024-04-17T16:41:28Z</time>
   </trkpt>
   <trkpt lat="65.8156140" lon="-16.3875930">
    <ele>395.3</ele>
    <time>2024-04-17T16:41:29Z</time>
   </trkpt>
   <trkpt lat="65.8156160" lon="-16.3875950">
    <ele>395.3</ele>
    <time>2024-04-17T16:41:30Z</time>
   </trkpt>
   <trkpt lat="65.8156160" lon="-16.3875950">
    <ele>395.3</ele>
    <time>2024-04-17T16:41:31Z</time>
   </trkpt>
   <trkpt lat="65.8156160" lon="-16.3875910">
    <ele>395.3</ele>
    <time>2024-04-17T16:41:32Z</time>
   </trkpt>
   <trkpt lat="65.8156170" lon="-16.3875920">
    <ele>395.3</ele>
    <time>2024-04-17T16:41:33Z</time>
   </trkpt>
   <trkpt lat="65.8156170" lon="-16.3875940">
    <ele>395.3</ele>
    <time>2024-04-17T16:41:34Z</time>
   </trkpt>
   <trkpt lat="65.8156160" lon="-16.3875930">
    <ele>395.3</ele>
    <time>2024-04-17T16:41:35Z</time>
   </trkpt>
   <trkpt lat="65.8156160" lon="-16.3875930">
    <ele>395.3</ele>
    <time>2024-04-17T16:41:36Z</time>
   </trkpt>
   <trkpt lat="65.8156160" lon="-16.3875930">
    <ele>395.3</ele>
    <time>2024-04-17T16:41:37Z</time>
   </trkpt>
   <trkpt lat="65.8156190" lon="-16.3875900">
    <ele>395.3</ele>
    <time>2024-04-17T16:41:38Z</time>
   </trkpt>
   <trkpt lat="65.8156190" lon="-16.3875910">
    <ele>395.3</ele>
    <time>2024-04-17T16:41:39Z</time>
   </trkpt>
   <trkpt lat="65.8156220" lon="-16.3875920">
    <ele>395.3</ele>
    <time>2024-04-17T16:41:40Z</time>
   </trkpt>
   <trkpt lat="65.8156230" lon="-16.3875850">
    <ele>395.3</ele>
    <time>2024-04-17T16:41:41Z</time>
   </trkpt>
   <trkpt lat="65.8156240" lon="-16.3875800">
    <ele>395.3</ele>
    <time>2024-04-17T16:41:42Z</time>
   </trkpt>
   <trkpt lat="65.8156220" lon="-16.3875750">
    <ele>395.3</ele>
    <time>2024-04-17T16:41:43Z</time>
   </trkpt>
   <trkpt lat="65.8156230" lon="-16.3875750">
    <ele>395.3</ele>
    <time>2024-04-17T16:41:44Z</time>
   </trkpt>
   <trkpt lat="65.8156240" lon="-16.3875780">
    <ele>395.3</ele>
    <time>2024-04-17T16:41:45Z</time>
   </trkpt>
   <trkpt lat="65.8156240" lon="-16.3875790">
    <ele>395.3</ele>
    <time>2024-04-17T16:41:46Z</time>
   </trkpt>
   <trkpt lat="65.8156240" lon="-16.3875790">
    <ele>395.3</ele>
    <time>2024-04-17T16:41:47Z</time>
   </trkpt>
   <trkpt lat="65.8156240" lon="-16.3875790">
    <ele>395.3</ele>
    <time>2024-04-17T16:41:48Z</time>
   </trkpt>
   <trkpt lat="65.8156240" lon="-16.3875790">
    <ele>395.3</ele>
    <time>2024-04-17T16:41:49Z</time>
   </trkpt>
   <trkpt lat="65.8156240" lon="-16.3875790">
    <ele>395.3</ele>
    <time>2024-04-17T16:41:50Z</time>
   </trkpt>
   <trkpt lat="65.8156250" lon="-16.3875800">
    <ele>395.3</ele>
    <time>2024-04-17T16:41:51Z</time>
   </trkpt>
   <trkpt lat="65.8156310" lon="-16.3875840">
    <ele>395.3</ele>
    <time>2024-04-17T16:41:52Z</time>
   </trkpt>
   <trkpt lat="65.8156340" lon="-16.3875970">
    <ele>395.3</ele>
    <time>2024-04-17T16:41:53Z</time>
   </trkpt>
   <trkpt lat="65.8156380" lon="-16.3876050">
    <ele>395.3</ele>
    <time>2024-04-17T16:41:54Z</time>
   </trkpt>
   <trkpt lat="65.8156420" lon="-16.3876120">
    <ele>395.3</ele>
    <time>2024-04-17T16:41:55Z</time>
   </trkpt>
   <trkpt lat="65.8156460" lon="-16.3876120">
    <ele>395.3</ele>
    <time>2024-04-17T16:41:56Z</time>
   </trkpt>
   <trkpt lat="65.8156490" lon="-16.3876130">
    <ele>395.3</ele>
    <time>2024-04-17T16:41:58Z</time>
   </trkpt>
   <trkpt lat="65.8156540" lon="-16.3876040">
    <ele>395.4</ele>
    <time>2024-04-17T16:41:59Z</time>
   </trkpt>
   <trkpt lat="65.8156600" lon="-16.3875910">
    <ele>395.4</ele>
    <time>2024-04-17T16:42:00Z</time>
   </trkpt>
   <trkpt lat="65.8156630" lon="-16.3875790">
    <ele>395.4</ele>
    <time>2024-04-17T16:42:01Z</time>
   </trkpt>
   <trkpt lat="65.8156680" lon="-16.3875610">
    <ele>395.4</ele>
    <time>2024-04-17T16:42:02Z</time>
   </trkpt>
   <trkpt lat="65.8156760" lon="-16.3875570">
    <ele>395.4</ele>
    <time>2024-04-17T16:42:03Z</time>
   </trkpt>
   <trkpt lat="65.8156850" lon="-16.3875540">
    <ele>395.4</ele>
    <time>2024-04-17T16:42:04Z</time>
   </trkpt>
   <trkpt lat="65.8156920" lon="-16.3875520">
    <ele>395.4</ele>
    <time>2024-04-17T16:42:05Z</time>
   </trkpt>
   <trkpt lat="65.8157000" lon="-16.3875480">
    <ele>395.4</ele>
    <time>2024-04-17T16:42:06Z</time>
   </trkpt>
   <trkpt lat="65.8157060" lon="-16.3875440">
    <ele>395.4</ele>
    <time>2024-04-17T16:42:07Z</time>
   </trkpt>
   <trkpt lat="65.8157150" lon="-16.3875370">
    <ele>395.4</ele>
    <time>2024-04-17T16:42:08Z</time>
   </trkpt>
   <trkpt lat="65.8157240" lon="-16.3875400">
    <ele>395.4</ele>
    <time>2024-04-17T16:42:09Z</time>
   </trkpt>
   <trkpt lat="65.8157320" lon="-16.3875390">
    <ele>395.4</ele>
    <time>2024-04-17T16:42:10Z</time>
   </trkpt>
   <trkpt lat="65.8157390" lon="-16.3875430">
    <ele>395.4</ele>
    <time>2024-04-17T16:42:11Z</time>
   </trkpt>
   <trkpt lat="65.8157460" lon="-16.3875450">
    <ele>395.4</ele>
    <time>2024-04-17T16:42:12Z</time>
   </trkpt>
   <trkpt lat="65.8157530" lon="-16.3875470">
    <ele>395.4</ele>
    <time>2024-04-17T16:42:13Z</time>
   </trkpt>
   <trkpt lat="65.8157590" lon="-16.3875490">
    <ele>395.4</ele>
    <time>2024-04-17T16:42:14Z</time>
   </trkpt>
   <trkpt lat="65.8157640" lon="-16.3875500">
    <ele>395.4</ele>
    <time>2024-04-17T16:42:15Z</time>
   </trkpt>
   <trkpt lat="65.8157720" lon="-16.3875510">
    <ele>395.4</ele>
    <time>2024-04-17T16:42:16Z</time>
   </trkpt>
   <trkpt lat="65.8157780" lon="-16.3875560">
    <ele>395.4</ele>
    <time>2024-04-17T16:42:17Z</time>
   </trkpt>
   <trkpt lat="65.8157830" lon="-16.3875590">
    <ele>395.4</ele>
    <time>2024-04-17T16:42:18Z</time>
   </trkpt>
   <trkpt lat="65.8157930" lon="-16.3875620">
    <ele>395.4</ele>
    <time>2024-04-17T16:42:19Z</time>
   </trkpt>
   <trkpt lat="65.8157980" lon="-16.3875680">
    <ele>395.4</ele>
    <time>2024-04-17T16:42:20Z</time>
   </trkpt>
   <trkpt lat="65.8158040" lon="-16.3875740">
    <ele>395.4</ele>
    <time>2024-04-17T16:42:21Z</time>
   </trkpt>
   <trkpt lat="65.8158100" lon="-16.3875770">
    <ele>395.4</ele>
    <time>2024-04-17T16:42:22Z</time>
   </trkpt>
   <trkpt lat="65.8158180" lon="-16.3875800">
    <ele>395.4</ele>
    <time>2024-04-17T16:42:23Z</time>
   </trkpt>
   <trkpt lat="65.8158250" lon="-16.3875830">
    <ele>395.4</ele>
    <time>2024-04-17T16:42:24Z</time>
   </trkpt>
   <trkpt lat="65.8158330" lon="-16.3875840">
    <ele>395.4</ele>
    <time>2024-04-17T16:42:25Z</time>
   </trkpt>
   <trkpt lat="65.8158410" lon="-16.3875850">
    <ele>395.4</ele>
    <time>2024-04-17T16:42:26Z</time>
   </trkpt>
   <trkpt lat="65.8158490" lon="-16.3875870">
    <ele>395.5</ele>
    <time>2024-04-17T16:42:27Z</time>
   </trkpt>
   <trkpt lat="65.8158560" lon="-16.3875850">
    <ele>395.5</ele>
    <time>2024-04-17T16:42:28Z</time>
   </trkpt>
   <trkpt lat="65.8158640" lon="-16.3875830">
    <ele>395.5</ele>
    <time>2024-04-17T16:42:29Z</time>
   </trkpt>
   <trkpt lat="65.8158720" lon="-16.3875840">
    <ele>395.5</ele>
    <time>2024-04-17T16:42:30Z</time>
   </trkpt>
   <trkpt lat="65.8158790" lon="-16.3875850">
    <ele>395.5</ele>
    <time>2024-04-17T16:42:31Z</time>
   </trkpt>
   <trkpt lat="65.8158840" lon="-16.3875820">
    <ele>395.5</ele>
    <time>2024-04-17T16:42:32Z</time>
   </trkpt>
   <trkpt lat="65.8158830" lon="-16.3875780">
    <ele>395.5</ele>
    <time>2024-04-17T16:42:33Z</time>
   </trkpt>
   <trkpt lat="65.8158840" lon="-16.3875800">
    <ele>395.5</ele>
    <time>2024-04-17T16:42:34Z</time>
   </trkpt>
   <trkpt lat="65.8158880" lon="-16.3875770">
    <ele>395.5</ele>
    <time>2024-04-17T16:42:35Z</time>
   </trkpt>
   <trkpt lat="65.8158990" lon="-16.3875800">
    <ele>395.5</ele>
    <time>2024-04-17T16:42:36Z</time>
   </trkpt>
   <trkpt lat="65.8159060" lon="-16.3875720">
    <ele>395.5</ele>
    <time>2024-04-17T16:42:37Z</time>
   </trkpt>
   <trkpt lat="65.8159170" lon="-16.3875660">
    <ele>395.5</ele>
    <time>2024-04-17T16:42:38Z</time>
   </trkpt>
   <trkpt lat="65.8159200" lon="-16.3875610">
    <ele>395.5</ele>
    <time>2024-04-17T16:42:39Z</time>
   </trkpt>
   <trkpt lat="65.8159310" lon="-16.3875540">
    <ele>395.5</ele>
    <time>2024-04-17T16:42:40Z</time>
   </trkpt>
   <trkpt lat="65.8159370" lon="-16.3875540">
    <ele>395.5</ele>
    <time>2024-04-17T16:42:41Z</time>
   </trkpt>
   <trkpt lat="65.8159430" lon="-16.3875520">
    <ele>395.5</ele>
    <time>2024-04-17T16:42:42Z</time>
   </trkpt>
   <trkpt lat="65.8159520" lon="-16.3875490">
    <ele>395.5</ele>
    <time>2024-04-17T16:42:43Z</time>
   </trkpt>
   <trkpt lat="65.8159620" lon="-16.3875430">
    <ele>395.5</ele>
    <time>2024-04-17T16:42:44Z</time>
   </trkpt>
   <trkpt lat="65.8159680" lon="-16.3875370">
    <ele>395.5</ele>
    <time>2024-04-17T16:42:45Z</time>
   </trkpt>
   <trkpt lat="65.8159730" lon="-16.3875270">
    <ele>395.5</ele>
    <time>2024-04-17T16:42:46Z</time>
   </trkpt>
   <trkpt lat="65.8159780" lon="-16.3875150">
    <ele>395.5</ele>
    <time>2024-04-17T16:42:47Z</time>
   </trkpt>
   <trkpt lat="65.8159830" lon="-16.3875030">
    <ele>395.5</ele>
    <time>2024-04-17T16:42:48Z</time>
   </trkpt>
   <trkpt lat="65.8159870" lon="-16.3875020">
    <ele>395.5</ele>
    <time>2024-04-17T16:42:49Z</time>
   </trkpt>
   <trkpt lat="65.8159950" lon="-16.3874830">
    <ele>395.5</ele>
    <time>2024-04-17T16:42:50Z</time>
   </trkpt>
   <trkpt lat="65.8160030" lon="-16.3874670">
    <ele>395.5</ele>
    <time>2024-04-17T16:42:51Z</time>
   </trkpt>
   <trkpt lat="65.8160070" lon="-16.3874530">
    <ele>395.5</ele>
    <time>2024-04-17T16:42:52Z</time>
   </trkpt>
   <trkpt lat="65.8160120" lon="-16.3874400">
    <ele>395.5</ele>
    <time>2024-04-17T16:42:53Z</time>
   </trkpt>
   <trkpt lat="65.8160200" lon="-16.3874230">
    <ele>395.6</ele>
    <time>2024-04-17T16:42:54Z</time>
   </trkpt>
   <trkpt lat="65.8160260" lon="-16.3874080">
    <ele>395.6</ele>
    <time>2024-04-17T16:42:55Z</time>
   </trkpt>
   <trkpt lat="65.8160340" lon="-16.3873920">
    <ele>395.6</ele>
    <time>2024-04-17T16:42:56Z</time>
   </trkpt>
   <trkpt lat="65.8160400" lon="-16.3873760">
    <ele>395.6</ele>
    <time>2024-04-17T16:42:57Z</time>
   </trkpt>
   <trkpt lat="65.8160440" lon="-16.3873590">
    <ele>395.6</ele>
    <time>2024-04-17T16:42:58Z</time>
   </trkpt>
   <trkpt lat="65.8160470" lon="-16.3873470">
    <ele>395.6</ele>
    <time>2024-04-17T16:42:59Z</time>
   </trkpt>
   <trkpt lat="65.8160490" lon="-16.3873380">
    <ele>395.6</ele>
    <time>2024-04-17T16:43:00Z</time>
   </trkpt>
   <trkpt lat="65.8160580" lon="-16.3873240">
    <ele>395.6</ele>
    <time>2024-04-17T16:43:01Z</time>
   </trkpt>
   <trkpt lat="65.8160650" lon="-16.3873190">
    <ele>395.6</ele>
    <time>2024-04-17T16:43:02Z</time>
   </trkpt>
   <trkpt lat="65.8160700" lon="-16.3873080">
    <ele>395.6</ele>
    <time>2024-04-17T16:43:03Z</time>
   </trkpt>
   <trkpt lat="65.8160770" lon="-16.3872900">
    <ele>395.6</ele>
    <time>2024-04-17T16:43:04Z</time>
   </trkpt>
   <trkpt lat="65.8160770" lon="-16.3872840">
    <ele>395.6</ele>
    <time>2024-04-17T16:43:05Z</time>
   </trkpt>
   <trkpt lat="65.8160790" lon="-16.3872740">
    <ele>395.6</ele>
    <time>2024-04-17T16:43:06Z</time>
   </trkpt>
   <trkpt lat="65.8160780" lon="-16.3872710">
    <ele>395.6</ele>
    <time>2024-04-17T16:43:07Z</time>
   </trkpt>
   <trkpt lat="65.8160770" lon="-16.3872770">
    <ele>395.6</ele>
    <time>2024-04-17T16:43:08Z</time>
   </trkpt>
   <trkpt lat="65.8160770" lon="-16.3872720">
    <ele>395.6</ele>
    <time>2024-04-17T16:43:09Z</time>
   </trkpt>
   <trkpt lat="65.8160770" lon="-16.3872720">
    <ele>395.6</ele>
    <time>2024-04-17T16:43:10Z</time>
   </trkpt>
   <trkpt lat="65.8160770" lon="-16.3872720">
    <ele>395.6</ele>
    <time>2024-04-17T16:43:11Z</time>
   </trkpt>
   <trkpt lat="65.8160770" lon="-16.3872720">
    <ele>395.6</ele>
    <time>2024-04-17T16:43:12Z</time>
   </trkpt>
   <trkpt lat="65.8160770" lon="-16.3872720">
    <ele>395.6</ele>
    <time>2024-04-17T16:43:13Z</time>
   </trkpt>
   <trkpt lat="65.8160780" lon="-16.3872760">
    <ele>395.6</ele>
    <time>2024-04-17T16:43:14Z</time>
   </trkpt>
   <trkpt lat="65.8160790" lon="-16.3872740">
    <ele>395.6</ele>
    <time>2024-04-17T16:43:15Z</time>
   </trkpt>
   <trkpt lat="65.8160780" lon="-16.3872760">
    <ele>395.6</ele>
    <time>2024-04-17T16:43:16Z</time>
   </trkpt>
   <trkpt lat="65.8160780" lon="-16.3872750">
    <ele>395.6</ele>
    <time>2024-04-17T16:43:17Z</time>
   </trkpt>
   <trkpt lat="65.8160790" lon="-16.3872770">
    <ele>395.6</ele>
    <time>2024-04-17T16:43:18Z</time>
   </trkpt>
   <trkpt lat="65.8160830" lon="-16.3872840">
    <ele>395.6</ele>
    <time>2024-04-17T16:43:19Z</time>
   </trkpt>
   <trkpt lat="65.8160780" lon="-16.3872780">
    <ele>395.6</ele>
    <time>2024-04-17T16:43:20Z</time>
   </trkpt>
   <trkpt lat="65.8160770" lon="-16.3872730">
    <ele>395.6</ele>
    <time>2024-04-17T16:43:21Z</time>
   </trkpt>
   <trkpt lat="65.8160790" lon="-16.3872750">
    <ele>395.6</ele>
    <time>2024-04-17T16:43:22Z</time>
   </trkpt>
   <trkpt lat="65.8160800" lon="-16.3872740">
    <ele>395.6</ele>
    <time>2024-04-17T16:43:23Z</time>
   </trkpt>
   <trkpt lat="65.8160760" lon="-16.3872800">
    <ele>395.6</ele>
    <time>2024-04-17T16:43:24Z</time>
   </trkpt>
   <trkpt lat="65.8160780" lon="-16.3872830">
    <ele>395.6</ele>
    <time>2024-04-17T16:43:25Z</time>
   </trkpt>
   <trkpt lat="65.8160780" lon="-16.3872800">
    <ele>395.6</ele>
    <time>2024-04-17T16:43:26Z</time>
   </trkpt>
   <trkpt lat="65.8160770" lon="-16.3872850">
    <ele>395.6</ele>
    <time>2024-04-17T16:43:27Z</time>
   </trkpt>
   <trkpt lat="65.8160790" lon="-16.3872900">
    <ele>395.6</ele>
    <time>2024-04-17T16:43:28Z</time>
   </trkpt>
   <trkpt lat="65.8160800" lon="-16.3872950">
    <ele>395.6</ele>
    <time>2024-04-17T16:43:29Z</time>
   </trkpt>
   <trkpt lat="65.8160800" lon="-16.3872970">
    <ele>395.6</ele>
    <time>2024-04-17T16:43:30Z</time>
   </trkpt>
   <trkpt lat="65.8160780" lon="-16.3872950">
    <ele>395.6</ele>
    <time>2024-04-17T16:43:31Z</time>
   </trkpt>
   <trkpt lat="65.8160780" lon="-16.3872970">
    <ele>395.6</ele>
    <time>2024-04-17T16:43:32Z</time>
   </trkpt>
   <trkpt lat="65.8160770" lon="-16.3873020">
    <ele>395.6</ele>
    <time>2024-04-17T16:43:33Z</time>
   </trkpt>
   <trkpt lat="65.8160750" lon="-16.3873060">
    <ele>395.6</ele>
    <time>2024-04-17T16:43:34Z</time>
   </trkpt>
   <trkpt lat="65.8160740" lon="-16.3873070">
    <ele>395.6</ele>
    <time>2024-04-17T16:43:35Z</time>
   </trkpt>
   <trkpt lat="65.8160720" lon="-16.3873110">
    <ele>395.6</ele>
    <time>2024-04-17T16:43:36Z</time>
   </trkpt>
   <trkpt lat="65.8160710" lon="-16.3873200">
    <ele>395.6</ele>
    <time>2024-04-17T16:43:37Z</time>
   </trkpt>
   <trkpt lat="65.8160670" lon="-16.3873240">
    <ele>395.6</ele>
    <time>2024-04-17T16:43:38Z</time>
   </trkpt>
   <trkpt lat="65.8160690" lon="-16.3873000">
    <ele>395.6</ele>
    <time>2024-04-17T16:43:39Z</time>
   </trkpt>
   <trkpt lat="65.8160670" lon="-16.3872970">
    <ele>395.6</ele>
    <time>2024-04-17T16:43:40Z</time>
   </trkpt>
   <trkpt lat="65.8160680" lon="-16.3873090">
    <ele>395.6</ele>
    <time>2024-04-17T16:43:41Z</time>
   </trkpt>
   <trkpt lat="65.8160700" lon="-16.3873070">
    <ele>395.6</ele>
    <time>2024-04-17T16:43:42Z</time>
   </trkpt>
   <trkpt lat="65.8160710" lon="-16.3873060">
    <ele>395.6</ele>
    <time>2024-04-17T16:43:43Z</time>
   </trkpt>
   <trkpt lat="65.8160730" lon="-16.3873060">
    <ele>395.6</ele>
    <time>2024-04-17T16:43:44Z</time>
   </trkpt>
   <trkpt lat="65.8160730" lon="-16.3873060">
    <ele>395.6</ele>
    <time>2024-04-17T16:43:45Z</time>
   </trkpt>
   <trkpt lat="65.8160740" lon="-16.3873050">
    <ele>395.6</ele>
    <time>2024-04-17T16:43:46Z</time>
   </trkpt>
   <trkpt lat="65.8160740" lon="-16.3873040">
    <ele>395.6</ele>
    <time>2024-04-17T16:43:47Z</time>
   </trkpt>
   <trkpt lat="65.8160740" lon="-16.3873050">
    <ele>395.6</ele>
    <time>2024-04-17T16:43:48Z</time>
   </trkpt>
   <trkpt lat="65.8160730" lon="-16.3873040">
    <ele>395.6</ele>
    <time>2024-04-17T16:43:49Z</time>
   </trkpt>
   <trkpt lat="65.8160740" lon="-16.3873080">
    <ele>395.6</ele>
    <time>2024-04-17T16:43:50Z</time>
   </trkpt>
   <trkpt lat="65.8160740" lon="-16.3873070">
    <ele>395.6</ele>
    <time>2024-04-17T16:43:51Z</time>
   </trkpt>
   <trkpt lat="65.8160740" lon="-16.3873070">
    <ele>395.6</ele>
    <time>2024-04-17T16:43:52Z</time>
   </trkpt>
   <trkpt lat="65.8160720" lon="-16.3873070">
    <ele>395.6</ele>
    <time>2024-04-17T16:43:53Z</time>
   </trkpt>
   <trkpt lat="65.8160740" lon="-16.3873090">
    <ele>395.6</ele>
    <time>2024-04-17T16:43:54Z</time>
   </trkpt>
   <trkpt lat="65.8160750" lon="-16.3873110">
    <ele>395.6</ele>
    <time>2024-04-17T16:43:55Z</time>
   </trkpt>
   <trkpt lat="65.8160740" lon="-16.3873060">
    <ele>395.6</ele>
    <time>2024-04-17T16:43:56Z</time>
   </trkpt>
   <trkpt lat="65.8160750" lon="-16.3873060">
    <ele>395.6</ele>
    <time>2024-04-17T16:43:57Z</time>
   </trkpt>
   <trkpt lat="65.8160770" lon="-16.3873020">
    <ele>395.6</ele>
    <time>2024-04-17T16:43:58Z</time>
   </trkpt>
   <trkpt lat="65.8160800" lon="-16.3873090">
    <ele>395.6</ele>
    <time>2024-04-17T16:43:59Z</time>
   </trkpt>
   <trkpt lat="65.8160790" lon="-16.3873080">
    <ele>395.6</ele>
    <time>2024-04-17T16:44:00Z</time>
   </trkpt>
   <trkpt lat="65.8160800" lon="-16.3873110">
    <ele>395.6</ele>
    <time>2024-04-17T16:44:01Z</time>
   </trkpt>
   <trkpt lat="65.8160790" lon="-16.3873110">
    <ele>395.6</ele>
    <time>2024-04-17T16:44:02Z</time>
   </trkpt>
   <trkpt lat="65.8160790" lon="-16.3873080">
    <ele>395.6</ele>
    <time>2024-04-17T16:44:03Z</time>
   </trkpt>
   <trkpt lat="65.8160750" lon="-16.3872970">
    <ele>395.6</ele>
    <time>2024-04-17T16:44:04Z</time>
   </trkpt>
   <trkpt lat="65.8160770" lon="-16.3872990">
    <ele>395.6</ele>
    <time>2024-04-17T16:44:05Z</time>
   </trkpt>
   <trkpt lat="65.8160930" lon="-16.3872990">
    <ele>395.6</ele>
    <time>2024-04-17T16:44:06Z</time>
   </trkpt>
   <trkpt lat="65.8160920" lon="-16.3872990">
    <ele>395.6</ele>
    <time>2024-04-17T16:44:07Z</time>
   </trkpt>
   <trkpt lat="65.8160920" lon="-16.3873000">
    <ele>395.6</ele>
    <time>2024-04-17T16:44:08Z</time>
   </trkpt>
   <trkpt lat="65.8160920" lon="-16.3873000">
    <ele>395.6</ele>
    <time>2024-04-17T16:44:09Z</time>
   </trkpt>
   <trkpt lat="65.8160920" lon="-16.3873000">
    <ele>395.6</ele>
    <time>2024-04-17T16:44:10Z</time>
   </trkpt>
   <trkpt lat="65.8160800" lon="-16.3872990">
    <ele>395.6</ele>
    <time>2024-04-17T16:44:11Z</time>
   </trkpt>
   <trkpt lat="65.8160820" lon="-16.3872940">
    <ele>395.6</ele>
    <time>2024-04-17T16:44:12Z</time>
   </trkpt>
   <trkpt lat="65.8160810" lon="-16.3872950">
    <ele>395.6</ele>
    <time>2024-04-17T16:44:13Z</time>
   </trkpt>
   <trkpt lat="65.8160810" lon="-16.3872950">
    <ele>395.6</ele>
    <time>2024-04-17T16:44:14Z</time>
   </trkpt>
   <trkpt lat="65.8160810" lon="-16.3872950">
    <ele>395.6</ele>
    <time>2024-04-17T16:44:15Z</time>
   </trkpt>
   <trkpt lat="65.8160810" lon="-16.3872950">
    <ele>395.6</ele>
    <time>2024-04-17T16:44:16Z</time>
   </trkpt>
   <trkpt lat="65.8160820" lon="-16.3872810">
    <ele>395.6</ele>
    <time>2024-04-17T16:44:17Z</time>
   </trkpt>
   <trkpt lat="65.8160840" lon="-16.3872810">
    <ele>395.6</ele>
    <time>2024-04-17T16:44:18Z</time>
   </trkpt>
   <trkpt lat="65.8160810" lon="-16.3872940">
    <ele>395.6</ele>
    <time>2024-04-17T16:44:19Z</time>
   </trkpt>
   <trkpt lat="65.8160810" lon="-16.3872930">
    <ele>395.6</ele>
    <time>2024-04-17T16:44:20Z</time>
   </trkpt>
   <trkpt lat="65.8160760" lon="-16.3873000">
    <ele>395.6</ele>
    <time>2024-04-17T16:44:21Z</time>
   </trkpt>
   <trkpt lat="65.8160740" lon="-16.3873030">
    <ele>395.6</ele>
    <time>2024-04-17T16:44:22Z</time>
   </trkpt>
   <trkpt lat="65.8160740" lon="-16.3873030">
    <ele>395.6</ele>
    <time>2024-04-17T16:44:23Z</time>
   </trkpt>
   <trkpt lat="65.8160760" lon="-16.3873040">
    <ele>395.6</ele>
    <time>2024-04-17T16:44:24Z</time>
   </trkpt>
   <trkpt lat="65.8160760" lon="-16.3873030">
    <ele>395.6</ele>
    <time>2024-04-17T16:44:25Z</time>
   </trkpt>
   <trkpt lat="65.8160760" lon="-16.3873030">
    <ele>395.6</ele>
    <time>2024-04-17T16:44:26Z</time>
   </trkpt>
   <trkpt lat="65.8160760" lon="-16.3873030">
    <ele>395.6</ele>
    <time>2024-04-17T16:44:27Z</time>
   </trkpt>
   <trkpt lat="65.8160760" lon="-16.3873030">
    <ele>395.6</ele>
    <time>2024-04-17T16:44:28Z</time>
   </trkpt>
   <trkpt lat="65.8160760" lon="-16.3873030">
    <ele>395.6</ele>
    <time>2024-04-17T16:44:29Z</time>
   </trkpt>
   <trkpt lat="65.8160760" lon="-16.3873030">
    <ele>395.6</ele>
    <time>2024-04-17T16:44:30Z</time>
   </trkpt>
   <trkpt lat="65.8160740" lon="-16.3873180">
    <ele>395.6</ele>
    <time>2024-04-17T16:44:31Z</time>
   </trkpt>
   <trkpt lat="65.8160750" lon="-16.3873240">
    <ele>395.6</ele>
    <time>2024-04-17T16:44:32Z</time>
   </trkpt>
   <trkpt lat="65.8160750" lon="-16.3873220">
    <ele>395.6</ele>
    <time>2024-04-17T16:44:33Z</time>
   </trkpt>
   <trkpt lat="65.8160740" lon="-16.3873230">
    <ele>395.6</ele>
    <time>2024-04-17T16:44:34Z</time>
   </trkpt>
   <trkpt lat="65.8160750" lon="-16.3873240">
    <ele>395.6</ele>
    <time>2024-04-17T16:44:35Z</time>
   </trkpt>
   <trkpt lat="65.8160750" lon="-16.3873250">
    <ele>395.6</ele>
    <time>2024-04-17T16:44:36Z</time>
   </trkpt>
   <trkpt lat="65.8160750" lon="-16.3873260">
    <ele>395.6</ele>
    <time>2024-04-17T16:44:37Z</time>
   </trkpt>
   <trkpt lat="65.8160790" lon="-16.3873230">
    <ele>395.6</ele>
    <time>2024-04-17T16:44:38Z</time>
   </trkpt>
   <trkpt lat="65.8160790" lon="-16.3873330">
    <ele>395.6</ele>
    <time>2024-04-17T16:44:39Z</time>
   </trkpt>
   <trkpt lat="65.8160780" lon="-16.3873270">
    <ele>395.6</ele>
    <time>2024-04-17T16:44:40Z</time>
   </trkpt>
   <trkpt lat="65.8160850" lon="-16.3873080">
    <ele>395.6</ele>
    <time>2024-04-17T16:44:41Z</time>
   </trkpt>
   <trkpt lat="65.8160730" lon="-16.3873040">
    <ele>395.6</ele>
    <time>2024-04-17T16:44:42Z</time>
   </trkpt>
   <trkpt lat="65.8160730" lon="-16.3872980">
    <ele>395.6</ele>
    <time>2024-04-17T16:44:43Z</time>
   </trkpt>
   <trkpt lat="65.8160770" lon="-16.3873140">
    <ele>395.6</ele>
    <time>2024-04-17T16:44:44Z</time>
   </trkpt>
   <trkpt lat="65.8160760" lon="-16.3873140">
    <ele>395.6</ele>
    <time>2024-04-17T16:44:45Z</time>
   </trkpt>
   <trkpt lat="65.8160750" lon="-16.3873130">
    <ele>395.6</ele>
    <time>2024-04-17T16:44:46Z</time>
   </trkpt>
   <trkpt lat="65.8160760" lon="-16.3873170">
    <ele>395.6</ele>
    <time>2024-04-17T16:44:47Z</time>
   </trkpt>
   <trkpt lat="65.8160770" lon="-16.3873160">
    <ele>395.6</ele>
    <time>2024-04-17T16:44:48Z</time>
   </trkpt>
   <trkpt lat="65.8160780" lon="-16.3873150">
    <ele>395.6</ele>
    <time>2024-04-17T16:44:49Z</time>
   </trkpt>
   <trkpt lat="65.8160780" lon="-16.3873150">
    <ele>395.6</ele>
    <time>2024-04-17T16:44:50Z</time>
   </trkpt>
   <trkpt lat="65.8160790" lon="-16.3873130">
    <ele>395.6</ele>
    <time>2024-04-17T16:44:51Z</time>
   </trkpt>
   <trkpt lat="65.8160790" lon="-16.3873020">
    <ele>395.6</ele>
    <time>2024-04-17T16:44:52Z</time>
   </trkpt>
   <trkpt lat="65.8160770" lon="-16.3873050">
    <ele>395.6</ele>
    <time>2024-04-17T16:44:53Z</time>
   </trkpt>
   <trkpt lat="65.8160790" lon="-16.3873060">
    <ele>395.6</ele>
    <time>2024-04-17T16:44:54Z</time>
   </trkpt>
   <trkpt lat="65.8160790" lon="-16.3873030">
    <ele>395.6</ele>
    <time>2024-04-17T16:44:55Z</time>
   </trkpt>
   <trkpt lat="65.8160790" lon="-16.3873010">
    <ele>395.6</ele>
    <time>2024-04-17T16:44:56Z</time>
   </trkpt>
   <trkpt lat="65.8160780" lon="-16.3873000">
    <ele>395.6</ele>
    <time>2024-04-17T16:44:57Z</time>
   </trkpt>
   <trkpt lat="65.8160760" lon="-16.3872970">
    <ele>395.6</ele>
    <time>2024-04-17T16:44:58Z</time>
   </trkpt>
   <trkpt lat="65.8160770" lon="-16.3872970">
    <ele>395.6</ele>
    <time>2024-04-17T16:44:59Z</time>
   </trkpt>
   <trkpt lat="65.8160760" lon="-16.3872950">
    <ele>395.6</ele>
    <time>2024-04-17T16:45:00Z</time>
   </trkpt>
   <trkpt lat="65.8160750" lon="-16.3872950">
    <ele>395.6</ele>
    <time>2024-04-17T16:45:01Z</time>
   </trkpt>
   <trkpt lat="65.8160760" lon="-16.3872960">
    <ele>395.6</ele>
    <time>2024-04-17T16:45:02Z</time>
   </trkpt>
   <trkpt lat="65.8160760" lon="-16.3872940">
    <ele>395.6</ele>
    <time>2024-04-17T16:45:03Z</time>
   </trkpt>
   <trkpt lat="65.8160760" lon="-16.3872940">
    <ele>395.6</ele>
    <time>2024-04-17T16:45:04Z</time>
   </trkpt>
   <trkpt lat="65.8160760" lon="-16.3872940">
    <ele>395.6</ele>
    <time>2024-04-17T16:45:05Z</time>
   </trkpt>
   <trkpt lat="65.8160760" lon="-16.3872940">
    <ele>395.6</ele>
    <time>2024-04-17T16:45:06Z</time>
   </trkpt>
   <trkpt lat="65.8160760" lon="-16.3872960">
    <ele>395.6</ele>
    <time>2024-04-17T16:45:07Z</time>
   </trkpt>
   <trkpt lat="65.8160770" lon="-16.3872960">
    <ele>395.6</ele>
    <time>2024-04-17T16:45:08Z</time>
   </trkpt>
   <trkpt lat="65.8160760" lon="-16.3872990">
    <ele>395.6</ele>
    <time>2024-04-17T16:45:09Z</time>
   </trkpt>
   <trkpt lat="65.8160770" lon="-16.3872960">
    <ele>395.6</ele>
    <time>2024-04-17T16:45:10Z</time>
   </trkpt>
   <trkpt lat="65.8160790" lon="-16.3873020">
    <ele>395.6</ele>
    <time>2024-04-17T16:45:11Z</time>
   </trkpt>
   <trkpt lat="65.8160780" lon="-16.3872980">
    <ele>395.6</ele>
    <time>2024-04-17T16:45:12Z</time>
   </trkpt>
   <trkpt lat="65.8160770" lon="-16.3872990">
    <ele>395.6</ele>
    <time>2024-04-17T16:45:13Z</time>
   </trkpt>
   <trkpt lat="65.8160770" lon="-16.3873040">
    <ele>395.6</ele>
    <time>2024-04-17T16:45:14Z</time>
   </trkpt>
   <trkpt lat="65.8160770" lon="-16.3873080">
    <ele>395.6</ele>
    <time>2024-04-17T16:45:15Z</time>
   </trkpt>
   <trkpt lat="65.8160770" lon="-16.3873080">
    <ele>395.6</ele>
    <time>2024-04-17T16:45:16Z</time>
   </trkpt>
   <trkpt lat="65.8160770" lon="-16.3873080">
    <ele>395.6</ele>
    <time>2024-04-17T16:45:17Z</time>
   </trkpt>
   <trkpt lat="65.8160770" lon="-16.3873080">
    <ele>395.6</ele>
    <time>2024-04-17T16:45:18Z</time>
   </trkpt>
   <trkpt lat="65.8160770" lon="-16.3873080">
    <ele>395.6</ele>
    <time>2024-04-17T16:45:19Z</time>
   </trkpt>
   <trkpt lat="65.8160770" lon="-16.3873080">
    <ele>395.6</ele>
    <time>2024-04-17T16:45:20Z</time>
   </trkpt>
   <trkpt lat="65.8160770" lon="-16.3873080">
    <ele>395.6</ele>
    <time>2024-04-17T16:45:21Z</time>
   </trkpt>
   <trkpt lat="65.8160770" lon="-16.3873080">
    <ele>395.6</ele>
    <time>2024-04-17T16:45:22Z</time>
   </trkpt>
   <trkpt lat="65.8160750" lon="-16.3873150">
    <ele>395.6</ele>
    <time>2024-04-17T16:45:23Z</time>
   </trkpt>
   <trkpt lat="65.8160750" lon="-16.3873150">
    <ele>395.6</ele>
    <time>2024-04-17T16:45:24Z</time>
   </trkpt>
   <trkpt lat="65.8160750" lon="-16.3873150">
    <ele>395.6</ele>
    <time>2024-04-17T16:45:25Z</time>
   </trkpt>
   <trkpt lat="65.8160750" lon="-16.3873150">
    <ele>395.6</ele>
    <time>2024-04-17T16:45:26Z</time>
   </trkpt>
   <trkpt lat="65.8160750" lon="-16.3873150">
    <ele>395.6</ele>
    <time>2024-04-17T16:45:27Z</time>
   </trkpt>
   <trkpt lat="65.8160750" lon="-16.3873150">
    <ele>395.6</ele>
    <time>2024-04-17T16:45:28Z</time>
   </trkpt>
   <trkpt lat="65.8160750" lon="-16.3873150">
    <ele>395.6</ele>
    <time>2024-04-17T16:45:29Z</time>
   </trkpt>
   <trkpt lat="65.8160750" lon="-16.3873150">
    <ele>395.6</ele>
    <time>2024-04-17T16:45:30Z</time>
   </trkpt>
   <trkpt lat="65.8160750" lon="-16.3873150">
    <ele>395.6</ele>
    <time>2024-04-17T16:45:31Z</time>
   </trkpt>
   <trkpt lat="65.8160750" lon="-16.3873150">
    <ele>395.6</ele>
    <time>2024-04-17T16:45:32Z</time>
   </trkpt>
   <trkpt lat="65.8160750" lon="-16.3873150">
    <ele>395.6</ele>
    <time>2024-04-17T16:45:33Z</time>
   </trkpt>
   <trkpt lat="65.8160750" lon="-16.3873150">
    <ele>395.6</ele>
    <time>2024-04-17T16:45:34Z</time>
   </trkpt>
   <trkpt lat="65.8160750" lon="-16.3873150">
    <ele>395.6</ele>
    <time>2024-04-17T16:45:35Z</time>
   </trkpt>
   <trkpt lat="65.8160750" lon="-16.3873150">
    <ele>395.6</ele>
    <time>2024-04-17T16:45:36Z</time>
   </trkpt>
   <trkpt lat="65.8160750" lon="-16.3873150">
    <ele>395.6</ele>
    <time>2024-04-17T16:45:37Z</time>
   </trkpt>
   <trkpt lat="65.8160750" lon="-16.3873150">
    <ele>395.6</ele>
    <time>2024-04-17T16:45:38Z</time>
   </trkpt>
   <trkpt lat="65.8160750" lon="-16.3873150">
    <ele>395.6</ele>
    <time>2024-04-17T16:45:39Z</time>
   </trkpt>
   <trkpt lat="65.8160750" lon="-16.3873150">
    <ele>395.6</ele>
    <time>2024-04-17T16:45:40Z</time>
   </trkpt>
   <trkpt lat="65.8160710" lon="-16.3873250">
    <ele>395.6</ele>
    <time>2024-04-17T16:45:41Z</time>
   </trkpt>
   <trkpt lat="65.8160710" lon="-16.3873250">
    <ele>395.6</ele>
    <time>2024-04-17T16:45:42Z</time>
   </trkpt>
   <trkpt lat="65.8160720" lon="-16.3873240">
    <ele>395.6</ele>
    <time>2024-04-17T16:45:43Z</time>
   </trkpt>
   <trkpt lat="65.8160720" lon="-16.3873200">
    <ele>395.6</ele>
    <time>2024-04-17T16:45:44Z</time>
   </trkpt>
   <trkpt lat="65.8160720" lon="-16.3873200">
    <ele>395.6</ele>
    <time>2024-04-17T16:45:45Z</time>
   </trkpt>
   <trkpt lat="65.8160720" lon="-16.3873200">
    <ele>395.6</ele>
    <time>2024-04-17T16:45:46Z</time>
   </trkpt>
   <trkpt lat="65.8160720" lon="-16.3873200">
    <ele>395.6</ele>
    <time>2024-04-17T16:45:47Z</time>
   </trkpt>
   <trkpt lat="65.8160720" lon="-16.3873200">
    <ele>395.6</ele>
    <time>2024-04-17T16:45:48Z</time>
   </trkpt>
   <trkpt lat="65.8160730" lon="-16.3873180">
    <ele>395.6</ele>
    <time>2024-04-17T16:45:49Z</time>
   </trkpt>
   <trkpt lat="65.8160710" lon="-16.3873150">
    <ele>395.6</ele>
    <time>2024-04-17T16:45:50Z</time>
   </trkpt>
   <trkpt lat="65.8160720" lon="-16.3873150">
    <ele>395.6</ele>
    <time>2024-04-17T16:45:51Z</time>
   </trkpt>
   <trkpt lat="65.8160720" lon="-16.3873150">
    <ele>395.6</ele>
    <time>2024-04-17T16:45:52Z</time>
   </trkpt>
   <trkpt lat="65.8160710" lon="-16.3873140">
    <ele>395.6</ele>
    <time>2024-04-17T16:45:53Z</time>
   </trkpt>
   <trkpt lat="65.8160720" lon="-16.3873150">
    <ele>395.6</ele>
    <time>2024-04-17T16:45:54Z</time>
   </trkpt>
   <trkpt lat="65.8160720" lon="-16.3873160">
    <ele>395.6</ele>
    <time>2024-04-17T16:45:55Z</time>
   </trkpt>
   <trkpt lat="65.8160710" lon="-16.3873180">
    <ele>395.6</ele>
    <time>2024-04-17T16:45:56Z</time>
   </trkpt>
   <trkpt lat="65.8160710" lon="-16.3873170">
    <ele>395.6</ele>
    <time>2024-04-17T16:45:57Z</time>
   </trkpt>
   <trkpt lat="65.8160710" lon="-16.3873180">
    <ele>395.6</ele>
    <time>2024-04-17T16:45:58Z</time>
   </trkpt>
   <trkpt lat="65.8160710" lon="-16.3873170">
    <ele>395.6</ele>
    <time>2024-04-17T16:45:59Z</time>
   </trkpt>
   <trkpt lat="65.8160710" lon="-16.3873150">
    <ele>395.6</ele>
    <time>2024-04-17T16:46:00Z</time>
   </trkpt>
   <trkpt lat="65.8160710" lon="-16.3873140">
    <ele>395.6</ele>
    <time>2024-04-17T16:46:01Z</time>
   </trkpt>
   <trkpt lat="65.8160720" lon="-16.3873160">
    <ele>395.6</ele>
    <time>2024-04-17T16:46:02Z</time>
   </trkpt>
   <trkpt lat="65.8160710" lon="-16.3873130">
    <ele>395.6</ele>
    <time>2024-04-17T16:46:03Z</time>
   </trkpt>
   <trkpt lat="65.8160710" lon="-16.3873100">
    <ele>395.6</ele>
    <time>2024-04-17T16:46:04Z</time>
   </trkpt>
   <trkpt lat="65.8160710" lon="-16.3873110">
    <ele>395.6</ele>
    <time>2024-04-17T16:46:05Z</time>
   </trkpt>
   <trkpt lat="65.8160710" lon="-16.3873080">
    <ele>395.6</ele>
    <time>2024-04-17T16:46:06Z</time>
   </trkpt>
   <trkpt lat="65.8160700" lon="-16.3873090">
    <ele>395.6</ele>
    <time>2024-04-17T16:46:07Z</time>
   </trkpt>
   <trkpt lat="65.8160700" lon="-16.3873060">
    <ele>395.6</ele>
    <time>2024-04-17T16:46:09Z</time>
   </trkpt>
   <trkpt lat="65.8160710" lon="-16.3873100">
    <ele>395.6</ele>
    <time>2024-04-17T16:46:10Z</time>
   </trkpt>
   <trkpt lat="65.8160710" lon="-16.3873110">
    <ele>395.6</ele>
    <time>2024-04-17T16:46:11Z</time>
   </trkpt>
   <trkpt lat="65.8160710" lon="-16.3873120">
    <ele>395.6</ele>
    <time>2024-04-17T16:46:12Z</time>
   </trkpt>
   <trkpt lat="65.8160710" lon="-16.3873130">
    <ele>395.6</ele>
    <time>2024-04-17T16:46:13Z</time>
   </trkpt>
   <trkpt lat="65.8160720" lon="-16.3873140">
    <ele>395.6</ele>
    <time>2024-04-17T16:46:14Z</time>
   </trkpt>
   <trkpt lat="65.8160720" lon="-16.3873140">
    <ele>395.6</ele>
    <time>2024-04-17T16:46:15Z</time>
   </trkpt>
   <trkpt lat="65.8160720" lon="-16.3873140">
    <ele>395.6</ele>
    <time>2024-04-17T16:46:16Z</time>
   </trkpt>
   <trkpt lat="65.8160740" lon="-16.3873140">
    <ele>395.6</ele>
    <time>2024-04-17T16:46:17Z</time>
   </trkpt>
   <trkpt lat="65.8160720" lon="-16.3873070">
    <ele>395.6</ele>
    <time>2024-04-17T16:46:18Z</time>
   </trkpt>
   <trkpt lat="65.8160760" lon="-16.3873060">
    <ele>395.6</ele>
    <time>2024-04-17T16:46:19Z</time>
   </trkpt>
   <trkpt lat="65.8160750" lon="-16.3873170">
    <ele>395.6</ele>
    <time>2024-04-17T16:46:20Z</time>
   </trkpt>
   <trkpt lat="65.8160740" lon="-16.3873130">
    <ele>395.6</ele>
    <time>2024-04-17T16:46:21Z</time>
   </trkpt>
   <trkpt lat="65.8160740" lon="-16.3873130">
    <ele>395.6</ele>
    <time>2024-04-17T16:46:22Z</time>
   </trkpt>
   <trkpt lat="65.8160710" lon="-16.3873120">
    <ele>395.6</ele>
    <time>2024-04-17T16:46:23Z</time>
   </trkpt>
   <trkpt lat="65.8160700" lon="-16.3873080">
    <ele>395.6</ele>
    <time>2024-04-17T16:46:24Z</time>
   </trkpt>
   <trkpt lat="65.8160700" lon="-16.3873100">
    <ele>395.6</ele>
    <time>2024-04-17T16:46:25Z</time>
   </trkpt>
   <trkpt lat="65.8160700" lon="-16.3873100">
    <ele>395.6</ele>
    <time>2024-04-17T16:46:26Z</time>
   </trkpt>
   <trkpt lat="65.8160700" lon="-16.3873100">
    <ele>395.6</ele>
    <time>2024-04-17T16:46:27Z</time>
   </trkpt>
   <trkpt lat="65.8160720" lon="-16.3873100">
    <ele>395.6</ele>
    <time>2024-04-17T16:46:28Z</time>
   </trkpt>
   <trkpt lat="65.8160720" lon="-16.3873090">
    <ele>395.6</ele>
    <time>2024-04-17T16:46:29Z</time>
   </trkpt>
   <trkpt lat="65.8160760" lon="-16.3873080">
    <ele>395.6</ele>
    <time>2024-04-17T16:46:30Z</time>
   </trkpt>
   <trkpt lat="65.8160740" lon="-16.3873060">
    <ele>395.6</ele>
    <time>2024-04-17T16:46:31Z</time>
   </trkpt>
   <trkpt lat="65.8160760" lon="-16.3873090">
    <ele>395.6</ele>
    <time>2024-04-17T16:46:32Z</time>
   </trkpt>
   <trkpt lat="65.8160750" lon="-16.3873070">
    <ele>395.6</ele>
    <time>2024-04-17T16:46:33Z</time>
   </trkpt>
   <trkpt lat="65.8160770" lon="-16.3873080">
    <ele>395.6</ele>
    <time>2024-04-17T16:46:34Z</time>
   </trkpt>
   <trkpt lat="65.8160770" lon="-16.3873060">
    <ele>395.6</ele>
    <time>2024-04-17T16:46:35Z</time>
   </trkpt>
   <trkpt lat="65.8160770" lon="-16.3873050">
    <ele>395.6</ele>
    <time>2024-04-17T16:46:36Z</time>
   </trkpt>
   <trkpt lat="65.8160770" lon="-16.3873050">
    <ele>395.6</ele>
    <time>2024-04-17T16:46:37Z</time>
   </trkpt>
   <trkpt lat="65.8160740" lon="-16.3873080">
    <ele>395.6</ele>
    <time>2024-04-17T16:46:38Z</time>
   </trkpt>
   <trkpt lat="65.8160720" lon="-16.3873060">
    <ele>395.6</ele>
    <time>2024-04-17T16:46:39Z</time>
   </trkpt>
   <trkpt lat="65.8160720" lon="-16.3873020">
    <ele>395.6</ele>
    <time>2024-04-17T16:46:40Z</time>
   </trkpt>
   <trkpt lat="65.8160690" lon="-16.3873020">
    <ele>395.6</ele>
    <time>2024-04-17T16:46:41Z</time>
   </trkpt>
   <trkpt lat="65.8160700" lon="-16.3873040">
    <ele>395.6</ele>
    <time>2024-04-17T16:46:42Z</time>
   </trkpt>
   <trkpt lat="65.8160700" lon="-16.3873050">
    <ele>395.6</ele>
    <time>2024-04-17T16:46:43Z</time>
   </trkpt>
   <trkpt lat="65.8160700" lon="-16.3873070">
    <ele>395.6</ele>
    <time>2024-04-17T16:46:44Z</time>
   </trkpt>
   <trkpt lat="65.8160700" lon="-16.3873040">
    <ele>395.6</ele>
    <time>2024-04-17T16:46:45Z</time>
   </trkpt>
   <trkpt lat="65.8160690" lon="-16.3873040">
    <ele>395.6</ele>
    <time>2024-04-17T16:46:46Z</time>
   </trkpt>
   <trkpt lat="65.8160710" lon="-16.3872940">
    <ele>395.6</ele>
    <time>2024-04-17T16:46:47Z</time>
   </trkpt>
   <trkpt lat="65.8160690" lon="-16.3872920">
    <ele>395.6</ele>
    <time>2024-04-17T16:46:48Z</time>
   </trkpt>
   <trkpt lat="65.8160670" lon="-16.3872830">
    <ele>395.6</ele>
    <time>2024-04-17T16:46:49Z</time>
   </trkpt>
   <trkpt lat="65.8160680" lon="-16.3872800">
    <ele>395.6</ele>
    <time>2024-04-17T16:46:50Z</time>
   </trkpt>
   <trkpt lat="65.8160670" lon="-16.3872780">
    <ele>395.6</ele>
    <time>2024-04-17T16:46:51Z</time>
   </trkpt>
   <trkpt lat="65.8160670" lon="-16.3872780">
    <ele>395.6</ele>
    <time>2024-04-17T16:46:52Z</time>
   </trkpt>
   <trkpt lat="65.8160670" lon="-16.3872780">
    <ele>395.6</ele>
    <time>2024-04-17T16:46:53Z</time>
   </trkpt>
   <trkpt lat="65.8160670" lon="-16.3872780">
    <ele>395.6</ele>
    <time>2024-04-17T16:46:54Z</time>
   </trkpt>
   <trkpt lat="65.8160670" lon="-16.3872780">
    <ele>395.6</ele>
    <time>2024-04-17T16:46:55Z</time>
   </trkpt>
   <trkpt lat="65.8160670" lon="-16.3872780">
    <ele>395.6</ele>
    <time>2024-04-17T16:46:56Z</time>
   </trkpt>
   <trkpt lat="65.8160670" lon="-16.3872780">
    <ele>395.6</ele>
    <time>2024-04-17T16:46:57Z</time>
   </trkpt>
   <trkpt lat="65.8160670" lon="-16.3872780">
    <ele>395.6</ele>
    <time>2024-04-17T16:46:58Z</time>
   </trkpt>
   <trkpt lat="65.8160670" lon="-16.3872780">
    <ele>395.6</ele>
    <time>2024-04-17T16:46:59Z</time>
   </trkpt>
   <trkpt lat="65.8160670" lon="-16.3872780">
    <ele>395.6</ele>
    <time>2024-04-17T16:47:00Z</time>
   </trkpt>
   <trkpt lat="65.8160670" lon="-16.3872780">
    <ele>395.6</ele>
    <time>2024-04-17T16:47:01Z</time>
   </trkpt>
   <trkpt lat="65.8160670" lon="-16.3872780">
    <ele>395.6</ele>
    <time>2024-04-17T16:47:02Z</time>
   </trkpt>
   <trkpt lat="65.8160670" lon="-16.3872780">
    <ele>395.6</ele>
    <time>2024-04-17T16:47:03Z</time>
   </trkpt>
   <trkpt lat="65.8160670" lon="-16.3872780">
    <ele>395.6</ele>
    <time>2024-04-17T16:47:04Z</time>
   </trkpt>
   <trkpt lat="65.8160670" lon="-16.3872780">
    <ele>395.6</ele>
    <time>2024-04-17T16:47:05Z</time>
   </trkpt>
   <trkpt lat="65.8160670" lon="-16.3872780">
    <ele>395.6</ele>
    <time>2024-04-17T16:47:06Z</time>
   </trkpt>
   <trkpt lat="65.8160670" lon="-16.3872780">
    <ele>395.6</ele>
    <time>2024-04-17T16:47:07Z</time>
   </trkpt>
   <trkpt lat="65.8160670" lon="-16.3872780">
    <ele>395.6</ele>
    <time>2024-04-17T16:47:08Z</time>
   </trkpt>
   <trkpt lat="65.8160670" lon="-16.3872780">
    <ele>395.6</ele>
    <time>2024-04-17T16:47:09Z</time>
   </trkpt>
   <trkpt lat="65.8160670" lon="-16.3872780">
    <ele>395.6</ele>
    <time>2024-04-17T16:47:10Z</time>
   </trkpt>
   <trkpt lat="65.8160670" lon="-16.3872780">
    <ele>395.6</ele>
    <time>2024-04-17T16:47:11Z</time>
   </trkpt>
   <trkpt lat="65.8160670" lon="-16.3872780">
    <ele>395.6</ele>
    <time>2024-04-17T16:47:12Z</time>
   </trkpt>
   <trkpt lat="65.8160670" lon="-16.3872780">
    <ele>395.6</ele>
    <time>2024-04-17T16:47:13Z</time>
   </trkpt>
   <trkpt lat="65.8160670" lon="-16.3872780">
    <ele>395.6</ele>
    <time>2024-04-17T16:47:14Z</time>
   </trkpt>
   <trkpt lat="65.8160670" lon="-16.3872780">
    <ele>395.6</ele>
    <time>2024-04-17T16:47:15Z</time>
   </trkpt>
   <trkpt lat="65.8160670" lon="-16.3872780">
    <ele>395.6</ele>
    <time>2024-04-17T16:47:16Z</time>
   </trkpt>
   <trkpt lat="65.8160670" lon="-16.3872780">
    <ele>395.6</ele>
    <time>2024-04-17T16:47:17Z</time>
   </trkpt>
   <trkpt lat="65.8160720" lon="-16.3872860">
    <ele>395.6</ele>
    <time>2024-04-17T16:47:18Z</time>
   </trkpt>
   <trkpt lat="65.8160730" lon="-16.3872920">
    <ele>395.6</ele>
    <time>2024-04-17T16:47:19Z</time>
   </trkpt>
   <trkpt lat="65.8160730" lon="-16.3872920">
    <ele>395.6</ele>
    <time>2024-04-17T16:47:20Z</time>
   </trkpt>
   <trkpt lat="65.8160730" lon="-16.3872920">
    <ele>395.6</ele>
    <time>2024-04-17T16:47:21Z</time>
   </trkpt>
   <trkpt lat="65.8160730" lon="-16.3872920">
    <ele>395.6</ele>
    <time>2024-04-17T16:47:22Z</time>
   </trkpt>
   <trkpt lat="65.8160730" lon="-16.3872920">
    <ele>395.6</ele>
    <time>2024-04-17T16:47:23Z</time>
   </trkpt>
   <trkpt lat="65.8160740" lon="-16.3872870">
    <ele>395.6</ele>
    <time>2024-04-17T16:47:24Z</time>
   </trkpt>
   <trkpt lat="65.8160750" lon="-16.3872920">
    <ele>395.6</ele>
    <time>2024-04-17T16:47:25Z</time>
   </trkpt>
   <trkpt lat="65.8160780" lon="-16.3872980">
    <ele>395.6</ele>
    <time>2024-04-17T16:47:26Z</time>
   </trkpt>
   <trkpt lat="65.8160780" lon="-16.3872990">
    <ele>395.6</ele>
    <time>2024-04-17T16:47:27Z</time>
   </trkpt>
   <trkpt lat="65.8160780" lon="-16.3872990">
    <ele>395.6</ele>
    <time>2024-04-17T16:47:28Z</time>
   </trkpt>
   <trkpt lat="65.8160780" lon="-16.3872990">
    <ele>395.6</ele>
    <time>2024-04-17T16:47:29Z</time>
   </trkpt>
   <trkpt lat="65.8160780" lon="-16.3872990">
    <ele>395.6</ele>
    <time>2024-04-17T16:47:30Z</time>
   </trkpt>
   <trkpt lat="65.8160780" lon="-16.3872990">
    <ele>395.6</ele>
    <time>2024-04-17T16:47:31Z</time>
   </trkpt>
   <trkpt lat="65.8160780" lon="-16.3872990">
    <ele>395.6</ele>
    <time>2024-04-17T16:47:32Z</time>
   </trkpt>
   <trkpt lat="65.8160780" lon="-16.3872990">
    <ele>395.6</ele>
    <time>2024-04-17T16:47:33Z</time>
   </trkpt>
   <trkpt lat="65.8160780" lon="-16.3872990">
    <ele>395.6</ele>
    <time>2024-04-17T16:47:34Z</time>
   </trkpt>
   <trkpt lat="65.8160780" lon="-16.3872990">
    <ele>395.6</ele>
    <time>2024-04-17T16:47:35Z</time>
   </trkpt>
   <trkpt lat="65.8160780" lon="-16.3872990">
    <ele>395.6</ele>
    <time>2024-04-17T16:47:36Z</time>
   </trkpt>
   <trkpt lat="65.8160780" lon="-16.3872990">
    <ele>395.6</ele>
    <time>2024-04-17T16:47:37Z</time>
   </trkpt>
   <trkpt lat="65.8160780" lon="-16.3872990">
    <ele>395.6</ele>
    <time>2024-04-17T16:47:38Z</time>
   </trkpt>
   <trkpt lat="65.8160780" lon="-16.3872990">
    <ele>395.6</ele>
    <time>2024-04-17T16:47:39Z</time>
   </trkpt>
   <trkpt lat="65.8160780" lon="-16.3872990">
    <ele>395.6</ele>
    <time>2024-04-17T16:47:40Z</time>
   </trkpt>
   <trkpt lat="65.8160740" lon="-16.3872870">
    <ele>395.6</ele>
    <time>2024-04-17T16:47:41Z</time>
   </trkpt>
   <trkpt lat="65.8160760" lon="-16.3872860">
    <ele>395.6</ele>
    <time>2024-04-17T16:47:42Z</time>
   </trkpt>
   <trkpt lat="65.8160750" lon="-16.3872870">
    <ele>395.6</ele>
    <time>2024-04-17T16:47:43Z</time>
   </trkpt>
   <trkpt lat="65.8160750" lon="-16.3872860">
    <ele>395.6</ele>
    <time>2024-04-17T16:47:44Z</time>
   </trkpt>
   <trkpt lat="65.8160760" lon="-16.3872850">
    <ele>395.6</ele>
    <time>2024-04-17T16:47:45Z</time>
   </trkpt>
   <trkpt lat="65.8160770" lon="-16.3872860">
    <ele>395.6</ele>
    <time>2024-04-17T16:47:46Z</time>
   </trkpt>
   <trkpt lat="65.8160770" lon="-16.3872860">
    <ele>395.6</ele>
    <time>2024-04-17T16:47:47Z</time>
   </trkpt>
   <trkpt lat="65.8160770" lon="-16.3872850">
    <ele>395.6</ele>
    <time>2024-04-17T16:47:48Z</time>
   </trkpt>
   <trkpt lat="65.8160760" lon="-16.3872840">
    <ele>395.6</ele>
    <time>2024-04-17T16:47:49Z</time>
   </trkpt>
   <trkpt lat="65.8160770" lon="-16.3872820">
    <ele>395.6</ele>
    <time>2024-04-17T16:47:50Z</time>
   </trkpt>
   <trkpt lat="65.8160780" lon="-16.3872840">
    <ele>395.6</ele>
    <time>2024-04-17T16:47:51Z</time>
   </trkpt>
   <trkpt lat="65.8160780" lon="-16.3872840">
    <ele>395.6</ele>
    <time>2024-04-17T16:47:52Z</time>
   </trkpt>
   <trkpt lat="65.8160780" lon="-16.3872840">
    <ele>395.6</ele>
    <time>2024-04-17T16:47:53Z</time>
   </trkpt>
   <trkpt lat="65.8160780" lon="-16.3872840">
    <ele>395.6</ele>
    <time>2024-04-17T16:47:54Z</time>
   </trkpt>
   <trkpt lat="65.8160780" lon="-16.3872840">
    <ele>395.6</ele>
    <time>2024-04-17T16:47:55Z</time>
   </trkpt>
   <trkpt lat="65.8160780" lon="-16.3872840">
    <ele>395.6</ele>
    <time>2024-04-17T16:47:56Z</time>
   </trkpt>
   <trkpt lat="65.8160780" lon="-16.3872840">
    <ele>395.6</ele>
    <time>2024-04-17T16:47:57Z</time>
   </trkpt>
   <trkpt lat="65.8160780" lon="-16.3872840">
    <ele>395.6</ele>
    <time>2024-04-17T16:47:58Z</time>
   </trkpt>
   <trkpt lat="65.8160760" lon="-16.3872750">
    <ele>395.6</ele>
    <time>2024-04-17T16:47:59Z</time>
   </trkpt>
   <trkpt lat="65.8160770" lon="-16.3872730">
    <ele>395.6</ele>
    <time>2024-04-17T16:48:00Z</time>
   </trkpt>
   <trkpt lat="65.8160800" lon="-16.3872760">
    <ele>395.6</ele>
    <time>2024-04-17T16:48:01Z</time>
   </trkpt>
   <trkpt lat="65.8160800" lon="-16.3872770">
    <ele>395.6</ele>
    <time>2024-04-17T16:48:02Z</time>
   </trkpt>
   <trkpt lat="65.8160800" lon="-16.3872770">
    <ele>395.6</ele>
    <time>2024-04-17T16:48:03Z</time>
   </trkpt>
   <trkpt lat="65.8160800" lon="-16.3872770">
    <ele>395.6</ele>
    <time>2024-04-17T16:48:04Z</time>
   </trkpt>
   <trkpt lat="65.8160800" lon="-16.3872770">
    <ele>395.6</ele>
    <time>2024-04-17T16:48:05Z</time>
   </trkpt>
   <trkpt lat="65.8160800" lon="-16.3872770">
    <ele>395.6</ele>
    <time>2024-04-17T16:48:06Z</time>
   </trkpt>
   <trkpt lat="65.8160800" lon="-16.3872770">
    <ele>395.6</ele>
    <time>2024-04-17T16:48:07Z</time>
   </trkpt>
   <trkpt lat="65.8160800" lon="-16.3872770">
    <ele>395.6</ele>
    <time>2024-04-17T16:48:08Z</time>
   </trkpt>
   <trkpt lat="65.8160800" lon="-16.3872770">
    <ele>395.6</ele>
    <time>2024-04-17T16:48:09Z</time>
   </trkpt>
   <trkpt lat="65.8160800" lon="-16.3872770">
    <ele>395.6</ele>
    <time>2024-04-17T16:48:10Z</time>
   </trkpt>
   <trkpt lat="65.8160780" lon="-16.3872720">
    <ele>395.6</ele>
    <time>2024-04-17T16:48:11Z</time>
   </trkpt>
   <trkpt lat="65.8160780" lon="-16.3872730">
    <ele>395.6</ele>
    <time>2024-04-17T16:48:12Z</time>
   </trkpt>
   <trkpt lat="65.8160800" lon="-16.3872670">
    <ele>395.5</ele>
    <time>2024-04-17T16:48:13Z</time>
   </trkpt>
   <trkpt lat="65.8160800" lon="-16.3872660">
    <ele>395.5</ele>
    <time>2024-04-17T16:48:14Z</time>
   </trkpt>
   <trkpt lat="65.8160800" lon="-16.3872660">
    <ele>395.5</ele>
    <time>2024-04-17T16:48:15Z</time>
   </trkpt>
   <trkpt lat="65.8160800" lon="-16.3872670">
    <ele>395.5</ele>
    <time>2024-04-17T16:48:16Z</time>
   </trkpt>
   <trkpt lat="65.8160810" lon="-16.3872590">
    <ele>395.5</ele>
    <time>2024-04-17T16:48:17Z</time>
   </trkpt>
   <trkpt lat="65.8160850" lon="-16.3872550">
    <ele>395.5</ele>
    <time>2024-04-17T16:48:18Z</time>
   </trkpt>
   <trkpt lat="65.8160860" lon="-16.3872520">
    <ele>395.5</ele>
    <time>2024-04-17T16:48:19Z</time>
   </trkpt>
   <trkpt lat="65.8160870" lon="-16.3872540">
    <ele>395.5</ele>
    <time>2024-04-17T16:48:20Z</time>
   </trkpt>
   <trkpt lat="65.8160870" lon="-16.3872540">
    <ele>395.5</ele>
    <time>2024-04-17T16:48:21Z</time>
   </trkpt>
   <trkpt lat="65.8160880" lon="-16.3872570">
    <ele>395.5</ele>
    <time>2024-04-17T16:48:22Z</time>
   </trkpt>
   <trkpt lat="65.8160880" lon="-16.3872590">
    <ele>395.5</ele>
    <time>2024-04-17T16:48:23Z</time>
   </trkpt>
   <trkpt lat="65.8160880" lon="-16.3872590">
    <ele>395.5</ele>
    <time>2024-04-17T16:48:24Z</time>
   </trkpt>
   <trkpt lat="65.8160880" lon="-16.3872590">
    <ele>395.5</ele>
    <time>2024-04-17T16:48:25Z</time>
   </trkpt>
   <trkpt lat="65.8160870" lon="-16.3872590">
    <ele>395.5</ele>
    <time>2024-04-17T16:48:26Z</time>
   </trkpt>
   <trkpt lat="65.8160850" lon="-16.3872640">
    <ele>395.5</ele>
    <time>2024-04-17T16:48:27Z</time>
   </trkpt>
   <trkpt lat="65.8160820" lon="-16.3872630">
    <ele>395.5</ele>
    <time>2024-04-17T16:48:28Z</time>
   </trkpt>
   <trkpt lat="65.8160790" lon="-16.3872630">
    <ele>395.5</ele>
    <time>2024-04-17T16:48:29Z</time>
   </trkpt>
   <trkpt lat="65.8160790" lon="-16.3872630">
    <ele>395.5</ele>
    <time>2024-04-17T16:48:30Z</time>
   </trkpt>
   <trkpt lat="65.8160790" lon="-16.3872730">
    <ele>395.5</ele>
    <time>2024-04-17T16:48:31Z</time>
   </trkpt>
   <trkpt lat="65.8160780" lon="-16.3872790">
    <ele>395.5</ele>
    <time>2024-04-17T16:48:32Z</time>
   </trkpt>
   <trkpt lat="65.8160800" lon="-16.3872840">
    <ele>395.5</ele>
    <time>2024-04-17T16:48:33Z</time>
   </trkpt>
   <trkpt lat="65.8160770" lon="-16.3872860">
    <ele>395.5</ele>
    <time>2024-04-17T16:48:34Z</time>
   </trkpt>
   <trkpt lat="65.8160770" lon="-16.3872850">
    <ele>395.5</ele>
    <time>2024-04-17T16:48:35Z</time>
   </trkpt>
   <trkpt lat="65.8160760" lon="-16.3872850">
    <ele>395.5</ele>
    <time>2024-04-17T16:48:36Z</time>
   </trkpt>
   <trkpt lat="65.8160760" lon="-16.3872870">
    <ele>395.5</ele>
    <time>2024-04-17T16:48:37Z</time>
   </trkpt>
   <trkpt lat="65.8160760" lon="-16.3872870">
    <ele>395.5</ele>
    <time>2024-04-17T16:48:38Z</time>
   </trkpt>
   <trkpt lat="65.8160760" lon="-16.3872870">
    <ele>395.5</ele>
    <time>2024-04-17T16:48:39Z</time>
   </trkpt>
   <trkpt lat="65.8160760" lon="-16.3872870">
    <ele>395.5</ele>
    <time>2024-04-17T16:48:40Z</time>
   </trkpt>
   <trkpt lat="65.8160740" lon="-16.3872940">
    <ele>395.5</ele>
    <time>2024-04-17T16:48:41Z</time>
   </trkpt>
   <trkpt lat="65.8160730" lon="-16.3872930">
    <ele>395.5</ele>
    <time>2024-04-17T16:48:42Z</time>
   </trkpt>
   <trkpt lat="65.8160740" lon="-16.3872940">
    <ele>395.5</ele>
    <time>2024-04-17T16:48:43Z</time>
   </trkpt>
   <trkpt lat="65.8160720" lon="-16.3872950">
    <ele>395.5</ele>
    <time>2024-04-17T16:48:44Z</time>
   </trkpt>
   <trkpt lat="65.8160710" lon="-16.3872890">
    <ele>395.5</ele>
    <time>2024-04-17T16:48:45Z</time>
   </trkpt>
   <trkpt lat="65.8160870" lon="-16.3872760">
    <ele>395.5</ele>
    <time>2024-04-17T16:48:46Z</time>
   </trkpt>
   <trkpt lat="65.8160870" lon="-16.3872810">
    <ele>395.5</ele>
    <time>2024-04-17T16:48:47Z</time>
   </trkpt>
   <trkpt lat="65.8160920" lon="-16.3872880">
    <ele>395.5</ele>
    <time>2024-04-17T16:48:48Z</time>
   </trkpt>
   <trkpt lat="65.8160950" lon="-16.3872890">
    <ele>395.5</ele>
    <time>2024-04-17T16:48:49Z</time>
   </trkpt>
   <trkpt lat="65.8160920" lon="-16.3872870">
    <ele>395.5</ele>
    <time>2024-04-17T16:48:50Z</time>
   </trkpt>
   <trkpt lat="65.8160920" lon="-16.3872900">
    <ele>395.5</ele>
    <time>2024-04-17T16:48:51Z</time>
   </trkpt>
   <trkpt lat="65.8160880" lon="-16.3872870">
    <ele>395.5</ele>
    <time>2024-04-17T16:48:52Z</time>
   </trkpt>
   <trkpt lat="65.8160860" lon="-16.3872850">
    <ele>395.5</ele>
    <time>2024-04-17T16:48:53Z</time>
   </trkpt>
   <trkpt lat="65.8160850" lon="-16.3872900">
    <ele>395.5</ele>
    <time>2024-04-17T16:48:55Z</time>
   </trkpt>
   <trkpt lat="65.8160810" lon="-16.3872860">
    <ele>395.5</ele>
    <time>2024-04-17T16:48:56Z</time>
   </trkpt>
   <trkpt lat="65.8160870" lon="-16.3872820">
    <ele>395.5</ele>
    <time>2024-04-17T16:48:57Z</time>
   </trkpt>
   <trkpt lat="65.8160890" lon="-16.3872880">
    <ele>395.5</ele>
    <time>2024-04-17T16:48:58Z</time>
   </trkpt>
   <trkpt lat="65.8160860" lon="-16.3872930">
    <ele>395.5</ele>
    <time>2024-04-17T16:48:59Z</time>
   </trkpt>
   <trkpt lat="65.8160840" lon="-16.3872940">
    <ele>395.5</ele>
    <time>2024-04-17T16:49:00Z</time>
   </trkpt>
   <trkpt lat="65.8160850" lon="-16.3872930">
    <ele>395.5</ele>
    <time>2024-04-17T16:49:01Z</time>
   </trkpt>
   <trkpt lat="65.8160850" lon="-16.3872820">
    <ele>395.5</ele>
    <time>2024-04-17T16:49:02Z</time>
   </trkpt>
   <trkpt lat="65.8160850" lon="-16.3872840">
    <ele>395.5</ele>
    <time>2024-04-17T16:49:03Z</time>
   </trkpt>
   <trkpt lat="65.8160830" lon="-16.3872790">
    <ele>395.4</ele>
    <time>2024-04-17T16:49:04Z</time>
   </trkpt>
   <trkpt lat="65.8160820" lon="-16.3872810">
    <ele>395.4</ele>
    <time>2024-04-17T16:49:05Z</time>
   </trkpt>
   <trkpt lat="65.8160810" lon="-16.3872770">
    <ele>395.4</ele>
    <time>2024-04-17T16:49:06Z</time>
   </trkpt>
   <trkpt lat="65.8160810" lon="-16.3872750">
    <ele>395.4</ele>
    <time>2024-04-17T16:49:07Z</time>
   </trkpt>
   <trkpt lat="65.8160800" lon="-16.3872770">
    <ele>395.4</ele>
    <time>2024-04-17T16:49:08Z</time>
   </trkpt>
   <trkpt lat="65.8160800" lon="-16.3872760">
    <ele>395.4</ele>
    <time>2024-04-17T16:49:09Z</time>
   </trkpt>
   <trkpt lat="65.8160800" lon="-16.3872730">
    <ele>395.4</ele>
    <time>2024-04-17T16:49:10Z</time>
   </trkpt>
   <trkpt lat="65.8160810" lon="-16.3872810">
    <ele>395.4</ele>
    <time>2024-04-17T16:49:11Z</time>
   </trkpt>
   <trkpt lat="65.8160820" lon="-16.3872830">
    <ele>395.4</ele>
    <time>2024-04-17T16:49:12Z</time>
   </trkpt>
   <trkpt lat="65.8160820" lon="-16.3872770">
    <ele>395.4</ele>
    <time>2024-04-17T16:49:13Z</time>
   </trkpt>
   <trkpt lat="65.8160820" lon="-16.3872770">
    <ele>395.4</ele>
    <time>2024-04-17T16:49:14Z</time>
   </trkpt>
   <trkpt lat="65.8160820" lon="-16.3872770">
    <ele>395.4</ele>
    <time>2024-04-17T16:49:15Z</time>
   </trkpt>
   <trkpt lat="65.8160820" lon="-16.3872770">
    <ele>395.4</ele>
    <time>2024-04-17T16:49:16Z</time>
   </trkpt>
   <trkpt lat="65.8160820" lon="-16.3872770">
    <ele>395.4</ele>
    <time>2024-04-17T16:49:17Z</time>
   </trkpt>
   <trkpt lat="65.8160820" lon="-16.3872770">
    <ele>395.4</ele>
    <time>2024-04-17T16:49:18Z</time>
   </trkpt>
   <trkpt lat="65.8160820" lon="-16.3872770">
    <ele>395.4</ele>
    <time>2024-04-17T16:49:19Z</time>
   </trkpt>
   <trkpt lat="65.8160820" lon="-16.3872770">
    <ele>395.4</ele>
    <time>2024-04-17T16:49:20Z</time>
   </trkpt>
   <trkpt lat="65.8160820" lon="-16.3872790">
    <ele>395.4</ele>
    <time>2024-04-17T16:49:21Z</time>
   </trkpt>
   <trkpt lat="65.8160820" lon="-16.3872790">
    <ele>395.4</ele>
    <time>2024-04-17T16:49:22Z</time>
   </trkpt>
   <trkpt lat="65.8160820" lon="-16.3872790">
    <ele>395.4</ele>
    <time>2024-04-17T16:49:23Z</time>
   </trkpt>
   <trkpt lat="65.8160820" lon="-16.3872790">
    <ele>395.4</ele>
    <time>2024-04-17T16:49:24Z</time>
   </trkpt>
   <trkpt lat="65.8160820" lon="-16.3872790">
    <ele>395.4</ele>
    <time>2024-04-17T16:49:25Z</time>
   </trkpt>
   <trkpt lat="65.8160820" lon="-16.3872790">
    <ele>395.4</ele>
    <time>2024-04-17T16:49:26Z</time>
   </trkpt>
   <trkpt lat="65.8160820" lon="-16.3872790">
    <ele>395.4</ele>
    <time>2024-04-17T16:49:27Z</time>
   </trkpt>
   <trkpt lat="65.8160820" lon="-16.3872790">
    <ele>395.4</ele>
    <time>2024-04-17T16:49:28Z</time>
   </trkpt>
   <trkpt lat="65.8160820" lon="-16.3872790">
    <ele>395.4</ele>
    <time>2024-04-17T16:49:29Z</time>
   </trkpt>
   <trkpt lat="65.8160820" lon="-16.3872710">
    <ele>395.4</ele>
    <time>2024-04-17T16:49:30Z</time>
   </trkpt>
   <trkpt lat="65.8160820" lon="-16.3872690">
    <ele>395.4</ele>
    <time>2024-04-17T16:49:31Z</time>
   </trkpt>
   <trkpt lat="65.8160820" lon="-16.3872690">
    <ele>395.4</ele>
    <time>2024-04-17T16:49:32Z</time>
   </trkpt>
   <trkpt lat="65.8160820" lon="-16.3872690">
    <ele>395.4</ele>
    <time>2024-04-17T16:49:33Z</time>
   </trkpt>
   <trkpt lat="65.8160820" lon="-16.3872690">
    <ele>395.4</ele>
    <time>2024-04-17T16:49:34Z</time>
   </trkpt>
   <trkpt lat="65.8160820" lon="-16.3872690">
    <ele>395.4</ele>
    <time>2024-04-17T16:49:35Z</time>
   </trkpt>
   <trkpt lat="65.8160820" lon="-16.3872690">
    <ele>395.4</ele>
    <time>2024-04-17T16:49:36Z</time>
   </trkpt>
   <trkpt lat="65.8160800" lon="-16.3872740">
    <ele>395.4</ele>
    <time>2024-04-17T16:49:37Z</time>
   </trkpt>
   <trkpt lat="65.8160800" lon="-16.3872740">
    <ele>395.4</ele>
    <time>2024-04-17T16:49:38Z</time>
   </trkpt>
   <trkpt lat="65.8160800" lon="-16.3872720">
    <ele>395.4</ele>
    <time>2024-04-17T16:49:39Z</time>
   </trkpt>
   <trkpt lat="65.8160800" lon="-16.3872720">
    <ele>395.4</ele>
    <time>2024-04-17T16:49:40Z</time>
   </trkpt>
   <trkpt lat="65.8160810" lon="-16.3872700">
    <ele>395.4</ele>
    <time>2024-04-17T16:49:41Z</time>
   </trkpt>
   <trkpt lat="65.8160810" lon="-16.3872800">
    <ele>395.4</ele>
    <time>2024-04-17T16:49:42Z</time>
   </trkpt>
   <trkpt lat="65.8160820" lon="-16.3872880">
    <ele>395.4</ele>
    <time>2024-04-17T16:49:43Z</time>
   </trkpt>
   <trkpt lat="65.8160810" lon="-16.3872770">
    <ele>395.4</ele>
    <time>2024-04-17T16:49:44Z</time>
   </trkpt>
   <trkpt lat="65.8160910" lon="-16.3872800">
    <ele>395.4</ele>
    <time>2024-04-17T16:49:45Z</time>
   </trkpt>
   <trkpt lat="65.8160850" lon="-16.3872800">
    <ele>395.4</ele>
    <time>2024-04-17T16:49:46Z</time>
   </trkpt>
   <trkpt lat="65.8160850" lon="-16.3872810">
    <ele>395.4</ele>
    <time>2024-04-17T16:49:47Z</time>
   </trkpt>
   <trkpt lat="65.8160850" lon="-16.3872810">
    <ele>395.4</ele>
    <time>2024-04-17T16:49:48Z</time>
   </trkpt>
   <trkpt lat="65.8160820" lon="-16.3872740">
    <ele>395.4</ele>
    <time>2024-04-17T16:49:49Z</time>
   </trkpt>
   <trkpt lat="65.8160850" lon="-16.3872650">
    <ele>395.4</ele>
    <time>2024-04-17T16:49:50Z</time>
   </trkpt>
   <trkpt lat="65.8160810" lon="-16.3872640">
    <ele>395.4</ele>
    <time>2024-04-17T16:49:51Z</time>
   </trkpt>
   <trkpt lat="65.8160820" lon="-16.3872550">
    <ele>395.4</ele>
    <time>2024-04-17T16:49:52Z</time>
   </trkpt>
   <trkpt lat="65.8160820" lon="-16.3872510">
    <ele>395.4</ele>
    <time>2024-04-17T16:49:53Z</time>
   </trkpt>
   <trkpt lat="65.8160830" lon="-16.3872490">
    <ele>395.4</ele>
    <time>2024-04-17T16:49:54Z</time>
   </trkpt>
   <trkpt lat="65.8160830" lon="-16.3872490">
    <ele>395.4</ele>
    <time>2024-04-17T16:49:55Z</time>
   </trkpt>
   <trkpt lat="65.8160830" lon="-16.3872410">
    <ele>395.4</ele>
    <time>2024-04-17T16:49:56Z</time>
   </trkpt>
   <trkpt lat="65.8160830" lon="-16.3872350">
    <ele>395.4</ele>
    <time>2024-04-17T16:49:57Z</time>
   </trkpt>
   <trkpt lat="65.8160800" lon="-16.3872320">
    <ele>395.4</ele>
    <time>2024-04-17T16:49:58Z</time>
   </trkpt>
   <trkpt lat="65.8160810" lon="-16.3872310">
    <ele>395.4</ele>
    <time>2024-04-17T16:49:59Z</time>
   </trkpt>
   <trkpt lat="65.8160830" lon="-16.3872350">
    <ele>395.4</ele>
    <time>2024-04-17T16:50:00Z</time>
   </trkpt>
   <trkpt lat="65.8160840" lon="-16.3872330">
    <ele>395.4</ele>
    <time>2024-04-17T16:50:01Z</time>
   </trkpt>
   <trkpt lat="65.8160840" lon="-16.3872360">
    <ele>395.4</ele>
    <time>2024-04-17T16:50:02Z</time>
   </trkpt>
   <trkpt lat="65.8160840" lon="-16.3872390">
    <ele>395.4</ele>
    <time>2024-04-17T16:50:03Z</time>
   </trkpt>
   <trkpt lat="65.8160890" lon="-16.3872270">
    <ele>395.4</ele>
    <time>2024-04-17T16:50:04Z</time>
   </trkpt>
   <trkpt lat="65.8160880" lon="-16.3872360">
    <ele>395.4</ele>
    <time>2024-04-17T16:50:05Z</time>
   </trkpt>
   <trkpt lat="65.8160820" lon="-16.3872360">
    <ele>395.4</ele>
    <time>2024-04-17T16:50:06Z</time>
   </trkpt>
   <trkpt lat="65.8160820" lon="-16.3872360">
    <ele>395.4</ele>
    <time>2024-04-17T16:50:07Z</time>
   </trkpt>
   <trkpt lat="65.8160850" lon="-16.3872660">
    <ele>395.3</ele>
    <time>2024-04-17T16:50:08Z</time>
   </trkpt>
   <trkpt lat="65.8160840" lon="-16.3872700">
    <ele>395.3</ele>
    <time>2024-04-17T16:50:09Z</time>
   </trkpt>
   <trkpt lat="65.8160800" lon="-16.3872650">
    <ele>395.3</ele>
    <time>2024-04-17T16:50:10Z</time>
   </trkpt>
   <trkpt lat="65.8160800" lon="-16.3872660">
    <ele>395.3</ele>
    <time>2024-04-17T16:50:11Z</time>
   </trkpt>
   <trkpt lat="65.8160800" lon="-16.3872660">
    <ele>395.3</ele>
    <time>2024-04-17T16:50:12Z</time>
   </trkpt>
   <trkpt lat="65.8160800" lon="-16.3872730">
    <ele>395.3</ele>
    <time>2024-04-17T16:50:13Z</time>
   </trkpt>
   <trkpt lat="65.8160810" lon="-16.3872750">
    <ele>395.3</ele>
    <time>2024-04-17T16:50:14Z</time>
   </trkpt>
   <trkpt lat="65.8160790" lon="-16.3872750">
    <ele>395.3</ele>
    <time>2024-04-17T16:50:15Z</time>
   </trkpt>
   <trkpt lat="65.8160780" lon="-16.3872780">
    <ele>395.3</ele>
    <time>2024-04-17T16:50:16Z</time>
   </trkpt>
   <trkpt lat="65.8160780" lon="-16.3872800">
    <ele>395.3</ele>
    <time>2024-04-17T16:50:17Z</time>
   </trkpt>
   <trkpt lat="65.8160790" lon="-16.3872840">
    <ele>395.3</ele>
    <time>2024-04-17T16:50:18Z</time>
   </trkpt>
   <trkpt lat="65.8160810" lon="-16.3872820">
    <ele>395.3</ele>
    <time>2024-04-17T16:50:19Z</time>
   </trkpt>
   <trkpt lat="65.8160820" lon="-16.3872850">
    <ele>395.3</ele>
    <time>2024-04-17T16:50:20Z</time>
   </trkpt>
   <trkpt lat="65.8160800" lon="-16.3872860">
    <ele>395.3</ele>
    <time>2024-04-17T16:50:21Z</time>
   </trkpt>
   <trkpt lat="65.8160830" lon="-16.3872840">
    <ele>395.3</ele>
    <time>2024-04-17T16:50:22Z</time>
   </trkpt>
   <trkpt lat="65.8160840" lon="-16.3872780">
    <ele>395.3</ele>
    <time>2024-04-17T16:50:23Z</time>
   </trkpt>
   <trkpt lat="65.8160900" lon="-16.3872780">
    <ele>395.3</ele>
    <time>2024-04-17T16:50:24Z</time>
   </trkpt>
   <trkpt lat="65.8160920" lon="-16.3872770">
    <ele>395.3</ele>
    <time>2024-04-17T16:50:25Z</time>
   </trkpt>
   <trkpt lat="65.8160910" lon="-16.3872750">
    <ele>395.3</ele>
    <time>2024-04-17T16:50:26Z</time>
   </trkpt>
   <trkpt lat="65.8160930" lon="-16.3872790">
    <ele>395.3</ele>
    <time>2024-04-17T16:50:27Z</time>
   </trkpt>
   <trkpt lat="65.8160970" lon="-16.3872910">
    <ele>395.3</ele>
    <time>2024-04-17T16:50:28Z</time>
   </trkpt>
   <trkpt lat="65.8161010" lon="-16.3872950">
    <ele>395.3</ele>
    <time>2024-04-17T16:50:29Z</time>
   </trkpt>
   <trkpt lat="65.8161030" lon="-16.3873000">
    <ele>395.3</ele>
    <time>2024-04-17T16:50:30Z</time>
   </trkpt>
   <trkpt lat="65.8161020" lon="-16.3873040">
    <ele>395.3</ele>
    <time>2024-04-17T16:50:31Z</time>
   </trkpt>
   <trkpt lat="65.8161010" lon="-16.3872920">
    <ele>395.3</ele>
    <time>2024-04-17T16:50:32Z</time>
   </trkpt>
   <trkpt lat="65.8161040" lon="-16.3872850">
    <ele>395.2</ele>
    <time>2024-04-17T16:50:33Z</time>
   </trkpt>
   <trkpt lat="65.8161070" lon="-16.3872800">
    <ele>395.2</ele>
    <time>2024-04-17T16:50:34Z</time>
   </trkpt>
   <trkpt lat="65.8161060" lon="-16.3872750">
    <ele>395.2</ele>
    <time>2024-04-17T16:50:35Z</time>
   </trkpt>
   <trkpt lat="65.8161090" lon="-16.3872720">
    <ele>395.2</ele>
    <time>2024-04-17T16:50:36Z</time>
   </trkpt>
   <trkpt lat="65.8161110" lon="-16.3872670">
    <ele>395.2</ele>
    <time>2024-04-17T16:50:37Z</time>
   </trkpt>
   <trkpt lat="65.8161120" lon="-16.3872640">
    <ele>395.2</ele>
    <time>2024-04-17T16:50:38Z</time>
   </trkpt>
   <trkpt lat="65.8161120" lon="-16.3872600">
    <ele>395.2</ele>
    <time>2024-04-17T16:50:39Z</time>
   </trkpt>
   <trkpt lat="65.8161100" lon="-16.3872510">
    <ele>395.2</ele>
    <time>2024-04-17T16:50:40Z</time>
   </trkpt>
   <trkpt lat="65.8161170" lon="-16.3872420">
    <ele>395.2</ele>
    <time>2024-04-17T16:50:41Z</time>
   </trkpt>
   <trkpt lat="65.8161120" lon="-16.3872640">
    <ele>395.2</ele>
    <time>2024-04-17T16:50:42Z</time>
   </trkpt>
   <trkpt lat="65.8161100" lon="-16.3872730">
    <ele>395.2</ele>
    <time>2024-04-17T16:50:43Z</time>
   </trkpt>
   <trkpt lat="65.8161020" lon="-16.3872840">
    <ele>395.3</ele>
    <time>2024-04-17T16:50:44Z</time>
   </trkpt>
   <trkpt lat="65.8160990" lon="-16.3872910">
    <ele>395.3</ele>
    <time>2024-04-17T16:50:45Z</time>
   </trkpt>
   <trkpt lat="65.8160970" lon="-16.3872980">
    <ele>395.3</ele>
    <time>2024-04-17T16:50:46Z</time>
   </trkpt>
   <trkpt lat="65.8160940" lon="-16.3872950">
    <ele>395.3</ele>
    <time>2024-04-17T16:50:47Z</time>
   </trkpt>
   <trkpt lat="65.8160950" lon="-16.3872910">
    <ele>395.3</ele>
    <time>2024-04-17T16:50:48Z</time>
   </trkpt>
   <trkpt lat="65.8160940" lon="-16.3873010">
    <ele>395.3</ele>
    <time>2024-04-17T16:50:49Z</time>
   </trkpt>
   <trkpt lat="65.8160890" lon="-16.3872980">
    <ele>395.3</ele>
    <time>2024-04-17T16:50:50Z</time>
   </trkpt>
   <trkpt lat="65.8160900" lon="-16.3872980">
    <ele>395.3</ele>
    <time>2024-04-17T16:50:51Z</time>
   </trkpt>
   <trkpt lat="65.8160890" lon="-16.3872940">
    <ele>395.3</ele>
    <time>2024-04-17T16:50:52Z</time>
   </trkpt>
   <trkpt lat="65.8160870" lon="-16.3872890">
    <ele>395.3</ele>
    <time>2024-04-17T16:50:53Z</time>
   </trkpt>
   <trkpt lat="65.8160870" lon="-16.3872890">
    <ele>395.3</ele>
    <time>2024-04-17T16:50:55Z</time>
   </trkpt>
   <trkpt lat="65.8160860" lon="-16.3872910">
    <ele>395.3</ele>
    <time>2024-04-17T16:50:56Z</time>
   </trkpt>
   <trkpt lat="65.8160880" lon="-16.3872830">
    <ele>395.3</ele>
    <time>2024-04-17T16:50:57Z</time>
   </trkpt>
   <trkpt lat="65.8160880" lon="-16.3872800">
    <ele>395.3</ele>
    <time>2024-04-17T16:50:58Z</time>
   </trkpt>
   <trkpt lat="65.8160860" lon="-16.3872780">
    <ele>395.3</ele>
    <time>2024-04-17T16:50:59Z</time>
   </trkpt>
   <trkpt lat="65.8160840" lon="-16.3872840">
    <ele>395.3</ele>
    <time>2024-04-17T16:51:00Z</time>
   </trkpt>
   <trkpt lat="65.8160820" lon="-16.3872790">
    <ele>395.3</ele>
    <time>2024-04-17T16:51:01Z</time>
   </trkpt>
   <trkpt lat="65.8160830" lon="-16.3872740">
    <ele>395.3</ele>
    <time>2024-04-17T16:51:02Z</time>
   </trkpt>
   <trkpt lat="65.8160830" lon="-16.3872740">
    <ele>395.3</ele>
    <time>2024-04-17T16:51:03Z</time>
   </trkpt>
   <trkpt lat="65.8160830" lon="-16.3872740">
    <ele>395.3</ele>
    <time>2024-04-17T16:51:04Z</time>
   </trkpt>
   <trkpt lat="65.8160830" lon="-16.3872740">
    <ele>395.3</ele>
    <time>2024-04-17T16:51:05Z</time>
   </trkpt>
   <trkpt lat="65.8160830" lon="-16.3872740">
    <ele>395.3</ele>
    <time>2024-04-17T16:51:06Z</time>
   </trkpt>
   <trkpt lat="65.8160830" lon="-16.3872740">
    <ele>395.3</ele>
    <time>2024-04-17T16:51:07Z</time>
   </trkpt>
   <trkpt lat="65.8160830" lon="-16.3872740">
    <ele>395.3</ele>
    <time>2024-04-17T16:51:08Z</time>
   </trkpt>
   <trkpt lat="65.8160830" lon="-16.3872740">
    <ele>395.3</ele>
    <time>2024-04-17T16:51:09Z</time>
   </trkpt>
   <trkpt lat="65.8160830" lon="-16.3872740">
    <ele>395.3</ele>
    <time>2024-04-17T16:51:10Z</time>
   </trkpt>
   <trkpt lat="65.8160830" lon="-16.3872740">
    <ele>395.3</ele>
    <time>2024-04-17T16:51:11Z</time>
   </trkpt>
   <trkpt lat="65.8160830" lon="-16.3872740">
    <ele>395.3</ele>
    <time>2024-04-17T16:51:12Z</time>
   </trkpt>
   <trkpt lat="65.8160830" lon="-16.3872740">
    <ele>395.3</ele>
    <time>2024-04-17T16:51:13Z</time>
   </trkpt>
   <trkpt lat="65.8160830" lon="-16.3872740">
    <ele>395.3</ele>
    <time>2024-04-17T16:51:14Z</time>
   </trkpt>
   <trkpt lat="65.8160780" lon="-16.3873090">
    <ele>395.4</ele>
    <time>2024-04-17T16:51:15Z</time>
   </trkpt>
   <trkpt lat="65.8160780" lon="-16.3873090">
    <ele>395.4</ele>
    <time>2024-04-17T16:51:16Z</time>
   </trkpt>
   <trkpt lat="65.8160690" lon="-16.3873200">
    <ele>395.4</ele>
    <time>2024-04-17T16:51:17Z</time>
   </trkpt>
   <trkpt lat="65.8160740" lon="-16.3873290">
    <ele>395.4</ele>
    <time>2024-04-17T16:51:18Z</time>
   </trkpt>
   <trkpt lat="65.8160780" lon="-16.3873320">
    <ele>395.4</ele>
    <time>2024-04-17T16:51:19Z</time>
   </trkpt>
   <trkpt lat="65.8160780" lon="-16.3873320">
    <ele>395.4</ele>
    <time>2024-04-17T16:51:20Z</time>
   </trkpt>
   <trkpt lat="65.8160780" lon="-16.3873320">
    <ele>395.4</ele>
    <time>2024-04-17T16:51:21Z</time>
   </trkpt>
   <trkpt lat="65.8160780" lon="-16.3873320">
    <ele>395.4</ele>
    <time>2024-04-17T16:51:22Z</time>
   </trkpt>
   <trkpt lat="65.8160780" lon="-16.3873320">
    <ele>395.4</ele>
    <time>2024-04-17T16:51:23Z</time>
   </trkpt>
   <trkpt lat="65.8160780" lon="-16.3873320">
    <ele>395.4</ele>
    <time>2024-04-17T16:51:24Z</time>
   </trkpt>
   <trkpt lat="65.8160780" lon="-16.3873320">
    <ele>395.4</ele>
    <time>2024-04-17T16:51:25Z</time>
   </trkpt>
   <trkpt lat="65.8160780" lon="-16.3873320">
    <ele>395.4</ele>
    <time>2024-04-17T16:51:26Z</time>
   </trkpt>
   <trkpt lat="65.8160780" lon="-16.3873320">
    <ele>395.4</ele>
    <time>2024-04-17T16:51:27Z</time>
   </trkpt>
   <trkpt lat="65.8160780" lon="-16.3873320">
    <ele>395.4</ele>
    <time>2024-04-17T16:51:28Z</time>
   </trkpt>
   <trkpt lat="65.8160780" lon="-16.3873320">
    <ele>395.4</ele>
    <time>2024-04-17T16:51:29Z</time>
   </trkpt>
   <trkpt lat="65.8160780" lon="-16.3873320">
    <ele>395.4</ele>
    <time>2024-04-17T16:51:30Z</time>
   </trkpt>
   <trkpt lat="65.8160780" lon="-16.3873320">
    <ele>395.4</ele>
    <time>2024-04-17T16:51:31Z</time>
   </trkpt>
   <trkpt lat="65.8160780" lon="-16.3873320">
    <ele>395.4</ele>
    <time>2024-04-17T16:51:32Z</time>
   </trkpt>
   <trkpt lat="65.8160780" lon="-16.3873320">
    <ele>395.4</ele>
    <time>2024-04-17T16:51:33Z</time>
   </trkpt>
   <trkpt lat="65.8160780" lon="-16.3873320">
    <ele>395.4</ele>
    <time>2024-04-17T16:51:34Z</time>
   </trkpt>
   <trkpt lat="65.8160780" lon="-16.3873320">
    <ele>395.4</ele>
    <time>2024-04-17T16:51:35Z</time>
   </trkpt>
   <trkpt lat="65.8160780" lon="-16.3873320">
    <ele>395.4</ele>
    <time>2024-04-17T16:51:36Z</time>
   </trkpt>
   <trkpt lat="65.8160780" lon="-16.3873320">
    <ele>395.4</ele>
    <time>2024-04-17T16:51:37Z</time>
   </trkpt>
   <trkpt lat="65.8160780" lon="-16.3873320">
    <ele>395.4</ele>
    <time>2024-04-17T16:51:38Z</time>
   </trkpt>
   <trkpt lat="65.8160780" lon="-16.3873320">
    <ele>395.4</ele>
    <time>2024-04-17T16:51:39Z</time>
   </trkpt>
   <trkpt lat="65.8160780" lon="-16.3873320">
    <ele>395.4</ele>
    <time>2024-04-17T16:51:40Z</time>
   </trkpt>
   <trkpt lat="65.8160780" lon="-16.3873320">
    <ele>395.4</ele>
    <time>2024-04-17T16:51:41Z</time>
   </trkpt>
   <trkpt lat="65.8160780" lon="-16.3873320">
    <ele>395.4</ele>
    <time>2024-04-17T16:51:42Z</time>
   </trkpt>
   <trkpt lat="65.8160880" lon="-16.3872950">
    <ele>395.4</ele>
    <time>2024-04-17T16:51:43Z</time>
   </trkpt>
   <trkpt lat="65.8160920" lon="-16.3872960">
    <ele>395.4</ele>
    <time>2024-04-17T16:51:44Z</time>
   </trkpt>
   <trkpt lat="65.8160920" lon="-16.3872840">
    <ele>395.4</ele>
    <time>2024-04-17T16:51:45Z</time>
   </trkpt>
   <trkpt lat="65.8161030" lon="-16.3873020">
    <ele>395.4</ele>
    <time>2024-04-17T16:51:46Z</time>
   </trkpt>
   <trkpt lat="65.8161000" lon="-16.3873170">
    <ele>395.4</ele>
    <time>2024-04-17T16:51:47Z</time>
   </trkpt>
   <trkpt lat="65.8160980" lon="-16.3873170">
    <ele>395.5</ele>
    <time>2024-04-17T16:51:48Z</time>
   </trkpt>
   <trkpt lat="65.8160900" lon="-16.3873050">
    <ele>395.5</ele>
    <time>2024-04-17T16:51:49Z</time>
   </trkpt>
   <trkpt lat="65.8160930" lon="-16.3873100">
    <ele>395.5</ele>
    <time>2024-04-17T16:51:50Z</time>
   </trkpt>
   <trkpt lat="65.8160880" lon="-16.3873100">
    <ele>395.5</ele>
    <time>2024-04-17T16:51:51Z</time>
   </trkpt>
   <trkpt lat="65.8160770" lon="-16.3872930">
    <ele>395.5</ele>
    <time>2024-04-17T16:51:52Z</time>
   </trkpt>
   <trkpt lat="65.8160790" lon="-16.3872910">
    <ele>395.5</ele>
    <time>2024-04-17T16:51:53Z</time>
   </trkpt>
   <trkpt lat="65.8160900" lon="-16.3873050">
    <ele>395.5</ele>
    <time>2024-04-17T16:51:54Z</time>
   </trkpt>
   <trkpt lat="65.8160910" lon="-16.3873080">
    <ele>395.5</ele>
    <time>2024-04-17T16:51:55Z</time>
   </trkpt>
   <trkpt lat="65.8160860" lon="-16.3873230">
    <ele>395.5</ele>
    <time>2024-04-17T16:51:56Z</time>
   </trkpt>
   <trkpt lat="65.8160810" lon="-16.3873460">
    <ele>395.5</ele>
    <time>2024-04-17T16:51:57Z</time>
   </trkpt>
   <trkpt lat="65.8160840" lon="-16.3873370">
    <ele>395.5</ele>
    <time>2024-04-17T16:51:58Z</time>
   </trkpt>
   <trkpt lat="65.8160910" lon="-16.3873450">
    <ele>395.5</ele>
    <time>2024-04-17T16:51:59Z</time>
   </trkpt>
   <trkpt lat="65.8160950" lon="-16.3873410">
    <ele>395.5</ele>
    <time>2024-04-17T16:52:00Z</time>
   </trkpt>
   <trkpt lat="65.8160930" lon="-16.3873380">
    <ele>395.5</ele>
    <time>2024-04-17T16:52:01Z</time>
   </trkpt>
   <trkpt lat="65.8160870" lon="-16.3873340">
    <ele>395.6</ele>
    <time>2024-04-17T16:52:02Z</time>
   </trkpt>
   <trkpt lat="65.8160840" lon="-16.3873120">
    <ele>395.6</ele>
    <time>2024-04-17T16:52:03Z</time>
   </trkpt>
   <trkpt lat="65.8160900" lon="-16.3873090">
    <ele>395.6</ele>
    <time>2024-04-17T16:52:04Z</time>
   </trkpt>
   <trkpt lat="65.8160900" lon="-16.3872970">
    <ele>395.6</ele>
    <time>2024-04-17T16:52:05Z</time>
   </trkpt>
   <trkpt lat="65.8160900" lon="-16.3872920">
    <ele>395.6</ele>
    <time>2024-04-17T16:52:06Z</time>
   </trkpt>
   <trkpt lat="65.8160890" lon="-16.3872900">
    <ele>395.6</ele>
    <time>2024-04-17T16:52:07Z</time>
   </trkpt>
   <trkpt lat="65.8160910" lon="-16.3872890">
    <ele>395.6</ele>
    <time>2024-04-17T16:52:08Z</time>
   </trkpt>
   <trkpt lat="65.8160890" lon="-16.3872940">
    <ele>395.6</ele>
    <time>2024-04-17T16:52:09Z</time>
   </trkpt>
   <trkpt lat="65.8160880" lon="-16.3872940">
    <ele>395.6</ele>
    <time>2024-04-17T16:52:10Z</time>
   </trkpt>
   <trkpt lat="65.8160870" lon="-16.3872980">
    <ele>395.6</ele>
    <time>2024-04-17T16:52:11Z</time>
   </trkpt>
   <trkpt lat="65.8160850" lon="-16.3872850">
    <ele>395.6</ele>
    <time>2024-04-17T16:52:12Z</time>
   </trkpt>
   <trkpt lat="65.8160860" lon="-16.3872800">
    <ele>395.6</ele>
    <time>2024-04-17T16:52:13Z</time>
   </trkpt>
   <trkpt lat="65.8160860" lon="-16.3872780">
    <ele>395.6</ele>
    <time>2024-04-17T16:52:14Z</time>
   </trkpt>
   <trkpt lat="65.8160860" lon="-16.3872780">
    <ele>395.6</ele>
    <time>2024-04-17T16:52:15Z</time>
   </trkpt>
   <trkpt lat="65.8160860" lon="-16.3872780">
    <ele>395.6</ele>
    <time>2024-04-17T16:52:16Z</time>
   </trkpt>
   <trkpt lat="65.8160860" lon="-16.3872770">
    <ele>395.6</ele>
    <time>2024-04-17T16:52:17Z</time>
   </trkpt>
   <trkpt lat="65.8160830" lon="-16.3873160">
    <ele>395.6</ele>
    <time>2024-04-17T16:52:18Z</time>
   </trkpt>
   <trkpt lat="65.8160800" lon="-16.3872820">
    <ele>395.6</ele>
    <time>2024-04-17T16:52:19Z</time>
   </trkpt>
   <trkpt lat="65.8160820" lon="-16.3873020">
    <ele>395.6</ele>
    <time>2024-04-17T16:52:20Z</time>
   </trkpt>
   <trkpt lat="65.8160770" lon="-16.3872940">
    <ele>395.6</ele>
    <time>2024-04-17T16:52:21Z</time>
   </trkpt>
   <trkpt lat="65.8160820" lon="-16.3872950">
    <ele>395.6</ele>
    <time>2024-04-17T16:52:22Z</time>
   </trkpt>
   <trkpt lat="65.8160820" lon="-16.3872990">
    <ele>395.6</ele>
    <time>2024-04-17T16:52:23Z</time>
   </trkpt>
   <trkpt lat="65.8160800" lon="-16.3872870">
    <ele>395.6</ele>
    <time>2024-04-17T16:52:24Z</time>
   </trkpt>
   <trkpt lat="65.8160800" lon="-16.3872850">
    <ele>395.6</ele>
    <time>2024-04-17T16:52:25Z</time>
   </trkpt>
   <trkpt lat="65.8160780" lon="-16.3872860">
    <ele>395.6</ele>
    <time>2024-04-17T16:52:26Z</time>
   </trkpt>
   <trkpt lat="65.8160790" lon="-16.3872870">
    <ele>395.6</ele>
    <time>2024-04-17T16:52:27Z</time>
   </trkpt>
   <trkpt lat="65.8160790" lon="-16.3872870">
    <ele>395.6</ele>
    <time>2024-04-17T16:52:28Z</time>
   </trkpt>
   <trkpt lat="65.8160790" lon="-16.3872870">
    <ele>395.6</ele>
    <time>2024-04-17T16:52:29Z</time>
   </trkpt>
   <trkpt lat="65.8160790" lon="-16.3872870">
    <ele>395.6</ele>
    <time>2024-04-17T16:52:30Z</time>
   </trkpt>
   <trkpt lat="65.8160770" lon="-16.3872810">
    <ele>395.6</ele>
    <time>2024-04-17T16:52:32Z</time>
   </trkpt>
   <trkpt lat="65.8160760" lon="-16.3872820">
    <ele>395.6</ele>
    <time>2024-04-17T16:52:33Z</time>
   </trkpt>
   <trkpt lat="65.8160780" lon="-16.3872760">
    <ele>395.6</ele>
    <time>2024-04-17T16:52:34Z</time>
   </trkpt>
   <trkpt lat="65.8160770" lon="-16.3872720">
    <ele>395.6</ele>
    <time>2024-04-17T16:52:35Z</time>
   </trkpt>
   <trkpt lat="65.8160790" lon="-16.3872700">
    <ele>395.6</ele>
    <time>2024-04-17T16:52:36Z</time>
   </trkpt>
   <trkpt lat="65.8160790" lon="-16.3872700">
    <ele>395.6</ele>
    <time>2024-04-17T16:52:37Z</time>
   </trkpt>
   <trkpt lat="65.8160790" lon="-16.3872700">
    <ele>395.6</ele>
    <time>2024-04-17T16:52:38Z</time>
   </trkpt>
   <trkpt lat="65.8160810" lon="-16.3872700">
    <ele>395.6</ele>
    <time>2024-04-17T16:52:39Z</time>
   </trkpt>
   <trkpt lat="65.8160820" lon="-16.3872700">
    <ele>395.6</ele>
    <time>2024-04-17T16:52:40Z</time>
   </trkpt>
   <trkpt lat="65.8160830" lon="-16.3872700">
    <ele>395.6</ele>
    <time>2024-04-17T16:52:41Z</time>
   </trkpt>
   <trkpt lat="65.8160830" lon="-16.3872700">
    <ele>395.6</ele>
    <time>2024-04-17T16:52:42Z</time>
   </trkpt>
   <trkpt lat="65.8160830" lon="-16.3872700">
    <ele>395.6</ele>
    <time>2024-04-17T16:52:43Z</time>
   </trkpt>
   <trkpt lat="65.8160830" lon="-16.3872700">
    <ele>395.6</ele>
    <time>2024-04-17T16:52:44Z</time>
   </trkpt>
   <trkpt lat="65.8160830" lon="-16.3872700">
    <ele>395.6</ele>
    <time>2024-04-17T16:52:45Z</time>
   </trkpt>
   <trkpt lat="65.8160830" lon="-16.3872700">
    <ele>395.6</ele>
    <time>2024-04-17T16:52:46Z</time>
   </trkpt>
   <trkpt lat="65.8160830" lon="-16.3872700">
    <ele>395.6</ele>
    <time>2024-04-17T16:52:47Z</time>
   </trkpt>
   <trkpt lat="65.8160830" lon="-16.3872700">
    <ele>395.6</ele>
    <time>2024-04-17T16:52:48Z</time>
   </trkpt>
   <trkpt lat="65.8160830" lon="-16.3872700">
    <ele>395.6</ele>
    <time>2024-04-17T16:52:49Z</time>
   </trkpt>
   <trkpt lat="65.8160830" lon="-16.3872700">
    <ele>395.6</ele>
    <time>2024-04-17T16:52:50Z</time>
   </trkpt>
   <trkpt lat="65.8160830" lon="-16.3872700">
    <ele>395.6</ele>
    <time>2024-04-17T16:52:51Z</time>
   </trkpt>
   <trkpt lat="65.8160830" lon="-16.3872700">
    <ele>395.6</ele>
    <time>2024-04-17T16:52:52Z</time>
   </trkpt>
   <trkpt lat="65.8160830" lon="-16.3872700">
    <ele>395.6</ele>
    <time>2024-04-17T16:52:53Z</time>
   </trkpt>
   <trkpt lat="65.8160830" lon="-16.3872700">
    <ele>395.6</ele>
    <time>2024-04-17T16:52:54Z</time>
   </trkpt>
   <trkpt lat="65.8160880" lon="-16.3872670">
    <ele>395.6</ele>
    <time>2024-04-17T16:52:55Z</time>
   </trkpt>
   <trkpt lat="65.8160860" lon="-16.3872660">
    <ele>395.6</ele>
    <time>2024-04-17T16:52:56Z</time>
   </trkpt>
   <trkpt lat="65.8160860" lon="-16.3872650">
    <ele>395.6</ele>
    <time>2024-04-17T16:52:57Z</time>
   </trkpt>
   <trkpt lat="65.8160850" lon="-16.3872680">
    <ele>395.6</ele>
    <time>2024-04-17T16:52:58Z</time>
   </trkpt>
   <trkpt lat="65.8160850" lon="-16.3872680">
    <ele>395.6</ele>
    <time>2024-04-17T16:52:59Z</time>
   </trkpt>
   <trkpt lat="65.8160850" lon="-16.3872680">
    <ele>395.6</ele>
    <time>2024-04-17T16:53:00Z</time>
   </trkpt>
   <trkpt lat="65.8160850" lon="-16.3872680">
    <ele>395.6</ele>
    <time>2024-04-17T16:53:01Z</time>
   </trkpt>
   <trkpt lat="65.8160850" lon="-16.3872680">
    <ele>395.6</ele>
    <time>2024-04-17T16:53:02Z</time>
   </trkpt>
   <trkpt lat="65.8160850" lon="-16.3872680">
    <ele>395.6</ele>
    <time>2024-04-17T16:53:03Z</time>
   </trkpt>
   <trkpt lat="65.8160850" lon="-16.3872680">
    <ele>395.6</ele>
    <time>2024-04-17T16:53:04Z</time>
   </trkpt>
   <trkpt lat="65.8160850" lon="-16.3872680">
    <ele>395.6</ele>
    <time>2024-04-17T16:53:05Z</time>
   </trkpt>
   <trkpt lat="65.8160850" lon="-16.3872680">
    <ele>395.6</ele>
    <time>2024-04-17T16:53:06Z</time>
   </trkpt>
   <trkpt lat="65.8160850" lon="-16.3872680">
    <ele>395.6</ele>
    <time>2024-04-17T16:53:07Z</time>
   </trkpt>
   <trkpt lat="65.8160850" lon="-16.3872680">
    <ele>395.6</ele>
    <time>2024-04-17T16:53:08Z</time>
   </trkpt>
   <trkpt lat="65.8160850" lon="-16.3872680">
    <ele>395.6</ele>
    <time>2024-04-17T16:53:09Z</time>
   </trkpt>
   <trkpt lat="65.8160850" lon="-16.3872680">
    <ele>395.6</ele>
    <time>2024-04-17T16:53:10Z</time>
   </trkpt>
   <trkpt lat="65.8160850" lon="-16.3872680">
    <ele>395.6</ele>
    <time>2024-04-17T16:53:11Z</time>
   </trkpt>
   <trkpt lat="65.8160850" lon="-16.3872680">
    <ele>395.6</ele>
    <time>2024-04-17T16:53:12Z</time>
   </trkpt>
   <trkpt lat="65.8160850" lon="-16.3872680">
    <ele>395.6</ele>
    <time>2024-04-17T16:53:13Z</time>
   </trkpt>
   <trkpt lat="65.8160850" lon="-16.3872680">
    <ele>395.6</ele>
    <time>2024-04-17T16:53:14Z</time>
   </trkpt>
   <trkpt lat="65.8160850" lon="-16.3872680">
    <ele>395.6</ele>
    <time>2024-04-17T16:53:15Z</time>
   </trkpt>
   <trkpt lat="65.8160850" lon="-16.3872680">
    <ele>395.6</ele>
    <time>2024-04-17T16:53:16Z</time>
   </trkpt>
   <trkpt lat="65.8160850" lon="-16.3872680">
    <ele>395.6</ele>
    <time>2024-04-17T16:53:17Z</time>
   </trkpt>
   <trkpt lat="65.8160850" lon="-16.3872680">
    <ele>395.6</ele>
    <time>2024-04-17T16:53:18Z</time>
   </trkpt>
   <trkpt lat="65.8160850" lon="-16.3872680">
    <ele>395.6</ele>
    <time>2024-04-17T16:53:19Z</time>
   </trkpt>
   <trkpt lat="65.8160850" lon="-16.3872680">
    <ele>395.6</ele>
    <time>2024-04-17T16:53:20Z</time>
   </trkpt>
   <trkpt lat="65.8160850" lon="-16.3872680">
    <ele>395.6</ele>
    <time>2024-04-17T16:53:21Z</time>
   </trkpt>
   <trkpt lat="65.8160850" lon="-16.3872680">
    <ele>395.6</ele>
    <time>2024-04-17T16:53:22Z</time>
   </trkpt>
   <trkpt lat="65.8160850" lon="-16.3872680">
    <ele>395.6</ele>
    <time>2024-04-17T16:53:23Z</time>
   </trkpt>
   <trkpt lat="65.8160850" lon="-16.3872680">
    <ele>395.6</ele>
    <time>2024-04-17T16:53:24Z</time>
   </trkpt>
   <trkpt lat="65.8160800" lon="-16.3872300">
    <ele>395.6</ele>
    <time>2024-04-17T16:53:25Z</time>
   </trkpt>
   <trkpt lat="65.8160820" lon="-16.3872310">
    <ele>395.6</ele>
    <time>2024-04-17T16:53:26Z</time>
   </trkpt>
   <trkpt lat="65.8160820" lon="-16.3872310">
    <ele>395.6</ele>
    <time>2024-04-17T16:53:27Z</time>
   </trkpt>
   <trkpt lat="65.8160820" lon="-16.3872310">
    <ele>395.6</ele>
    <time>2024-04-17T16:53:28Z</time>
   </trkpt>
   <trkpt lat="65.8160820" lon="-16.3872330">
    <ele>395.6</ele>
    <time>2024-04-17T16:53:29Z</time>
   </trkpt>
   <trkpt lat="65.8160830" lon="-16.3872350">
    <ele>395.6</ele>
    <time>2024-04-17T16:53:30Z</time>
   </trkpt>
   <trkpt lat="65.8160830" lon="-16.3872350">
    <ele>395.6</ele>
    <time>2024-04-17T16:53:31Z</time>
   </trkpt>
   <trkpt lat="65.8160830" lon="-16.3872350">
    <ele>395.6</ele>
    <time>2024-04-17T16:53:32Z</time>
   </trkpt>
   <trkpt lat="65.8160830" lon="-16.3872350">
    <ele>395.6</ele>
    <time>2024-04-17T16:53:33Z</time>
   </trkpt>
   <trkpt lat="65.8160830" lon="-16.3872350">
    <ele>395.6</ele>
    <time>2024-04-17T16:53:34Z</time>
   </trkpt>
   <trkpt lat="65.8160830" lon="-16.3872350">
    <ele>395.6</ele>
    <time>2024-04-17T16:53:35Z</time>
   </trkpt>
   <trkpt lat="65.8160830" lon="-16.3872350">
    <ele>395.6</ele>
    <time>2024-04-17T16:53:36Z</time>
   </trkpt>
   <trkpt lat="65.8160830" lon="-16.3872350">
    <ele>395.6</ele>
    <time>2024-04-17T16:53:37Z</time>
   </trkpt>
   <trkpt lat="65.8160830" lon="-16.3872350">
    <ele>395.6</ele>
    <time>2024-04-17T16:53:38Z</time>
   </trkpt>
   <trkpt lat="65.8160830" lon="-16.3872350">
    <ele>395.6</ele>
    <time>2024-04-17T16:53:39Z</time>
   </trkpt>
   <trkpt lat="65.8160830" lon="-16.3872350">
    <ele>395.6</ele>
    <time>2024-04-17T16:53:40Z</time>
   </trkpt>
   <trkpt lat="65.8160830" lon="-16.3872350">
    <ele>395.6</ele>
    <time>2024-04-17T16:53:41Z</time>
   </trkpt>
   <trkpt lat="65.8160830" lon="-16.3872350">
    <ele>395.6</ele>
    <time>2024-04-17T16:53:42Z</time>
   </trkpt>
   <trkpt lat="65.8160830" lon="-16.3872350">
    <ele>395.6</ele>
    <time>2024-04-17T16:53:43Z</time>
   </trkpt>
   <trkpt lat="65.8160830" lon="-16.3872350">
    <ele>395.6</ele>
    <time>2024-04-17T16:53:44Z</time>
   </trkpt>
   <trkpt lat="65.8160830" lon="-16.3872350">
    <ele>395.6</ele>
    <time>2024-04-17T16:53:45Z</time>
   </trkpt>
   <trkpt lat="65.8160830" lon="-16.3872350">
    <ele>395.6</ele>
    <time>2024-04-17T16:53:46Z</time>
   </trkpt>
   <trkpt lat="65.8160830" lon="-16.3872350">
    <ele>395.6</ele>
    <time>2024-04-17T16:53:47Z</time>
   </trkpt>
   <trkpt lat="65.8160830" lon="-16.3872350">
    <ele>395.6</ele>
    <time>2024-04-17T16:53:48Z</time>
   </trkpt>
   <trkpt lat="65.8160830" lon="-16.3872350">
    <ele>395.6</ele>
    <time>2024-04-17T16:53:49Z</time>
   </trkpt>
   <trkpt lat="65.8160830" lon="-16.3872350">
    <ele>395.6</ele>
    <time>2024-04-17T16:53:50Z</time>
   </trkpt>
   <trkpt lat="65.8160830" lon="-16.3872350">
    <ele>395.6</ele>
    <time>2024-04-17T16:53:51Z</time>
   </trkpt>
   <trkpt lat="65.8160830" lon="-16.3872350">
    <ele>395.6</ele>
    <time>2024-04-17T16:53:52Z</time>
   </trkpt>
   <trkpt lat="65.8160830" lon="-16.3872350">
    <ele>395.6</ele>
    <time>2024-04-17T16:53:53Z</time>
   </trkpt>
   <trkpt lat="65.8160830" lon="-16.3872350">
    <ele>395.6</ele>
    <time>2024-04-17T16:53:54Z</time>
   </trkpt>
   <trkpt lat="65.8160830" lon="-16.3872350">
    <ele>395.6</ele>
    <time>2024-04-17T16:53:55Z</time>
   </trkpt>
   <trkpt lat="65.8160830" lon="-16.3872350">
    <ele>395.6</ele>
    <time>2024-04-17T16:53:56Z</time>
   </trkpt>
   <trkpt lat="65.8160830" lon="-16.3872350">
    <ele>395.6</ele>
    <time>2024-04-17T16:53:57Z</time>
   </trkpt>
   <trkpt lat="65.8160830" lon="-16.3872350">
    <ele>395.6</ele>
    <time>2024-04-17T16:53:58Z</time>
   </trkpt>
   <trkpt lat="65.8160830" lon="-16.3872350">
    <ele>395.6</ele>
    <time>2024-04-17T16:53:59Z</time>
   </trkpt>
   <trkpt lat="65.8160830" lon="-16.3872350">
    <ele>395.6</ele>
    <time>2024-04-17T16:54:00Z</time>
   </trkpt>
   <trkpt lat="65.8160830" lon="-16.3872350">
    <ele>395.6</ele>
    <time>2024-04-17T16:54:01Z</time>
   </trkpt>
   <trkpt lat="65.8160830" lon="-16.3872350">
    <ele>395.6</ele>
    <time>2024-04-17T16:54:02Z</time>
   </trkpt>
   <trkpt lat="65.8160830" lon="-16.3872350">
    <ele>395.6</ele>
    <time>2024-04-17T16:54:03Z</time>
   </trkpt>
   <trkpt lat="65.8160830" lon="-16.3872350">
    <ele>395.6</ele>
    <time>2024-04-17T16:54:04Z</time>
   </trkpt>
   <trkpt lat="65.8160830" lon="-16.3872350">
    <ele>395.6</ele>
    <time>2024-04-17T16:54:05Z</time>
   </trkpt>
   <trkpt lat="65.8160830" lon="-16.3872350">
    <ele>395.6</ele>
    <time>2024-04-17T16:54:06Z</time>
   </trkpt>
   <trkpt lat="65.8160830" lon="-16.3872350">
    <ele>395.6</ele>
    <time>2024-04-17T16:54:07Z</time>
   </trkpt>
   <trkpt lat="65.8160830" lon="-16.3872350">
    <ele>395.6</ele>
    <time>2024-04-17T16:54:08Z</time>
   </trkpt>
   <trkpt lat="65.8160830" lon="-16.3872350">
    <ele>395.6</ele>
    <time>2024-04-17T16:54:09Z</time>
   </trkpt>
   <trkpt lat="65.8160830" lon="-16.3872350">
    <ele>395.6</ele>
    <time>2024-04-17T16:54:10Z</time>
   </trkpt>
   <trkpt lat="65.8160830" lon="-16.3872350">
    <ele>395.6</ele>
    <time>2024-04-17T16:54:11Z</time>
   </trkpt>
   <trkpt lat="65.8160830" lon="-16.3872350">
    <ele>395.6</ele>
    <time>2024-04-17T16:54:12Z</time>
   </trkpt>
   <trkpt lat="65.8160830" lon="-16.3872350">
    <ele>395.6</ele>
    <time>2024-04-17T16:54:13Z</time>
   </trkpt>
   <trkpt lat="65.8160830" lon="-16.3872350">
    <ele>395.6</ele>
    <time>2024-04-17T16:54:14Z</time>
   </trkpt>
   <trkpt lat="65.8160830" lon="-16.3872350">
    <ele>395.6</ele>
    <time>2024-04-17T16:54:15Z</time>
   </trkpt>
   <trkpt lat="65.8160830" lon="-16.3872350">
    <ele>395.6</ele>
    <time>2024-04-17T16:54:16Z</time>
   </trkpt>
   <trkpt lat="65.8160830" lon="-16.3872350">
    <ele>395.6</ele>
    <time>2024-04-17T16:54:17Z</time>
   </trkpt>
   <trkpt lat="65.8160830" lon="-16.3872350">
    <ele>395.6</ele>
    <time>2024-04-17T16:54:18Z</time>
   </trkpt>
   <trkpt lat="65.8160830" lon="-16.3872350">
    <ele>395.6</ele>
    <time>2024-04-17T16:54:19Z</time>
   </trkpt>
   <trkpt lat="65.8160830" lon="-16.3872350">
    <ele>395.6</ele>
    <time>2024-04-17T16:54:20Z</time>
   </trkpt>
   <trkpt lat="65.8160830" lon="-16.3872350">
    <ele>395.6</ele>
    <time>2024-04-17T16:54:21Z</time>
   </trkpt>
   <trkpt lat="65.8160830" lon="-16.3872350">
    <ele>395.6</ele>
    <time>2024-04-17T16:54:22Z</time>
   </trkpt>
   <trkpt lat="65.8160830" lon="-16.3872350">
    <ele>395.6</ele>
    <time>2024-04-17T16:54:23Z</time>
   </trkpt>
   <trkpt lat="65.8160830" lon="-16.3872350">
    <ele>395.6</ele>
    <time>2024-04-17T16:54:24Z</time>
   </trkpt>
   <trkpt lat="65.8160830" lon="-16.3872350">
    <ele>395.6</ele>
    <time>2024-04-17T16:54:25Z</time>
   </trkpt>
   <trkpt lat="65.8160830" lon="-16.3872350">
    <ele>395.6</ele>
    <time>2024-04-17T16:54:26Z</time>
   </trkpt>
   <trkpt lat="65.8160830" lon="-16.3872350">
    <ele>395.6</ele>
    <time>2024-04-17T16:54:27Z</time>
   </trkpt>
   <trkpt lat="65.8160830" lon="-16.3872350">
    <ele>395.6</ele>
    <time>2024-04-17T16:54:28Z</time>
   </trkpt>
   <trkpt lat="65.8160830" lon="-16.3872350">
    <ele>395.6</ele>
    <time>2024-04-17T16:54:29Z</time>
   </trkpt>
   <trkpt lat="65.8160900" lon="-16.3872540">
    <ele>395.6</ele>
    <time>2024-04-17T16:54:30Z</time>
   </trkpt>
   <trkpt lat="65.8160900" lon="-16.3872540">
    <ele>395.6</ele>
    <time>2024-04-17T16:54:31Z</time>
   </trkpt>
   <trkpt lat="65.8160880" lon="-16.3872470">
    <ele>395.6</ele>
    <time>2024-04-17T16:54:33Z</time>
   </trkpt>
   <trkpt lat="65.8160880" lon="-16.3872470">
    <ele>395.6</ele>
    <time>2024-04-17T16:54:34Z</time>
   </trkpt>
   <trkpt lat="65.8160880" lon="-16.3872470">
    <ele>395.6</ele>
    <time>2024-04-17T16:54:35Z</time>
   </trkpt>
   <trkpt lat="65.8160880" lon="-16.3872470">
    <ele>395.6</ele>
    <time>2024-04-17T16:54:36Z</time>
   </trkpt>
   <trkpt lat="65.8160880" lon="-16.3872470">
    <ele>395.6</ele>
    <time>2024-04-17T16:54:37Z</time>
   </trkpt>
   <trkpt lat="65.8160880" lon="-16.3872470">
    <ele>395.6</ele>
    <time>2024-04-17T16:54:38Z</time>
   </trkpt>
   <trkpt lat="65.8160880" lon="-16.3872470">
    <ele>395.6</ele>
    <time>2024-04-17T16:54:39Z</time>
   </trkpt>
   <trkpt lat="65.8160880" lon="-16.3872470">
    <ele>395.6</ele>
    <time>2024-04-17T16:54:40Z</time>
   </trkpt>
   <trkpt lat="65.8160880" lon="-16.3872470">
    <ele>395.6</ele>
    <time>2024-04-17T16:54:41Z</time>
   </trkpt>
   <trkpt lat="65.8160880" lon="-16.3872470">
    <ele>395.6</ele>
    <time>2024-04-17T16:54:42Z</time>
   </trkpt>
   <trkpt lat="65.8160880" lon="-16.3872470">
    <ele>395.6</ele>
    <time>2024-04-17T16:54:43Z</time>
   </trkpt>
   <trkpt lat="65.8160880" lon="-16.3872470">
    <ele>395.6</ele>
    <time>2024-04-17T16:54:44Z</time>
   </trkpt>
   <trkpt lat="65.8160880" lon="-16.3872470">
    <ele>395.6</ele>
    <time>2024-04-17T16:54:45Z</time>
   </trkpt>
   <trkpt lat="65.8160880" lon="-16.3872470">
    <ele>395.6</ele>
    <time>2024-04-17T16:54:46Z</time>
   </trkpt>
   <trkpt lat="65.8160880" lon="-16.3872470">
    <ele>395.6</ele>
    <time>2024-04-17T16:54:47Z</time>
   </trkpt>
   <trkpt lat="65.8160880" lon="-16.3872470">
    <ele>395.6</ele>
    <time>2024-04-17T16:54:48Z</time>
   </trkpt>
   <trkpt lat="65.8160880" lon="-16.3872470">
    <ele>395.6</ele>
    <time>2024-04-17T16:54:49Z</time>
   </trkpt>
   <trkpt lat="65.8160880" lon="-16.3872470">
    <ele>395.6</ele>
    <time>2024-04-17T16:54:50Z</time>
   </trkpt>
   <trkpt lat="65.8160880" lon="-16.3872470">
    <ele>395.6</ele>
    <time>2024-04-17T16:54:51Z</time>
   </trkpt>
   <trkpt lat="65.8160880" lon="-16.3872470">
    <ele>395.6</ele>
    <time>2024-04-17T16:54:52Z</time>
   </trkpt>
   <trkpt lat="65.8160880" lon="-16.3872470">
    <ele>395.6</ele>
    <time>2024-04-17T16:54:53Z</time>
   </trkpt>
   <trkpt lat="65.8160880" lon="-16.3872470">
    <ele>395.6</ele>
    <time>2024-04-17T16:54:54Z</time>
   </trkpt>
   <trkpt lat="65.8160880" lon="-16.3872470">
    <ele>395.6</ele>
    <time>2024-04-17T16:54:55Z</time>
   </trkpt>
   <trkpt lat="65.8160880" lon="-16.3872470">
    <ele>395.6</ele>
    <time>2024-04-17T16:54:56Z</time>
   </trkpt>
   <trkpt lat="65.8160880" lon="-16.3872470">
    <ele>395.6</ele>
    <time>2024-04-17T16:54:57Z</time>
   </trkpt>
   <trkpt lat="65.8160880" lon="-16.3872470">
    <ele>395.6</ele>
    <time>2024-04-17T16:54:58Z</time>
   </trkpt>
   <trkpt lat="65.8160880" lon="-16.3872470">
    <ele>395.6</ele>
    <time>2024-04-17T16:54:59Z</time>
   </trkpt>
   <trkpt lat="65.8160830" lon="-16.3872390">
    <ele>395.6</ele>
    <time>2024-04-17T16:55:00Z</time>
   </trkpt>
   <trkpt lat="65.8160830" lon="-16.3872400">
    <ele>395.6</ele>
    <time>2024-04-17T16:55:01Z</time>
   </trkpt>
   <trkpt lat="65.8160830" lon="-16.3872400">
    <ele>395.6</ele>
    <time>2024-04-17T16:55:02Z</time>
   </trkpt>
   <trkpt lat="65.8160830" lon="-16.3872400">
    <ele>395.6</ele>
    <time>2024-04-17T16:55:03Z</time>
   </trkpt>
   <trkpt lat="65.8160830" lon="-16.3872400">
    <ele>395.6</ele>
    <time>2024-04-17T16:55:04Z</time>
   </trkpt>
   <trkpt lat="65.8160830" lon="-16.3872400">
    <ele>395.6</ele>
    <time>2024-04-17T16:55:05Z</time>
   </trkpt>
   <trkpt lat="65.8160830" lon="-16.3872400">
    <ele>395.6</ele>
    <time>2024-04-17T16:55:06Z</time>
   </trkpt>
   <trkpt lat="65.8160830" lon="-16.3872400">
    <ele>395.6</ele>
    <time>2024-04-17T16:55:07Z</time>
   </trkpt>
   <trkpt lat="65.8160830" lon="-16.3872400">
    <ele>395.6</ele>
    <time>2024-04-17T16:55:08Z</time>
   </trkpt>
   <trkpt lat="65.8160830" lon="-16.3872400">
    <ele>395.6</ele>
    <time>2024-04-17T16:55:09Z</time>
   </trkpt>
   <trkpt lat="65.8160830" lon="-16.3872400">
    <ele>395.6</ele>
    <time>2024-04-17T16:55:10Z</time>
   </trkpt>
   <trkpt lat="65.8160830" lon="-16.3872400">
    <ele>395.6</ele>
    <time>2024-04-17T16:55:11Z</time>
   </trkpt>
   <trkpt lat="65.8160830" lon="-16.3872400">
    <ele>395.6</ele>
    <time>2024-04-17T16:55:12Z</time>
   </trkpt>
   <trkpt lat="65.8160830" lon="-16.3872400">
    <ele>395.6</ele>
    <time>2024-04-17T16:55:13Z</time>
   </trkpt>
   <trkpt lat="65.8160830" lon="-16.3872400">
    <ele>395.6</ele>
    <time>2024-04-17T16:55:14Z</time>
   </trkpt>
   <trkpt lat="65.8160830" lon="-16.3872400">
    <ele>395.6</ele>
    <time>2024-04-17T16:55:15Z</time>
   </trkpt>
   <trkpt lat="65.8160830" lon="-16.3872400">
    <ele>395.6</ele>
    <time>2024-04-17T16:55:16Z</time>
   </trkpt>
   <trkpt lat="65.8160830" lon="-16.3872400">
    <ele>395.6</ele>
    <time>2024-04-17T16:55:17Z</time>
   </trkpt>
   <trkpt lat="65.8160830" lon="-16.3872400">
    <ele>395.6</ele>
    <time>2024-04-17T16:55:18Z</time>
   </trkpt>
   <trkpt lat="65.8160830" lon="-16.3872400">
    <ele>395.6</ele>
    <time>2024-04-17T16:55:19Z</time>
   </trkpt>
   <trkpt lat="65.8160830" lon="-16.3872400">
    <ele>395.6</ele>
    <time>2024-04-17T16:55:20Z</time>
   </trkpt>
   <trkpt lat="65.8160830" lon="-16.3872400">
    <ele>395.6</ele>
    <time>2024-04-17T16:55:21Z</time>
   </trkpt>
   <trkpt lat="65.8160830" lon="-16.3872400">
    <ele>395.6</ele>
    <time>2024-04-17T16:55:22Z</time>
   </trkpt>
   <trkpt lat="65.8160830" lon="-16.3872400">
    <ele>395.6</ele>
    <time>2024-04-17T16:55:23Z</time>
   </trkpt>
   <trkpt lat="65.8160760" lon="-16.3872510">
    <ele>395.6</ele>
    <time>2024-04-17T16:55:24Z</time>
   </trkpt>
   <trkpt lat="65.8160760" lon="-16.3872550">
    <ele>395.6</ele>
    <time>2024-04-17T16:55:25Z</time>
   </trkpt>
   <trkpt lat="65.8160810" lon="-16.3872600">
    <ele>395.6</ele>
    <time>2024-04-17T16:55:26Z</time>
   </trkpt>
   <trkpt lat="65.8160860" lon="-16.3872690">
    <ele>395.6</ele>
    <time>2024-04-17T16:55:27Z</time>
   </trkpt>
   <trkpt lat="65.8160930" lon="-16.3872800">
    <ele>395.6</ele>
    <time>2024-04-17T16:55:28Z</time>
   </trkpt>
   <trkpt lat="65.8160970" lon="-16.3872770">
    <ele>395.6</ele>
    <time>2024-04-17T16:55:29Z</time>
   </trkpt>
   <trkpt lat="65.8161000" lon="-16.3872790">
    <ele>395.6</ele>
    <time>2024-04-17T16:55:30Z</time>
   </trkpt>
   <trkpt lat="65.8160990" lon="-16.3872780">
    <ele>395.6</ele>
    <time>2024-04-17T16:55:31Z</time>
   </trkpt>
   <trkpt lat="65.8160970" lon="-16.3872720">
    <ele>395.6</ele>
    <time>2024-04-17T16:55:32Z</time>
   </trkpt>
   <trkpt lat="65.8160970" lon="-16.3872710">
    <ele>395.6</ele>
    <time>2024-04-17T16:55:33Z</time>
   </trkpt>
   <trkpt lat="65.8160970" lon="-16.3872710">
    <ele>395.6</ele>
    <time>2024-04-17T16:55:34Z</time>
   </trkpt>
   <trkpt lat="65.8160970" lon="-16.3872710">
    <ele>395.6</ele>
    <time>2024-04-17T16:55:35Z</time>
   </trkpt>
   <trkpt lat="65.8160970" lon="-16.3872710">
    <ele>395.6</ele>
    <time>2024-04-17T16:55:36Z</time>
   </trkpt>
   <trkpt lat="65.8160970" lon="-16.3872710">
    <ele>395.6</ele>
    <time>2024-04-17T16:55:37Z</time>
   </trkpt>
   <trkpt lat="65.8160970" lon="-16.3872710">
    <ele>395.6</ele>
    <time>2024-04-17T16:55:38Z</time>
   </trkpt>
   <trkpt lat="65.8160970" lon="-16.3872870">
    <ele>395.6</ele>
    <time>2024-04-17T16:55:39Z</time>
   </trkpt>
   <trkpt lat="65.8160990" lon="-16.3872870">
    <ele>395.6</ele>
    <time>2024-04-17T16:55:40Z</time>
   </trkpt>
   <trkpt lat="65.8161000" lon="-16.3872790">
    <ele>395.6</ele>
    <time>2024-04-17T16:55:41Z</time>
   </trkpt>
   <trkpt lat="65.8160980" lon="-16.3872830">
    <ele>395.6</ele>
    <time>2024-04-17T16:55:42Z</time>
   </trkpt>
   <trkpt lat="65.8160950" lon="-16.3872800">
    <ele>395.6</ele>
    <time>2024-04-17T16:55:43Z</time>
   </trkpt>
   <trkpt lat="65.8160940" lon="-16.3872760">
    <ele>395.6</ele>
    <time>2024-04-17T16:55:44Z</time>
   </trkpt>
   <trkpt lat="65.8160870" lon="-16.3872770">
    <ele>395.6</ele>
    <time>2024-04-17T16:55:45Z</time>
   </trkpt>
   <trkpt lat="65.8160890" lon="-16.3872760">
    <ele>395.6</ele>
    <time>2024-04-17T16:55:46Z</time>
   </trkpt>
   <trkpt lat="65.8160890" lon="-16.3872760">
    <ele>395.6</ele>
    <time>2024-04-17T16:55:47Z</time>
   </trkpt>
   <trkpt lat="65.8160890" lon="-16.3872730">
    <ele>395.6</ele>
    <time>2024-04-17T16:55:48Z</time>
   </trkpt>
   <trkpt lat="65.8160860" lon="-16.3872720">
    <ele>395.6</ele>
    <time>2024-04-17T16:55:49Z</time>
   </trkpt>
   <trkpt lat="65.8160860" lon="-16.3872700">
    <ele>395.6</ele>
    <time>2024-04-17T16:55:50Z</time>
   </trkpt>
   <trkpt lat="65.8160890" lon="-16.3872660">
    <ele>395.6</ele>
    <time>2024-04-17T16:55:51Z</time>
   </trkpt>
   <trkpt lat="65.8160890" lon="-16.3872660">
    <ele>395.6</ele>
    <time>2024-04-17T16:55:52Z</time>
   </trkpt>
   <trkpt lat="65.8160890" lon="-16.3872670">
    <ele>395.6</ele>
    <time>2024-04-17T16:55:53Z</time>
   </trkpt>
   <trkpt lat="65.8160890" lon="-16.3872670">
    <ele>395.6</ele>
    <time>2024-04-17T16:55:54Z</time>
   </trkpt>
   <trkpt lat="65.8160890" lon="-16.3872670">
    <ele>395.6</ele>
    <time>2024-04-17T16:55:55Z</time>
   </trkpt>
   <trkpt lat="65.8160890" lon="-16.3872670">
    <ele>395.6</ele>
    <time>2024-04-17T16:55:56Z</time>
   </trkpt>
   <trkpt lat="65.8160890" lon="-16.3872670">
    <ele>395.6</ele>
    <time>2024-04-17T16:55:57Z</time>
   </trkpt>
   <trkpt lat="65.8160890" lon="-16.3872670">
    <ele>395.6</ele>
    <time>2024-04-17T16:55:58Z</time>
   </trkpt>
   <trkpt lat="65.8160890" lon="-16.3872670">
    <ele>395.6</ele>
    <time>2024-04-17T16:55:59Z</time>
   </trkpt>
   <trkpt lat="65.8160890" lon="-16.3872670">
    <ele>395.6</ele>
    <time>2024-04-17T16:56:00Z</time>
   </trkpt>
   <trkpt lat="65.8160890" lon="-16.3872670">
    <ele>395.6</ele>
    <time>2024-04-17T16:56:01Z</time>
   </trkpt>
   <trkpt lat="65.8160890" lon="-16.3872670">
    <ele>395.6</ele>
    <time>2024-04-17T16:56:02Z</time>
   </trkpt>
   <trkpt lat="65.8160890" lon="-16.3872670">
    <ele>395.6</ele>
    <time>2024-04-17T16:56:03Z</time>
   </trkpt>
   <trkpt lat="65.8160890" lon="-16.3872670">
    <ele>395.6</ele>
    <time>2024-04-17T16:56:04Z</time>
   </trkpt>
   <trkpt lat="65.8160890" lon="-16.3872670">
    <ele>395.6</ele>
    <time>2024-04-17T16:56:05Z</time>
   </trkpt>
   <trkpt lat="65.8160890" lon="-16.3872670">
    <ele>395.6</ele>
    <time>2024-04-17T16:56:06Z</time>
   </trkpt>
   <trkpt lat="65.8160890" lon="-16.3872670">
    <ele>395.6</ele>
    <time>2024-04-17T16:56:07Z</time>
   </trkpt>
   <trkpt lat="65.8160890" lon="-16.3872670">
    <ele>395.6</ele>
    <time>2024-04-17T16:56:08Z</time>
   </trkpt>
   <trkpt lat="65.8160890" lon="-16.3872670">
    <ele>395.6</ele>
    <time>2024-04-17T16:56:09Z</time>
   </trkpt>
   <trkpt lat="65.8160890" lon="-16.3872670">
    <ele>395.6</ele>
    <time>2024-04-17T16:56:10Z</time>
   </trkpt>
   <trkpt lat="65.8160890" lon="-16.3872670">
    <ele>395.6</ele>
    <time>2024-04-17T16:56:11Z</time>
   </trkpt>
   <trkpt lat="65.8160890" lon="-16.3872670">
    <ele>395.6</ele>
    <time>2024-04-17T16:56:12Z</time>
   </trkpt>
   <trkpt lat="65.8160890" lon="-16.3872670">
    <ele>395.6</ele>
    <time>2024-04-17T16:56:13Z</time>
   </trkpt>
   <trkpt lat="65.8160890" lon="-16.3872670">
    <ele>395.6</ele>
    <time>2024-04-17T16:56:14Z</time>
   </trkpt>
   <trkpt lat="65.8160890" lon="-16.3872670">
    <ele>395.6</ele>
    <time>2024-04-17T16:56:15Z</time>
   </trkpt>
   <trkpt lat="65.8160890" lon="-16.3872670">
    <ele>395.6</ele>
    <time>2024-04-17T16:56:16Z</time>
   </trkpt>
   <trkpt lat="65.8160890" lon="-16.3872670">
    <ele>395.6</ele>
    <time>2024-04-17T16:56:17Z</time>
   </trkpt>
   <trkpt lat="65.8160890" lon="-16.3872670">
    <ele>395.6</ele>
    <time>2024-04-17T16:56:18Z</time>
   </trkpt>
   <trkpt lat="65.8160890" lon="-16.3872670">
    <ele>395.6</ele>
    <time>2024-04-17T16:56:19Z</time>
   </trkpt>
   <trkpt lat="65.8160890" lon="-16.3872670">
    <ele>395.6</ele>
    <time>2024-04-17T16:56:20Z</time>
   </trkpt>
   <trkpt lat="65.8160940" lon="-16.3872690">
    <ele>395.6</ele>
    <time>2024-04-17T16:56:21Z</time>
   </trkpt>
   <trkpt lat="65.8160940" lon="-16.3872630">
    <ele>395.6</ele>
    <time>2024-04-17T16:56:22Z</time>
   </trkpt>
   <trkpt lat="65.8160920" lon="-16.3872630">
    <ele>395.6</ele>
    <time>2024-04-17T16:56:23Z</time>
   </trkpt>
   <trkpt lat="65.8160940" lon="-16.3872700">
    <ele>395.6</ele>
    <time>2024-04-17T16:56:24Z</time>
   </trkpt>
   <trkpt lat="65.8160950" lon="-16.3872760">
    <ele>395.6</ele>
    <time>2024-04-17T16:56:25Z</time>
   </trkpt>
   <trkpt lat="65.8160930" lon="-16.3872840">
    <ele>395.6</ele>
    <time>2024-04-17T16:56:26Z</time>
   </trkpt>
   <trkpt lat="65.8160870" lon="-16.3872940">
    <ele>395.6</ele>
    <time>2024-04-17T16:56:27Z</time>
   </trkpt>
   <trkpt lat="65.8160830" lon="-16.3872980">
    <ele>395.6</ele>
    <time>2024-04-17T16:56:28Z</time>
   </trkpt>
   <trkpt lat="65.8160800" lon="-16.3872980">
    <ele>395.6</ele>
    <time>2024-04-17T16:56:29Z</time>
   </trkpt>
   <trkpt lat="65.8160710" lon="-16.3873090">
    <ele>395.6</ele>
    <time>2024-04-17T16:56:30Z</time>
   </trkpt>
   <trkpt lat="65.8160650" lon="-16.3873170">
    <ele>395.6</ele>
    <time>2024-04-17T16:56:31Z</time>
   </trkpt>
   <trkpt lat="65.8160580" lon="-16.3873300">
    <ele>395.6</ele>
    <time>2024-04-17T16:56:32Z</time>
   </trkpt>
   <trkpt lat="65.8160520" lon="-16.3873390">
    <ele>395.6</ele>
    <time>2024-04-17T16:56:33Z</time>
   </trkpt>
   <trkpt lat="65.8160530" lon="-16.3873380">
    <ele>395.6</ele>
    <time>2024-04-17T16:56:34Z</time>
   </trkpt>
   <trkpt lat="65.8160510" lon="-16.3873520">
    <ele>395.6</ele>
    <time>2024-04-17T16:56:35Z</time>
   </trkpt>
   <trkpt lat="65.8160530" lon="-16.3873630">
    <ele>395.6</ele>
    <time>2024-04-17T16:56:36Z</time>
   </trkpt>
   <trkpt lat="65.8160520" lon="-16.3873740">
    <ele>395.6</ele>
    <time>2024-04-17T16:56:37Z</time>
   </trkpt>
   <trkpt lat="65.8160460" lon="-16.3873920">
    <ele>395.6</ele>
    <time>2024-04-17T16:56:38Z</time>
   </trkpt>
   <trkpt lat="65.8160440" lon="-16.3874070">
    <ele>395.6</ele>
    <time>2024-04-17T16:56:39Z</time>
   </trkpt>
   <trkpt lat="65.8160370" lon="-16.3874230">
    <ele>395.6</ele>
    <time>2024-04-17T16:56:40Z</time>
   </trkpt>
   <trkpt lat="65.8160310" lon="-16.3874340">
    <ele>395.6</ele>
    <time>2024-04-17T16:56:41Z</time>
   </trkpt>
   <trkpt lat="65.8160280" lon="-16.3874330">
    <ele>395.6</ele>
    <time>2024-04-17T16:56:42Z</time>
   </trkpt>
   <trkpt lat="65.8160230" lon="-16.3874390">
    <ele>395.6</ele>
    <time>2024-04-17T16:56:43Z</time>
   </trkpt>
   <trkpt lat="65.8160190" lon="-16.3874450">
    <ele>395.5</ele>
    <time>2024-04-17T16:56:44Z</time>
   </trkpt>
   <trkpt lat="65.8160130" lon="-16.3874630">
    <ele>395.5</ele>
    <time>2024-04-17T16:56:45Z</time>
   </trkpt>
   <trkpt lat="65.8160070" lon="-16.3874820">
    <ele>395.5</ele>
    <time>2024-04-17T16:56:46Z</time>
   </trkpt>
   <trkpt lat="65.8160040" lon="-16.3874970">
    <ele>395.5</ele>
    <time>2024-04-17T16:56:47Z</time>
   </trkpt>
   <trkpt lat="65.8159970" lon="-16.3875130">
    <ele>395.5</ele>
    <time>2024-04-17T16:56:48Z</time>
   </trkpt>
   <trkpt lat="65.8159930" lon="-16.3875160">
    <ele>395.5</ele>
    <time>2024-04-17T16:56:49Z</time>
   </trkpt>
   <trkpt lat="65.8159860" lon="-16.3875270">
    <ele>395.5</ele>
    <time>2024-04-17T16:56:50Z</time>
   </trkpt>
   <trkpt lat="65.8159770" lon="-16.3875390">
    <ele>395.5</ele>
    <time>2024-04-17T16:56:51Z</time>
   </trkpt>
   <trkpt lat="65.8159730" lon="-16.3875420">
    <ele>395.5</ele>
    <time>2024-04-17T16:56:52Z</time>
   </trkpt>
   <trkpt lat="65.8159680" lon="-16.3875540">
    <ele>395.5</ele>
    <time>2024-04-17T16:56:53Z</time>
   </trkpt>
   <trkpt lat="65.8159600" lon="-16.3875650">
    <ele>395.5</ele>
    <time>2024-04-17T16:56:54Z</time>
   </trkpt>
   <trkpt lat="65.8159550" lon="-16.3875730">
    <ele>395.5</ele>
    <time>2024-04-17T16:56:55Z</time>
   </trkpt>
   <trkpt lat="65.8159490" lon="-16.3875820">
    <ele>395.5</ele>
    <time>2024-04-17T16:56:56Z</time>
   </trkpt>
   <trkpt lat="65.8159430" lon="-16.3875900">
    <ele>395.5</ele>
    <time>2024-04-17T16:56:57Z</time>
   </trkpt>
   <trkpt lat="65.8159350" lon="-16.3875950">
    <ele>395.5</ele>
    <time>2024-04-17T16:56:58Z</time>
   </trkpt>
   <trkpt lat="65.8159250" lon="-16.3876020">
    <ele>395.5</ele>
    <time>2024-04-17T16:56:59Z</time>
   </trkpt>
   <trkpt lat="65.8159170" lon="-16.3876030">
    <ele>395.5</ele>
    <time>2024-04-17T16:57:00Z</time>
   </trkpt>
   <trkpt lat="65.8159100" lon="-16.3876050">
    <ele>395.5</ele>
    <time>2024-04-17T16:57:01Z</time>
   </trkpt>
   <trkpt lat="65.8159030" lon="-16.3876080">
    <ele>395.5</ele>
    <time>2024-04-17T16:57:02Z</time>
   </trkpt>
   <trkpt lat="65.8158940" lon="-16.3876140">
    <ele>395.5</ele>
    <time>2024-04-17T16:57:03Z</time>
   </trkpt>
   <trkpt lat="65.8158860" lon="-16.3876160">
    <ele>395.5</ele>
    <time>2024-04-17T16:57:04Z</time>
   </trkpt>
   <trkpt lat="65.8158820" lon="-16.3876080">
    <ele>395.5</ele>
    <time>2024-04-17T16:57:05Z</time>
   </trkpt>
   <trkpt lat="65.8158710" lon="-16.3876050">
    <ele>395.5</ele>
    <time>2024-04-17T16:57:06Z</time>
   </trkpt>
   <trkpt lat="65.8158640" lon="-16.3876050">
    <ele>395.5</ele>
    <time>2024-04-17T16:57:07Z</time>
   </trkpt>
   <trkpt lat="65.8158570" lon="-16.3876000">
    <ele>395.5</ele>
    <time>2024-04-17T16:57:08Z</time>
   </trkpt>
   <trkpt lat="65.8158470" lon="-16.3875970">
    <ele>395.5</ele>
    <time>2024-04-17T16:57:09Z</time>
   </trkpt>
   <trkpt lat="65.8158400" lon="-16.3875950">
    <ele>395.5</ele>
    <time>2024-04-17T16:57:10Z</time>
   </trkpt>
   <trkpt lat="65.8158320" lon="-16.3875910">
    <ele>395.4</ele>
    <time>2024-04-17T16:57:11Z</time>
   </trkpt>
   <trkpt lat="65.8158230" lon="-16.3875910">
    <ele>395.4</ele>
    <time>2024-04-17T16:57:12Z</time>
   </trkpt>
   <trkpt lat="65.8158140" lon="-16.3875910">
    <ele>395.4</ele>
    <time>2024-04-17T16:57:13Z</time>
   </trkpt>
   <trkpt lat="65.8158050" lon="-16.3875870">
    <ele>395.4</ele>
    <time>2024-04-17T16:57:14Z</time>
   </trkpt>
   <trkpt lat="65.8158000" lon="-16.3875820">
    <ele>395.4</ele>
    <time>2024-04-17T16:57:15Z</time>
   </trkpt>
   <trkpt lat="65.8157880" lon="-16.3875790">
    <ele>395.4</ele>
    <time>2024-04-17T16:57:16Z</time>
   </trkpt>
   <trkpt lat="65.8157820" lon="-16.3875710">
    <ele>395.4</ele>
    <time>2024-04-17T16:57:17Z</time>
   </trkpt>
   <trkpt lat="65.8157820" lon="-16.3875680">
    <ele>395.4</ele>
    <time>2024-04-17T16:57:18Z</time>
   </trkpt>
   <trkpt lat="65.8157810" lon="-16.3875610">
    <ele>395.4</ele>
    <time>2024-04-17T16:57:19Z</time>
   </trkpt>
   <trkpt lat="65.8157790" lon="-16.3875600">
    <ele>395.4</ele>
    <time>2024-04-17T16:57:20Z</time>
   </trkpt>
   <trkpt lat="65.8157800" lon="-16.3875670">
    <ele>395.4</ele>
    <time>2024-04-17T16:57:21Z</time>
   </trkpt>
   <trkpt lat="65.8157730" lon="-16.3875680">
    <ele>395.4</ele>
    <time>2024-04-17T16:57:22Z</time>
   </trkpt>
   <trkpt lat="65.8157650" lon="-16.3875620">
    <ele>395.4</ele>
    <time>2024-04-17T16:57:23Z</time>
   </trkpt>
   <trkpt lat="65.8157530" lon="-16.3875720">
    <ele>395.4</ele>
    <time>2024-04-17T16:57:24Z</time>
   </trkpt>
   <trkpt lat="65.8157440" lon="-16.3875680">
    <ele>395.4</ele>
    <time>2024-04-17T16:57:25Z</time>
   </trkpt>
   <trkpt lat="65.8157390" lon="-16.3875660">
    <ele>395.4</ele>
    <time>2024-04-17T16:57:26Z</time>
   </trkpt>
   <trkpt lat="65.8157330" lon="-16.3875650">
    <ele>395.4</ele>
    <time>2024-04-17T16:57:27Z</time>
   </trkpt>
   <trkpt lat="65.8157260" lon="-16.3875650">
    <ele>395.4</ele>
    <time>2024-04-17T16:57:28Z</time>
   </trkpt>
   <trkpt lat="65.8157200" lon="-16.3875650">
    <ele>395.4</ele>
    <time>2024-04-17T16:57:29Z</time>
   </trkpt>
   <trkpt lat="65.8157160" lon="-16.3875650">
    <ele>395.4</ele>
    <time>2024-04-17T16:57:30Z</time>
   </trkpt>
   <trkpt lat="65.8157120" lon="-16.3875630">
    <ele>395.4</ele>
    <time>2024-04-17T16:57:31Z</time>
   </trkpt>
   <trkpt lat="65.8157120" lon="-16.3875610">
    <ele>395.4</ele>
    <time>2024-04-17T16:57:32Z</time>
   </trkpt>
   <trkpt lat="65.8157050" lon="-16.3875580">
    <ele>395.4</ele>
    <time>2024-04-17T16:57:33Z</time>
   </trkpt>
   <trkpt lat="65.8157010" lon="-16.3875540">
    <ele>395.4</ele>
    <time>2024-04-17T16:57:34Z</time>
   </trkpt>
   <trkpt lat="65.8156990" lon="-16.3875610">
    <ele>395.4</ele>
    <time>2024-04-17T16:57:35Z</time>
   </trkpt>
   <trkpt lat="65.8156940" lon="-16.3875580">
    <ele>395.4</ele>
    <time>2024-04-17T16:57:36Z</time>
   </trkpt>
   <trkpt lat="65.8156900" lon="-16.3875590">
    <ele>395.4</ele>
    <time>2024-04-17T16:57:37Z</time>
   </trkpt>
   <trkpt lat="65.8156840" lon="-16.3875590">
    <ele>395.4</ele>
    <time>2024-04-17T16:57:38Z</time>
   </trkpt>
   <trkpt lat="65.8156810" lon="-16.3875570">
    <ele>395.4</ele>
    <time>2024-04-17T16:57:39Z</time>
   </trkpt>
   <trkpt lat="65.8156780" lon="-16.3875560">
    <ele>395.4</ele>
    <time>2024-04-17T16:57:40Z</time>
   </trkpt>
   <trkpt lat="65.8156750" lon="-16.3875540">
    <ele>395.4</ele>
    <time>2024-04-17T16:57:41Z</time>
   </trkpt>
   <trkpt lat="65.8156770" lon="-16.3875540">
    <ele>395.4</ele>
    <time>2024-04-17T16:57:42Z</time>
   </trkpt>
   <trkpt lat="65.8156770" lon="-16.3875580">
    <ele>395.4</ele>
    <time>2024-04-17T16:57:43Z</time>
   </trkpt>
   <trkpt lat="65.8156770" lon="-16.3875580">
    <ele>395.4</ele>
    <time>2024-04-17T16:57:44Z</time>
   </trkpt>
   <trkpt lat="65.8156770" lon="-16.3875580">
    <ele>395.4</ele>
    <time>2024-04-17T16:57:45Z</time>
   </trkpt>
   <trkpt lat="65.8156770" lon="-16.3875580">
    <ele>395.4</ele>
    <time>2024-04-17T16:57:46Z</time>
   </trkpt>
   <trkpt lat="65.8156770" lon="-16.3875580">
    <ele>395.4</ele>
    <time>2024-04-17T16:57:47Z</time>
   </trkpt>
   <trkpt lat="65.8156770" lon="-16.3875580">
    <ele>395.4</ele>
    <time>2024-04-17T16:57:48Z</time>
   </trkpt>
   <trkpt lat="65.8156790" lon="-16.3875560">
    <ele>395.4</ele>
    <time>2024-04-17T16:57:49Z</time>
   </trkpt>
   <trkpt lat="65.8156770" lon="-16.3875560">
    <ele>395.4</ele>
    <time>2024-04-17T16:57:50Z</time>
   </trkpt>
   <trkpt lat="65.8156780" lon="-16.3875540">
    <ele>395.4</ele>
    <time>2024-04-17T16:57:51Z</time>
   </trkpt>
   <trkpt lat="65.8156780" lon="-16.3875540">
    <ele>395.4</ele>
    <time>2024-04-17T16:57:52Z</time>
   </trkpt>
   <trkpt lat="65.8156780" lon="-16.3875540">
    <ele>395.4</ele>
    <time>2024-04-17T16:57:53Z</time>
   </trkpt>
   <trkpt lat="65.8156730" lon="-16.3875480">
    <ele>395.4</ele>
    <time>2024-04-17T16:57:54Z</time>
   </trkpt>
   <trkpt lat="65.8156700" lon="-16.3875420">
    <ele>395.4</ele>
    <time>2024-04-17T16:57:55Z</time>
   </trkpt>
   <trkpt lat="65.8156680" lon="-16.3875370">
    <ele>395.4</ele>
    <time>2024-04-17T16:57:56Z</time>
   </trkpt>
   <trkpt lat="65.8156710" lon="-16.3875440">
    <ele>395.4</ele>
    <time>2024-04-17T16:57:57Z</time>
   </trkpt>
   <trkpt lat="65.8156710" lon="-16.3875440">
    <ele>395.4</ele>
    <time>2024-04-17T16:57:58Z</time>
   </trkpt>
   <trkpt lat="65.8156710" lon="-16.3875440">
    <ele>395.4</ele>
    <time>2024-04-17T16:57:59Z</time>
   </trkpt>
   <trkpt lat="65.8156710" lon="-16.3875440">
    <ele>395.4</ele>
    <time>2024-04-17T16:58:00Z</time>
   </trkpt>
   <trkpt lat="65.8156710" lon="-16.3875440">
    <ele>395.4</ele>
    <time>2024-04-17T16:58:01Z</time>
   </trkpt>
   <trkpt lat="65.8156710" lon="-16.3875440">
    <ele>395.4</ele>
    <time>2024-04-17T16:58:02Z</time>
   </trkpt>
   <trkpt lat="65.8156710" lon="-16.3875440">
    <ele>395.4</ele>
    <time>2024-04-17T16:58:03Z</time>
   </trkpt>
   <trkpt lat="65.8156710" lon="-16.3875440">
    <ele>395.4</ele>
    <time>2024-04-17T16:58:04Z</time>
   </trkpt>
   <trkpt lat="65.8156710" lon="-16.3875440">
    <ele>395.4</ele>
    <time>2024-04-17T16:58:05Z</time>
   </trkpt>
   <trkpt lat="65.8156710" lon="-16.3875440">
    <ele>395.4</ele>
    <time>2024-04-17T16:58:06Z</time>
   </trkpt>
   <trkpt lat="65.8156710" lon="-16.3875440">
    <ele>395.4</ele>
    <time>2024-04-17T16:58:07Z</time>
   </trkpt>
   <trkpt lat="65.8156710" lon="-16.3875440">
    <ele>395.4</ele>
    <time>2024-04-17T16:58:08Z</time>
   </trkpt>
   <trkpt lat="65.8156710" lon="-16.3875440">
    <ele>395.4</ele>
    <time>2024-04-17T16:58:09Z</time>
   </trkpt>
   <trkpt lat="65.8156710" lon="-16.3875440">
    <ele>395.4</ele>
    <time>2024-04-17T16:58:10Z</time>
   </trkpt>
   <trkpt lat="65.8156710" lon="-16.3875440">
    <ele>395.4</ele>
    <time>2024-04-17T16:58:11Z</time>
   </trkpt>
   <trkpt lat="65.8156670" lon="-16.3875290">
    <ele>395.4</ele>
    <time>2024-04-17T16:58:12Z</time>
   </trkpt>
   <trkpt lat="65.8156630" lon="-16.3875320">
    <ele>395.4</ele>
    <time>2024-04-17T16:58:13Z</time>
   </trkpt>
   <trkpt lat="65.8156620" lon="-16.3875380">
    <ele>395.4</ele>
    <time>2024-04-17T16:58:14Z</time>
   </trkpt>
   <trkpt lat="65.8156600" lon="-16.3875490">
    <ele>395.4</ele>
    <time>2024-04-17T16:58:15Z</time>
   </trkpt>
   <trkpt lat="65.8156500" lon="-16.3875520">
    <ele>395.4</ele>
    <time>2024-04-17T16:58:16Z</time>
   </trkpt>
   <trkpt lat="65.8156460" lon="-16.3875600">
    <ele>395.4</ele>
    <time>2024-04-17T16:58:17Z</time>
   </trkpt>
   <trkpt lat="65.8156450" lon="-16.3875590">
    <ele>395.4</ele>
    <time>2024-04-17T16:58:18Z</time>
   </trkpt>
   <trkpt lat="65.8156450" lon="-16.3875570">
    <ele>395.4</ele>
    <time>2024-04-17T16:58:19Z</time>
   </trkpt>
   <trkpt lat="65.8156440" lon="-16.3875560">
    <ele>395.4</ele>
    <time>2024-04-17T16:58:20Z</time>
   </trkpt>
   <trkpt lat="65.8156450" lon="-16.3875550">
    <ele>395.4</ele>
    <time>2024-04-17T16:58:21Z</time>
   </trkpt>
   <trkpt lat="65.8156430" lon="-16.3875550">
    <ele>395.4</ele>
    <time>2024-04-17T16:58:22Z</time>
   </trkpt>
   <trkpt lat="65.8156420" lon="-16.3875530">
    <ele>395.4</ele>
    <time>2024-04-17T16:58:23Z</time>
   </trkpt>
   <trkpt lat="65.8156420" lon="-16.3875530">
    <ele>395.4</ele>
    <time>2024-04-17T16:58:24Z</time>
   </trkpt>
   <trkpt lat="65.8156420" lon="-16.3875510">
    <ele>395.4</ele>
    <time>2024-04-17T16:58:25Z</time>
   </trkpt>
   <trkpt lat="65.8156430" lon="-16.3875560">
    <ele>395.4</ele>
    <time>2024-04-17T16:58:26Z</time>
   </trkpt>
   <trkpt lat="65.8156430" lon="-16.3875560">
    <ele>395.4</ele>
    <time>2024-04-17T16:58:27Z</time>
   </trkpt>
   <trkpt lat="65.8156430" lon="-16.3875560">
    <ele>395.4</ele>
    <time>2024-04-17T16:58:28Z</time>
   </trkpt>
   <trkpt lat="65.8156430" lon="-16.3875560">
    <ele>395.4</ele>
    <time>2024-04-17T16:58:29Z</time>
   </trkpt>
   <trkpt lat="65.8156430" lon="-16.3875560">
    <ele>395.4</ele>
    <time>2024-04-17T16:58:30Z</time>
   </trkpt>
   <trkpt lat="65.8156430" lon="-16.3875560">
    <ele>395.4</ele>
    <time>2024-04-17T16:58:31Z</time>
   </trkpt>
   <trkpt lat="65.8156430" lon="-16.3875560">
    <ele>395.4</ele>
    <time>2024-04-17T16:58:32Z</time>
   </trkpt>
   <trkpt lat="65.8156430" lon="-16.3875560">
    <ele>395.4</ele>
    <time>2024-04-17T16:58:33Z</time>
   </trkpt>
   <trkpt lat="65.8156420" lon="-16.3875450">
    <ele>395.4</ele>
    <time>2024-04-17T16:58:34Z</time>
   </trkpt>
   <trkpt lat="65.8156420" lon="-16.3875450">
    <ele>395.4</ele>
    <time>2024-04-17T16:58:35Z</time>
   </trkpt>
   <trkpt lat="65.8156420" lon="-16.3875450">
    <ele>395.4</ele>
    <time>2024-04-17T16:58:36Z</time>
   </trkpt>
   <trkpt lat="65.8156420" lon="-16.3875450">
    <ele>395.4</ele>
    <time>2024-04-17T16:58:37Z</time>
   </trkpt>
   <trkpt lat="65.8156420" lon="-16.3875450">
    <ele>395.4</ele>
    <time>2024-04-17T16:58:38Z</time>
   </trkpt>
   <trkpt lat="65.8156420" lon="-16.3875450">
    <ele>395.4</ele>
    <time>2024-04-17T16:58:39Z</time>
   </trkpt>
   <trkpt lat="65.8156420" lon="-16.3875450">
    <ele>395.4</ele>
    <time>2024-04-17T16:58:40Z</time>
   </trkpt>
   <trkpt lat="65.8156420" lon="-16.3875450">
    <ele>395.4</ele>
    <time>2024-04-17T16:58:41Z</time>
   </trkpt>
   <trkpt lat="65.8156420" lon="-16.3875450">
    <ele>395.4</ele>
    <time>2024-04-17T16:58:42Z</time>
   </trkpt>
   <trkpt lat="65.8156420" lon="-16.3875450">
    <ele>395.4</ele>
    <time>2024-04-17T16:58:43Z</time>
   </trkpt>
   <trkpt lat="65.8156420" lon="-16.3875450">
    <ele>395.4</ele>
    <time>2024-04-17T16:58:44Z</time>
   </trkpt>
   <trkpt lat="65.8156420" lon="-16.3875450">
    <ele>395.4</ele>
    <time>2024-04-17T16:58:45Z</time>
   </trkpt>
   <trkpt lat="65.8156420" lon="-16.3875450">
    <ele>395.4</ele>
    <time>2024-04-17T16:58:46Z</time>
   </trkpt>
   <trkpt lat="65.8156420" lon="-16.3875450">
    <ele>395.4</ele>
    <time>2024-04-17T16:58:47Z</time>
   </trkpt>
   <trkpt lat="65.8156420" lon="-16.3875450">
    <ele>395.4</ele>
    <time>2024-04-17T16:58:48Z</time>
   </trkpt>
   <trkpt lat="65.8156420" lon="-16.3875450">
    <ele>395.4</ele>
    <time>2024-04-17T16:58:49Z</time>
   </trkpt>
   <trkpt lat="65.8156440" lon="-16.3875430">
    <ele>395.4</ele>
    <time>2024-04-17T16:58:50Z</time>
   </trkpt>
   <trkpt lat="65.8156440" lon="-16.3875430">
    <ele>395.4</ele>
    <time>2024-04-17T16:58:51Z</time>
   </trkpt>
   <trkpt lat="65.8156440" lon="-16.3875430">
    <ele>395.4</ele>
    <time>2024-04-17T16:58:52Z</time>
   </trkpt>
   <trkpt lat="65.8156440" lon="-16.3875430">
    <ele>395.4</ele>
    <time>2024-04-17T16:58:53Z</time>
   </trkpt>
   <trkpt lat="65.8156400" lon="-16.3875450">
    <ele>395.4</ele>
    <time>2024-04-17T16:58:54Z</time>
   </trkpt>
   <trkpt lat="65.8156400" lon="-16.3875470">
    <ele>395.4</ele>
    <time>2024-04-17T16:58:55Z</time>
   </trkpt>
   <trkpt lat="65.8156410" lon="-16.3875470">
    <ele>395.4</ele>
    <time>2024-04-17T16:58:56Z</time>
   </trkpt>
   <trkpt lat="65.8156430" lon="-16.3875480">
    <ele>395.4</ele>
    <time>2024-04-17T16:58:57Z</time>
   </trkpt>
   <trkpt lat="65.8156430" lon="-16.3875470">
    <ele>395.4</ele>
    <time>2024-04-17T16:58:58Z</time>
   </trkpt>
   <trkpt lat="65.8156430" lon="-16.3875520">
    <ele>395.4</ele>
    <time>2024-04-17T16:58:59Z</time>
   </trkpt>
   <trkpt lat="65.8156430" lon="-16.3875520">
    <ele>395.4</ele>
    <time>2024-04-17T16:59:00Z</time>
   </trkpt>
   <trkpt lat="65.8156440" lon="-16.3875560">
    <ele>395.4</ele>
    <time>2024-04-17T16:59:01Z</time>
   </trkpt>
   <trkpt lat="65.8156450" lon="-16.3875550">
    <ele>395.4</ele>
    <time>2024-04-17T16:59:02Z</time>
   </trkpt>
   <trkpt lat="65.8156450" lon="-16.3875580">
    <ele>395.4</ele>
    <time>2024-04-17T16:59:03Z</time>
   </trkpt>
   <trkpt lat="65.8156460" lon="-16.3875590">
    <ele>395.4</ele>
    <time>2024-04-17T16:59:04Z</time>
   </trkpt>
   <trkpt lat="65.8156460" lon="-16.3875590">
    <ele>395.4</ele>
    <time>2024-04-17T16:59:05Z</time>
   </trkpt>
   <trkpt lat="65.8156460" lon="-16.3875590">
    <ele>395.4</ele>
    <time>2024-04-17T16:59:06Z</time>
   </trkpt>
   <trkpt lat="65.8156460" lon="-16.3875590">
    <ele>395.4</ele>
    <time>2024-04-17T16:59:07Z</time>
   </trkpt>
   <trkpt lat="65.8156460" lon="-16.3875590">
    <ele>395.4</ele>
    <time>2024-04-17T16:59:08Z</time>
   </trkpt>
   <trkpt lat="65.8156460" lon="-16.3875590">
    <ele>395.4</ele>
    <time>2024-04-17T16:59:09Z</time>
   </trkpt>
   <trkpt lat="65.8156460" lon="-16.3875590">
    <ele>395.4</ele>
    <time>2024-04-17T16:59:10Z</time>
   </trkpt>
   <trkpt lat="65.8156460" lon="-16.3875590">
    <ele>395.4</ele>
    <time>2024-04-17T16:59:11Z</time>
   </trkpt>
   <trkpt lat="65.8156460" lon="-16.3875590">
    <ele>395.4</ele>
    <time>2024-04-17T16:59:12Z</time>
   </trkpt>
   <trkpt lat="65.8156460" lon="-16.3875560">
    <ele>395.4</ele>
    <time>2024-04-17T16:59:13Z</time>
   </trkpt>
   <trkpt lat="65.8156480" lon="-16.3875550">
    <ele>395.4</ele>
    <time>2024-04-17T16:59:14Z</time>
   </trkpt>
   <trkpt lat="65.8156450" lon="-16.3875490">
    <ele>395.4</ele>
    <time>2024-04-17T16:59:15Z</time>
   </trkpt>
   <trkpt lat="65.8156490" lon="-16.3875600">
    <ele>395.4</ele>
    <time>2024-04-17T16:59:16Z</time>
   </trkpt>
   <trkpt lat="65.8156560" lon="-16.3875680">
    <ele>395.4</ele>
    <time>2024-04-17T16:59:17Z</time>
   </trkpt>
   <trkpt lat="65.8156600" lon="-16.3875770">
    <ele>395.4</ele>
    <time>2024-04-17T16:59:18Z</time>
   </trkpt>
   <trkpt lat="65.8156630" lon="-16.3875880">
    <ele>395.4</ele>
    <time>2024-04-17T16:59:19Z</time>
   </trkpt>
   <trkpt lat="65.8156650" lon="-16.3875890">
    <ele>395.4</ele>
    <time>2024-04-17T16:59:20Z</time>
   </trkpt>
   <trkpt lat="65.8156720" lon="-16.3875930">
    <ele>395.4</ele>
    <time>2024-04-17T16:59:21Z</time>
   </trkpt>
   <trkpt lat="65.8156710" lon="-16.3875920">
    <ele>395.4</ele>
    <time>2024-04-17T16:59:22Z</time>
   </trkpt>
   <trkpt lat="65.8156740" lon="-16.3875900">
    <ele>395.4</ele>
    <time>2024-04-17T16:59:23Z</time>
   </trkpt>
   <trkpt lat="65.8156650" lon="-16.3875930">
    <ele>395.4</ele>
    <time>2024-04-17T16:59:24Z</time>
   </trkpt>
   <trkpt lat="65.8156630" lon="-16.3875930">
    <ele>395.4</ele>
    <time>2024-04-17T16:59:25Z</time>
   </trkpt>
   <trkpt lat="65.8156600" lon="-16.3875900">
    <ele>395.4</ele>
    <time>2024-04-17T16:59:26Z</time>
   </trkpt>
   <trkpt lat="65.8156600" lon="-16.3875880">
    <ele>395.4</ele>
    <time>2024-04-17T16:59:27Z</time>
   </trkpt>
   <trkpt lat="65.8156600" lon="-16.3875880">
    <ele>395.4</ele>
    <time>2024-04-17T16:59:28Z</time>
   </trkpt>
   <trkpt lat="65.8156620" lon="-16.3875950">
    <ele>395.4</ele>
    <time>2024-04-17T16:59:29Z</time>
   </trkpt>
   <trkpt lat="65.8156670" lon="-16.3875940">
    <ele>395.4</ele>
    <time>2024-04-17T16:59:30Z</time>
   </trkpt>
   <trkpt lat="65.8156690" lon="-16.3876170">
    <ele>395.4</ele>
    <time>2024-04-17T16:59:31Z</time>
   </trkpt>
   <trkpt lat="65.8156700" lon="-16.3876110">
    <ele>395.4</ele>
    <time>2024-04-17T16:59:32Z</time>
   </trkpt>
   <trkpt lat="65.8156690" lon="-16.3876110">
    <ele>395.4</ele>
    <time>2024-04-17T16:59:33Z</time>
   </trkpt>
   <trkpt lat="65.8156670" lon="-16.3876080">
    <ele>395.4</ele>
    <time>2024-04-17T16:59:34Z</time>
   </trkpt>
   <trkpt lat="65.8156660" lon="-16.3876040">
    <ele>395.4</ele>
    <time>2024-04-17T16:59:35Z</time>
   </trkpt>
   <trkpt lat="65.8156660" lon="-16.3876010">
    <ele>395.4</ele>
    <time>2024-04-17T16:59:36Z</time>
   </trkpt>
   <trkpt lat="65.8156650" lon="-16.3875980">
    <ele>395.4</ele>
    <time>2024-04-17T16:59:37Z</time>
   </trkpt>
   <trkpt lat="65.8156620" lon="-16.3876000">
    <ele>395.4</ele>
    <time>2024-04-17T16:59:38Z</time>
   </trkpt>
   <trkpt lat="65.8156580" lon="-16.3875950">
    <ele>395.4</ele>
    <time>2024-04-17T16:59:39Z</time>
   </trkpt>
   <trkpt lat="65.8156580" lon="-16.3875940">
    <ele>395.4</ele>
    <time>2024-04-17T16:59:40Z</time>
   </trkpt>
   <trkpt lat="65.8156580" lon="-16.3875940">
    <ele>395.4</ele>
    <time>2024-04-17T16:59:41Z</time>
   </trkpt>
   <trkpt lat="65.8156630" lon="-16.3876030">
    <ele>395.4</ele>
    <time>2024-04-17T16:59:42Z</time>
   </trkpt>
   <trkpt lat="65.8156620" lon="-16.3875970">
    <ele>395.4</ele>
    <time>2024-04-17T16:59:43Z</time>
   </trkpt>
   <trkpt lat="65.8156610" lon="-16.3875970">
    <ele>395.4</ele>
    <time>2024-04-17T16:59:44Z</time>
   </trkpt>
   <trkpt lat="65.8156730" lon="-16.3876060">
    <ele>395.4</ele>
    <time>2024-04-17T16:59:45Z</time>
   </trkpt>
   <trkpt lat="65.8156740" lon="-16.3876060">
    <ele>395.4</ele>
    <time>2024-04-17T16:59:46Z</time>
   </trkpt>
   <trkpt lat="65.8156730" lon="-16.3876110">
    <ele>395.4</ele>
    <time>2024-04-17T16:59:47Z</time>
   </trkpt>
   <trkpt lat="65.8156780" lon="-16.3876140">
    <ele>395.4</ele>
    <time>2024-04-17T16:59:48Z</time>
   </trkpt>
   <trkpt lat="65.8156800" lon="-16.3876250">
    <ele>395.4</ele>
    <time>2024-04-17T16:59:49Z</time>
   </trkpt>
   <trkpt lat="65.8156820" lon="-16.3876330">
    <ele>395.3</ele>
    <time>2024-04-17T16:59:50Z</time>
   </trkpt>
   <trkpt lat="65.8156840" lon="-16.3876310">
    <ele>395.3</ele>
    <time>2024-04-17T16:59:51Z</time>
   </trkpt>
   <trkpt lat="65.8156850" lon="-16.3876290">
    <ele>395.3</ele>
    <time>2024-04-17T16:59:52Z</time>
   </trkpt>
   <trkpt lat="65.8156850" lon="-16.3876260">
    <ele>395.3</ele>
    <time>2024-04-17T16:59:53Z</time>
   </trkpt>
   <trkpt lat="65.8156850" lon="-16.3876260">
    <ele>395.3</ele>
    <time>2024-04-17T16:59:54Z</time>
   </trkpt>
   <trkpt lat="65.8156850" lon="-16.3876250">
    <ele>395.3</ele>
    <time>2024-04-17T16:59:55Z</time>
   </trkpt>
   <trkpt lat="65.8156850" lon="-16.3876250">
    <ele>395.3</ele>
    <time>2024-04-17T16:59:56Z</time>
   </trkpt>
   <trkpt lat="65.8156850" lon="-16.3876250">
    <ele>395.3</ele>
    <time>2024-04-17T16:59:57Z</time>
   </trkpt>
   <trkpt lat="65.8156850" lon="-16.3876250">
    <ele>395.3</ele>
    <time>2024-04-17T16:59:58Z</time>
   </trkpt>
   <trkpt lat="65.8156850" lon="-16.3876090">
    <ele>395.3</ele>
    <time>2024-04-17T16:59:59Z</time>
   </trkpt>
   <trkpt lat="65.8156850" lon="-16.3876090">
    <ele>395.3</ele>
    <time>2024-04-17T17:00:00Z</time>
   </trkpt>
   <trkpt lat="65.8156850" lon="-16.3876090">
    <ele>395.3</ele>
    <time>2024-04-17T17:00:01Z</time>
   </trkpt>
   <trkpt lat="65.8156850" lon="-16.3876090">
    <ele>395.3</ele>
    <time>2024-04-17T17:00:02Z</time>
   </trkpt>
   <trkpt lat="65.8156870" lon="-16.3876100">
    <ele>395.3</ele>
    <time>2024-04-17T17:00:03Z</time>
   </trkpt>
   <trkpt lat="65.8156870" lon="-16.3876100">
    <ele>395.3</ele>
    <time>2024-04-17T17:00:04Z</time>
   </trkpt>
   <trkpt lat="65.8156880" lon="-16.3876070">
    <ele>395.3</ele>
    <time>2024-04-17T17:00:05Z</time>
   </trkpt>
   <trkpt lat="65.8156890" lon="-16.3876100">
    <ele>395.3</ele>
    <time>2024-04-17T17:00:06Z</time>
   </trkpt>
   <trkpt lat="65.8156870" lon="-16.3876120">
    <ele>395.3</ele>
    <time>2024-04-17T17:00:07Z</time>
   </trkpt>
   <trkpt lat="65.8156880" lon="-16.3876170">
    <ele>395.3</ele>
    <time>2024-04-17T17:00:08Z</time>
   </trkpt>
   <trkpt lat="65.8156880" lon="-16.3876170">
    <ele>395.3</ele>
    <time>2024-04-17T17:00:09Z</time>
   </trkpt>
   <trkpt lat="65.8156880" lon="-16.3876170">
    <ele>395.3</ele>
    <time>2024-04-17T17:00:10Z</time>
   </trkpt>
   <trkpt lat="65.8156880" lon="-16.3876170">
    <ele>395.3</ele>
    <time>2024-04-17T17:00:11Z</time>
   </trkpt>
   <trkpt lat="65.8156880" lon="-16.3876170">
    <ele>395.3</ele>
    <time>2024-04-17T17:00:12Z</time>
   </trkpt>
   <trkpt lat="65.8156880" lon="-16.3876170">
    <ele>395.3</ele>
    <time>2024-04-17T17:00:13Z</time>
   </trkpt>
   <trkpt lat="65.8156890" lon="-16.3876190">
    <ele>395.3</ele>
    <time>2024-04-17T17:00:14Z</time>
   </trkpt>
   <trkpt lat="65.8156890" lon="-16.3876130">
    <ele>395.3</ele>
    <time>2024-04-17T17:00:15Z</time>
   </trkpt>
   <trkpt lat="65.8156900" lon="-16.3876170">
    <ele>395.3</ele>
    <time>2024-04-17T17:00:16Z</time>
   </trkpt>
   <trkpt lat="65.8156900" lon="-16.3876150">
    <ele>395.3</ele>
    <time>2024-04-17T17:00:17Z</time>
   </trkpt>
   <trkpt lat="65.8156900" lon="-16.3876160">
    <ele>395.3</ele>
    <time>2024-04-17T17:00:18Z</time>
   </trkpt>
   <trkpt lat="65.8156890" lon="-16.3876130">
    <ele>395.3</ele>
    <time>2024-04-17T17:00:19Z</time>
   </trkpt>
   <trkpt lat="65.8156890" lon="-16.3876130">
    <ele>395.3</ele>
    <time>2024-04-17T17:00:20Z</time>
   </trkpt>
   <trkpt lat="65.8156890" lon="-16.3876130">
    <ele>395.3</ele>
    <time>2024-04-17T17:00:21Z</time>
   </trkpt>
   <trkpt lat="65.8156910" lon="-16.3876160">
    <ele>395.3</ele>
    <time>2024-04-17T17:00:22Z</time>
   </trkpt>
   <trkpt lat="65.8156910" lon="-16.3876180">
    <ele>395.3</ele>
    <time>2024-04-17T17:00:23Z</time>
   </trkpt>
   <trkpt lat="65.8156900" lon="-16.3876180">
    <ele>395.3</ele>
    <time>2024-04-17T17:00:24Z</time>
   </trkpt>
   <trkpt lat="65.8156900" lon="-16.3876180">
    <ele>395.3</ele>
    <time>2024-04-17T17:00:25Z</time>
   </trkpt>
   <trkpt lat="65.8156900" lon="-16.3876180">
    <ele>395.3</ele>
    <time>2024-04-17T17:00:26Z</time>
   </trkpt>
   <trkpt lat="65.8156900" lon="-16.3876180">
    <ele>395.3</ele>
    <time>2024-04-17T17:00:27Z</time>
   </trkpt>
   <trkpt lat="65.8156920" lon="-16.3876300">
    <ele>395.3</ele>
    <time>2024-04-17T17:00:28Z</time>
   </trkpt>
   <trkpt lat="65.8156920" lon="-16.3876300">
    <ele>395.3</ele>
    <time>2024-04-17T17:00:29Z</time>
   </trkpt>
   <trkpt lat="65.8156920" lon="-16.3876300">
    <ele>395.3</ele>
    <time>2024-04-17T17:00:30Z</time>
   </trkpt>
   <trkpt lat="65.8156920" lon="-16.3876300">
    <ele>395.3</ele>
    <time>2024-04-17T17:00:31Z</time>
   </trkpt>
   <trkpt lat="65.8156920" lon="-16.3876300">
    <ele>395.3</ele>
    <time>2024-04-17T17:00:32Z</time>
   </trkpt>
   <trkpt lat="65.8156920" lon="-16.3876300">
    <ele>395.3</ele>
    <time>2024-04-17T17:00:33Z</time>
   </trkpt>
   <trkpt lat="65.8156920" lon="-16.3876300">
    <ele>395.3</ele>
    <time>2024-04-17T17:00:34Z</time>
   </trkpt>
   <trkpt lat="65.8156920" lon="-16.3876300">
    <ele>395.3</ele>
    <time>2024-04-17T17:00:35Z</time>
   </trkpt>
   <trkpt lat="65.8156920" lon="-16.3876300">
    <ele>395.3</ele>
    <time>2024-04-17T17:00:36Z</time>
   </trkpt>
   <trkpt lat="65.8156920" lon="-16.3876300">
    <ele>395.3</ele>
    <time>2024-04-17T17:00:37Z</time>
   </trkpt>
   <trkpt lat="65.8156920" lon="-16.3876300">
    <ele>395.3</ele>
    <time>2024-04-17T17:00:38Z</time>
   </trkpt>
   <trkpt lat="65.8156920" lon="-16.3876300">
    <ele>395.3</ele>
    <time>2024-04-17T17:00:39Z</time>
   </trkpt>
   <trkpt lat="65.8156920" lon="-16.3876300">
    <ele>395.3</ele>
    <time>2024-04-17T17:00:40Z</time>
   </trkpt>
   <trkpt lat="65.8156920" lon="-16.3876300">
    <ele>395.3</ele>
    <time>2024-04-17T17:00:41Z</time>
   </trkpt>
   <trkpt lat="65.8156920" lon="-16.3876300">
    <ele>395.3</ele>
    <time>2024-04-17T17:00:42Z</time>
   </trkpt>
   <trkpt lat="65.8156920" lon="-16.3876300">
    <ele>395.3</ele>
    <time>2024-04-17T17:00:43Z</time>
   </trkpt>
   <trkpt lat="65.8156940" lon="-16.3876180">
    <ele>395.3</ele>
    <time>2024-04-17T17:00:44Z</time>
   </trkpt>
   <trkpt lat="65.8156960" lon="-16.3876200">
    <ele>395.3</ele>
    <time>2024-04-17T17:00:45Z</time>
   </trkpt>
   <trkpt lat="65.8156950" lon="-16.3876180">
    <ele>395.3</ele>
    <time>2024-04-17T17:00:46Z</time>
   </trkpt>
   <trkpt lat="65.8156950" lon="-16.3876180">
    <ele>395.3</ele>
    <time>2024-04-17T17:00:47Z</time>
   </trkpt>
   <trkpt lat="65.8156940" lon="-16.3876170">
    <ele>395.3</ele>
    <time>2024-04-17T17:00:48Z</time>
   </trkpt>
   <trkpt lat="65.8156940" lon="-16.3876120">
    <ele>395.3</ele>
    <time>2024-04-17T17:00:49Z</time>
   </trkpt>
   <trkpt lat="65.8156930" lon="-16.3876140">
    <ele>395.3</ele>
    <time>2024-04-17T17:00:50Z</time>
   </trkpt>
   <trkpt lat="65.8156920" lon="-16.3876120">
    <ele>395.3</ele>
    <time>2024-04-17T17:00:51Z</time>
   </trkpt>
   <trkpt lat="65.8156940" lon="-16.3876110">
    <ele>395.3</ele>
    <time>2024-04-17T17:00:52Z</time>
   </trkpt>
   <trkpt lat="65.8156930" lon="-16.3876100">
    <ele>395.3</ele>
    <time>2024-04-17T17:00:53Z</time>
   </trkpt>
   <trkpt lat="65.8156910" lon="-16.3876090">
    <ele>395.3</ele>
    <time>2024-04-17T17:00:54Z</time>
   </trkpt>
   <trkpt lat="65.8156910" lon="-16.3876110">
    <ele>395.3</ele>
    <time>2024-04-17T17:00:55Z</time>
   </trkpt>
   <trkpt lat="65.8156920" lon="-16.3876140">
    <ele>395.3</ele>
    <time>2024-04-17T17:00:56Z</time>
   </trkpt>
   <trkpt lat="65.8156910" lon="-16.3876070">
    <ele>395.3</ele>
    <time>2024-04-17T17:00:57Z</time>
   </trkpt>
   <trkpt lat="65.8156890" lon="-16.3876060">
    <ele>395.3</ele>
    <time>2024-04-17T17:00:58Z</time>
   </trkpt>
   <trkpt lat="65.8156920" lon="-16.3876140">
    <ele>395.3</ele>
    <time>2024-04-17T17:00:59Z</time>
   </trkpt>
   <trkpt lat="65.8156910" lon="-16.3876130">
    <ele>395.3</ele>
    <time>2024-04-17T17:01:00Z</time>
   </trkpt>
   <trkpt lat="65.8156920" lon="-16.3876140">
    <ele>395.3</ele>
    <time>2024-04-17T17:01:01Z</time>
   </trkpt>
   <trkpt lat="65.8156930" lon="-16.3876190">
    <ele>395.3</ele>
    <time>2024-04-17T17:01:02Z</time>
   </trkpt>
   <trkpt lat="65.8156930" lon="-16.3876180">
    <ele>395.3</ele>
    <time>2024-04-17T17:01:03Z</time>
   </trkpt>
   <trkpt lat="65.8156970" lon="-16.3876270">
    <ele>395.3</ele>
    <time>2024-04-17T17:01:04Z</time>
   </trkpt>
   <trkpt lat="65.8156960" lon="-16.3876220">
    <ele>395.3</ele>
    <time>2024-04-17T17:01:05Z</time>
   </trkpt>
   <trkpt lat="65.8156950" lon="-16.3876210">
    <ele>395.3</ele>
    <time>2024-04-17T17:01:06Z</time>
   </trkpt>
   <trkpt lat="65.8156950" lon="-16.3876230">
    <ele>395.3</ele>
    <time>2024-04-17T17:01:07Z</time>
   </trkpt>
   <trkpt lat="65.8156940" lon="-16.3876210">
    <ele>395.3</ele>
    <time>2024-04-17T17:01:08Z</time>
   </trkpt>
   <trkpt lat="65.8156940" lon="-16.3876210">
    <ele>395.3</ele>
    <time>2024-04-17T17:01:09Z</time>
   </trkpt>
   <trkpt lat="65.8156950" lon="-16.3876180">
    <ele>395.3</ele>
    <time>2024-04-17T17:01:10Z</time>
   </trkpt>
   <trkpt lat="65.8156950" lon="-16.3876230">
    <ele>395.3</ele>
    <time>2024-04-17T17:01:11Z</time>
   </trkpt>
   <trkpt lat="65.8156940" lon="-16.3876200">
    <ele>395.3</ele>
    <time>2024-04-17T17:01:12Z</time>
   </trkpt>
   <trkpt lat="65.8156940" lon="-16.3876200">
    <ele>395.3</ele>
    <time>2024-04-17T17:01:13Z</time>
   </trkpt>
   <trkpt lat="65.8156940" lon="-16.3876200">
    <ele>395.3</ele>
    <time>2024-04-17T17:01:14Z</time>
   </trkpt>
   <trkpt lat="65.8156940" lon="-16.3876200">
    <ele>395.3</ele>
    <time>2024-04-17T17:01:15Z</time>
   </trkpt>
   <trkpt lat="65.8156930" lon="-16.3876250">
    <ele>395.3</ele>
    <time>2024-04-17T17:01:16Z</time>
   </trkpt>
   <trkpt lat="65.8156930" lon="-16.3876250">
    <ele>395.3</ele>
    <time>2024-04-17T17:01:17Z</time>
   </trkpt>
   <trkpt lat="65.8156930" lon="-16.3876250">
    <ele>395.3</ele>
    <time>2024-04-17T17:01:18Z</time>
   </trkpt>
   <trkpt lat="65.8156930" lon="-16.3876250">
    <ele>395.3</ele>
    <time>2024-04-17T17:01:19Z</time>
   </trkpt>
   <trkpt lat="65.8156930" lon="-16.3876250">
    <ele>395.3</ele>
    <time>2024-04-17T17:01:20Z</time>
   </trkpt>
   <trkpt lat="65.8156930" lon="-16.3876250">
    <ele>395.3</ele>
    <time>2024-04-17T17:01:21Z</time>
   </trkpt>
   <trkpt lat="65.8156930" lon="-16.3876250">
    <ele>395.3</ele>
    <time>2024-04-17T17:01:22Z</time>
   </trkpt>
   <trkpt lat="65.8156930" lon="-16.3876250">
    <ele>395.3</ele>
    <time>2024-04-17T17:01:23Z</time>
   </trkpt>
   <trkpt lat="65.8156930" lon="-16.3876250">
    <ele>395.3</ele>
    <time>2024-04-17T17:01:24Z</time>
   </trkpt>
   <trkpt lat="65.8156930" lon="-16.3876250">
    <ele>395.3</ele>
    <time>2024-04-17T17:01:25Z</time>
   </trkpt>
   <trkpt lat="65.8156930" lon="-16.3876250">
    <ele>395.3</ele>
    <time>2024-04-17T17:01:26Z</time>
   </trkpt>
   <trkpt lat="65.8156930" lon="-16.3876250">
    <ele>395.3</ele>
    <time>2024-04-17T17:01:27Z</time>
   </trkpt>
   <trkpt lat="65.8156870" lon="-16.3876180">
    <ele>395.3</ele>
    <time>2024-04-17T17:01:28Z</time>
   </trkpt>
   <trkpt lat="65.8156880" lon="-16.3876210">
    <ele>395.3</ele>
    <time>2024-04-17T17:01:29Z</time>
   </trkpt>
   <trkpt lat="65.8156870" lon="-16.3876220">
    <ele>395.3</ele>
    <time>2024-04-17T17:01:30Z</time>
   </trkpt>
   <trkpt lat="65.8156870" lon="-16.3876220">
    <ele>395.3</ele>
    <time>2024-04-17T17:01:31Z</time>
   </trkpt>
   <trkpt lat="65.8156860" lon="-16.3876210">
    <ele>395.3</ele>
    <time>2024-04-17T17:01:32Z</time>
   </trkpt>
   <trkpt lat="65.8156860" lon="-16.3876210">
    <ele>395.3</ele>
    <time>2024-04-17T17:01:33Z</time>
   </trkpt>
   <trkpt lat="65.8156860" lon="-16.3876210">
    <ele>395.3</ele>
    <time>2024-04-17T17:01:34Z</time>
   </trkpt>
   <trkpt lat="65.8156880" lon="-16.3876270">
    <ele>395.3</ele>
    <time>2024-04-17T17:01:35Z</time>
   </trkpt>
   <trkpt lat="65.8156880" lon="-16.3876260">
    <ele>395.3</ele>
    <time>2024-04-17T17:01:36Z</time>
   </trkpt>
   <trkpt lat="65.8156870" lon="-16.3876390">
    <ele>395.3</ele>
    <time>2024-04-17T17:01:37Z</time>
   </trkpt>
   <trkpt lat="65.8156860" lon="-16.3876210">
    <ele>395.3</ele>
    <time>2024-04-17T17:01:38Z</time>
   </trkpt>
   <trkpt lat="65.8156860" lon="-16.3876210">
    <ele>395.3</ele>
    <time>2024-04-17T17:01:39Z</time>
   </trkpt>
   <trkpt lat="65.8156860" lon="-16.3876210">
    <ele>395.3</ele>
    <time>2024-04-17T17:01:40Z</time>
   </trkpt>
   <trkpt lat="65.8156860" lon="-16.3876210">
    <ele>395.3</ele>
    <time>2024-04-17T17:01:41Z</time>
   </trkpt>
   <trkpt lat="65.8156860" lon="-16.3876210">
    <ele>395.3</ele>
    <time>2024-04-17T17:01:42Z</time>
   </trkpt>
   <trkpt lat="65.8156870" lon="-16.3876130">
    <ele>395.3</ele>
    <time>2024-04-17T17:01:43Z</time>
   </trkpt>
   <trkpt lat="65.8156860" lon="-16.3876140">
    <ele>395.3</ele>
    <time>2024-04-17T17:01:44Z</time>
   </trkpt>
   <trkpt lat="65.8156870" lon="-16.3876170">
    <ele>395.3</ele>
    <time>2024-04-17T17:01:45Z</time>
   </trkpt>
   <trkpt lat="65.8156870" lon="-16.3876170">
    <ele>395.3</ele>
    <time>2024-04-17T17:01:46Z</time>
   </trkpt>
   <trkpt lat="65.8156870" lon="-16.3876170">
    <ele>395.3</ele>
    <time>2024-04-17T17:01:47Z</time>
   </trkpt>
   <trkpt lat="65.8156870" lon="-16.3876170">
    <ele>395.3</ele>
    <time>2024-04-17T17:01:48Z</time>
   </trkpt>
   <trkpt lat="65.8156870" lon="-16.3876170">
    <ele>395.3</ele>
    <time>2024-04-17T17:01:49Z</time>
   </trkpt>
   <trkpt lat="65.8156870" lon="-16.3876170">
    <ele>395.3</ele>
    <time>2024-04-17T17:01:50Z</time>
   </trkpt>
   <trkpt lat="65.8156870" lon="-16.3876170">
    <ele>395.3</ele>
    <time>2024-04-17T17:01:51Z</time>
   </trkpt>
   <trkpt lat="65.8156870" lon="-16.3876170">
    <ele>395.3</ele>
    <time>2024-04-17T17:01:52Z</time>
   </trkpt>
   <trkpt lat="65.8156890" lon="-16.3876190">
    <ele>395.3</ele>
    <time>2024-04-17T17:01:53Z</time>
   </trkpt>
   <trkpt lat="65.8156900" lon="-16.3876210">
    <ele>395.3</ele>
    <time>2024-04-17T17:01:54Z</time>
   </trkpt>
   <trkpt lat="65.8156860" lon="-16.3876080">
    <ele>395.3</ele>
    <time>2024-04-17T17:01:55Z</time>
   </trkpt>
   <trkpt lat="65.8156860" lon="-16.3876140">
    <ele>395.3</ele>
    <time>2024-04-17T17:01:56Z</time>
   </trkpt>
   <trkpt lat="65.8156870" lon="-16.3876160">
    <ele>395.3</ele>
    <time>2024-04-17T17:01:57Z</time>
   </trkpt>
   <trkpt lat="65.8156870" lon="-16.3876140">
    <ele>395.3</ele>
    <time>2024-04-17T17:01:58Z</time>
   </trkpt>
   <trkpt lat="65.8156880" lon="-16.3876150">
    <ele>395.3</ele>
    <time>2024-04-17T17:01:59Z</time>
   </trkpt>
   <trkpt lat="65.8156880" lon="-16.3876150">
    <ele>395.3</ele>
    <time>2024-04-17T17:02:00Z</time>
   </trkpt>
   <trkpt lat="65.8156890" lon="-16.3876160">
    <ele>395.3</ele>
    <time>2024-04-17T17:02:01Z</time>
   </trkpt>
   <trkpt lat="65.8156900" lon="-16.3876170">
    <ele>395.3</ele>
    <time>2024-04-17T17:02:02Z</time>
   </trkpt>
   <trkpt lat="65.8156900" lon="-16.3876180">
    <ele>395.3</ele>
    <time>2024-04-17T17:02:03Z</time>
   </trkpt>
   <trkpt lat="65.8156900" lon="-16.3876210">
    <ele>395.3</ele>
    <time>2024-04-17T17:02:04Z</time>
   </trkpt>
   <trkpt lat="65.8156880" lon="-16.3876190">
    <ele>395.3</ele>
    <time>2024-04-17T17:02:05Z</time>
   </trkpt>
   <trkpt lat="65.8156860" lon="-16.3876220">
    <ele>395.3</ele>
    <time>2024-04-17T17:02:06Z</time>
   </trkpt>
   <trkpt lat="65.8156860" lon="-16.3876290">
    <ele>395.3</ele>
    <time>2024-04-17T17:02:07Z</time>
   </trkpt>
   <trkpt lat="65.8156860" lon="-16.3876420">
    <ele>395.3</ele>
    <time>2024-04-17T17:02:08Z</time>
   </trkpt>
   <trkpt lat="65.8156840" lon="-16.3876410">
    <ele>395.3</ele>
    <time>2024-04-17T17:02:09Z</time>
   </trkpt>
   <trkpt lat="65.8156840" lon="-16.3876380">
    <ele>395.3</ele>
    <time>2024-04-17T17:02:10Z</time>
   </trkpt>
   <trkpt lat="65.8156830" lon="-16.3876430">
    <ele>395.3</ele>
    <time>2024-04-17T17:02:11Z</time>
   </trkpt>
   <trkpt lat="65.8156840" lon="-16.3876480">
    <ele>395.3</ele>
    <time>2024-04-17T17:02:12Z</time>
   </trkpt>
   <trkpt lat="65.8156800" lon="-16.3876460">
    <ele>395.3</ele>
    <time>2024-04-17T17:02:13Z</time>
   </trkpt>
   <trkpt lat="65.8156760" lon="-16.3876470">
    <ele>395.3</ele>
    <time>2024-04-17T17:02:14Z</time>
   </trkpt>
   <trkpt lat="65.8156760" lon="-16.3876410">
    <ele>395.3</ele>
    <time>2024-04-17T17:02:15Z</time>
   </trkpt>
   <trkpt lat="65.8156760" lon="-16.3876480">
    <ele>395.3</ele>
    <time>2024-04-17T17:02:16Z</time>
   </trkpt>
   <trkpt lat="65.8156750" lon="-16.3876490">
    <ele>395.3</ele>
    <time>2024-04-17T17:02:17Z</time>
   </trkpt>
   <trkpt lat="65.8156750" lon="-16.3876520">
    <ele>395.3</ele>
    <time>2024-04-17T17:02:18Z</time>
   </trkpt>
   <trkpt lat="65.8156750" lon="-16.3876520">
    <ele>395.3</ele>
    <time>2024-04-17T17:02:19Z</time>
   </trkpt>
   <trkpt lat="65.8156750" lon="-16.3876520">
    <ele>395.3</ele>
    <time>2024-04-17T17:02:20Z</time>
   </trkpt>
   <trkpt lat="65.8156750" lon="-16.3876510">
    <ele>395.3</ele>
    <time>2024-04-17T17:02:21Z</time>
   </trkpt>
   <trkpt lat="65.8156730" lon="-16.3876570">
    <ele>395.3</ele>
    <time>2024-04-17T17:02:22Z</time>
   </trkpt>
   <trkpt lat="65.8156720" lon="-16.3876630">
    <ele>395.3</ele>
    <time>2024-04-17T17:02:23Z</time>
   </trkpt>
   <trkpt lat="65.8156680" lon="-16.3876760">
    <ele>395.3</ele>
    <time>2024-04-17T17:02:24Z</time>
   </trkpt>
   <trkpt lat="65.8156600" lon="-16.3876860">
    <ele>395.3</ele>
    <time>2024-04-17T17:02:25Z</time>
   </trkpt>
   <trkpt lat="65.8156590" lon="-16.3876910">
    <ele>395.3</ele>
    <time>2024-04-17T17:02:26Z</time>
   </trkpt>
   <trkpt lat="65.8156580" lon="-16.3876850">
    <ele>395.3</ele>
    <time>2024-04-17T17:02:27Z</time>
   </trkpt>
   <trkpt lat="65.8156560" lon="-16.3876960">
    <ele>395.3</ele>
    <time>2024-04-17T17:02:28Z</time>
   </trkpt>
   <trkpt lat="65.8156570" lon="-16.3877100">
    <ele>395.3</ele>
    <time>2024-04-17T17:02:29Z</time>
   </trkpt>
   <trkpt lat="65.8156530" lon="-16.3877200">
    <ele>395.3</ele>
    <time>2024-04-17T17:02:30Z</time>
   </trkpt>
   <trkpt lat="65.8156490" lon="-16.3877350">
    <ele>395.3</ele>
    <time>2024-04-17T17:02:31Z</time>
   </trkpt>
   <trkpt lat="65.8156460" lon="-16.3877470">
    <ele>395.3</ele>
    <time>2024-04-17T17:02:32Z</time>
   </trkpt>
   <trkpt lat="65.8156420" lon="-16.3877580">
    <ele>395.3</ele>
    <time>2024-04-17T17:02:33Z</time>
   </trkpt>
   <trkpt lat="65.8156380" lon="-16.3877700">
    <ele>395.3</ele>
    <time>2024-04-17T17:02:34Z</time>
   </trkpt>
   <trkpt lat="65.8156360" lon="-16.3877870">
    <ele>395.3</ele>
    <time>2024-04-17T17:02:35Z</time>
   </trkpt>
   <trkpt lat="65.8156350" lon="-16.3878030">
    <ele>395.3</ele>
    <time>2024-04-17T17:02:36Z</time>
   </trkpt>
   <trkpt lat="65.8156370" lon="-16.3878160">
    <ele>395.3</ele>
    <time>2024-04-17T17:02:37Z</time>
   </trkpt>
   <trkpt lat="65.8156390" lon="-16.3878240">
    <ele>395.3</ele>
    <time>2024-04-17T17:02:38Z</time>
   </trkpt>
   <trkpt lat="65.8156370" lon="-16.3878500">
    <ele>395.3</ele>
    <time>2024-04-17T17:02:39Z</time>
   </trkpt>
   <trkpt lat="65.8156370" lon="-16.3878530">
    <ele>395.3</ele>
    <time>2024-04-17T17:02:40Z</time>
   </trkpt>
   <trkpt lat="65.8156330" lon="-16.3878560">
    <ele>395.3</ele>
    <time>2024-04-17T17:02:41Z</time>
   </trkpt>
   <trkpt lat="65.8156310" lon="-16.3878510">
    <ele>395.3</ele>
    <time>2024-04-17T17:02:42Z</time>
   </trkpt>
   <trkpt lat="65.8156320" lon="-16.3878460">
    <ele>395.3</ele>
    <time>2024-04-17T17:02:43Z</time>
   </trkpt>
   <trkpt lat="65.8156320" lon="-16.3878450">
    <ele>395.3</ele>
    <time>2024-04-17T17:02:44Z</time>
   </trkpt>
   <trkpt lat="65.8156320" lon="-16.3878450">
    <ele>395.3</ele>
    <time>2024-04-17T17:02:45Z</time>
   </trkpt>
   <trkpt lat="65.8156320" lon="-16.3878450">
    <ele>395.3</ele>
    <time>2024-04-17T17:02:46Z</time>
   </trkpt>
   <trkpt lat="65.8156350" lon="-16.3878380">
    <ele>395.3</ele>
    <time>2024-04-17T17:02:47Z</time>
   </trkpt>
   <trkpt lat="65.8156350" lon="-16.3878380">
    <ele>395.3</ele>
    <time>2024-04-17T17:02:48Z</time>
   </trkpt>
   <trkpt lat="65.8156360" lon="-16.3878330">
    <ele>395.3</ele>
    <time>2024-04-17T17:02:49Z</time>
   </trkpt>
   <trkpt lat="65.8156360" lon="-16.3878320">
    <ele>395.3</ele>
    <time>2024-04-17T17:02:50Z</time>
   </trkpt>
   <trkpt lat="65.8156360" lon="-16.3878320">
    <ele>395.3</ele>
    <time>2024-04-17T17:02:51Z</time>
   </trkpt>
   <trkpt lat="65.8156330" lon="-16.3878360">
    <ele>395.3</ele>
    <time>2024-04-17T17:02:52Z</time>
   </trkpt>
   <trkpt lat="65.8156340" lon="-16.3878300">
    <ele>395.3</ele>
    <time>2024-04-17T17:02:53Z</time>
   </trkpt>
   <trkpt lat="65.8156340" lon="-16.3878270">
    <ele>395.3</ele>
    <time>2024-04-17T17:02:54Z</time>
   </trkpt>
   <trkpt lat="65.8156350" lon="-16.3878210">
    <ele>395.3</ele>
    <time>2024-04-17T17:02:55Z</time>
   </trkpt>
   <trkpt lat="65.8156370" lon="-16.3878160">
    <ele>395.3</ele>
    <time>2024-04-17T17:02:56Z</time>
   </trkpt>
   <trkpt lat="65.8156360" lon="-16.3878160">
    <ele>395.3</ele>
    <time>2024-04-17T17:02:57Z</time>
   </trkpt>
   <trkpt lat="65.8156350" lon="-16.3878160">
    <ele>395.3</ele>
    <time>2024-04-17T17:02:58Z</time>
   </trkpt>
   <trkpt lat="65.8156340" lon="-16.3878140">
    <ele>395.3</ele>
    <time>2024-04-17T17:02:59Z</time>
   </trkpt>
   <trkpt lat="65.8156350" lon="-16.3878150">
    <ele>395.3</ele>
    <time>2024-04-17T17:03:00Z</time>
   </trkpt>
   <trkpt lat="65.8156350" lon="-16.3878150">
    <ele>395.3</ele>
    <time>2024-04-17T17:03:01Z</time>
   </trkpt>
   <trkpt lat="65.8156340" lon="-16.3878140">
    <ele>395.3</ele>
    <time>2024-04-17T17:03:02Z</time>
   </trkpt>
   <trkpt lat="65.8156340" lon="-16.3878140">
    <ele>395.3</ele>
    <time>2024-04-17T17:03:03Z</time>
   </trkpt>
   <trkpt lat="65.8156330" lon="-16.3878100">
    <ele>395.3</ele>
    <time>2024-04-17T17:03:04Z</time>
   </trkpt>
   <trkpt lat="65.8156330" lon="-16.3878070">
    <ele>395.3</ele>
    <time>2024-04-17T17:03:05Z</time>
   </trkpt>
   <trkpt lat="65.8156330" lon="-16.3878110">
    <ele>395.3</ele>
    <time>2024-04-17T17:03:06Z</time>
   </trkpt>
   <trkpt lat="65.8156340" lon="-16.3878110">
    <ele>395.3</ele>
    <time>2024-04-17T17:03:07Z</time>
   </trkpt>
   <trkpt lat="65.8156320" lon="-16.3878150">
    <ele>395.3</ele>
    <time>2024-04-17T17:03:08Z</time>
   </trkpt>
   <trkpt lat="65.8156330" lon="-16.3878150">
    <ele>395.3</ele>
    <time>2024-04-17T17:03:09Z</time>
   </trkpt>
   <trkpt lat="65.8156320" lon="-16.3878100">
    <ele>395.3</ele>
    <time>2024-04-17T17:03:10Z</time>
   </trkpt>
   <trkpt lat="65.8156340" lon="-16.3878110">
    <ele>395.3</ele>
    <time>2024-04-17T17:03:11Z</time>
   </trkpt>
   <trkpt lat="65.8156340" lon="-16.3878160">
    <ele>395.3</ele>
    <time>2024-04-17T17:03:12Z</time>
   </trkpt>
   <trkpt lat="65.8156380" lon="-16.3878200">
    <ele>395.3</ele>
    <time>2024-04-17T17:03:13Z</time>
   </trkpt>
   <trkpt lat="65.8156370" lon="-16.3878250">
    <ele>395.3</ele>
    <time>2024-04-17T17:03:14Z</time>
   </trkpt>
   <trkpt lat="65.8156360" lon="-16.3878270">
    <ele>395.3</ele>
    <time>2024-04-17T17:03:15Z</time>
   </trkpt>
   <trkpt lat="65.8156340" lon="-16.3878430">
    <ele>395.3</ele>
    <time>2024-04-17T17:03:16Z</time>
   </trkpt>
   <trkpt lat="65.8156350" lon="-16.3878500">
    <ele>395.3</ele>
    <time>2024-04-17T17:03:17Z</time>
   </trkpt>
   <trkpt lat="65.8156330" lon="-16.3878580">
    <ele>395.3</ele>
    <time>2024-04-17T17:03:18Z</time>
   </trkpt>
   <trkpt lat="65.8156340" lon="-16.3878650">
    <ele>395.3</ele>
    <time>2024-04-17T17:03:19Z</time>
   </trkpt>
   <trkpt lat="65.8156370" lon="-16.3878590">
    <ele>395.3</ele>
    <time>2024-04-17T17:03:20Z</time>
   </trkpt>
   <trkpt lat="65.8156340" lon="-16.3878560">
    <ele>395.3</ele>
    <time>2024-04-17T17:03:21Z</time>
   </trkpt>
   <trkpt lat="65.8156340" lon="-16.3878400">
    <ele>395.3</ele>
    <time>2024-04-17T17:03:22Z</time>
   </trkpt>
   <trkpt lat="65.8156330" lon="-16.3878300">
    <ele>395.3</ele>
    <time>2024-04-17T17:03:23Z</time>
   </trkpt>
   <trkpt lat="65.8156330" lon="-16.3878320">
    <ele>395.3</ele>
    <time>2024-04-17T17:03:24Z</time>
   </trkpt>
   <trkpt lat="65.8156310" lon="-16.3878360">
    <ele>395.3</ele>
    <time>2024-04-17T17:03:25Z</time>
   </trkpt>
   <trkpt lat="65.8156330" lon="-16.3878330">
    <ele>395.3</ele>
    <time>2024-04-17T17:03:26Z</time>
   </trkpt>
   <trkpt lat="65.8156300" lon="-16.3878310">
    <ele>395.3</ele>
    <time>2024-04-17T17:03:27Z</time>
   </trkpt>
   <trkpt lat="65.8156310" lon="-16.3878210">
    <ele>395.3</ele>
    <time>2024-04-17T17:03:28Z</time>
   </trkpt>
   <trkpt lat="65.8156310" lon="-16.3878460">
    <ele>395.3</ele>
    <time>2024-04-17T17:03:29Z</time>
   </trkpt>
   <trkpt lat="65.8156320" lon="-16.3878260">
    <ele>395.3</ele>
    <time>2024-04-17T17:03:30Z</time>
   </trkpt>
   <trkpt lat="65.8156310" lon="-16.3878310">
    <ele>395.3</ele>
    <time>2024-04-17T17:03:31Z</time>
   </trkpt>
   <trkpt lat="65.8156320" lon="-16.3878300">
    <ele>395.3</ele>
    <time>2024-04-17T17:03:32Z</time>
   </trkpt>
   <trkpt lat="65.8156320" lon="-16.3878290">
    <ele>395.3</ele>
    <time>2024-04-17T17:03:33Z</time>
   </trkpt>
   <trkpt lat="65.8156320" lon="-16.3878240">
    <ele>395.3</ele>
    <time>2024-04-17T17:03:34Z</time>
   </trkpt>
   <trkpt lat="65.8156300" lon="-16.3878380">
    <ele>395.3</ele>
    <time>2024-04-17T17:03:35Z</time>
   </trkpt>
   <trkpt lat="65.8156280" lon="-16.3878130">
    <ele>395.3</ele>
    <time>2024-04-17T17:03:36Z</time>
   </trkpt>
   <trkpt lat="65.8156290" lon="-16.3878290">
    <ele>395.3</ele>
    <time>2024-04-17T17:03:37Z</time>
   </trkpt>
   <trkpt lat="65.8156300" lon="-16.3878310">
    <ele>395.3</ele>
    <time>2024-04-17T17:03:38Z</time>
   </trkpt>
   <trkpt lat="65.8156290" lon="-16.3878310">
    <ele>395.3</ele>
    <time>2024-04-17T17:03:39Z</time>
   </trkpt>
   <trkpt lat="65.8156300" lon="-16.3878230">
    <ele>395.3</ele>
    <time>2024-04-17T17:03:40Z</time>
   </trkpt>
   <trkpt lat="65.8156310" lon="-16.3878190">
    <ele>395.3</ele>
    <time>2024-04-17T17:03:41Z</time>
   </trkpt>
   <trkpt lat="65.8156310" lon="-16.3878300">
    <ele>395.3</ele>
    <time>2024-04-17T17:03:42Z</time>
   </trkpt>
   <trkpt lat="65.8156320" lon="-16.3878380">
    <ele>395.3</ele>
    <time>2024-04-17T17:03:43Z</time>
   </trkpt>
   <trkpt lat="65.8156360" lon="-16.3878330">
    <ele>395.3</ele>
    <time>2024-04-17T17:03:44Z</time>
   </trkpt>
   <trkpt lat="65.8156260" lon="-16.3878370">
    <ele>395.3</ele>
    <time>2024-04-17T17:03:45Z</time>
   </trkpt>
   <trkpt lat="65.8156290" lon="-16.3878330">
    <ele>395.3</ele>
    <time>2024-04-17T17:03:46Z</time>
   </trkpt>
   <trkpt lat="65.8156290" lon="-16.3878330">
    <ele>395.3</ele>
    <time>2024-04-17T17:03:47Z</time>
   </trkpt>
   <trkpt lat="65.8156290" lon="-16.3878330">
    <ele>395.3</ele>
    <time>2024-04-17T17:03:48Z</time>
   </trkpt>
   <trkpt lat="65.8156310" lon="-16.3878320">
    <ele>395.3</ele>
    <time>2024-04-17T17:03:49Z</time>
   </trkpt>
   <trkpt lat="65.8156330" lon="-16.3878350">
    <ele>395.3</ele>
    <time>2024-04-17T17:03:50Z</time>
   </trkpt>
   <trkpt lat="65.8156300" lon="-16.3878430">
    <ele>395.3</ele>
    <time>2024-04-17T17:03:51Z</time>
   </trkpt>
   <trkpt lat="65.8156300" lon="-16.3878480">
    <ele>395.3</ele>
    <time>2024-04-17T17:03:52Z</time>
   </trkpt>
   <trkpt lat="65.8156280" lon="-16.3878530">
    <ele>395.3</ele>
    <time>2024-04-17T17:03:53Z</time>
   </trkpt>
   <trkpt lat="65.8156290" lon="-16.3878550">
    <ele>395.3</ele>
    <time>2024-04-17T17:03:54Z</time>
   </trkpt>
   <trkpt lat="65.8156300" lon="-16.3878540">
    <ele>395.3</ele>
    <time>2024-04-17T17:03:55Z</time>
   </trkpt>
   <trkpt lat="65.8156300" lon="-16.3878500">
    <ele>395.3</ele>
    <time>2024-04-17T17:03:56Z</time>
   </trkpt>
   <trkpt lat="65.8156310" lon="-16.3878530">
    <ele>395.3</ele>
    <time>2024-04-17T17:03:57Z</time>
   </trkpt>
   <trkpt lat="65.8156310" lon="-16.3878530">
    <ele>395.3</ele>
    <time>2024-04-17T17:03:58Z</time>
   </trkpt>
   <trkpt lat="65.8156310" lon="-16.3878540">
    <ele>395.3</ele>
    <time>2024-04-17T17:03:59Z</time>
   </trkpt>
   <trkpt lat="65.8156320" lon="-16.3878550">
    <ele>395.3</ele>
    <time>2024-04-17T17:04:00Z</time>
   </trkpt>
   <trkpt lat="65.8156310" lon="-16.3878550">
    <ele>395.3</ele>
    <time>2024-04-17T17:04:01Z</time>
   </trkpt>
   <trkpt lat="65.8156320" lon="-16.3878490">
    <ele>395.3</ele>
    <time>2024-04-17T17:04:02Z</time>
   </trkpt>
   <trkpt lat="65.8156320" lon="-16.3878440">
    <ele>395.3</ele>
    <time>2024-04-17T17:04:03Z</time>
   </trkpt>
   <trkpt lat="65.8156310" lon="-16.3878510">
    <ele>395.3</ele>
    <time>2024-04-17T17:04:04Z</time>
   </trkpt>
   <trkpt lat="65.8156280" lon="-16.3878370">
    <ele>395.3</ele>
    <time>2024-04-17T17:04:05Z</time>
   </trkpt>
   <trkpt lat="65.8156320" lon="-16.3878470">
    <ele>395.3</ele>
    <time>2024-04-17T17:04:06Z</time>
   </trkpt>
   <trkpt lat="65.8156320" lon="-16.3878390">
    <ele>395.3</ele>
    <time>2024-04-17T17:04:07Z</time>
   </trkpt>
   <trkpt lat="65.8156300" lon="-16.3878390">
    <ele>395.3</ele>
    <time>2024-04-17T17:04:08Z</time>
   </trkpt>
   <trkpt lat="65.8156310" lon="-16.3878430">
    <ele>395.3</ele>
    <time>2024-04-17T17:04:09Z</time>
   </trkpt>
   <trkpt lat="65.8156320" lon="-16.3878450">
    <ele>395.3</ele>
    <time>2024-04-17T17:04:10Z</time>
   </trkpt>
   <trkpt lat="65.8156310" lon="-16.3878490">
    <ele>395.3</ele>
    <time>2024-04-17T17:04:11Z</time>
   </trkpt>
   <trkpt lat="65.8156320" lon="-16.3878430">
    <ele>395.3</ele>
    <time>2024-04-17T17:04:12Z</time>
   </trkpt>
   <trkpt lat="65.8156320" lon="-16.3878440">
    <ele>395.3</ele>
    <time>2024-04-17T17:04:13Z</time>
   </trkpt>
   <trkpt lat="65.8156330" lon="-16.3878460">
    <ele>395.3</ele>
    <time>2024-04-17T17:04:14Z</time>
   </trkpt>
   <trkpt lat="65.8156320" lon="-16.3878460">
    <ele>395.3</ele>
    <time>2024-04-17T17:04:15Z</time>
   </trkpt>
   <trkpt lat="65.8156310" lon="-16.3878470">
    <ele>395.3</ele>
    <time>2024-04-17T17:04:16Z</time>
   </trkpt>
   <trkpt lat="65.8156310" lon="-16.3878470">
    <ele>395.3</ele>
    <time>2024-04-17T17:04:17Z</time>
   </trkpt>
   <trkpt lat="65.8156310" lon="-16.3878470">
    <ele>395.3</ele>
    <time>2024-04-17T17:04:18Z</time>
   </trkpt>
   <trkpt lat="65.8156310" lon="-16.3878470">
    <ele>395.3</ele>
    <time>2024-04-17T17:04:19Z</time>
   </trkpt>
   <trkpt lat="65.8156330" lon="-16.3878430">
    <ele>395.3</ele>
    <time>2024-04-17T17:04:20Z</time>
   </trkpt>
   <trkpt lat="65.8156330" lon="-16.3878430">
    <ele>395.3</ele>
    <time>2024-04-17T17:04:21Z</time>
   </trkpt>
   <trkpt lat="65.8156330" lon="-16.3878440">
    <ele>395.3</ele>
    <time>2024-04-17T17:04:22Z</time>
   </trkpt>
   <trkpt lat="65.8156330" lon="-16.3878400">
    <ele>395.3</ele>
    <time>2024-04-17T17:04:23Z</time>
   </trkpt>
   <trkpt lat="65.8156360" lon="-16.3878310">
    <ele>395.3</ele>
    <time>2024-04-17T17:04:24Z</time>
   </trkpt>
   <trkpt lat="65.8156340" lon="-16.3878360">
    <ele>395.3</ele>
    <time>2024-04-17T17:04:25Z</time>
   </trkpt>
   <trkpt lat="65.8156340" lon="-16.3878410">
    <ele>395.3</ele>
    <time>2024-04-17T17:04:26Z</time>
   </trkpt>
   <trkpt lat="65.8156350" lon="-16.3878370">
    <ele>395.3</ele>
    <time>2024-04-17T17:04:27Z</time>
   </trkpt>
   <trkpt lat="65.8156350" lon="-16.3878400">
    <ele>395.3</ele>
    <time>2024-04-17T17:04:28Z</time>
   </trkpt>
   <trkpt lat="65.8156340" lon="-16.3878430">
    <ele>395.3</ele>
    <time>2024-04-17T17:04:29Z</time>
   </trkpt>
   <trkpt lat="65.8156340" lon="-16.3878430">
    <ele>395.3</ele>
    <time>2024-04-17T17:04:30Z</time>
   </trkpt>
   <trkpt lat="65.8156340" lon="-16.3878430">
    <ele>395.3</ele>
    <time>2024-04-17T17:04:31Z</time>
   </trkpt>
   <trkpt lat="65.8156340" lon="-16.3878430">
    <ele>395.3</ele>
    <time>2024-04-17T17:04:32Z</time>
   </trkpt>
   <trkpt lat="65.8156340" lon="-16.3878460">
    <ele>395.3</ele>
    <time>2024-04-17T17:04:33Z</time>
   </trkpt>
   <trkpt lat="65.8156350" lon="-16.3878400">
    <ele>395.3</ele>
    <time>2024-04-17T17:04:34Z</time>
   </trkpt>
   <trkpt lat="65.8156340" lon="-16.3878180">
    <ele>395.3</ele>
    <time>2024-04-17T17:04:35Z</time>
   </trkpt>
   <trkpt lat="65.8156360" lon="-16.3878000">
    <ele>395.3</ele>
    <time>2024-04-17T17:04:36Z</time>
   </trkpt>
   <trkpt lat="65.8156350" lon="-16.3877750">
    <ele>395.3</ele>
    <time>2024-04-17T17:04:37Z</time>
   </trkpt>
   <trkpt lat="65.8156380" lon="-16.3877480">
    <ele>395.3</ele>
    <time>2024-04-17T17:04:38Z</time>
   </trkpt>
   <trkpt lat="65.8156360" lon="-16.3877340">
    <ele>395.3</ele>
    <time>2024-04-17T17:04:39Z</time>
   </trkpt>
   <trkpt lat="65.8156360" lon="-16.3877180">
    <ele>395.3</ele>
    <time>2024-04-17T17:04:40Z</time>
   </trkpt>
   <trkpt lat="65.8156350" lon="-16.3876980">
    <ele>395.3</ele>
    <time>2024-04-17T17:04:41Z</time>
   </trkpt>
   <trkpt lat="65.8156340" lon="-16.3876950">
    <ele>395.3</ele>
    <time>2024-04-17T17:04:42Z</time>
   </trkpt>
   <trkpt lat="65.8156350" lon="-16.3876810">
    <ele>395.3</ele>
    <time>2024-04-17T17:04:43Z</time>
   </trkpt>
   <trkpt lat="65.8156350" lon="-16.3876640">
    <ele>395.3</ele>
    <time>2024-04-17T17:04:44Z</time>
   </trkpt>
   <trkpt lat="65.8156400" lon="-16.3876520">
    <ele>395.3</ele>
    <time>2024-04-17T17:04:45Z</time>
   </trkpt>
   <trkpt lat="65.8156430" lon="-16.3876500">
    <ele>395.3</ele>
    <time>2024-04-17T17:04:46Z</time>
   </trkpt>
   <trkpt lat="65.8156440" lon="-16.3876520">
    <ele>395.3</ele>
    <time>2024-04-17T17:04:47Z</time>
   </trkpt>
   <trkpt lat="65.8156450" lon="-16.3876520">
    <ele>395.3</ele>
    <time>2024-04-17T17:04:48Z</time>
   </trkpt>
   <trkpt lat="65.8156500" lon="-16.3876400">
    <ele>395.3</ele>
    <time>2024-04-17T17:04:49Z</time>
   </trkpt>
   <trkpt lat="65.8156490" lon="-16.3876400">
    <ele>395.3</ele>
    <time>2024-04-17T17:04:50Z</time>
   </trkpt>
   <trkpt lat="65.8156490" lon="-16.3876400">
    <ele>395.3</ele>
    <time>2024-04-17T17:04:51Z</time>
   </trkpt>
   <trkpt lat="65.8156490" lon="-16.3876400">
    <ele>395.3</ele>
    <time>2024-04-17T17:04:52Z</time>
   </trkpt>
   <trkpt lat="65.8156490" lon="-16.3876400">
    <ele>395.3</ele>
    <time>2024-04-17T17:04:53Z</time>
   </trkpt>
   <trkpt lat="65.8156490" lon="-16.3876400">
    <ele>395.3</ele>
    <time>2024-04-17T17:04:54Z</time>
   </trkpt>
   <trkpt lat="65.8156490" lon="-16.3876400">
    <ele>395.3</ele>
    <time>2024-04-17T17:04:55Z</time>
   </trkpt>
   <trkpt lat="65.8156490" lon="-16.3876400">
    <ele>395.3</ele>
    <time>2024-04-17T17:04:56Z</time>
   </trkpt>
   <trkpt lat="65.8156490" lon="-16.3876400">
    <ele>395.3</ele>
    <time>2024-04-17T17:04:57Z</time>
   </trkpt>
   <trkpt lat="65.8156530" lon="-16.3876110">
    <ele>395.3</ele>
    <time>2024-04-17T17:04:58Z</time>
   </trkpt>
   <trkpt lat="65.8156520" lon="-16.3876120">
    <ele>395.3</ele>
    <time>2024-04-17T17:04:59Z</time>
   </trkpt>
   <trkpt lat="65.8156520" lon="-16.3876120">
    <ele>395.3</ele>
    <time>2024-04-17T17:05:00Z</time>
   </trkpt>
   <trkpt lat="65.8156520" lon="-16.3876120">
    <ele>395.3</ele>
    <time>2024-04-17T17:05:01Z</time>
   </trkpt>
   <trkpt lat="65.8156520" lon="-16.3876120">
    <ele>395.3</ele>
    <time>2024-04-17T17:05:02Z</time>
   </trkpt>
   <trkpt lat="65.8156520" lon="-16.3876120">
    <ele>395.3</ele>
    <time>2024-04-17T17:05:03Z</time>
   </trkpt>
   <trkpt lat="65.8156520" lon="-16.3876120">
    <ele>395.3</ele>
    <time>2024-04-17T17:05:04Z</time>
   </trkpt>
   <trkpt lat="65.8156520" lon="-16.3876120">
    <ele>395.3</ele>
    <time>2024-04-17T17:05:05Z</time>
   </trkpt>
   <trkpt lat="65.8156520" lon="-16.3876120">
    <ele>395.3</ele>
    <time>2024-04-17T17:05:06Z</time>
   </trkpt>
   <trkpt lat="65.8156520" lon="-16.3876120">
    <ele>395.3</ele>
    <time>2024-04-17T17:05:07Z</time>
   </trkpt>
   <trkpt lat="65.8156540" lon="-16.3876000">
    <ele>395.3</ele>
    <time>2024-04-17T17:05:08Z</time>
   </trkpt>
   <trkpt lat="65.8156510" lon="-16.3875960">
    <ele>395.3</ele>
    <time>2024-04-17T17:05:09Z</time>
   </trkpt>
   <trkpt lat="65.8156460" lon="-16.3875910">
    <ele>395.3</ele>
    <time>2024-04-17T17:05:10Z</time>
   </trkpt>
   <trkpt lat="65.8156530" lon="-16.3875800">
    <ele>395.3</ele>
    <time>2024-04-17T17:05:11Z</time>
   </trkpt>
   <trkpt lat="65.8156570" lon="-16.3875560">
    <ele>395.3</ele>
    <time>2024-04-17T17:05:12Z</time>
   </trkpt>
   <trkpt lat="65.8156590" lon="-16.3875420">
    <ele>395.3</ele>
    <time>2024-04-17T17:05:13Z</time>
   </trkpt>
   <trkpt lat="65.8156590" lon="-16.3875400">
    <ele>395.3</ele>
    <time>2024-04-17T17:05:14Z</time>
   </trkpt>
   <trkpt lat="65.8156590" lon="-16.3875260">
    <ele>395.3</ele>
    <time>2024-04-17T17:05:15Z</time>
   </trkpt>
   <trkpt lat="65.8156580" lon="-16.3875200">
    <ele>395.3</ele>
    <time>2024-04-17T17:05:16Z</time>
   </trkpt>
   <trkpt lat="65.8156580" lon="-16.3875190">
    <ele>395.3</ele>
    <time>2024-04-17T17:05:17Z</time>
   </trkpt>
   <trkpt lat="65.8156600" lon="-16.3875260">
    <ele>395.3</ele>
    <time>2024-04-17T17:05:18Z</time>
   </trkpt>
   <trkpt lat="65.8156590" lon="-16.3875270">
    <ele>395.3</ele>
    <time>2024-04-17T17:05:19Z</time>
   </trkpt>
   <trkpt lat="65.8156580" lon="-16.3875300">
    <ele>395.3</ele>
    <time>2024-04-17T17:05:20Z</time>
   </trkpt>
   <trkpt lat="65.8156580" lon="-16.3875270">
    <ele>395.3</ele>
    <time>2024-04-17T17:05:21Z</time>
   </trkpt>
   <trkpt lat="65.8156580" lon="-16.3875220">
    <ele>395.3</ele>
    <time>2024-04-17T17:05:22Z</time>
   </trkpt>
   <trkpt lat="65.8156560" lon="-16.3875230">
    <ele>395.3</ele>
    <time>2024-04-17T17:05:23Z</time>
   </trkpt>
   <trkpt lat="65.8156560" lon="-16.3875240">
    <ele>395.3</ele>
    <time>2024-04-17T17:05:24Z</time>
   </trkpt>
   <trkpt lat="65.8156560" lon="-16.3875240">
    <ele>395.3</ele>
    <time>2024-04-17T17:05:25Z</time>
   </trkpt>
   <trkpt lat="65.8156560" lon="-16.3875240">
    <ele>395.3</ele>
    <time>2024-04-17T17:05:26Z</time>
   </trkpt>
   <trkpt lat="65.8156560" lon="-16.3875240">
    <ele>395.3</ele>
    <time>2024-04-17T17:05:27Z</time>
   </trkpt>
   <trkpt lat="65.8156560" lon="-16.3875240">
    <ele>395.3</ele>
    <time>2024-04-17T17:05:28Z</time>
   </trkpt>
   <trkpt lat="65.8156560" lon="-16.3875240">
    <ele>395.3</ele>
    <time>2024-04-17T17:05:29Z</time>
   </trkpt>
   <trkpt lat="65.8156560" lon="-16.3875240">
    <ele>395.3</ele>
    <time>2024-04-17T17:05:30Z</time>
   </trkpt>
   <trkpt lat="65.8156560" lon="-16.3875240">
    <ele>395.3</ele>
    <time>2024-04-17T17:05:31Z</time>
   </trkpt>
   <trkpt lat="65.8156560" lon="-16.3875240">
    <ele>395.3</ele>
    <time>2024-04-17T17:05:32Z</time>
   </trkpt>
   <trkpt lat="65.8156560" lon="-16.3875240">
    <ele>395.3</ele>
    <time>2024-04-17T17:05:33Z</time>
   </trkpt>
   <trkpt lat="65.8156590" lon="-16.3875410">
    <ele>395.3</ele>
    <time>2024-04-17T17:05:34Z</time>
   </trkpt>
   <trkpt lat="65.8156600" lon="-16.3875440">
    <ele>395.3</ele>
    <time>2024-04-17T17:05:35Z</time>
   </trkpt>
   <trkpt lat="65.8156590" lon="-16.3875430">
    <ele>395.3</ele>
    <time>2024-04-17T17:05:36Z</time>
   </trkpt>
   <trkpt lat="65.8156590" lon="-16.3875420">
    <ele>395.3</ele>
    <time>2024-04-17T17:05:37Z</time>
   </trkpt>
   <trkpt lat="65.8156610" lon="-16.3875430">
    <ele>395.3</ele>
    <time>2024-04-17T17:05:38Z</time>
   </trkpt>
   <trkpt lat="65.8156600" lon="-16.3875420">
    <ele>395.3</ele>
    <time>2024-04-17T17:05:39Z</time>
   </trkpt>
   <trkpt lat="65.8156610" lon="-16.3875430">
    <ele>395.3</ele>
    <time>2024-04-17T17:05:40Z</time>
   </trkpt>
   <trkpt lat="65.8156620" lon="-16.3875480">
    <ele>395.3</ele>
    <time>2024-04-17T17:05:41Z</time>
   </trkpt>
   <trkpt lat="65.8156620" lon="-16.3875500">
    <ele>395.3</ele>
    <time>2024-04-17T17:05:42Z</time>
   </trkpt>
   <trkpt lat="65.8156620" lon="-16.3875510">
    <ele>395.3</ele>
    <time>2024-04-17T17:05:43Z</time>
   </trkpt>
   <trkpt lat="65.8156620" lon="-16.3875510">
    <ele>395.3</ele>
    <time>2024-04-17T17:05:44Z</time>
   </trkpt>
   <trkpt lat="65.8156620" lon="-16.3875510">
    <ele>395.3</ele>
    <time>2024-04-17T17:05:45Z</time>
   </trkpt>
   <trkpt lat="65.8156620" lon="-16.3875510">
    <ele>395.3</ele>
    <time>2024-04-17T17:05:46Z</time>
   </trkpt>
   <trkpt lat="65.8156620" lon="-16.3875510">
    <ele>395.3</ele>
    <time>2024-04-17T17:05:47Z</time>
   </trkpt>
   <trkpt lat="65.8156670" lon="-16.3875520">
    <ele>395.3</ele>
    <time>2024-04-17T17:05:48Z</time>
   </trkpt>
   <trkpt lat="65.8156670" lon="-16.3875570">
    <ele>395.3</ele>
    <time>2024-04-17T17:05:49Z</time>
   </trkpt>
   <trkpt lat="65.8156670" lon="-16.3875570">
    <ele>395.3</ele>
    <time>2024-04-17T17:05:50Z</time>
   </trkpt>
   <trkpt lat="65.8156670" lon="-16.3875570">
    <ele>395.3</ele>
    <time>2024-04-17T17:05:51Z</time>
   </trkpt>
   <trkpt lat="65.8156670" lon="-16.3875570">
    <ele>395.3</ele>
    <time>2024-04-17T17:05:52Z</time>
   </trkpt>
   <trkpt lat="65.8156650" lon="-16.3875520">
    <ele>395.3</ele>
    <time>2024-04-17T17:05:53Z</time>
   </trkpt>
   <trkpt lat="65.8156640" lon="-16.3875520">
    <ele>395.3</ele>
    <time>2024-04-17T17:05:54Z</time>
   </trkpt>
   <trkpt lat="65.8156620" lon="-16.3875540">
    <ele>395.3</ele>
    <time>2024-04-17T17:05:55Z</time>
   </trkpt>
   <trkpt lat="65.8156610" lon="-16.3875530">
    <ele>395.3</ele>
    <time>2024-04-17T17:05:56Z</time>
   </trkpt>
   <trkpt lat="65.8156610" lon="-16.3875530">
    <ele>395.3</ele>
    <time>2024-04-17T17:05:57Z</time>
   </trkpt>
   <trkpt lat="65.8156610" lon="-16.3875530">
    <ele>395.3</ele>
    <time>2024-04-17T17:05:58Z</time>
   </trkpt>
   <trkpt lat="65.8156610" lon="-16.3875530">
    <ele>395.3</ele>
    <time>2024-04-17T17:06:00Z</time>
   </trkpt>
   <trkpt lat="65.8156610" lon="-16.3875530">
    <ele>395.3</ele>
    <time>2024-04-17T17:06:01Z</time>
   </trkpt>
   <trkpt lat="65.8156610" lon="-16.3875530">
    <ele>395.3</ele>
    <time>2024-04-17T17:06:02Z</time>
   </trkpt>
   <trkpt lat="65.8156610" lon="-16.3875530">
    <ele>395.3</ele>
    <time>2024-04-17T17:06:03Z</time>
   </trkpt>
   <trkpt lat="65.8156610" lon="-16.3875530">
    <ele>395.3</ele>
    <time>2024-04-17T17:06:04Z</time>
   </trkpt>
   <trkpt lat="65.8156610" lon="-16.3875530">
    <ele>395.3</ele>
    <time>2024-04-17T17:06:05Z</time>
   </trkpt>
   <trkpt lat="65.8156580" lon="-16.3875420">
    <ele>395.3</ele>
    <time>2024-04-17T17:06:06Z</time>
   </trkpt>
   <trkpt lat="65.8156590" lon="-16.3875420">
    <ele>395.3</ele>
    <time>2024-04-17T17:06:07Z</time>
   </trkpt>
   <trkpt lat="65.8156590" lon="-16.3875420">
    <ele>395.3</ele>
    <time>2024-04-17T17:06:08Z</time>
   </trkpt>
   <trkpt lat="65.8156590" lon="-16.3875460">
    <ele>395.3</ele>
    <time>2024-04-17T17:06:09Z</time>
   </trkpt>
   <trkpt lat="65.8156590" lon="-16.3875460">
    <ele>395.3</ele>
    <time>2024-04-17T17:06:10Z</time>
   </trkpt>
   <trkpt lat="65.8156590" lon="-16.3875460">
    <ele>395.3</ele>
    <time>2024-04-17T17:06:11Z</time>
   </trkpt>
   <trkpt lat="65.8156590" lon="-16.3875460">
    <ele>395.3</ele>
    <time>2024-04-17T17:06:12Z</time>
   </trkpt>
   <trkpt lat="65.8156590" lon="-16.3875460">
    <ele>395.3</ele>
    <time>2024-04-17T17:06:13Z</time>
   </trkpt>
   <trkpt lat="65.8156590" lon="-16.3875460">
    <ele>395.3</ele>
    <time>2024-04-17T17:06:14Z</time>
   </trkpt>
   <trkpt lat="65.8156590" lon="-16.3875460">
    <ele>395.3</ele>
    <time>2024-04-17T17:06:15Z</time>
   </trkpt>
   <trkpt lat="65.8156590" lon="-16.3875460">
    <ele>395.3</ele>
    <time>2024-04-17T17:06:16Z</time>
   </trkpt>
   <trkpt lat="65.8156590" lon="-16.3875460">
    <ele>395.3</ele>
    <time>2024-04-17T17:06:17Z</time>
   </trkpt>
   <trkpt lat="65.8156590" lon="-16.3875460">
    <ele>395.3</ele>
    <time>2024-04-17T17:06:18Z</time>
   </trkpt>
   <trkpt lat="65.8156590" lon="-16.3875460">
    <ele>395.3</ele>
    <time>2024-04-17T17:06:19Z</time>
   </trkpt>
   <trkpt lat="65.8156590" lon="-16.3875460">
    <ele>395.3</ele>
    <time>2024-04-17T17:06:20Z</time>
   </trkpt>
   <trkpt lat="65.8156590" lon="-16.3875460">
    <ele>395.3</ele>
    <time>2024-04-17T17:06:21Z</time>
   </trkpt>
   <trkpt lat="65.8156590" lon="-16.3875460">
    <ele>395.3</ele>
    <time>2024-04-17T17:06:22Z</time>
   </trkpt>
   <trkpt lat="65.8156590" lon="-16.3875460">
    <ele>395.3</ele>
    <time>2024-04-17T17:06:23Z</time>
   </trkpt>
   <trkpt lat="65.8156590" lon="-16.3875460">
    <ele>395.3</ele>
    <time>2024-04-17T17:06:24Z</time>
   </trkpt>
   <trkpt lat="65.8156590" lon="-16.3875460">
    <ele>395.3</ele>
    <time>2024-04-17T17:06:25Z</time>
   </trkpt>
   <trkpt lat="65.8156590" lon="-16.3875460">
    <ele>395.3</ele>
    <time>2024-04-17T17:06:26Z</time>
   </trkpt>
   <trkpt lat="65.8156590" lon="-16.3875460">
    <ele>395.3</ele>
    <time>2024-04-17T17:06:27Z</time>
   </trkpt>
   <trkpt lat="65.8156590" lon="-16.3875460">
    <ele>395.3</ele>
    <time>2024-04-17T17:06:28Z</time>
   </trkpt>
   <trkpt lat="65.8156590" lon="-16.3875460">
    <ele>395.3</ele>
    <time>2024-04-17T17:06:29Z</time>
   </trkpt>
   <trkpt lat="65.8156590" lon="-16.3875460">
    <ele>395.3</ele>
    <time>2024-04-17T17:06:30Z</time>
   </trkpt>
   <trkpt lat="65.8156590" lon="-16.3875460">
    <ele>395.3</ele>
    <time>2024-04-17T17:06:31Z</time>
   </trkpt>
   <trkpt lat="65.8156590" lon="-16.3875460">
    <ele>395.3</ele>
    <time>2024-04-17T17:06:32Z</time>
   </trkpt>
   <trkpt lat="65.8156590" lon="-16.3875460">
    <ele>395.3</ele>
    <time>2024-04-17T17:06:33Z</time>
   </trkpt>
   <trkpt lat="65.8156700" lon="-16.3875460">
    <ele>395.3</ele>
    <time>2024-04-17T17:06:34Z</time>
   </trkpt>
   <trkpt lat="65.8156700" lon="-16.3875470">
    <ele>395.3</ele>
    <time>2024-04-17T17:06:35Z</time>
   </trkpt>
   <trkpt lat="65.8156700" lon="-16.3875470">
    <ele>395.3</ele>
    <time>2024-04-17T17:06:36Z</time>
   </trkpt>
   <trkpt lat="65.8156720" lon="-16.3875450">
    <ele>395.3</ele>
    <time>2024-04-17T17:06:37Z</time>
   </trkpt>
   <trkpt lat="65.8156700" lon="-16.3875410">
    <ele>395.3</ele>
    <time>2024-04-17T17:06:38Z</time>
   </trkpt>
   <trkpt lat="65.8156700" lon="-16.3875400">
    <ele>395.3</ele>
    <time>2024-04-17T17:06:39Z</time>
   </trkpt>
   <trkpt lat="65.8156700" lon="-16.3875400">
    <ele>395.3</ele>
    <time>2024-04-17T17:06:40Z</time>
   </trkpt>
   <trkpt lat="65.8156680" lon="-16.3875420">
    <ele>395.3</ele>
    <time>2024-04-17T17:06:41Z</time>
   </trkpt>
   <trkpt lat="65.8156670" lon="-16.3875380">
    <ele>395.3</ele>
    <time>2024-04-17T17:06:42Z</time>
   </trkpt>
   <trkpt lat="65.8156670" lon="-16.3875390">
    <ele>395.3</ele>
    <time>2024-04-17T17:06:43Z</time>
   </trkpt>
   <trkpt lat="65.8156670" lon="-16.3875390">
    <ele>395.3</ele>
    <time>2024-04-17T17:06:44Z</time>
   </trkpt>
   <trkpt lat="65.8156670" lon="-16.3875390">
    <ele>395.3</ele>
    <time>2024-04-17T17:06:45Z</time>
   </trkpt>
   <trkpt lat="65.8156640" lon="-16.3875410">
    <ele>395.3</ele>
    <time>2024-04-17T17:06:46Z</time>
   </trkpt>
   <trkpt lat="65.8156640" lon="-16.3875410">
    <ele>395.3</ele>
    <time>2024-04-17T17:06:47Z</time>
   </trkpt>
   <trkpt lat="65.8156640" lon="-16.3875410">
    <ele>395.3</ele>
    <time>2024-04-17T17:06:48Z</time>
   </trkpt>
   <trkpt lat="65.8156640" lon="-16.3875410">
    <ele>395.3</ele>
    <time>2024-04-17T17:06:49Z</time>
   </trkpt>
   <trkpt lat="65.8156640" lon="-16.3875410">
    <ele>395.3</ele>
    <time>2024-04-17T17:06:50Z</time>
   </trkpt>
   <trkpt lat="65.8156640" lon="-16.3875410">
    <ele>395.3</ele>
    <time>2024-04-17T17:06:51Z</time>
   </trkpt>
   <trkpt lat="65.8156640" lon="-16.3875410">
    <ele>395.3</ele>
    <time>2024-04-17T17:06:52Z</time>
   </trkpt>
   <trkpt lat="65.8156640" lon="-16.3875410">
    <ele>395.3</ele>
    <time>2024-04-17T17:06:53Z</time>
   </trkpt>
   <trkpt lat="65.8156640" lon="-16.3875410">
    <ele>395.3</ele>
    <time>2024-04-17T17:06:54Z</time>
   </trkpt>
   <trkpt lat="65.8156640" lon="-16.3875410">
    <ele>395.3</ele>
    <time>2024-04-17T17:06:55Z</time>
   </trkpt>
   <trkpt lat="65.8156640" lon="-16.3875410">
    <ele>395.3</ele>
    <time>2024-04-17T17:06:56Z</time>
   </trkpt>
   <trkpt lat="65.8156640" lon="-16.3875410">
    <ele>395.3</ele>
    <time>2024-04-17T17:06:57Z</time>
   </trkpt>
   <trkpt lat="65.8156640" lon="-16.3875410">
    <ele>395.3</ele>
    <time>2024-04-17T17:06:58Z</time>
   </trkpt>
   <trkpt lat="65.8156640" lon="-16.3875410">
    <ele>395.3</ele>
    <time>2024-04-17T17:06:59Z</time>
   </trkpt>
   <trkpt lat="65.8156690" lon="-16.3875380">
    <ele>395.3</ele>
    <time>2024-04-17T17:07:00Z</time>
   </trkpt>
   <trkpt lat="65.8156690" lon="-16.3875450">
    <ele>395.3</ele>
    <time>2024-04-17T17:07:01Z</time>
   </trkpt>
   <trkpt lat="65.8156710" lon="-16.3875460">
    <ele>395.3</ele>
    <time>2024-04-17T17:07:02Z</time>
   </trkpt>
   <trkpt lat="65.8156710" lon="-16.3875430">
    <ele>395.3</ele>
    <time>2024-04-17T17:07:03Z</time>
   </trkpt>
   <trkpt lat="65.8156710" lon="-16.3875450">
    <ele>395.3</ele>
    <time>2024-04-17T17:07:04Z</time>
   </trkpt>
   <trkpt lat="65.8156710" lon="-16.3875450">
    <ele>395.3</ele>
    <time>2024-04-17T17:07:05Z</time>
   </trkpt>
   <trkpt lat="65.8156710" lon="-16.3875450">
    <ele>395.3</ele>
    <time>2024-04-17T17:07:06Z</time>
   </trkpt>
   <trkpt lat="65.8156710" lon="-16.3875450">
    <ele>395.3</ele>
    <time>2024-04-17T17:07:07Z</time>
   </trkpt>
   <trkpt lat="65.8156710" lon="-16.3875450">
    <ele>395.3</ele>
    <time>2024-04-17T17:07:08Z</time>
   </trkpt>
   <trkpt lat="65.8156760" lon="-16.3875630">
    <ele>395.3</ele>
    <time>2024-04-17T17:07:09Z</time>
   </trkpt>
   <trkpt lat="65.8156760" lon="-16.3875670">
    <ele>395.3</ele>
    <time>2024-04-17T17:07:10Z</time>
   </trkpt>
   <trkpt lat="65.8156790" lon="-16.3875590">
    <ele>395.3</ele>
    <time>2024-04-17T17:07:12Z</time>
   </trkpt>
   <trkpt lat="65.8156750" lon="-16.3875630">
    <ele>395.3</ele>
    <time>2024-04-17T17:07:13Z</time>
   </trkpt>
   <trkpt lat="65.8156740" lon="-16.3875620">
    <ele>395.3</ele>
    <time>2024-04-17T17:07:14Z</time>
   </trkpt>
   <trkpt lat="65.8156720" lon="-16.3875620">
    <ele>395.3</ele>
    <time>2024-04-17T17:07:15Z</time>
   </trkpt>
   <trkpt lat="65.8156720" lon="-16.3875620">
    <ele>395.3</ele>
    <time>2024-04-17T17:07:16Z</time>
   </trkpt>
   <trkpt lat="65.8156720" lon="-16.3875620">
    <ele>395.3</ele>
    <time>2024-04-17T17:07:17Z</time>
   </trkpt>
   <trkpt lat="65.8156720" lon="-16.3875620">
    <ele>395.3</ele>
    <time>2024-04-17T17:07:18Z</time>
   </trkpt>
   <trkpt lat="65.8156720" lon="-16.3875620">
    <ele>395.3</ele>
    <time>2024-04-17T17:07:19Z</time>
   </trkpt>
   <trkpt lat="65.8156720" lon="-16.3875620">
    <ele>395.3</ele>
    <time>2024-04-17T17:07:20Z</time>
   </trkpt>
   <trkpt lat="65.8156710" lon="-16.3875540">
    <ele>395.3</ele>
    <time>2024-04-17T17:07:21Z</time>
   </trkpt>
   <trkpt lat="65.8156710" lon="-16.3875530">
    <ele>395.3</ele>
    <time>2024-04-17T17:07:22Z</time>
   </trkpt>
   <trkpt lat="65.8156710" lon="-16.3875540">
    <ele>395.3</ele>
    <time>2024-04-17T17:07:23Z</time>
   </trkpt>
   <trkpt lat="65.8156680" lon="-16.3875410">
    <ele>395.3</ele>
    <time>2024-04-17T17:07:24Z</time>
   </trkpt>
   <trkpt lat="65.8156650" lon="-16.3875420">
    <ele>395.3</ele>
    <time>2024-04-17T17:07:25Z</time>
   </trkpt>
   <trkpt lat="65.8156660" lon="-16.3875390">
    <ele>395.3</ele>
    <time>2024-04-17T17:07:26Z</time>
   </trkpt>
   <trkpt lat="65.8156670" lon="-16.3875330">
    <ele>395.3</ele>
    <time>2024-04-17T17:07:27Z</time>
   </trkpt>
   <trkpt lat="65.8156680" lon="-16.3875410">
    <ele>395.3</ele>
    <time>2024-04-17T17:07:28Z</time>
   </trkpt>
   <trkpt lat="65.8156680" lon="-16.3875390">
    <ele>395.3</ele>
    <time>2024-04-17T17:07:29Z</time>
   </trkpt>
   <trkpt lat="65.8156680" lon="-16.3875390">
    <ele>395.3</ele>
    <time>2024-04-17T17:07:30Z</time>
   </trkpt>
   <trkpt lat="65.8156650" lon="-16.3875280">
    <ele>395.3</ele>
    <time>2024-04-17T17:07:31Z</time>
   </trkpt>
   <trkpt lat="65.8156650" lon="-16.3875370">
    <ele>395.3</ele>
    <time>2024-04-17T17:07:32Z</time>
   </trkpt>
   <trkpt lat="65.8156640" lon="-16.3875380">
    <ele>395.3</ele>
    <time>2024-04-17T17:07:33Z</time>
   </trkpt>
   <trkpt lat="65.8156640" lon="-16.3875420">
    <ele>395.3</ele>
    <time>2024-04-17T17:07:34Z</time>
   </trkpt>
   <trkpt lat="65.8156630" lon="-16.3875450">
    <ele>395.3</ele>
    <time>2024-04-17T17:07:35Z</time>
   </trkpt>
   <trkpt lat="65.8156630" lon="-16.3875460">
    <ele>395.3</ele>
    <time>2024-04-17T17:07:36Z</time>
   </trkpt>
   <trkpt lat="65.8156630" lon="-16.3875480">
    <ele>395.3</ele>
    <time>2024-04-17T17:07:37Z</time>
   </trkpt>
   <trkpt lat="65.8156630" lon="-16.3875500">
    <ele>395.3</ele>
    <time>2024-04-17T17:07:38Z</time>
   </trkpt>
   <trkpt lat="65.8156630" lon="-16.3875510">
    <ele>395.3</ele>
    <time>2024-04-17T17:07:39Z</time>
   </trkpt>
   <trkpt lat="65.8156630" lon="-16.3875520">
    <ele>395.3</ele>
    <time>2024-04-17T17:07:40Z</time>
   </trkpt>
   <trkpt lat="65.8156620" lon="-16.3875460">
    <ele>395.3</ele>
    <time>2024-04-17T17:07:41Z</time>
   </trkpt>
   <trkpt lat="65.8156610" lon="-16.3875430">
    <ele>395.3</ele>
    <time>2024-04-17T17:07:42Z</time>
   </trkpt>
   <trkpt lat="65.8156610" lon="-16.3875450">
    <ele>395.3</ele>
    <time>2024-04-17T17:07:43Z</time>
   </trkpt>
   <trkpt lat="65.8156600" lon="-16.3875360">
    <ele>395.3</ele>
    <time>2024-04-17T17:07:44Z</time>
   </trkpt>
   <trkpt lat="65.8156600" lon="-16.3875390">
    <ele>395.3</ele>
    <time>2024-04-17T17:07:45Z</time>
   </trkpt>
   <trkpt lat="65.8156610" lon="-16.3875430">
    <ele>395.3</ele>
    <time>2024-04-17T17:07:46Z</time>
   </trkpt>
   <trkpt lat="65.8156590" lon="-16.3875350">
    <ele>395.3</ele>
    <time>2024-04-17T17:07:47Z</time>
   </trkpt>
   <trkpt lat="65.8156590" lon="-16.3875350">
    <ele>395.3</ele>
    <time>2024-04-17T17:07:48Z</time>
   </trkpt>
   <trkpt lat="65.8156590" lon="-16.3875350">
    <ele>395.3</ele>
    <time>2024-04-17T17:07:49Z</time>
   </trkpt>
   <trkpt lat="65.8156590" lon="-16.3875380">
    <ele>395.3</ele>
    <time>2024-04-17T17:07:50Z</time>
   </trkpt>
   <trkpt lat="65.8156580" lon="-16.3875370">
    <ele>395.3</ele>
    <time>2024-04-17T17:07:51Z</time>
   </trkpt>
   <trkpt lat="65.8156570" lon="-16.3875380">
    <ele>395.3</ele>
    <time>2024-04-17T17:07:52Z</time>
   </trkpt>
   <trkpt lat="65.8156560" lon="-16.3875450">
    <ele>395.3</ele>
    <time>2024-04-17T17:07:53Z</time>
   </trkpt>
   <trkpt lat="65.8156550" lon="-16.3875390">
    <ele>395.3</ele>
    <time>2024-04-17T17:07:54Z</time>
   </trkpt>
   <trkpt lat="65.8156570" lon="-16.3875430">
    <ele>395.3</ele>
    <time>2024-04-17T17:07:55Z</time>
   </trkpt>
   <trkpt lat="65.8156560" lon="-16.3875440">
    <ele>395.3</ele>
    <time>2024-04-17T17:07:56Z</time>
   </trkpt>
   <trkpt lat="65.8156580" lon="-16.3875440">
    <ele>395.3</ele>
    <time>2024-04-17T17:07:57Z</time>
   </trkpt>
   <trkpt lat="65.8156570" lon="-16.3875440">
    <ele>395.3</ele>
    <time>2024-04-17T17:07:58Z</time>
   </trkpt>
   <trkpt lat="65.8156570" lon="-16.3875430">
    <ele>395.3</ele>
    <time>2024-04-17T17:07:59Z</time>
   </trkpt>
   <trkpt lat="65.8156570" lon="-16.3875430">
    <ele>395.3</ele>
    <time>2024-04-17T17:08:00Z</time>
   </trkpt>
   <trkpt lat="65.8156570" lon="-16.3875430">
    <ele>395.3</ele>
    <time>2024-04-17T17:08:01Z</time>
   </trkpt>
   <trkpt lat="65.8156540" lon="-16.3875340">
    <ele>395.3</ele>
    <time>2024-04-17T17:08:02Z</time>
   </trkpt>
   <trkpt lat="65.8156540" lon="-16.3875430">
    <ele>395.3</ele>
    <time>2024-04-17T17:08:03Z</time>
   </trkpt>
   <trkpt lat="65.8156570" lon="-16.3875550">
    <ele>395.3</ele>
    <time>2024-04-17T17:08:04Z</time>
   </trkpt>
   <trkpt lat="65.8156640" lon="-16.3875730">
    <ele>395.3</ele>
    <time>2024-04-17T17:08:05Z</time>
   </trkpt>
   <trkpt lat="65.8156710" lon="-16.3875980">
    <ele>395.3</ele>
    <time>2024-04-17T17:08:06Z</time>
   </trkpt>
   <trkpt lat="65.8156720" lon="-16.3876040">
    <ele>395.3</ele>
    <time>2024-04-17T17:08:07Z</time>
   </trkpt>
   <trkpt lat="65.8156720" lon="-16.3876020">
    <ele>395.3</ele>
    <time>2024-04-17T17:08:08Z</time>
   </trkpt>
   <trkpt lat="65.8156650" lon="-16.3876000">
    <ele>395.3</ele>
    <time>2024-04-17T17:08:09Z</time>
   </trkpt>
   <trkpt lat="65.8156640" lon="-16.3875960">
    <ele>395.3</ele>
    <time>2024-04-17T17:08:10Z</time>
   </trkpt>
   <trkpt lat="65.8156650" lon="-16.3875870">
    <ele>395.3</ele>
    <time>2024-04-17T17:08:11Z</time>
   </trkpt>
   <trkpt lat="65.8156630" lon="-16.3875750">
    <ele>395.3</ele>
    <time>2024-04-17T17:08:12Z</time>
   </trkpt>
   <trkpt lat="65.8156580" lon="-16.3875680">
    <ele>395.3</ele>
    <time>2024-04-17T17:08:13Z</time>
   </trkpt>
   <trkpt lat="65.8156580" lon="-16.3875620">
    <ele>395.3</ele>
    <time>2024-04-17T17:08:14Z</time>
   </trkpt>
   <trkpt lat="65.8156580" lon="-16.3875560">
    <ele>395.3</ele>
    <time>2024-04-17T17:08:15Z</time>
   </trkpt>
   <trkpt lat="65.8156560" lon="-16.3875560">
    <ele>395.3</ele>
    <time>2024-04-17T17:08:16Z</time>
   </trkpt>
   <trkpt lat="65.8156570" lon="-16.3875590">
    <ele>395.3</ele>
    <time>2024-04-17T17:08:17Z</time>
   </trkpt>
   <trkpt lat="65.8156580" lon="-16.3875710">
    <ele>395.3</ele>
    <time>2024-04-17T17:08:18Z</time>
   </trkpt>
   <trkpt lat="65.8156590" lon="-16.3875790">
    <ele>395.3</ele>
    <time>2024-04-17T17:08:19Z</time>
   </trkpt>
   <trkpt lat="65.8156600" lon="-16.3876010">
    <ele>395.3</ele>
    <time>2024-04-17T17:08:20Z</time>
   </trkpt>
   <trkpt lat="65.8156660" lon="-16.3876130">
    <ele>395.3</ele>
    <time>2024-04-17T17:08:21Z</time>
   </trkpt>
   <trkpt lat="65.8156670" lon="-16.3876280">
    <ele>395.3</ele>
    <time>2024-04-17T17:08:22Z</time>
   </trkpt>
   <trkpt lat="65.8156650" lon="-16.3876230">
    <ele>395.3</ele>
    <time>2024-04-17T17:08:23Z</time>
   </trkpt>
   <trkpt lat="65.8156650" lon="-16.3876250">
    <ele>395.3</ele>
    <time>2024-04-17T17:08:24Z</time>
   </trkpt>
   <trkpt lat="65.8156580" lon="-16.3876060">
    <ele>395.3</ele>
    <time>2024-04-17T17:08:25Z</time>
   </trkpt>
   <trkpt lat="65.8156580" lon="-16.3875950">
    <ele>395.3</ele>
    <time>2024-04-17T17:08:26Z</time>
   </trkpt>
   <trkpt lat="65.8156560" lon="-16.3875800">
    <ele>395.3</ele>
    <time>2024-04-17T17:08:27Z</time>
   </trkpt>
   <trkpt lat="65.8156560" lon="-16.3875640">
    <ele>395.3</ele>
    <time>2024-04-17T17:08:28Z</time>
   </trkpt>
   <trkpt lat="65.8156530" lon="-16.3875500">
    <ele>395.3</ele>
    <time>2024-04-17T17:08:29Z</time>
   </trkpt>
   <trkpt lat="65.8156560" lon="-16.3875510">
    <ele>395.3</ele>
    <time>2024-04-17T17:08:30Z</time>
   </trkpt>
   <trkpt lat="65.8156570" lon="-16.3875520">
    <ele>395.3</ele>
    <time>2024-04-17T17:08:31Z</time>
   </trkpt>
   <trkpt lat="65.8156590" lon="-16.3875550">
    <ele>395.3</ele>
    <time>2024-04-17T17:08:32Z</time>
   </trkpt>
   <trkpt lat="65.8156580" lon="-16.3875610">
    <ele>395.3</ele>
    <time>2024-04-17T17:08:33Z</time>
   </trkpt>
   <trkpt lat="65.8156570" lon="-16.3875580">
    <ele>395.3</ele>
    <time>2024-04-17T17:08:34Z</time>
   </trkpt>
   <trkpt lat="65.8156570" lon="-16.3875580">
    <ele>395.3</ele>
    <time>2024-04-17T17:08:35Z</time>
   </trkpt>
   <trkpt lat="65.8156590" lon="-16.3875590">
    <ele>395.3</ele>
    <time>2024-04-17T17:08:36Z</time>
   </trkpt>
   <trkpt lat="65.8156580" lon="-16.3875590">
    <ele>395.3</ele>
    <time>2024-04-17T17:08:37Z</time>
   </trkpt>
   <trkpt lat="65.8156580" lon="-16.3875600">
    <ele>395.3</ele>
    <time>2024-04-17T17:08:38Z</time>
   </trkpt>
   <trkpt lat="65.8156570" lon="-16.3875570">
    <ele>395.3</ele>
    <time>2024-04-17T17:08:39Z</time>
   </trkpt>
   <trkpt lat="65.8156550" lon="-16.3875560">
    <ele>395.3</ele>
    <time>2024-04-17T17:08:40Z</time>
   </trkpt>
   <trkpt lat="65.8156550" lon="-16.3875520">
    <ele>395.3</ele>
    <time>2024-04-17T17:08:41Z</time>
   </trkpt>
   <trkpt lat="65.8156550" lon="-16.3875520">
    <ele>395.3</ele>
    <time>2024-04-17T17:08:42Z</time>
   </trkpt>
   <trkpt lat="65.8156530" lon="-16.3875500">
    <ele>395.3</ele>
    <time>2024-04-17T17:08:43Z</time>
   </trkpt>
   <trkpt lat="65.8156530" lon="-16.3875520">
    <ele>395.3</ele>
    <time>2024-04-17T17:08:44Z</time>
   </trkpt>
   <trkpt lat="65.8156530" lon="-16.3875520">
    <ele>395.3</ele>
    <time>2024-04-17T17:08:45Z</time>
   </trkpt>
   <trkpt lat="65.8156530" lon="-16.3875520">
    <ele>395.3</ele>
    <time>2024-04-17T17:08:46Z</time>
   </trkpt>
   <trkpt lat="65.8156530" lon="-16.3875520">
    <ele>395.3</ele>
    <time>2024-04-17T17:08:47Z</time>
   </trkpt>
   <trkpt lat="65.8156530" lon="-16.3875520">
    <ele>395.3</ele>
    <time>2024-04-17T17:08:48Z</time>
   </trkpt>
   <trkpt lat="65.8156530" lon="-16.3875520">
    <ele>395.3</ele>
    <time>2024-04-17T17:08:49Z</time>
   </trkpt>
   <trkpt lat="65.8156530" lon="-16.3875520">
    <ele>395.3</ele>
    <time>2024-04-17T17:08:50Z</time>
   </trkpt>
   <trkpt lat="65.8156530" lon="-16.3875520">
    <ele>395.3</ele>
    <time>2024-04-17T17:08:51Z</time>
   </trkpt>
   <trkpt lat="65.8156620" lon="-16.3875370">
    <ele>395.3</ele>
    <time>2024-04-17T17:08:52Z</time>
   </trkpt>
   <trkpt lat="65.8156560" lon="-16.3875430">
    <ele>395.3</ele>
    <time>2024-04-17T17:08:53Z</time>
   </trkpt>
   <trkpt lat="65.8156540" lon="-16.3875530">
    <ele>395.3</ele>
    <time>2024-04-17T17:08:54Z</time>
   </trkpt>
   <trkpt lat="65.8156570" lon="-16.3875580">
    <ele>395.3</ele>
    <time>2024-04-17T17:08:55Z</time>
   </trkpt>
   <trkpt lat="65.8156610" lon="-16.3875680">
    <ele>395.3</ele>
    <time>2024-04-17T17:08:56Z</time>
   </trkpt>
   <trkpt lat="65.8156640" lon="-16.3875840">
    <ele>395.3</ele>
    <time>2024-04-17T17:08:57Z</time>
   </trkpt>
   <trkpt lat="65.8156560" lon="-16.3876190">
    <ele>395.3</ele>
    <time>2024-04-17T17:08:58Z</time>
   </trkpt>
   <trkpt lat="65.8156520" lon="-16.3876390">
    <ele>395.3</ele>
    <time>2024-04-17T17:08:59Z</time>
   </trkpt>
   <trkpt lat="65.8156510" lon="-16.3876580">
    <ele>395.3</ele>
    <time>2024-04-17T17:09:00Z</time>
   </trkpt>
   <trkpt lat="65.8156510" lon="-16.3876760">
    <ele>395.3</ele>
    <time>2024-04-17T17:09:01Z</time>
   </trkpt>
   <trkpt lat="65.8156480" lon="-16.3876940">
    <ele>395.3</ele>
    <time>2024-04-17T17:09:02Z</time>
   </trkpt>
   <trkpt lat="65.8156460" lon="-16.3877120">
    <ele>395.3</ele>
    <time>2024-04-17T17:09:03Z</time>
   </trkpt>
   <trkpt lat="65.8156450" lon="-16.3877370">
    <ele>395.3</ele>
    <time>2024-04-17T17:09:04Z</time>
   </trkpt>
   <trkpt lat="65.8156460" lon="-16.3877550">
    <ele>395.3</ele>
    <time>2024-04-17T17:09:05Z</time>
   </trkpt>
   <trkpt lat="65.8156470" lon="-16.3877770">
    <ele>395.3</ele>
    <time>2024-04-17T17:09:06Z</time>
   </trkpt>
   <trkpt lat="65.8156480" lon="-16.3877890">
    <ele>395.3</ele>
    <time>2024-04-17T17:09:07Z</time>
   </trkpt>
   <trkpt lat="65.8156490" lon="-16.3878080">
    <ele>395.3</ele>
    <time>2024-04-17T17:09:08Z</time>
   </trkpt>
   <trkpt lat="65.8156480" lon="-16.3878290">
    <ele>395.3</ele>
    <time>2024-04-17T17:09:09Z</time>
   </trkpt>
   <trkpt lat="65.8156480" lon="-16.3878480">
    <ele>395.3</ele>
    <time>2024-04-17T17:09:10Z</time>
   </trkpt>
   <trkpt lat="65.8156470" lon="-16.3878740">
    <ele>395.3</ele>
    <time>2024-04-17T17:09:11Z</time>
   </trkpt>
   <trkpt lat="65.8156460" lon="-16.3878950">
    <ele>395.3</ele>
    <time>2024-04-17T17:09:12Z</time>
   </trkpt>
   <trkpt lat="65.8156460" lon="-16.3879150">
    <ele>395.3</ele>
    <time>2024-04-17T17:09:13Z</time>
   </trkpt>
   <trkpt lat="65.8156460" lon="-16.3879440">
    <ele>395.3</ele>
    <time>2024-04-17T17:09:14Z</time>
   </trkpt>
   <trkpt lat="65.8156440" lon="-16.3879650">
    <ele>395.3</ele>
    <time>2024-04-17T17:09:15Z</time>
   </trkpt>
   <trkpt lat="65.8156410" lon="-16.3879810">
    <ele>395.3</ele>
    <time>2024-04-17T17:09:16Z</time>
   </trkpt>
   <trkpt lat="65.8156400" lon="-16.3880010">
    <ele>395.3</ele>
    <time>2024-04-17T17:09:17Z</time>
   </trkpt>
   <trkpt lat="65.8156360" lon="-16.3880250">
    <ele>395.3</ele>
    <time>2024-04-17T17:09:18Z</time>
   </trkpt>
   <trkpt lat="65.8156330" lon="-16.3880440">
    <ele>395.3</ele>
    <time>2024-04-17T17:09:19Z</time>
   </trkpt>
   <trkpt lat="65.8156320" lon="-16.3880620">
    <ele>395.3</ele>
    <time>2024-04-17T17:09:20Z</time>
   </trkpt>
   <trkpt lat="65.8156340" lon="-16.3880830">
    <ele>395.3</ele>
    <time>2024-04-17T17:09:21Z</time>
   </trkpt>
   <trkpt lat="65.8156310" lon="-16.3881060">
    <ele>395.3</ele>
    <time>2024-04-17T17:09:22Z</time>
   </trkpt>
   <trkpt lat="65.8156300" lon="-16.3881260">
    <ele>395.3</ele>
    <time>2024-04-17T17:09:23Z</time>
   </trkpt>
   <trkpt lat="65.8156330" lon="-16.3881530">
    <ele>395.3</ele>
    <time>2024-04-17T17:09:24Z</time>
   </trkpt>
   <trkpt lat="65.8156310" lon="-16.3881700">
    <ele>395.3</ele>
    <time>2024-04-17T17:09:25Z</time>
   </trkpt>
   <trkpt lat="65.8156320" lon="-16.3881880">
    <ele>395.2</ele>
    <time>2024-04-17T17:09:26Z</time>
   </trkpt>
   <trkpt lat="65.8156340" lon="-16.3882120">
    <ele>395.2</ele>
    <time>2024-04-17T17:09:27Z</time>
   </trkpt>
   <trkpt lat="65.8156360" lon="-16.3882370">
    <ele>395.2</ele>
    <time>2024-04-17T17:09:28Z</time>
   </trkpt>
   <trkpt lat="65.8156390" lon="-16.3882600">
    <ele>395.2</ele>
    <time>2024-04-17T17:09:29Z</time>
   </trkpt>
   <trkpt lat="65.8156420" lon="-16.3882820">
    <ele>395.2</ele>
    <time>2024-04-17T17:09:30Z</time>
   </trkpt>
   <trkpt lat="65.8156440" lon="-16.3883010">
    <ele>395.2</ele>
    <time>2024-04-17T17:09:31Z</time>
   </trkpt>
   <trkpt lat="65.8156480" lon="-16.3883230">
    <ele>395.2</ele>
    <time>2024-04-17T17:09:32Z</time>
   </trkpt>
   <trkpt lat="65.8156520" lon="-16.3883460">
    <ele>395.2</ele>
    <time>2024-04-17T17:09:33Z</time>
   </trkpt>
   <trkpt lat="65.8156540" lon="-16.3883610">
    <ele>395.2</ele>
    <time>2024-04-17T17:09:34Z</time>
   </trkpt>
   <trkpt lat="65.8156570" lon="-16.3883780">
    <ele>395.2</ele>
    <time>2024-04-17T17:09:35Z</time>
   </trkpt>
   <trkpt lat="65.8156600" lon="-16.3884020">
    <ele>395.2</ele>
    <time>2024-04-17T17:09:36Z</time>
   </trkpt>
   <trkpt lat="65.8156610" lon="-16.3884220">
    <ele>395.2</ele>
    <time>2024-04-17T17:09:37Z</time>
   </trkpt>
   <trkpt lat="65.8156620" lon="-16.3884350">
    <ele>395.2</ele>
    <time>2024-04-17T17:09:38Z</time>
   </trkpt>
   <trkpt lat="65.8156620" lon="-16.3884650">
    <ele>395.2</ele>
    <time>2024-04-17T17:09:39Z</time>
   </trkpt>
   <trkpt lat="65.8156650" lon="-16.3884910">
    <ele>395.2</ele>
    <time>2024-04-17T17:09:40Z</time>
   </trkpt>
   <trkpt lat="65.8156680" lon="-16.3885280">
    <ele>395.2</ele>
    <time>2024-04-17T17:09:41Z</time>
   </trkpt>
   <trkpt lat="65.8156680" lon="-16.3885450">
    <ele>395.2</ele>
    <time>2024-04-17T17:09:42Z</time>
   </trkpt>
   <trkpt lat="65.8156680" lon="-16.3885630">
    <ele>395.2</ele>
    <time>2024-04-17T17:09:43Z</time>
   </trkpt>
   <trkpt lat="65.8156690" lon="-16.3885810">
    <ele>395.2</ele>
    <time>2024-04-17T17:09:44Z</time>
   </trkpt>
   <trkpt lat="65.8156690" lon="-16.3886010">
    <ele>395.2</ele>
    <time>2024-04-17T17:09:45Z</time>
   </trkpt>
   <trkpt lat="65.8156690" lon="-16.3886280">
    <ele>395.2</ele>
    <time>2024-04-17T17:09:46Z</time>
   </trkpt>
   <trkpt lat="65.8156690" lon="-16.3886450">
    <ele>395.2</ele>
    <time>2024-04-17T17:09:47Z</time>
   </trkpt>
   <trkpt lat="65.8156680" lon="-16.3886670">
    <ele>395.2</ele>
    <time>2024-04-17T17:09:48Z</time>
   </trkpt>
   <trkpt lat="65.8156670" lon="-16.3886920">
    <ele>395.2</ele>
    <time>2024-04-17T17:09:49Z</time>
   </trkpt>
   <trkpt lat="65.8156650" lon="-16.3887090">
    <ele>395.2</ele>
    <time>2024-04-17T17:09:50Z</time>
   </trkpt>
   <trkpt lat="65.8156630" lon="-16.3887290">
    <ele>395.2</ele>
    <time>2024-04-17T17:09:51Z</time>
   </trkpt>
   <trkpt lat="65.8156600" lon="-16.3887490">
    <ele>395.2</ele>
    <time>2024-04-17T17:09:52Z</time>
   </trkpt>
   <trkpt lat="65.8156570" lon="-16.3887740">
    <ele>395.2</ele>
    <time>2024-04-17T17:09:53Z</time>
   </trkpt>
   <trkpt lat="65.8156530" lon="-16.3887970">
    <ele>395.2</ele>
    <time>2024-04-17T17:09:54Z</time>
   </trkpt>
   <trkpt lat="65.8156510" lon="-16.3888190">
    <ele>395.2</ele>
    <time>2024-04-17T17:09:55Z</time>
   </trkpt>
   <trkpt lat="65.8156490" lon="-16.3888470">
    <ele>395.2</ele>
    <time>2024-04-17T17:09:56Z</time>
   </trkpt>
   <trkpt lat="65.8156450" lon="-16.3888630">
    <ele>395.1</ele>
    <time>2024-04-17T17:09:57Z</time>
   </trkpt>
   <trkpt lat="65.8156440" lon="-16.3888880">
    <ele>395.1</ele>
    <time>2024-04-17T17:09:58Z</time>
   </trkpt>
   <trkpt lat="65.8156380" lon="-16.3889080">
    <ele>395.0</ele>
    <time>2024-04-17T17:09:59Z</time>
   </trkpt>
   <trkpt lat="65.8156330" lon="-16.3889240">
    <ele>394.9</ele>
    <time>2024-04-17T17:10:00Z</time>
   </trkpt>
   <trkpt lat="65.8156290" lon="-16.3889330">
    <ele>394.8</ele>
    <time>2024-04-17T17:10:01Z</time>
   </trkpt>
   <trkpt lat="65.8156210" lon="-16.3889540">
    <ele>394.6</ele>
    <time>2024-04-17T17:10:02Z</time>
   </trkpt>
   <trkpt lat="65.8156140" lon="-16.3889700">
    <ele>394.4</ele>
    <time>2024-04-17T17:10:03Z</time>
   </trkpt>
   <trkpt lat="65.8156070" lon="-16.3889870">
    <ele>394.2</ele>
    <time>2024-04-17T17:10:04Z</time>
   </trkpt>
   <trkpt lat="65.8155990" lon="-16.3890000">
    <ele>394.1</ele>
    <time>2024-04-17T17:10:05Z</time>
   </trkpt>
   <trkpt lat="65.8155920" lon="-16.3890170">
    <ele>393.9</ele>
    <time>2024-04-17T17:10:06Z</time>
   </trkpt>
   <trkpt lat="65.8155840" lon="-16.3890300">
    <ele>393.8</ele>
    <time>2024-04-17T17:10:07Z</time>
   </trkpt>
   <trkpt lat="65.8155780" lon="-16.3890430">
    <ele>393.7</ele>
    <time>2024-04-17T17:10:08Z</time>
   </trkpt>
   <trkpt lat="65.8155700" lon="-16.3890470">
    <ele>393.6</ele>
    <time>2024-04-17T17:10:09Z</time>
   </trkpt>
   <trkpt lat="65.8155620" lon="-16.3890630">
    <ele>393.4</ele>
    <time>2024-04-17T17:10:10Z</time>
   </trkpt>
   <trkpt lat="65.8155530" lon="-16.3890740">
    <ele>393.3</ele>
    <time>2024-04-17T17:10:11Z</time>
   </trkpt>
   <trkpt lat="65.8155450" lon="-16.3890880">
    <ele>393.2</ele>
    <time>2024-04-17T17:10:12Z</time>
   </trkpt>
   <trkpt lat="65.8155350" lon="-16.3891050">
    <ele>393.1</ele>
    <time>2024-04-17T17:10:13Z</time>
   </trkpt>
   <trkpt lat="65.8155270" lon="-16.3891220">
    <ele>393.0</ele>
    <time>2024-04-17T17:10:14Z</time>
   </trkpt>
   <trkpt lat="65.8155180" lon="-16.3891380">
    <ele>393.0</ele>
    <time>2024-04-17T17:10:15Z</time>
   </trkpt>
   <trkpt lat="65.8155110" lon="-16.3891510">
    <ele>392.9</ele>
    <time>2024-04-17T17:10:16Z</time>
   </trkpt>
   <trkpt lat="65.8155020" lon="-16.3891630">
    <ele>392.8</ele>
    <time>2024-04-17T17:10:17Z</time>
   </trkpt>
   <trkpt lat="65.8154930" lon="-16.3891790">
    <ele>392.8</ele>
    <time>2024-04-17T17:10:18Z</time>
   </trkpt>
   <trkpt lat="65.8154850" lon="-16.3891940">
    <ele>392.7</ele>
    <time>2024-04-17T17:10:19Z</time>
   </trkpt>
   <trkpt lat="65.8154770" lon="-16.3892110">
    <ele>392.7</ele>
    <time>2024-04-17T17:10:20Z</time>
   </trkpt>
   <trkpt lat="65.8154710" lon="-16.3892250">
    <ele>392.6</ele>
    <time>2024-04-17T17:10:21Z</time>
   </trkpt>
   <trkpt lat="65.8154650" lon="-16.3892510">
    <ele>392.5</ele>
    <time>2024-04-17T17:10:22Z</time>
   </trkpt>
   <trkpt lat="65.8154570" lon="-16.3892710">
    <ele>392.4</ele>
    <time>2024-04-17T17:10:23Z</time>
   </trkpt>
   <trkpt lat="65.8154480" lon="-16.3892910">
    <ele>392.4</ele>
    <time>2024-04-17T17:10:24Z</time>
   </trkpt>
   <trkpt lat="65.8154430" lon="-16.3893090">
    <ele>392.3</ele>
    <time>2024-04-17T17:10:25Z</time>
   </trkpt>
   <trkpt lat="65.8154350" lon="-16.3893280">
    <ele>392.2</ele>
    <time>2024-04-17T17:10:26Z</time>
   </trkpt>
   <trkpt lat="65.8154280" lon="-16.3893440">
    <ele>392.1</ele>
    <time>2024-04-17T17:10:27Z</time>
   </trkpt>
   <trkpt lat="65.8154220" lon="-16.3893560">
    <ele>392.0</ele>
    <time>2024-04-17T17:10:28Z</time>
   </trkpt>
   <trkpt lat="65.8154170" lon="-16.3893710">
    <ele>391.9</ele>
    <time>2024-04-17T17:10:29Z</time>
   </trkpt>
   <trkpt lat="65.8154110" lon="-16.3893880">
    <ele>391.8</ele>
    <time>2024-04-17T17:10:30Z</time>
   </trkpt>
   <trkpt lat="65.8154050" lon="-16.3893990">
    <ele>391.7</ele>
    <time>2024-04-17T17:10:31Z</time>
   </trkpt>
   <trkpt lat="65.8153940" lon="-16.3894140">
    <ele>391.5</ele>
    <time>2024-04-17T17:10:32Z</time>
   </trkpt>
   <trkpt lat="65.8153870" lon="-16.3894270">
    <ele>391.4</ele>
    <time>2024-04-17T17:10:33Z</time>
   </trkpt>
   <trkpt lat="65.8153790" lon="-16.3894410">
    <ele>391.2</ele>
    <time>2024-04-17T17:10:34Z</time>
   </trkpt>
   <trkpt lat="65.8153700" lon="-16.3894500">
    <ele>391.1</ele>
    <time>2024-04-17T17:10:35Z</time>
   </trkpt>
   <trkpt lat="65.8153630" lon="-16.3894610">
    <ele>390.9</ele>
    <time>2024-04-17T17:10:36Z</time>
   </trkpt>
   <trkpt lat="65.8153490" lon="-16.3894720">
    <ele>390.7</ele>
    <time>2024-04-17T17:10:37Z</time>
   </trkpt>
   <trkpt lat="65.8153420" lon="-16.3894730">
    <ele>390.7</ele>
    <time>2024-04-17T17:10:38Z</time>
   </trkpt>
   <trkpt lat="65.8153340" lon="-16.3894750">
    <ele>390.7</ele>
    <time>2024-04-17T17:10:39Z</time>
   </trkpt>
   <trkpt lat="65.8153270" lon="-16.3894760">
    <ele>390.8</ele>
    <time>2024-04-17T17:10:40Z</time>
   </trkpt>
   <trkpt lat="65.8153100" lon="-16.3894800">
    <ele>390.9</ele>
    <time>2024-04-17T17:10:41Z</time>
   </trkpt>
   <trkpt lat="65.8153040" lon="-16.3894800">
    <ele>390.9</ele>
    <time>2024-04-17T17:10:42Z</time>
   </trkpt>
   <trkpt lat="65.8152970" lon="-16.3894800">
    <ele>391.0</ele>
    <time>2024-04-17T17:10:43Z</time>
   </trkpt>
   <trkpt lat="65.8152900" lon="-16.3894800">
    <ele>391.0</ele>
    <time>2024-04-17T17:10:44Z</time>
   </trkpt>
   <trkpt lat="65.8152820" lon="-16.3894740">
    <ele>391.0</ele>
    <time>2024-04-17T17:10:45Z</time>
   </trkpt>
   <trkpt lat="65.8152740" lon="-16.3894700">
    <ele>391.1</ele>
    <time>2024-04-17T17:10:46Z</time>
   </trkpt>
   <trkpt lat="65.8152650" lon="-16.3894680">
    <ele>391.1</ele>
    <time>2024-04-17T17:10:47Z</time>
   </trkpt>
   <trkpt lat="65.8152590" lon="-16.3894630">
    <ele>391.1</ele>
    <time>2024-04-17T17:10:48Z</time>
   </trkpt>
   <trkpt lat="65.8152490" lon="-16.3894600">
    <ele>391.1</ele>
    <time>2024-04-17T17:10:49Z</time>
   </trkpt>
   <trkpt lat="65.8152460" lon="-16.3894590">
    <ele>391.1</ele>
    <time>2024-04-17T17:10:50Z</time>
   </trkpt>
   <trkpt lat="65.8152500" lon="-16.3894630">
    <ele>391.1</ele>
    <time>2024-04-17T17:10:51Z</time>
   </trkpt>
   <trkpt lat="65.8152410" lon="-16.3894650">
    <ele>391.1</ele>
    <time>2024-04-17T17:10:52Z</time>
   </trkpt>
   <trkpt lat="65.8152270" lon="-16.3894530">
    <ele>391.0</ele>
    <time>2024-04-17T17:10:53Z</time>
   </trkpt>
   <trkpt lat="65.8152190" lon="-16.3894570">
    <ele>391.1</ele>
    <time>2024-04-17T17:10:54Z</time>
   </trkpt>
   <trkpt lat="65.8152110" lon="-16.3894550">
    <ele>391.0</ele>
    <time>2024-04-17T17:10:55Z</time>
   </trkpt>
   <trkpt lat="65.8151990" lon="-16.3894530">
    <ele>391.0</ele>
    <time>2024-04-17T17:10:56Z</time>
   </trkpt>
   <trkpt lat="65.8151880" lon="-16.3894490">
    <ele>390.9</ele>
    <time>2024-04-17T17:10:57Z</time>
   </trkpt>
   <trkpt lat="65.8151830" lon="-16.3894440">
    <ele>390.9</ele>
    <time>2024-04-17T17:10:58Z</time>
   </trkpt>
   <trkpt lat="65.8151760" lon="-16.3894360">
    <ele>390.9</ele>
    <time>2024-04-17T17:10:59Z</time>
   </trkpt>
   <trkpt lat="65.8151660" lon="-16.3894320">
    <ele>390.9</ele>
    <time>2024-04-17T17:11:00Z</time>
   </trkpt>
   <trkpt lat="65.8151580" lon="-16.3894290">
    <ele>390.9</ele>
    <time>2024-04-17T17:11:01Z</time>
   </trkpt>
   <trkpt lat="65.8151470" lon="-16.3894290">
    <ele>390.9</ele>
    <time>2024-04-17T17:11:02Z</time>
   </trkpt>
   <trkpt lat="65.8151360" lon="-16.3894250">
    <ele>390.8</ele>
    <time>2024-04-17T17:11:03Z</time>
   </trkpt>
   <trkpt lat="65.8151300" lon="-16.3894270">
    <ele>390.8</ele>
    <time>2024-04-17T17:11:04Z</time>
   </trkpt>
   <trkpt lat="65.8151200" lon="-16.3894240">
    <ele>390.8</ele>
    <time>2024-04-17T17:11:05Z</time>
   </trkpt>
   <trkpt lat="65.8151110" lon="-16.3894250">
    <ele>390.8</ele>
    <time>2024-04-17T17:11:06Z</time>
   </trkpt>
   <trkpt lat="65.8151030" lon="-16.3894280">
    <ele>390.8</ele>
    <time>2024-04-17T17:11:07Z</time>
   </trkpt>
   <trkpt lat="65.8150950" lon="-16.3894270">
    <ele>390.8</ele>
    <time>2024-04-17T17:11:08Z</time>
   </trkpt>
   <trkpt lat="65.8150900" lon="-16.3894280">
    <ele>390.8</ele>
    <time>2024-04-17T17:11:09Z</time>
   </trkpt>
   <trkpt lat="65.8150820" lon="-16.3894240">
    <ele>390.8</ele>
    <time>2024-04-17T17:11:10Z</time>
   </trkpt>
   <trkpt lat="65.8150740" lon="-16.3894210">
    <ele>390.8</ele>
    <time>2024-04-17T17:11:11Z</time>
   </trkpt>
   <trkpt lat="65.8150670" lon="-16.3894230">
    <ele>390.8</ele>
    <time>2024-04-17T17:11:12Z</time>
   </trkpt>
   <trkpt lat="65.8150580" lon="-16.3894210">
    <ele>390.8</ele>
    <time>2024-04-17T17:11:13Z</time>
   </trkpt>
   <trkpt lat="65.8150520" lon="-16.3894110">
    <ele>390.6</ele>
    <time>2024-04-17T17:11:14Z</time>
   </trkpt>
   <trkpt lat="65.8150510" lon="-16.3894000">
    <ele>390.6</ele>
    <time>2024-04-17T17:11:15Z</time>
   </trkpt>
   <trkpt lat="65.8150480" lon="-16.3893910">
    <ele>390.6</ele>
    <time>2024-04-17T17:11:16Z</time>
   </trkpt>
   <trkpt lat="65.8150490" lon="-16.3893940">
    <ele>390.6</ele>
    <time>2024-04-17T17:11:17Z</time>
   </trkpt>
   <trkpt lat="65.8150440" lon="-16.3893940">
    <ele>390.6</ele>
    <time>2024-04-17T17:11:18Z</time>
   </trkpt>
   <trkpt lat="65.8150350" lon="-16.3893890">
    <ele>390.6</ele>
    <time>2024-04-17T17:11:19Z</time>
   </trkpt>
   <trkpt lat="65.8150340" lon="-16.3893880">
    <ele>390.6</ele>
    <time>2024-04-17T17:11:20Z</time>
   </trkpt>
   <trkpt lat="65.8150290" lon="-16.3893850">
    <ele>390.7</ele>
    <time>2024-04-17T17:11:21Z</time>
   </trkpt>
   <trkpt lat="65.8150280" lon="-16.3893880">
    <ele>390.7</ele>
    <time>2024-04-17T17:11:22Z</time>
   </trkpt>
   <trkpt lat="65.8150230" lon="-16.3893860">
    <ele>390.7</ele>
    <time>2024-04-17T17:11:23Z</time>
   </trkpt>
   <trkpt lat="65.8150190" lon="-16.3893830">
    <ele>390.7</ele>
    <time>2024-04-17T17:11:24Z</time>
   </trkpt>
   <trkpt lat="65.8150190" lon="-16.3893830">
    <ele>390.7</ele>
    <time>2024-04-17T17:11:25Z</time>
   </trkpt>
   <trkpt lat="65.8150160" lon="-16.3893800">
    <ele>390.7</ele>
    <time>2024-04-17T17:11:26Z</time>
   </trkpt>
   <trkpt lat="65.8150170" lon="-16.3893800">
    <ele>390.7</ele>
    <time>2024-04-17T17:11:27Z</time>
   </trkpt>
   <trkpt lat="65.8150180" lon="-16.3893800">
    <ele>390.7</ele>
    <time>2024-04-17T17:11:28Z</time>
   </trkpt>
   <trkpt lat="65.8150170" lon="-16.3893840">
    <ele>390.7</ele>
    <time>2024-04-17T17:11:29Z</time>
   </trkpt>
   <trkpt lat="65.8150150" lon="-16.3893830">
    <ele>390.7</ele>
    <time>2024-04-17T17:11:30Z</time>
   </trkpt>
   <trkpt lat="65.8150180" lon="-16.3893740">
    <ele>390.7</ele>
    <time>2024-04-17T17:11:31Z</time>
   </trkpt>
   <trkpt lat="65.8150170" lon="-16.3893730">
    <ele>390.7</ele>
    <time>2024-04-17T17:11:32Z</time>
   </trkpt>
   <trkpt lat="65.8150160" lon="-16.3893660">
    <ele>390.5</ele>
    <time>2024-04-17T17:11:33Z</time>
   </trkpt>
   <trkpt lat="65.8150150" lon="-16.3893680">
    <ele>390.6</ele>
    <time>2024-04-17T17:11:34Z</time>
   </trkpt>
   <trkpt lat="65.8150150" lon="-16.3893680">
    <ele>390.6</ele>
    <time>2024-04-17T17:11:35Z</time>
   </trkpt>
   <trkpt lat="65.8150120" lon="-16.3893670">
    <ele>390.6</ele>
    <time>2024-04-17T17:11:36Z</time>
   </trkpt>
   <trkpt lat="65.8150080" lon="-16.3893630">
    <ele>390.6</ele>
    <time>2024-04-17T17:11:37Z</time>
   </trkpt>
   <trkpt lat="65.8150040" lon="-16.3893610">
    <ele>390.6</ele>
    <time>2024-04-17T17:11:38Z</time>
   </trkpt>
   <trkpt lat="65.8150020" lon="-16.3893590">
    <ele>390.6</ele>
    <time>2024-04-17T17:11:39Z</time>
   </trkpt>
   <trkpt lat="65.8149960" lon="-16.3893510">
    <ele>390.6</ele>
    <time>2024-04-17T17:11:40Z</time>
   </trkpt>
   <trkpt lat="65.8149920" lon="-16.3893480">
    <ele>390.6</ele>
    <time>2024-04-17T17:11:41Z</time>
   </trkpt>
   <trkpt lat="65.8149810" lon="-16.3893410">
    <ele>390.6</ele>
    <time>2024-04-17T17:11:42Z</time>
   </trkpt>
   <trkpt lat="65.8149820" lon="-16.3893440">
    <ele>390.6</ele>
    <time>2024-04-17T17:11:43Z</time>
   </trkpt>
   <trkpt lat="65.8149690" lon="-16.3893530">
    <ele>390.6</ele>
    <time>2024-04-17T17:11:44Z</time>
   </trkpt>
   <trkpt lat="65.8149600" lon="-16.3893500">
    <ele>390.6</ele>
    <time>2024-04-17T17:11:45Z</time>
   </trkpt>
   <trkpt lat="65.8149520" lon="-16.3893400">
    <ele>390.6</ele>
    <time>2024-04-17T17:11:46Z</time>
   </trkpt>
   <trkpt lat="65.8149450" lon="-16.3893300">
    <ele>390.6</ele>
    <time>2024-04-17T17:11:47Z</time>
   </trkpt>
   <trkpt lat="65.8149310" lon="-16.3893190">
    <ele>390.5</ele>
    <time>2024-04-17T17:11:48Z</time>
   </trkpt>
   <trkpt lat="65.8149170" lon="-16.3893090">
    <ele>390.5</ele>
    <time>2024-04-17T17:11:49Z</time>
   </trkpt>
   <trkpt lat="65.8149100" lon="-16.3893030">
    <ele>390.5</ele>
    <time>2024-04-17T17:11:50Z</time>
   </trkpt>
   <trkpt lat="65.8149030" lon="-16.3892970">
    <ele>390.5</ele>
    <time>2024-04-17T17:11:51Z</time>
   </trkpt>
   <trkpt lat="65.8148960" lon="-16.3892910">
    <ele>390.5</ele>
    <time>2024-04-17T17:11:52Z</time>
   </trkpt>
   <trkpt lat="65.8148850" lon="-16.3892880">
    <ele>390.6</ele>
    <time>2024-04-17T17:11:53Z</time>
   </trkpt>
   <trkpt lat="65.8148770" lon="-16.3892830">
    <ele>390.3</ele>
    <time>2024-04-17T17:11:54Z</time>
   </trkpt>
   <trkpt lat="65.8148680" lon="-16.3892720">
    <ele>390.3</ele>
    <time>2024-04-17T17:11:55Z</time>
   </trkpt>
   <trkpt lat="65.8148650" lon="-16.3892710">
    <ele>390.3</ele>
    <time>2024-04-17T17:11:56Z</time>
   </trkpt>
   <trkpt lat="65.8148580" lon="-16.3892690">
    <ele>390.3</ele>
    <time>2024-04-17T17:11:57Z</time>
   </trkpt>
   <trkpt lat="65.8148490" lon="-16.3892670">
    <ele>390.2</ele>
    <time>2024-04-17T17:11:58Z</time>
   </trkpt>
   <trkpt lat="65.8148320" lon="-16.3892700">
    <ele>390.1</ele>
    <time>2024-04-17T17:11:59Z</time>
   </trkpt>
   <trkpt lat="65.8148190" lon="-16.3892730">
    <ele>390.0</ele>
    <time>2024-04-17T17:12:00Z</time>
   </trkpt>
   <trkpt lat="65.8148110" lon="-16.3892760">
    <ele>390.0</ele>
    <time>2024-04-17T17:12:01Z</time>
   </trkpt>
   <trkpt lat="65.8148010" lon="-16.3892890">
    <ele>390.2</ele>
    <time>2024-04-17T17:12:02Z</time>
   </trkpt>
   <trkpt lat="65.8147910" lon="-16.3892960">
    <ele>390.2</ele>
    <time>2024-04-17T17:12:03Z</time>
   </trkpt>
   <trkpt lat="65.8147830" lon="-16.3892950">
    <ele>390.1</ele>
    <time>2024-04-17T17:12:04Z</time>
   </trkpt>
   <trkpt lat="65.8147760" lon="-16.3892960">
    <ele>390.1</ele>
    <time>2024-04-17T17:12:05Z</time>
   </trkpt>
   <trkpt lat="65.8147670" lon="-16.3893030">
    <ele>390.0</ele>
    <time>2024-04-17T17:12:06Z</time>
   </trkpt>
   <trkpt lat="65.8147580" lon="-16.3893090">
    <ele>390.0</ele>
    <time>2024-04-17T17:12:07Z</time>
   </trkpt>
   <trkpt lat="65.8147470" lon="-16.3893160">
    <ele>389.9</ele>
    <time>2024-04-17T17:12:08Z</time>
   </trkpt>
   <trkpt lat="65.8147400" lon="-16.3893230">
    <ele>389.9</ele>
    <time>2024-04-17T17:12:09Z</time>
   </trkpt>
   <trkpt lat="65.8147370" lon="-16.3893360">
    <ele>390.2</ele>
    <time>2024-04-17T17:12:10Z</time>
   </trkpt>
   <trkpt lat="65.8147300" lon="-16.3893460">
    <ele>390.1</ele>
    <time>2024-04-17T17:12:11Z</time>
   </trkpt>
   <trkpt lat="65.8147220" lon="-16.3893480">
    <ele>390.1</ele>
    <time>2024-04-17T17:12:12Z</time>
   </trkpt>
   <trkpt lat="65.8147160" lon="-16.3893530">
    <ele>390.1</ele>
    <time>2024-04-17T17:12:13Z</time>
   </trkpt>
   <trkpt lat="65.8147100" lon="-16.3893640">
    <ele>390.1</ele>
    <time>2024-04-17T17:12:14Z</time>
   </trkpt>
   <trkpt lat="65.8147040" lon="-16.3893750">
    <ele>390.5</ele>
    <time>2024-04-17T17:12:15Z</time>
   </trkpt>
   <trkpt lat="65.8146940" lon="-16.3893890">
    <ele>390.4</ele>
    <time>2024-04-17T17:12:16Z</time>
   </trkpt>
   <trkpt lat="65.8146870" lon="-16.3894000">
    <ele>390.4</ele>
    <time>2024-04-17T17:12:17Z</time>
   </trkpt>
   <trkpt lat="65.8146810" lon="-16.3894070">
    <ele>390.5</ele>
    <time>2024-04-17T17:12:18Z</time>
   </trkpt>
   <trkpt lat="65.8146830" lon="-16.3894040">
    <ele>390.4</ele>
    <time>2024-04-17T17:12:19Z</time>
   </trkpt>
   <trkpt lat="65.8146740" lon="-16.3894150">
    <ele>390.9</ele>
    <time>2024-04-17T17:12:20Z</time>
   </trkpt>
   <trkpt lat="65.8146640" lon="-16.3894220">
    <ele>390.9</ele>
    <time>2024-04-17T17:12:21Z</time>
   </trkpt>
   <trkpt lat="65.8146550" lon="-16.3894360">
    <ele>390.9</ele>
    <time>2024-04-17T17:12:22Z</time>
   </trkpt>
   <trkpt lat="65.8146490" lon="-16.3894380">
    <ele>390.9</ele>
    <time>2024-04-17T17:12:23Z</time>
   </trkpt>
   <trkpt lat="65.8146420" lon="-16.3894410">
    <ele>390.8</ele>
    <time>2024-04-17T17:12:24Z</time>
   </trkpt>
   <trkpt lat="65.8146330" lon="-16.3894520">
    <ele>390.8</ele>
    <time>2024-04-17T17:12:25Z</time>
   </trkpt>
   <trkpt lat="65.8146270" lon="-16.3894520">
    <ele>390.8</ele>
    <time>2024-04-17T17:12:26Z</time>
   </trkpt>
   <trkpt lat="65.8146190" lon="-16.3894590">
    <ele>391.1</ele>
    <time>2024-04-17T17:12:27Z</time>
   </trkpt>
   <trkpt lat="65.8146130" lon="-16.3894660">
    <ele>391.1</ele>
    <time>2024-04-17T17:12:28Z</time>
   </trkpt>
   <trkpt lat="65.8146080" lon="-16.3894730">
    <ele>391.0</ele>
    <time>2024-04-17T17:12:29Z</time>
   </trkpt>
   <trkpt lat="65.8146010" lon="-16.3894820">
    <ele>391.0</ele>
    <time>2024-04-17T17:12:30Z</time>
   </trkpt>
   <trkpt lat="65.8145950" lon="-16.3894870">
    <ele>391.0</ele>
    <time>2024-04-17T17:12:31Z</time>
   </trkpt>
   <trkpt lat="65.8145880" lon="-16.3894930">
    <ele>391.0</ele>
    <time>2024-04-17T17:12:32Z</time>
   </trkpt>
   <trkpt lat="65.8145800" lon="-16.3894990">
    <ele>391.3</ele>
    <time>2024-04-17T17:12:33Z</time>
   </trkpt>
   <trkpt lat="65.8145740" lon="-16.3895060">
    <ele>391.2</ele>
    <time>2024-04-17T17:12:34Z</time>
   </trkpt>
   <trkpt lat="65.8145710" lon="-16.3895090">
    <ele>391.2</ele>
    <time>2024-04-17T17:12:35Z</time>
   </trkpt>
   <trkpt lat="65.8145620" lon="-16.3895100">
    <ele>391.3</ele>
    <time>2024-04-17T17:12:36Z</time>
   </trkpt>
   <trkpt lat="65.8145520" lon="-16.3895090">
    <ele>391.3</ele>
    <time>2024-04-17T17:12:37Z</time>
   </trkpt>
   <trkpt lat="65.8145450" lon="-16.3895060">
    <ele>391.3</ele>
    <time>2024-04-17T17:12:38Z</time>
   </trkpt>
   <trkpt lat="65.8145390" lon="-16.3895070">
    <ele>391.3</ele>
    <time>2024-04-17T17:12:39Z</time>
   </trkpt>
   <trkpt lat="65.8145340" lon="-16.3895060">
    <ele>391.3</ele>
    <time>2024-04-17T17:12:40Z</time>
   </trkpt>
   <trkpt lat="65.8145250" lon="-16.3895070">
    <ele>391.3</ele>
    <time>2024-04-17T17:12:41Z</time>
   </trkpt>
   <trkpt lat="65.8145180" lon="-16.3895030">
    <ele>391.3</ele>
    <time>2024-04-17T17:12:42Z</time>
   </trkpt>
   <trkpt lat="65.8145090" lon="-16.3895020">
    <ele>391.3</ele>
    <time>2024-04-17T17:12:43Z</time>
   </trkpt>
   <trkpt lat="65.8145010" lon="-16.3895050">
    <ele>391.3</ele>
    <time>2024-04-17T17:12:44Z</time>
   </trkpt>
   <trkpt lat="65.8144960" lon="-16.3895030">
    <ele>391.3</ele>
    <time>2024-04-17T17:12:45Z</time>
   </trkpt>
   <trkpt lat="65.8144880" lon="-16.3894990">
    <ele>391.3</ele>
    <time>2024-04-17T17:12:46Z</time>
   </trkpt>
   <trkpt lat="65.8144800" lon="-16.3894960">
    <ele>391.1</ele>
    <time>2024-04-17T17:12:47Z</time>
   </trkpt>
   <trkpt lat="65.8144690" lon="-16.3894840">
    <ele>391.1</ele>
    <time>2024-04-17T17:12:48Z</time>
   </trkpt>
   <trkpt lat="65.8144640" lon="-16.3894670">
    <ele>391.1</ele>
    <time>2024-04-17T17:12:49Z</time>
   </trkpt>
   <trkpt lat="65.8144580" lon="-16.3894520">
    <ele>390.9</ele>
    <time>2024-04-17T17:12:50Z</time>
   </trkpt>
   <trkpt lat="65.8144510" lon="-16.3894530">
    <ele>390.9</ele>
    <time>2024-04-17T17:12:51Z</time>
   </trkpt>
   <trkpt lat="65.8144430" lon="-16.3894480">
    <ele>390.9</ele>
    <time>2024-04-17T17:12:52Z</time>
   </trkpt>
   <trkpt lat="65.8144300" lon="-16.3894440">
    <ele>390.9</ele>
    <time>2024-04-17T17:12:53Z</time>
   </trkpt>
   <trkpt lat="65.8144250" lon="-16.3894440">
    <ele>390.9</ele>
    <time>2024-04-17T17:12:54Z</time>
   </trkpt>
   <trkpt lat="65.8144180" lon="-16.3894450">
    <ele>391.0</ele>
    <time>2024-04-17T17:12:55Z</time>
   </trkpt>
   <trkpt lat="65.8144080" lon="-16.3894420">
    <ele>391.0</ele>
    <time>2024-04-17T17:12:56Z</time>
   </trkpt>
   <trkpt lat="65.8143970" lon="-16.3894380">
    <ele>390.9</ele>
    <time>2024-04-17T17:12:57Z</time>
   </trkpt>
   <trkpt lat="65.8143890" lon="-16.3894300">
    <ele>390.9</ele>
    <time>2024-04-17T17:12:58Z</time>
   </trkpt>
   <trkpt lat="65.8143830" lon="-16.3894290">
    <ele>390.9</ele>
    <time>2024-04-17T17:12:59Z</time>
   </trkpt>
   <trkpt lat="65.8143790" lon="-16.3894370">
    <ele>390.9</ele>
    <time>2024-04-17T17:13:00Z</time>
   </trkpt>
   <trkpt lat="65.8143670" lon="-16.3894340">
    <ele>390.9</ele>
    <time>2024-04-17T17:13:01Z</time>
   </trkpt>
   <trkpt lat="65.8143580" lon="-16.3894230">
    <ele>390.8</ele>
    <time>2024-04-17T17:13:02Z</time>
   </trkpt>
   <trkpt lat="65.8143520" lon="-16.3894150">
    <ele>390.8</ele>
    <time>2024-04-17T17:13:03Z</time>
   </trkpt>
   <trkpt lat="65.8143430" lon="-16.3894090">
    <ele>390.5</ele>
    <time>2024-04-17T17:13:04Z</time>
   </trkpt>
   <trkpt lat="65.8143410" lon="-16.3894110">
    <ele>390.5</ele>
    <time>2024-04-17T17:13:05Z</time>
   </trkpt>
   <trkpt lat="65.8143310" lon="-16.3894080">
    <ele>390.5</ele>
    <time>2024-04-17T17:13:06Z</time>
   </trkpt>
   <trkpt lat="65.8143220" lon="-16.3894040">
    <ele>390.4</ele>
    <time>2024-04-17T17:13:07Z</time>
   </trkpt>
   <trkpt lat="65.8143150" lon="-16.3893980">
    <ele>390.4</ele>
    <time>2024-04-17T17:13:08Z</time>
   </trkpt>
   <trkpt lat="65.8143090" lon="-16.3893930">
    <ele>390.4</ele>
    <time>2024-04-17T17:13:09Z</time>
   </trkpt>
   <trkpt lat="65.8143010" lon="-16.3893910">
    <ele>390.4</ele>
    <time>2024-04-17T17:13:10Z</time>
   </trkpt>
   <trkpt lat="65.8142960" lon="-16.3893890">
    <ele>390.4</ele>
    <time>2024-04-17T17:13:11Z</time>
   </trkpt>
   <trkpt lat="65.8142870" lon="-16.3893860">
    <ele>390.4</ele>
    <time>2024-04-17T17:13:12Z</time>
   </trkpt>
   <trkpt lat="65.8142800" lon="-16.3893820">
    <ele>390.4</ele>
    <time>2024-04-17T17:13:13Z</time>
   </trkpt>
   <trkpt lat="65.8142750" lon="-16.3893820">
    <ele>390.4</ele>
    <time>2024-04-17T17:13:14Z</time>
   </trkpt>
   <trkpt lat="65.8142650" lon="-16.3893780">
    <ele>390.4</ele>
    <time>2024-04-17T17:13:15Z</time>
   </trkpt>
   <trkpt lat="65.8142590" lon="-16.3893740">
    <ele>390.4</ele>
    <time>2024-04-17T17:13:16Z</time>
   </trkpt>
   <trkpt lat="65.8142520" lon="-16.3893690">
    <ele>390.2</ele>
    <time>2024-04-17T17:13:17Z</time>
   </trkpt>
   <trkpt lat="65.8142430" lon="-16.3893650">
    <ele>390.2</ele>
    <time>2024-04-17T17:13:18Z</time>
   </trkpt>
   <trkpt lat="65.8142360" lon="-16.3893630">
    <ele>390.2</ele>
    <time>2024-04-17T17:13:19Z</time>
   </trkpt>
   <trkpt lat="65.8142340" lon="-16.3893650">
    <ele>390.3</ele>
    <time>2024-04-17T17:13:20Z</time>
   </trkpt>
   <trkpt lat="65.8142260" lon="-16.3893710">
    <ele>390.5</ele>
    <time>2024-04-17T17:13:21Z</time>
   </trkpt>
   <trkpt lat="65.8142180" lon="-16.3893710">
    <ele>390.5</ele>
    <time>2024-04-17T17:13:22Z</time>
   </trkpt>
   <trkpt lat="65.8142110" lon="-16.3893730">
    <ele>390.5</ele>
    <time>2024-04-17T17:13:23Z</time>
   </trkpt>
   <trkpt lat="65.8142070" lon="-16.3893710">
    <ele>390.6</ele>
    <time>2024-04-17T17:13:24Z</time>
   </trkpt>
   <trkpt lat="65.8142000" lon="-16.3893690">
    <ele>390.3</ele>
    <time>2024-04-17T17:13:25Z</time>
   </trkpt>
   <trkpt lat="65.8141890" lon="-16.3893680">
    <ele>390.3</ele>
    <time>2024-04-17T17:13:26Z</time>
   </trkpt>
   <trkpt lat="65.8141830" lon="-16.3893710">
    <ele>390.6</ele>
    <time>2024-04-17T17:13:27Z</time>
   </trkpt>
   <trkpt lat="65.8141770" lon="-16.3893750">
    <ele>390.6</ele>
    <time>2024-04-17T17:13:28Z</time>
   </trkpt>
   <trkpt lat="65.8141690" lon="-16.3893760">
    <ele>390.6</ele>
    <time>2024-04-17T17:13:29Z</time>
   </trkpt>
   <trkpt lat="65.8141620" lon="-16.3893790">
    <ele>390.6</ele>
    <time>2024-04-17T17:13:30Z</time>
   </trkpt>
   <trkpt lat="65.8141560" lon="-16.3893800">
    <ele>390.6</ele>
    <time>2024-04-17T17:13:31Z</time>
   </trkpt>
   <trkpt lat="65.8141470" lon="-16.3893780">
    <ele>390.5</ele>
    <time>2024-04-17T17:13:32Z</time>
   </trkpt>
   <trkpt lat="65.8141410" lon="-16.3893750">
    <ele>390.6</ele>
    <time>2024-04-17T17:13:33Z</time>
   </trkpt>
   <trkpt lat="65.8141360" lon="-16.3893730">
    <ele>390.5</ele>
    <time>2024-04-17T17:13:34Z</time>
   </trkpt>
   <trkpt lat="65.8141300" lon="-16.3893780">
    <ele>390.5</ele>
    <time>2024-04-17T17:13:35Z</time>
   </trkpt>
   <trkpt lat="65.8141210" lon="-16.3893740">
    <ele>390.5</ele>
    <time>2024-04-17T17:13:36Z</time>
   </trkpt>
   <trkpt lat="65.8141120" lon="-16.3893750">
    <ele>390.5</ele>
    <time>2024-04-17T17:13:37Z</time>
   </trkpt>
   <trkpt lat="65.8141040" lon="-16.3893750">
    <ele>390.5</ele>
    <time>2024-04-17T17:13:38Z</time>
   </trkpt>
   <trkpt lat="65.8140960" lon="-16.3893720">
    <ele>390.5</ele>
    <time>2024-04-17T17:13:39Z</time>
   </trkpt>
   <trkpt lat="65.8140890" lon="-16.3893700">
    <ele>390.5</ele>
    <time>2024-04-17T17:13:40Z</time>
   </trkpt>
   <trkpt lat="65.8140810" lon="-16.3893660">
    <ele>390.3</ele>
    <time>2024-04-17T17:13:41Z</time>
   </trkpt>
   <trkpt lat="65.8140690" lon="-16.3893540">
    <ele>390.3</ele>
    <time>2024-04-17T17:13:42Z</time>
   </trkpt>
   <trkpt lat="65.8140630" lon="-16.3893460">
    <ele>390.4</ele>
    <time>2024-04-17T17:13:43Z</time>
   </trkpt>
   <trkpt lat="65.8140580" lon="-16.3893400">
    <ele>390.4</ele>
    <time>2024-04-17T17:13:44Z</time>
   </trkpt>
   <trkpt lat="65.8140520" lon="-16.3893360">
    <ele>390.4</ele>
    <time>2024-04-17T17:13:45Z</time>
   </trkpt>
   <trkpt lat="65.8140460" lon="-16.3893350">
    <ele>390.5</ele>
    <time>2024-04-17T17:13:46Z</time>
   </trkpt>
   <trkpt lat="65.8140390" lon="-16.3893350">
    <ele>390.5</ele>
    <time>2024-04-17T17:13:47Z</time>
   </trkpt>
   <trkpt lat="65.8140300" lon="-16.3893290">
    <ele>390.5</ele>
    <time>2024-04-17T17:13:48Z</time>
   </trkpt>
   <trkpt lat="65.8140200" lon="-16.3893260">
    <ele>390.4</ele>
    <time>2024-04-17T17:13:49Z</time>
   </trkpt>
   <trkpt lat="65.8140140" lon="-16.3893230">
    <ele>390.5</ele>
    <time>2024-04-17T17:13:50Z</time>
   </trkpt>
   <trkpt lat="65.8140080" lon="-16.3893240">
    <ele>390.5</ele>
    <time>2024-04-17T17:13:51Z</time>
   </trkpt>
   <trkpt lat="65.8139980" lon="-16.3893200">
    <ele>390.5</ele>
    <time>2024-04-17T17:13:52Z</time>
   </trkpt>
   <trkpt lat="65.8139890" lon="-16.3893170">
    <ele>390.5</ele>
    <time>2024-04-17T17:13:53Z</time>
   </trkpt>
   <trkpt lat="65.8139830" lon="-16.3893150">
    <ele>390.5</ele>
    <time>2024-04-17T17:13:54Z</time>
   </trkpt>
   <trkpt lat="65.8139750" lon="-16.3893140">
    <ele>390.5</ele>
    <time>2024-04-17T17:13:55Z</time>
   </trkpt>
   <trkpt lat="65.8139640" lon="-16.3893150">
    <ele>390.5</ele>
    <time>2024-04-17T17:13:56Z</time>
   </trkpt>
   <trkpt lat="65.8139570" lon="-16.3893200">
    <ele>390.5</ele>
    <time>2024-04-17T17:13:57Z</time>
   </trkpt>
   <trkpt lat="65.8139500" lon="-16.3893190">
    <ele>390.5</ele>
    <time>2024-04-17T17:13:58Z</time>
   </trkpt>
   <trkpt lat="65.8139430" lon="-16.3893190">
    <ele>390.4</ele>
    <time>2024-04-17T17:13:59Z</time>
   </trkpt>
   <trkpt lat="65.8139340" lon="-16.3893190">
    <ele>390.4</ele>
    <time>2024-04-17T17:14:00Z</time>
   </trkpt>
   <trkpt lat="65.8139260" lon="-16.3893210">
    <ele>390.3</ele>
    <time>2024-04-17T17:14:01Z</time>
   </trkpt>
   <trkpt lat="65.8139200" lon="-16.3893220">
    <ele>390.3</ele>
    <time>2024-04-17T17:14:02Z</time>
   </trkpt>
   <trkpt lat="65.8139120" lon="-16.3893210">
    <ele>390.4</ele>
    <time>2024-04-17T17:14:03Z</time>
   </trkpt>
   <trkpt lat="65.8139040" lon="-16.3893180">
    <ele>390.3</ele>
    <time>2024-04-17T17:14:04Z</time>
   </trkpt>
   <trkpt lat="65.8138950" lon="-16.3893150">
    <ele>390.3</ele>
    <time>2024-04-17T17:14:05Z</time>
   </trkpt>
   <trkpt lat="65.8138900" lon="-16.3893120">
    <ele>390.2</ele>
    <time>2024-04-17T17:14:06Z</time>
   </trkpt>
   <trkpt lat="65.8138810" lon="-16.3893070">
    <ele>390.2</ele>
    <time>2024-04-17T17:14:07Z</time>
   </trkpt>
   <trkpt lat="65.8138740" lon="-16.3893020">
    <ele>390.2</ele>
    <time>2024-04-17T17:14:08Z</time>
   </trkpt>
   <trkpt lat="65.8138700" lon="-16.3893020">
    <ele>390.1</ele>
    <time>2024-04-17T17:14:09Z</time>
   </trkpt>
   <trkpt lat="65.8138640" lon="-16.3892960">
    <ele>390.1</ele>
    <time>2024-04-17T17:14:10Z</time>
   </trkpt>
   <trkpt lat="65.8138550" lon="-16.3892960">
    <ele>390.2</ele>
    <time>2024-04-17T17:14:11Z</time>
   </trkpt>
   <trkpt lat="65.8138460" lon="-16.3892950">
    <ele>390.2</ele>
    <time>2024-04-17T17:14:12Z</time>
   </trkpt>
   <trkpt lat="65.8138390" lon="-16.3892950">
    <ele>390.2</ele>
    <time>2024-04-17T17:14:13Z</time>
   </trkpt>
   <trkpt lat="65.8138320" lon="-16.3892900">
    <ele>390.2</ele>
    <time>2024-04-17T17:14:14Z</time>
   </trkpt>
   <trkpt lat="65.8138280" lon="-16.3892870">
    <ele>390.2</ele>
    <time>2024-04-17T17:14:15Z</time>
   </trkpt>
   <trkpt lat="65.8138230" lon="-16.3892840">
    <ele>390.0</ele>
    <time>2024-04-17T17:14:16Z</time>
   </trkpt>
   <trkpt lat="65.8138140" lon="-16.3892800">
    <ele>390.0</ele>
    <time>2024-04-17T17:14:17Z</time>
   </trkpt>
   <trkpt lat="65.8138050" lon="-16.3892720">
    <ele>390.0</ele>
    <time>2024-04-17T17:14:18Z</time>
   </trkpt>
   <trkpt lat="65.8137960" lon="-16.3892650">
    <ele>390.0</ele>
    <time>2024-04-17T17:14:19Z</time>
   </trkpt>
   <trkpt lat="65.8137890" lon="-16.3892560">
    <ele>390.0</ele>
    <time>2024-04-17T17:14:20Z</time>
   </trkpt>
   <trkpt lat="65.8137800" lon="-16.3892490">
    <ele>390.0</ele>
    <time>2024-04-17T17:14:21Z</time>
   </trkpt>
   <trkpt lat="65.8137710" lon="-16.3892400">
    <ele>389.8</ele>
    <time>2024-04-17T17:14:22Z</time>
   </trkpt>
   <trkpt lat="65.8137610" lon="-16.3892290">
    <ele>389.8</ele>
    <time>2024-04-17T17:14:23Z</time>
   </trkpt>
   <trkpt lat="65.8137530" lon="-16.3892250">
    <ele>389.8</ele>
    <time>2024-04-17T17:14:24Z</time>
   </trkpt>
   <trkpt lat="65.8137470" lon="-16.3892210">
    <ele>389.7</ele>
    <time>2024-04-17T17:14:25Z</time>
   </trkpt>
   <trkpt lat="65.8137410" lon="-16.3892180">
    <ele>389.7</ele>
    <time>2024-04-17T17:14:26Z</time>
   </trkpt>
   <trkpt lat="65.8137340" lon="-16.3892120">
    <ele>389.8</ele>
    <time>2024-04-17T17:14:27Z</time>
   </trkpt>
   <trkpt lat="65.8137270" lon="-16.3892090">
    <ele>389.8</ele>
    <time>2024-04-17T17:14:28Z</time>
   </trkpt>
   <trkpt lat="65.8137200" lon="-16.3892060">
    <ele>389.8</ele>
    <time>2024-04-17T17:14:29Z</time>
   </trkpt>
   <trkpt lat="65.8137130" lon="-16.3892030">
    <ele>390.0</ele>
    <time>2024-04-17T17:14:30Z</time>
   </trkpt>
   <trkpt lat="65.8137080" lon="-16.3892020">
    <ele>390.0</ele>
    <time>2024-04-17T17:14:31Z</time>
   </trkpt>
   <trkpt lat="65.8136990" lon="-16.3892010">
    <ele>390.0</ele>
    <time>2024-04-17T17:14:32Z</time>
   </trkpt>
   <trkpt lat="65.8136890" lon="-16.3892030">
    <ele>390.2</ele>
    <time>2024-04-17T17:14:33Z</time>
   </trkpt>
   <trkpt lat="65.8136800" lon="-16.3891950">
    <ele>389.9</ele>
    <time>2024-04-17T17:14:34Z</time>
   </trkpt>
   <trkpt lat="65.8136730" lon="-16.3891910">
    <ele>390.1</ele>
    <time>2024-04-17T17:14:35Z</time>
   </trkpt>
   <trkpt lat="65.8136660" lon="-16.3891950">
    <ele>390.1</ele>
    <time>2024-04-17T17:14:36Z</time>
   </trkpt>
   <trkpt lat="65.8136570" lon="-16.3891870">
    <ele>390.2</ele>
    <time>2024-04-17T17:14:37Z</time>
   </trkpt>
   <trkpt lat="65.8136500" lon="-16.3891840">
    <ele>390.2</ele>
    <time>2024-04-17T17:14:38Z</time>
   </trkpt>
   <trkpt lat="65.8136330" lon="-16.3891810">
    <ele>390.3</ele>
    <time>2024-04-17T17:14:39Z</time>
   </trkpt>
   <trkpt lat="65.8136270" lon="-16.3891840">
    <ele>390.1</ele>
    <time>2024-04-17T17:14:40Z</time>
   </trkpt>
   <trkpt lat="65.8136210" lon="-16.3891870">
    <ele>390.2</ele>
    <time>2024-04-17T17:14:41Z</time>
   </trkpt>
   <trkpt lat="65.8136140" lon="-16.3891900">
    <ele>390.2</ele>
    <time>2024-04-17T17:14:42Z</time>
   </trkpt>
   <trkpt lat="65.8136060" lon="-16.3891920">
    <ele>389.9</ele>
    <time>2024-04-17T17:14:43Z</time>
   </trkpt>
   <trkpt lat="65.8136000" lon="-16.3891920">
    <ele>389.9</ele>
    <time>2024-04-17T17:14:44Z</time>
   </trkpt>
   <trkpt lat="65.8135930" lon="-16.3891820">
    <ele>390.0</ele>
    <time>2024-04-17T17:14:45Z</time>
   </trkpt>
   <trkpt lat="65.8135880" lon="-16.3891780">
    <ele>389.7</ele>
    <time>2024-04-17T17:14:46Z</time>
   </trkpt>
   <trkpt lat="65.8135820" lon="-16.3891720">
    <ele>389.7</ele>
    <time>2024-04-17T17:14:47Z</time>
   </trkpt>
   <trkpt lat="65.8135730" lon="-16.3891640">
    <ele>389.5</ele>
    <time>2024-04-17T17:14:48Z</time>
   </trkpt>
   <trkpt lat="65.8135630" lon="-16.3891570">
    <ele>389.5</ele>
    <time>2024-04-17T17:14:49Z</time>
   </trkpt>
   <trkpt lat="65.8135540" lon="-16.3891510">
    <ele>389.3</ele>
    <time>2024-04-17T17:14:50Z</time>
   </trkpt>
   <trkpt lat="65.8135470" lon="-16.3891470">
    <ele>389.3</ele>
    <time>2024-04-17T17:14:51Z</time>
   </trkpt>
   <trkpt lat="65.8135360" lon="-16.3891470">
    <ele>389.3</ele>
    <time>2024-04-17T17:14:52Z</time>
   </trkpt>
   <trkpt lat="65.8135240" lon="-16.3891470">
    <ele>389.3</ele>
    <time>2024-04-17T17:14:53Z</time>
   </trkpt>
   <trkpt lat="65.8135170" lon="-16.3891510">
    <ele>389.4</ele>
    <time>2024-04-17T17:14:54Z</time>
   </trkpt>
   <trkpt lat="65.8135100" lon="-16.3891490">
    <ele>389.4</ele>
    <time>2024-04-17T17:14:55Z</time>
   </trkpt>
   <trkpt lat="65.8135020" lon="-16.3891460">
    <ele>389.4</ele>
    <time>2024-04-17T17:14:56Z</time>
   </trkpt>
   <trkpt lat="65.8134940" lon="-16.3891460">
    <ele>389.4</ele>
    <time>2024-04-17T17:14:57Z</time>
   </trkpt>
   <trkpt lat="65.8134870" lon="-16.3891440">
    <ele>389.4</ele>
    <time>2024-04-17T17:14:58Z</time>
   </trkpt>
   <trkpt lat="65.8134790" lon="-16.3891370">
    <ele>389.4</ele>
    <time>2024-04-17T17:14:59Z</time>
   </trkpt>
   <trkpt lat="65.8134700" lon="-16.3891240">
    <ele>389.4</ele>
    <time>2024-04-17T17:15:00Z</time>
   </trkpt>
   <trkpt lat="65.8134600" lon="-16.3891160">
    <ele>389.3</ele>
    <time>2024-04-17T17:15:01Z</time>
   </trkpt>
   <trkpt lat="65.8134550" lon="-16.3891060">
    <ele>389.3</ele>
    <time>2024-04-17T17:15:02Z</time>
   </trkpt>
   <trkpt lat="65.8134460" lon="-16.3890980">
    <ele>389.2</ele>
    <time>2024-04-17T17:15:03Z</time>
   </trkpt>
   <trkpt lat="65.8134390" lon="-16.3890920">
    <ele>389.2</ele>
    <time>2024-04-17T17:15:04Z</time>
   </trkpt>
   <trkpt lat="65.8134310" lon="-16.3890880">
    <ele>389.1</ele>
    <time>2024-04-17T17:15:05Z</time>
   </trkpt>
   <trkpt lat="65.8134210" lon="-16.3890760">
    <ele>389.1</ele>
    <time>2024-04-17T17:15:06Z</time>
   </trkpt>
   <trkpt lat="65.8134150" lon="-16.3890720">
    <ele>389.1</ele>
    <time>2024-04-17T17:15:07Z</time>
   </trkpt>
   <trkpt lat="65.8134080" lon="-16.3890660">
    <ele>389.3</ele>
    <time>2024-04-17T17:15:08Z</time>
   </trkpt>
   <trkpt lat="65.8134000" lon="-16.3890630">
    <ele>389.3</ele>
    <time>2024-04-17T17:15:09Z</time>
   </trkpt>
   <trkpt lat="65.8133920" lon="-16.3890600">
    <ele>389.3</ele>
    <time>2024-04-17T17:15:10Z</time>
   </trkpt>
   <trkpt lat="65.8133840" lon="-16.3890600">
    <ele>389.3</ele>
    <time>2024-04-17T17:15:11Z</time>
   </trkpt>
   <trkpt lat="65.8133740" lon="-16.3890540">
    <ele>389.3</ele>
    <time>2024-04-17T17:15:12Z</time>
   </trkpt>
   <trkpt lat="65.8133650" lon="-16.3890520">
    <ele>389.3</ele>
    <time>2024-04-17T17:15:13Z</time>
   </trkpt>
   <trkpt lat="65.8133570" lon="-16.3890550">
    <ele>389.2</ele>
    <time>2024-04-17T17:15:14Z</time>
   </trkpt>
   <trkpt lat="65.8133540" lon="-16.3890560">
    <ele>389.2</ele>
    <time>2024-04-17T17:15:15Z</time>
   </trkpt>
   <trkpt lat="65.8133420" lon="-16.3890550">
    <ele>389.1</ele>
    <time>2024-04-17T17:15:16Z</time>
   </trkpt>
   <trkpt lat="65.8133330" lon="-16.3890550">
    <ele>389.1</ele>
    <time>2024-04-17T17:15:17Z</time>
   </trkpt>
   <trkpt lat="65.8133230" lon="-16.3890580">
    <ele>389.0</ele>
    <time>2024-04-17T17:15:18Z</time>
   </trkpt>
   <trkpt lat="65.8133140" lon="-16.3890550">
    <ele>389.0</ele>
    <time>2024-04-17T17:15:19Z</time>
   </trkpt>
   <trkpt lat="65.8133100" lon="-16.3890580">
    <ele>388.8</ele>
    <time>2024-04-17T17:15:20Z</time>
   </trkpt>
   <trkpt lat="65.8133030" lon="-16.3890590">
    <ele>388.9</ele>
    <time>2024-04-17T17:15:21Z</time>
   </trkpt>
   <trkpt lat="65.8132940" lon="-16.3890630">
    <ele>388.9</ele>
    <time>2024-04-17T17:15:22Z</time>
   </trkpt>
   <trkpt lat="65.8132860" lon="-16.3890640">
    <ele>388.8</ele>
    <time>2024-04-17T17:15:23Z</time>
   </trkpt>
   <trkpt lat="65.8132750" lon="-16.3890660">
    <ele>388.7</ele>
    <time>2024-04-17T17:15:24Z</time>
   </trkpt>
   <trkpt lat="65.8132680" lon="-16.3890660">
    <ele>388.7</ele>
    <time>2024-04-17T17:15:25Z</time>
   </trkpt>
   <trkpt lat="65.8132620" lon="-16.3890690">
    <ele>388.8</ele>
    <time>2024-04-17T17:15:26Z</time>
   </trkpt>
   <trkpt lat="65.8132560" lon="-16.3890680">
    <ele>388.8</ele>
    <time>2024-04-17T17:15:27Z</time>
   </trkpt>
   <trkpt lat="65.8132480" lon="-16.3890720">
    <ele>388.6</ele>
    <time>2024-04-17T17:15:28Z</time>
   </trkpt>
   <trkpt lat="65.8132400" lon="-16.3890810">
    <ele>388.7</ele>
    <time>2024-04-17T17:15:29Z</time>
   </trkpt>
   <trkpt lat="65.8132290" lon="-16.3890830">
    <ele>388.7</ele>
    <time>2024-04-17T17:15:30Z</time>
   </trkpt>
   <trkpt lat="65.8132220" lon="-16.3890840">
    <ele>388.7</ele>
    <time>2024-04-17T17:15:31Z</time>
   </trkpt>
   <trkpt lat="65.8132150" lon="-16.3890880">
    <ele>388.7</ele>
    <time>2024-04-17T17:15:32Z</time>
   </trkpt>
   <trkpt lat="65.8132050" lon="-16.3890900">
    <ele>388.8</ele>
    <time>2024-04-17T17:15:33Z</time>
   </trkpt>
   <trkpt lat="65.8131940" lon="-16.3890910">
    <ele>388.8</ele>
    <time>2024-04-17T17:15:34Z</time>
   </trkpt>
   <trkpt lat="65.8131830" lon="-16.3890920">
    <ele>388.8</ele>
    <time>2024-04-17T17:15:35Z</time>
   </trkpt>
   <trkpt lat="65.8131750" lon="-16.3890930">
    <ele>388.8</ele>
    <time>2024-04-17T17:15:36Z</time>
   </trkpt>
   <trkpt lat="65.8131640" lon="-16.3890940">
    <ele>388.8</ele>
    <time>2024-04-17T17:15:37Z</time>
   </trkpt>
   <trkpt lat="65.8131580" lon="-16.3890950">
    <ele>388.8</ele>
    <time>2024-04-17T17:15:38Z</time>
   </trkpt>
   <trkpt lat="65.8131520" lon="-16.3890970">
    <ele>388.8</ele>
    <time>2024-04-17T17:15:39Z</time>
   </trkpt>
   <trkpt lat="65.8131420" lon="-16.3891000">
    <ele>388.8</ele>
    <time>2024-04-17T17:15:40Z</time>
   </trkpt>
   <trkpt lat="65.8131300" lon="-16.3891050">
    <ele>388.8</ele>
    <time>2024-04-17T17:15:41Z</time>
   </trkpt>
   <trkpt lat="65.8131200" lon="-16.3891120">
    <ele>388.8</ele>
    <time>2024-04-17T17:15:42Z</time>
   </trkpt>
   <trkpt lat="65.8131130" lon="-16.3891120">
    <ele>388.9</ele>
    <time>2024-04-17T17:15:43Z</time>
   </trkpt>
   <trkpt lat="65.8131050" lon="-16.3891120">
    <ele>388.9</ele>
    <time>2024-04-17T17:15:44Z</time>
   </trkpt>
   <trkpt lat="65.8130960" lon="-16.3891110">
    <ele>389.0</ele>
    <time>2024-04-17T17:15:45Z</time>
   </trkpt>
   <trkpt lat="65.8130890" lon="-16.3891100">
    <ele>389.0</ele>
    <time>2024-04-17T17:15:46Z</time>
   </trkpt>
   <trkpt lat="65.8130800" lon="-16.3891120">
    <ele>389.1</ele>
    <time>2024-04-17T17:15:47Z</time>
   </trkpt>
   <trkpt lat="65.8130710" lon="-16.3891160">
    <ele>388.9</ele>
    <time>2024-04-17T17:15:48Z</time>
   </trkpt>
   <trkpt lat="65.8130610" lon="-16.3891200">
    <ele>389.0</ele>
    <time>2024-04-17T17:15:49Z</time>
   </trkpt>
   <trkpt lat="65.8130530" lon="-16.3891240">
    <ele>389.0</ele>
    <time>2024-04-17T17:15:50Z</time>
   </trkpt>
   <trkpt lat="65.8130440" lon="-16.3891290">
    <ele>389.1</ele>
    <time>2024-04-17T17:15:51Z</time>
   </trkpt>
   <trkpt lat="65.8130360" lon="-16.3891400">
    <ele>389.1</ele>
    <time>2024-04-17T17:15:52Z</time>
   </trkpt>
   <trkpt lat="65.8130290" lon="-16.3891440">
    <ele>389.2</ele>
    <time>2024-04-17T17:15:53Z</time>
   </trkpt>
   <trkpt lat="65.8130220" lon="-16.3891460">
    <ele>389.2</ele>
    <time>2024-04-17T17:15:54Z</time>
   </trkpt>
   <trkpt lat="65.8130130" lon="-16.3891480">
    <ele>389.2</ele>
    <time>2024-04-17T17:15:55Z</time>
   </trkpt>
   <trkpt lat="65.8130070" lon="-16.3891500">
    <ele>389.2</ele>
    <time>2024-04-17T17:15:56Z</time>
   </trkpt>
   <trkpt lat="65.8129970" lon="-16.3891500">
    <ele>389.3</ele>
    <time>2024-04-17T17:15:57Z</time>
   </trkpt>
   <trkpt lat="65.8129900" lon="-16.3891530">
    <ele>389.3</ele>
    <time>2024-04-17T17:15:58Z</time>
   </trkpt>
   <trkpt lat="65.8129820" lon="-16.3891550">
    <ele>389.3</ele>
    <time>2024-04-17T17:15:59Z</time>
   </trkpt>
   <trkpt lat="65.8129730" lon="-16.3891580">
    <ele>389.2</ele>
    <time>2024-04-17T17:16:00Z</time>
   </trkpt>
   <trkpt lat="65.8129650" lon="-16.3891630">
    <ele>389.2</ele>
    <time>2024-04-17T17:16:01Z</time>
   </trkpt>
   <trkpt lat="65.8129570" lon="-16.3891670">
    <ele>389.2</ele>
    <time>2024-04-17T17:16:02Z</time>
   </trkpt>
   <trkpt lat="65.8129520" lon="-16.3891730">
    <ele>389.2</ele>
    <time>2024-04-17T17:16:03Z</time>
   </trkpt>
   <trkpt lat="65.8129420" lon="-16.3891780">
    <ele>389.2</ele>
    <time>2024-04-17T17:16:04Z</time>
   </trkpt>
   <trkpt lat="65.8129310" lon="-16.3891910">
    <ele>389.2</ele>
    <time>2024-04-17T17:16:05Z</time>
   </trkpt>
   <trkpt lat="65.8129220" lon="-16.3891940">
    <ele>389.2</ele>
    <time>2024-04-17T17:16:06Z</time>
   </trkpt>
   <trkpt lat="65.8129150" lon="-16.3891960">
    <ele>389.2</ele>
    <time>2024-04-17T17:16:07Z</time>
   </trkpt>
   <trkpt lat="65.8129070" lon="-16.3891970">
    <ele>389.2</ele>
    <time>2024-04-17T17:16:08Z</time>
   </trkpt>
   <trkpt lat="65.8128990" lon="-16.3892030">
    <ele>388.9</ele>
    <time>2024-04-17T17:16:09Z</time>
   </trkpt>
   <trkpt lat="65.8128910" lon="-16.3892090">
    <ele>388.9</ele>
    <time>2024-04-17T17:16:10Z</time>
   </trkpt>
   <trkpt lat="65.8128830" lon="-16.3892140">
    <ele>388.9</ele>
    <time>2024-04-17T17:16:11Z</time>
   </trkpt>
   <trkpt lat="65.8128770" lon="-16.3892160">
    <ele>388.9</ele>
    <time>2024-04-17T17:16:12Z</time>
   </trkpt>
   <trkpt lat="65.8128670" lon="-16.3892210">
    <ele>388.9</ele>
    <time>2024-04-17T17:16:13Z</time>
   </trkpt>
   <trkpt lat="65.8128610" lon="-16.3892290">
    <ele>388.9</ele>
    <time>2024-04-17T17:16:14Z</time>
   </trkpt>
   <trkpt lat="65.8128520" lon="-16.3892380">
    <ele>388.9</ele>
    <time>2024-04-17T17:16:15Z</time>
   </trkpt>
   <trkpt lat="65.8128420" lon="-16.3892440">
    <ele>388.6</ele>
    <time>2024-04-17T17:16:16Z</time>
   </trkpt>
   <trkpt lat="65.8128340" lon="-16.3892500">
    <ele>388.7</ele>
    <time>2024-04-17T17:16:17Z</time>
   </trkpt>
   <trkpt lat="65.8128270" lon="-16.3892590">
    <ele>388.7</ele>
    <time>2024-04-17T17:16:18Z</time>
   </trkpt>
   <trkpt lat="65.8128210" lon="-16.3892700">
    <ele>388.7</ele>
    <time>2024-04-17T17:16:19Z</time>
   </trkpt>
   <trkpt lat="65.8128150" lon="-16.3892800">
    <ele>388.8</ele>
    <time>2024-04-17T17:16:20Z</time>
   </trkpt>
   <trkpt lat="65.8128050" lon="-16.3892890">
    <ele>388.6</ele>
    <time>2024-04-17T17:16:21Z</time>
   </trkpt>
   <trkpt lat="65.8127970" lon="-16.3892940">
    <ele>388.7</ele>
    <time>2024-04-17T17:16:22Z</time>
   </trkpt>
   <trkpt lat="65.8127900" lon="-16.3893040">
    <ele>388.7</ele>
    <time>2024-04-17T17:16:23Z</time>
   </trkpt>
   <trkpt lat="65.8127840" lon="-16.3893150">
    <ele>388.7</ele>
    <time>2024-04-17T17:16:24Z</time>
   </trkpt>
   <trkpt lat="65.8127780" lon="-16.3893240">
    <ele>388.9</ele>
    <time>2024-04-17T17:16:25Z</time>
   </trkpt>
   <trkpt lat="65.8127710" lon="-16.3893310">
    <ele>388.8</ele>
    <time>2024-04-17T17:16:26Z</time>
   </trkpt>
   <trkpt lat="65.8127640" lon="-16.3893460">
    <ele>388.9</ele>
    <time>2024-04-17T17:16:27Z</time>
   </trkpt>
   <trkpt lat="65.8127600" lon="-16.3893590">
    <ele>388.9</ele>
    <time>2024-04-17T17:16:28Z</time>
   </trkpt>
   <trkpt lat="65.8127490" lon="-16.3893900">
    <ele>388.8</ele>
    <time>2024-04-17T17:16:29Z</time>
   </trkpt>
   <trkpt lat="65.8127450" lon="-16.3894030">
    <ele>388.9</ele>
    <time>2024-04-17T17:16:30Z</time>
   </trkpt>
   <trkpt lat="65.8127410" lon="-16.3894170">
    <ele>388.8</ele>
    <time>2024-04-17T17:16:31Z</time>
   </trkpt>
   <trkpt lat="65.8127370" lon="-16.3894310">
    <ele>388.8</ele>
    <time>2024-04-17T17:16:32Z</time>
   </trkpt>
   <trkpt lat="65.8127300" lon="-16.3894500">
    <ele>388.9</ele>
    <time>2024-04-17T17:16:33Z</time>
   </trkpt>
   <trkpt lat="65.8127230" lon="-16.3894680">
    <ele>388.8</ele>
    <time>2024-04-17T17:16:34Z</time>
   </trkpt>
   <trkpt lat="65.8127160" lon="-16.3894830">
    <ele>388.8</ele>
    <time>2024-04-17T17:16:35Z</time>
   </trkpt>
   <trkpt lat="65.8127100" lon="-16.3894950">
    <ele>388.8</ele>
    <time>2024-04-17T17:16:36Z</time>
   </trkpt>
   <trkpt lat="65.8127050" lon="-16.3895070">
    <ele>388.7</ele>
    <time>2024-04-17T17:16:37Z</time>
   </trkpt>
   <trkpt lat="65.8126990" lon="-16.3895200">
    <ele>388.7</ele>
    <time>2024-04-17T17:16:38Z</time>
   </trkpt>
   <trkpt lat="65.8126920" lon="-16.3895290">
    <ele>388.7</ele>
    <time>2024-04-17T17:16:39Z</time>
   </trkpt>
   <trkpt lat="65.8126840" lon="-16.3895400">
    <ele>388.7</ele>
    <time>2024-04-17T17:16:40Z</time>
   </trkpt>
   <trkpt lat="65.8126760" lon="-16.3895490">
    <ele>388.5</ele>
    <time>2024-04-17T17:16:41Z</time>
   </trkpt>
   <trkpt lat="65.8126730" lon="-16.3895560">
    <ele>388.5</ele>
    <time>2024-04-17T17:16:42Z</time>
   </trkpt>
   <trkpt lat="65.8126660" lon="-16.3895660">
    <ele>388.5</ele>
    <time>2024-04-17T17:16:43Z</time>
   </trkpt>
   <trkpt lat="65.8126560" lon="-16.3895720">
    <ele>388.5</ele>
    <time>2024-04-17T17:16:44Z</time>
   </trkpt>
   <trkpt lat="65.8126460" lon="-16.3895860">
    <ele>388.3</ele>
    <time>2024-04-17T17:16:45Z</time>
   </trkpt>
   <trkpt lat="65.8126410" lon="-16.3895960">
    <ele>388.2</ele>
    <time>2024-04-17T17:16:46Z</time>
   </trkpt>
   <trkpt lat="65.8126360" lon="-16.3896050">
    <ele>388.2</ele>
    <time>2024-04-17T17:16:47Z</time>
   </trkpt>
   <trkpt lat="65.8126290" lon="-16.3896100">
    <ele>388.2</ele>
    <time>2024-04-17T17:16:48Z</time>
   </trkpt>
   <trkpt lat="65.8126230" lon="-16.3896180">
    <ele>388.1</ele>
    <time>2024-04-17T17:16:49Z</time>
   </trkpt>
   <trkpt lat="65.8126200" lon="-16.3896270">
    <ele>388.1</ele>
    <time>2024-04-17T17:16:50Z</time>
   </trkpt>
   <trkpt lat="65.8126140" lon="-16.3896350">
    <ele>388.0</ele>
    <time>2024-04-17T17:16:51Z</time>
   </trkpt>
   <trkpt lat="65.8126080" lon="-16.3896420">
    <ele>388.0</ele>
    <time>2024-04-17T17:16:52Z</time>
   </trkpt>
   <trkpt lat="65.8126020" lon="-16.3896490">
    <ele>387.8</ele>
    <time>2024-04-17T17:16:53Z</time>
   </trkpt>
   <trkpt lat="65.8126010" lon="-16.3896560">
    <ele>387.8</ele>
    <time>2024-04-17T17:16:54Z</time>
   </trkpt>
   <trkpt lat="65.8125960" lon="-16.3896690">
    <ele>387.8</ele>
    <time>2024-04-17T17:16:55Z</time>
   </trkpt>
   <trkpt lat="65.8125870" lon="-16.3896850">
    <ele>387.5</ele>
    <time>2024-04-17T17:16:56Z</time>
   </trkpt>
   <trkpt lat="65.8125820" lon="-16.3896900">
    <ele>387.5</ele>
    <time>2024-04-17T17:16:57Z</time>
   </trkpt>
   <trkpt lat="65.8125760" lon="-16.3896940">
    <ele>387.5</ele>
    <time>2024-04-17T17:16:58Z</time>
   </trkpt>
   <trkpt lat="65.8125710" lon="-16.3897010">
    <ele>387.2</ele>
    <time>2024-04-17T17:16:59Z</time>
   </trkpt>
   <trkpt lat="65.8125640" lon="-16.3897080">
    <ele>387.2</ele>
    <time>2024-04-17T17:17:00Z</time>
   </trkpt>
   <trkpt lat="65.8125610" lon="-16.3897160">
    <ele>387.0</ele>
    <time>2024-04-17T17:17:01Z</time>
   </trkpt>
   <trkpt lat="65.8125560" lon="-16.3897250">
    <ele>387.1</ele>
    <time>2024-04-17T17:17:02Z</time>
   </trkpt>
   <trkpt lat="65.8125500" lon="-16.3897450">
    <ele>386.9</ele>
    <time>2024-04-17T17:17:03Z</time>
   </trkpt>
   <trkpt lat="65.8125470" lon="-16.3897520">
    <ele>386.9</ele>
    <time>2024-04-17T17:17:04Z</time>
   </trkpt>
   <trkpt lat="65.8125450" lon="-16.3897610">
    <ele>386.6</ele>
    <time>2024-04-17T17:17:05Z</time>
   </trkpt>
   <trkpt lat="65.8125420" lon="-16.3897710">
    <ele>386.6</ele>
    <time>2024-04-17T17:17:06Z</time>
   </trkpt>
   <trkpt lat="65.8125370" lon="-16.3897780">
    <ele>386.4</ele>
    <time>2024-04-17T17:17:07Z</time>
   </trkpt>
   <trkpt lat="65.8125310" lon="-16.3897840">
    <ele>386.4</ele>
    <time>2024-04-17T17:17:08Z</time>
   </trkpt>
   <trkpt lat="65.8125290" lon="-16.3897930">
    <ele>386.4</ele>
    <time>2024-04-17T17:17:09Z</time>
   </trkpt>
   <trkpt lat="65.8125290" lon="-16.3898050">
    <ele>386.2</ele>
    <time>2024-04-17T17:17:10Z</time>
   </trkpt>
   <trkpt lat="65.8125260" lon="-16.3898290">
    <ele>386.2</ele>
    <time>2024-04-17T17:17:11Z</time>
   </trkpt>
   <trkpt lat="65.8125240" lon="-16.3898500">
    <ele>386.0</ele>
    <time>2024-04-17T17:17:12Z</time>
   </trkpt>
   <trkpt lat="65.8125190" lon="-16.3898630">
    <ele>385.7</ele>
    <time>2024-04-17T17:17:13Z</time>
   </trkpt>
   <trkpt lat="65.8125110" lon="-16.3898720">
    <ele>385.7</ele>
    <time>2024-04-17T17:17:14Z</time>
   </trkpt>
   <trkpt lat="65.8125040" lon="-16.3898830">
    <ele>385.7</ele>
    <time>2024-04-17T17:17:15Z</time>
   </trkpt>
   <trkpt lat="65.8124990" lon="-16.3898920">
    <ele>385.3</ele>
    <time>2024-04-17T17:17:16Z</time>
   </trkpt>
   <trkpt lat="65.8124940" lon="-16.3899040">
    <ele>385.3</ele>
    <time>2024-04-17T17:17:17Z</time>
   </trkpt>
   <trkpt lat="65.8124930" lon="-16.3899170">
    <ele>385.3</ele>
    <time>2024-04-17T17:17:18Z</time>
   </trkpt>
   <trkpt lat="65.8124870" lon="-16.3899300">
    <ele>385.0</ele>
    <time>2024-04-17T17:17:19Z</time>
   </trkpt>
   <trkpt lat="65.8124800" lon="-16.3899430">
    <ele>384.9</ele>
    <time>2024-04-17T17:17:20Z</time>
   </trkpt>
   <trkpt lat="65.8124740" lon="-16.3899550">
    <ele>384.9</ele>
    <time>2024-04-17T17:17:21Z</time>
   </trkpt>
   <trkpt lat="65.8124710" lon="-16.3899690">
    <ele>384.9</ele>
    <time>2024-04-17T17:17:22Z</time>
   </trkpt>
   <trkpt lat="65.8124660" lon="-16.3899860">
    <ele>384.6</ele>
    <time>2024-04-17T17:17:23Z</time>
   </trkpt>
   <trkpt lat="65.8124530" lon="-16.3900180">
    <ele>384.3</ele>
    <time>2024-04-17T17:17:24Z</time>
   </trkpt>
   <trkpt lat="65.8124470" lon="-16.3900320">
    <ele>384.3</ele>
    <time>2024-04-17T17:17:25Z</time>
   </trkpt>
   <trkpt lat="65.8124390" lon="-16.3900380">
    <ele>384.3</ele>
    <time>2024-04-17T17:17:26Z</time>
   </trkpt>
   <trkpt lat="65.8124350" lon="-16.3900490">
    <ele>384.3</ele>
    <time>2024-04-17T17:17:27Z</time>
   </trkpt>
   <trkpt lat="65.8124300" lon="-16.3900700">
    <ele>384.0</ele>
    <time>2024-04-17T17:17:28Z</time>
   </trkpt>
   <trkpt lat="65.8124250" lon="-16.3900910">
    <ele>384.1</ele>
    <time>2024-04-17T17:17:29Z</time>
   </trkpt>
   <trkpt lat="65.8124190" lon="-16.3901120">
    <ele>383.8</ele>
    <time>2024-04-17T17:17:30Z</time>
   </trkpt>
   <trkpt lat="65.8124150" lon="-16.3901460">
    <ele>383.5</ele>
    <time>2024-04-17T17:17:31Z</time>
   </trkpt>
   <trkpt lat="65.8124130" lon="-16.3901590">
    <ele>383.5</ele>
    <time>2024-04-17T17:17:33Z</time>
   </trkpt>
   <trkpt lat="65.8124110" lon="-16.3901710">
    <ele>383.5</ele>
    <time>2024-04-17T17:17:34Z</time>
   </trkpt>
   <trkpt lat="65.8124100" lon="-16.3901830">
    <ele>383.5</ele>
    <time>2024-04-17T17:17:35Z</time>
   </trkpt>
   <trkpt lat="65.8124080" lon="-16.3901960">
    <ele>383.2</ele>
    <time>2024-04-17T17:17:36Z</time>
   </trkpt>
   <trkpt lat="65.8124020" lon="-16.3902210">
    <ele>383.2</ele>
    <time>2024-04-17T17:17:37Z</time>
   </trkpt>
   <trkpt lat="65.8123990" lon="-16.3902350">
    <ele>382.9</ele>
    <time>2024-04-17T17:17:38Z</time>
   </trkpt>
   <trkpt lat="65.8123970" lon="-16.3902500">
    <ele>382.9</ele>
    <time>2024-04-17T17:17:39Z</time>
   </trkpt>
   <trkpt lat="65.8123950" lon="-16.3902640">
    <ele>383.0</ele>
    <time>2024-04-17T17:17:40Z</time>
   </trkpt>
   <trkpt lat="65.8123930" lon="-16.3902780">
    <ele>382.8</ele>
    <time>2024-04-17T17:17:41Z</time>
   </trkpt>
   <trkpt lat="65.8123890" lon="-16.3902910">
    <ele>382.8</ele>
    <time>2024-04-17T17:17:42Z</time>
   </trkpt>
   <trkpt lat="65.8123890" lon="-16.3903040">
    <ele>382.9</ele>
    <time>2024-04-17T17:17:43Z</time>
   </trkpt>
   <trkpt lat="65.8123890" lon="-16.3903220">
    <ele>382.9</ele>
    <time>2024-04-17T17:17:44Z</time>
   </trkpt>
   <trkpt lat="65.8123880" lon="-16.3903460">
    <ele>382.9</ele>
    <time>2024-04-17T17:17:45Z</time>
   </trkpt>
   <trkpt lat="65.8123870" lon="-16.3903680">
    <ele>383.0</ele>
    <time>2024-04-17T17:17:46Z</time>
   </trkpt>
   <trkpt lat="65.8123870" lon="-16.3903890">
    <ele>383.0</ele>
    <time>2024-04-17T17:17:47Z</time>
   </trkpt>
   <trkpt lat="65.8123860" lon="-16.3904040">
    <ele>383.1</ele>
    <time>2024-04-17T17:17:48Z</time>
   </trkpt>
   <trkpt lat="65.8123880" lon="-16.3904250">
    <ele>383.1</ele>
    <time>2024-04-17T17:17:49Z</time>
   </trkpt>
   <trkpt lat="65.8123880" lon="-16.3904430">
    <ele>383.2</ele>
    <time>2024-04-17T17:17:50Z</time>
   </trkpt>
   <trkpt lat="65.8123870" lon="-16.3904640">
    <ele>383.2</ele>
    <time>2024-04-17T17:17:51Z</time>
   </trkpt>
   <trkpt lat="65.8123860" lon="-16.3904830">
    <ele>383.2</ele>
    <time>2024-04-17T17:17:52Z</time>
   </trkpt>
   <trkpt lat="65.8123840" lon="-16.3905040">
    <ele>383.2</ele>
    <time>2024-04-17T17:17:53Z</time>
   </trkpt>
   <trkpt lat="65.8123810" lon="-16.3905250">
    <ele>383.2</ele>
    <time>2024-04-17T17:17:54Z</time>
   </trkpt>
   <trkpt lat="65.8123800" lon="-16.3905410">
    <ele>383.1</ele>
    <time>2024-04-17T17:17:55Z</time>
   </trkpt>
   <trkpt lat="65.8123770" lon="-16.3905570">
    <ele>383.2</ele>
    <time>2024-04-17T17:17:56Z</time>
   </trkpt>
   <trkpt lat="65.8123750" lon="-16.3905790">
    <ele>383.0</ele>
    <time>2024-04-17T17:17:57Z</time>
   </trkpt>
   <trkpt lat="65.8123730" lon="-16.3905970">
    <ele>383.0</ele>
    <time>2024-04-17T17:17:58Z</time>
   </trkpt>
   <trkpt lat="65.8123730" lon="-16.3906140">
    <ele>383.0</ele>
    <time>2024-04-17T17:17:59Z</time>
   </trkpt>
   <trkpt lat="65.8123690" lon="-16.3906290">
    <ele>382.9</ele>
    <time>2024-04-17T17:18:00Z</time>
   </trkpt>
   <trkpt lat="65.8123660" lon="-16.3906510">
    <ele>382.9</ele>
    <time>2024-04-17T17:18:01Z</time>
   </trkpt>
   <trkpt lat="65.8123650" lon="-16.3906680">
    <ele>382.7</ele>
    <time>2024-04-17T17:18:02Z</time>
   </trkpt>
   <trkpt lat="65.8123630" lon="-16.3906860">
    <ele>382.7</ele>
    <time>2024-04-17T17:18:03Z</time>
   </trkpt>
   <trkpt lat="65.8123600" lon="-16.3907020">
    <ele>382.7</ele>
    <time>2024-04-17T17:18:04Z</time>
   </trkpt>
   <trkpt lat="65.8123560" lon="-16.3907150">
    <ele>382.6</ele>
    <time>2024-04-17T17:18:05Z</time>
   </trkpt>
   <trkpt lat="65.8123520" lon="-16.3907350">
    <ele>382.6</ele>
    <time>2024-04-17T17:18:06Z</time>
   </trkpt>
   <trkpt lat="65.8123500" lon="-16.3907490">
    <ele>382.6</ele>
    <time>2024-04-17T17:18:07Z</time>
   </trkpt>
   <trkpt lat="65.8123450" lon="-16.3907700">
    <ele>382.5</ele>
    <time>2024-04-17T17:18:08Z</time>
   </trkpt>
   <trkpt lat="65.8123430" lon="-16.3907870">
    <ele>382.5</ele>
    <time>2024-04-17T17:18:09Z</time>
   </trkpt>
   <trkpt lat="65.8123400" lon="-16.3908010">
    <ele>382.5</ele>
    <time>2024-04-17T17:18:10Z</time>
   </trkpt>
   <trkpt lat="65.8123360" lon="-16.3908180">
    <ele>382.4</ele>
    <time>2024-04-17T17:18:11Z</time>
   </trkpt>
   <trkpt lat="65.8123320" lon="-16.3908320">
    <ele>382.4</ele>
    <time>2024-04-17T17:18:12Z</time>
   </trkpt>
   <trkpt lat="65.8123260" lon="-16.3908470">
    <ele>382.4</ele>
    <time>2024-04-17T17:18:13Z</time>
   </trkpt>
   <trkpt lat="65.8123220" lon="-16.3908610">
    <ele>382.4</ele>
    <time>2024-04-17T17:18:14Z</time>
   </trkpt>
   <trkpt lat="65.8123170" lon="-16.3908730">
    <ele>382.4</ele>
    <time>2024-04-17T17:18:15Z</time>
   </trkpt>
   <trkpt lat="65.8123090" lon="-16.3908950">
    <ele>382.3</ele>
    <time>2024-04-17T17:18:16Z</time>
   </trkpt>
   <trkpt lat="65.8123090" lon="-16.3909050">
    <ele>382.3</ele>
    <time>2024-04-17T17:18:17Z</time>
   </trkpt>
   <trkpt lat="65.8123020" lon="-16.3909210">
    <ele>382.3</ele>
    <time>2024-04-17T17:18:18Z</time>
   </trkpt>
   <trkpt lat="65.8122960" lon="-16.3909410">
    <ele>382.3</ele>
    <time>2024-04-17T17:18:19Z</time>
   </trkpt>
   <trkpt lat="65.8122920" lon="-16.3909570">
    <ele>382.3</ele>
    <time>2024-04-17T17:18:20Z</time>
   </trkpt>
   <trkpt lat="65.8122880" lon="-16.3909730">
    <ele>382.3</ele>
    <time>2024-04-17T17:18:21Z</time>
   </trkpt>
   <trkpt lat="65.8122840" lon="-16.3909830">
    <ele>382.3</ele>
    <time>2024-04-17T17:18:22Z</time>
   </trkpt>
   <trkpt lat="65.8122770" lon="-16.3909990">
    <ele>382.3</ele>
    <time>2024-04-17T17:18:23Z</time>
   </trkpt>
   <trkpt lat="65.8122720" lon="-16.3910180">
    <ele>382.3</ele>
    <time>2024-04-17T17:18:24Z</time>
   </trkpt>
   <trkpt lat="65.8122690" lon="-16.3910360">
    <ele>382.3</ele>
    <time>2024-04-17T17:18:25Z</time>
   </trkpt>
   <trkpt lat="65.8122650" lon="-16.3910540">
    <ele>382.3</ele>
    <time>2024-04-17T17:18:26Z</time>
   </trkpt>
   <trkpt lat="65.8122640" lon="-16.3910680">
    <ele>382.3</ele>
    <time>2024-04-17T17:18:27Z</time>
   </trkpt>
   <trkpt lat="65.8122590" lon="-16.3910860">
    <ele>382.3</ele>
    <time>2024-04-17T17:18:28Z</time>
   </trkpt>
   <trkpt lat="65.8122570" lon="-16.3911040">
    <ele>382.3</ele>
    <time>2024-04-17T17:18:29Z</time>
   </trkpt>
   <trkpt lat="65.8122560" lon="-16.3911190">
    <ele>382.3</ele>
    <time>2024-04-17T17:18:30Z</time>
   </trkpt>
   <trkpt lat="65.8122520" lon="-16.3911420">
    <ele>382.3</ele>
    <time>2024-04-17T17:18:31Z</time>
   </trkpt>
   <trkpt lat="65.8122500" lon="-16.3911630">
    <ele>382.3</ele>
    <time>2024-04-17T17:18:32Z</time>
   </trkpt>
   <trkpt lat="65.8122470" lon="-16.3911810">
    <ele>382.3</ele>
    <time>2024-04-17T17:18:33Z</time>
   </trkpt>
   <trkpt lat="65.8122450" lon="-16.3911990">
    <ele>382.3</ele>
    <time>2024-04-17T17:18:34Z</time>
   </trkpt>
   <trkpt lat="65.8122420" lon="-16.3912230">
    <ele>382.3</ele>
    <time>2024-04-17T17:18:35Z</time>
   </trkpt>
   <trkpt lat="65.8122400" lon="-16.3912430">
    <ele>382.3</ele>
    <time>2024-04-17T17:18:36Z</time>
   </trkpt>
   <trkpt lat="65.8122400" lon="-16.3912620">
    <ele>382.3</ele>
    <time>2024-04-17T17:18:37Z</time>
   </trkpt>
   <trkpt lat="65.8122380" lon="-16.3912790">
    <ele>382.3</ele>
    <time>2024-04-17T17:18:38Z</time>
   </trkpt>
   <trkpt lat="65.8122360" lon="-16.3912980">
    <ele>382.3</ele>
    <time>2024-04-17T17:18:39Z</time>
   </trkpt>
   <trkpt lat="65.8122330" lon="-16.3913140">
    <ele>382.3</ele>
    <time>2024-04-17T17:18:40Z</time>
   </trkpt>
   <trkpt lat="65.8122300" lon="-16.3913210">
    <ele>382.3</ele>
    <time>2024-04-17T17:18:41Z</time>
   </trkpt>
   <trkpt lat="65.8122290" lon="-16.3913400">
    <ele>382.3</ele>
    <time>2024-04-17T17:18:42Z</time>
   </trkpt>
   <trkpt lat="65.8122280" lon="-16.3913700">
    <ele>382.3</ele>
    <time>2024-04-17T17:18:43Z</time>
   </trkpt>
   <trkpt lat="65.8122270" lon="-16.3913930">
    <ele>382.3</ele>
    <time>2024-04-17T17:18:44Z</time>
   </trkpt>
   <trkpt lat="65.8122250" lon="-16.3914100">
    <ele>382.3</ele>
    <time>2024-04-17T17:18:45Z</time>
   </trkpt>
   <trkpt lat="65.8122240" lon="-16.3914320">
    <ele>382.3</ele>
    <time>2024-04-17T17:18:46Z</time>
   </trkpt>
   <trkpt lat="65.8122220" lon="-16.3914500">
    <ele>382.3</ele>
    <time>2024-04-17T17:18:47Z</time>
   </trkpt>
   <trkpt lat="65.8122180" lon="-16.3914760">
    <ele>382.3</ele>
    <time>2024-04-17T17:18:48Z</time>
   </trkpt>
   <trkpt lat="65.8122170" lon="-16.3914950">
    <ele>382.3</ele>
    <time>2024-04-17T17:18:49Z</time>
   </trkpt>
   <trkpt lat="65.8122160" lon="-16.3915110">
    <ele>382.3</ele>
    <time>2024-04-17T17:18:50Z</time>
   </trkpt>
   <trkpt lat="65.8122160" lon="-16.3915290">
    <ele>382.3</ele>
    <time>2024-04-17T17:18:51Z</time>
   </trkpt>
   <trkpt lat="65.8122150" lon="-16.3915560">
    <ele>382.4</ele>
    <time>2024-04-17T17:18:52Z</time>
   </trkpt>
   <trkpt lat="65.8122140" lon="-16.3915680">
    <ele>382.4</ele>
    <time>2024-04-17T17:18:53Z</time>
   </trkpt>
   <trkpt lat="65.8122160" lon="-16.3915820">
    <ele>382.4</ele>
    <time>2024-04-17T17:18:54Z</time>
   </trkpt>
   <trkpt lat="65.8122180" lon="-16.3916060">
    <ele>382.4</ele>
    <time>2024-04-17T17:18:55Z</time>
   </trkpt>
   <trkpt lat="65.8122190" lon="-16.3916260">
    <ele>382.4</ele>
    <time>2024-04-17T17:18:56Z</time>
   </trkpt>
   <trkpt lat="65.8122190" lon="-16.3916400">
    <ele>382.4</ele>
    <time>2024-04-17T17:18:57Z</time>
   </trkpt>
   <trkpt lat="65.8122200" lon="-16.3916550">
    <ele>382.4</ele>
    <time>2024-04-17T17:18:58Z</time>
   </trkpt>
   <trkpt lat="65.8122210" lon="-16.3916830">
    <ele>382.4</ele>
    <time>2024-04-17T17:18:59Z</time>
   </trkpt>
   <trkpt lat="65.8122210" lon="-16.3916980">
    <ele>382.4</ele>
    <time>2024-04-17T17:19:00Z</time>
   </trkpt>
   <trkpt lat="65.8122220" lon="-16.3917130">
    <ele>382.4</ele>
    <time>2024-04-17T17:19:01Z</time>
   </trkpt>
   <trkpt lat="65.8122210" lon="-16.3917310">
    <ele>382.4</ele>
    <time>2024-04-17T17:19:02Z</time>
   </trkpt>
   <trkpt lat="65.8122210" lon="-16.3917510">
    <ele>382.5</ele>
    <time>2024-04-17T17:19:03Z</time>
   </trkpt>
   <trkpt lat="65.8122210" lon="-16.3917750">
    <ele>382.5</ele>
    <time>2024-04-17T17:19:04Z</time>
   </trkpt>
   <trkpt lat="65.8122230" lon="-16.3917950">
    <ele>382.5</ele>
    <time>2024-04-17T17:19:05Z</time>
   </trkpt>
   <trkpt lat="65.8122260" lon="-16.3918130">
    <ele>382.5</ele>
    <time>2024-04-17T17:19:06Z</time>
   </trkpt>
   <trkpt lat="65.8122260" lon="-16.3918330">
    <ele>382.5</ele>
    <time>2024-04-17T17:19:07Z</time>
   </trkpt>
   <trkpt lat="65.8122260" lon="-16.3918570">
    <ele>382.6</ele>
    <time>2024-04-17T17:19:08Z</time>
   </trkpt>
   <trkpt lat="65.8122270" lon="-16.3918740">
    <ele>382.6</ele>
    <time>2024-04-17T17:19:09Z</time>
   </trkpt>
   <trkpt lat="65.8122280" lon="-16.3918860">
    <ele>382.6</ele>
    <time>2024-04-17T17:19:10Z</time>
   </trkpt>
   <trkpt lat="65.8122300" lon="-16.3919020">
    <ele>382.6</ele>
    <time>2024-04-17T17:19:11Z</time>
   </trkpt>
   <trkpt lat="65.8122320" lon="-16.3919140">
    <ele>382.6</ele>
    <time>2024-04-17T17:19:12Z</time>
   </trkpt>
   <trkpt lat="65.8122350" lon="-16.3919380">
    <ele>382.7</ele>
    <time>2024-04-17T17:19:13Z</time>
   </trkpt>
   <trkpt lat="65.8122380" lon="-16.3919600">
    <ele>382.7</ele>
    <time>2024-04-17T17:19:14Z</time>
   </trkpt>
   <trkpt lat="65.8122410" lon="-16.3919810">
    <ele>382.7</ele>
    <time>2024-04-17T17:19:15Z</time>
   </trkpt>
   <trkpt lat="65.8122440" lon="-16.3920010">
    <ele>382.7</ele>
    <time>2024-04-17T17:19:16Z</time>
   </trkpt>
   <trkpt lat="65.8122450" lon="-16.3920160">
    <ele>382.7</ele>
    <time>2024-04-17T17:19:17Z</time>
   </trkpt>
   <trkpt lat="65.8122490" lon="-16.3920300">
    <ele>382.8</ele>
    <time>2024-04-17T17:19:18Z</time>
   </trkpt>
   <trkpt lat="65.8122530" lon="-16.3920490">
    <ele>382.8</ele>
    <time>2024-04-17T17:19:19Z</time>
   </trkpt>
   <trkpt lat="65.8122570" lon="-16.3920680">
    <ele>382.8</ele>
    <time>2024-04-17T17:19:20Z</time>
   </trkpt>
   <trkpt lat="65.8122590" lon="-16.3920850">
    <ele>382.8</ele>
    <time>2024-04-17T17:19:21Z</time>
   </trkpt>
   <trkpt lat="65.8122610" lon="-16.3921000">
    <ele>382.8</ele>
    <time>2024-04-17T17:19:22Z</time>
   </trkpt>
   <trkpt lat="65.8122620" lon="-16.3921160">
    <ele>382.9</ele>
    <time>2024-04-17T17:19:23Z</time>
   </trkpt>
   <trkpt lat="65.8122650" lon="-16.3921390">
    <ele>382.9</ele>
    <time>2024-04-17T17:19:24Z</time>
   </trkpt>
   <trkpt lat="65.8122680" lon="-16.3921610">
    <ele>382.9</ele>
    <time>2024-04-17T17:19:25Z</time>
   </trkpt>
   <trkpt lat="65.8122710" lon="-16.3921740">
    <ele>382.9</ele>
    <time>2024-04-17T17:19:26Z</time>
   </trkpt>
   <trkpt lat="65.8122730" lon="-16.3921940">
    <ele>382.9</ele>
    <time>2024-04-17T17:19:27Z</time>
   </trkpt>
   <trkpt lat="65.8122740" lon="-16.3922120">
    <ele>383.0</ele>
    <time>2024-04-17T17:19:28Z</time>
   </trkpt>
   <trkpt lat="65.8122750" lon="-16.3922200">
    <ele>383.0</ele>
    <time>2024-04-17T17:19:29Z</time>
   </trkpt>
   <trkpt lat="65.8122770" lon="-16.3922410">
    <ele>383.0</ele>
    <time>2024-04-17T17:19:30Z</time>
   </trkpt>
   <trkpt lat="65.8122800" lon="-16.3922590">
    <ele>383.0</ele>
    <time>2024-04-17T17:19:31Z</time>
   </trkpt>
   <trkpt lat="65.8122840" lon="-16.3922790">
    <ele>383.0</ele>
    <time>2024-04-17T17:19:32Z</time>
   </trkpt>
   <trkpt lat="65.8122860" lon="-16.3922980">
    <ele>383.0</ele>
    <time>2024-04-17T17:19:33Z</time>
   </trkpt>
   <trkpt lat="65.8122900" lon="-16.3923250">
    <ele>383.1</ele>
    <time>2024-04-17T17:19:34Z</time>
   </trkpt>
   <trkpt lat="65.8122930" lon="-16.3923430">
    <ele>383.1</ele>
    <time>2024-04-17T17:19:35Z</time>
   </trkpt>
   <trkpt lat="65.8122930" lon="-16.3923590">
    <ele>383.1</ele>
    <time>2024-04-17T17:19:36Z</time>
   </trkpt>
   <trkpt lat="65.8122980" lon="-16.3923810">
    <ele>383.1</ele>
    <time>2024-04-17T17:19:37Z</time>
   </trkpt>
   <trkpt lat="65.8123010" lon="-16.3923980">
    <ele>383.2</ele>
    <time>2024-04-17T17:19:38Z</time>
   </trkpt>
   <trkpt lat="65.8123050" lon="-16.3924160">
    <ele>383.2</ele>
    <time>2024-04-17T17:19:39Z</time>
   </trkpt>
   <trkpt lat="65.8123090" lon="-16.3924340">
    <ele>383.2</ele>
    <time>2024-04-17T17:19:40Z</time>
   </trkpt>
   <trkpt lat="65.8123110" lon="-16.3924470">
    <ele>383.2</ele>
    <time>2024-04-17T17:19:41Z</time>
   </trkpt>
   <trkpt lat="65.8123160" lon="-16.3924700">
    <ele>383.2</ele>
    <time>2024-04-17T17:19:42Z</time>
   </trkpt>
   <trkpt lat="65.8123200" lon="-16.3924840">
    <ele>383.2</ele>
    <time>2024-04-17T17:19:43Z</time>
   </trkpt>
   <trkpt lat="65.8123240" lon="-16.3925020">
    <ele>383.3</ele>
    <time>2024-04-17T17:19:44Z</time>
   </trkpt>
   <trkpt lat="65.8123270" lon="-16.3925120">
    <ele>383.3</ele>
    <time>2024-04-17T17:19:45Z</time>
   </trkpt>
   <trkpt lat="65.8123320" lon="-16.3925330">
    <ele>383.3</ele>
    <time>2024-04-17T17:19:46Z</time>
   </trkpt>
   <trkpt lat="65.8123350" lon="-16.3925490">
    <ele>383.3</ele>
    <time>2024-04-17T17:19:47Z</time>
   </trkpt>
   <trkpt lat="65.8123390" lon="-16.3925660">
    <ele>383.3</ele>
    <time>2024-04-17T17:19:48Z</time>
   </trkpt>
   <trkpt lat="65.8123420" lon="-16.3925820">
    <ele>383.3</ele>
    <time>2024-04-17T17:19:49Z</time>
   </trkpt>
   <trkpt lat="65.8123450" lon="-16.3926010">
    <ele>383.3</ele>
    <time>2024-04-17T17:19:50Z</time>
   </trkpt>
   <trkpt lat="65.8123490" lon="-16.3926190">
    <ele>383.3</ele>
    <time>2024-04-17T17:19:51Z</time>
   </trkpt>
   <trkpt lat="65.8123530" lon="-16.3926310">
    <ele>383.3</ele>
    <time>2024-04-17T17:19:52Z</time>
   </trkpt>
   <trkpt lat="65.8123580" lon="-16.3926440">
    <ele>383.3</ele>
    <time>2024-04-17T17:19:53Z</time>
   </trkpt>
   <trkpt lat="65.8123610" lon="-16.3926620">
    <ele>383.3</ele>
    <time>2024-04-17T17:19:54Z</time>
   </trkpt>
   <trkpt lat="65.8123650" lon="-16.3926760">
    <ele>383.3</ele>
    <time>2024-04-17T17:19:55Z</time>
   </trkpt>
   <trkpt lat="65.8123700" lon="-16.3926900">
    <ele>383.3</ele>
    <time>2024-04-17T17:19:56Z</time>
   </trkpt>
   <trkpt lat="65.8123760" lon="-16.3927040">
    <ele>383.2</ele>
    <time>2024-04-17T17:19:57Z</time>
   </trkpt>
   <trkpt lat="65.8123830" lon="-16.3927200">
    <ele>383.2</ele>
    <time>2024-04-17T17:19:58Z</time>
   </trkpt>
   <trkpt lat="65.8123870" lon="-16.3927340">
    <ele>383.2</ele>
    <time>2024-04-17T17:19:59Z</time>
   </trkpt>
   <trkpt lat="65.8123920" lon="-16.3927490">
    <ele>383.2</ele>
    <time>2024-04-17T17:20:00Z</time>
   </trkpt>
   <trkpt lat="65.8123950" lon="-16.3927670">
    <ele>383.2</ele>
    <time>2024-04-17T17:20:01Z</time>
   </trkpt>
   <trkpt lat="65.8123980" lon="-16.3927900">
    <ele>383.2</ele>
    <time>2024-04-17T17:20:02Z</time>
   </trkpt>
   <trkpt lat="65.8124010" lon="-16.3928110">
    <ele>383.2</ele>
    <time>2024-04-17T17:20:03Z</time>
   </trkpt>
   <trkpt lat="65.8124060" lon="-16.3928270">
    <ele>383.2</ele>
    <time>2024-04-17T17:20:04Z</time>
   </trkpt>
   <trkpt lat="65.8124110" lon="-16.3928430">
    <ele>383.2</ele>
    <time>2024-04-17T17:20:05Z</time>
   </trkpt>
   <trkpt lat="65.8124160" lon="-16.3928570">
    <ele>383.1</ele>
    <time>2024-04-17T17:20:06Z</time>
   </trkpt>
   <trkpt lat="65.8124230" lon="-16.3928730">
    <ele>383.1</ele>
    <time>2024-04-17T17:20:07Z</time>
   </trkpt>
   <trkpt lat="65.8124270" lon="-16.3928850">
    <ele>383.1</ele>
    <time>2024-04-17T17:20:08Z</time>
   </trkpt>
   <trkpt lat="65.8124340" lon="-16.3928990">
    <ele>383.1</ele>
    <time>2024-04-17T17:20:09Z</time>
   </trkpt>
   <trkpt lat="65.8124390" lon="-16.3929130">
    <ele>383.1</ele>
    <time>2024-04-17T17:20:10Z</time>
   </trkpt>
   <trkpt lat="65.8124440" lon="-16.3929270">
    <ele>383.1</ele>
    <time>2024-04-17T17:20:11Z</time>
   </trkpt>
   <trkpt lat="65.8124490" lon="-16.3929480">
    <ele>383.0</ele>
    <time>2024-04-17T17:20:12Z</time>
   </trkpt>
   <trkpt lat="65.8124570" lon="-16.3929630">
    <ele>383.0</ele>
    <time>2024-04-17T17:20:13Z</time>
   </trkpt>
   <trkpt lat="65.8124620" lon="-16.3929750">
    <ele>383.0</ele>
    <time>2024-04-17T17:20:14Z</time>
   </trkpt>
   <trkpt lat="65.8124670" lon="-16.3929910">
    <ele>382.9</ele>
    <time>2024-04-17T17:20:15Z</time>
   </trkpt>
   <trkpt lat="65.8124760" lon="-16.3930230">
    <ele>382.9</ele>
    <time>2024-04-17T17:20:16Z</time>
   </trkpt>
   <trkpt lat="65.8124820" lon="-16.3930400">
    <ele>382.9</ele>
    <time>2024-04-17T17:20:17Z</time>
   </trkpt>
   <trkpt lat="65.8124820" lon="-16.3930510">
    <ele>382.8</ele>
    <time>2024-04-17T17:20:18Z</time>
   </trkpt>
   <trkpt lat="65.8124890" lon="-16.3930700">
    <ele>382.8</ele>
    <time>2024-04-17T17:20:19Z</time>
   </trkpt>
   <trkpt lat="65.8124930" lon="-16.3930770">
    <ele>382.8</ele>
    <time>2024-04-17T17:20:20Z</time>
   </trkpt>
   <trkpt lat="65.8125000" lon="-16.3930990">
    <ele>382.8</ele>
    <time>2024-04-17T17:20:21Z</time>
   </trkpt>
   <trkpt lat="65.8125030" lon="-16.3931170">
    <ele>382.7</ele>
    <time>2024-04-17T17:20:22Z</time>
   </trkpt>
   <trkpt lat="65.8125060" lon="-16.3931390">
    <ele>382.7</ele>
    <time>2024-04-17T17:20:23Z</time>
   </trkpt>
   <trkpt lat="65.8125050" lon="-16.3931500">
    <ele>382.7</ele>
    <time>2024-04-17T17:20:24Z</time>
   </trkpt>
   <trkpt lat="65.8125060" lon="-16.3931730">
    <ele>382.7</ele>
    <time>2024-04-17T17:20:25Z</time>
   </trkpt>
   <trkpt lat="65.8125090" lon="-16.3931960">
    <ele>382.6</ele>
    <time>2024-04-17T17:20:26Z</time>
   </trkpt>
   <trkpt lat="65.8125100" lon="-16.3932190">
    <ele>382.6</ele>
    <time>2024-04-17T17:20:27Z</time>
   </trkpt>
   <trkpt lat="65.8125100" lon="-16.3932380">
    <ele>382.6</ele>
    <time>2024-04-17T17:20:28Z</time>
   </trkpt>
   <trkpt lat="65.8125090" lon="-16.3932550">
    <ele>382.5</ele>
    <time>2024-04-17T17:20:29Z</time>
   </trkpt>
   <trkpt lat="65.8125120" lon="-16.3932760">
    <ele>382.5</ele>
    <time>2024-04-17T17:20:30Z</time>
   </trkpt>
   <trkpt lat="65.8125120" lon="-16.3932980">
    <ele>382.5</ele>
    <time>2024-04-17T17:20:31Z</time>
   </trkpt>
   <trkpt lat="65.8125130" lon="-16.3933180">
    <ele>382.5</ele>
    <time>2024-04-17T17:20:32Z</time>
   </trkpt>
   <trkpt lat="65.8125150" lon="-16.3933330">
    <ele>382.5</ele>
    <time>2024-04-17T17:20:33Z</time>
   </trkpt>
   <trkpt lat="65.8125180" lon="-16.3933470">
    <ele>382.4</ele>
    <time>2024-04-17T17:20:34Z</time>
   </trkpt>
   <trkpt lat="65.8125170" lon="-16.3933730">
    <ele>382.4</ele>
    <time>2024-04-17T17:20:35Z</time>
   </trkpt>
   <trkpt lat="65.8125160" lon="-16.3933970">
    <ele>382.4</ele>
    <time>2024-04-17T17:20:36Z</time>
   </trkpt>
   <trkpt lat="65.8125190" lon="-16.3934130">
    <ele>382.4</ele>
    <time>2024-04-17T17:20:37Z</time>
   </trkpt>
   <trkpt lat="65.8125200" lon="-16.3934340">
    <ele>382.4</ele>
    <time>2024-04-17T17:20:38Z</time>
   </trkpt>
   <trkpt lat="65.8125190" lon="-16.3934570">
    <ele>382.4</ele>
    <time>2024-04-17T17:20:39Z</time>
   </trkpt>
   <trkpt lat="65.8125170" lon="-16.3934620">
    <ele>382.4</ele>
    <time>2024-04-17T17:20:40Z</time>
   </trkpt>
   <trkpt lat="65.8125170" lon="-16.3934890">
    <ele>382.4</ele>
    <time>2024-04-17T17:20:41Z</time>
   </trkpt>
   <trkpt lat="65.8125170" lon="-16.3935120">
    <ele>382.4</ele>
    <time>2024-04-17T17:20:42Z</time>
   </trkpt>
   <trkpt lat="65.8125180" lon="-16.3935260">
    <ele>382.4</ele>
    <time>2024-04-17T17:20:43Z</time>
   </trkpt>
   <trkpt lat="65.8125190" lon="-16.3935410">
    <ele>382.4</ele>
    <time>2024-04-17T17:20:44Z</time>
   </trkpt>
   <trkpt lat="65.8125210" lon="-16.3935650">
    <ele>382.4</ele>
    <time>2024-04-17T17:20:45Z</time>
   </trkpt>
   <trkpt lat="65.8125210" lon="-16.3935830">
    <ele>382.4</ele>
    <time>2024-04-17T17:20:46Z</time>
   </trkpt>
   <trkpt lat="65.8125230" lon="-16.3935970">
    <ele>382.4</ele>
    <time>2024-04-17T17:20:47Z</time>
   </trkpt>
   <trkpt lat="65.8125230" lon="-16.3936180">
    <ele>382.4</ele>
    <time>2024-04-17T17:20:48Z</time>
   </trkpt>
   <trkpt lat="65.8125240" lon="-16.3936380">
    <ele>382.4</ele>
    <time>2024-04-17T17:20:49Z</time>
   </trkpt>
   <trkpt lat="65.8125250" lon="-16.3936450">
    <ele>382.4</ele>
    <time>2024-04-17T17:20:50Z</time>
   </trkpt>
   <trkpt lat="65.8125260" lon="-16.3936710">
    <ele>382.4</ele>
    <time>2024-04-17T17:20:51Z</time>
   </trkpt>
   <trkpt lat="65.8125250" lon="-16.3936860">
    <ele>382.4</ele>
    <time>2024-04-17T17:20:52Z</time>
   </trkpt>
   <trkpt lat="65.8125240" lon="-16.3937040">
    <ele>382.4</ele>
    <time>2024-04-17T17:20:53Z</time>
   </trkpt>
   <trkpt lat="65.8125220" lon="-16.3937180">
    <ele>382.4</ele>
    <time>2024-04-17T17:20:54Z</time>
   </trkpt>
   <trkpt lat="65.8125220" lon="-16.3937350">
    <ele>382.4</ele>
    <time>2024-04-17T17:20:55Z</time>
   </trkpt>
   <trkpt lat="65.8125220" lon="-16.3937530">
    <ele>382.4</ele>
    <time>2024-04-17T17:20:56Z</time>
   </trkpt>
   <trkpt lat="65.8125230" lon="-16.3937710">
    <ele>382.4</ele>
    <time>2024-04-17T17:20:57Z</time>
   </trkpt>
   <trkpt lat="65.8125250" lon="-16.3938080">
    <ele>382.4</ele>
    <time>2024-04-17T17:20:58Z</time>
   </trkpt>
   <trkpt lat="65.8125250" lon="-16.3938250">
    <ele>382.5</ele>
    <time>2024-04-17T17:20:59Z</time>
   </trkpt>
   <trkpt lat="65.8125250" lon="-16.3938420">
    <ele>382.5</ele>
    <time>2024-04-17T17:21:00Z</time>
   </trkpt>
   <trkpt lat="65.8125240" lon="-16.3938590">
    <ele>382.5</ele>
    <time>2024-04-17T17:21:01Z</time>
   </trkpt>
   <trkpt lat="65.8125230" lon="-16.3938760">
    <ele>382.5</ele>
    <time>2024-04-17T17:21:02Z</time>
   </trkpt>
   <trkpt lat="65.8125220" lon="-16.3939000">
    <ele>382.5</ele>
    <time>2024-04-17T17:21:03Z</time>
   </trkpt>
   <trkpt lat="65.8125190" lon="-16.3939210">
    <ele>382.5</ele>
    <time>2024-04-17T17:21:04Z</time>
   </trkpt>
   <trkpt lat="65.8125170" lon="-16.3939380">
    <ele>382.6</ele>
    <time>2024-04-17T17:21:05Z</time>
   </trkpt>
   <trkpt lat="65.8125150" lon="-16.3939600">
    <ele>382.6</ele>
    <time>2024-04-17T17:21:06Z</time>
   </trkpt>
   <trkpt lat="65.8125140" lon="-16.3939800">
    <ele>382.6</ele>
    <time>2024-04-17T17:21:07Z</time>
   </trkpt>
   <trkpt lat="65.8125110" lon="-16.3940030">
    <ele>382.7</ele>
    <time>2024-04-17T17:21:08Z</time>
   </trkpt>
   <trkpt lat="65.8125090" lon="-16.3940250">
    <ele>382.7</ele>
    <time>2024-04-17T17:21:09Z</time>
   </trkpt>
   <trkpt lat="65.8125100" lon="-16.3940440">
    <ele>382.7</ele>
    <time>2024-04-17T17:21:10Z</time>
   </trkpt>
   <trkpt lat="65.8125120" lon="-16.3940630">
    <ele>382.8</ele>
    <time>2024-04-17T17:21:11Z</time>
   </trkpt>
   <trkpt lat="65.8125130" lon="-16.3940800">
    <ele>382.8</ele>
    <time>2024-04-17T17:21:12Z</time>
   </trkpt>
   <trkpt lat="65.8125110" lon="-16.3941060">
    <ele>382.9</ele>
    <time>2024-04-17T17:21:13Z</time>
   </trkpt>
   <trkpt lat="65.8125090" lon="-16.3941180">
    <ele>382.9</ele>
    <time>2024-04-17T17:21:14Z</time>
   </trkpt>
   <trkpt lat="65.8125100" lon="-16.3941370">
    <ele>382.9</ele>
    <time>2024-04-17T17:21:15Z</time>
   </trkpt>
   <trkpt lat="65.8125090" lon="-16.3941580">
    <ele>383.0</ele>
    <time>2024-04-17T17:21:16Z</time>
   </trkpt>
   <trkpt lat="65.8125110" lon="-16.3941750">
    <ele>383.0</ele>
    <time>2024-04-17T17:21:17Z</time>
   </trkpt>
   <trkpt lat="65.8125100" lon="-16.3941990">
    <ele>383.1</ele>
    <time>2024-04-17T17:21:18Z</time>
   </trkpt>
   <trkpt lat="65.8125110" lon="-16.3942180">
    <ele>383.2</ele>
    <time>2024-04-17T17:21:19Z</time>
   </trkpt>
   <trkpt lat="65.8125110" lon="-16.3942370">
    <ele>383.2</ele>
    <time>2024-04-17T17:21:20Z</time>
   </trkpt>
   <trkpt lat="65.8125100" lon="-16.3942410">
    <ele>383.2</ele>
    <time>2024-04-17T17:21:21Z</time>
   </trkpt>
   <trkpt lat="65.8125140" lon="-16.3942580">
    <ele>383.3</ele>
    <time>2024-04-17T17:21:22Z</time>
   </trkpt>
   <trkpt lat="65.8125150" lon="-16.3942710">
    <ele>383.4</ele>
    <time>2024-04-17T17:21:23Z</time>
   </trkpt>
   <trkpt lat="65.8125150" lon="-16.3942830">
    <ele>383.4</ele>
    <time>2024-04-17T17:21:24Z</time>
   </trkpt>
   <trkpt lat="65.8125180" lon="-16.3943030">
    <ele>383.5</ele>
    <time>2024-04-17T17:21:25Z</time>
   </trkpt>
   <trkpt lat="65.8125170" lon="-16.3943190">
    <ele>383.5</ele>
    <time>2024-04-17T17:21:26Z</time>
   </trkpt>
   <trkpt lat="65.8125150" lon="-16.3943370">
    <ele>383.6</ele>
    <time>2024-04-17T17:21:27Z</time>
   </trkpt>
   <trkpt lat="65.8125140" lon="-16.3943610">
    <ele>383.7</ele>
    <time>2024-04-17T17:21:28Z</time>
   </trkpt>
   <trkpt lat="65.8125140" lon="-16.3943750">
    <ele>383.8</ele>
    <time>2024-04-17T17:21:29Z</time>
   </trkpt>
   <trkpt lat="65.8125150" lon="-16.3943960">
    <ele>383.9</ele>
    <time>2024-04-17T17:21:30Z</time>
   </trkpt>
   <trkpt lat="65.8125150" lon="-16.3944100">
    <ele>383.9</ele>
    <time>2024-04-17T17:21:31Z</time>
   </trkpt>
   <trkpt lat="65.8125140" lon="-16.3944260">
    <ele>384.0</ele>
    <time>2024-04-17T17:21:32Z</time>
   </trkpt>
   <trkpt lat="65.8125150" lon="-16.3944510">
    <ele>384.1</ele>
    <time>2024-04-17T17:21:33Z</time>
   </trkpt>
   <trkpt lat="65.8125150" lon="-16.3944620">
    <ele>384.2</ele>
    <time>2024-04-17T17:21:34Z</time>
   </trkpt>
   <trkpt lat="65.8125160" lon="-16.3944790">
    <ele>384.3</ele>
    <time>2024-04-17T17:21:35Z</time>
   </trkpt>
   <trkpt lat="65.8125160" lon="-16.3945000">
    <ele>384.4</ele>
    <time>2024-04-17T17:21:36Z</time>
   </trkpt>
   <trkpt lat="65.8125160" lon="-16.3945080">
    <ele>384.4</ele>
    <time>2024-04-17T17:21:37Z</time>
   </trkpt>
   <trkpt lat="65.8125150" lon="-16.3945250">
    <ele>384.5</ele>
    <time>2024-04-17T17:21:38Z</time>
   </trkpt>
   <trkpt lat="65.8125140" lon="-16.3945380">
    <ele>384.6</ele>
    <time>2024-04-17T17:21:39Z</time>
   </trkpt>
   <trkpt lat="65.8125130" lon="-16.3945500">
    <ele>384.6</ele>
    <time>2024-04-17T17:21:40Z</time>
   </trkpt>
   <trkpt lat="65.8125120" lon="-16.3945710">
    <ele>384.7</ele>
    <time>2024-04-17T17:21:41Z</time>
   </trkpt>
   <trkpt lat="65.8125110" lon="-16.3945870">
    <ele>384.8</ele>
    <time>2024-04-17T17:21:42Z</time>
   </trkpt>
   <trkpt lat="65.8125100" lon="-16.3946050">
    <ele>384.9</ele>
    <time>2024-04-17T17:21:43Z</time>
   </trkpt>
   <trkpt lat="65.8125110" lon="-16.3946220">
    <ele>385.0</ele>
    <time>2024-04-17T17:21:44Z</time>
   </trkpt>
   <trkpt lat="65.8125090" lon="-16.3946340">
    <ele>385.0</ele>
    <time>2024-04-17T17:21:45Z</time>
   </trkpt>
   <trkpt lat="65.8125070" lon="-16.3946520">
    <ele>385.1</ele>
    <time>2024-04-17T17:21:46Z</time>
   </trkpt>
   <trkpt lat="65.8125080" lon="-16.3946670">
    <ele>385.2</ele>
    <time>2024-04-17T17:21:47Z</time>
   </trkpt>
   <trkpt lat="65.8125080" lon="-16.3946800">
    <ele>385.2</ele>
    <time>2024-04-17T17:21:48Z</time>
   </trkpt>
   <trkpt lat="65.8125070" lon="-16.3946930">
    <ele>385.3</ele>
    <time>2024-04-17T17:21:49Z</time>
   </trkpt>
   <trkpt lat="65.8125070" lon="-16.3947090">
    <ele>385.4</ele>
    <time>2024-04-17T17:21:50Z</time>
   </trkpt>
   <trkpt lat="65.8125070" lon="-16.3947260">
    <ele>385.5</ele>
    <time>2024-04-17T17:21:51Z</time>
   </trkpt>
   <trkpt lat="65.8125060" lon="-16.3947430">
    <ele>385.5</ele>
    <time>2024-04-17T17:21:52Z</time>
   </trkpt>
   <trkpt lat="65.8125060" lon="-16.3947550">
    <ele>385.6</ele>
    <time>2024-04-17T17:21:53Z</time>
   </trkpt>
   <trkpt lat="65.8125050" lon="-16.3947730">
    <ele>385.7</ele>
    <time>2024-04-17T17:21:54Z</time>
   </trkpt>
   <trkpt lat="65.8125050" lon="-16.3947880">
    <ele>385.8</ele>
    <time>2024-04-17T17:21:55Z</time>
   </trkpt>
   <trkpt lat="65.8125050" lon="-16.3947990">
    <ele>385.8</ele>
    <time>2024-04-17T17:21:56Z</time>
   </trkpt>
   <trkpt lat="65.8125050" lon="-16.3948160">
    <ele>385.9</ele>
    <time>2024-04-17T17:21:57Z</time>
   </trkpt>
   <trkpt lat="65.8125030" lon="-16.3948330">
    <ele>386.0</ele>
    <time>2024-04-17T17:21:58Z</time>
   </trkpt>
   <trkpt lat="65.8125030" lon="-16.3948530">
    <ele>386.1</ele>
    <time>2024-04-17T17:21:59Z</time>
   </trkpt>
   <trkpt lat="65.8125030" lon="-16.3948630">
    <ele>386.1</ele>
    <time>2024-04-17T17:22:00Z</time>
   </trkpt>
   <trkpt lat="65.8125030" lon="-16.3948770">
    <ele>386.2</ele>
    <time>2024-04-17T17:22:01Z</time>
   </trkpt>
   <trkpt lat="65.8125040" lon="-16.3948910">
    <ele>386.3</ele>
    <time>2024-04-17T17:22:02Z</time>
   </trkpt>
   <trkpt lat="65.8125020" lon="-16.3949080">
    <ele>386.3</ele>
    <time>2024-04-17T17:22:03Z</time>
   </trkpt>
   <trkpt lat="65.8125010" lon="-16.3949280">
    <ele>386.4</ele>
    <time>2024-04-17T17:22:04Z</time>
   </trkpt>
   <trkpt lat="65.8125010" lon="-16.3949380">
    <ele>386.5</ele>
    <time>2024-04-17T17:22:05Z</time>
   </trkpt>
   <trkpt lat="65.8124980" lon="-16.3949520">
    <ele>386.6</ele>
    <time>2024-04-17T17:22:06Z</time>
   </trkpt>
   <trkpt lat="65.8124970" lon="-16.3949720">
    <ele>386.7</ele>
    <time>2024-04-17T17:22:07Z</time>
   </trkpt>
   <trkpt lat="65.8124980" lon="-16.3949860">
    <ele>386.8</ele>
    <time>2024-04-17T17:22:08Z</time>
   </trkpt>
   <trkpt lat="65.8124960" lon="-16.3950060">
    <ele>386.9</ele>
    <time>2024-04-17T17:22:09Z</time>
   </trkpt>
   <trkpt lat="65.8124950" lon="-16.3950240">
    <ele>387.0</ele>
    <time>2024-04-17T17:22:10Z</time>
   </trkpt>
   <trkpt lat="65.8124960" lon="-16.3950300">
    <ele>387.0</ele>
    <time>2024-04-17T17:22:11Z</time>
   </trkpt>
   <trkpt lat="65.8124950" lon="-16.3950450">
    <ele>387.1</ele>
    <time>2024-04-17T17:22:12Z</time>
   </trkpt>
   <trkpt lat="65.8124950" lon="-16.3950590">
    <ele>387.2</ele>
    <time>2024-04-17T17:22:13Z</time>
   </trkpt>
   <trkpt lat="65.8124930" lon="-16.3950750">
    <ele>387.3</ele>
    <time>2024-04-17T17:22:14Z</time>
   </trkpt>
   <trkpt lat="65.8124910" lon="-16.3950930">
    <ele>387.4</ele>
    <time>2024-04-17T17:22:15Z</time>
   </trkpt>
   <trkpt lat="65.8124900" lon="-16.3951020">
    <ele>387.4</ele>
    <time>2024-04-17T17:22:16Z</time>
   </trkpt>
   <trkpt lat="65.8124870" lon="-16.3951190">
    <ele>387.5</ele>
    <time>2024-04-17T17:22:17Z</time>
   </trkpt>
   <trkpt lat="65.8124850" lon="-16.3951360">
    <ele>387.7</ele>
    <time>2024-04-17T17:22:18Z</time>
   </trkpt>
   <trkpt lat="65.8124830" lon="-16.3951480">
    <ele>387.7</ele>
    <time>2024-04-17T17:22:19Z</time>
   </trkpt>
   <trkpt lat="65.8124800" lon="-16.3951620">
    <ele>387.8</ele>
    <time>2024-04-17T17:22:20Z</time>
   </trkpt>
   <trkpt lat="65.8124790" lon="-16.3951810">
    <ele>387.9</ele>
    <time>2024-04-17T17:22:21Z</time>
   </trkpt>
   <trkpt lat="65.8124780" lon="-16.3951970">
    <ele>388.0</ele>
    <time>2024-04-17T17:22:22Z</time>
   </trkpt>
   <trkpt lat="65.8124770" lon="-16.3952120">
    <ele>388.1</ele>
    <time>2024-04-17T17:22:23Z</time>
   </trkpt>
   <trkpt lat="65.8124760" lon="-16.3952300">
    <ele>388.3</ele>
    <time>2024-04-17T17:22:24Z</time>
   </trkpt>
   <trkpt lat="65.8124760" lon="-16.3952460">
    <ele>388.4</ele>
    <time>2024-04-17T17:22:25Z</time>
   </trkpt>
   <trkpt lat="65.8124730" lon="-16.3952600">
    <ele>388.5</ele>
    <time>2024-04-17T17:22:26Z</time>
   </trkpt>
   <trkpt lat="65.8124720" lon="-16.3952760">
    <ele>388.6</ele>
    <time>2024-04-17T17:22:27Z</time>
   </trkpt>
   <trkpt lat="65.8124710" lon="-16.3952870">
    <ele>388.7</ele>
    <time>2024-04-17T17:22:28Z</time>
   </trkpt>
   <trkpt lat="65.8124690" lon="-16.3952980">
    <ele>388.7</ele>
    <time>2024-04-17T17:22:29Z</time>
   </trkpt>
   <trkpt lat="65.8124680" lon="-16.3953130">
    <ele>388.8</ele>
    <time>2024-04-17T17:22:30Z</time>
   </trkpt>
   <trkpt lat="65.8124660" lon="-16.3953300">
    <ele>389.0</ele>
    <time>2024-04-17T17:22:31Z</time>
   </trkpt>
   <trkpt lat="65.8124640" lon="-16.3953370">
    <ele>389.0</ele>
    <time>2024-04-17T17:22:32Z</time>
   </trkpt>
   <trkpt lat="65.8124630" lon="-16.3953460">
    <ele>389.1</ele>
    <time>2024-04-17T17:22:33Z</time>
   </trkpt>
   <trkpt lat="65.8124610" lon="-16.3953590">
    <ele>389.2</ele>
    <time>2024-04-17T17:22:34Z</time>
   </trkpt>
   <trkpt lat="65.8124590" lon="-16.3953710">
    <ele>389.3</ele>
    <time>2024-04-17T17:22:35Z</time>
   </trkpt>
   <trkpt lat="65.8124580" lon="-16.3953770">
    <ele>389.3</ele>
    <time>2024-04-17T17:22:36Z</time>
   </trkpt>
   <trkpt lat="65.8124570" lon="-16.3953920">
    <ele>389.4</ele>
    <time>2024-04-17T17:22:37Z</time>
   </trkpt>
   <trkpt lat="65.8124550" lon="-16.3954080">
    <ele>389.5</ele>
    <time>2024-04-17T17:22:38Z</time>
   </trkpt>
   <trkpt lat="65.8124530" lon="-16.3954230">
    <ele>389.6</ele>
    <time>2024-04-17T17:22:39Z</time>
   </trkpt>
   <trkpt lat="65.8124520" lon="-16.3954390">
    <ele>389.7</ele>
    <time>2024-04-17T17:22:40Z</time>
   </trkpt>
   <trkpt lat="65.8124510" lon="-16.3954520">
    <ele>389.8</ele>
    <time>2024-04-17T17:22:41Z</time>
   </trkpt>
   <trkpt lat="65.8124500" lon="-16.3954630">
    <ele>389.9</ele>
    <time>2024-04-17T17:22:42Z</time>
   </trkpt>
   <trkpt lat="65.8124490" lon="-16.3954760">
    <ele>390.0</ele>
    <time>2024-04-17T17:22:43Z</time>
   </trkpt>
   <trkpt lat="65.8124470" lon="-16.3954840">
    <ele>390.1</ele>
    <time>2024-04-17T17:22:44Z</time>
   </trkpt>
   <trkpt lat="65.8124440" lon="-16.3954920">
    <ele>390.1</ele>
    <time>2024-04-17T17:22:45Z</time>
   </trkpt>
   <trkpt lat="65.8124410" lon="-16.3954980">
    <ele>390.2</ele>
    <time>2024-04-17T17:22:46Z</time>
   </trkpt>
   <trkpt lat="65.8124360" lon="-16.3955070">
    <ele>390.3</ele>
    <time>2024-04-17T17:22:47Z</time>
   </trkpt>
   <trkpt lat="65.8124330" lon="-16.3955120">
    <ele>390.4</ele>
    <time>2024-04-17T17:22:48Z</time>
   </trkpt>
   <trkpt lat="65.8124290" lon="-16.3955190">
    <ele>390.4</ele>
    <time>2024-04-17T17:22:49Z</time>
   </trkpt>
   <trkpt lat="65.8124260" lon="-16.3955250">
    <ele>390.5</ele>
    <time>2024-04-17T17:22:50Z</time>
   </trkpt>
   <trkpt lat="65.8124200" lon="-16.3955340">
    <ele>390.6</ele>
    <time>2024-04-17T17:22:51Z</time>
   </trkpt>
   <trkpt lat="65.8124160" lon="-16.3955410">
    <ele>390.7</ele>
    <time>2024-04-17T17:22:52Z</time>
   </trkpt>
   <trkpt lat="65.8124100" lon="-16.3955490">
    <ele>390.8</ele>
    <time>2024-04-17T17:22:53Z</time>
   </trkpt>
   <trkpt lat="65.8124080" lon="-16.3955510">
    <ele>390.9</ele>
    <time>2024-04-17T17:22:54Z</time>
   </trkpt>
   <trkpt lat="65.8124020" lon="-16.3955560">
    <ele>391.0</ele>
    <time>2024-04-17T17:22:55Z</time>
   </trkpt>
   <trkpt lat="65.8123980" lon="-16.3955600">
    <ele>391.0</ele>
    <time>2024-04-17T17:22:56Z</time>
   </trkpt>
   <trkpt lat="65.8123920" lon="-16.3955710">
    <ele>391.1</ele>
    <time>2024-04-17T17:22:57Z</time>
   </trkpt>
   <trkpt lat="65.8123890" lon="-16.3955800">
    <ele>391.2</ele>
    <time>2024-04-17T17:22:58Z</time>
   </trkpt>
   <trkpt lat="65.8123840" lon="-16.3955920">
    <ele>391.3</ele>
    <time>2024-04-17T17:22:59Z</time>
   </trkpt>
   <trkpt lat="65.8123770" lon="-16.3956040">
    <ele>391.4</ele>
    <time>2024-04-17T17:23:00Z</time>
   </trkpt>
   <trkpt lat="65.8123700" lon="-16.3956080">
    <ele>391.6</ele>
    <time>2024-04-17T17:23:01Z</time>
   </trkpt>
   <trkpt lat="65.8123670" lon="-16.3956090">
    <ele>391.6</ele>
    <time>2024-04-17T17:23:02Z</time>
   </trkpt>
   <trkpt lat="65.8123610" lon="-16.3956190">
    <ele>391.7</ele>
    <time>2024-04-17T17:23:03Z</time>
   </trkpt>
   <trkpt lat="65.8123580" lon="-16.3956170">
    <ele>391.7</ele>
    <time>2024-04-17T17:23:04Z</time>
   </trkpt>
   <trkpt lat="65.8123510" lon="-16.3956230">
    <ele>391.8</ele>
    <time>2024-04-17T17:23:05Z</time>
   </trkpt>
   <trkpt lat="65.8123450" lon="-16.3956330">
    <ele>391.9</ele>
    <time>2024-04-17T17:23:06Z</time>
   </trkpt>
   <trkpt lat="65.8123350" lon="-16.3956430">
    <ele>392.0</ele>
    <time>2024-04-17T17:23:07Z</time>
   </trkpt>
   <trkpt lat="65.8123290" lon="-16.3956520">
    <ele>392.1</ele>
    <time>2024-04-17T17:23:08Z</time>
   </trkpt>
   <trkpt lat="65.8123240" lon="-16.3956680">
    <ele>392.2</ele>
    <time>2024-04-17T17:23:09Z</time>
   </trkpt>
   <trkpt lat="65.8123180" lon="-16.3956750">
    <ele>392.3</ele>
    <time>2024-04-17T17:23:10Z</time>
   </trkpt>
   <trkpt lat="65.8123120" lon="-16.3956870">
    <ele>392.3</ele>
    <time>2024-04-17T17:23:11Z</time>
   </trkpt>
   <trkpt lat="65.8123110" lon="-16.3956880">
    <ele>392.3</ele>
    <time>2024-04-17T17:23:12Z</time>
   </trkpt>
   <trkpt lat="65.8123090" lon="-16.3956920">
    <ele>392.4</ele>
    <time>2024-04-17T17:23:13Z</time>
   </trkpt>
   <trkpt lat="65.8123060" lon="-16.3957030">
    <ele>392.4</ele>
    <time>2024-04-17T17:23:14Z</time>
   </trkpt>
   <trkpt lat="65.8123010" lon="-16.3957120">
    <ele>392.4</ele>
    <time>2024-04-17T17:23:15Z</time>
   </trkpt>
   <trkpt lat="65.8122990" lon="-16.3957150">
    <ele>392.5</ele>
    <time>2024-04-17T17:23:16Z</time>
   </trkpt>
   <trkpt lat="65.8122950" lon="-16.3957250">
    <ele>392.5</ele>
    <time>2024-04-17T17:23:17Z</time>
   </trkpt>
   <trkpt lat="65.8122880" lon="-16.3957410">
    <ele>392.6</ele>
    <time>2024-04-17T17:23:18Z</time>
   </trkpt>
   <trkpt lat="65.8122800" lon="-16.3957470">
    <ele>392.6</ele>
    <time>2024-04-17T17:23:19Z</time>
   </trkpt>
   <trkpt lat="65.8122730" lon="-16.3957530">
    <ele>392.6</ele>
    <time>2024-04-17T17:23:20Z</time>
   </trkpt>
   <trkpt lat="65.8122670" lon="-16.3957560">
    <ele>392.7</ele>
    <time>2024-04-17T17:23:21Z</time>
   </trkpt>
   <trkpt lat="65.8122620" lon="-16.3957660">
    <ele>392.7</ele>
    <time>2024-04-17T17:23:22Z</time>
   </trkpt>
   <trkpt lat="65.8122550" lon="-16.3957680">
    <ele>392.7</ele>
    <time>2024-04-17T17:23:23Z</time>
   </trkpt>
   <trkpt lat="65.8122490" lon="-16.3957750">
    <ele>392.7</ele>
    <time>2024-04-17T17:23:24Z</time>
   </trkpt>
   <trkpt lat="65.8122410" lon="-16.3957910">
    <ele>392.7</ele>
    <time>2024-04-17T17:23:25Z</time>
   </trkpt>
   <trkpt lat="65.8122370" lon="-16.3958030">
    <ele>392.8</ele>
    <time>2024-04-17T17:23:26Z</time>
   </trkpt>
   <trkpt lat="65.8122310" lon="-16.3958190">
    <ele>392.8</ele>
    <time>2024-04-17T17:23:27Z</time>
   </trkpt>
   <trkpt lat="65.8122290" lon="-16.3958270">
    <ele>392.8</ele>
    <time>2024-04-17T17:23:28Z</time>
   </trkpt>
   <trkpt lat="65.8122210" lon="-16.3958350">
    <ele>392.8</ele>
    <time>2024-04-17T17:23:29Z</time>
   </trkpt>
   <trkpt lat="65.8122140" lon="-16.3958350">
    <ele>392.8</ele>
    <time>2024-04-17T17:23:30Z</time>
   </trkpt>
   <trkpt lat="65.8122080" lon="-16.3958350">
    <ele>392.8</ele>
    <time>2024-04-17T17:23:31Z</time>
   </trkpt>
   <trkpt lat="65.8122010" lon="-16.3958400">
    <ele>392.8</ele>
    <time>2024-04-17T17:23:32Z</time>
   </trkpt>
   <trkpt lat="65.8121950" lon="-16.3958470">
    <ele>392.8</ele>
    <time>2024-04-17T17:23:33Z</time>
   </trkpt>
   <trkpt lat="65.8121930" lon="-16.3958580">
    <ele>392.8</ele>
    <time>2024-04-17T17:23:34Z</time>
   </trkpt>
   <trkpt lat="65.8121880" lon="-16.3958690">
    <ele>392.8</ele>
    <time>2024-04-17T17:23:35Z</time>
   </trkpt>
   <trkpt lat="65.8121830" lon="-16.3958780">
    <ele>392.8</ele>
    <time>2024-04-17T17:23:36Z</time>
   </trkpt>
   <trkpt lat="65.8121750" lon="-16.3958940">
    <ele>392.7</ele>
    <time>2024-04-17T17:23:37Z</time>
   </trkpt>
   <trkpt lat="65.8121700" lon="-16.3959090">
    <ele>392.7</ele>
    <time>2024-04-17T17:23:38Z</time>
   </trkpt>
   <trkpt lat="65.8121690" lon="-16.3959270">
    <ele>392.7</ele>
    <time>2024-04-17T17:23:39Z</time>
   </trkpt>
   <trkpt lat="65.8121660" lon="-16.3959460">
    <ele>392.7</ele>
    <time>2024-04-17T17:23:40Z</time>
   </trkpt>
   <trkpt lat="65.8121630" lon="-16.3959640">
    <ele>392.7</ele>
    <time>2024-04-17T17:23:41Z</time>
   </trkpt>
   <trkpt lat="65.8121570" lon="-16.3959850">
    <ele>392.7</ele>
    <time>2024-04-17T17:23:42Z</time>
   </trkpt>
   <trkpt lat="65.8121540" lon="-16.3960010">
    <ele>392.7</ele>
    <time>2024-04-17T17:23:43Z</time>
   </trkpt>
   <trkpt lat="65.8121540" lon="-16.3960110">
    <ele>392.6</ele>
    <time>2024-04-17T17:23:44Z</time>
   </trkpt>
   <trkpt lat="65.8121490" lon="-16.3960330">
    <ele>392.6</ele>
    <time>2024-04-17T17:23:45Z</time>
   </trkpt>
   <trkpt lat="65.8121470" lon="-16.3960400">
    <ele>392.6</ele>
    <time>2024-04-17T17:23:46Z</time>
   </trkpt>
   <trkpt lat="65.8121430" lon="-16.3960590">
    <ele>392.6</ele>
    <time>2024-04-17T17:23:47Z</time>
   </trkpt>
   <trkpt lat="65.8121420" lon="-16.3960760">
    <ele>392.6</ele>
    <time>2024-04-17T17:23:48Z</time>
   </trkpt>
   <trkpt lat="65.8121390" lon="-16.3960970">
    <ele>392.6</ele>
    <time>2024-04-17T17:23:49Z</time>
   </trkpt>
   <trkpt lat="65.8121350" lon="-16.3961190">
    <ele>392.6</ele>
    <time>2024-04-17T17:23:50Z</time>
   </trkpt>
   <trkpt lat="65.8121300" lon="-16.3961360">
    <ele>392.6</ele>
    <time>2024-04-17T17:23:51Z</time>
   </trkpt>
   <trkpt lat="65.8121280" lon="-16.3961470">
    <ele>392.6</ele>
    <time>2024-04-17T17:23:52Z</time>
   </trkpt>
   <trkpt lat="65.8121280" lon="-16.3961610">
    <ele>392.6</ele>
    <time>2024-04-17T17:23:53Z</time>
   </trkpt>
   <trkpt lat="65.8121260" lon="-16.3961750">
    <ele>392.6</ele>
    <time>2024-04-17T17:23:54Z</time>
   </trkpt>
   <trkpt lat="65.8121240" lon="-16.3961920">
    <ele>392.7</ele>
    <time>2024-04-17T17:23:55Z</time>
   </trkpt>
   <trkpt lat="65.8121210" lon="-16.3962150">
    <ele>392.7</ele>
    <time>2024-04-17T17:23:56Z</time>
   </trkpt>
   <trkpt lat="65.8121210" lon="-16.3962280">
    <ele>392.7</ele>
    <time>2024-04-17T17:23:57Z</time>
   </trkpt>
   <trkpt lat="65.8121200" lon="-16.3962430">
    <ele>392.7</ele>
    <time>2024-04-17T17:23:58Z</time>
   </trkpt>
   <trkpt lat="65.8121210" lon="-16.3962640">
    <ele>392.7</ele>
    <time>2024-04-17T17:23:59Z</time>
   </trkpt>
   <trkpt lat="65.8121220" lon="-16.3962840">
    <ele>392.8</ele>
    <time>2024-04-17T17:24:00Z</time>
   </trkpt>
   <trkpt lat="65.8121210" lon="-16.3963020">
    <ele>392.8</ele>
    <time>2024-04-17T17:24:01Z</time>
   </trkpt>
   <trkpt lat="65.8121200" lon="-16.3963340">
    <ele>392.9</ele>
    <time>2024-04-17T17:24:02Z</time>
   </trkpt>
   <trkpt lat="65.8121210" lon="-16.3963510">
    <ele>392.9</ele>
    <time>2024-04-17T17:24:03Z</time>
   </trkpt>
   <trkpt lat="65.8121220" lon="-16.3963720">
    <ele>392.9</ele>
    <time>2024-04-17T17:24:04Z</time>
   </trkpt>
   <trkpt lat="65.8121220" lon="-16.3963930">
    <ele>393.0</ele>
    <time>2024-04-17T17:24:05Z</time>
   </trkpt>
   <trkpt lat="65.8121230" lon="-16.3964140">
    <ele>393.0</ele>
    <time>2024-04-17T17:24:06Z</time>
   </trkpt>
   <trkpt lat="65.8121250" lon="-16.3964320">
    <ele>393.1</ele>
    <time>2024-04-17T17:24:07Z</time>
   </trkpt>
   <trkpt lat="65.8121270" lon="-16.3964580">
    <ele>393.2</ele>
    <time>2024-04-17T17:24:08Z</time>
   </trkpt>
   <trkpt lat="65.8121290" lon="-16.3964810">
    <ele>393.2</ele>
    <time>2024-04-17T17:24:09Z</time>
   </trkpt>
   <trkpt lat="65.8121300" lon="-16.3964990">
    <ele>393.3</ele>
    <time>2024-04-17T17:24:10Z</time>
   </trkpt>
   <trkpt lat="65.8121320" lon="-16.3965220">
    <ele>393.4</ele>
    <time>2024-04-17T17:24:11Z</time>
   </trkpt>
   <trkpt lat="65.8121320" lon="-16.3965400">
    <ele>393.4</ele>
    <time>2024-04-17T17:24:12Z</time>
   </trkpt>
   <trkpt lat="65.8121340" lon="-16.3965650">
    <ele>393.5</ele>
    <time>2024-04-17T17:24:13Z</time>
   </trkpt>
   <trkpt lat="65.8121340" lon="-16.3965820">
    <ele>393.6</ele>
    <time>2024-04-17T17:24:14Z</time>
   </trkpt>
   <trkpt lat="65.8121360" lon="-16.3966010">
    <ele>393.6</ele>
    <time>2024-04-17T17:24:15Z</time>
   </trkpt>
   <trkpt lat="65.8121360" lon="-16.3966180">
    <ele>393.7</ele>
    <time>2024-04-17T17:24:16Z</time>
   </trkpt>
   <trkpt lat="65.8121380" lon="-16.3966400">
    <ele>393.8</ele>
    <time>2024-04-17T17:24:17Z</time>
   </trkpt>
   <trkpt lat="65.8121400" lon="-16.3966540">
    <ele>393.8</ele>
    <time>2024-04-17T17:24:18Z</time>
   </trkpt>
   <trkpt lat="65.8121410" lon="-16.3966720">
    <ele>393.9</ele>
    <time>2024-04-17T17:24:19Z</time>
   </trkpt>
   <trkpt lat="65.8121420" lon="-16.3966910">
    <ele>393.9</ele>
    <time>2024-04-17T17:24:20Z</time>
   </trkpt>
   <trkpt lat="65.8121440" lon="-16.3967100">
    <ele>394.0</ele>
    <time>2024-04-17T17:24:21Z</time>
   </trkpt>
   <trkpt lat="65.8121460" lon="-16.3967280">
    <ele>394.1</ele>
    <time>2024-04-17T17:24:22Z</time>
   </trkpt>
   <trkpt lat="65.8121480" lon="-16.3967370">
    <ele>394.1</ele>
    <time>2024-04-17T17:24:23Z</time>
   </trkpt>
   <trkpt lat="65.8121510" lon="-16.3967510">
    <ele>394.1</ele>
    <time>2024-04-17T17:24:24Z</time>
   </trkpt>
   <trkpt lat="65.8121520" lon="-16.3967600">
    <ele>394.2</ele>
    <time>2024-04-17T17:24:25Z</time>
   </trkpt>
   <trkpt lat="65.8121550" lon="-16.3967790">
    <ele>394.2</ele>
    <time>2024-04-17T17:24:26Z</time>
   </trkpt>
   <trkpt lat="65.8121570" lon="-16.3967970">
    <ele>394.3</ele>
    <time>2024-04-17T17:24:27Z</time>
   </trkpt>
   <trkpt lat="65.8121580" lon="-16.3968170">
    <ele>394.3</ele>
    <time>2024-04-17T17:24:28Z</time>
   </trkpt>
   <trkpt lat="65.8121600" lon="-16.3968370">
    <ele>394.4</ele>
    <time>2024-04-17T17:24:29Z</time>
   </trkpt>
   <trkpt lat="65.8121620" lon="-16.3968590">
    <ele>394.4</ele>
    <time>2024-04-17T17:24:30Z</time>
   </trkpt>
   <trkpt lat="65.8121620" lon="-16.3968820">
    <ele>394.4</ele>
    <time>2024-04-17T17:24:31Z</time>
   </trkpt>
   <trkpt lat="65.8121630" lon="-16.3969070">
    <ele>394.5</ele>
    <time>2024-04-17T17:24:32Z</time>
   </trkpt>
   <trkpt lat="65.8121640" lon="-16.3969270">
    <ele>394.5</ele>
    <time>2024-04-17T17:24:33Z</time>
   </trkpt>
   <trkpt lat="65.8121640" lon="-16.3969390">
    <ele>394.6</ele>
    <time>2024-04-17T17:24:34Z</time>
   </trkpt>
   <trkpt lat="65.8121620" lon="-16.3969640">
    <ele>394.6</ele>
    <time>2024-04-17T17:24:35Z</time>
   </trkpt>
   <trkpt lat="65.8121610" lon="-16.3969860">
    <ele>394.6</ele>
    <time>2024-04-17T17:24:36Z</time>
   </trkpt>
   <trkpt lat="65.8121610" lon="-16.3970040">
    <ele>394.6</ele>
    <time>2024-04-17T17:24:37Z</time>
   </trkpt>
   <trkpt lat="65.8121610" lon="-16.3970280">
    <ele>394.7</ele>
    <time>2024-04-17T17:24:38Z</time>
   </trkpt>
   <trkpt lat="65.8121620" lon="-16.3970420">
    <ele>394.7</ele>
    <time>2024-04-17T17:24:39Z</time>
   </trkpt>
   <trkpt lat="65.8121630" lon="-16.3970590">
    <ele>394.7</ele>
    <time>2024-04-17T17:24:40Z</time>
   </trkpt>
   <trkpt lat="65.8121650" lon="-16.3970770">
    <ele>394.7</ele>
    <time>2024-04-17T17:24:41Z</time>
   </trkpt>
   <trkpt lat="65.8121650" lon="-16.3971010">
    <ele>394.7</ele>
    <time>2024-04-17T17:24:42Z</time>
   </trkpt>
   <trkpt lat="65.8121650" lon="-16.3971190">
    <ele>394.7</ele>
    <time>2024-04-17T17:24:43Z</time>
   </trkpt>
   <trkpt lat="65.8121660" lon="-16.3971370">
    <ele>394.7</ele>
    <time>2024-04-17T17:24:44Z</time>
   </trkpt>
   <trkpt lat="65.8121670" lon="-16.3971560">
    <ele>394.7</ele>
    <time>2024-04-17T17:24:45Z</time>
   </trkpt>
   <trkpt lat="65.8121670" lon="-16.3971800">
    <ele>394.7</ele>
    <time>2024-04-17T17:24:46Z</time>
   </trkpt>
   <trkpt lat="65.8121680" lon="-16.3972010">
    <ele>394.7</ele>
    <time>2024-04-17T17:24:47Z</time>
   </trkpt>
   <trkpt lat="65.8121690" lon="-16.3972220">
    <ele>394.7</ele>
    <time>2024-04-17T17:24:48Z</time>
   </trkpt>
   <trkpt lat="65.8121690" lon="-16.3972450">
    <ele>394.7</ele>
    <time>2024-04-17T17:24:49Z</time>
   </trkpt>
   <trkpt lat="65.8121690" lon="-16.3972690">
    <ele>394.7</ele>
    <time>2024-04-17T17:24:50Z</time>
   </trkpt>
   <trkpt lat="65.8121700" lon="-16.3972900">
    <ele>394.7</ele>
    <time>2024-04-17T17:24:51Z</time>
   </trkpt>
   <trkpt lat="65.8121700" lon="-16.3973090">
    <ele>394.7</ele>
    <time>2024-04-17T17:24:52Z</time>
   </trkpt>
   <trkpt lat="65.8121750" lon="-16.3973430">
    <ele>394.7</ele>
    <time>2024-04-17T17:24:53Z</time>
   </trkpt>
   <trkpt lat="65.8121750" lon="-16.3973540">
    <ele>394.7</ele>
    <time>2024-04-17T17:24:54Z</time>
   </trkpt>
   <trkpt lat="65.8121770" lon="-16.3973730">
    <ele>394.7</ele>
    <time>2024-04-17T17:24:55Z</time>
   </trkpt>
   <trkpt lat="65.8121770" lon="-16.3973940">
    <ele>394.8</ele>
    <time>2024-04-17T17:24:56Z</time>
   </trkpt>
   <trkpt lat="65.8121770" lon="-16.3974130">
    <ele>394.8</ele>
    <time>2024-04-17T17:24:57Z</time>
   </trkpt>
   <trkpt lat="65.8121770" lon="-16.3974300">
    <ele>394.8</ele>
    <time>2024-04-17T17:24:58Z</time>
   </trkpt>
   <trkpt lat="65.8121780" lon="-16.3974460">
    <ele>394.8</ele>
    <time>2024-04-17T17:24:59Z</time>
   </trkpt>
   <trkpt lat="65.8121810" lon="-16.3974630">
    <ele>394.8</ele>
    <time>2024-04-17T17:25:00Z</time>
   </trkpt>
   <trkpt lat="65.8121820" lon="-16.3974830">
    <ele>394.8</ele>
    <time>2024-04-17T17:25:01Z</time>
   </trkpt>
   <trkpt lat="65.8121850" lon="-16.3975010">
    <ele>394.8</ele>
    <time>2024-04-17T17:25:02Z</time>
   </trkpt>
   <trkpt lat="65.8121880" lon="-16.3975220">
    <ele>394.8</ele>
    <time>2024-04-17T17:25:03Z</time>
   </trkpt>
   <trkpt lat="65.8121890" lon="-16.3975380">
    <ele>394.8</ele>
    <time>2024-04-17T17:25:04Z</time>
   </trkpt>
   <trkpt lat="65.8121900" lon="-16.3975460">
    <ele>394.8</ele>
    <time>2024-04-17T17:25:05Z</time>
   </trkpt>
   <trkpt lat="65.8121920" lon="-16.3975610">
    <ele>394.8</ele>
    <time>2024-04-17T17:25:06Z</time>
   </trkpt>
   <trkpt lat="65.8121930" lon="-16.3975780">
    <ele>394.9</ele>
    <time>2024-04-17T17:25:07Z</time>
   </trkpt>
   <trkpt lat="65.8121930" lon="-16.3975970">
    <ele>394.9</ele>
    <time>2024-04-17T17:25:08Z</time>
   </trkpt>
   <trkpt lat="65.8121940" lon="-16.3976080">
    <ele>394.9</ele>
    <time>2024-04-17T17:25:09Z</time>
   </trkpt>
   <trkpt lat="65.8121950" lon="-16.3976210">
    <ele>394.9</ele>
    <time>2024-04-17T17:25:10Z</time>
   </trkpt>
   <trkpt lat="65.8121980" lon="-16.3976380">
    <ele>394.9</ele>
    <time>2024-04-17T17:25:11Z</time>
   </trkpt>
   <trkpt lat="65.8122000" lon="-16.3976490">
    <ele>394.9</ele>
    <time>2024-04-17T17:25:12Z</time>
   </trkpt>
   <trkpt lat="65.8122010" lon="-16.3976620">
    <ele>394.9</ele>
    <time>2024-04-17T17:25:13Z</time>
   </trkpt>
   <trkpt lat="65.8122030" lon="-16.3976800">
    <ele>395.0</ele>
    <time>2024-04-17T17:25:14Z</time>
   </trkpt>
   <trkpt lat="65.8122040" lon="-16.3976930">
    <ele>395.0</ele>
    <time>2024-04-17T17:25:15Z</time>
   </trkpt>
   <trkpt lat="65.8122060" lon="-16.3977070">
    <ele>395.0</ele>
    <time>2024-04-17T17:25:16Z</time>
   </trkpt>
   <trkpt lat="65.8122070" lon="-16.3977250">
    <ele>395.0</ele>
    <time>2024-04-17T17:25:17Z</time>
   </trkpt>
   <trkpt lat="65.8122070" lon="-16.3977400">
    <ele>395.0</ele>
    <time>2024-04-17T17:25:18Z</time>
   </trkpt>
   <trkpt lat="65.8122090" lon="-16.3977590">
    <ele>395.0</ele>
    <time>2024-04-17T17:25:19Z</time>
   </trkpt>
   <trkpt lat="65.8122110" lon="-16.3977730">
    <ele>395.0</ele>
    <time>2024-04-17T17:25:20Z</time>
   </trkpt>
   <trkpt lat="65.8122130" lon="-16.3977870">
    <ele>395.1</ele>
    <time>2024-04-17T17:25:21Z</time>
   </trkpt>
   <trkpt lat="65.8122150" lon="-16.3978070">
    <ele>395.1</ele>
    <time>2024-04-17T17:25:22Z</time>
   </trkpt>
   <trkpt lat="65.8122150" lon="-16.3978260">
    <ele>395.1</ele>
    <time>2024-04-17T17:25:23Z</time>
   </trkpt>
   <trkpt lat="65.8122150" lon="-16.3978400">
    <ele>395.1</ele>
    <time>2024-04-17T17:25:24Z</time>
   </trkpt>
   <trkpt lat="65.8122160" lon="-16.3978630">
    <ele>395.1</ele>
    <time>2024-04-17T17:25:25Z</time>
   </trkpt>
   <trkpt lat="65.8122160" lon="-16.3978800">
    <ele>395.1</ele>
    <time>2024-04-17T17:25:26Z</time>
   </trkpt>
   <trkpt lat="65.8122170" lon="-16.3978970">
    <ele>395.2</ele>
    <time>2024-04-17T17:25:27Z</time>
   </trkpt>
   <trkpt lat="65.8122190" lon="-16.3979140">
    <ele>395.2</ele>
    <time>2024-04-17T17:25:28Z</time>
   </trkpt>
   <trkpt lat="65.8122200" lon="-16.3979280">
    <ele>395.2</ele>
    <time>2024-04-17T17:25:29Z</time>
   </trkpt>
   <trkpt lat="65.8122170" lon="-16.3979500">
    <ele>395.2</ele>
    <time>2024-04-17T17:25:30Z</time>
   </trkpt>
   <trkpt lat="65.8122170" lon="-16.3979730">
    <ele>395.2</ele>
    <time>2024-04-17T17:25:31Z</time>
   </trkpt>
   <trkpt lat="65.8122170" lon="-16.3979910">
    <ele>395.2</ele>
    <time>2024-04-17T17:25:32Z</time>
   </trkpt>
   <trkpt lat="65.8122170" lon="-16.3980110">
    <ele>395.2</ele>
    <time>2024-04-17T17:25:33Z</time>
   </trkpt>
   <trkpt lat="65.8122160" lon="-16.3980330">
    <ele>395.2</ele>
    <time>2024-04-17T17:25:34Z</time>
   </trkpt>
   <trkpt lat="65.8122160" lon="-16.3980460">
    <ele>395.2</ele>
    <time>2024-04-17T17:25:35Z</time>
   </trkpt>
   <trkpt lat="65.8122160" lon="-16.3980630">
    <ele>395.2</ele>
    <time>2024-04-17T17:25:36Z</time>
   </trkpt>
   <trkpt lat="65.8122160" lon="-16.3980820">
    <ele>395.2</ele>
    <time>2024-04-17T17:25:37Z</time>
   </trkpt>
   <trkpt lat="65.8122150" lon="-16.3981040">
    <ele>395.2</ele>
    <time>2024-04-17T17:25:38Z</time>
   </trkpt>
   <trkpt lat="65.8122160" lon="-16.3981240">
    <ele>395.2</ele>
    <time>2024-04-17T17:25:39Z</time>
   </trkpt>
   <trkpt lat="65.8122180" lon="-16.3981420">
    <ele>395.2</ele>
    <time>2024-04-17T17:25:40Z</time>
   </trkpt>
   <trkpt lat="65.8122190" lon="-16.3981640">
    <ele>395.2</ele>
    <time>2024-04-17T17:25:41Z</time>
   </trkpt>
   <trkpt lat="65.8122200" lon="-16.3981790">
    <ele>395.2</ele>
    <time>2024-04-17T17:25:42Z</time>
   </trkpt>
   <trkpt lat="65.8122190" lon="-16.3981960">
    <ele>395.2</ele>
    <time>2024-04-17T17:25:43Z</time>
   </trkpt>
   <trkpt lat="65.8122180" lon="-16.3982130">
    <ele>395.2</ele>
    <time>2024-04-17T17:25:44Z</time>
   </trkpt>
   <trkpt lat="65.8122190" lon="-16.3982290">
    <ele>395.2</ele>
    <time>2024-04-17T17:25:45Z</time>
   </trkpt>
   <trkpt lat="65.8122200" lon="-16.3982430">
    <ele>395.2</ele>
    <time>2024-04-17T17:25:46Z</time>
   </trkpt>
   <trkpt lat="65.8122190" lon="-16.3982840">
    <ele>395.2</ele>
    <time>2024-04-17T17:25:47Z</time>
   </trkpt>
   <trkpt lat="65.8122180" lon="-16.3983040">
    <ele>395.2</ele>
    <time>2024-04-17T17:25:48Z</time>
   </trkpt>
   <trkpt lat="65.8122170" lon="-16.3983170">
    <ele>395.2</ele>
    <time>2024-04-17T17:25:49Z</time>
   </trkpt>
   <trkpt lat="65.8122140" lon="-16.3983320">
    <ele>395.2</ele>
    <time>2024-04-17T17:25:50Z</time>
   </trkpt>
   <trkpt lat="65.8122140" lon="-16.3983460">
    <ele>395.2</ele>
    <time>2024-04-17T17:25:51Z</time>
   </trkpt>
   <trkpt lat="65.8122150" lon="-16.3983680">
    <ele>395.2</ele>
    <time>2024-04-17T17:25:52Z</time>
   </trkpt>
   <trkpt lat="65.8122160" lon="-16.3983770">
    <ele>395.2</ele>
    <time>2024-04-17T17:25:53Z</time>
   </trkpt>
   <trkpt lat="65.8122150" lon="-16.3984020">
    <ele>395.2</ele>
    <time>2024-04-17T17:25:54Z</time>
   </trkpt>
   <trkpt lat="65.8122130" lon="-16.3984210">
    <ele>395.2</ele>
    <time>2024-04-17T17:25:55Z</time>
   </trkpt>
   <trkpt lat="65.8122120" lon="-16.3984370">
    <ele>395.2</ele>
    <time>2024-04-17T17:25:56Z</time>
   </trkpt>
   <trkpt lat="65.8122120" lon="-16.3984590">
    <ele>395.2</ele>
    <time>2024-04-17T17:25:57Z</time>
   </trkpt>
   <trkpt lat="65.8122110" lon="-16.3984800">
    <ele>395.2</ele>
    <time>2024-04-17T17:25:58Z</time>
   </trkpt>
   <trkpt lat="65.8122110" lon="-16.3984940">
    <ele>395.3</ele>
    <time>2024-04-17T17:25:59Z</time>
   </trkpt>
   <trkpt lat="65.8122090" lon="-16.3985140">
    <ele>395.3</ele>
    <time>2024-04-17T17:26:00Z</time>
   </trkpt>
   <trkpt lat="65.8122070" lon="-16.3985340">
    <ele>395.3</ele>
    <time>2024-04-17T17:26:01Z</time>
   </trkpt>
   <trkpt lat="65.8122060" lon="-16.3985560">
    <ele>395.3</ele>
    <time>2024-04-17T17:26:02Z</time>
   </trkpt>
   <trkpt lat="65.8122040" lon="-16.3985790">
    <ele>395.3</ele>
    <time>2024-04-17T17:26:04Z</time>
   </trkpt>
   <trkpt lat="65.8122030" lon="-16.3986040">
    <ele>395.3</ele>
    <time>2024-04-17T17:26:05Z</time>
   </trkpt>
   <trkpt lat="65.8122030" lon="-16.3986230">
    <ele>395.3</ele>
    <time>2024-04-17T17:26:06Z</time>
   </trkpt>
   <trkpt lat="65.8122030" lon="-16.3986470">
    <ele>395.3</ele>
    <time>2024-04-17T17:26:07Z</time>
   </trkpt>
   <trkpt lat="65.8122040" lon="-16.3986750">
    <ele>395.3</ele>
    <time>2024-04-17T17:26:08Z</time>
   </trkpt>
   <trkpt lat="65.8122040" lon="-16.3986910">
    <ele>395.3</ele>
    <time>2024-04-17T17:26:09Z</time>
   </trkpt>
   <trkpt lat="65.8122040" lon="-16.3987130">
    <ele>395.3</ele>
    <time>2024-04-17T17:26:10Z</time>
   </trkpt>
   <trkpt lat="65.8122030" lon="-16.3987370">
    <ele>395.3</ele>
    <time>2024-04-17T17:26:11Z</time>
   </trkpt>
   <trkpt lat="65.8122040" lon="-16.3987650">
    <ele>395.3</ele>
    <time>2024-04-17T17:26:12Z</time>
   </trkpt>
   <trkpt lat="65.8122070" lon="-16.3987790">
    <ele>395.3</ele>
    <time>2024-04-17T17:26:13Z</time>
   </trkpt>
   <trkpt lat="65.8122040" lon="-16.3987980">
    <ele>395.3</ele>
    <time>2024-04-17T17:26:14Z</time>
   </trkpt>
   <trkpt lat="65.8122020" lon="-16.3988210">
    <ele>395.3</ele>
    <time>2024-04-17T17:26:15Z</time>
   </trkpt>
   <trkpt lat="65.8122020" lon="-16.3988330">
    <ele>395.3</ele>
    <time>2024-04-17T17:26:16Z</time>
   </trkpt>
   <trkpt lat="65.8122010" lon="-16.3988570">
    <ele>395.3</ele>
    <time>2024-04-17T17:26:17Z</time>
   </trkpt>
   <trkpt lat="65.8122010" lon="-16.3988690">
    <ele>395.3</ele>
    <time>2024-04-17T17:26:18Z</time>
   </trkpt>
   <trkpt lat="65.8121990" lon="-16.3988880">
    <ele>395.3</ele>
    <time>2024-04-17T17:26:19Z</time>
   </trkpt>
   <trkpt lat="65.8121980" lon="-16.3989090">
    <ele>395.3</ele>
    <time>2024-04-17T17:26:20Z</time>
   </trkpt>
   <trkpt lat="65.8121990" lon="-16.3989310">
    <ele>395.2</ele>
    <time>2024-04-17T17:26:21Z</time>
   </trkpt>
   <trkpt lat="65.8121980" lon="-16.3989570">
    <ele>395.2</ele>
    <time>2024-04-17T17:26:22Z</time>
   </trkpt>
   <trkpt lat="65.8121960" lon="-16.3989720">
    <ele>395.2</ele>
    <time>2024-04-17T17:26:23Z</time>
   </trkpt>
   <trkpt lat="65.8121950" lon="-16.3989880">
    <ele>395.2</ele>
    <time>2024-04-17T17:26:24Z</time>
   </trkpt>
   <trkpt lat="65.8121940" lon="-16.3990050">
    <ele>395.2</ele>
    <time>2024-04-17T17:26:25Z</time>
   </trkpt>
   <trkpt lat="65.8121940" lon="-16.3990240">
    <ele>395.2</ele>
    <time>2024-04-17T17:26:26Z</time>
   </trkpt>
   <trkpt lat="65.8121950" lon="-16.3990440">
    <ele>395.2</ele>
    <time>2024-04-17T17:26:27Z</time>
   </trkpt>
   <trkpt lat="65.8121970" lon="-16.3990710">
    <ele>395.2</ele>
    <time>2024-04-17T17:26:28Z</time>
   </trkpt>
   <trkpt lat="65.8121980" lon="-16.3990870">
    <ele>395.2</ele>
    <time>2024-04-17T17:26:29Z</time>
   </trkpt>
   <trkpt lat="65.8121960" lon="-16.3991070">
    <ele>395.2</ele>
    <time>2024-04-17T17:26:30Z</time>
   </trkpt>
   <trkpt lat="65.8121930" lon="-16.3991240">
    <ele>395.2</ele>
    <time>2024-04-17T17:26:31Z</time>
   </trkpt>
   <trkpt lat="65.8121940" lon="-16.3991460">
    <ele>395.2</ele>
    <time>2024-04-17T17:26:32Z</time>
   </trkpt>
   <trkpt lat="65.8121950" lon="-16.3991670">
    <ele>395.2</ele>
    <time>2024-04-17T17:26:33Z</time>
   </trkpt>
   <trkpt lat="65.8121930" lon="-16.3991900">
    <ele>395.2</ele>
    <time>2024-04-17T17:26:34Z</time>
   </trkpt>
   <trkpt lat="65.8121940" lon="-16.3992150">
    <ele>395.2</ele>
    <time>2024-04-17T17:26:35Z</time>
   </trkpt>
   <trkpt lat="65.8121960" lon="-16.3992380">
    <ele>395.2</ele>
    <time>2024-04-17T17:26:36Z</time>
   </trkpt>
   <trkpt lat="65.8121970" lon="-16.3992560">
    <ele>395.1</ele>
    <time>2024-04-17T17:26:37Z</time>
   </trkpt>
   <trkpt lat="65.8121970" lon="-16.3992700">
    <ele>395.1</ele>
    <time>2024-04-17T17:26:38Z</time>
   </trkpt>
   <trkpt lat="65.8121980" lon="-16.3992970">
    <ele>395.1</ele>
    <time>2024-04-17T17:26:39Z</time>
   </trkpt>
   <trkpt lat="65.8121960" lon="-16.3993140">
    <ele>395.1</ele>
    <time>2024-04-17T17:26:40Z</time>
   </trkpt>
   <trkpt lat="65.8121990" lon="-16.3993390">
    <ele>395.1</ele>
    <time>2024-04-17T17:26:41Z</time>
   </trkpt>
   <trkpt lat="65.8122010" lon="-16.3993550">
    <ele>395.1</ele>
    <time>2024-04-17T17:26:42Z</time>
   </trkpt>
   <trkpt lat="65.8122030" lon="-16.3993750">
    <ele>395.1</ele>
    <time>2024-04-17T17:26:43Z</time>
   </trkpt>
   <trkpt lat="65.8122060" lon="-16.3993930">
    <ele>395.1</ele>
    <time>2024-04-17T17:26:44Z</time>
   </trkpt>
   <trkpt lat="65.8122110" lon="-16.3994060">
    <ele>395.1</ele>
    <time>2024-04-17T17:26:45Z</time>
   </trkpt>
   <trkpt lat="65.8122160" lon="-16.3994250">
    <ele>395.1</ele>
    <time>2024-04-17T17:26:46Z</time>
   </trkpt>
   <trkpt lat="65.8122140" lon="-16.3994430">
    <ele>395.1</ele>
    <time>2024-04-17T17:26:47Z</time>
   </trkpt>
   <trkpt lat="65.8122120" lon="-16.3994640">
    <ele>395.1</ele>
    <time>2024-04-17T17:26:48Z</time>
   </trkpt>
   <trkpt lat="65.8122060" lon="-16.3994780">
    <ele>395.1</ele>
    <time>2024-04-17T17:26:49Z</time>
   </trkpt>
   <trkpt lat="65.8122020" lon="-16.3994960">
    <ele>395.1</ele>
    <time>2024-04-17T17:26:50Z</time>
   </trkpt>
   <trkpt lat="65.8121970" lon="-16.3995120">
    <ele>395.1</ele>
    <time>2024-04-17T17:26:51Z</time>
   </trkpt>
   <trkpt lat="65.8121940" lon="-16.3995250">
    <ele>395.2</ele>
    <time>2024-04-17T17:26:52Z</time>
   </trkpt>
   <trkpt lat="65.8121900" lon="-16.3995420">
    <ele>395.2</ele>
    <time>2024-04-17T17:26:53Z</time>
   </trkpt>
   <trkpt lat="65.8121890" lon="-16.3995580">
    <ele>395.2</ele>
    <time>2024-04-17T17:26:54Z</time>
   </trkpt>
   <trkpt lat="65.8121870" lon="-16.3995720">
    <ele>395.2</ele>
    <time>2024-04-17T17:26:55Z</time>
   </trkpt>
   <trkpt lat="65.8121860" lon="-16.3995880">
    <ele>395.2</ele>
    <time>2024-04-17T17:26:56Z</time>
   </trkpt>
   <trkpt lat="65.8121850" lon="-16.3995990">
    <ele>395.2</ele>
    <time>2024-04-17T17:26:57Z</time>
   </trkpt>
   <trkpt lat="65.8121840" lon="-16.3996200">
    <ele>395.2</ele>
    <time>2024-04-17T17:26:58Z</time>
   </trkpt>
   <trkpt lat="65.8121850" lon="-16.3996360">
    <ele>395.2</ele>
    <time>2024-04-17T17:26:59Z</time>
   </trkpt>
   <trkpt lat="65.8121860" lon="-16.3996480">
    <ele>395.2</ele>
    <time>2024-04-17T17:27:00Z</time>
   </trkpt>
   <trkpt lat="65.8121870" lon="-16.3996640">
    <ele>395.2</ele>
    <time>2024-04-17T17:27:01Z</time>
   </trkpt>
   <trkpt lat="65.8121860" lon="-16.3996970">
    <ele>395.3</ele>
    <time>2024-04-17T17:27:02Z</time>
   </trkpt>
   <trkpt lat="65.8121840" lon="-16.3997120">
    <ele>395.3</ele>
    <time>2024-04-17T17:27:03Z</time>
   </trkpt>
   <trkpt lat="65.8121830" lon="-16.3997270">
    <ele>395.3</ele>
    <time>2024-04-17T17:27:04Z</time>
   </trkpt>
   <trkpt lat="65.8121820" lon="-16.3997430">
    <ele>395.3</ele>
    <time>2024-04-17T17:27:05Z</time>
   </trkpt>
   <trkpt lat="65.8121800" lon="-16.3997580">
    <ele>395.3</ele>
    <time>2024-04-17T17:27:06Z</time>
   </trkpt>
   <trkpt lat="65.8121770" lon="-16.3998250">
    <ele>395.3</ele>
    <time>2024-04-17T17:27:07Z</time>
   </trkpt>
   <trkpt lat="65.8121700" lon="-16.3998510">
    <ele>395.4</ele>
    <time>2024-04-17T17:27:08Z</time>
   </trkpt>
   <trkpt lat="65.8121660" lon="-16.3998690">
    <ele>395.4</ele>
    <time>2024-04-17T17:27:09Z</time>
   </trkpt>
   <trkpt lat="65.8121690" lon="-16.3998690">
    <ele>395.4</ele>
    <time>2024-04-17T17:27:10Z</time>
   </trkpt>
   <trkpt lat="65.8121690" lon="-16.3998720">
    <ele>395.4</ele>
    <time>2024-04-17T17:27:11Z</time>
   </trkpt>
   <trkpt lat="65.8121700" lon="-16.3999050">
    <ele>395.4</ele>
    <time>2024-04-17T17:27:12Z</time>
   </trkpt>
   <trkpt lat="65.8121690" lon="-16.3999090">
    <ele>395.4</ele>
    <time>2024-04-17T17:27:13Z</time>
   </trkpt>
   <trkpt lat="65.8121680" lon="-16.3999080">
    <ele>395.4</ele>
    <time>2024-04-17T17:27:14Z</time>
   </trkpt>
   <trkpt lat="65.8121720" lon="-16.3999030">
    <ele>395.4</ele>
    <time>2024-04-17T17:27:15Z</time>
   </trkpt>
   <trkpt lat="65.8121730" lon="-16.3999070">
    <ele>395.4</ele>
    <time>2024-04-17T17:27:16Z</time>
   </trkpt>
   <trkpt lat="65.8121730" lon="-16.3999070">
    <ele>395.4</ele>
    <time>2024-04-17T17:27:17Z</time>
   </trkpt>
   <trkpt lat="65.8121730" lon="-16.3999070">
    <ele>395.4</ele>
    <time>2024-04-17T17:27:18Z</time>
   </trkpt>
   <trkpt lat="65.8121730" lon="-16.3999070">
    <ele>395.4</ele>
    <time>2024-04-17T17:27:19Z</time>
   </trkpt>
   <trkpt lat="65.8121690" lon="-16.3999320">
    <ele>395.4</ele>
    <time>2024-04-17T17:27:20Z</time>
   </trkpt>
   <trkpt lat="65.8121620" lon="-16.3999290">
    <ele>395.4</ele>
    <time>2024-04-17T17:27:21Z</time>
   </trkpt>
   <trkpt lat="65.8121600" lon="-16.3999270">
    <ele>395.4</ele>
    <time>2024-04-17T17:27:22Z</time>
   </trkpt>
   <trkpt lat="65.8121690" lon="-16.3999240">
    <ele>395.4</ele>
    <time>2024-04-17T17:27:23Z</time>
   </trkpt>
   <trkpt lat="65.8121690" lon="-16.3999230">
    <ele>395.4</ele>
    <time>2024-04-17T17:27:24Z</time>
   </trkpt>
   <trkpt lat="65.8121690" lon="-16.3999230">
    <ele>395.4</ele>
    <time>2024-04-17T17:27:25Z</time>
   </trkpt>
   <trkpt lat="65.8121690" lon="-16.3999230">
    <ele>395.4</ele>
    <time>2024-04-17T17:27:26Z</time>
   </trkpt>
   <trkpt lat="65.8121830" lon="-16.3999290">
    <ele>395.5</ele>
    <time>2024-04-17T17:27:27Z</time>
   </trkpt>
   <trkpt lat="65.8121970" lon="-16.3999380">
    <ele>395.5</ele>
    <time>2024-04-17T17:27:28Z</time>
   </trkpt>
   <trkpt lat="65.8121730" lon="-16.3999360">
    <ele>395.5</ele>
    <time>2024-04-17T17:27:29Z</time>
   </trkpt>
   <trkpt lat="65.8121800" lon="-16.3999270">
    <ele>395.5</ele>
    <time>2024-04-17T17:27:30Z</time>
   </trkpt>
   <trkpt lat="65.8121790" lon="-16.3999110">
    <ele>395.5</ele>
    <time>2024-04-17T17:27:31Z</time>
   </trkpt>
   <trkpt lat="65.8121780" lon="-16.3999170">
    <ele>395.5</ele>
    <time>2024-04-17T17:27:32Z</time>
   </trkpt>
   <trkpt lat="65.8121780" lon="-16.3999220">
    <ele>395.5</ele>
    <time>2024-04-17T17:27:33Z</time>
   </trkpt>
   <trkpt lat="65.8121800" lon="-16.3999320">
    <ele>395.6</ele>
    <time>2024-04-17T17:27:34Z</time>
   </trkpt>
   <trkpt lat="65.8121900" lon="-16.3999740">
    <ele>395.6</ele>
    <time>2024-04-17T17:27:35Z</time>
   </trkpt>
   <trkpt lat="65.8121970" lon="-16.4000140">
    <ele>395.6</ele>
    <time>2024-04-17T17:27:36Z</time>
   </trkpt>
   <trkpt lat="65.8121960" lon="-16.4000230">
    <ele>395.6</ele>
    <time>2024-04-17T17:27:37Z</time>
   </trkpt>
   <trkpt lat="65.8121910" lon="-16.4000190">
    <ele>395.6</ele>
    <time>2024-04-17T17:27:38Z</time>
   </trkpt>
   <trkpt lat="65.8121930" lon="-16.4000090">
    <ele>395.6</ele>
    <time>2024-04-17T17:27:39Z</time>
   </trkpt>
   <trkpt lat="65.8121930" lon="-16.3999990">
    <ele>395.6</ele>
    <time>2024-04-17T17:27:40Z</time>
   </trkpt>
   <trkpt lat="65.8121940" lon="-16.3999940">
    <ele>395.6</ele>
    <time>2024-04-17T17:27:41Z</time>
   </trkpt>
   <trkpt lat="65.8121960" lon="-16.3999980">
    <ele>395.7</ele>
    <time>2024-04-17T17:27:42Z</time>
   </trkpt>
   <trkpt lat="65.8121970" lon="-16.4000080">
    <ele>395.7</ele>
    <time>2024-04-17T17:27:43Z</time>
   </trkpt>
   <trkpt lat="65.8121990" lon="-16.4000180">
    <ele>395.7</ele>
    <time>2024-04-17T17:27:44Z</time>
   </trkpt>
   <trkpt lat="65.8121960" lon="-16.4000310">
    <ele>395.7</ele>
    <time>2024-04-17T17:27:45Z</time>
   </trkpt>
   <trkpt lat="65.8121980" lon="-16.4000370">
    <ele>395.7</ele>
    <time>2024-04-17T17:27:46Z</time>
   </trkpt>
   <trkpt lat="65.8122000" lon="-16.4000670">
    <ele>395.7</ele>
    <time>2024-04-17T17:27:47Z</time>
   </trkpt>
   <trkpt lat="65.8122000" lon="-16.4000810">
    <ele>395.7</ele>
    <time>2024-04-17T17:27:48Z</time>
   </trkpt>
   <trkpt lat="65.8122040" lon="-16.4001190">
    <ele>395.7</ele>
    <time>2024-04-17T17:27:49Z</time>
   </trkpt>
   <trkpt lat="65.8122050" lon="-16.4001360">
    <ele>395.7</ele>
    <time>2024-04-17T17:27:50Z</time>
   </trkpt>
   <trkpt lat="65.8122070" lon="-16.4001540">
    <ele>395.8</ele>
    <time>2024-04-17T17:27:51Z</time>
   </trkpt>
   <trkpt lat="65.8122080" lon="-16.4001710">
    <ele>395.8</ele>
    <time>2024-04-17T17:27:52Z</time>
   </trkpt>
   <trkpt lat="65.8122080" lon="-16.4001970">
    <ele>395.8</ele>
    <time>2024-04-17T17:27:53Z</time>
   </trkpt>
   <trkpt lat="65.8122080" lon="-16.4002190">
    <ele>395.8</ele>
    <time>2024-04-17T17:27:54Z</time>
   </trkpt>
   <trkpt lat="65.8122070" lon="-16.4002490">
    <ele>395.8</ele>
    <time>2024-04-17T17:27:55Z</time>
   </trkpt>
   <trkpt lat="65.8122070" lon="-16.4002660">
    <ele>395.8</ele>
    <time>2024-04-17T17:27:56Z</time>
   </trkpt>
   <trkpt lat="65.8122080" lon="-16.4002910">
    <ele>395.8</ele>
    <time>2024-04-17T17:27:57Z</time>
   </trkpt>
   <trkpt lat="65.8122080" lon="-16.4003060">
    <ele>395.9</ele>
    <time>2024-04-17T17:27:58Z</time>
   </trkpt>
   <trkpt lat="65.8122050" lon="-16.4003230">
    <ele>395.9</ele>
    <time>2024-04-17T17:27:59Z</time>
   </trkpt>
   <trkpt lat="65.8122040" lon="-16.4003390">
    <ele>395.9</ele>
    <time>2024-04-17T17:28:00Z</time>
   </trkpt>
   <trkpt lat="65.8122050" lon="-16.4003390">
    <ele>395.9</ele>
    <time>2024-04-17T17:28:01Z</time>
   </trkpt>
   <trkpt lat="65.8122060" lon="-16.4003400">
    <ele>395.9</ele>
    <time>2024-04-17T17:28:02Z</time>
   </trkpt>
   <trkpt lat="65.8122070" lon="-16.4003410">
    <ele>395.9</ele>
    <time>2024-04-17T17:28:03Z</time>
   </trkpt>
   <trkpt lat="65.8122080" lon="-16.4003420">
    <ele>395.9</ele>
    <time>2024-04-17T17:28:04Z</time>
   </trkpt>
   <trkpt lat="65.8122090" lon="-16.4003420">
    <ele>395.9</ele>
    <time>2024-04-17T17:28:05Z</time>
   </trkpt>
   <trkpt lat="65.8122100" lon="-16.4003430">
    <ele>395.9</ele>
    <time>2024-04-17T17:28:06Z</time>
   </trkpt>
   <trkpt lat="65.8122110" lon="-16.4003440">
    <ele>395.9</ele>
    <time>2024-04-17T17:28:07Z</time>
   </trkpt>
   <trkpt lat="65.8122120" lon="-16.4003440">
    <ele>395.9</ele>
    <time>2024-04-17T17:28:08Z</time>
   </trkpt>
   <trkpt lat="65.8122130" lon="-16.4003450">
    <ele>395.9</ele>
    <time>2024-04-17T17:28:09Z</time>
   </trkpt>
   <trkpt lat="65.8122140" lon="-16.4003460">
    <ele>395.9</ele>
    <time>2024-04-17T17:28:10Z</time>
   </trkpt>
   <trkpt lat="65.8122150" lon="-16.4003460">
    <ele>395.9</ele>
    <time>2024-04-17T17:28:11Z</time>
   </trkpt>
   <trkpt lat="65.8122160" lon="-16.4003470">
    <ele>395.9</ele>
    <time>2024-04-17T17:28:12Z</time>
   </trkpt>
   <trkpt lat="65.8122170" lon="-16.4003480">
    <ele>395.9</ele>
    <time>2024-04-17T17:28:13Z</time>
   </trkpt>
   <trkpt lat="65.8122180" lon="-16.4003490">
    <ele>395.9</ele>
    <time>2024-04-17T17:28:14Z</time>
   </trkpt>
   <trkpt lat="65.8122200" lon="-16.4003490">
    <ele>395.9</ele>
    <time>2024-04-17T17:28:15Z</time>
   </trkpt>
   <trkpt lat="65.8122210" lon="-16.4003500">
    <ele>395.9</ele>
    <time>2024-04-17T17:28:16Z</time>
   </trkpt>
   <trkpt lat="65.8122220" lon="-16.4003510">
    <ele>395.9</ele>
    <time>2024-04-17T17:28:17Z</time>
   </trkpt>
   <trkpt lat="65.8122230" lon="-16.4003510">
    <ele>395.9</ele>
    <time>2024-04-17T17:28:18Z</time>
   </trkpt>
   <trkpt lat="65.8122240" lon="-16.4003520">
    <ele>395.9</ele>
    <time>2024-04-17T17:28:19Z</time>
   </trkpt>
   <trkpt lat="65.8122250" lon="-16.4003530">
    <ele>395.9</ele>
    <time>2024-04-17T17:28:20Z</time>
   </trkpt>
   <trkpt lat="65.8122260" lon="-16.4003530">
    <ele>395.9</ele>
    <time>2024-04-17T17:28:21Z</time>
   </trkpt>
   <trkpt lat="65.8122270" lon="-16.4003540">
    <ele>395.9</ele>
    <time>2024-04-17T17:28:22Z</time>
   </trkpt>
   <trkpt lat="65.8122280" lon="-16.4003550">
    <ele>395.9</ele>
    <time>2024-04-17T17:28:23Z</time>
   </trkpt>
   <trkpt lat="65.8122290" lon="-16.4003560">
    <ele>395.9</ele>
    <time>2024-04-17T17:28:24Z</time>
   </trkpt>
   <trkpt lat="65.8122300" lon="-16.4003560">
    <ele>395.9</ele>
    <time>2024-04-17T17:28:25Z</time>
   </trkpt>
   <trkpt lat="65.8122310" lon="-16.4003570">
    <ele>395.9</ele>
    <time>2024-04-17T17:28:26Z</time>
   </trkpt>
   <trkpt lat="65.8122320" lon="-16.4003580">
    <ele>395.9</ele>
    <time>2024-04-17T17:28:27Z</time>
   </trkpt>
   <trkpt lat="65.8122330" lon="-16.4003580">
    <ele>395.9</ele>
    <time>2024-04-17T17:28:28Z</time>
   </trkpt>
   <trkpt lat="65.8122340" lon="-16.4003590">
    <ele>395.9</ele>
    <time>2024-04-17T17:28:29Z</time>
   </trkpt>
   <trkpt lat="65.8122350" lon="-16.4003600">
    <ele>395.9</ele>
    <time>2024-04-17T17:28:30Z</time>
   </trkpt>
   <trkpt lat="65.8122370" lon="-16.4003600">
    <ele>395.9</ele>
    <time>2024-04-17T17:28:31Z</time>
   </trkpt>
   <trkpt lat="65.8122380" lon="-16.4003610">
    <ele>395.9</ele>
    <time>2024-04-17T17:28:32Z</time>
   </trkpt>
   <trkpt lat="65.8122390" lon="-16.4003620">
    <ele>395.9</ele>
    <time>2024-04-17T17:28:33Z</time>
   </trkpt>
   <trkpt lat="65.8122400" lon="-16.4003620">
    <ele>395.9</ele>
    <time>2024-04-17T17:28:34Z</time>
   </trkpt>
   <trkpt lat="65.8122410" lon="-16.4003630">
    <ele>395.9</ele>
    <time>2024-04-17T17:28:35Z</time>
   </trkpt>
   <trkpt lat="65.8122420" lon="-16.4003640">
    <ele>395.9</ele>
    <time>2024-04-17T17:28:36Z</time>
   </trkpt>
   <trkpt lat="65.8122430" lon="-16.4003650">
    <ele>395.9</ele>
    <time>2024-04-17T17:28:37Z</time>
   </trkpt>
   <trkpt lat="65.8122440" lon="-16.4003650">
    <ele>395.9</ele>
    <time>2024-04-17T17:28:38Z</time>
   </trkpt>
   <trkpt lat="65.8122450" lon="-16.4003660">
    <ele>395.9</ele>
    <time>2024-04-17T17:28:39Z</time>
   </trkpt>
   <trkpt lat="65.8122460" lon="-16.4003670">
    <ele>396.0</ele>
    <time>2024-04-17T17:28:40Z</time>
   </trkpt>
   <trkpt lat="65.8122470" lon="-16.4003670">
    <ele>396.0</ele>
    <time>2024-04-17T17:28:41Z</time>
   </trkpt>
   <trkpt lat="65.8122480" lon="-16.4003680">
    <ele>396.0</ele>
    <time>2024-04-17T17:28:42Z</time>
   </trkpt>
   <trkpt lat="65.8122490" lon="-16.4003690">
    <ele>396.0</ele>
    <time>2024-04-17T17:28:43Z</time>
   </trkpt>
   <trkpt lat="65.8122500" lon="-16.4003690">
    <ele>396.0</ele>
    <time>2024-04-17T17:28:44Z</time>
   </trkpt>
   <trkpt lat="65.8122510" lon="-16.4003700">
    <ele>396.0</ele>
    <time>2024-04-17T17:28:45Z</time>
   </trkpt>
   <trkpt lat="65.8122530" lon="-16.4003710">
    <ele>396.0</ele>
    <time>2024-04-17T17:28:46Z</time>
   </trkpt>
   <trkpt lat="65.8122540" lon="-16.4003720">
    <ele>396.0</ele>
    <time>2024-04-17T17:28:47Z</time>
   </trkpt>
   <trkpt lat="65.8122550" lon="-16.4003720">
    <ele>396.0</ele>
    <time>2024-04-17T17:28:48Z</time>
   </trkpt>
   <trkpt lat="65.8122560" lon="-16.4003730">
    <ele>396.0</ele>
    <time>2024-04-17T17:28:49Z</time>
   </trkpt>
   <trkpt lat="65.8122570" lon="-16.4003740">
    <ele>396.0</ele>
    <time>2024-04-17T17:28:50Z</time>
   </trkpt>
   <trkpt lat="65.8122580" lon="-16.4003740">
    <ele>396.0</ele>
    <time>2024-04-17T17:28:51Z</time>
   </trkpt>
   <trkpt lat="65.8122390" lon="-16.4003940">
    <ele>396.0</ele>
    <time>2024-04-17T17:28:52Z</time>
   </trkpt>
   <trkpt lat="65.8122440" lon="-16.4003860">
    <ele>396.0</ele>
    <time>2024-04-17T17:28:53Z</time>
   </trkpt>
   <trkpt lat="65.8122430" lon="-16.4003840">
    <ele>396.0</ele>
    <time>2024-04-17T17:28:54Z</time>
   </trkpt>
   <trkpt lat="65.8122430" lon="-16.4003840">
    <ele>396.0</ele>
    <time>2024-04-17T17:28:55Z</time>
   </trkpt>
   <trkpt lat="65.8122430" lon="-16.4003840">
    <ele>396.0</ele>
    <time>2024-04-17T17:28:56Z</time>
   </trkpt>
   <trkpt lat="65.8122660" lon="-16.4003900">
    <ele>396.1</ele>
    <time>2024-04-17T17:28:57Z</time>
   </trkpt>
   <trkpt lat="65.8122590" lon="-16.4003990">
    <ele>396.1</ele>
    <time>2024-04-17T17:28:58Z</time>
   </trkpt>
   <trkpt lat="65.8122650" lon="-16.4003920">
    <ele>396.1</ele>
    <time>2024-04-17T17:28:59Z</time>
   </trkpt>
   <trkpt lat="65.8122570" lon="-16.4003920">
    <ele>396.1</ele>
    <time>2024-04-17T17:29:00Z</time>
   </trkpt>
   <trkpt lat="65.8122560" lon="-16.4003940">
    <ele>396.1</ele>
    <time>2024-04-17T17:29:01Z</time>
   </trkpt>
   <trkpt lat="65.8122530" lon="-16.4003960">
    <ele>396.1</ele>
    <time>2024-04-17T17:29:02Z</time>
   </trkpt>
   <trkpt lat="65.8122560" lon="-16.4003890">
    <ele>396.1</ele>
    <time>2024-04-17T17:29:03Z</time>
   </trkpt>
   <trkpt lat="65.8122540" lon="-16.4003920">
    <ele>396.1</ele>
    <time>2024-04-17T17:29:04Z</time>
   </trkpt>
   <trkpt lat="65.8122530" lon="-16.4003880">
    <ele>396.1</ele>
    <time>2024-04-17T17:29:05Z</time>
   </trkpt>
   <trkpt lat="65.8122530" lon="-16.4003840">
    <ele>396.1</ele>
    <time>2024-04-17T17:29:06Z</time>
   </trkpt>
   <trkpt lat="65.8122570" lon="-16.4003680">
    <ele>396.1</ele>
    <time>2024-04-17T17:29:07Z</time>
   </trkpt>
   <trkpt lat="65.8122610" lon="-16.4003730">
    <ele>396.1</ele>
    <time>2024-04-17T17:29:08Z</time>
   </trkpt>
   <trkpt lat="65.8122630" lon="-16.4003510">
    <ele>396.1</ele>
    <time>2024-04-17T17:29:09Z</time>
   </trkpt>
   <trkpt lat="65.8122550" lon="-16.4003540">
    <ele>396.2</ele>
    <time>2024-04-17T17:29:10Z</time>
   </trkpt>
   <trkpt lat="65.8122540" lon="-16.4003440">
    <ele>396.2</ele>
    <time>2024-04-17T17:29:11Z</time>
   </trkpt>
   <trkpt lat="65.8122510" lon="-16.4003430">
    <ele>396.2</ele>
    <time>2024-04-17T17:29:12Z</time>
   </trkpt>
   <trkpt lat="65.8122480" lon="-16.4003450">
    <ele>396.2</ele>
    <time>2024-04-17T17:29:13Z</time>
   </trkpt>
   <trkpt lat="65.8122500" lon="-16.4003470">
    <ele>396.2</ele>
    <time>2024-04-17T17:29:14Z</time>
   </trkpt>
   <trkpt lat="65.8122520" lon="-16.4003400">
    <ele>396.2</ele>
    <time>2024-04-17T17:29:15Z</time>
   </trkpt>
   <trkpt lat="65.8122590" lon="-16.4003430">
    <ele>396.2</ele>
    <time>2024-04-17T17:29:16Z</time>
   </trkpt>
   <trkpt lat="65.8122540" lon="-16.4003370">
    <ele>396.2</ele>
    <time>2024-04-17T17:29:17Z</time>
   </trkpt>
   <trkpt lat="65.8122500" lon="-16.4003520">
    <ele>396.2</ele>
    <time>2024-04-17T17:29:18Z</time>
   </trkpt>
   <trkpt lat="65.8122500" lon="-16.4003480">
    <ele>396.2</ele>
    <time>2024-04-17T17:29:19Z</time>
   </trkpt>
   <trkpt lat="65.8122530" lon="-16.4003530">
    <ele>396.2</ele>
    <time>2024-04-17T17:29:20Z</time>
   </trkpt>
   <trkpt lat="65.8122530" lon="-16.4003530">
    <ele>396.2</ele>
    <time>2024-04-17T17:29:21Z</time>
   </trkpt>
   <trkpt lat="65.8122530" lon="-16.4003530">
    <ele>396.2</ele>
    <time>2024-04-17T17:29:22Z</time>
   </trkpt>
   <trkpt lat="65.8122530" lon="-16.4003530">
    <ele>396.2</ele>
    <time>2024-04-17T17:29:23Z</time>
   </trkpt>
   <trkpt lat="65.8122530" lon="-16.4003530">
    <ele>396.2</ele>
    <time>2024-04-17T17:29:24Z</time>
   </trkpt>
   <trkpt lat="65.8122530" lon="-16.4003530">
    <ele>396.2</ele>
    <time>2024-04-17T17:29:25Z</time>
   </trkpt>
   <trkpt lat="65.8122530" lon="-16.4003530">
    <ele>396.2</ele>
    <time>2024-04-17T17:29:26Z</time>
   </trkpt>
   <trkpt lat="65.8122530" lon="-16.4003530">
    <ele>396.2</ele>
    <time>2024-04-17T17:29:27Z</time>
   </trkpt>
   <trkpt lat="65.8122530" lon="-16.4003530">
    <ele>396.2</ele>
    <time>2024-04-17T17:29:28Z</time>
   </trkpt>
   <trkpt lat="65.8122530" lon="-16.4003530">
    <ele>396.2</ele>
    <time>2024-04-17T17:29:29Z</time>
   </trkpt>
   <trkpt lat="65.8122530" lon="-16.4003530">
    <ele>396.2</ele>
    <time>2024-04-17T17:29:30Z</time>
   </trkpt>
   <trkpt lat="65.8122530" lon="-16.4003530">
    <ele>396.2</ele>
    <time>2024-04-17T17:29:31Z</time>
   </trkpt>
   <trkpt lat="65.8122530" lon="-16.4003530">
    <ele>396.2</ele>
    <time>2024-04-17T17:29:32Z</time>
   </trkpt>
   <trkpt lat="65.8122530" lon="-16.4003530">
    <ele>396.2</ele>
    <time>2024-04-17T17:29:33Z</time>
   </trkpt>
   <trkpt lat="65.8122530" lon="-16.4003530">
    <ele>396.2</ele>
    <time>2024-04-17T17:29:34Z</time>
   </trkpt>
   <trkpt lat="65.8122530" lon="-16.4003530">
    <ele>396.2</ele>
    <time>2024-04-17T17:29:35Z</time>
   </trkpt>
   <trkpt lat="65.8122530" lon="-16.4003530">
    <ele>396.2</ele>
    <time>2024-04-17T17:29:36Z</time>
   </trkpt>
   <trkpt lat="65.8122570" lon="-16.4003500">
    <ele>396.2</ele>
    <time>2024-04-17T17:29:37Z</time>
   </trkpt>
   <trkpt lat="65.8122570" lon="-16.4003510">
    <ele>396.2</ele>
    <time>2024-04-17T17:29:38Z</time>
   </trkpt>
   <trkpt lat="65.8122570" lon="-16.4003510">
    <ele>396.2</ele>
    <time>2024-04-17T17:29:39Z</time>
   </trkpt>
   <trkpt lat="65.8122570" lon="-16.4003510">
    <ele>396.2</ele>
    <time>2024-04-17T17:29:40Z</time>
   </trkpt>
   <trkpt lat="65.8122570" lon="-16.4003510">
    <ele>396.2</ele>
    <time>2024-04-17T17:29:41Z</time>
   </trkpt>
   <trkpt lat="65.8122570" lon="-16.4003510">
    <ele>396.2</ele>
    <time>2024-04-17T17:29:42Z</time>
   </trkpt>
   <trkpt lat="65.8122570" lon="-16.4003510">
    <ele>396.2</ele>
    <time>2024-04-17T17:29:43Z</time>
   </trkpt>
   <trkpt lat="65.8122570" lon="-16.4003510">
    <ele>396.2</ele>
    <time>2024-04-17T17:29:44Z</time>
   </trkpt>
   <trkpt lat="65.8122570" lon="-16.4003510">
    <ele>396.2</ele>
    <time>2024-04-17T17:29:45Z</time>
   </trkpt>
   <trkpt lat="65.8122530" lon="-16.4003580">
    <ele>396.2</ele>
    <time>2024-04-17T17:29:46Z</time>
   </trkpt>
   <trkpt lat="65.8122530" lon="-16.4003580">
    <ele>396.2</ele>
    <time>2024-04-17T17:29:47Z</time>
   </trkpt>
   <trkpt lat="65.8122530" lon="-16.4003580">
    <ele>396.2</ele>
    <time>2024-04-17T17:29:48Z</time>
   </trkpt>
   <trkpt lat="65.8122530" lon="-16.4003580">
    <ele>396.2</ele>
    <time>2024-04-17T17:29:49Z</time>
   </trkpt>
   <trkpt lat="65.8122530" lon="-16.4003580">
    <ele>396.2</ele>
    <time>2024-04-17T17:29:50Z</time>
   </trkpt>
   <trkpt lat="65.8122530" lon="-16.4003580">
    <ele>396.2</ele>
    <time>2024-04-17T17:29:51Z</time>
   </trkpt>
   <trkpt lat="65.8122550" lon="-16.4003600">
    <ele>396.2</ele>
    <time>2024-04-17T17:29:52Z</time>
   </trkpt>
   <trkpt lat="65.8122540" lon="-16.4003580">
    <ele>396.2</ele>
    <time>2024-04-17T17:29:53Z</time>
   </trkpt>
   <trkpt lat="65.8122530" lon="-16.4003640">
    <ele>396.2</ele>
    <time>2024-04-17T17:29:54Z</time>
   </trkpt>
   <trkpt lat="65.8122570" lon="-16.4003600">
    <ele>396.3</ele>
    <time>2024-04-17T17:29:55Z</time>
   </trkpt>
   <trkpt lat="65.8122590" lon="-16.4003590">
    <ele>396.3</ele>
    <time>2024-04-17T17:29:56Z</time>
   </trkpt>
   <trkpt lat="65.8122640" lon="-16.4003670">
    <ele>396.3</ele>
    <time>2024-04-17T17:29:57Z</time>
   </trkpt>
   <trkpt lat="65.8122630" lon="-16.4003660">
    <ele>396.3</ele>
    <time>2024-04-17T17:29:58Z</time>
   </trkpt>
   <trkpt lat="65.8122620" lon="-16.4003640">
    <ele>396.3</ele>
    <time>2024-04-17T17:29:59Z</time>
   </trkpt>
   <trkpt lat="65.8122670" lon="-16.4003490">
    <ele>396.3</ele>
    <time>2024-04-17T17:30:00Z</time>
   </trkpt>
   <trkpt lat="65.8122670" lon="-16.4003620">
    <ele>396.3</ele>
    <time>2024-04-17T17:30:01Z</time>
   </trkpt>
   <trkpt lat="65.8122620" lon="-16.4003660">
    <ele>396.3</ele>
    <time>2024-04-17T17:30:02Z</time>
   </trkpt>
   <trkpt lat="65.8122620" lon="-16.4003680">
    <ele>396.3</ele>
    <time>2024-04-17T17:30:03Z</time>
   </trkpt>
   <trkpt lat="65.8122620" lon="-16.4003680">
    <ele>396.3</ele>
    <time>2024-04-17T17:30:04Z</time>
   </trkpt>
   <trkpt lat="65.8122650" lon="-16.4003830">
    <ele>396.3</ele>
    <time>2024-04-17T17:30:05Z</time>
   </trkpt>
   <trkpt lat="65.8122580" lon="-16.4003790">
    <ele>396.3</ele>
    <time>2024-04-17T17:30:06Z</time>
   </trkpt>
   <trkpt lat="65.8122550" lon="-16.4003750">
    <ele>396.3</ele>
    <time>2024-04-17T17:30:07Z</time>
   </trkpt>
   <trkpt lat="65.8122560" lon="-16.4003800">
    <ele>396.3</ele>
    <time>2024-04-17T17:30:08Z</time>
   </trkpt>
   <trkpt lat="65.8122490" lon="-16.4003790">
    <ele>396.3</ele>
    <time>2024-04-17T17:30:09Z</time>
   </trkpt>
   <trkpt lat="65.8122430" lon="-16.4003460">
    <ele>396.4</ele>
    <time>2024-04-17T17:30:10Z</time>
   </trkpt>
   <trkpt lat="65.8122480" lon="-16.4003450">
    <ele>396.4</ele>
    <time>2024-04-17T17:30:11Z</time>
   </trkpt>
   <trkpt lat="65.8122490" lon="-16.4003370">
    <ele>396.4</ele>
    <time>2024-04-17T17:30:12Z</time>
   </trkpt>
   <trkpt lat="65.8122440" lon="-16.4003330">
    <ele>396.4</ele>
    <time>2024-04-17T17:30:13Z</time>
   </trkpt>
   <trkpt lat="65.8122500" lon="-16.4003500">
    <ele>396.4</ele>
    <time>2024-04-17T17:30:14Z</time>
   </trkpt>
   <trkpt lat="65.8122460" lon="-16.4003560">
    <ele>396.4</ele>
    <time>2024-04-17T17:30:15Z</time>
   </trkpt>
   <trkpt lat="65.8122510" lon="-16.4003540">
    <ele>396.4</ele>
    <time>2024-04-17T17:30:16Z</time>
   </trkpt>
   <trkpt lat="65.8122480" lon="-16.4003510">
    <ele>396.4</ele>
    <time>2024-04-17T17:30:17Z</time>
   </trkpt>
   <trkpt lat="65.8122380" lon="-16.4003560">
    <ele>396.4</ele>
    <time>2024-04-17T17:30:18Z</time>
   </trkpt>
   <trkpt lat="65.8122430" lon="-16.4003670">
    <ele>396.4</ele>
    <time>2024-04-17T17:30:19Z</time>
   </trkpt>
   <trkpt lat="65.8122410" lon="-16.4003540">
    <ele>396.4</ele>
    <time>2024-04-17T17:30:20Z</time>
   </trkpt>
   <trkpt lat="65.8122450" lon="-16.4003600">
    <ele>396.4</ele>
    <time>2024-04-17T17:30:21Z</time>
   </trkpt>
   <trkpt lat="65.8122490" lon="-16.4003620">
    <ele>396.5</ele>
    <time>2024-04-17T17:30:22Z</time>
   </trkpt>
   <trkpt lat="65.8122490" lon="-16.4003540">
    <ele>396.5</ele>
    <time>2024-04-17T17:30:23Z</time>
   </trkpt>
   <trkpt lat="65.8122510" lon="-16.4003590">
    <ele>396.5</ele>
    <time>2024-04-17T17:30:24Z</time>
   </trkpt>
   <trkpt lat="65.8122590" lon="-16.4003550">
    <ele>396.5</ele>
    <time>2024-04-17T17:30:25Z</time>
   </trkpt>
   <trkpt lat="65.8122640" lon="-16.4003600">
    <ele>396.5</ele>
    <time>2024-04-17T17:30:26Z</time>
   </trkpt>
   <trkpt lat="65.8122690" lon="-16.4003500">
    <ele>396.5</ele>
    <time>2024-04-17T17:30:27Z</time>
   </trkpt>
   <trkpt lat="65.8122640" lon="-16.4003640">
    <ele>396.5</ele>
    <time>2024-04-17T17:30:28Z</time>
   </trkpt>
   <trkpt lat="65.8122630" lon="-16.4003470">
    <ele>396.5</ele>
    <time>2024-04-17T17:30:29Z</time>
   </trkpt>
   <trkpt lat="65.8122690" lon="-16.4003530">
    <ele>396.5</ele>
    <time>2024-04-17T17:30:30Z</time>
   </trkpt>
   <trkpt lat="65.8122680" lon="-16.4003590">
    <ele>396.5</ele>
    <time>2024-04-17T17:30:31Z</time>
   </trkpt>
   <trkpt lat="65.8122660" lon="-16.4003530">
    <ele>396.5</ele>
    <time>2024-04-17T17:30:32Z</time>
   </trkpt>
   <trkpt lat="65.8122640" lon="-16.4003490">
    <ele>396.5</ele>
    <time>2024-04-17T17:30:33Z</time>
   </trkpt>
   <trkpt lat="65.8122660" lon="-16.4003480">
    <ele>396.5</ele>
    <time>2024-04-17T17:30:34Z</time>
   </trkpt>
   <trkpt lat="65.8122550" lon="-16.4003620">
    <ele>396.5</ele>
    <time>2024-04-17T17:30:35Z</time>
   </trkpt>
   <trkpt lat="65.8122630" lon="-16.4003870">
    <ele>396.6</ele>
    <time>2024-04-17T17:30:36Z</time>
   </trkpt>
   <trkpt lat="65.8122560" lon="-16.4003840">
    <ele>396.6</ele>
    <time>2024-04-17T17:30:37Z</time>
   </trkpt>
   <trkpt lat="65.8122400" lon="-16.4003640">
    <ele>396.6</ele>
    <time>2024-04-17T17:30:38Z</time>
   </trkpt>
   <trkpt lat="65.8122280" lon="-16.4003580">
    <ele>396.6</ele>
    <time>2024-04-17T17:30:39Z</time>
   </trkpt>
   <trkpt lat="65.8122360" lon="-16.4003570">
    <ele>396.6</ele>
    <time>2024-04-17T17:30:40Z</time>
   </trkpt>
   <trkpt lat="65.8122360" lon="-16.4003490">
    <ele>396.6</ele>
    <time>2024-04-17T17:30:41Z</time>
   </trkpt>
   <trkpt lat="65.8122320" lon="-16.4003550">
    <ele>396.6</ele>
    <time>2024-04-17T17:30:42Z</time>
   </trkpt>
   <trkpt lat="65.8122280" lon="-16.4003650">
    <ele>396.6</ele>
    <time>2024-04-17T17:30:43Z</time>
   </trkpt>
   <trkpt lat="65.8122250" lon="-16.4003710">
    <ele>396.6</ele>
    <time>2024-04-17T17:30:44Z</time>
   </trkpt>
   <trkpt lat="65.8122250" lon="-16.4003700">
    <ele>396.6</ele>
    <time>2024-04-17T17:30:45Z</time>
   </trkpt>
   <trkpt lat="65.8122240" lon="-16.4003690">
    <ele>396.6</ele>
    <time>2024-04-17T17:30:46Z</time>
   </trkpt>
   <trkpt lat="65.8122270" lon="-16.4003650">
    <ele>396.6</ele>
    <time>2024-04-17T17:30:47Z</time>
   </trkpt>
   <trkpt lat="65.8122270" lon="-16.4003630">
    <ele>396.6</ele>
    <time>2024-04-17T17:30:48Z</time>
   </trkpt>
   <trkpt lat="65.8122290" lon="-16.4003630">
    <ele>396.6</ele>
    <time>2024-04-17T17:30:49Z</time>
   </trkpt>
   <trkpt lat="65.8122290" lon="-16.4003650">
    <ele>396.6</ele>
    <time>2024-04-17T17:30:50Z</time>
   </trkpt>
   <trkpt lat="65.8122270" lon="-16.4003690">
    <ele>396.6</ele>
    <time>2024-04-17T17:30:51Z</time>
   </trkpt>
   <trkpt lat="65.8122280" lon="-16.4003700">
    <ele>396.6</ele>
    <time>2024-04-17T17:30:52Z</time>
   </trkpt>
   <trkpt lat="65.8122290" lon="-16.4003660">
    <ele>396.6</ele>
    <time>2024-04-17T17:30:53Z</time>
   </trkpt>
   <trkpt lat="65.8122250" lon="-16.4003680">
    <ele>396.7</ele>
    <time>2024-04-17T17:30:54Z</time>
   </trkpt>
   <trkpt lat="65.8122220" lon="-16.4003660">
    <ele>396.7</ele>
    <time>2024-04-17T17:30:55Z</time>
   </trkpt>
   <trkpt lat="65.8122190" lon="-16.4003660">
    <ele>396.7</ele>
    <time>2024-04-17T17:30:56Z</time>
   </trkpt>
   <trkpt lat="65.8122200" lon="-16.4003650">
    <ele>396.7</ele>
    <time>2024-04-17T17:30:57Z</time>
   </trkpt>
   <trkpt lat="65.8122220" lon="-16.4003610">
    <ele>396.7</ele>
    <time>2024-04-17T17:30:58Z</time>
   </trkpt>
   <trkpt lat="65.8122250" lon="-16.4003590">
    <ele>396.7</ele>
    <time>2024-04-17T17:30:59Z</time>
   </trkpt>
   <trkpt lat="65.8122260" lon="-16.4003560">
    <ele>396.7</ele>
    <time>2024-04-17T17:31:00Z</time>
   </trkpt>
   <trkpt lat="65.8122270" lon="-16.4003560">
    <ele>396.7</ele>
    <time>2024-04-17T17:31:01Z</time>
   </trkpt>
   <trkpt lat="65.8122270" lon="-16.4003560">
    <ele>396.7</ele>
    <time>2024-04-17T17:31:02Z</time>
   </trkpt>
   <trkpt lat="65.8122300" lon="-16.4003540">
    <ele>396.7</ele>
    <time>2024-04-17T17:31:03Z</time>
   </trkpt>
   <trkpt lat="65.8122270" lon="-16.4003530">
    <ele>396.7</ele>
    <time>2024-04-17T17:31:04Z</time>
   </trkpt>
   <trkpt lat="65.8122270" lon="-16.4003530">
    <ele>396.7</ele>
    <time>2024-04-17T17:31:05Z</time>
   </trkpt>
   <trkpt lat="65.8122300" lon="-16.4003520">
    <ele>396.7</ele>
    <time>2024-04-17T17:31:06Z</time>
   </trkpt>
   <trkpt lat="65.8122300" lon="-16.4003520">
    <ele>396.7</ele>
    <time>2024-04-17T17:31:07Z</time>
   </trkpt>
   <trkpt lat="65.8122230" lon="-16.4003520">
    <ele>396.7</ele>
    <time>2024-04-17T17:31:08Z</time>
   </trkpt>
   <trkpt lat="65.8122240" lon="-16.4003540">
    <ele>396.7</ele>
    <time>2024-04-17T17:31:09Z</time>
   </trkpt>
   <trkpt lat="65.8122200" lon="-16.4003560">
    <ele>396.7</ele>
    <time>2024-04-17T17:31:10Z</time>
   </trkpt>
   <trkpt lat="65.8122210" lon="-16.4003550">
    <ele>396.7</ele>
    <time>2024-04-17T17:31:11Z</time>
   </trkpt>
   <trkpt lat="65.8122210" lon="-16.4003550">
    <ele>396.7</ele>
    <time>2024-04-17T17:31:12Z</time>
   </trkpt>
   <trkpt lat="65.8122180" lon="-16.4003580">
    <ele>396.7</ele>
    <time>2024-04-17T17:31:13Z</time>
   </trkpt>
   <trkpt lat="65.8122160" lon="-16.4003560">
    <ele>396.7</ele>
    <time>2024-04-17T17:31:14Z</time>
   </trkpt>
   <trkpt lat="65.8122140" lon="-16.4003580">
    <ele>396.7</ele>
    <time>2024-04-17T17:31:15Z</time>
   </trkpt>
   <trkpt lat="65.8122110" lon="-16.4003580">
    <ele>396.7</ele>
    <time>2024-04-17T17:31:16Z</time>
   </trkpt>
   <trkpt lat="65.8122090" lon="-16.4003510">
    <ele>396.7</ele>
    <time>2024-04-17T17:31:17Z</time>
   </trkpt>
   <trkpt lat="65.8122090" lon="-16.4003510">
    <ele>396.7</ele>
    <time>2024-04-17T17:31:18Z</time>
   </trkpt>
   <trkpt lat="65.8122040" lon="-16.4003500">
    <ele>396.7</ele>
    <time>2024-04-17T17:31:19Z</time>
   </trkpt>
   <trkpt lat="65.8122050" lon="-16.4003430">
    <ele>396.7</ele>
    <time>2024-04-17T17:31:20Z</time>
   </trkpt>
   <trkpt lat="65.8122060" lon="-16.4003370">
    <ele>396.7</ele>
    <time>2024-04-17T17:31:21Z</time>
   </trkpt>
   <trkpt lat="65.8122080" lon="-16.4003340">
    <ele>396.7</ele>
    <time>2024-04-17T17:31:22Z</time>
   </trkpt>
   <trkpt lat="65.8122090" lon="-16.4003230">
    <ele>396.7</ele>
    <time>2024-04-17T17:31:23Z</time>
   </trkpt>
   <trkpt lat="65.8122120" lon="-16.4003240">
    <ele>396.7</ele>
    <time>2024-04-17T17:31:24Z</time>
   </trkpt>
   <trkpt lat="65.8122150" lon="-16.4003210">
    <ele>396.7</ele>
    <time>2024-04-17T17:31:25Z</time>
   </trkpt>
   <trkpt lat="65.8122160" lon="-16.4003210">
    <ele>396.7</ele>
    <time>2024-04-17T17:31:26Z</time>
   </trkpt>
  </trkseg>
 </trk>
</gpx>
