<?xml version="1.0" encoding="UTF-8"?>
<gpx creator="StravaGPX" version="1.1" xmlns="http://www.topografix.com/GPX/1/1" xmlns:xsi="http://www.w3.org/2001/XMLSchema-instance" xsi:schemaLocation="http://www.topografix.com/GPX/1/1 http://www.topografix.com/GPX/1/1/gpx.xsd http://www.garmin.com/xmlschemas/GpxExtensions/v3 http://www.garmin.com/xmlschemas/GpxExtensionsv3.xsd http://www.garmin.com/xmlschemas/TrackPointExtension/v1 http://www.garmin.com/xmlschemas/TrackPointExtensionv1.xsd" xmlns:gpxtpx="http://www.garmin.com/xmlschemas/TrackPointExtension/v1" xmlns:gpxx="http://www.garmin.com/xmlschemas/GpxExtensions/v3">
 <metadata>
  <time>2024-09-12T17:23:29Z</time>
 </metadata>
 <trk>
  <name>Evening Run</name>
  <type>running</type>
  <trkseg>
   <trkpt lat="51.5145630" lon="-0.0784380">
    <ele>15.6</ele>
    <time>2024-09-12T17:23:29Z</time>
    <extensions>
     <gpxtpx:TrackPointExtension>
      <gpxtpx:hr>139</gpxtpx:hr>
     </gpxtpx:TrackPointExtension>
    </extensions>
   </trkpt>
   <trkpt lat="51.5145630" lon="-0.0784380">
    <ele>15.6</ele>
    <time>2024-09-12T17:23:34Z</time>
    <extensions>
     <gpxtpx:TrackPointExtension>
      <gpxtpx:hr>139</gpxtpx:hr>
     </gpxtpx:TrackPointExtension>
    </extensions>
   </trkpt>
   <trkpt lat="51.5145630" lon="-0.0784380">
    <ele>15.6</ele>
    <time>2024-09-12T17:23:37Z</time>
    <extensions>
     <gpxtpx:TrackPointExtension>
      <gpxtpx:hr>139</gpxtpx:hr>
     </gpxtpx:TrackPointExtension>
    </extensions>
   </trkpt>
   <trkpt lat="51.5145630" lon="-0.0784380">
    <ele>15.6</ele>
    <time>2024-09-12T17:23:40Z</time>
    <extensions>
     <gpxtpx:TrackPointExtension>
      <gpxtpx:hr>139</gpxtpx:hr>
     </gpxtpx:TrackPointExtension>
    </extensions>
   </trkpt>
   <trkpt lat="51.5145630" lon="-0.0784380">
    <ele>15.6</ele>
    <time>2024-09-12T17:23:42Z</time>
    <extensions>
     <gpxtpx:TrackPointExtension>
      <gpxtpx:hr>139</gpxtpx:hr>
     </gpxtpx:TrackPointExtension>
    </extensions>
   </trkpt>
   <trkpt lat="51.5145630" lon="-0.0784380">
    <ele>15.6</ele>
    <time>2024-09-12T17:23:45Z</time>
    <extensions>
     <gpxtpx:TrackPointExtension>
      <gpxtpx:hr>139</gpxtpx:hr>
     </gpxtpx:TrackPointExtension>
    </extensions>
   </trkpt>
   <trkpt lat="51.5145780" lon="-0.0784520">
    <ele>15.5</ele>
    <time>2024-09-12T17:23:46Z</time>
    <extensions>
     <gpxtpx:TrackPointExtension>
      <gpxtpx:hr>139</gpxtpx:hr>
     </gpxtpx:TrackPointExtension>
    </extensions>
   </trkpt>
   <trkpt lat="51.5145840" lon="-0.0784560">
    <ele>15.5</ele>
    <time>2024-09-12T17:23:47Z</time>
    <extensions>
     <gpxtpx:TrackPointExtension>
      <gpxtpx:hr>139</gpxtpx:hr>
     </gpxtpx:TrackPointExtension>
    </extensions>
   </trkpt>
   <trkpt lat="51.5146010" lon="-0.0784710">
    <ele>15.5</ele>
    <time>2024-09-12T17:23:48Z</time>
    <extensions>
     <gpxtpx:TrackPointExtension>
      <gpxtpx:hr>139</gpxtpx:hr>
     </gpxtpx:TrackPointExtension>
    </extensions>
   </trkpt>
   <trkpt lat="51.5146080" lon="-0.0784770">
    <ele>15.5</ele>
    <time>2024-09-12T17:23:49Z</time>
    <extensions>
     <gpxtpx:TrackPointExtension>
      <gpxtpx:hr>139</gpxtpx:hr>
     </gpxtpx:TrackPointExtension>
    </extensions>
   </trkpt>
   <trkpt lat="51.5146150" lon="-0.0784830">
    <ele>15.5</ele>
    <time>2024-09-12T17:23:50Z</time>
    <extensions>
     <gpxtpx:TrackPointExtension>
      <gpxtpx:hr>139</gpxtpx:hr>
     </gpxtpx:TrackPointExtension>
    </extensions>
   </trkpt>
   <trkpt lat="51.5146320" lon="-0.0784960">
    <ele>15.5</ele>
    <time>2024-09-12T17:23:51Z</time>
    <extensions>
     <gpxtpx:TrackPointExtension>
      <gpxtpx:hr>139</gpxtpx:hr>
     </gpxtpx:TrackPointExtension>
    </extensions>
   </trkpt>
   <trkpt lat="51.5146370" lon="-0.0785010">
    <ele>15.5</ele>
    <time>2024-09-12T17:23:52Z</time>
    <extensions>
     <gpxtpx:TrackPointExtension>
      <gpxtpx:hr>139</gpxtpx:hr>
     </gpxtpx:TrackPointExtension>
    </extensions>
   </trkpt>
   <trkpt lat="51.5146580" lon="-0.0785190">
    <ele>15.4</ele>
    <time>2024-09-12T17:23:53Z</time>
    <extensions>
     <gpxtpx:TrackPointExtension>
      <gpxtpx:hr>142</gpxtpx:hr>
     </gpxtpx:TrackPointExtension>
    </extensions>
   </trkpt>
   <trkpt lat="51.5146670" lon="-0.0785280">
    <ele>15.4</ele>
    <time>2024-09-12T17:23:54Z</time>
    <extensions>
     <gpxtpx:TrackPointExtension>
      <gpxtpx:hr>142</gpxtpx:hr>
     </gpxtpx:TrackPointExtension>
    </extensions>
   </trkpt>
   <trkpt lat="51.5146760" lon="-0.0785360">
    <ele>15.4</ele>
    <time>2024-09-12T17:23:55Z</time>
    <extensions>
     <gpxtpx:TrackPointExtension>
      <gpxtpx:hr>142</gpxtpx:hr>
     </gpxtpx:TrackPointExtension>
    </extensions>
   </trkpt>
   <trkpt lat="51.5147000" lon="-0.0785590">
    <ele>15.4</ele>
    <time>2024-09-12T17:23:56Z</time>
    <extensions>
     <gpxtpx:TrackPointExtension>
      <gpxtpx:hr>142</gpxtpx:hr>
     </gpxtpx:TrackPointExtension>
    </extensions>
   </trkpt>
   <trkpt lat="51.5147090" lon="-0.0785670">
    <ele>15.4</ele>
    <time>2024-09-12T17:23:57Z</time>
    <extensions>
     <gpxtpx:TrackPointExtension>
      <gpxtpx:hr>142</gpxtpx:hr>
     </gpxtpx:TrackPointExtension>
    </extensions>
   </trkpt>
   <trkpt lat="51.5147370" lon="-0.0785960">
    <ele>15.4</ele>
    <time>2024-09-12T17:23:58Z</time>
    <extensions>
     <gpxtpx:TrackPointExtension>
      <gpxtpx:hr>143</gpxtpx:hr>
     </gpxtpx:TrackPointExtension>
    </extensions>
   </trkpt>
   <trkpt lat="51.5147480" lon="-0.0786070">
    <ele>15.4</ele>
    <time>2024-09-12T17:23:59Z</time>
    <extensions>
     <gpxtpx:TrackPointExtension>
      <gpxtpx:hr>143</gpxtpx:hr>
     </gpxtpx:TrackPointExtension>
    </extensions>
   </trkpt>
   <trkpt lat="51.5147590" lon="-0.0786190">
    <ele>15.4</ele>
    <time>2024-09-12T17:24:00Z</time>
    <extensions>
     <gpxtpx:TrackPointExtension>
      <gpxtpx:hr>143</gpxtpx:hr>
     </gpxtpx:TrackPointExtension>
    </extensions>
   </trkpt>
   <trkpt lat="51.5147740" lon="-0.0786340">
    <ele>15.3</ele>
    <time>2024-09-12T17:24:01Z</time>
    <extensions>
     <gpxtpx:TrackPointExtension>
      <gpxtpx:hr>146</gpxtpx:hr>
     </gpxtpx:TrackPointExtension>
    </extensions>
   </trkpt>
   <trkpt lat="51.5147870" lon="-0.0786490">
    <ele>15.3</ele>
    <time>2024-09-12T17:24:02Z</time>
    <extensions>
     <gpxtpx:TrackPointExtension>
      <gpxtpx:hr>146</gpxtpx:hr>
     </gpxtpx:TrackPointExtension>
    </extensions>
   </trkpt>
   <trkpt lat="51.5147980" lon="-0.0786630">
    <ele>15.3</ele>
    <time>2024-09-12T17:24:03Z</time>
    <extensions>
     <gpxtpx:TrackPointExtension>
      <gpxtpx:hr>146</gpxtpx:hr>
     </gpxtpx:TrackPointExtension>
    </extensions>
   </trkpt>
   <trkpt lat="51.5148190" lon="-0.0786940">
    <ele>15.3</ele>
    <time>2024-09-12T17:24:04Z</time>
    <extensions>
     <gpxtpx:TrackPointExtension>
      <gpxtpx:hr>146</gpxtpx:hr>
     </gpxtpx:TrackPointExtension>
    </extensions>
   </trkpt>
   <trkpt lat="51.5148270" lon="-0.0787090">
    <ele>15.3</ele>
    <time>2024-09-12T17:24:05Z</time>
    <extensions>
     <gpxtpx:TrackPointExtension>
      <gpxtpx:hr>146</gpxtpx:hr>
     </gpxtpx:TrackPointExtension>
    </extensions>
   </trkpt>
   <trkpt lat="51.5148350" lon="-0.0787250">
    <ele>15.3</ele>
    <time>2024-09-12T17:24:06Z</time>
    <extensions>
     <gpxtpx:TrackPointExtension>
      <gpxtpx:hr>146</gpxtpx:hr>
     </gpxtpx:TrackPointExtension>
    </extensions>
   </trkpt>
   <trkpt lat="51.5148430" lon="-0.0787400">
    <ele>15.3</ele>
    <time>2024-09-12T17:24:07Z</time>
    <extensions>
     <gpxtpx:TrackPointExtension>
      <gpxtpx:hr>146</gpxtpx:hr>
     </gpxtpx:TrackPointExtension>
    </extensions>
   </trkpt>
   <trkpt lat="51.5148520" lon="-0.0787550">
    <ele>15.3</ele>
    <time>2024-09-12T17:24:08Z</time>
    <extensions>
     <gpxtpx:TrackPointExtension>
      <gpxtpx:hr>147</gpxtpx:hr>
     </gpxtpx:TrackPointExtension>
    </extensions>
   </trkpt>
   <trkpt lat="51.5148700" lon="-0.0787970">
    <ele>15.3</ele>
    <time>2024-09-12T17:24:09Z</time>
    <extensions>
     <gpxtpx:TrackPointExtension>
      <gpxtpx:hr>147</gpxtpx:hr>
     </gpxtpx:TrackPointExtension>
    </extensions>
   </trkpt>
   <trkpt lat="51.5148760" lon="-0.0788120">
    <ele>15.3</ele>
    <time>2024-09-12T17:24:10Z</time>
    <extensions>
     <gpxtpx:TrackPointExtension>
      <gpxtpx:hr>147</gpxtpx:hr>
     </gpxtpx:TrackPointExtension>
    </extensions>
   </trkpt>
   <trkpt lat="51.5148960" lon="-0.0788600">
    <ele>15.3</ele>
    <time>2024-09-12T17:24:11Z</time>
    <extensions>
     <gpxtpx:TrackPointExtension>
      <gpxtpx:hr>147</gpxtpx:hr>
     </gpxtpx:TrackPointExtension>
    </extensions>
   </trkpt>
   <trkpt lat="51.5149040" lon="-0.0788790">
    <ele>15.3</ele>
    <time>2024-09-12T17:24:12Z</time>
    <extensions>
     <gpxtpx:TrackPointExtension>
      <gpxtpx:hr>148</gpxtpx:hr>
     </gpxtpx:TrackPointExtension>
    </extensions>
   </trkpt>
   <trkpt lat="51.5149120" lon="-0.0788990">
    <ele>15.3</ele>
    <time>2024-09-12T17:24:13Z</time>
    <extensions>
     <gpxtpx:TrackPointExtension>
      <gpxtpx:hr>148</gpxtpx:hr>
     </gpxtpx:TrackPointExtension>
    </extensions>
   </trkpt>
   <trkpt lat="51.5149300" lon="-0.0789410">
    <ele>15.3</ele>
    <time>2024-09-12T17:24:14Z</time>
    <extensions>
     <gpxtpx:TrackPointExtension>
      <gpxtpx:hr>148</gpxtpx:hr>
     </gpxtpx:TrackPointExtension>
    </extensions>
   </trkpt>
   <trkpt lat="51.5149370" lon="-0.0789560">
    <ele>15.3</ele>
    <time>2024-09-12T17:24:15Z</time>
    <extensions>
     <gpxtpx:TrackPointExtension>
      <gpxtpx:hr>148</gpxtpx:hr>
     </gpxtpx:TrackPointExtension>
    </extensions>
   </trkpt>
   <trkpt lat="51.5149630" lon="-0.0790080">
    <ele>15.3</ele>
    <time>2024-09-12T17:24:16Z</time>
    <extensions>
     <gpxtpx:TrackPointExtension>
      <gpxtpx:hr>148</gpxtpx:hr>
     </gpxtpx:TrackPointExtension>
    </extensions>
   </trkpt>
   <trkpt lat="51.5149740" lon="-0.0790300">
    <ele>15.3</ele>
    <time>2024-09-12T17:24:17Z</time>
    <extensions>
     <gpxtpx:TrackPointExtension>
      <gpxtpx:hr>148</gpxtpx:hr>
     </gpxtpx:TrackPointExtension>
    </extensions>
   </trkpt>
   <trkpt lat="51.5149860" lon="-0.0790520">
    <ele>15.3</ele>
    <time>2024-09-12T17:24:18Z</time>
    <extensions>
     <gpxtpx:TrackPointExtension>
      <gpxtpx:hr>148</gpxtpx:hr>
     </gpxtpx:TrackPointExtension>
    </extensions>
   </trkpt>
   <trkpt lat="51.5150150" lon="-0.0791000">
    <ele>15.3</ele>
    <time>2024-09-12T17:24:19Z</time>
    <extensions>
     <gpxtpx:TrackPointExtension>
      <gpxtpx:hr>148</gpxtpx:hr>
     </gpxtpx:TrackPointExtension>
    </extensions>
   </trkpt>
   <trkpt lat="51.5150260" lon="-0.0791150">
    <ele>15.3</ele>
    <time>2024-09-12T17:24:20Z</time>
    <extensions>
     <gpxtpx:TrackPointExtension>
      <gpxtpx:hr>148</gpxtpx:hr>
     </gpxtpx:TrackPointExtension>
    </extensions>
   </trkpt>
   <trkpt lat="51.5150600" lon="-0.0791680">
    <ele>15.3</ele>
    <time>2024-09-12T17:24:21Z</time>
    <extensions>
     <gpxtpx:TrackPointExtension>
      <gpxtpx:hr>148</gpxtpx:hr>
     </gpxtpx:TrackPointExtension>
    </extensions>
   </trkpt>
   <trkpt lat="51.5150740" lon="-0.0791890">
    <ele>15.3</ele>
    <time>2024-09-12T17:24:22Z</time>
    <extensions>
     <gpxtpx:TrackPointExtension>
      <gpxtpx:hr>148</gpxtpx:hr>
     </gpxtpx:TrackPointExtension>
    </extensions>
   </trkpt>
   <trkpt lat="51.5150870" lon="-0.0792110">
    <ele>15.3</ele>
    <time>2024-09-12T17:24:23Z</time>
    <extensions>
     <gpxtpx:TrackPointExtension>
      <gpxtpx:hr>148</gpxtpx:hr>
     </gpxtpx:TrackPointExtension>
    </extensions>
   </trkpt>
   <trkpt lat="51.5151160" lon="-0.0792600">
    <ele>15.3</ele>
    <time>2024-09-12T17:24:24Z</time>
    <extensions>
     <gpxtpx:TrackPointExtension>
      <gpxtpx:hr>148</gpxtpx:hr>
     </gpxtpx:TrackPointExtension>
    </extensions>
   </trkpt>
   <trkpt lat="51.5151260" lon="-0.0792760">
    <ele>15.3</ele>
    <time>2024-09-12T17:24:25Z</time>
    <extensions>
     <gpxtpx:TrackPointExtension>
      <gpxtpx:hr>148</gpxtpx:hr>
     </gpxtpx:TrackPointExtension>
    </extensions>
   </trkpt>
   <trkpt lat="51.5151550" lon="-0.0793290">
    <ele>15.3</ele>
    <time>2024-09-12T17:24:26Z</time>
    <extensions>
     <gpxtpx:TrackPointExtension>
      <gpxtpx:hr>148</gpxtpx:hr>
     </gpxtpx:TrackPointExtension>
    </extensions>
   </trkpt>
   <trkpt lat="51.5151660" lon="-0.0793510">
    <ele>15.3</ele>
    <time>2024-09-12T17:24:27Z</time>
    <extensions>
     <gpxtpx:TrackPointExtension>
      <gpxtpx:hr>148</gpxtpx:hr>
     </gpxtpx:TrackPointExtension>
    </extensions>
   </trkpt>
   <trkpt lat="51.5151770" lon="-0.0793720">
    <ele>15.3</ele>
    <time>2024-09-12T17:24:28Z</time>
    <extensions>
     <gpxtpx:TrackPointExtension>
      <gpxtpx:hr>150</gpxtpx:hr>
     </gpxtpx:TrackPointExtension>
    </extensions>
   </trkpt>
   <trkpt lat="51.5152020" lon="-0.0794270">
    <ele>15.3</ele>
    <time>2024-09-12T17:24:29Z</time>
    <extensions>
     <gpxtpx:TrackPointExtension>
      <gpxtpx:hr>150</gpxtpx:hr>
     </gpxtpx:TrackPointExtension>
    </extensions>
   </trkpt>
   <trkpt lat="51.5152120" lon="-0.0794490">
    <ele>15.3</ele>
    <time>2024-09-12T17:24:30Z</time>
    <extensions>
     <gpxtpx:TrackPointExtension>
      <gpxtpx:hr>150</gpxtpx:hr>
     </gpxtpx:TrackPointExtension>
    </extensions>
   </trkpt>
   <trkpt lat="51.5152220" lon="-0.0794720">
    <ele>15.3</ele>
    <time>2024-09-12T17:24:31Z</time>
    <extensions>
     <gpxtpx:TrackPointExtension>
      <gpxtpx:hr>150</gpxtpx:hr>
     </gpxtpx:TrackPointExtension>
    </extensions>
   </trkpt>
   <trkpt lat="51.5152460" lon="-0.0795180">
    <ele>15.3</ele>
    <time>2024-09-12T17:24:32Z</time>
    <extensions>
     <gpxtpx:TrackPointExtension>
      <gpxtpx:hr>150</gpxtpx:hr>
     </gpxtpx:TrackPointExtension>
    </extensions>
   </trkpt>
   <trkpt lat="51.5152540" lon="-0.0795340">
    <ele>15.3</ele>
    <time>2024-09-12T17:24:33Z</time>
    <extensions>
     <gpxtpx:TrackPointExtension>
      <gpxtpx:hr>150</gpxtpx:hr>
     </gpxtpx:TrackPointExtension>
    </extensions>
   </trkpt>
   <trkpt lat="51.5152820" lon="-0.0795840">
    <ele>15.3</ele>
    <time>2024-09-12T17:24:34Z</time>
    <extensions>
     <gpxtpx:TrackPointExtension>
      <gpxtpx:hr>150</gpxtpx:hr>
     </gpxtpx:TrackPointExtension>
    </extensions>
   </trkpt>
   <trkpt lat="51.5152940" lon="-0.0796040">
    <ele>15.3</ele>
    <time>2024-09-12T17:24:35Z</time>
    <extensions>
     <gpxtpx:TrackPointExtension>
      <gpxtpx:hr>150</gpxtpx:hr>
     </gpxtpx:TrackPointExtension>
    </extensions>
   </trkpt>
   <trkpt lat="51.5153060" lon="-0.0796240">
    <ele>15.3</ele>
    <time>2024-09-12T17:24:36Z</time>
    <extensions>
     <gpxtpx:TrackPointExtension>
      <gpxtpx:hr>150</gpxtpx:hr>
     </gpxtpx:TrackPointExtension>
    </extensions>
   </trkpt>
   <trkpt lat="51.5153330" lon="-0.0796690">
    <ele>15.3</ele>
    <time>2024-09-12T17:24:37Z</time>
    <extensions>
     <gpxtpx:TrackPointExtension>
      <gpxtpx:hr>150</gpxtpx:hr>
     </gpxtpx:TrackPointExtension>
    </extensions>
   </trkpt>
   <trkpt lat="51.5153420" lon="-0.0796840">
    <ele>15.3</ele>
    <time>2024-09-12T17:24:38Z</time>
    <extensions>
     <gpxtpx:TrackPointExtension>
      <gpxtpx:hr>150</gpxtpx:hr>
     </gpxtpx:TrackPointExtension>
    </extensions>
   </trkpt>
   <trkpt lat="51.5153720" lon="-0.0797330">
    <ele>15.3</ele>
    <time>2024-09-12T17:24:39Z</time>
    <extensions>
     <gpxtpx:TrackPointExtension>
      <gpxtpx:hr>150</gpxtpx:hr>
     </gpxtpx:TrackPointExtension>
    </extensions>
   </trkpt>
   <trkpt lat="51.5153840" lon="-0.0797520">
    <ele>15.3</ele>
    <time>2024-09-12T17:24:40Z</time>
    <extensions>
     <gpxtpx:TrackPointExtension>
      <gpxtpx:hr>150</gpxtpx:hr>
     </gpxtpx:TrackPointExtension>
    </extensions>
   </trkpt>
   <trkpt lat="51.5153960" lon="-0.0797720">
    <ele>15.3</ele>
    <time>2024-09-12T17:24:41Z</time>
    <extensions>
     <gpxtpx:TrackPointExtension>
      <gpxtpx:hr>150</gpxtpx:hr>
     </gpxtpx:TrackPointExtension>
    </extensions>
   </trkpt>
   <trkpt lat="51.5154220" lon="-0.0798150">
    <ele>15.4</ele>
    <time>2024-09-12T17:24:42Z</time>
    <extensions>
     <gpxtpx:TrackPointExtension>
      <gpxtpx:hr>150</gpxtpx:hr>
     </gpxtpx:TrackPointExtension>
    </extensions>
   </trkpt>
   <trkpt lat="51.5154300" lon="-0.0798290">
    <ele>15.4</ele>
    <time>2024-09-12T17:24:43Z</time>
    <extensions>
     <gpxtpx:TrackPointExtension>
      <gpxtpx:hr>150</gpxtpx:hr>
     </gpxtpx:TrackPointExtension>
    </extensions>
   </trkpt>
   <trkpt lat="51.5154600" lon="-0.0798780">
    <ele>15.4</ele>
    <time>2024-09-12T17:24:44Z</time>
    <extensions>
     <gpxtpx:TrackPointExtension>
      <gpxtpx:hr>150</gpxtpx:hr>
     </gpxtpx:TrackPointExtension>
    </extensions>
   </trkpt>
   <trkpt lat="51.5154720" lon="-0.0798980">
    <ele>15.4</ele>
    <time>2024-09-12T17:24:45Z</time>
    <extensions>
     <gpxtpx:TrackPointExtension>
      <gpxtpx:hr>150</gpxtpx:hr>
     </gpxtpx:TrackPointExtension>
    </extensions>
   </trkpt>
   <trkpt lat="51.5154840" lon="-0.0799190">
    <ele>15.4</ele>
    <time>2024-09-12T17:24:46Z</time>
    <extensions>
     <gpxtpx:TrackPointExtension>
      <gpxtpx:hr>150</gpxtpx:hr>
     </gpxtpx:TrackPointExtension>
    </extensions>
   </trkpt>
   <trkpt lat="51.5155110" lon="-0.0799650">
    <ele>15.4</ele>
    <time>2024-09-12T17:24:47Z</time>
    <extensions>
     <gpxtpx:TrackPointExtension>
      <gpxtpx:hr>150</gpxtpx:hr>
     </gpxtpx:TrackPointExtension>
    </extensions>
   </trkpt>
   <trkpt lat="51.5155200" lon="-0.0799800">
    <ele>15.4</ele>
    <time>2024-09-12T17:24:48Z</time>
    <extensions>
     <gpxtpx:TrackPointExtension>
      <gpxtpx:hr>150</gpxtpx:hr>
     </gpxtpx:TrackPointExtension>
    </extensions>
   </trkpt>
   <trkpt lat="51.5155490" lon="-0.0800300">
    <ele>15.4</ele>
    <time>2024-09-12T17:24:49Z</time>
    <extensions>
     <gpxtpx:TrackPointExtension>
      <gpxtpx:hr>150</gpxtpx:hr>
     </gpxtpx:TrackPointExtension>
    </extensions>
   </trkpt>
   <trkpt lat="51.5155600" lon="-0.0800490">
    <ele>15.4</ele>
    <time>2024-09-12T17:24:50Z</time>
    <extensions>
     <gpxtpx:TrackPointExtension>
      <gpxtpx:hr>150</gpxtpx:hr>
     </gpxtpx:TrackPointExtension>
    </extensions>
   </trkpt>
   <trkpt lat="51.5155710" lon="-0.0800690">
    <ele>15.4</ele>
    <time>2024-09-12T17:24:51Z</time>
    <extensions>
     <gpxtpx:TrackPointExtension>
      <gpxtpx:hr>150</gpxtpx:hr>
     </gpxtpx:TrackPointExtension>
    </extensions>
   </trkpt>
   <trkpt lat="51.5156390" lon="-0.0801880">
    <ele>15.4</ele>
    <time>2024-09-12T17:24:52Z</time>
    <extensions>
     <gpxtpx:TrackPointExtension>
      <gpxtpx:hr>150</gpxtpx:hr>
     </gpxtpx:TrackPointExtension>
    </extensions>
   </trkpt>
   <trkpt lat="51.5156910" lon="-0.0802800">
    <ele>15.5</ele>
    <time>2024-09-12T17:24:53Z</time>
    <extensions>
     <gpxtpx:TrackPointExtension>
      <gpxtpx:hr>150</gpxtpx:hr>
     </gpxtpx:TrackPointExtension>
    </extensions>
   </trkpt>
   <trkpt lat="51.5157430" lon="-0.0803710">
    <ele>15.5</ele>
    <time>2024-09-12T17:24:54Z</time>
    <extensions>
     <gpxtpx:TrackPointExtension>
      <gpxtpx:hr>150</gpxtpx:hr>
     </gpxtpx:TrackPointExtension>
    </extensions>
   </trkpt>
   <trkpt lat="51.5157940" lon="-0.0804620">
    <ele>15.6</ele>
    <time>2024-09-12T17:25:27Z</time>
    <extensions>
     <gpxtpx:TrackPointExtension>
      <gpxtpx:hr>150</gpxtpx:hr>
     </gpxtpx:TrackPointExtension>
    </extensions>
   </trkpt>
   <trkpt lat="51.5158460" lon="-0.0805530">
    <ele>15.8</ele>
    <time>2024-09-12T17:25:28Z</time>
    <extensions>
     <gpxtpx:TrackPointExtension>
      <gpxtpx:hr>83</gpxtpx:hr>
     </gpxtpx:TrackPointExtension>
    </extensions>
   </trkpt>
   <trkpt lat="51.5158980" lon="-0.0806450">
    <ele>16.0</ele>
    <time>2024-09-12T17:25:29Z</time>
    <extensions>
     <gpxtpx:TrackPointExtension>
      <gpxtpx:hr>83</gpxtpx:hr>
     </gpxtpx:TrackPointExtension>
    </extensions>
   </trkpt>
   <trkpt lat="51.5159190" lon="-0.0806500">
    <ele>16.0</ele>
    <time>2024-09-12T17:25:30Z</time>
    <extensions>
     <gpxtpx:TrackPointExtension>
      <gpxtpx:hr>82</gpxtpx:hr>
     </gpxtpx:TrackPointExtension>
    </extensions>
   </trkpt>
   <trkpt lat="51.5159270" lon="-0.0806530">
    <ele>16.0</ele>
    <time>2024-09-12T17:25:31Z</time>
    <extensions>
     <gpxtpx:TrackPointExtension>
      <gpxtpx:hr>82</gpxtpx:hr>
     </gpxtpx:TrackPointExtension>
    </extensions>
   </trkpt>
   <trkpt lat="51.5159360" lon="-0.0806560">
    <ele>16.1</ele>
    <time>2024-09-12T17:25:32Z</time>
    <extensions>
     <gpxtpx:TrackPointExtension>
      <gpxtpx:hr>82</gpxtpx:hr>
     </gpxtpx:TrackPointExtension>
    </extensions>
   </trkpt>
   <trkpt lat="51.5159560" lon="-0.0806750">
    <ele>16.1</ele>
    <time>2024-09-12T17:25:33Z</time>
    <extensions>
     <gpxtpx:TrackPointExtension>
      <gpxtpx:hr>82</gpxtpx:hr>
     </gpxtpx:TrackPointExtension>
    </extensions>
   </trkpt>
   <trkpt lat="51.5159630" lon="-0.0806840">
    <ele>16.1</ele>
    <time>2024-09-12T17:25:34Z</time>
    <extensions>
     <gpxtpx:TrackPointExtension>
      <gpxtpx:hr>83</gpxtpx:hr>
     </gpxtpx:TrackPointExtension>
    </extensions>
   </trkpt>
   <trkpt lat="51.5159830" lon="-0.0807230">
    <ele>16.2</ele>
    <time>2024-09-12T17:25:35Z</time>
    <extensions>
     <gpxtpx:TrackPointExtension>
      <gpxtpx:hr>83</gpxtpx:hr>
     </gpxtpx:TrackPointExtension>
    </extensions>
   </trkpt>
   <trkpt lat="51.5159910" lon="-0.0807410">
    <ele>16.2</ele>
    <time>2024-09-12T17:25:36Z</time>
    <extensions>
     <gpxtpx:TrackPointExtension>
      <gpxtpx:hr>83</gpxtpx:hr>
     </gpxtpx:TrackPointExtension>
    </extensions>
   </trkpt>
   <trkpt lat="51.5159990" lon="-0.0807590">
    <ele>16.2</ele>
    <time>2024-09-12T17:25:37Z</time>
    <extensions>
     <gpxtpx:TrackPointExtension>
      <gpxtpx:hr>83</gpxtpx:hr>
     </gpxtpx:TrackPointExtension>
    </extensions>
   </trkpt>
   <trkpt lat="51.5160190" lon="-0.0808100">
    <ele>16.2</ele>
    <time>2024-09-12T17:25:38Z</time>
    <extensions>
     <gpxtpx:TrackPointExtension>
      <gpxtpx:hr>83</gpxtpx:hr>
     </gpxtpx:TrackPointExtension>
    </extensions>
   </trkpt>
   <trkpt lat="51.5160280" lon="-0.0808310">
    <ele>16.2</ele>
    <time>2024-09-12T17:25:39Z</time>
    <extensions>
     <gpxtpx:TrackPointExtension>
      <gpxtpx:hr>89</gpxtpx:hr>
     </gpxtpx:TrackPointExtension>
    </extensions>
   </trkpt>
   <trkpt lat="51.5160360" lon="-0.0808520">
    <ele>16.2</ele>
    <time>2024-09-12T17:25:40Z</time>
    <extensions>
     <gpxtpx:TrackPointExtension>
      <gpxtpx:hr>89</gpxtpx:hr>
     </gpxtpx:TrackPointExtension>
    </extensions>
   </trkpt>
   <trkpt lat="51.5160580" lon="-0.0809030">
    <ele>16.3</ele>
    <time>2024-09-12T17:25:41Z</time>
    <extensions>
     <gpxtpx:TrackPointExtension>
      <gpxtpx:hr>89</gpxtpx:hr>
     </gpxtpx:TrackPointExtension>
    </extensions>
   </trkpt>
   <trkpt lat="51.5160650" lon="-0.0809200">
    <ele>16.3</ele>
    <time>2024-09-12T17:25:42Z</time>
    <extensions>
     <gpxtpx:TrackPointExtension>
      <gpxtpx:hr>89</gpxtpx:hr>
     </gpxtpx:TrackPointExtension>
    </extensions>
   </trkpt>
   <trkpt lat="51.5160910" lon="-0.0809800">
    <ele>16.3</ele>
    <time>2024-09-12T17:25:43Z</time>
    <extensions>
     <gpxtpx:TrackPointExtension>
      <gpxtpx:hr>89</gpxtpx:hr>
     </gpxtpx:TrackPointExtension>
    </extensions>
   </trkpt>
   <trkpt lat="51.5161010" lon="-0.0810040">
    <ele>16.4</ele>
    <time>2024-09-12T17:25:44Z</time>
    <extensions>
     <gpxtpx:TrackPointExtension>
      <gpxtpx:hr>89</gpxtpx:hr>
     </gpxtpx:TrackPointExtension>
    </extensions>
   </trkpt>
   <trkpt lat="51.5161120" lon="-0.0810280">
    <ele>16.4</ele>
    <time>2024-09-12T17:25:45Z</time>
    <extensions>
     <gpxtpx:TrackPointExtension>
      <gpxtpx:hr>89</gpxtpx:hr>
     </gpxtpx:TrackPointExtension>
    </extensions>
   </trkpt>
   <trkpt lat="51.5161370" lon="-0.0810820">
    <ele>16.4</ele>
    <time>2024-09-12T17:25:46Z</time>
    <extensions>
     <gpxtpx:TrackPointExtension>
      <gpxtpx:hr>89</gpxtpx:hr>
     </gpxtpx:TrackPointExtension>
    </extensions>
   </trkpt>
   <trkpt lat="51.5161450" lon="-0.0810990">
    <ele>16.4</ele>
    <time>2024-09-12T17:25:47Z</time>
    <extensions>
     <gpxtpx:TrackPointExtension>
      <gpxtpx:hr>89</gpxtpx:hr>
     </gpxtpx:TrackPointExtension>
    </extensions>
   </trkpt>
   <trkpt lat="51.5161720" lon="-0.0811560">
    <ele>16.5</ele>
    <time>2024-09-12T17:25:48Z</time>
    <extensions>
     <gpxtpx:TrackPointExtension>
      <gpxtpx:hr>89</gpxtpx:hr>
     </gpxtpx:TrackPointExtension>
    </extensions>
   </trkpt>
   <trkpt lat="51.5161830" lon="-0.0811790">
    <ele>16.5</ele>
    <time>2024-09-12T17:25:49Z</time>
    <extensions>
     <gpxtpx:TrackPointExtension>
      <gpxtpx:hr>89</gpxtpx:hr>
     </gpxtpx:TrackPointExtension>
    </extensions>
   </trkpt>
   <trkpt lat="51.5161940" lon="-0.0812010">
    <ele>16.6</ele>
    <time>2024-09-12T17:25:50Z</time>
    <extensions>
     <gpxtpx:TrackPointExtension>
      <gpxtpx:hr>89</gpxtpx:hr>
     </gpxtpx:TrackPointExtension>
    </extensions>
   </trkpt>
   <trkpt lat="51.5162180" lon="-0.0812480">
    <ele>16.6</ele>
    <time>2024-09-12T17:25:51Z</time>
    <extensions>
     <gpxtpx:TrackPointExtension>
      <gpxtpx:hr>89</gpxtpx:hr>
     </gpxtpx:TrackPointExtension>
    </extensions>
   </trkpt>
   <trkpt lat="51.5162260" lon="-0.0812630">
    <ele>16.7</ele>
    <time>2024-09-12T17:25:52Z</time>
    <extensions>
     <gpxtpx:TrackPointExtension>
      <gpxtpx:hr>89</gpxtpx:hr>
     </gpxtpx:TrackPointExtension>
    </extensions>
   </trkpt>
   <trkpt lat="51.5162560" lon="-0.0813020">
    <ele>16.7</ele>
    <time>2024-09-12T17:25:53Z</time>
    <extensions>
     <gpxtpx:TrackPointExtension>
      <gpxtpx:hr>89</gpxtpx:hr>
     </gpxtpx:TrackPointExtension>
    </extensions>
   </trkpt>
   <trkpt lat="51.5162690" lon="-0.0813130">
    <ele>16.7</ele>
    <time>2024-09-12T17:25:54Z</time>
    <extensions>
     <gpxtpx:TrackPointExtension>
      <gpxtpx:hr>89</gpxtpx:hr>
     </gpxtpx:TrackPointExtension>
    </extensions>
   </trkpt>
   <trkpt lat="51.5162820" lon="-0.0813240">
    <ele>16.8</ele>
    <time>2024-09-12T17:25:55Z</time>
    <extensions>
     <gpxtpx:TrackPointExtension>
      <gpxtpx:hr>89</gpxtpx:hr>
     </gpxtpx:TrackPointExtension>
    </extensions>
   </trkpt>
   <trkpt lat="51.5163150" lon="-0.0813320">
    <ele>16.8</ele>
    <time>2024-09-12T17:25:56Z</time>
    <extensions>
     <gpxtpx:TrackPointExtension>
      <gpxtpx:hr>89</gpxtpx:hr>
     </gpxtpx:TrackPointExtension>
    </extensions>
   </trkpt>
   <trkpt lat="51.5163260" lon="-0.0813340">
    <ele>16.8</ele>
    <time>2024-09-12T17:25:57Z</time>
    <extensions>
     <gpxtpx:TrackPointExtension>
      <gpxtpx:hr>89</gpxtpx:hr>
     </gpxtpx:TrackPointExtension>
    </extensions>
   </trkpt>
   <trkpt lat="51.5163640" lon="-0.0813310">
    <ele>16.8</ele>
    <time>2024-09-12T17:25:58Z</time>
    <extensions>
     <gpxtpx:TrackPointExtension>
      <gpxtpx:hr>89</gpxtpx:hr>
     </gpxtpx:TrackPointExtension>
    </extensions>
   </trkpt>
   <trkpt lat="51.5163790" lon="-0.0813300">
    <ele>16.8</ele>
    <time>2024-09-12T17:25:59Z</time>
    <extensions>
     <gpxtpx:TrackPointExtension>
      <gpxtpx:hr>89</gpxtpx:hr>
     </gpxtpx:TrackPointExtension>
    </extensions>
   </trkpt>
   <trkpt lat="51.5163940" lon="-0.0813280">
    <ele>16.8</ele>
    <time>2024-09-12T17:26:00Z</time>
    <extensions>
     <gpxtpx:TrackPointExtension>
      <gpxtpx:hr>89</gpxtpx:hr>
     </gpxtpx:TrackPointExtension>
    </extensions>
   </trkpt>
   <trkpt lat="51.5164170" lon="-0.0813260">
    <ele>16.8</ele>
    <time>2024-09-12T17:26:01Z</time>
    <extensions>
     <gpxtpx:TrackPointExtension>
      <gpxtpx:hr>89</gpxtpx:hr>
     </gpxtpx:TrackPointExtension>
    </extensions>
   </trkpt>
   <trkpt lat="51.5164410" lon="-0.0813250">
    <ele>16.8</ele>
    <time>2024-09-12T17:26:02Z</time>
    <extensions>
     <gpxtpx:TrackPointExtension>
      <gpxtpx:hr>89</gpxtpx:hr>
     </gpxtpx:TrackPointExtension>
    </extensions>
   </trkpt>
   <trkpt lat="51.5164660" lon="-0.0813260">
    <ele>16.8</ele>
    <time>2024-09-12T17:26:03Z</time>
    <extensions>
     <gpxtpx:TrackPointExtension>
      <gpxtpx:hr>89</gpxtpx:hr>
     </gpxtpx:TrackPointExtension>
    </extensions>
   </trkpt>
   <trkpt lat="51.5165020" lon="-0.0813310">
    <ele>16.8</ele>
    <time>2024-09-12T17:26:04Z</time>
    <extensions>
     <gpxtpx:TrackPointExtension>
      <gpxtpx:hr>89</gpxtpx:hr>
     </gpxtpx:TrackPointExtension>
    </extensions>
   </trkpt>
   <trkpt lat="51.5165150" lon="-0.0813340">
    <ele>16.8</ele>
    <time>2024-09-12T17:26:05Z</time>
    <extensions>
     <gpxtpx:TrackPointExtension>
      <gpxtpx:hr>89</gpxtpx:hr>
     </gpxtpx:TrackPointExtension>
    </extensions>
   </trkpt>
   <trkpt lat="51.5165560" lon="-0.0813410">
    <ele>16.8</ele>
    <time>2024-09-12T17:26:06Z</time>
    <extensions>
     <gpxtpx:TrackPointExtension>
      <gpxtpx:hr>89</gpxtpx:hr>
     </gpxtpx:TrackPointExtension>
    </extensions>
   </trkpt>
   <trkpt lat="51.5165720" lon="-0.0813420">
    <ele>16.8</ele>
    <time>2024-09-12T17:26:07Z</time>
    <extensions>
     <gpxtpx:TrackPointExtension>
      <gpxtpx:hr>89</gpxtpx:hr>
     </gpxtpx:TrackPointExtension>
    </extensions>
   </trkpt>
   <trkpt lat="51.5165890" lon="-0.0813430">
    <ele>16.8</ele>
    <time>2024-09-12T17:26:08Z</time>
    <extensions>
     <gpxtpx:TrackPointExtension>
      <gpxtpx:hr>89</gpxtpx:hr>
     </gpxtpx:TrackPointExtension>
    </extensions>
   </trkpt>
   <trkpt lat="51.5166290" lon="-0.0813300">
    <ele>16.8</ele>
    <time>2024-09-12T17:26:09Z</time>
    <extensions>
     <gpxtpx:TrackPointExtension>
      <gpxtpx:hr>89</gpxtpx:hr>
     </gpxtpx:TrackPointExtension>
    </extensions>
   </trkpt>
   <trkpt lat="51.5166430" lon="-0.0813240">
    <ele>16.8</ele>
    <time>2024-09-12T17:26:10Z</time>
    <extensions>
     <gpxtpx:TrackPointExtension>
      <gpxtpx:hr>89</gpxtpx:hr>
     </gpxtpx:TrackPointExtension>
    </extensions>
   </trkpt>
   <trkpt lat="51.5166870" lon="-0.0812970">
    <ele>16.7</ele>
    <time>2024-09-12T17:26:11Z</time>
    <extensions>
     <gpxtpx:TrackPointExtension>
      <gpxtpx:hr>89</gpxtpx:hr>
     </gpxtpx:TrackPointExtension>
    </extensions>
   </trkpt>
   <trkpt lat="51.5167040" lon="-0.0812860">
    <ele>16.7</ele>
    <time>2024-09-12T17:26:12Z</time>
    <extensions>
     <gpxtpx:TrackPointExtension>
      <gpxtpx:hr>89</gpxtpx:hr>
     </gpxtpx:TrackPointExtension>
    </extensions>
   </trkpt>
   <trkpt lat="51.5167210" lon="-0.0812740">
    <ele>16.7</ele>
    <time>2024-09-12T17:26:13Z</time>
    <extensions>
     <gpxtpx:TrackPointExtension>
      <gpxtpx:hr>89</gpxtpx:hr>
     </gpxtpx:TrackPointExtension>
    </extensions>
   </trkpt>
   <trkpt lat="51.5167600" lon="-0.0812490">
    <ele>16.7</ele>
    <time>2024-09-12T17:26:14Z</time>
    <extensions>
     <gpxtpx:TrackPointExtension>
      <gpxtpx:hr>89</gpxtpx:hr>
     </gpxtpx:TrackPointExtension>
    </extensions>
   </trkpt>
   <trkpt lat="51.5167730" lon="-0.0812400">
    <ele>16.7</ele>
    <time>2024-09-12T17:26:15Z</time>
    <extensions>
     <gpxtpx:TrackPointExtension>
      <gpxtpx:hr>89</gpxtpx:hr>
     </gpxtpx:TrackPointExtension>
    </extensions>
   </trkpt>
   <trkpt lat="51.5168150" lon="-0.0812110">
    <ele>16.7</ele>
    <time>2024-09-12T17:26:16Z</time>
    <extensions>
     <gpxtpx:TrackPointExtension>
      <gpxtpx:hr>89</gpxtpx:hr>
     </gpxtpx:TrackPointExtension>
    </extensions>
   </trkpt>
   <trkpt lat="51.5168320" lon="-0.0812000">
    <ele>16.6</ele>
    <time>2024-09-12T17:26:17Z</time>
    <extensions>
     <gpxtpx:TrackPointExtension>
      <gpxtpx:hr>89</gpxtpx:hr>
     </gpxtpx:TrackPointExtension>
    </extensions>
   </trkpt>
   <trkpt lat="51.5168490" lon="-0.0811880">
    <ele>16.6</ele>
    <time>2024-09-12T17:26:18Z</time>
    <extensions>
     <gpxtpx:TrackPointExtension>
      <gpxtpx:hr>89</gpxtpx:hr>
     </gpxtpx:TrackPointExtension>
    </extensions>
   </trkpt>
   <trkpt lat="51.5168870" lon="-0.0811620">
    <ele>16.6</ele>
    <time>2024-09-12T17:26:19Z</time>
    <extensions>
     <gpxtpx:TrackPointExtension>
      <gpxtpx:hr>89</gpxtpx:hr>
     </gpxtpx:TrackPointExtension>
    </extensions>
   </trkpt>
   <trkpt lat="51.5169000" lon="-0.0811530">
    <ele>16.6</ele>
    <time>2024-09-12T17:26:20Z</time>
    <extensions>
     <gpxtpx:TrackPointExtension>
      <gpxtpx:hr>89</gpxtpx:hr>
     </gpxtpx:TrackPointExtension>
    </extensions>
   </trkpt>
   <trkpt lat="51.5169420" lon="-0.0811230">
    <ele>16.5</ele>
    <time>2024-09-12T17:26:21Z</time>
    <extensions>
     <gpxtpx:TrackPointExtension>
      <gpxtpx:hr>89</gpxtpx:hr>
     </gpxtpx:TrackPointExtension>
    </extensions>
   </trkpt>
   <trkpt lat="51.5169580" lon="-0.0811120">
    <ele>16.5</ele>
    <time>2024-09-12T17:26:22Z</time>
    <extensions>
     <gpxtpx:TrackPointExtension>
      <gpxtpx:hr>89</gpxtpx:hr>
     </gpxtpx:TrackPointExtension>
    </extensions>
   </trkpt>
   <trkpt lat="51.5169750" lon="-0.0811000">
    <ele>16.5</ele>
    <time>2024-09-12T17:26:23Z</time>
    <extensions>
     <gpxtpx:TrackPointExtension>
      <gpxtpx:hr>89</gpxtpx:hr>
     </gpxtpx:TrackPointExtension>
    </extensions>
   </trkpt>
   <trkpt lat="51.5170110" lon="-0.0810710">
    <ele>16.5</ele>
    <time>2024-09-12T17:26:24Z</time>
    <extensions>
     <gpxtpx:TrackPointExtension>
      <gpxtpx:hr>89</gpxtpx:hr>
     </gpxtpx:TrackPointExtension>
    </extensions>
   </trkpt>
   <trkpt lat="51.5170230" lon="-0.0810610">
    <ele>16.5</ele>
    <time>2024-09-12T17:26:25Z</time>
    <extensions>
     <gpxtpx:TrackPointExtension>
      <gpxtpx:hr>89</gpxtpx:hr>
     </gpxtpx:TrackPointExtension>
    </extensions>
   </trkpt>
   <trkpt lat="51.5170610" lon="-0.0810240">
    <ele>16.5</ele>
    <time>2024-09-12T17:26:26Z</time>
    <extensions>
     <gpxtpx:TrackPointExtension>
      <gpxtpx:hr>89</gpxtpx:hr>
     </gpxtpx:TrackPointExtension>
    </extensions>
   </trkpt>
   <trkpt lat="51.5170760" lon="-0.0810090">
    <ele>16.5</ele>
    <time>2024-09-12T17:26:27Z</time>
    <extensions>
     <gpxtpx:TrackPointExtension>
      <gpxtpx:hr>89</gpxtpx:hr>
     </gpxtpx:TrackPointExtension>
    </extensions>
   </trkpt>
   <trkpt lat="51.5170910" lon="-0.0809940">
    <ele>16.4</ele>
    <time>2024-09-12T17:26:28Z</time>
    <extensions>
     <gpxtpx:TrackPointExtension>
      <gpxtpx:hr>89</gpxtpx:hr>
     </gpxtpx:TrackPointExtension>
    </extensions>
   </trkpt>
   <trkpt lat="51.5171290" lon="-0.0809590">
    <ele>16.4</ele>
    <time>2024-09-12T17:26:29Z</time>
    <extensions>
     <gpxtpx:TrackPointExtension>
      <gpxtpx:hr>89</gpxtpx:hr>
     </gpxtpx:TrackPointExtension>
    </extensions>
   </trkpt>
   <trkpt lat="51.5171440" lon="-0.0809460">
    <ele>16.4</ele>
    <time>2024-09-12T17:26:30Z</time>
    <extensions>
     <gpxtpx:TrackPointExtension>
      <gpxtpx:hr>89</gpxtpx:hr>
     </gpxtpx:TrackPointExtension>
    </extensions>
   </trkpt>
   <trkpt lat="51.5171600" lon="-0.0809320">
    <ele>16.4</ele>
    <time>2024-09-12T17:26:31Z</time>
    <extensions>
     <gpxtpx:TrackPointExtension>
      <gpxtpx:hr>89</gpxtpx:hr>
     </gpxtpx:TrackPointExtension>
    </extensions>
   </trkpt>
   <trkpt lat="51.5171950" lon="-0.0809040">
    <ele>16.3</ele>
    <time>2024-09-12T17:26:32Z</time>
    <extensions>
     <gpxtpx:TrackPointExtension>
      <gpxtpx:hr>89</gpxtpx:hr>
     </gpxtpx:TrackPointExtension>
    </extensions>
   </trkpt>
   <trkpt lat="51.5172070" lon="-0.0808950">
    <ele>16.3</ele>
    <time>2024-09-12T17:26:33Z</time>
    <extensions>
     <gpxtpx:TrackPointExtension>
      <gpxtpx:hr>89</gpxtpx:hr>
     </gpxtpx:TrackPointExtension>
    </extensions>
   </trkpt>
   <trkpt lat="51.5172470" lon="-0.0808630">
    <ele>16.3</ele>
    <time>2024-09-12T17:26:34Z</time>
    <extensions>
     <gpxtpx:TrackPointExtension>
      <gpxtpx:hr>89</gpxtpx:hr>
     </gpxtpx:TrackPointExtension>
    </extensions>
   </trkpt>
   <trkpt lat="51.5172630" lon="-0.0808500">
    <ele>16.3</ele>
    <time>2024-09-12T17:26:35Z</time>
    <extensions>
     <gpxtpx:TrackPointExtension>
      <gpxtpx:hr>89</gpxtpx:hr>
     </gpxtpx:TrackPointExtension>
    </extensions>
   </trkpt>
   <trkpt lat="51.5172790" lon="-0.0808370">
    <ele>16.2</ele>
    <time>2024-09-12T17:26:36Z</time>
    <extensions>
     <gpxtpx:TrackPointExtension>
      <gpxtpx:hr>89</gpxtpx:hr>
     </gpxtpx:TrackPointExtension>
    </extensions>
   </trkpt>
   <trkpt lat="51.5173140" lon="-0.0808090">
    <ele>16.2</ele>
    <time>2024-09-12T17:26:37Z</time>
    <extensions>
     <gpxtpx:TrackPointExtension>
      <gpxtpx:hr>89</gpxtpx:hr>
     </gpxtpx:TrackPointExtension>
    </extensions>
   </trkpt>
   <trkpt lat="51.5173250" lon="-0.0807990">
    <ele>16.2</ele>
    <time>2024-09-12T17:26:38Z</time>
    <extensions>
     <gpxtpx:TrackPointExtension>
      <gpxtpx:hr>112</gpxtpx:hr>
     </gpxtpx:TrackPointExtension>
    </extensions>
   </trkpt>
   <trkpt lat="51.5173640" lon="-0.0807650">
    <ele>16.1</ele>
    <time>2024-09-12T17:26:39Z</time>
    <extensions>
     <gpxtpx:TrackPointExtension>
      <gpxtpx:hr>111</gpxtpx:hr>
     </gpxtpx:TrackPointExtension>
    </extensions>
   </trkpt>
   <trkpt lat="51.5173800" lon="-0.0807510">
    <ele>16.1</ele>
    <time>2024-09-12T17:26:40Z</time>
    <extensions>
     <gpxtpx:TrackPointExtension>
      <gpxtpx:hr>111</gpxtpx:hr>
     </gpxtpx:TrackPointExtension>
    </extensions>
   </trkpt>
   <trkpt lat="51.5173960" lon="-0.0807380">
    <ele>16.1</ele>
    <time>2024-09-12T17:26:41Z</time>
    <extensions>
     <gpxtpx:TrackPointExtension>
      <gpxtpx:hr>111</gpxtpx:hr>
     </gpxtpx:TrackPointExtension>
    </extensions>
   </trkpt>
   <trkpt lat="51.5174330" lon="-0.0807050">
    <ele>16.0</ele>
    <time>2024-09-12T17:26:42Z</time>
    <extensions>
     <gpxtpx:TrackPointExtension>
      <gpxtpx:hr>111</gpxtpx:hr>
     </gpxtpx:TrackPointExtension>
    </extensions>
   </trkpt>
   <trkpt lat="51.5174450" lon="-0.0806940">
    <ele>16.0</ele>
    <time>2024-09-12T17:26:43Z</time>
    <extensions>
     <gpxtpx:TrackPointExtension>
      <gpxtpx:hr>111</gpxtpx:hr>
     </gpxtpx:TrackPointExtension>
    </extensions>
   </trkpt>
   <trkpt lat="51.5174850" lon="-0.0806580">
    <ele>16.0</ele>
    <time>2024-09-12T17:26:44Z</time>
    <extensions>
     <gpxtpx:TrackPointExtension>
      <gpxtpx:hr>111</gpxtpx:hr>
     </gpxtpx:TrackPointExtension>
    </extensions>
   </trkpt>
   <trkpt lat="51.5175000" lon="-0.0806430">
    <ele>15.9</ele>
    <time>2024-09-12T17:26:45Z</time>
    <extensions>
     <gpxtpx:TrackPointExtension>
      <gpxtpx:hr>110</gpxtpx:hr>
     </gpxtpx:TrackPointExtension>
    </extensions>
   </trkpt>
   <trkpt lat="51.5175160" lon="-0.0806280">
    <ele>15.9</ele>
    <time>2024-09-12T17:26:46Z</time>
    <extensions>
     <gpxtpx:TrackPointExtension>
      <gpxtpx:hr>110</gpxtpx:hr>
     </gpxtpx:TrackPointExtension>
    </extensions>
   </trkpt>
   <trkpt lat="51.5175520" lon="-0.0805950">
    <ele>15.9</ele>
    <time>2024-09-12T17:26:47Z</time>
    <extensions>
     <gpxtpx:TrackPointExtension>
      <gpxtpx:hr>110</gpxtpx:hr>
     </gpxtpx:TrackPointExtension>
    </extensions>
   </trkpt>
   <trkpt lat="51.5175640" lon="-0.0805840">
    <ele>15.9</ele>
    <time>2024-09-12T17:26:48Z</time>
    <extensions>
     <gpxtpx:TrackPointExtension>
      <gpxtpx:hr>110</gpxtpx:hr>
     </gpxtpx:TrackPointExtension>
    </extensions>
   </trkpt>
   <trkpt lat="51.5176020" lon="-0.0805480">
    <ele>15.8</ele>
    <time>2024-09-12T17:26:49Z</time>
    <extensions>
     <gpxtpx:TrackPointExtension>
      <gpxtpx:hr>110</gpxtpx:hr>
     </gpxtpx:TrackPointExtension>
    </extensions>
   </trkpt>
   <trkpt lat="51.5176180" lon="-0.0805330">
    <ele>15.8</ele>
    <time>2024-09-12T17:26:50Z</time>
    <extensions>
     <gpxtpx:TrackPointExtension>
      <gpxtpx:hr>110</gpxtpx:hr>
     </gpxtpx:TrackPointExtension>
    </extensions>
   </trkpt>
   <trkpt lat="51.5176330" lon="-0.0805180">
    <ele>15.7</ele>
    <time>2024-09-12T17:26:51Z</time>
    <extensions>
     <gpxtpx:TrackPointExtension>
      <gpxtpx:hr>110</gpxtpx:hr>
     </gpxtpx:TrackPointExtension>
    </extensions>
   </trkpt>
   <trkpt lat="51.5176710" lon="-0.0804820">
    <ele>15.7</ele>
    <time>2024-09-12T17:26:52Z</time>
    <extensions>
     <gpxtpx:TrackPointExtension>
      <gpxtpx:hr>110</gpxtpx:hr>
     </gpxtpx:TrackPointExtension>
    </extensions>
   </trkpt>
   <trkpt lat="51.5176860" lon="-0.0804670">
    <ele>15.7</ele>
    <time>2024-09-12T17:26:53Z</time>
    <extensions>
     <gpxtpx:TrackPointExtension>
      <gpxtpx:hr>114</gpxtpx:hr>
     </gpxtpx:TrackPointExtension>
    </extensions>
   </trkpt>
   <trkpt lat="51.5177010" lon="-0.0804530">
    <ele>15.7</ele>
    <time>2024-09-12T17:26:54Z</time>
    <extensions>
     <gpxtpx:TrackPointExtension>
      <gpxtpx:hr>114</gpxtpx:hr>
     </gpxtpx:TrackPointExtension>
    </extensions>
   </trkpt>
   <trkpt lat="51.5177350" lon="-0.0804200">
    <ele>15.6</ele>
    <time>2024-09-12T17:26:55Z</time>
    <extensions>
     <gpxtpx:TrackPointExtension>
      <gpxtpx:hr>114</gpxtpx:hr>
     </gpxtpx:TrackPointExtension>
    </extensions>
   </trkpt>
   <trkpt lat="51.5177470" lon="-0.0804090">
    <ele>15.6</ele>
    <time>2024-09-12T17:26:56Z</time>
    <extensions>
     <gpxtpx:TrackPointExtension>
      <gpxtpx:hr>114</gpxtpx:hr>
     </gpxtpx:TrackPointExtension>
    </extensions>
   </trkpt>
   <trkpt lat="51.5177830" lon="-0.0803740">
    <ele>15.6</ele>
    <time>2024-09-12T17:26:57Z</time>
    <extensions>
     <gpxtpx:TrackPointExtension>
      <gpxtpx:hr>114</gpxtpx:hr>
     </gpxtpx:TrackPointExtension>
    </extensions>
   </trkpt>
   <trkpt lat="51.5177980" lon="-0.0803610">
    <ele>15.5</ele>
    <time>2024-09-12T17:26:58Z</time>
    <extensions>
     <gpxtpx:TrackPointExtension>
      <gpxtpx:hr>114</gpxtpx:hr>
     </gpxtpx:TrackPointExtension>
    </extensions>
   </trkpt>
   <trkpt lat="51.5178130" lon="-0.0803470">
    <ele>15.5</ele>
    <time>2024-09-12T17:26:59Z</time>
    <extensions>
     <gpxtpx:TrackPointExtension>
      <gpxtpx:hr>112</gpxtpx:hr>
     </gpxtpx:TrackPointExtension>
    </extensions>
   </trkpt>
   <trkpt lat="51.5178450" lon="-0.0803160">
    <ele>15.5</ele>
    <time>2024-09-12T17:27:00Z</time>
    <extensions>
     <gpxtpx:TrackPointExtension>
      <gpxtpx:hr>112</gpxtpx:hr>
     </gpxtpx:TrackPointExtension>
    </extensions>
   </trkpt>
   <trkpt lat="51.5178560" lon="-0.0803060">
    <ele>15.5</ele>
    <time>2024-09-12T17:27:01Z</time>
    <extensions>
     <gpxtpx:TrackPointExtension>
      <gpxtpx:hr>112</gpxtpx:hr>
     </gpxtpx:TrackPointExtension>
    </extensions>
   </trkpt>
   <trkpt lat="51.5178940" lon="-0.0802730">
    <ele>15.4</ele>
    <time>2024-09-12T17:27:02Z</time>
    <extensions>
     <gpxtpx:TrackPointExtension>
      <gpxtpx:hr>112</gpxtpx:hr>
     </gpxtpx:TrackPointExtension>
    </extensions>
   </trkpt>
   <trkpt lat="51.5179090" lon="-0.0802600">
    <ele>15.4</ele>
    <time>2024-09-12T17:27:03Z</time>
    <extensions>
     <gpxtpx:TrackPointExtension>
      <gpxtpx:hr>112</gpxtpx:hr>
     </gpxtpx:TrackPointExtension>
    </extensions>
   </trkpt>
   <trkpt lat="51.5179240" lon="-0.0802460">
    <ele>15.4</ele>
    <time>2024-09-12T17:27:04Z</time>
    <extensions>
     <gpxtpx:TrackPointExtension>
      <gpxtpx:hr>112</gpxtpx:hr>
     </gpxtpx:TrackPointExtension>
    </extensions>
   </trkpt>
   <trkpt lat="51.5179580" lon="-0.0802200">
    <ele>15.4</ele>
    <time>2024-09-12T17:27:05Z</time>
    <extensions>
     <gpxtpx:TrackPointExtension>
      <gpxtpx:hr>112</gpxtpx:hr>
     </gpxtpx:TrackPointExtension>
    </extensions>
   </trkpt>
   <trkpt lat="51.5179700" lon="-0.0802110">
    <ele>15.4</ele>
    <time>2024-09-12T17:27:06Z</time>
    <extensions>
     <gpxtpx:TrackPointExtension>
      <gpxtpx:hr>112</gpxtpx:hr>
     </gpxtpx:TrackPointExtension>
    </extensions>
   </trkpt>
   <trkpt lat="51.5179990" lon="-0.0801910">
    <ele>15.3</ele>
    <time>2024-09-12T17:27:07Z</time>
    <extensions>
     <gpxtpx:TrackPointExtension>
      <gpxtpx:hr>112</gpxtpx:hr>
     </gpxtpx:TrackPointExtension>
    </extensions>
   </trkpt>
   <trkpt lat="51.5180060" lon="-0.0801860">
    <ele>15.3</ele>
    <time>2024-09-12T17:27:08Z</time>
    <extensions>
     <gpxtpx:TrackPointExtension>
      <gpxtpx:hr>113</gpxtpx:hr>
     </gpxtpx:TrackPointExtension>
    </extensions>
   </trkpt>
   <trkpt lat="51.5180130" lon="-0.0801820">
    <ele>15.3</ele>
    <time>2024-09-12T17:27:09Z</time>
    <extensions>
     <gpxtpx:TrackPointExtension>
      <gpxtpx:hr>113</gpxtpx:hr>
     </gpxtpx:TrackPointExtension>
    </extensions>
   </trkpt>
   <trkpt lat="51.5180460" lon="-0.0801620">
    <ele>15.3</ele>
    <time>2024-09-12T17:27:10Z</time>
    <extensions>
     <gpxtpx:TrackPointExtension>
      <gpxtpx:hr>113</gpxtpx:hr>
     </gpxtpx:TrackPointExtension>
    </extensions>
   </trkpt>
   <trkpt lat="51.5180570" lon="-0.0801550">
    <ele>15.3</ele>
    <time>2024-09-12T17:27:11Z</time>
    <extensions>
     <gpxtpx:TrackPointExtension>
      <gpxtpx:hr>113</gpxtpx:hr>
     </gpxtpx:TrackPointExtension>
    </extensions>
   </trkpt>
   <trkpt lat="51.5180950" lon="-0.0801350">
    <ele>15.3</ele>
    <time>2024-09-12T17:27:12Z</time>
    <extensions>
     <gpxtpx:TrackPointExtension>
      <gpxtpx:hr>113</gpxtpx:hr>
     </gpxtpx:TrackPointExtension>
    </extensions>
   </trkpt>
   <trkpt lat="51.5181100" lon="-0.0801280">
    <ele>15.3</ele>
    <time>2024-09-12T17:27:13Z</time>
    <extensions>
     <gpxtpx:TrackPointExtension>
      <gpxtpx:hr>113</gpxtpx:hr>
     </gpxtpx:TrackPointExtension>
    </extensions>
   </trkpt>
   <trkpt lat="51.5181250" lon="-0.0801200">
    <ele>15.3</ele>
    <time>2024-09-12T17:27:14Z</time>
    <extensions>
     <gpxtpx:TrackPointExtension>
      <gpxtpx:hr>113</gpxtpx:hr>
     </gpxtpx:TrackPointExtension>
    </extensions>
   </trkpt>
   <trkpt lat="51.5181650" lon="-0.0801030">
    <ele>15.3</ele>
    <time>2024-09-12T17:27:15Z</time>
    <extensions>
     <gpxtpx:TrackPointExtension>
      <gpxtpx:hr>113</gpxtpx:hr>
     </gpxtpx:TrackPointExtension>
    </extensions>
   </trkpt>
   <trkpt lat="51.5181810" lon="-0.0800960">
    <ele>15.3</ele>
    <time>2024-09-12T17:27:16Z</time>
    <extensions>
     <gpxtpx:TrackPointExtension>
      <gpxtpx:hr>113</gpxtpx:hr>
     </gpxtpx:TrackPointExtension>
    </extensions>
   </trkpt>
   <trkpt lat="51.5181970" lon="-0.0800900">
    <ele>15.2</ele>
    <time>2024-09-12T17:27:17Z</time>
    <extensions>
     <gpxtpx:TrackPointExtension>
      <gpxtpx:hr>113</gpxtpx:hr>
     </gpxtpx:TrackPointExtension>
    </extensions>
   </trkpt>
   <trkpt lat="51.5182320" lon="-0.0800770">
    <ele>15.4</ele>
    <time>2024-09-12T17:27:18Z</time>
    <extensions>
     <gpxtpx:TrackPointExtension>
      <gpxtpx:hr>114</gpxtpx:hr>
     </gpxtpx:TrackPointExtension>
    </extensions>
   </trkpt>
   <trkpt lat="51.5182440" lon="-0.0800730">
    <ele>15.4</ele>
    <time>2024-09-12T17:27:19Z</time>
    <extensions>
     <gpxtpx:TrackPointExtension>
      <gpxtpx:hr>114</gpxtpx:hr>
     </gpxtpx:TrackPointExtension>
    </extensions>
   </trkpt>
   <trkpt lat="51.5182810" lon="-0.0800600">
    <ele>15.5</ele>
    <time>2024-09-12T17:27:20Z</time>
    <extensions>
     <gpxtpx:TrackPointExtension>
      <gpxtpx:hr>114</gpxtpx:hr>
     </gpxtpx:TrackPointExtension>
    </extensions>
   </trkpt>
   <trkpt lat="51.5182960" lon="-0.0800550">
    <ele>15.5</ele>
    <time>2024-09-12T17:27:21Z</time>
    <extensions>
     <gpxtpx:TrackPointExtension>
      <gpxtpx:hr>114</gpxtpx:hr>
     </gpxtpx:TrackPointExtension>
    </extensions>
   </trkpt>
   <trkpt lat="51.5183100" lon="-0.0800500">
    <ele>15.5</ele>
    <time>2024-09-12T17:27:22Z</time>
    <extensions>
     <gpxtpx:TrackPointExtension>
      <gpxtpx:hr>114</gpxtpx:hr>
     </gpxtpx:TrackPointExtension>
    </extensions>
   </trkpt>
   <trkpt lat="51.5183460" lon="-0.0800400">
    <ele>15.4</ele>
    <time>2024-09-12T17:27:23Z</time>
    <extensions>
     <gpxtpx:TrackPointExtension>
      <gpxtpx:hr>114</gpxtpx:hr>
     </gpxtpx:TrackPointExtension>
    </extensions>
   </trkpt>
   <trkpt lat="51.5183570" lon="-0.0800370">
    <ele>15.4</ele>
    <time>2024-09-12T17:27:24Z</time>
    <extensions>
     <gpxtpx:TrackPointExtension>
      <gpxtpx:hr>114</gpxtpx:hr>
     </gpxtpx:TrackPointExtension>
    </extensions>
   </trkpt>
   <trkpt lat="51.5183970" lon="-0.0800240">
    <ele>15.4</ele>
    <time>2024-09-12T17:27:25Z</time>
    <extensions>
     <gpxtpx:TrackPointExtension>
      <gpxtpx:hr>114</gpxtpx:hr>
     </gpxtpx:TrackPointExtension>
    </extensions>
   </trkpt>
   <trkpt lat="51.5184120" lon="-0.0800170">
    <ele>15.4</ele>
    <time>2024-09-12T17:27:26Z</time>
    <extensions>
     <gpxtpx:TrackPointExtension>
      <gpxtpx:hr>114</gpxtpx:hr>
     </gpxtpx:TrackPointExtension>
    </extensions>
   </trkpt>
   <trkpt lat="51.5184270" lon="-0.0800110">
    <ele>15.3</ele>
    <time>2024-09-12T17:27:27Z</time>
    <extensions>
     <gpxtpx:TrackPointExtension>
      <gpxtpx:hr>114</gpxtpx:hr>
     </gpxtpx:TrackPointExtension>
    </extensions>
   </trkpt>
   <trkpt lat="51.5184610" lon="-0.0799960">
    <ele>15.3</ele>
    <time>2024-09-12T17:27:28Z</time>
    <extensions>
     <gpxtpx:TrackPointExtension>
      <gpxtpx:hr>114</gpxtpx:hr>
     </gpxtpx:TrackPointExtension>
    </extensions>
   </trkpt>
   <trkpt lat="51.5184720" lon="-0.0799910">
    <ele>15.3</ele>
    <time>2024-09-12T17:27:29Z</time>
    <extensions>
     <gpxtpx:TrackPointExtension>
      <gpxtpx:hr>113</gpxtpx:hr>
     </gpxtpx:TrackPointExtension>
    </extensions>
   </trkpt>
   <trkpt lat="51.5185110" lon="-0.0799750">
    <ele>15.2</ele>
    <time>2024-09-12T17:27:30Z</time>
    <extensions>
     <gpxtpx:TrackPointExtension>
      <gpxtpx:hr>113</gpxtpx:hr>
     </gpxtpx:TrackPointExtension>
    </extensions>
   </trkpt>
   <trkpt lat="51.5185260" lon="-0.0799680">
    <ele>15.2</ele>
    <time>2024-09-12T17:27:31Z</time>
    <extensions>
     <gpxtpx:TrackPointExtension>
      <gpxtpx:hr>113</gpxtpx:hr>
     </gpxtpx:TrackPointExtension>
    </extensions>
   </trkpt>
   <trkpt lat="51.5185420" lon="-0.0799620">
    <ele>15.2</ele>
    <time>2024-09-12T17:27:32Z</time>
    <extensions>
     <gpxtpx:TrackPointExtension>
      <gpxtpx:hr>113</gpxtpx:hr>
     </gpxtpx:TrackPointExtension>
    </extensions>
   </trkpt>
   <trkpt lat="51.5185770" lon="-0.0799420">
    <ele>15.1</ele>
    <time>2024-09-12T17:27:33Z</time>
    <extensions>
     <gpxtpx:TrackPointExtension>
      <gpxtpx:hr>113</gpxtpx:hr>
     </gpxtpx:TrackPointExtension>
    </extensions>
   </trkpt>
   <trkpt lat="51.5185890" lon="-0.0799340">
    <ele>15.1</ele>
    <time>2024-09-12T17:27:34Z</time>
    <extensions>
     <gpxtpx:TrackPointExtension>
      <gpxtpx:hr>113</gpxtpx:hr>
     </gpxtpx:TrackPointExtension>
    </extensions>
   </trkpt>
   <trkpt lat="51.5186280" lon="-0.0799060">
    <ele>15.1</ele>
    <time>2024-09-12T17:27:35Z</time>
    <extensions>
     <gpxtpx:TrackPointExtension>
      <gpxtpx:hr>113</gpxtpx:hr>
     </gpxtpx:TrackPointExtension>
    </extensions>
   </trkpt>
   <trkpt lat="51.5186440" lon="-0.0798940">
    <ele>15.1</ele>
    <time>2024-09-12T17:27:36Z</time>
    <extensions>
     <gpxtpx:TrackPointExtension>
      <gpxtpx:hr>114</gpxtpx:hr>
     </gpxtpx:TrackPointExtension>
    </extensions>
   </trkpt>
   <trkpt lat="51.5186590" lon="-0.0798820">
    <ele>15.1</ele>
    <time>2024-09-12T17:27:37Z</time>
    <extensions>
     <gpxtpx:TrackPointExtension>
      <gpxtpx:hr>114</gpxtpx:hr>
     </gpxtpx:TrackPointExtension>
    </extensions>
   </trkpt>
   <trkpt lat="51.5186940" lon="-0.0798520">
    <ele>15.0</ele>
    <time>2024-09-12T17:27:38Z</time>
    <extensions>
     <gpxtpx:TrackPointExtension>
      <gpxtpx:hr>114</gpxtpx:hr>
     </gpxtpx:TrackPointExtension>
    </extensions>
   </trkpt>
   <trkpt lat="51.5187070" lon="-0.0798400">
    <ele>15.0</ele>
    <time>2024-09-12T17:27:39Z</time>
    <extensions>
     <gpxtpx:TrackPointExtension>
      <gpxtpx:hr>113</gpxtpx:hr>
     </gpxtpx:TrackPointExtension>
    </extensions>
   </trkpt>
   <trkpt lat="51.5187200" lon="-0.0798290">
    <ele>15.0</ele>
    <time>2024-09-12T17:27:40Z</time>
    <extensions>
     <gpxtpx:TrackPointExtension>
      <gpxtpx:hr>113</gpxtpx:hr>
     </gpxtpx:TrackPointExtension>
    </extensions>
   </trkpt>
   <trkpt lat="51.5187490" lon="-0.0798030">
    <ele>15.0</ele>
    <time>2024-09-12T17:27:41Z</time>
    <extensions>
     <gpxtpx:TrackPointExtension>
      <gpxtpx:hr>113</gpxtpx:hr>
     </gpxtpx:TrackPointExtension>
    </extensions>
   </trkpt>
   <trkpt lat="51.5187590" lon="-0.0797940">
    <ele>15.0</ele>
    <time>2024-09-12T17:27:42Z</time>
    <extensions>
     <gpxtpx:TrackPointExtension>
      <gpxtpx:hr>113</gpxtpx:hr>
     </gpxtpx:TrackPointExtension>
    </extensions>
   </trkpt>
   <trkpt lat="51.5187910" lon="-0.0797660">
    <ele>15.0</ele>
    <time>2024-09-12T17:27:43Z</time>
    <extensions>
     <gpxtpx:TrackPointExtension>
      <gpxtpx:hr>113</gpxtpx:hr>
     </gpxtpx:TrackPointExtension>
    </extensions>
   </trkpt>
   <trkpt lat="51.5188050" lon="-0.0797540">
    <ele>15.0</ele>
    <time>2024-09-12T17:27:44Z</time>
    <extensions>
     <gpxtpx:TrackPointExtension>
      <gpxtpx:hr>113</gpxtpx:hr>
     </gpxtpx:TrackPointExtension>
    </extensions>
   </trkpt>
   <trkpt lat="51.5188190" lon="-0.0797430">
    <ele>14.9</ele>
    <time>2024-09-12T17:27:45Z</time>
    <extensions>
     <gpxtpx:TrackPointExtension>
      <gpxtpx:hr>113</gpxtpx:hr>
     </gpxtpx:TrackPointExtension>
    </extensions>
   </trkpt>
   <trkpt lat="51.5188510" lon="-0.0797190">
    <ele>14.9</ele>
    <time>2024-09-12T17:27:46Z</time>
    <extensions>
     <gpxtpx:TrackPointExtension>
      <gpxtpx:hr>113</gpxtpx:hr>
     </gpxtpx:TrackPointExtension>
    </extensions>
   </trkpt>
   <trkpt lat="51.5188610" lon="-0.0797110">
    <ele>14.9</ele>
    <time>2024-09-12T17:27:47Z</time>
    <extensions>
     <gpxtpx:TrackPointExtension>
      <gpxtpx:hr>113</gpxtpx:hr>
     </gpxtpx:TrackPointExtension>
    </extensions>
   </trkpt>
   <trkpt lat="51.5188960" lon="-0.0796900">
    <ele>14.9</ele>
    <time>2024-09-12T17:27:48Z</time>
    <extensions>
     <gpxtpx:TrackPointExtension>
      <gpxtpx:hr>113</gpxtpx:hr>
     </gpxtpx:TrackPointExtension>
    </extensions>
   </trkpt>
   <trkpt lat="51.5189100" lon="-0.0796830">
    <ele>14.9</ele>
    <time>2024-09-12T17:27:49Z</time>
    <extensions>
     <gpxtpx:TrackPointExtension>
      <gpxtpx:hr>111</gpxtpx:hr>
     </gpxtpx:TrackPointExtension>
    </extensions>
   </trkpt>
   <trkpt lat="51.5189240" lon="-0.0796750">
    <ele>14.9</ele>
    <time>2024-09-12T17:27:50Z</time>
    <extensions>
     <gpxtpx:TrackPointExtension>
      <gpxtpx:hr>111</gpxtpx:hr>
     </gpxtpx:TrackPointExtension>
    </extensions>
   </trkpt>
   <trkpt lat="51.5189550" lon="-0.0796650">
    <ele>14.8</ele>
    <time>2024-09-12T17:27:51Z</time>
    <extensions>
     <gpxtpx:TrackPointExtension>
      <gpxtpx:hr>111</gpxtpx:hr>
     </gpxtpx:TrackPointExtension>
    </extensions>
   </trkpt>
   <trkpt lat="51.5189660" lon="-0.0796620">
    <ele>14.8</ele>
    <time>2024-09-12T17:27:52Z</time>
    <extensions>
     <gpxtpx:TrackPointExtension>
      <gpxtpx:hr>111</gpxtpx:hr>
     </gpxtpx:TrackPointExtension>
    </extensions>
   </trkpt>
   <trkpt lat="51.5190010" lon="-0.0796580">
    <ele>14.8</ele>
    <time>2024-09-12T17:27:53Z</time>
    <extensions>
     <gpxtpx:TrackPointExtension>
      <gpxtpx:hr>111</gpxtpx:hr>
     </gpxtpx:TrackPointExtension>
    </extensions>
   </trkpt>
   <trkpt lat="51.5190150" lon="-0.0796560">
    <ele>14.8</ele>
    <time>2024-09-12T17:27:54Z</time>
    <extensions>
     <gpxtpx:TrackPointExtension>
      <gpxtpx:hr>111</gpxtpx:hr>
     </gpxtpx:TrackPointExtension>
    </extensions>
   </trkpt>
   <trkpt lat="51.5190290" lon="-0.0796540">
    <ele>14.8</ele>
    <time>2024-09-12T17:27:55Z</time>
    <extensions>
     <gpxtpx:TrackPointExtension>
      <gpxtpx:hr>111</gpxtpx:hr>
     </gpxtpx:TrackPointExtension>
    </extensions>
   </trkpt>
   <trkpt lat="51.5190490" lon="-0.0796490">
    <ele>14.8</ele>
    <time>2024-09-12T17:27:56Z</time>
    <extensions>
     <gpxtpx:TrackPointExtension>
      <gpxtpx:hr>111</gpxtpx:hr>
     </gpxtpx:TrackPointExtension>
    </extensions>
   </trkpt>
   <trkpt lat="51.5190690" lon="-0.0796430">
    <ele>14.8</ele>
    <time>2024-09-12T17:27:57Z</time>
    <extensions>
     <gpxtpx:TrackPointExtension>
      <gpxtpx:hr>112</gpxtpx:hr>
     </gpxtpx:TrackPointExtension>
    </extensions>
   </trkpt>
   <trkpt lat="51.5191020" lon="-0.0796280">
    <ele>14.8</ele>
    <time>2024-09-12T17:27:58Z</time>
    <extensions>
     <gpxtpx:TrackPointExtension>
      <gpxtpx:hr>112</gpxtpx:hr>
     </gpxtpx:TrackPointExtension>
    </extensions>
   </trkpt>
   <trkpt lat="51.5191160" lon="-0.0796210">
    <ele>14.8</ele>
    <time>2024-09-12T17:27:59Z</time>
    <extensions>
     <gpxtpx:TrackPointExtension>
      <gpxtpx:hr>112</gpxtpx:hr>
     </gpxtpx:TrackPointExtension>
    </extensions>
   </trkpt>
   <trkpt lat="51.5191300" lon="-0.0796140">
    <ele>14.8</ele>
    <time>2024-09-12T17:28:00Z</time>
    <extensions>
     <gpxtpx:TrackPointExtension>
      <gpxtpx:hr>112</gpxtpx:hr>
     </gpxtpx:TrackPointExtension>
    </extensions>
   </trkpt>
   <trkpt lat="51.5191650" lon="-0.0795900">
    <ele>14.8</ele>
    <time>2024-09-12T17:28:01Z</time>
    <extensions>
     <gpxtpx:TrackPointExtension>
      <gpxtpx:hr>112</gpxtpx:hr>
     </gpxtpx:TrackPointExtension>
    </extensions>
   </trkpt>
   <trkpt lat="51.5191790" lon="-0.0795790">
    <ele>14.8</ele>
    <time>2024-09-12T17:28:02Z</time>
    <extensions>
     <gpxtpx:TrackPointExtension>
      <gpxtpx:hr>112</gpxtpx:hr>
     </gpxtpx:TrackPointExtension>
    </extensions>
   </trkpt>
   <trkpt lat="51.5191940" lon="-0.0795680">
    <ele>14.8</ele>
    <time>2024-09-12T17:28:03Z</time>
    <extensions>
     <gpxtpx:TrackPointExtension>
      <gpxtpx:hr>114</gpxtpx:hr>
     </gpxtpx:TrackPointExtension>
    </extensions>
   </trkpt>
   <trkpt lat="51.5192250" lon="-0.0795460">
    <ele>14.8</ele>
    <time>2024-09-12T17:28:04Z</time>
    <extensions>
     <gpxtpx:TrackPointExtension>
      <gpxtpx:hr>114</gpxtpx:hr>
     </gpxtpx:TrackPointExtension>
    </extensions>
   </trkpt>
   <trkpt lat="51.5192350" lon="-0.0795380">
    <ele>14.8</ele>
    <time>2024-09-12T17:28:05Z</time>
    <extensions>
     <gpxtpx:TrackPointExtension>
      <gpxtpx:hr>115</gpxtpx:hr>
     </gpxtpx:TrackPointExtension>
    </extensions>
   </trkpt>
   <trkpt lat="51.5192740" lon="-0.0795100">
    <ele>14.8</ele>
    <time>2024-09-12T17:28:06Z</time>
    <extensions>
     <gpxtpx:TrackPointExtension>
      <gpxtpx:hr>115</gpxtpx:hr>
     </gpxtpx:TrackPointExtension>
    </extensions>
   </trkpt>
   <trkpt lat="51.5192930" lon="-0.0794970">
    <ele>14.8</ele>
    <time>2024-09-12T17:28:07Z</time>
    <extensions>
     <gpxtpx:TrackPointExtension>
      <gpxtpx:hr>115</gpxtpx:hr>
     </gpxtpx:TrackPointExtension>
    </extensions>
   </trkpt>
   <trkpt lat="51.5193130" lon="-0.0794830">
    <ele>14.8</ele>
    <time>2024-09-12T17:28:08Z</time>
    <extensions>
     <gpxtpx:TrackPointExtension>
      <gpxtpx:hr>115</gpxtpx:hr>
     </gpxtpx:TrackPointExtension>
    </extensions>
   </trkpt>
   <trkpt lat="51.5193410" lon="-0.0794630">
    <ele>14.8</ele>
    <time>2024-09-12T17:28:09Z</time>
    <extensions>
     <gpxtpx:TrackPointExtension>
      <gpxtpx:hr>115</gpxtpx:hr>
     </gpxtpx:TrackPointExtension>
    </extensions>
   </trkpt>
   <trkpt lat="51.5193510" lon="-0.0794570">
    <ele>14.8</ele>
    <time>2024-09-12T17:28:10Z</time>
    <extensions>
     <gpxtpx:TrackPointExtension>
      <gpxtpx:hr>115</gpxtpx:hr>
     </gpxtpx:TrackPointExtension>
    </extensions>
   </trkpt>
   <trkpt lat="51.5193880" lon="-0.0794330">
    <ele>14.8</ele>
    <time>2024-09-12T17:28:11Z</time>
    <extensions>
     <gpxtpx:TrackPointExtension>
      <gpxtpx:hr>115</gpxtpx:hr>
     </gpxtpx:TrackPointExtension>
    </extensions>
   </trkpt>
   <trkpt lat="51.5194030" lon="-0.0794240">
    <ele>14.8</ele>
    <time>2024-09-12T17:28:12Z</time>
    <extensions>
     <gpxtpx:TrackPointExtension>
      <gpxtpx:hr>115</gpxtpx:hr>
     </gpxtpx:TrackPointExtension>
    </extensions>
   </trkpt>
   <trkpt lat="51.5194190" lon="-0.0794140">
    <ele>14.8</ele>
    <time>2024-09-12T17:28:13Z</time>
    <extensions>
     <gpxtpx:TrackPointExtension>
      <gpxtpx:hr>115</gpxtpx:hr>
     </gpxtpx:TrackPointExtension>
    </extensions>
   </trkpt>
   <trkpt lat="51.5194570" lon="-0.0793910">
    <ele>14.8</ele>
    <time>2024-09-12T17:28:14Z</time>
    <extensions>
     <gpxtpx:TrackPointExtension>
      <gpxtpx:hr>115</gpxtpx:hr>
     </gpxtpx:TrackPointExtension>
    </extensions>
   </trkpt>
   <trkpt lat="51.5194700" lon="-0.0793840">
    <ele>14.8</ele>
    <time>2024-09-12T17:28:15Z</time>
    <extensions>
     <gpxtpx:TrackPointExtension>
      <gpxtpx:hr>115</gpxtpx:hr>
     </gpxtpx:TrackPointExtension>
    </extensions>
   </trkpt>
   <trkpt lat="51.5195160" lon="-0.0793570">
    <ele>14.8</ele>
    <time>2024-09-12T17:28:16Z</time>
    <extensions>
     <gpxtpx:TrackPointExtension>
      <gpxtpx:hr>115</gpxtpx:hr>
     </gpxtpx:TrackPointExtension>
    </extensions>
   </trkpt>
   <trkpt lat="51.5195360" lon="-0.0793470">
    <ele>14.8</ele>
    <time>2024-09-12T17:28:17Z</time>
    <extensions>
     <gpxtpx:TrackPointExtension>
      <gpxtpx:hr>115</gpxtpx:hr>
     </gpxtpx:TrackPointExtension>
    </extensions>
   </trkpt>
   <trkpt lat="51.5195550" lon="-0.0793370">
    <ele>14.8</ele>
    <time>2024-09-12T17:28:18Z</time>
    <extensions>
     <gpxtpx:TrackPointExtension>
      <gpxtpx:hr>115</gpxtpx:hr>
     </gpxtpx:TrackPointExtension>
    </extensions>
   </trkpt>
   <trkpt lat="51.5195840" lon="-0.0793210">
    <ele>14.8</ele>
    <time>2024-09-12T17:28:19Z</time>
    <extensions>
     <gpxtpx:TrackPointExtension>
      <gpxtpx:hr>115</gpxtpx:hr>
     </gpxtpx:TrackPointExtension>
    </extensions>
   </trkpt>
   <trkpt lat="51.5195840" lon="-0.0793210">
    <ele>14.8</ele>
    <time>2024-09-12T17:28:20Z</time>
    <extensions>
     <gpxtpx:TrackPointExtension>
      <gpxtpx:hr>115</gpxtpx:hr>
     </gpxtpx:TrackPointExtension>
    </extensions>
   </trkpt>
   <trkpt lat="51.5196320" lon="-0.0792970">
    <ele>14.8</ele>
    <time>2024-09-12T17:28:21Z</time>
    <extensions>
     <gpxtpx:TrackPointExtension>
      <gpxtpx:hr>115</gpxtpx:hr>
     </gpxtpx:TrackPointExtension>
    </extensions>
   </trkpt>
   <trkpt lat="51.5196510" lon="-0.0792880">
    <ele>14.8</ele>
    <time>2024-09-12T17:28:22Z</time>
    <extensions>
     <gpxtpx:TrackPointExtension>
      <gpxtpx:hr>115</gpxtpx:hr>
     </gpxtpx:TrackPointExtension>
    </extensions>
   </trkpt>
   <trkpt lat="51.5196690" lon="-0.0792780">
    <ele>14.8</ele>
    <time>2024-09-12T17:28:23Z</time>
    <extensions>
     <gpxtpx:TrackPointExtension>
      <gpxtpx:hr>115</gpxtpx:hr>
     </gpxtpx:TrackPointExtension>
    </extensions>
   </trkpt>
   <trkpt lat="51.5197100" lon="-0.0792590">
    <ele>14.9</ele>
    <time>2024-09-12T17:28:24Z</time>
    <extensions>
     <gpxtpx:TrackPointExtension>
      <gpxtpx:hr>115</gpxtpx:hr>
     </gpxtpx:TrackPointExtension>
    </extensions>
   </trkpt>
   <trkpt lat="51.5197230" lon="-0.0792530">
    <ele>14.9</ele>
    <time>2024-09-12T17:28:25Z</time>
    <extensions>
     <gpxtpx:TrackPointExtension>
      <gpxtpx:hr>114</gpxtpx:hr>
     </gpxtpx:TrackPointExtension>
    </extensions>
   </trkpt>
   <trkpt lat="51.5197660" lon="-0.0792330">
    <ele>14.9</ele>
    <time>2024-09-12T17:28:26Z</time>
    <extensions>
     <gpxtpx:TrackPointExtension>
      <gpxtpx:hr>114</gpxtpx:hr>
     </gpxtpx:TrackPointExtension>
    </extensions>
   </trkpt>
   <trkpt lat="51.5197830" lon="-0.0792250">
    <ele>14.9</ele>
    <time>2024-09-12T17:28:27Z</time>
    <extensions>
     <gpxtpx:TrackPointExtension>
      <gpxtpx:hr>114</gpxtpx:hr>
     </gpxtpx:TrackPointExtension>
    </extensions>
   </trkpt>
   <trkpt lat="51.5198000" lon="-0.0792180">
    <ele>14.9</ele>
    <time>2024-09-12T17:28:28Z</time>
    <extensions>
     <gpxtpx:TrackPointExtension>
      <gpxtpx:hr>114</gpxtpx:hr>
     </gpxtpx:TrackPointExtension>
    </extensions>
   </trkpt>
   <trkpt lat="51.5198410" lon="-0.0792000">
    <ele>14.9</ele>
    <time>2024-09-12T17:28:29Z</time>
    <extensions>
     <gpxtpx:TrackPointExtension>
      <gpxtpx:hr>114</gpxtpx:hr>
     </gpxtpx:TrackPointExtension>
    </extensions>
   </trkpt>
   <trkpt lat="51.5198570" lon="-0.0791930">
    <ele>14.9</ele>
    <time>2024-09-12T17:28:30Z</time>
    <extensions>
     <gpxtpx:TrackPointExtension>
      <gpxtpx:hr>114</gpxtpx:hr>
     </gpxtpx:TrackPointExtension>
    </extensions>
   </trkpt>
   <trkpt lat="51.5198730" lon="-0.0791870">
    <ele>14.9</ele>
    <time>2024-09-12T17:28:31Z</time>
    <extensions>
     <gpxtpx:TrackPointExtension>
      <gpxtpx:hr>114</gpxtpx:hr>
     </gpxtpx:TrackPointExtension>
    </extensions>
   </trkpt>
   <trkpt lat="51.5199100" lon="-0.0791730">
    <ele>15.0</ele>
    <time>2024-09-12T17:28:32Z</time>
    <extensions>
     <gpxtpx:TrackPointExtension>
      <gpxtpx:hr>114</gpxtpx:hr>
     </gpxtpx:TrackPointExtension>
    </extensions>
   </trkpt>
   <trkpt lat="51.5199220" lon="-0.0791690">
    <ele>15.0</ele>
    <time>2024-09-12T17:28:33Z</time>
    <extensions>
     <gpxtpx:TrackPointExtension>
      <gpxtpx:hr>114</gpxtpx:hr>
     </gpxtpx:TrackPointExtension>
    </extensions>
   </trkpt>
   <trkpt lat="51.5199630" lon="-0.0791560">
    <ele>15.0</ele>
    <time>2024-09-12T17:28:34Z</time>
    <extensions>
     <gpxtpx:TrackPointExtension>
      <gpxtpx:hr>114</gpxtpx:hr>
     </gpxtpx:TrackPointExtension>
    </extensions>
   </trkpt>
   <trkpt lat="51.5199790" lon="-0.0791510">
    <ele>15.0</ele>
    <time>2024-09-12T17:28:35Z</time>
    <extensions>
     <gpxtpx:TrackPointExtension>
      <gpxtpx:hr>114</gpxtpx:hr>
     </gpxtpx:TrackPointExtension>
    </extensions>
   </trkpt>
   <trkpt lat="51.5199950" lon="-0.0791460">
    <ele>15.0</ele>
    <time>2024-09-12T17:28:36Z</time>
    <extensions>
     <gpxtpx:TrackPointExtension>
      <gpxtpx:hr>114</gpxtpx:hr>
     </gpxtpx:TrackPointExtension>
    </extensions>
   </trkpt>
   <trkpt lat="51.5200310" lon="-0.0791360">
    <ele>15.0</ele>
    <time>2024-09-12T17:28:37Z</time>
    <extensions>
     <gpxtpx:TrackPointExtension>
      <gpxtpx:hr>115</gpxtpx:hr>
     </gpxtpx:TrackPointExtension>
    </extensions>
   </trkpt>
   <trkpt lat="51.5200430" lon="-0.0791320">
    <ele>15.0</ele>
    <time>2024-09-12T17:28:38Z</time>
    <extensions>
     <gpxtpx:TrackPointExtension>
      <gpxtpx:hr>115</gpxtpx:hr>
     </gpxtpx:TrackPointExtension>
    </extensions>
   </trkpt>
   <trkpt lat="51.5200820" lon="-0.0791230">
    <ele>15.0</ele>
    <time>2024-09-12T17:28:39Z</time>
    <extensions>
     <gpxtpx:TrackPointExtension>
      <gpxtpx:hr>115</gpxtpx:hr>
     </gpxtpx:TrackPointExtension>
    </extensions>
   </trkpt>
   <trkpt lat="51.5200980" lon="-0.0791200">
    <ele>15.0</ele>
    <time>2024-09-12T17:28:40Z</time>
    <extensions>
     <gpxtpx:TrackPointExtension>
      <gpxtpx:hr>115</gpxtpx:hr>
     </gpxtpx:TrackPointExtension>
    </extensions>
   </trkpt>
   <trkpt lat="51.5201140" lon="-0.0791160">
    <ele>15.0</ele>
    <time>2024-09-12T17:28:41Z</time>
    <extensions>
     <gpxtpx:TrackPointExtension>
      <gpxtpx:hr>115</gpxtpx:hr>
     </gpxtpx:TrackPointExtension>
    </extensions>
   </trkpt>
   <trkpt lat="51.5201510" lon="-0.0791090">
    <ele>15.1</ele>
    <time>2024-09-12T17:28:42Z</time>
    <extensions>
     <gpxtpx:TrackPointExtension>
      <gpxtpx:hr>115</gpxtpx:hr>
     </gpxtpx:TrackPointExtension>
    </extensions>
   </trkpt>
   <trkpt lat="51.5201640" lon="-0.0791070">
    <ele>15.1</ele>
    <time>2024-09-12T17:28:43Z</time>
    <extensions>
     <gpxtpx:TrackPointExtension>
      <gpxtpx:hr>115</gpxtpx:hr>
     </gpxtpx:TrackPointExtension>
    </extensions>
   </trkpt>
   <trkpt lat="51.5202040" lon="-0.0791010">
    <ele>15.1</ele>
    <time>2024-09-12T17:28:44Z</time>
    <extensions>
     <gpxtpx:TrackPointExtension>
      <gpxtpx:hr>115</gpxtpx:hr>
     </gpxtpx:TrackPointExtension>
    </extensions>
   </trkpt>
   <trkpt lat="51.5202200" lon="-0.0790990">
    <ele>15.1</ele>
    <time>2024-09-12T17:28:45Z</time>
    <extensions>
     <gpxtpx:TrackPointExtension>
      <gpxtpx:hr>115</gpxtpx:hr>
     </gpxtpx:TrackPointExtension>
    </extensions>
   </trkpt>
   <trkpt lat="51.5202360" lon="-0.0790970">
    <ele>15.1</ele>
    <time>2024-09-12T17:28:46Z</time>
    <extensions>
     <gpxtpx:TrackPointExtension>
      <gpxtpx:hr>115</gpxtpx:hr>
     </gpxtpx:TrackPointExtension>
    </extensions>
   </trkpt>
   <trkpt lat="51.5202710" lon="-0.0790950">
    <ele>15.1</ele>
    <time>2024-09-12T17:28:47Z</time>
    <extensions>
     <gpxtpx:TrackPointExtension>
      <gpxtpx:hr>115</gpxtpx:hr>
     </gpxtpx:TrackPointExtension>
    </extensions>
   </trkpt>
   <trkpt lat="51.5202830" lon="-0.0790950">
    <ele>15.1</ele>
    <time>2024-09-12T17:28:48Z</time>
    <extensions>
     <gpxtpx:TrackPointExtension>
      <gpxtpx:hr>115</gpxtpx:hr>
     </gpxtpx:TrackPointExtension>
    </extensions>
   </trkpt>
   <trkpt lat="51.5203250" lon="-0.0790990">
    <ele>15.1</ele>
    <time>2024-09-12T17:28:49Z</time>
    <extensions>
     <gpxtpx:TrackPointExtension>
      <gpxtpx:hr>115</gpxtpx:hr>
     </gpxtpx:TrackPointExtension>
    </extensions>
   </trkpt>
   <trkpt lat="51.5203420" lon="-0.0791020">
    <ele>15.1</ele>
    <time>2024-09-12T17:28:50Z</time>
    <extensions>
     <gpxtpx:TrackPointExtension>
      <gpxtpx:hr>115</gpxtpx:hr>
     </gpxtpx:TrackPointExtension>
    </extensions>
   </trkpt>
   <trkpt lat="51.5203580" lon="-0.0791050">
    <ele>15.1</ele>
    <time>2024-09-12T17:28:51Z</time>
    <extensions>
     <gpxtpx:TrackPointExtension>
      <gpxtpx:hr>115</gpxtpx:hr>
     </gpxtpx:TrackPointExtension>
    </extensions>
   </trkpt>
   <trkpt lat="51.5204000" lon="-0.0791180">
    <ele>15.1</ele>
    <time>2024-09-12T17:28:52Z</time>
    <extensions>
     <gpxtpx:TrackPointExtension>
      <gpxtpx:hr>115</gpxtpx:hr>
     </gpxtpx:TrackPointExtension>
    </extensions>
   </trkpt>
   <trkpt lat="51.5204170" lon="-0.0791230">
    <ele>15.2</ele>
    <time>2024-09-12T17:28:53Z</time>
    <extensions>
     <gpxtpx:TrackPointExtension>
      <gpxtpx:hr>117</gpxtpx:hr>
     </gpxtpx:TrackPointExtension>
    </extensions>
   </trkpt>
   <trkpt lat="51.5204340" lon="-0.0791280">
    <ele>15.2</ele>
    <time>2024-09-12T17:28:54Z</time>
    <extensions>
     <gpxtpx:TrackPointExtension>
      <gpxtpx:hr>117</gpxtpx:hr>
     </gpxtpx:TrackPointExtension>
    </extensions>
   </trkpt>
   <trkpt lat="51.5204750" lon="-0.0791360">
    <ele>15.2</ele>
    <time>2024-09-12T17:28:55Z</time>
    <extensions>
     <gpxtpx:TrackPointExtension>
      <gpxtpx:hr>117</gpxtpx:hr>
     </gpxtpx:TrackPointExtension>
    </extensions>
   </trkpt>
   <trkpt lat="51.5204880" lon="-0.0791380">
    <ele>15.2</ele>
    <time>2024-09-12T17:28:56Z</time>
    <extensions>
     <gpxtpx:TrackPointExtension>
      <gpxtpx:hr>117</gpxtpx:hr>
     </gpxtpx:TrackPointExtension>
    </extensions>
   </trkpt>
   <trkpt lat="51.5205340" lon="-0.0791300">
    <ele>15.1</ele>
    <time>2024-09-12T17:28:57Z</time>
    <extensions>
     <gpxtpx:TrackPointExtension>
      <gpxtpx:hr>117</gpxtpx:hr>
     </gpxtpx:TrackPointExtension>
    </extensions>
   </trkpt>
   <trkpt lat="51.5205520" lon="-0.0791240">
    <ele>15.1</ele>
    <time>2024-09-12T17:28:58Z</time>
    <extensions>
     <gpxtpx:TrackPointExtension>
      <gpxtpx:hr>117</gpxtpx:hr>
     </gpxtpx:TrackPointExtension>
    </extensions>
   </trkpt>
   <trkpt lat="51.5205700" lon="-0.0791190">
    <ele>15.1</ele>
    <time>2024-09-12T17:28:59Z</time>
    <extensions>
     <gpxtpx:TrackPointExtension>
      <gpxtpx:hr>117</gpxtpx:hr>
     </gpxtpx:TrackPointExtension>
    </extensions>
   </trkpt>
   <trkpt lat="51.5206070" lon="-0.0790970">
    <ele>15.1</ele>
    <time>2024-09-12T17:29:00Z</time>
    <extensions>
     <gpxtpx:TrackPointExtension>
      <gpxtpx:hr>117</gpxtpx:hr>
     </gpxtpx:TrackPointExtension>
    </extensions>
   </trkpt>
   <trkpt lat="51.5206190" lon="-0.0790900">
    <ele>15.1</ele>
    <time>2024-09-12T17:29:01Z</time>
    <extensions>
     <gpxtpx:TrackPointExtension>
      <gpxtpx:hr>117</gpxtpx:hr>
     </gpxtpx:TrackPointExtension>
    </extensions>
   </trkpt>
   <trkpt lat="51.5206610" lon="-0.0790660">
    <ele>15.0</ele>
    <time>2024-09-12T17:29:02Z</time>
    <extensions>
     <gpxtpx:TrackPointExtension>
      <gpxtpx:hr>117</gpxtpx:hr>
     </gpxtpx:TrackPointExtension>
    </extensions>
   </trkpt>
   <trkpt lat="51.5206770" lon="-0.0790560">
    <ele>15.0</ele>
    <time>2024-09-12T17:29:03Z</time>
    <extensions>
     <gpxtpx:TrackPointExtension>
      <gpxtpx:hr>117</gpxtpx:hr>
     </gpxtpx:TrackPointExtension>
    </extensions>
   </trkpt>
   <trkpt lat="51.5206930" lon="-0.0790470">
    <ele>15.0</ele>
    <time>2024-09-12T17:29:04Z</time>
    <extensions>
     <gpxtpx:TrackPointExtension>
      <gpxtpx:hr>117</gpxtpx:hr>
     </gpxtpx:TrackPointExtension>
    </extensions>
   </trkpt>
   <trkpt lat="51.5207310" lon="-0.0790260">
    <ele>15.0</ele>
    <time>2024-09-12T17:29:05Z</time>
    <extensions>
     <gpxtpx:TrackPointExtension>
      <gpxtpx:hr>117</gpxtpx:hr>
     </gpxtpx:TrackPointExtension>
    </extensions>
   </trkpt>
   <trkpt lat="51.5207430" lon="-0.0790190">
    <ele>15.0</ele>
    <time>2024-09-12T17:29:06Z</time>
    <extensions>
     <gpxtpx:TrackPointExtension>
      <gpxtpx:hr>120</gpxtpx:hr>
     </gpxtpx:TrackPointExtension>
    </extensions>
   </trkpt>
   <trkpt lat="51.5207850" lon="-0.0789990">
    <ele>15.0</ele>
    <time>2024-09-12T17:29:07Z</time>
    <extensions>
     <gpxtpx:TrackPointExtension>
      <gpxtpx:hr>120</gpxtpx:hr>
     </gpxtpx:TrackPointExtension>
    </extensions>
   </trkpt>
   <trkpt lat="51.5208020" lon="-0.0789910">
    <ele>15.0</ele>
    <time>2024-09-12T17:29:08Z</time>
    <extensions>
     <gpxtpx:TrackPointExtension>
      <gpxtpx:hr>120</gpxtpx:hr>
     </gpxtpx:TrackPointExtension>
    </extensions>
   </trkpt>
   <trkpt lat="51.5208190" lon="-0.0789830">
    <ele>15.0</ele>
    <time>2024-09-12T17:29:09Z</time>
    <extensions>
     <gpxtpx:TrackPointExtension>
      <gpxtpx:hr>120</gpxtpx:hr>
     </gpxtpx:TrackPointExtension>
    </extensions>
   </trkpt>
   <trkpt lat="51.5208570" lon="-0.0789660">
    <ele>15.0</ele>
    <time>2024-09-12T17:29:10Z</time>
    <extensions>
     <gpxtpx:TrackPointExtension>
      <gpxtpx:hr>119</gpxtpx:hr>
     </gpxtpx:TrackPointExtension>
    </extensions>
   </trkpt>
   <trkpt lat="51.5208700" lon="-0.0789610">
    <ele>15.0</ele>
    <time>2024-09-12T17:29:11Z</time>
    <extensions>
     <gpxtpx:TrackPointExtension>
      <gpxtpx:hr>119</gpxtpx:hr>
     </gpxtpx:TrackPointExtension>
    </extensions>
   </trkpt>
   <trkpt lat="51.5209130" lon="-0.0789440">
    <ele>15.0</ele>
    <time>2024-09-12T17:29:12Z</time>
    <extensions>
     <gpxtpx:TrackPointExtension>
      <gpxtpx:hr>119</gpxtpx:hr>
     </gpxtpx:TrackPointExtension>
    </extensions>
   </trkpt>
   <trkpt lat="51.5209300" lon="-0.0789370">
    <ele>15.0</ele>
    <time>2024-09-12T17:29:13Z</time>
    <extensions>
     <gpxtpx:TrackPointExtension>
      <gpxtpx:hr>119</gpxtpx:hr>
     </gpxtpx:TrackPointExtension>
    </extensions>
   </trkpt>
   <trkpt lat="51.5209470" lon="-0.0789310">
    <ele>15.0</ele>
    <time>2024-09-12T17:29:14Z</time>
    <extensions>
     <gpxtpx:TrackPointExtension>
      <gpxtpx:hr>119</gpxtpx:hr>
     </gpxtpx:TrackPointExtension>
    </extensions>
   </trkpt>
   <trkpt lat="51.5209910" lon="-0.0789150">
    <ele>15.0</ele>
    <time>2024-09-12T17:29:15Z</time>
    <extensions>
     <gpxtpx:TrackPointExtension>
      <gpxtpx:hr>119</gpxtpx:hr>
     </gpxtpx:TrackPointExtension>
    </extensions>
   </trkpt>
   <trkpt lat="51.5210080" lon="-0.0789080">
    <ele>15.0</ele>
    <time>2024-09-12T17:29:16Z</time>
    <extensions>
     <gpxtpx:TrackPointExtension>
      <gpxtpx:hr>119</gpxtpx:hr>
     </gpxtpx:TrackPointExtension>
    </extensions>
   </trkpt>
   <trkpt lat="51.5210250" lon="-0.0789020">
    <ele>15.0</ele>
    <time>2024-09-12T17:29:17Z</time>
    <extensions>
     <gpxtpx:TrackPointExtension>
      <gpxtpx:hr>119</gpxtpx:hr>
     </gpxtpx:TrackPointExtension>
    </extensions>
   </trkpt>
   <trkpt lat="51.5210640" lon="-0.0788870">
    <ele>15.0</ele>
    <time>2024-09-12T17:29:18Z</time>
    <extensions>
     <gpxtpx:TrackPointExtension>
      <gpxtpx:hr>120</gpxtpx:hr>
     </gpxtpx:TrackPointExtension>
    </extensions>
   </trkpt>
   <trkpt lat="51.5210760" lon="-0.0788830">
    <ele>15.0</ele>
    <time>2024-09-12T17:29:19Z</time>
    <extensions>
     <gpxtpx:TrackPointExtension>
      <gpxtpx:hr>120</gpxtpx:hr>
     </gpxtpx:TrackPointExtension>
    </extensions>
   </trkpt>
   <trkpt lat="51.5211190" lon="-0.0788660">
    <ele>15.0</ele>
    <time>2024-09-12T17:29:20Z</time>
    <extensions>
     <gpxtpx:TrackPointExtension>
      <gpxtpx:hr>119</gpxtpx:hr>
     </gpxtpx:TrackPointExtension>
    </extensions>
   </trkpt>
   <trkpt lat="51.5211370" lon="-0.0788600">
    <ele>15.0</ele>
    <time>2024-09-12T17:29:21Z</time>
    <extensions>
     <gpxtpx:TrackPointExtension>
      <gpxtpx:hr>119</gpxtpx:hr>
     </gpxtpx:TrackPointExtension>
    </extensions>
   </trkpt>
   <trkpt lat="51.5211540" lon="-0.0788530">
    <ele>15.0</ele>
    <time>2024-09-12T17:29:22Z</time>
    <extensions>
     <gpxtpx:TrackPointExtension>
      <gpxtpx:hr>119</gpxtpx:hr>
     </gpxtpx:TrackPointExtension>
    </extensions>
   </trkpt>
   <trkpt lat="51.5211930" lon="-0.0788380">
    <ele>15.0</ele>
    <time>2024-09-12T17:29:23Z</time>
    <extensions>
     <gpxtpx:TrackPointExtension>
      <gpxtpx:hr>119</gpxtpx:hr>
     </gpxtpx:TrackPointExtension>
    </extensions>
   </trkpt>
   <trkpt lat="51.5212060" lon="-0.0788320">
    <ele>15.0</ele>
    <time>2024-09-12T17:29:24Z</time>
    <extensions>
     <gpxtpx:TrackPointExtension>
      <gpxtpx:hr>118</gpxtpx:hr>
     </gpxtpx:TrackPointExtension>
    </extensions>
   </trkpt>
   <trkpt lat="51.5212480" lon="-0.0788140">
    <ele>15.0</ele>
    <time>2024-09-12T17:29:25Z</time>
    <extensions>
     <gpxtpx:TrackPointExtension>
      <gpxtpx:hr>118</gpxtpx:hr>
     </gpxtpx:TrackPointExtension>
    </extensions>
   </trkpt>
   <trkpt lat="51.5212650" lon="-0.0788060">
    <ele>15.0</ele>
    <time>2024-09-12T17:29:26Z</time>
    <extensions>
     <gpxtpx:TrackPointExtension>
      <gpxtpx:hr>118</gpxtpx:hr>
     </gpxtpx:TrackPointExtension>
    </extensions>
   </trkpt>
   <trkpt lat="51.5212820" lon="-0.0787990">
    <ele>15.0</ele>
    <time>2024-09-12T17:29:27Z</time>
    <extensions>
     <gpxtpx:TrackPointExtension>
      <gpxtpx:hr>118</gpxtpx:hr>
     </gpxtpx:TrackPointExtension>
    </extensions>
   </trkpt>
   <trkpt lat="51.5213200" lon="-0.0787810">
    <ele>15.0</ele>
    <time>2024-09-12T17:29:28Z</time>
    <extensions>
     <gpxtpx:TrackPointExtension>
      <gpxtpx:hr>118</gpxtpx:hr>
     </gpxtpx:TrackPointExtension>
    </extensions>
   </trkpt>
   <trkpt lat="51.5213330" lon="-0.0787760">
    <ele>15.0</ele>
    <time>2024-09-12T17:29:29Z</time>
    <extensions>
     <gpxtpx:TrackPointExtension>
      <gpxtpx:hr>116</gpxtpx:hr>
     </gpxtpx:TrackPointExtension>
    </extensions>
   </trkpt>
   <trkpt lat="51.5213750" lon="-0.0787580">
    <ele>15.0</ele>
    <time>2024-09-12T17:29:30Z</time>
    <extensions>
     <gpxtpx:TrackPointExtension>
      <gpxtpx:hr>116</gpxtpx:hr>
     </gpxtpx:TrackPointExtension>
    </extensions>
   </trkpt>
   <trkpt lat="51.5213920" lon="-0.0787510">
    <ele>14.9</ele>
    <time>2024-09-12T17:29:31Z</time>
    <extensions>
     <gpxtpx:TrackPointExtension>
      <gpxtpx:hr>116</gpxtpx:hr>
     </gpxtpx:TrackPointExtension>
    </extensions>
   </trkpt>
   <trkpt lat="51.5214090" lon="-0.0787440">
    <ele>14.9</ele>
    <time>2024-09-12T17:29:32Z</time>
    <extensions>
     <gpxtpx:TrackPointExtension>
      <gpxtpx:hr>116</gpxtpx:hr>
     </gpxtpx:TrackPointExtension>
    </extensions>
   </trkpt>
   <trkpt lat="51.5214470" lon="-0.0787290">
    <ele>15.0</ele>
    <time>2024-09-12T17:29:33Z</time>
    <extensions>
     <gpxtpx:TrackPointExtension>
      <gpxtpx:hr>116</gpxtpx:hr>
     </gpxtpx:TrackPointExtension>
    </extensions>
   </trkpt>
   <trkpt lat="51.5214600" lon="-0.0787240">
    <ele>15.0</ele>
    <time>2024-09-12T17:29:34Z</time>
    <extensions>
     <gpxtpx:TrackPointExtension>
      <gpxtpx:hr>116</gpxtpx:hr>
     </gpxtpx:TrackPointExtension>
    </extensions>
   </trkpt>
   <trkpt lat="51.5215020" lon="-0.0787070">
    <ele>15.0</ele>
    <time>2024-09-12T17:29:35Z</time>
    <extensions>
     <gpxtpx:TrackPointExtension>
      <gpxtpx:hr>116</gpxtpx:hr>
     </gpxtpx:TrackPointExtension>
    </extensions>
   </trkpt>
   <trkpt lat="51.5215180" lon="-0.0786990">
    <ele>15.0</ele>
    <time>2024-09-12T17:29:36Z</time>
    <extensions>
     <gpxtpx:TrackPointExtension>
      <gpxtpx:hr>116</gpxtpx:hr>
     </gpxtpx:TrackPointExtension>
    </extensions>
   </trkpt>
   <trkpt lat="51.5215350" lon="-0.0786920">
    <ele>15.0</ele>
    <time>2024-09-12T17:29:37Z</time>
    <extensions>
     <gpxtpx:TrackPointExtension>
      <gpxtpx:hr>116</gpxtpx:hr>
     </gpxtpx:TrackPointExtension>
    </extensions>
   </trkpt>
   <trkpt lat="51.5215740" lon="-0.0786620">
    <ele>15.0</ele>
    <time>2024-09-12T17:29:38Z</time>
    <extensions>
     <gpxtpx:TrackPointExtension>
      <gpxtpx:hr>116</gpxtpx:hr>
     </gpxtpx:TrackPointExtension>
    </extensions>
   </trkpt>
   <trkpt lat="51.5215890" lon="-0.0786480">
    <ele>15.0</ele>
    <time>2024-09-12T17:29:39Z</time>
    <extensions>
     <gpxtpx:TrackPointExtension>
      <gpxtpx:hr>115</gpxtpx:hr>
     </gpxtpx:TrackPointExtension>
    </extensions>
   </trkpt>
   <trkpt lat="51.5216050" lon="-0.0786340">
    <ele>15.0</ele>
    <time>2024-09-12T17:29:40Z</time>
    <extensions>
     <gpxtpx:TrackPointExtension>
      <gpxtpx:hr>115</gpxtpx:hr>
     </gpxtpx:TrackPointExtension>
    </extensions>
   </trkpt>
   <trkpt lat="51.5216380" lon="-0.0785980">
    <ele>14.9</ele>
    <time>2024-09-12T17:29:41Z</time>
    <extensions>
     <gpxtpx:TrackPointExtension>
      <gpxtpx:hr>115</gpxtpx:hr>
     </gpxtpx:TrackPointExtension>
    </extensions>
   </trkpt>
   <trkpt lat="51.5216490" lon="-0.0785860">
    <ele>14.9</ele>
    <time>2024-09-12T17:29:42Z</time>
    <extensions>
     <gpxtpx:TrackPointExtension>
      <gpxtpx:hr>115</gpxtpx:hr>
     </gpxtpx:TrackPointExtension>
    </extensions>
   </trkpt>
   <trkpt lat="51.5216840" lon="-0.0785500">
    <ele>14.9</ele>
    <time>2024-09-12T17:29:43Z</time>
    <extensions>
     <gpxtpx:TrackPointExtension>
      <gpxtpx:hr>115</gpxtpx:hr>
     </gpxtpx:TrackPointExtension>
    </extensions>
   </trkpt>
   <trkpt lat="51.5216970" lon="-0.0785360">
    <ele>14.9</ele>
    <time>2024-09-12T17:29:44Z</time>
    <extensions>
     <gpxtpx:TrackPointExtension>
      <gpxtpx:hr>115</gpxtpx:hr>
     </gpxtpx:TrackPointExtension>
    </extensions>
   </trkpt>
   <trkpt lat="51.5217110" lon="-0.0785230">
    <ele>14.9</ele>
    <time>2024-09-12T17:29:45Z</time>
    <extensions>
     <gpxtpx:TrackPointExtension>
      <gpxtpx:hr>115</gpxtpx:hr>
     </gpxtpx:TrackPointExtension>
    </extensions>
   </trkpt>
   <trkpt lat="51.5217420" lon="-0.0784940">
    <ele>14.9</ele>
    <time>2024-09-12T17:29:46Z</time>
    <extensions>
     <gpxtpx:TrackPointExtension>
      <gpxtpx:hr>115</gpxtpx:hr>
     </gpxtpx:TrackPointExtension>
    </extensions>
   </trkpt>
   <trkpt lat="51.5217520" lon="-0.0784840">
    <ele>14.9</ele>
    <time>2024-09-12T17:29:47Z</time>
    <extensions>
     <gpxtpx:TrackPointExtension>
      <gpxtpx:hr>115</gpxtpx:hr>
     </gpxtpx:TrackPointExtension>
    </extensions>
   </trkpt>
   <trkpt lat="51.5217900" lon="-0.0784530">
    <ele>14.9</ele>
    <time>2024-09-12T17:29:48Z</time>
    <extensions>
     <gpxtpx:TrackPointExtension>
      <gpxtpx:hr>115</gpxtpx:hr>
     </gpxtpx:TrackPointExtension>
    </extensions>
   </trkpt>
   <trkpt lat="51.5218050" lon="-0.0784410">
    <ele>14.9</ele>
    <time>2024-09-12T17:29:49Z</time>
    <extensions>
     <gpxtpx:TrackPointExtension>
      <gpxtpx:hr>115</gpxtpx:hr>
     </gpxtpx:TrackPointExtension>
    </extensions>
   </trkpt>
   <trkpt lat="51.5218200" lon="-0.0784290">
    <ele>14.9</ele>
    <time>2024-09-12T17:29:50Z</time>
    <extensions>
     <gpxtpx:TrackPointExtension>
      <gpxtpx:hr>115</gpxtpx:hr>
     </gpxtpx:TrackPointExtension>
    </extensions>
   </trkpt>
   <trkpt lat="51.5218550" lon="-0.0784050">
    <ele>14.9</ele>
    <time>2024-09-12T17:29:51Z</time>
    <extensions>
     <gpxtpx:TrackPointExtension>
      <gpxtpx:hr>115</gpxtpx:hr>
     </gpxtpx:TrackPointExtension>
    </extensions>
   </trkpt>
   <trkpt lat="51.5218660" lon="-0.0783970">
    <ele>14.9</ele>
    <time>2024-09-12T17:29:52Z</time>
    <extensions>
     <gpxtpx:TrackPointExtension>
      <gpxtpx:hr>115</gpxtpx:hr>
     </gpxtpx:TrackPointExtension>
    </extensions>
   </trkpt>
   <trkpt lat="51.5219030" lon="-0.0783730">
    <ele>14.9</ele>
    <time>2024-09-12T17:29:53Z</time>
    <extensions>
     <gpxtpx:TrackPointExtension>
      <gpxtpx:hr>117</gpxtpx:hr>
     </gpxtpx:TrackPointExtension>
    </extensions>
   </trkpt>
   <trkpt lat="51.5219180" lon="-0.0783640">
    <ele>14.9</ele>
    <time>2024-09-12T17:29:54Z</time>
    <extensions>
     <gpxtpx:TrackPointExtension>
      <gpxtpx:hr>117</gpxtpx:hr>
     </gpxtpx:TrackPointExtension>
    </extensions>
   </trkpt>
   <trkpt lat="51.5219330" lon="-0.0783540">
    <ele>14.9</ele>
    <time>2024-09-12T17:29:55Z</time>
    <extensions>
     <gpxtpx:TrackPointExtension>
      <gpxtpx:hr>117</gpxtpx:hr>
     </gpxtpx:TrackPointExtension>
    </extensions>
   </trkpt>
   <trkpt lat="51.5219660" lon="-0.0783350">
    <ele>14.9</ele>
    <time>2024-09-12T17:29:56Z</time>
    <extensions>
     <gpxtpx:TrackPointExtension>
      <gpxtpx:hr>117</gpxtpx:hr>
     </gpxtpx:TrackPointExtension>
    </extensions>
   </trkpt>
   <trkpt lat="51.5219770" lon="-0.0783290">
    <ele>14.9</ele>
    <time>2024-09-12T17:29:57Z</time>
    <extensions>
     <gpxtpx:TrackPointExtension>
      <gpxtpx:hr>117</gpxtpx:hr>
     </gpxtpx:TrackPointExtension>
    </extensions>
   </trkpt>
   <trkpt lat="51.5220150" lon="-0.0783090">
    <ele>14.9</ele>
    <time>2024-09-12T17:29:58Z</time>
    <extensions>
     <gpxtpx:TrackPointExtension>
      <gpxtpx:hr>117</gpxtpx:hr>
     </gpxtpx:TrackPointExtension>
    </extensions>
   </trkpt>
   <trkpt lat="51.5220310" lon="-0.0783000">
    <ele>14.9</ele>
    <time>2024-09-12T17:29:59Z</time>
    <extensions>
     <gpxtpx:TrackPointExtension>
      <gpxtpx:hr>117</gpxtpx:hr>
     </gpxtpx:TrackPointExtension>
    </extensions>
   </trkpt>
   <trkpt lat="51.5220460" lon="-0.0782920">
    <ele>14.9</ele>
    <time>2024-09-12T17:30:00Z</time>
    <extensions>
     <gpxtpx:TrackPointExtension>
      <gpxtpx:hr>117</gpxtpx:hr>
     </gpxtpx:TrackPointExtension>
    </extensions>
   </trkpt>
   <trkpt lat="51.5220820" lon="-0.0782740">
    <ele>14.9</ele>
    <time>2024-09-12T17:30:01Z</time>
    <extensions>
     <gpxtpx:TrackPointExtension>
      <gpxtpx:hr>117</gpxtpx:hr>
     </gpxtpx:TrackPointExtension>
    </extensions>
   </trkpt>
   <trkpt lat="51.5220940" lon="-0.0782680">
    <ele>14.9</ele>
    <time>2024-09-12T17:30:02Z</time>
    <extensions>
     <gpxtpx:TrackPointExtension>
      <gpxtpx:hr>117</gpxtpx:hr>
     </gpxtpx:TrackPointExtension>
    </extensions>
   </trkpt>
   <trkpt lat="51.5221350" lon="-0.0782480">
    <ele>15.0</ele>
    <time>2024-09-12T17:30:03Z</time>
    <extensions>
     <gpxtpx:TrackPointExtension>
      <gpxtpx:hr>117</gpxtpx:hr>
     </gpxtpx:TrackPointExtension>
    </extensions>
   </trkpt>
   <trkpt lat="51.5221520" lon="-0.0782390">
    <ele>15.0</ele>
    <time>2024-09-12T17:30:04Z</time>
    <extensions>
     <gpxtpx:TrackPointExtension>
      <gpxtpx:hr>117</gpxtpx:hr>
     </gpxtpx:TrackPointExtension>
    </extensions>
   </trkpt>
   <trkpt lat="51.5221680" lon="-0.0782310">
    <ele>15.0</ele>
    <time>2024-09-12T17:30:05Z</time>
    <extensions>
     <gpxtpx:TrackPointExtension>
      <gpxtpx:hr>118</gpxtpx:hr>
     </gpxtpx:TrackPointExtension>
    </extensions>
   </trkpt>
   <trkpt lat="51.5222090" lon="-0.0782110">
    <ele>15.0</ele>
    <time>2024-09-12T17:30:06Z</time>
    <extensions>
     <gpxtpx:TrackPointExtension>
      <gpxtpx:hr>118</gpxtpx:hr>
     </gpxtpx:TrackPointExtension>
    </extensions>
   </trkpt>
   <trkpt lat="51.5222260" lon="-0.0782030">
    <ele>15.0</ele>
    <time>2024-09-12T17:30:07Z</time>
    <extensions>
     <gpxtpx:TrackPointExtension>
      <gpxtpx:hr>118</gpxtpx:hr>
     </gpxtpx:TrackPointExtension>
    </extensions>
   </trkpt>
   <trkpt lat="51.5222420" lon="-0.0781950">
    <ele>15.0</ele>
    <time>2024-09-12T17:30:08Z</time>
    <extensions>
     <gpxtpx:TrackPointExtension>
      <gpxtpx:hr>118</gpxtpx:hr>
     </gpxtpx:TrackPointExtension>
    </extensions>
   </trkpt>
   <trkpt lat="51.5222790" lon="-0.0781780">
    <ele>15.0</ele>
    <time>2024-09-12T17:30:09Z</time>
    <extensions>
     <gpxtpx:TrackPointExtension>
      <gpxtpx:hr>117</gpxtpx:hr>
     </gpxtpx:TrackPointExtension>
    </extensions>
   </trkpt>
   <trkpt lat="51.5222920" lon="-0.0781720">
    <ele>15.0</ele>
    <time>2024-09-12T17:30:10Z</time>
    <extensions>
     <gpxtpx:TrackPointExtension>
      <gpxtpx:hr>117</gpxtpx:hr>
     </gpxtpx:TrackPointExtension>
    </extensions>
   </trkpt>
   <trkpt lat="51.5223410" lon="-0.0781490">
    <ele>15.0</ele>
    <time>2024-09-12T17:30:11Z</time>
    <extensions>
     <gpxtpx:TrackPointExtension>
      <gpxtpx:hr>117</gpxtpx:hr>
     </gpxtpx:TrackPointExtension>
    </extensions>
   </trkpt>
   <trkpt lat="51.5223650" lon="-0.0781370">
    <ele>15.1</ele>
    <time>2024-09-12T17:30:12Z</time>
    <extensions>
     <gpxtpx:TrackPointExtension>
      <gpxtpx:hr>117</gpxtpx:hr>
     </gpxtpx:TrackPointExtension>
    </extensions>
   </trkpt>
   <trkpt lat="51.5223900" lon="-0.0781250">
    <ele>15.1</ele>
    <time>2024-09-12T17:30:13Z</time>
    <extensions>
     <gpxtpx:TrackPointExtension>
      <gpxtpx:hr>117</gpxtpx:hr>
     </gpxtpx:TrackPointExtension>
    </extensions>
   </trkpt>
   <trkpt lat="51.5224260" lon="-0.0781080">
    <ele>15.1</ele>
    <time>2024-09-12T17:30:14Z</time>
    <extensions>
     <gpxtpx:TrackPointExtension>
      <gpxtpx:hr>117</gpxtpx:hr>
     </gpxtpx:TrackPointExtension>
    </extensions>
   </trkpt>
   <trkpt lat="51.5224380" lon="-0.0781020">
    <ele>15.1</ele>
    <time>2024-09-12T17:30:15Z</time>
    <extensions>
     <gpxtpx:TrackPointExtension>
      <gpxtpx:hr>117</gpxtpx:hr>
     </gpxtpx:TrackPointExtension>
    </extensions>
   </trkpt>
   <trkpt lat="51.5224700" lon="-0.0780870">
    <ele>15.1</ele>
    <time>2024-09-12T17:30:16Z</time>
    <extensions>
     <gpxtpx:TrackPointExtension>
      <gpxtpx:hr>117</gpxtpx:hr>
     </gpxtpx:TrackPointExtension>
    </extensions>
   </trkpt>
   <trkpt lat="51.5224780" lon="-0.0780840">
    <ele>15.1</ele>
    <time>2024-09-12T17:30:17Z</time>
    <extensions>
     <gpxtpx:TrackPointExtension>
      <gpxtpx:hr>117</gpxtpx:hr>
     </gpxtpx:TrackPointExtension>
    </extensions>
   </trkpt>
   <trkpt lat="51.5224860" lon="-0.0780800">
    <ele>15.1</ele>
    <time>2024-09-12T17:30:18Z</time>
    <extensions>
     <gpxtpx:TrackPointExtension>
      <gpxtpx:hr>116</gpxtpx:hr>
     </gpxtpx:TrackPointExtension>
    </extensions>
   </trkpt>
   <trkpt lat="51.5225460" lon="-0.0780520">
    <ele>15.2</ele>
    <time>2024-09-12T17:30:19Z</time>
    <extensions>
     <gpxtpx:TrackPointExtension>
      <gpxtpx:hr>116</gpxtpx:hr>
     </gpxtpx:TrackPointExtension>
    </extensions>
   </trkpt>
   <trkpt lat="51.5225580" lon="-0.0780460">
    <ele>15.2</ele>
    <time>2024-09-12T17:30:20Z</time>
    <extensions>
     <gpxtpx:TrackPointExtension>
      <gpxtpx:hr>116</gpxtpx:hr>
     </gpxtpx:TrackPointExtension>
    </extensions>
   </trkpt>
   <trkpt lat="51.5225980" lon="-0.0780280">
    <ele>15.2</ele>
    <time>2024-09-12T17:30:21Z</time>
    <extensions>
     <gpxtpx:TrackPointExtension>
      <gpxtpx:hr>116</gpxtpx:hr>
     </gpxtpx:TrackPointExtension>
    </extensions>
   </trkpt>
   <trkpt lat="51.5226140" lon="-0.0780210">
    <ele>15.2</ele>
    <time>2024-09-12T17:30:22Z</time>
    <extensions>
     <gpxtpx:TrackPointExtension>
      <gpxtpx:hr>116</gpxtpx:hr>
     </gpxtpx:TrackPointExtension>
    </extensions>
   </trkpt>
   <trkpt lat="51.5226300" lon="-0.0780140">
    <ele>15.2</ele>
    <time>2024-09-12T17:30:23Z</time>
    <extensions>
     <gpxtpx:TrackPointExtension>
      <gpxtpx:hr>116</gpxtpx:hr>
     </gpxtpx:TrackPointExtension>
    </extensions>
   </trkpt>
   <trkpt lat="51.5226650" lon="-0.0779990">
    <ele>15.3</ele>
    <time>2024-09-12T17:30:24Z</time>
    <extensions>
     <gpxtpx:TrackPointExtension>
      <gpxtpx:hr>116</gpxtpx:hr>
     </gpxtpx:TrackPointExtension>
    </extensions>
   </trkpt>
   <trkpt lat="51.5226760" lon="-0.0779950">
    <ele>15.3</ele>
    <time>2024-09-12T17:30:25Z</time>
    <extensions>
     <gpxtpx:TrackPointExtension>
      <gpxtpx:hr>117</gpxtpx:hr>
     </gpxtpx:TrackPointExtension>
    </extensions>
   </trkpt>
   <trkpt lat="51.5227130" lon="-0.0779810">
    <ele>15.4</ele>
    <time>2024-09-12T17:30:26Z</time>
    <extensions>
     <gpxtpx:TrackPointExtension>
      <gpxtpx:hr>117</gpxtpx:hr>
     </gpxtpx:TrackPointExtension>
    </extensions>
   </trkpt>
   <trkpt lat="51.5227280" lon="-0.0779760">
    <ele>15.4</ele>
    <time>2024-09-12T17:30:27Z</time>
    <extensions>
     <gpxtpx:TrackPointExtension>
      <gpxtpx:hr>117</gpxtpx:hr>
     </gpxtpx:TrackPointExtension>
    </extensions>
   </trkpt>
   <trkpt lat="51.5227440" lon="-0.0779710">
    <ele>15.4</ele>
    <time>2024-09-12T17:30:28Z</time>
    <extensions>
     <gpxtpx:TrackPointExtension>
      <gpxtpx:hr>117</gpxtpx:hr>
     </gpxtpx:TrackPointExtension>
    </extensions>
   </trkpt>
   <trkpt lat="51.5227790" lon="-0.0779690">
    <ele>15.4</ele>
    <time>2024-09-12T17:30:29Z</time>
    <extensions>
     <gpxtpx:TrackPointExtension>
      <gpxtpx:hr>117</gpxtpx:hr>
     </gpxtpx:TrackPointExtension>
    </extensions>
   </trkpt>
   <trkpt lat="51.5227920" lon="-0.0779720">
    <ele>15.4</ele>
    <time>2024-09-12T17:30:30Z</time>
    <extensions>
     <gpxtpx:TrackPointExtension>
      <gpxtpx:hr>117</gpxtpx:hr>
     </gpxtpx:TrackPointExtension>
    </extensions>
   </trkpt>
   <trkpt lat="51.5228050" lon="-0.0779740">
    <ele>15.4</ele>
    <time>2024-09-12T17:30:31Z</time>
    <extensions>
     <gpxtpx:TrackPointExtension>
      <gpxtpx:hr>117</gpxtpx:hr>
     </gpxtpx:TrackPointExtension>
    </extensions>
   </trkpt>
   <trkpt lat="51.5228330" lon="-0.0779950">
    <ele>15.4</ele>
    <time>2024-09-12T17:30:32Z</time>
    <extensions>
     <gpxtpx:TrackPointExtension>
      <gpxtpx:hr>117</gpxtpx:hr>
     </gpxtpx:TrackPointExtension>
    </extensions>
   </trkpt>
   <trkpt lat="51.5228420" lon="-0.0780040">
    <ele>15.4</ele>
    <time>2024-09-12T17:30:33Z</time>
    <extensions>
     <gpxtpx:TrackPointExtension>
      <gpxtpx:hr>117</gpxtpx:hr>
     </gpxtpx:TrackPointExtension>
    </extensions>
   </trkpt>
   <trkpt lat="51.5228630" lon="-0.0780300">
    <ele>15.4</ele>
    <time>2024-09-12T17:30:34Z</time>
    <extensions>
     <gpxtpx:TrackPointExtension>
      <gpxtpx:hr>117</gpxtpx:hr>
     </gpxtpx:TrackPointExtension>
    </extensions>
   </trkpt>
   <trkpt lat="51.5228680" lon="-0.0780370">
    <ele>15.4</ele>
    <time>2024-09-12T17:30:35Z</time>
    <extensions>
     <gpxtpx:TrackPointExtension>
      <gpxtpx:hr>117</gpxtpx:hr>
     </gpxtpx:TrackPointExtension>
    </extensions>
   </trkpt>
   <trkpt lat="51.5228730" lon="-0.0780440">
    <ele>15.4</ele>
    <time>2024-09-12T17:30:36Z</time>
    <extensions>
     <gpxtpx:TrackPointExtension>
      <gpxtpx:hr>117</gpxtpx:hr>
     </gpxtpx:TrackPointExtension>
    </extensions>
   </trkpt>
   <trkpt lat="51.5228870" lon="-0.0780640">
    <ele>15.4</ele>
    <time>2024-09-12T17:30:37Z</time>
    <extensions>
     <gpxtpx:TrackPointExtension>
      <gpxtpx:hr>117</gpxtpx:hr>
     </gpxtpx:TrackPointExtension>
    </extensions>
   </trkpt>
   <trkpt lat="51.5229010" lon="-0.0780830">
    <ele>15.5</ele>
    <time>2024-09-12T17:30:38Z</time>
    <extensions>
     <gpxtpx:TrackPointExtension>
      <gpxtpx:hr>116</gpxtpx:hr>
     </gpxtpx:TrackPointExtension>
    </extensions>
   </trkpt>
   <trkpt lat="51.5229140" lon="-0.0780990">
    <ele>15.5</ele>
    <time>2024-09-12T17:30:39Z</time>
    <extensions>
     <gpxtpx:TrackPointExtension>
      <gpxtpx:hr>116</gpxtpx:hr>
     </gpxtpx:TrackPointExtension>
    </extensions>
   </trkpt>
   <trkpt lat="51.5229270" lon="-0.0781110">
    <ele>15.5</ele>
    <time>2024-09-12T17:30:40Z</time>
    <extensions>
     <gpxtpx:TrackPointExtension>
      <gpxtpx:hr>116</gpxtpx:hr>
     </gpxtpx:TrackPointExtension>
    </extensions>
   </trkpt>
   <trkpt lat="51.5229400" lon="-0.0781160">
    <ele>15.5</ele>
    <time>2024-09-12T17:30:41Z</time>
    <extensions>
     <gpxtpx:TrackPointExtension>
      <gpxtpx:hr>116</gpxtpx:hr>
     </gpxtpx:TrackPointExtension>
    </extensions>
   </trkpt>
   <trkpt lat="51.5229540" lon="-0.0781130">
    <ele>15.5</ele>
    <time>2024-09-12T17:30:42Z</time>
    <extensions>
     <gpxtpx:TrackPointExtension>
      <gpxtpx:hr>116</gpxtpx:hr>
     </gpxtpx:TrackPointExtension>
    </extensions>
   </trkpt>
   <trkpt lat="51.5229670" lon="-0.0781060">
    <ele>15.5</ele>
    <time>2024-09-12T17:30:43Z</time>
    <extensions>
     <gpxtpx:TrackPointExtension>
      <gpxtpx:hr>115</gpxtpx:hr>
     </gpxtpx:TrackPointExtension>
    </extensions>
   </trkpt>
   <trkpt lat="51.5229830" lon="-0.0780780">
    <ele>15.5</ele>
    <time>2024-09-12T17:30:44Z</time>
    <extensions>
     <gpxtpx:TrackPointExtension>
      <gpxtpx:hr>115</gpxtpx:hr>
     </gpxtpx:TrackPointExtension>
    </extensions>
   </trkpt>
   <trkpt lat="51.5229860" lon="-0.0780600">
    <ele>15.5</ele>
    <time>2024-09-12T17:30:45Z</time>
    <extensions>
     <gpxtpx:TrackPointExtension>
      <gpxtpx:hr>115</gpxtpx:hr>
     </gpxtpx:TrackPointExtension>
    </extensions>
   </trkpt>
   <trkpt lat="51.5229900" lon="-0.0780420">
    <ele>15.5</ele>
    <time>2024-09-12T17:30:46Z</time>
    <extensions>
     <gpxtpx:TrackPointExtension>
      <gpxtpx:hr>115</gpxtpx:hr>
     </gpxtpx:TrackPointExtension>
    </extensions>
   </trkpt>
   <trkpt lat="51.5229930" lon="-0.0780240">
    <ele>15.5</ele>
    <time>2024-09-12T17:30:47Z</time>
    <extensions>
     <gpxtpx:TrackPointExtension>
      <gpxtpx:hr>115</gpxtpx:hr>
     </gpxtpx:TrackPointExtension>
    </extensions>
   </trkpt>
   <trkpt lat="51.5229970" lon="-0.0780060">
    <ele>15.5</ele>
    <time>2024-09-12T17:31:17Z</time>
    <extensions>
     <gpxtpx:TrackPointExtension>
      <gpxtpx:hr>115</gpxtpx:hr>
     </gpxtpx:TrackPointExtension>
    </extensions>
   </trkpt>
   <trkpt lat="51.5230010" lon="-0.0779880">
    <ele>15.5</ele>
    <time>2024-09-12T17:31:18Z</time>
    <extensions>
     <gpxtpx:TrackPointExtension>
      <gpxtpx:hr>115</gpxtpx:hr>
     </gpxtpx:TrackPointExtension>
    </extensions>
   </trkpt>
   <trkpt lat="51.5230040" lon="-0.0779700">
    <ele>15.5</ele>
    <time>2024-09-12T17:31:19Z</time>
    <extensions>
     <gpxtpx:TrackPointExtension>
      <gpxtpx:hr>115</gpxtpx:hr>
     </gpxtpx:TrackPointExtension>
    </extensions>
   </trkpt>
   <trkpt lat="51.5230080" lon="-0.0779520">
    <ele>15.5</ele>
    <time>2024-09-12T17:31:20Z</time>
    <extensions>
     <gpxtpx:TrackPointExtension>
      <gpxtpx:hr>115</gpxtpx:hr>
     </gpxtpx:TrackPointExtension>
    </extensions>
   </trkpt>
   <trkpt lat="51.5230120" lon="-0.0779340">
    <ele>15.5</ele>
    <time>2024-09-12T17:31:21Z</time>
    <extensions>
     <gpxtpx:TrackPointExtension>
      <gpxtpx:hr>115</gpxtpx:hr>
     </gpxtpx:TrackPointExtension>
    </extensions>
   </trkpt>
   <trkpt lat="51.5230150" lon="-0.0779160">
    <ele>15.5</ele>
    <time>2024-09-12T17:31:22Z</time>
    <extensions>
     <gpxtpx:TrackPointExtension>
      <gpxtpx:hr>115</gpxtpx:hr>
     </gpxtpx:TrackPointExtension>
    </extensions>
   </trkpt>
   <trkpt lat="51.5230190" lon="-0.0778980">
    <ele>15.5</ele>
    <time>2024-09-12T17:31:23Z</time>
    <extensions>
     <gpxtpx:TrackPointExtension>
      <gpxtpx:hr>115</gpxtpx:hr>
     </gpxtpx:TrackPointExtension>
    </extensions>
   </trkpt>
   <trkpt lat="51.5230220" lon="-0.0778800">
    <ele>15.5</ele>
    <time>2024-09-12T17:31:24Z</time>
    <extensions>
     <gpxtpx:TrackPointExtension>
      <gpxtpx:hr>85</gpxtpx:hr>
     </gpxtpx:TrackPointExtension>
    </extensions>
   </trkpt>
   <trkpt lat="51.5230310" lon="-0.0778350">
    <ele>15.5</ele>
    <time>2024-09-12T17:31:25Z</time>
    <extensions>
     <gpxtpx:TrackPointExtension>
      <gpxtpx:hr>85</gpxtpx:hr>
     </gpxtpx:TrackPointExtension>
    </extensions>
   </trkpt>
   <trkpt lat="51.5230380" lon="-0.0778170">
    <ele>15.5</ele>
    <time>2024-09-12T17:31:26Z</time>
    <extensions>
     <gpxtpx:TrackPointExtension>
      <gpxtpx:hr>85</gpxtpx:hr>
     </gpxtpx:TrackPointExtension>
    </extensions>
   </trkpt>
   <trkpt lat="51.5230450" lon="-0.0778000">
    <ele>15.5</ele>
    <time>2024-09-12T17:31:27Z</time>
    <extensions>
     <gpxtpx:TrackPointExtension>
      <gpxtpx:hr>85</gpxtpx:hr>
     </gpxtpx:TrackPointExtension>
    </extensions>
   </trkpt>
   <trkpt lat="51.5230750" lon="-0.0777710">
    <ele>15.6</ele>
    <time>2024-09-12T17:31:28Z</time>
    <extensions>
     <gpxtpx:TrackPointExtension>
      <gpxtpx:hr>85</gpxtpx:hr>
     </gpxtpx:TrackPointExtension>
    </extensions>
   </trkpt>
   <trkpt lat="51.5230860" lon="-0.0777620">
    <ele>15.6</ele>
    <time>2024-09-12T17:31:29Z</time>
    <extensions>
     <gpxtpx:TrackPointExtension>
      <gpxtpx:hr>87</gpxtpx:hr>
     </gpxtpx:TrackPointExtension>
    </extensions>
   </trkpt>
   <trkpt lat="51.5231280" lon="-0.0777350">
    <ele>15.6</ele>
    <time>2024-09-12T17:31:30Z</time>
    <extensions>
     <gpxtpx:TrackPointExtension>
      <gpxtpx:hr>87</gpxtpx:hr>
     </gpxtpx:TrackPointExtension>
    </extensions>
   </trkpt>
   <trkpt lat="51.5231460" lon="-0.0777250">
    <ele>15.6</ele>
    <time>2024-09-12T17:31:31Z</time>
    <extensions>
     <gpxtpx:TrackPointExtension>
      <gpxtpx:hr>87</gpxtpx:hr>
     </gpxtpx:TrackPointExtension>
    </extensions>
   </trkpt>
   <trkpt lat="51.5231630" lon="-0.0777140">
    <ele>15.7</ele>
    <time>2024-09-12T17:31:32Z</time>
    <extensions>
     <gpxtpx:TrackPointExtension>
      <gpxtpx:hr>87</gpxtpx:hr>
     </gpxtpx:TrackPointExtension>
    </extensions>
   </trkpt>
   <trkpt lat="51.5232050" lon="-0.0776900">
    <ele>15.7</ele>
    <time>2024-09-12T17:31:33Z</time>
    <extensions>
     <gpxtpx:TrackPointExtension>
      <gpxtpx:hr>87</gpxtpx:hr>
     </gpxtpx:TrackPointExtension>
    </extensions>
   </trkpt>
   <trkpt lat="51.5232190" lon="-0.0776820">
    <ele>15.7</ele>
    <time>2024-09-12T17:31:34Z</time>
    <extensions>
     <gpxtpx:TrackPointExtension>
      <gpxtpx:hr>90</gpxtpx:hr>
     </gpxtpx:TrackPointExtension>
    </extensions>
   </trkpt>
   <trkpt lat="51.5232660" lon="-0.0776560">
    <ele>15.7</ele>
    <time>2024-09-12T17:31:35Z</time>
    <extensions>
     <gpxtpx:TrackPointExtension>
      <gpxtpx:hr>90</gpxtpx:hr>
     </gpxtpx:TrackPointExtension>
    </extensions>
   </trkpt>
   <trkpt lat="51.5232860" lon="-0.0776450">
    <ele>15.7</ele>
    <time>2024-09-12T17:31:36Z</time>
    <extensions>
     <gpxtpx:TrackPointExtension>
      <gpxtpx:hr>90</gpxtpx:hr>
     </gpxtpx:TrackPointExtension>
    </extensions>
   </trkpt>
   <trkpt lat="51.5233050" lon="-0.0776340">
    <ele>15.7</ele>
    <time>2024-09-12T17:31:37Z</time>
    <extensions>
     <gpxtpx:TrackPointExtension>
      <gpxtpx:hr>90</gpxtpx:hr>
     </gpxtpx:TrackPointExtension>
    </extensions>
   </trkpt>
   <trkpt lat="51.5233530" lon="-0.0776090">
    <ele>15.7</ele>
    <time>2024-09-12T17:31:38Z</time>
    <extensions>
     <gpxtpx:TrackPointExtension>
      <gpxtpx:hr>90</gpxtpx:hr>
     </gpxtpx:TrackPointExtension>
    </extensions>
   </trkpt>
   <trkpt lat="51.5233730" lon="-0.0775990">
    <ele>15.7</ele>
    <time>2024-09-12T17:31:39Z</time>
    <extensions>
     <gpxtpx:TrackPointExtension>
      <gpxtpx:hr>90</gpxtpx:hr>
     </gpxtpx:TrackPointExtension>
    </extensions>
   </trkpt>
   <trkpt lat="51.5233920" lon="-0.0775900">
    <ele>15.7</ele>
    <time>2024-09-12T17:31:40Z</time>
    <extensions>
     <gpxtpx:TrackPointExtension>
      <gpxtpx:hr>90</gpxtpx:hr>
     </gpxtpx:TrackPointExtension>
    </extensions>
   </trkpt>
   <trkpt lat="51.5234350" lon="-0.0775680">
    <ele>15.7</ele>
    <time>2024-09-12T17:31:41Z</time>
    <extensions>
     <gpxtpx:TrackPointExtension>
      <gpxtpx:hr>90</gpxtpx:hr>
     </gpxtpx:TrackPointExtension>
    </extensions>
   </trkpt>
   <trkpt lat="51.5234500" lon="-0.0775600">
    <ele>15.7</ele>
    <time>2024-09-12T17:31:42Z</time>
    <extensions>
     <gpxtpx:TrackPointExtension>
      <gpxtpx:hr>90</gpxtpx:hr>
     </gpxtpx:TrackPointExtension>
    </extensions>
   </trkpt>
   <trkpt lat="51.5234970" lon="-0.0775360">
    <ele>15.7</ele>
    <time>2024-09-12T17:31:43Z</time>
    <extensions>
     <gpxtpx:TrackPointExtension>
      <gpxtpx:hr>102</gpxtpx:hr>
     </gpxtpx:TrackPointExtension>
    </extensions>
   </trkpt>
   <trkpt lat="51.5235160" lon="-0.0775270">
    <ele>15.7</ele>
    <time>2024-09-12T17:31:44Z</time>
    <extensions>
     <gpxtpx:TrackPointExtension>
      <gpxtpx:hr>102</gpxtpx:hr>
     </gpxtpx:TrackPointExtension>
    </extensions>
   </trkpt>
   <trkpt lat="51.5235340" lon="-0.0775180">
    <ele>15.7</ele>
    <time>2024-09-12T17:31:45Z</time>
    <extensions>
     <gpxtpx:TrackPointExtension>
      <gpxtpx:hr>102</gpxtpx:hr>
     </gpxtpx:TrackPointExtension>
    </extensions>
   </trkpt>
   <trkpt lat="51.5235760" lon="-0.0774980">
    <ele>15.7</ele>
    <time>2024-09-12T17:31:46Z</time>
    <extensions>
     <gpxtpx:TrackPointExtension>
      <gpxtpx:hr>105</gpxtpx:hr>
     </gpxtpx:TrackPointExtension>
    </extensions>
   </trkpt>
   <trkpt lat="51.5235900" lon="-0.0774910">
    <ele>15.7</ele>
    <time>2024-09-12T17:31:47Z</time>
    <extensions>
     <gpxtpx:TrackPointExtension>
      <gpxtpx:hr>105</gpxtpx:hr>
     </gpxtpx:TrackPointExtension>
    </extensions>
   </trkpt>
   <trkpt lat="51.5236370" lon="-0.0774720">
    <ele>15.8</ele>
    <time>2024-09-12T17:31:48Z</time>
    <extensions>
     <gpxtpx:TrackPointExtension>
      <gpxtpx:hr>105</gpxtpx:hr>
     </gpxtpx:TrackPointExtension>
    </extensions>
   </trkpt>
   <trkpt lat="51.5236550" lon="-0.0774660">
    <ele>15.8</ele>
    <time>2024-09-12T17:31:49Z</time>
    <extensions>
     <gpxtpx:TrackPointExtension>
      <gpxtpx:hr>105</gpxtpx:hr>
     </gpxtpx:TrackPointExtension>
    </extensions>
   </trkpt>
   <trkpt lat="51.5236740" lon="-0.0774590">
    <ele>15.8</ele>
    <time>2024-09-12T17:31:50Z</time>
    <extensions>
     <gpxtpx:TrackPointExtension>
      <gpxtpx:hr>105</gpxtpx:hr>
     </gpxtpx:TrackPointExtension>
    </extensions>
   </trkpt>
   <trkpt lat="51.5237150" lon="-0.0774470">
    <ele>15.8</ele>
    <time>2024-09-12T17:31:51Z</time>
    <extensions>
     <gpxtpx:TrackPointExtension>
      <gpxtpx:hr>105</gpxtpx:hr>
     </gpxtpx:TrackPointExtension>
    </extensions>
   </trkpt>
   <trkpt lat="51.5237290" lon="-0.0774430">
    <ele>15.9</ele>
    <time>2024-09-12T17:31:52Z</time>
    <extensions>
     <gpxtpx:TrackPointExtension>
      <gpxtpx:hr>105</gpxtpx:hr>
     </gpxtpx:TrackPointExtension>
    </extensions>
   </trkpt>
   <trkpt lat="51.5237730" lon="-0.0774330">
    <ele>15.9</ele>
    <time>2024-09-12T17:31:53Z</time>
    <extensions>
     <gpxtpx:TrackPointExtension>
      <gpxtpx:hr>109</gpxtpx:hr>
     </gpxtpx:TrackPointExtension>
    </extensions>
   </trkpt>
   <trkpt lat="51.5237910" lon="-0.0774290">
    <ele>15.9</ele>
    <time>2024-09-12T17:31:54Z</time>
    <extensions>
     <gpxtpx:TrackPointExtension>
      <gpxtpx:hr>109</gpxtpx:hr>
     </gpxtpx:TrackPointExtension>
    </extensions>
   </trkpt>
   <trkpt lat="51.5238080" lon="-0.0774250">
    <ele>15.9</ele>
    <time>2024-09-12T17:31:55Z</time>
    <extensions>
     <gpxtpx:TrackPointExtension>
      <gpxtpx:hr>109</gpxtpx:hr>
     </gpxtpx:TrackPointExtension>
    </extensions>
   </trkpt>
   <trkpt lat="51.5238470" lon="-0.0774160">
    <ele>16.0</ele>
    <time>2024-09-12T17:31:56Z</time>
    <extensions>
     <gpxtpx:TrackPointExtension>
      <gpxtpx:hr>109</gpxtpx:hr>
     </gpxtpx:TrackPointExtension>
    </extensions>
   </trkpt>
   <trkpt lat="51.5238600" lon="-0.0774130">
    <ele>16.0</ele>
    <time>2024-09-12T17:31:57Z</time>
    <extensions>
     <gpxtpx:TrackPointExtension>
      <gpxtpx:hr>109</gpxtpx:hr>
     </gpxtpx:TrackPointExtension>
    </extensions>
   </trkpt>
   <trkpt lat="51.5239060" lon="-0.0774010">
    <ele>16.0</ele>
    <time>2024-09-12T17:31:58Z</time>
    <extensions>
     <gpxtpx:TrackPointExtension>
      <gpxtpx:hr>114</gpxtpx:hr>
     </gpxtpx:TrackPointExtension>
    </extensions>
   </trkpt>
   <trkpt lat="51.5239250" lon="-0.0773960">
    <ele>16.0</ele>
    <time>2024-09-12T17:31:59Z</time>
    <extensions>
     <gpxtpx:TrackPointExtension>
      <gpxtpx:hr>114</gpxtpx:hr>
     </gpxtpx:TrackPointExtension>
    </extensions>
   </trkpt>
   <trkpt lat="51.5239440" lon="-0.0773920">
    <ele>16.0</ele>
    <time>2024-09-12T17:32:00Z</time>
    <extensions>
     <gpxtpx:TrackPointExtension>
      <gpxtpx:hr>114</gpxtpx:hr>
     </gpxtpx:TrackPointExtension>
    </extensions>
   </trkpt>
   <trkpt lat="51.5239880" lon="-0.0773820">
    <ele>16.1</ele>
    <time>2024-09-12T17:32:01Z</time>
    <extensions>
     <gpxtpx:TrackPointExtension>
      <gpxtpx:hr>114</gpxtpx:hr>
     </gpxtpx:TrackPointExtension>
    </extensions>
   </trkpt>
   <trkpt lat="51.5240020" lon="-0.0773790">
    <ele>16.1</ele>
    <time>2024-09-12T17:32:02Z</time>
    <extensions>
     <gpxtpx:TrackPointExtension>
      <gpxtpx:hr>114</gpxtpx:hr>
     </gpxtpx:TrackPointExtension>
    </extensions>
   </trkpt>
   <trkpt lat="51.5240500" lon="-0.0773700">
    <ele>16.1</ele>
    <time>2024-09-12T17:32:03Z</time>
    <extensions>
     <gpxtpx:TrackPointExtension>
      <gpxtpx:hr>114</gpxtpx:hr>
     </gpxtpx:TrackPointExtension>
    </extensions>
   </trkpt>
   <trkpt lat="51.5240690" lon="-0.0773670">
    <ele>16.1</ele>
    <time>2024-09-12T17:32:04Z</time>
    <extensions>
     <gpxtpx:TrackPointExtension>
      <gpxtpx:hr>114</gpxtpx:hr>
     </gpxtpx:TrackPointExtension>
    </extensions>
   </trkpt>
   <trkpt lat="51.5240870" lon="-0.0773650">
    <ele>16.1</ele>
    <time>2024-09-12T17:32:05Z</time>
    <extensions>
     <gpxtpx:TrackPointExtension>
      <gpxtpx:hr>114</gpxtpx:hr>
     </gpxtpx:TrackPointExtension>
    </extensions>
   </trkpt>
   <trkpt lat="51.5241330" lon="-0.0773590">
    <ele>16.1</ele>
    <time>2024-09-12T17:32:06Z</time>
    <extensions>
     <gpxtpx:TrackPointExtension>
      <gpxtpx:hr>114</gpxtpx:hr>
     </gpxtpx:TrackPointExtension>
    </extensions>
   </trkpt>
   <trkpt lat="51.5241510" lon="-0.0773570">
    <ele>16.1</ele>
    <time>2024-09-12T17:32:07Z</time>
    <extensions>
     <gpxtpx:TrackPointExtension>
      <gpxtpx:hr>116</gpxtpx:hr>
     </gpxtpx:TrackPointExtension>
    </extensions>
   </trkpt>
   <trkpt lat="51.5241700" lon="-0.0773560">
    <ele>16.1</ele>
    <time>2024-09-12T17:32:08Z</time>
    <extensions>
     <gpxtpx:TrackPointExtension>
      <gpxtpx:hr>116</gpxtpx:hr>
     </gpxtpx:TrackPointExtension>
    </extensions>
   </trkpt>
   <trkpt lat="51.5242100" lon="-0.0773520">
    <ele>16.2</ele>
    <time>2024-09-12T17:32:09Z</time>
    <extensions>
     <gpxtpx:TrackPointExtension>
      <gpxtpx:hr>116</gpxtpx:hr>
     </gpxtpx:TrackPointExtension>
    </extensions>
   </trkpt>
   <trkpt lat="51.5242230" lon="-0.0773520">
    <ele>16.2</ele>
    <time>2024-09-12T17:32:10Z</time>
    <extensions>
     <gpxtpx:TrackPointExtension>
      <gpxtpx:hr>118</gpxtpx:hr>
     </gpxtpx:TrackPointExtension>
    </extensions>
   </trkpt>
   <trkpt lat="51.5242670" lon="-0.0773500">
    <ele>16.2</ele>
    <time>2024-09-12T17:32:11Z</time>
    <extensions>
     <gpxtpx:TrackPointExtension>
      <gpxtpx:hr>118</gpxtpx:hr>
     </gpxtpx:TrackPointExtension>
    </extensions>
   </trkpt>
   <trkpt lat="51.5242850" lon="-0.0773500">
    <ele>16.2</ele>
    <time>2024-09-12T17:32:12Z</time>
    <extensions>
     <gpxtpx:TrackPointExtension>
      <gpxtpx:hr>118</gpxtpx:hr>
     </gpxtpx:TrackPointExtension>
    </extensions>
   </trkpt>
   <trkpt lat="51.5243030" lon="-0.0773500">
    <ele>16.2</ele>
    <time>2024-09-12T17:32:13Z</time>
    <extensions>
     <gpxtpx:TrackPointExtension>
      <gpxtpx:hr>118</gpxtpx:hr>
     </gpxtpx:TrackPointExtension>
    </extensions>
   </trkpt>
   <trkpt lat="51.5243430" lon="-0.0773510">
    <ele>16.2</ele>
    <time>2024-09-12T17:32:14Z</time>
    <extensions>
     <gpxtpx:TrackPointExtension>
      <gpxtpx:hr>118</gpxtpx:hr>
     </gpxtpx:TrackPointExtension>
    </extensions>
   </trkpt>
   <trkpt lat="51.5243560" lon="-0.0773520">
    <ele>16.2</ele>
    <time>2024-09-12T17:32:15Z</time>
    <extensions>
     <gpxtpx:TrackPointExtension>
      <gpxtpx:hr>118</gpxtpx:hr>
     </gpxtpx:TrackPointExtension>
    </extensions>
   </trkpt>
   <trkpt lat="51.5244000" lon="-0.0773560">
    <ele>16.3</ele>
    <time>2024-09-12T17:32:16Z</time>
    <extensions>
     <gpxtpx:TrackPointExtension>
      <gpxtpx:hr>118</gpxtpx:hr>
     </gpxtpx:TrackPointExtension>
    </extensions>
   </trkpt>
   <trkpt lat="51.5244180" lon="-0.0773580">
    <ele>16.3</ele>
    <time>2024-09-12T17:32:17Z</time>
    <extensions>
     <gpxtpx:TrackPointExtension>
      <gpxtpx:hr>120</gpxtpx:hr>
     </gpxtpx:TrackPointExtension>
    </extensions>
   </trkpt>
   <trkpt lat="51.5244350" lon="-0.0773600">
    <ele>16.3</ele>
    <time>2024-09-12T17:32:18Z</time>
    <extensions>
     <gpxtpx:TrackPointExtension>
      <gpxtpx:hr>120</gpxtpx:hr>
     </gpxtpx:TrackPointExtension>
    </extensions>
   </trkpt>
   <trkpt lat="51.5244740" lon="-0.0773670">
    <ele>16.3</ele>
    <time>2024-09-12T17:32:19Z</time>
    <extensions>
     <gpxtpx:TrackPointExtension>
      <gpxtpx:hr>120</gpxtpx:hr>
     </gpxtpx:TrackPointExtension>
    </extensions>
   </trkpt>
   <trkpt lat="51.5244870" lon="-0.0773690">
    <ele>16.3</ele>
    <time>2024-09-12T17:32:20Z</time>
    <extensions>
     <gpxtpx:TrackPointExtension>
      <gpxtpx:hr>120</gpxtpx:hr>
     </gpxtpx:TrackPointExtension>
    </extensions>
   </trkpt>
   <trkpt lat="51.5245290" lon="-0.0773760">
    <ele>16.3</ele>
    <time>2024-09-12T17:32:21Z</time>
    <extensions>
     <gpxtpx:TrackPointExtension>
      <gpxtpx:hr>120</gpxtpx:hr>
     </gpxtpx:TrackPointExtension>
    </extensions>
   </trkpt>
   <trkpt lat="51.5245460" lon="-0.0773790">
    <ele>16.3</ele>
    <time>2024-09-12T17:32:22Z</time>
    <extensions>
     <gpxtpx:TrackPointExtension>
      <gpxtpx:hr>120</gpxtpx:hr>
     </gpxtpx:TrackPointExtension>
    </extensions>
   </trkpt>
   <trkpt lat="51.5245630" lon="-0.0773810">
    <ele>16.3</ele>
    <time>2024-09-12T17:32:23Z</time>
    <extensions>
     <gpxtpx:TrackPointExtension>
      <gpxtpx:hr>121</gpxtpx:hr>
     </gpxtpx:TrackPointExtension>
    </extensions>
   </trkpt>
   <trkpt lat="51.5245990" lon="-0.0773880">
    <ele>16.4</ele>
    <time>2024-09-12T17:32:24Z</time>
    <extensions>
     <gpxtpx:TrackPointExtension>
      <gpxtpx:hr>121</gpxtpx:hr>
     </gpxtpx:TrackPointExtension>
    </extensions>
   </trkpt>
   <trkpt lat="51.5246110" lon="-0.0773900">
    <ele>16.4</ele>
    <time>2024-09-12T17:32:25Z</time>
    <extensions>
     <gpxtpx:TrackPointExtension>
      <gpxtpx:hr>121</gpxtpx:hr>
     </gpxtpx:TrackPointExtension>
    </extensions>
   </trkpt>
   <trkpt lat="51.5246520" lon="-0.0773970">
    <ele>16.4</ele>
    <time>2024-09-12T17:32:26Z</time>
    <extensions>
     <gpxtpx:TrackPointExtension>
      <gpxtpx:hr>121</gpxtpx:hr>
     </gpxtpx:TrackPointExtension>
    </extensions>
   </trkpt>
   <trkpt lat="51.5246680" lon="-0.0774000">
    <ele>16.4</ele>
    <time>2024-09-12T17:32:27Z</time>
    <extensions>
     <gpxtpx:TrackPointExtension>
      <gpxtpx:hr>121</gpxtpx:hr>
     </gpxtpx:TrackPointExtension>
    </extensions>
   </trkpt>
   <trkpt lat="51.5246840" lon="-0.0774030">
    <ele>16.4</ele>
    <time>2024-09-12T17:32:28Z</time>
    <extensions>
     <gpxtpx:TrackPointExtension>
      <gpxtpx:hr>121</gpxtpx:hr>
     </gpxtpx:TrackPointExtension>
    </extensions>
   </trkpt>
   <trkpt lat="51.5247250" lon="-0.0774120">
    <ele>16.4</ele>
    <time>2024-09-12T17:32:29Z</time>
    <extensions>
     <gpxtpx:TrackPointExtension>
      <gpxtpx:hr>121</gpxtpx:hr>
     </gpxtpx:TrackPointExtension>
    </extensions>
   </trkpt>
   <trkpt lat="51.5247420" lon="-0.0774160">
    <ele>16.4</ele>
    <time>2024-09-12T17:32:30Z</time>
    <extensions>
     <gpxtpx:TrackPointExtension>
      <gpxtpx:hr>121</gpxtpx:hr>
     </gpxtpx:TrackPointExtension>
    </extensions>
   </trkpt>
   <trkpt lat="51.5247580" lon="-0.0774200">
    <ele>16.3</ele>
    <time>2024-09-12T17:32:31Z</time>
    <extensions>
     <gpxtpx:TrackPointExtension>
      <gpxtpx:hr>121</gpxtpx:hr>
     </gpxtpx:TrackPointExtension>
    </extensions>
   </trkpt>
   <trkpt lat="51.5247960" lon="-0.0774310">
    <ele>16.3</ele>
    <time>2024-09-12T17:32:32Z</time>
    <extensions>
     <gpxtpx:TrackPointExtension>
      <gpxtpx:hr>121</gpxtpx:hr>
     </gpxtpx:TrackPointExtension>
    </extensions>
   </trkpt>
   <trkpt lat="51.5248080" lon="-0.0774360">
    <ele>16.3</ele>
    <time>2024-09-12T17:32:33Z</time>
    <extensions>
     <gpxtpx:TrackPointExtension>
      <gpxtpx:hr>121</gpxtpx:hr>
     </gpxtpx:TrackPointExtension>
    </extensions>
   </trkpt>
   <trkpt lat="51.5248490" lon="-0.0774500">
    <ele>16.3</ele>
    <time>2024-09-12T17:32:34Z</time>
    <extensions>
     <gpxtpx:TrackPointExtension>
      <gpxtpx:hr>121</gpxtpx:hr>
     </gpxtpx:TrackPointExtension>
    </extensions>
   </trkpt>
   <trkpt lat="51.5248660" lon="-0.0774550">
    <ele>16.3</ele>
    <time>2024-09-12T17:32:35Z</time>
    <extensions>
     <gpxtpx:TrackPointExtension>
      <gpxtpx:hr>121</gpxtpx:hr>
     </gpxtpx:TrackPointExtension>
    </extensions>
   </trkpt>
   <trkpt lat="51.5248830" lon="-0.0774600">
    <ele>16.3</ele>
    <time>2024-09-12T17:32:36Z</time>
    <extensions>
     <gpxtpx:TrackPointExtension>
      <gpxtpx:hr>121</gpxtpx:hr>
     </gpxtpx:TrackPointExtension>
    </extensions>
   </trkpt>
   <trkpt lat="51.5249200" lon="-0.0774700">
    <ele>16.3</ele>
    <time>2024-09-12T17:32:37Z</time>
    <extensions>
     <gpxtpx:TrackPointExtension>
      <gpxtpx:hr>121</gpxtpx:hr>
     </gpxtpx:TrackPointExtension>
    </extensions>
   </trkpt>
   <trkpt lat="51.5249330" lon="-0.0774740">
    <ele>16.3</ele>
    <time>2024-09-12T17:32:38Z</time>
    <extensions>
     <gpxtpx:TrackPointExtension>
      <gpxtpx:hr>121</gpxtpx:hr>
     </gpxtpx:TrackPointExtension>
    </extensions>
   </trkpt>
   <trkpt lat="51.5249750" lon="-0.0774840">
    <ele>16.3</ele>
    <time>2024-09-12T17:32:39Z</time>
    <extensions>
     <gpxtpx:TrackPointExtension>
      <gpxtpx:hr>121</gpxtpx:hr>
     </gpxtpx:TrackPointExtension>
    </extensions>
   </trkpt>
   <trkpt lat="51.5249920" lon="-0.0774880">
    <ele>16.3</ele>
    <time>2024-09-12T17:32:40Z</time>
    <extensions>
     <gpxtpx:TrackPointExtension>
      <gpxtpx:hr>122</gpxtpx:hr>
     </gpxtpx:TrackPointExtension>
    </extensions>
   </trkpt>
   <trkpt lat="51.5250090" lon="-0.0774920">
    <ele>16.3</ele>
    <time>2024-09-12T17:32:41Z</time>
    <extensions>
     <gpxtpx:TrackPointExtension>
      <gpxtpx:hr>122</gpxtpx:hr>
     </gpxtpx:TrackPointExtension>
    </extensions>
   </trkpt>
   <trkpt lat="51.5250480" lon="-0.0775000">
    <ele>16.3</ele>
    <time>2024-09-12T17:32:42Z</time>
    <extensions>
     <gpxtpx:TrackPointExtension>
      <gpxtpx:hr>122</gpxtpx:hr>
     </gpxtpx:TrackPointExtension>
    </extensions>
   </trkpt>
   <trkpt lat="51.5250610" lon="-0.0775030">
    <ele>16.3</ele>
    <time>2024-09-12T17:32:43Z</time>
    <extensions>
     <gpxtpx:TrackPointExtension>
      <gpxtpx:hr>122</gpxtpx:hr>
     </gpxtpx:TrackPointExtension>
    </extensions>
   </trkpt>
   <trkpt lat="51.5251050" lon="-0.0775140">
    <ele>16.3</ele>
    <time>2024-09-12T17:32:44Z</time>
    <extensions>
     <gpxtpx:TrackPointExtension>
      <gpxtpx:hr>122</gpxtpx:hr>
     </gpxtpx:TrackPointExtension>
    </extensions>
   </trkpt>
   <trkpt lat="51.5251220" lon="-0.0775190">
    <ele>16.3</ele>
    <time>2024-09-12T17:32:45Z</time>
    <extensions>
     <gpxtpx:TrackPointExtension>
      <gpxtpx:hr>122</gpxtpx:hr>
     </gpxtpx:TrackPointExtension>
    </extensions>
   </trkpt>
   <trkpt lat="51.5251390" lon="-0.0775240">
    <ele>16.3</ele>
    <time>2024-09-12T17:32:46Z</time>
    <extensions>
     <gpxtpx:TrackPointExtension>
      <gpxtpx:hr>122</gpxtpx:hr>
     </gpxtpx:TrackPointExtension>
    </extensions>
   </trkpt>
   <trkpt lat="51.5251770" lon="-0.0775360">
    <ele>16.3</ele>
    <time>2024-09-12T17:32:47Z</time>
    <extensions>
     <gpxtpx:TrackPointExtension>
      <gpxtpx:hr>122</gpxtpx:hr>
     </gpxtpx:TrackPointExtension>
    </extensions>
   </trkpt>
   <trkpt lat="51.5251890" lon="-0.0775410">
    <ele>16.3</ele>
    <time>2024-09-12T17:32:48Z</time>
    <extensions>
     <gpxtpx:TrackPointExtension>
      <gpxtpx:hr>122</gpxtpx:hr>
     </gpxtpx:TrackPointExtension>
    </extensions>
   </trkpt>
   <trkpt lat="51.5252280" lon="-0.0775560">
    <ele>16.3</ele>
    <time>2024-09-12T17:32:49Z</time>
    <extensions>
     <gpxtpx:TrackPointExtension>
      <gpxtpx:hr>122</gpxtpx:hr>
     </gpxtpx:TrackPointExtension>
    </extensions>
   </trkpt>
   <trkpt lat="51.5252430" lon="-0.0775620">
    <ele>16.3</ele>
    <time>2024-09-12T17:32:50Z</time>
    <extensions>
     <gpxtpx:TrackPointExtension>
      <gpxtpx:hr>122</gpxtpx:hr>
     </gpxtpx:TrackPointExtension>
    </extensions>
   </trkpt>
   <trkpt lat="51.5252590" lon="-0.0775680">
    <ele>16.3</ele>
    <time>2024-09-12T17:32:51Z</time>
    <extensions>
     <gpxtpx:TrackPointExtension>
      <gpxtpx:hr>121</gpxtpx:hr>
     </gpxtpx:TrackPointExtension>
    </extensions>
   </trkpt>
   <trkpt lat="51.5252980" lon="-0.0775870">
    <ele>16.3</ele>
    <time>2024-09-12T17:32:52Z</time>
    <extensions>
     <gpxtpx:TrackPointExtension>
      <gpxtpx:hr>121</gpxtpx:hr>
     </gpxtpx:TrackPointExtension>
    </extensions>
   </trkpt>
   <trkpt lat="51.5253130" lon="-0.0775940">
    <ele>16.3</ele>
    <time>2024-09-12T17:32:53Z</time>
    <extensions>
     <gpxtpx:TrackPointExtension>
      <gpxtpx:hr>121</gpxtpx:hr>
     </gpxtpx:TrackPointExtension>
    </extensions>
   </trkpt>
   <trkpt lat="51.5253290" lon="-0.0776020">
    <ele>16.3</ele>
    <time>2024-09-12T17:32:54Z</time>
    <extensions>
     <gpxtpx:TrackPointExtension>
      <gpxtpx:hr>122</gpxtpx:hr>
     </gpxtpx:TrackPointExtension>
    </extensions>
   </trkpt>
   <trkpt lat="51.5253650" lon="-0.0776220">
    <ele>16.3</ele>
    <time>2024-09-12T17:32:55Z</time>
    <extensions>
     <gpxtpx:TrackPointExtension>
      <gpxtpx:hr>122</gpxtpx:hr>
     </gpxtpx:TrackPointExtension>
    </extensions>
   </trkpt>
   <trkpt lat="51.5253780" lon="-0.0776290">
    <ele>16.3</ele>
    <time>2024-09-12T17:32:56Z</time>
    <extensions>
     <gpxtpx:TrackPointExtension>
      <gpxtpx:hr>122</gpxtpx:hr>
     </gpxtpx:TrackPointExtension>
    </extensions>
   </trkpt>
   <trkpt lat="51.5254190" lon="-0.0776540">
    <ele>16.3</ele>
    <time>2024-09-12T17:32:57Z</time>
    <extensions>
     <gpxtpx:TrackPointExtension>
      <gpxtpx:hr>122</gpxtpx:hr>
     </gpxtpx:TrackPointExtension>
    </extensions>
   </trkpt>
   <trkpt lat="51.5254360" lon="-0.0776650">
    <ele>16.3</ele>
    <time>2024-09-12T17:32:58Z</time>
    <extensions>
     <gpxtpx:TrackPointExtension>
      <gpxtpx:hr>122</gpxtpx:hr>
     </gpxtpx:TrackPointExtension>
    </extensions>
   </trkpt>
   <trkpt lat="51.5254520" lon="-0.0776760">
    <ele>16.3</ele>
    <time>2024-09-12T17:32:59Z</time>
    <extensions>
     <gpxtpx:TrackPointExtension>
      <gpxtpx:hr>122</gpxtpx:hr>
     </gpxtpx:TrackPointExtension>
    </extensions>
   </trkpt>
   <trkpt lat="51.5254880" lon="-0.0776990">
    <ele>16.4</ele>
    <time>2024-09-12T17:33:00Z</time>
    <extensions>
     <gpxtpx:TrackPointExtension>
      <gpxtpx:hr>122</gpxtpx:hr>
     </gpxtpx:TrackPointExtension>
    </extensions>
   </trkpt>
   <trkpt lat="51.5254990" lon="-0.0777070">
    <ele>16.4</ele>
    <time>2024-09-12T17:33:01Z</time>
    <extensions>
     <gpxtpx:TrackPointExtension>
      <gpxtpx:hr>122</gpxtpx:hr>
     </gpxtpx:TrackPointExtension>
    </extensions>
   </trkpt>
   <trkpt lat="51.5255380" lon="-0.0777330">
    <ele>16.4</ele>
    <time>2024-09-12T17:33:02Z</time>
    <extensions>
     <gpxtpx:TrackPointExtension>
      <gpxtpx:hr>122</gpxtpx:hr>
     </gpxtpx:TrackPointExtension>
    </extensions>
   </trkpt>
   <trkpt lat="51.5255540" lon="-0.0777440">
    <ele>16.4</ele>
    <time>2024-09-12T17:33:03Z</time>
    <extensions>
     <gpxtpx:TrackPointExtension>
      <gpxtpx:hr>122</gpxtpx:hr>
     </gpxtpx:TrackPointExtension>
    </extensions>
   </trkpt>
   <trkpt lat="51.5255700" lon="-0.0777550">
    <ele>16.4</ele>
    <time>2024-09-12T17:33:04Z</time>
    <extensions>
     <gpxtpx:TrackPointExtension>
      <gpxtpx:hr>122</gpxtpx:hr>
     </gpxtpx:TrackPointExtension>
    </extensions>
   </trkpt>
   <trkpt lat="51.5256080" lon="-0.0777810">
    <ele>16.4</ele>
    <time>2024-09-12T17:33:05Z</time>
    <extensions>
     <gpxtpx:TrackPointExtension>
      <gpxtpx:hr>122</gpxtpx:hr>
     </gpxtpx:TrackPointExtension>
    </extensions>
   </trkpt>
   <trkpt lat="51.5256200" lon="-0.0777900">
    <ele>16.4</ele>
    <time>2024-09-12T17:33:06Z</time>
    <extensions>
     <gpxtpx:TrackPointExtension>
      <gpxtpx:hr>122</gpxtpx:hr>
     </gpxtpx:TrackPointExtension>
    </extensions>
   </trkpt>
   <trkpt lat="51.5256620" lon="-0.0778170">
    <ele>16.4</ele>
    <time>2024-09-12T17:33:07Z</time>
    <extensions>
     <gpxtpx:TrackPointExtension>
      <gpxtpx:hr>122</gpxtpx:hr>
     </gpxtpx:TrackPointExtension>
    </extensions>
   </trkpt>
   <trkpt lat="51.5256790" lon="-0.0778270">
    <ele>16.5</ele>
    <time>2024-09-12T17:33:08Z</time>
    <extensions>
     <gpxtpx:TrackPointExtension>
      <gpxtpx:hr>122</gpxtpx:hr>
     </gpxtpx:TrackPointExtension>
    </extensions>
   </trkpt>
   <trkpt lat="51.5256960" lon="-0.0778380">
    <ele>16.5</ele>
    <time>2024-09-12T17:33:09Z</time>
    <extensions>
     <gpxtpx:TrackPointExtension>
      <gpxtpx:hr>122</gpxtpx:hr>
     </gpxtpx:TrackPointExtension>
    </extensions>
   </trkpt>
   <trkpt lat="51.5257330" lon="-0.0778620">
    <ele>16.5</ele>
    <time>2024-09-12T17:33:10Z</time>
    <extensions>
     <gpxtpx:TrackPointExtension>
      <gpxtpx:hr>122</gpxtpx:hr>
     </gpxtpx:TrackPointExtension>
    </extensions>
   </trkpt>
   <trkpt lat="51.5257460" lon="-0.0778700">
    <ele>16.5</ele>
    <time>2024-09-12T17:33:11Z</time>
    <extensions>
     <gpxtpx:TrackPointExtension>
      <gpxtpx:hr>122</gpxtpx:hr>
     </gpxtpx:TrackPointExtension>
    </extensions>
   </trkpt>
   <trkpt lat="51.5257890" lon="-0.0778970">
    <ele>16.5</ele>
    <time>2024-09-12T17:33:12Z</time>
    <extensions>
     <gpxtpx:TrackPointExtension>
      <gpxtpx:hr>122</gpxtpx:hr>
     </gpxtpx:TrackPointExtension>
    </extensions>
   </trkpt>
   <trkpt lat="51.5258060" lon="-0.0779080">
    <ele>16.5</ele>
    <time>2024-09-12T17:33:13Z</time>
    <extensions>
     <gpxtpx:TrackPointExtension>
      <gpxtpx:hr>121</gpxtpx:hr>
     </gpxtpx:TrackPointExtension>
    </extensions>
   </trkpt>
   <trkpt lat="51.5258240" lon="-0.0779200">
    <ele>16.5</ele>
    <time>2024-09-12T17:33:14Z</time>
    <extensions>
     <gpxtpx:TrackPointExtension>
      <gpxtpx:hr>121</gpxtpx:hr>
     </gpxtpx:TrackPointExtension>
    </extensions>
   </trkpt>
   <trkpt lat="51.5258680" lon="-0.0779480">
    <ele>16.6</ele>
    <time>2024-09-12T17:33:15Z</time>
    <extensions>
     <gpxtpx:TrackPointExtension>
      <gpxtpx:hr>121</gpxtpx:hr>
     </gpxtpx:TrackPointExtension>
    </extensions>
   </trkpt>
   <trkpt lat="51.5258860" lon="-0.0779590">
    <ele>16.6</ele>
    <time>2024-09-12T17:33:16Z</time>
    <extensions>
     <gpxtpx:TrackPointExtension>
      <gpxtpx:hr>121</gpxtpx:hr>
     </gpxtpx:TrackPointExtension>
    </extensions>
   </trkpt>
   <trkpt lat="51.5259040" lon="-0.0779710">
    <ele>16.6</ele>
    <time>2024-09-12T17:33:17Z</time>
    <extensions>
     <gpxtpx:TrackPointExtension>
      <gpxtpx:hr>121</gpxtpx:hr>
     </gpxtpx:TrackPointExtension>
    </extensions>
   </trkpt>
   <trkpt lat="51.5259440" lon="-0.0779960">
    <ele>16.7</ele>
    <time>2024-09-12T17:33:18Z</time>
    <extensions>
     <gpxtpx:TrackPointExtension>
      <gpxtpx:hr>121</gpxtpx:hr>
     </gpxtpx:TrackPointExtension>
    </extensions>
   </trkpt>
   <trkpt lat="51.5259570" lon="-0.0780040">
    <ele>16.7</ele>
    <time>2024-09-12T17:33:19Z</time>
    <extensions>
     <gpxtpx:TrackPointExtension>
      <gpxtpx:hr>121</gpxtpx:hr>
     </gpxtpx:TrackPointExtension>
    </extensions>
   </trkpt>
   <trkpt lat="51.5260000" lon="-0.0780290">
    <ele>16.7</ele>
    <time>2024-09-12T17:33:20Z</time>
    <extensions>
     <gpxtpx:TrackPointExtension>
      <gpxtpx:hr>121</gpxtpx:hr>
     </gpxtpx:TrackPointExtension>
    </extensions>
   </trkpt>
   <trkpt lat="51.5260170" lon="-0.0780390">
    <ele>16.8</ele>
    <time>2024-09-12T17:33:21Z</time>
    <extensions>
     <gpxtpx:TrackPointExtension>
      <gpxtpx:hr>121</gpxtpx:hr>
     </gpxtpx:TrackPointExtension>
    </extensions>
   </trkpt>
   <trkpt lat="51.5260340" lon="-0.0780490">
    <ele>16.8</ele>
    <time>2024-09-12T17:33:22Z</time>
    <extensions>
     <gpxtpx:TrackPointExtension>
      <gpxtpx:hr>121</gpxtpx:hr>
     </gpxtpx:TrackPointExtension>
    </extensions>
   </trkpt>
   <trkpt lat="51.5260720" lon="-0.0780680">
    <ele>16.8</ele>
    <time>2024-09-12T17:33:23Z</time>
    <extensions>
     <gpxtpx:TrackPointExtension>
      <gpxtpx:hr>121</gpxtpx:hr>
     </gpxtpx:TrackPointExtension>
    </extensions>
   </trkpt>
   <trkpt lat="51.5260840" lon="-0.0780740">
    <ele>16.8</ele>
    <time>2024-09-12T17:33:24Z</time>
    <extensions>
     <gpxtpx:TrackPointExtension>
      <gpxtpx:hr>121</gpxtpx:hr>
     </gpxtpx:TrackPointExtension>
    </extensions>
   </trkpt>
   <trkpt lat="51.5261260" lon="-0.0780910">
    <ele>16.9</ele>
    <time>2024-09-12T17:33:25Z</time>
    <extensions>
     <gpxtpx:TrackPointExtension>
      <gpxtpx:hr>121</gpxtpx:hr>
     </gpxtpx:TrackPointExtension>
    </extensions>
   </trkpt>
   <trkpt lat="51.5261430" lon="-0.0780970">
    <ele>16.9</ele>
    <time>2024-09-12T17:33:26Z</time>
    <extensions>
     <gpxtpx:TrackPointExtension>
      <gpxtpx:hr>121</gpxtpx:hr>
     </gpxtpx:TrackPointExtension>
    </extensions>
   </trkpt>
   <trkpt lat="51.5261610" lon="-0.0781030">
    <ele>16.9</ele>
    <time>2024-09-12T17:33:27Z</time>
    <extensions>
     <gpxtpx:TrackPointExtension>
      <gpxtpx:hr>119</gpxtpx:hr>
     </gpxtpx:TrackPointExtension>
    </extensions>
   </trkpt>
   <trkpt lat="51.5262000" lon="-0.0781130">
    <ele>16.9</ele>
    <time>2024-09-12T17:33:28Z</time>
    <extensions>
     <gpxtpx:TrackPointExtension>
      <gpxtpx:hr>119</gpxtpx:hr>
     </gpxtpx:TrackPointExtension>
    </extensions>
   </trkpt>
   <trkpt lat="51.5262130" lon="-0.0781160">
    <ele>16.9</ele>
    <time>2024-09-12T17:33:29Z</time>
    <extensions>
     <gpxtpx:TrackPointExtension>
      <gpxtpx:hr>119</gpxtpx:hr>
     </gpxtpx:TrackPointExtension>
    </extensions>
   </trkpt>
   <trkpt lat="51.5262580" lon="-0.0781230">
    <ele>16.9</ele>
    <time>2024-09-12T17:33:30Z</time>
    <extensions>
     <gpxtpx:TrackPointExtension>
      <gpxtpx:hr>119</gpxtpx:hr>
     </gpxtpx:TrackPointExtension>
    </extensions>
   </trkpt>
   <trkpt lat="51.5262760" lon="-0.0781250">
    <ele>17.0</ele>
    <time>2024-09-12T17:33:31Z</time>
    <extensions>
     <gpxtpx:TrackPointExtension>
      <gpxtpx:hr>119</gpxtpx:hr>
     </gpxtpx:TrackPointExtension>
    </extensions>
   </trkpt>
   <trkpt lat="51.5262940" lon="-0.0781270">
    <ele>17.0</ele>
    <time>2024-09-12T17:33:32Z</time>
    <extensions>
     <gpxtpx:TrackPointExtension>
      <gpxtpx:hr>120</gpxtpx:hr>
     </gpxtpx:TrackPointExtension>
    </extensions>
   </trkpt>
   <trkpt lat="51.5263330" lon="-0.0781310">
    <ele>17.0</ele>
    <time>2024-09-12T17:33:33Z</time>
    <extensions>
     <gpxtpx:TrackPointExtension>
      <gpxtpx:hr>120</gpxtpx:hr>
     </gpxtpx:TrackPointExtension>
    </extensions>
   </trkpt>
   <trkpt lat="51.5263460" lon="-0.0781320">
    <ele>17.0</ele>
    <time>2024-09-12T17:33:34Z</time>
    <extensions>
     <gpxtpx:TrackPointExtension>
      <gpxtpx:hr>120</gpxtpx:hr>
     </gpxtpx:TrackPointExtension>
    </extensions>
   </trkpt>
   <trkpt lat="51.5263870" lon="-0.0781340">
    <ele>17.1</ele>
    <time>2024-09-12T17:33:35Z</time>
    <extensions>
     <gpxtpx:TrackPointExtension>
      <gpxtpx:hr>120</gpxtpx:hr>
     </gpxtpx:TrackPointExtension>
    </extensions>
   </trkpt>
   <trkpt lat="51.5264040" lon="-0.0781350">
    <ele>17.1</ele>
    <time>2024-09-12T17:33:36Z</time>
    <extensions>
     <gpxtpx:TrackPointExtension>
      <gpxtpx:hr>119</gpxtpx:hr>
     </gpxtpx:TrackPointExtension>
    </extensions>
   </trkpt>
   <trkpt lat="51.5264200" lon="-0.0781360">
    <ele>17.1</ele>
    <time>2024-09-12T17:33:37Z</time>
    <extensions>
     <gpxtpx:TrackPointExtension>
      <gpxtpx:hr>119</gpxtpx:hr>
     </gpxtpx:TrackPointExtension>
    </extensions>
   </trkpt>
   <trkpt lat="51.5264590" lon="-0.0781380">
    <ele>17.2</ele>
    <time>2024-09-12T17:33:38Z</time>
    <extensions>
     <gpxtpx:TrackPointExtension>
      <gpxtpx:hr>119</gpxtpx:hr>
     </gpxtpx:TrackPointExtension>
    </extensions>
   </trkpt>
   <trkpt lat="51.5264720" lon="-0.0781390">
    <ele>17.2</ele>
    <time>2024-09-12T17:33:39Z</time>
    <extensions>
     <gpxtpx:TrackPointExtension>
      <gpxtpx:hr>119</gpxtpx:hr>
     </gpxtpx:TrackPointExtension>
    </extensions>
   </trkpt>
   <trkpt lat="51.5265140" lon="-0.0781410">
    <ele>17.2</ele>
    <time>2024-09-12T17:33:40Z</time>
    <extensions>
     <gpxtpx:TrackPointExtension>
      <gpxtpx:hr>119</gpxtpx:hr>
     </gpxtpx:TrackPointExtension>
    </extensions>
   </trkpt>
   <trkpt lat="51.5265310" lon="-0.0781420">
    <ele>17.2</ele>
    <time>2024-09-12T17:33:41Z</time>
    <extensions>
     <gpxtpx:TrackPointExtension>
      <gpxtpx:hr>119</gpxtpx:hr>
     </gpxtpx:TrackPointExtension>
    </extensions>
   </trkpt>
   <trkpt lat="51.5265480" lon="-0.0781420">
    <ele>17.3</ele>
    <time>2024-09-12T17:33:42Z</time>
    <extensions>
     <gpxtpx:TrackPointExtension>
      <gpxtpx:hr>119</gpxtpx:hr>
     </gpxtpx:TrackPointExtension>
    </extensions>
   </trkpt>
   <trkpt lat="51.5265920" lon="-0.0781450">
    <ele>17.3</ele>
    <time>2024-09-12T17:33:43Z</time>
    <extensions>
     <gpxtpx:TrackPointExtension>
      <gpxtpx:hr>119</gpxtpx:hr>
     </gpxtpx:TrackPointExtension>
    </extensions>
   </trkpt>
   <trkpt lat="51.5266100" lon="-0.0781470">
    <ele>17.3</ele>
    <time>2024-09-12T17:33:44Z</time>
    <extensions>
     <gpxtpx:TrackPointExtension>
      <gpxtpx:hr>119</gpxtpx:hr>
     </gpxtpx:TrackPointExtension>
    </extensions>
   </trkpt>
   <trkpt lat="51.5266270" lon="-0.0781480">
    <ele>17.4</ele>
    <time>2024-09-12T17:33:45Z</time>
    <extensions>
     <gpxtpx:TrackPointExtension>
      <gpxtpx:hr>119</gpxtpx:hr>
     </gpxtpx:TrackPointExtension>
    </extensions>
   </trkpt>
   <trkpt lat="51.5266660" lon="-0.0781510">
    <ele>17.4</ele>
    <time>2024-09-12T17:33:46Z</time>
    <extensions>
     <gpxtpx:TrackPointExtension>
      <gpxtpx:hr>119</gpxtpx:hr>
     </gpxtpx:TrackPointExtension>
    </extensions>
   </trkpt>
   <trkpt lat="51.5266790" lon="-0.0781520">
    <ele>17.4</ele>
    <time>2024-09-12T17:33:47Z</time>
    <extensions>
     <gpxtpx:TrackPointExtension>
      <gpxtpx:hr>120</gpxtpx:hr>
     </gpxtpx:TrackPointExtension>
    </extensions>
   </trkpt>
   <trkpt lat="51.5267220" lon="-0.0781560">
    <ele>17.5</ele>
    <time>2024-09-12T17:33:48Z</time>
    <extensions>
     <gpxtpx:TrackPointExtension>
      <gpxtpx:hr>120</gpxtpx:hr>
     </gpxtpx:TrackPointExtension>
    </extensions>
   </trkpt>
   <trkpt lat="51.5267390" lon="-0.0781570">
    <ele>17.5</ele>
    <time>2024-09-12T17:33:49Z</time>
    <extensions>
     <gpxtpx:TrackPointExtension>
      <gpxtpx:hr>120</gpxtpx:hr>
     </gpxtpx:TrackPointExtension>
    </extensions>
   </trkpt>
   <trkpt lat="51.5267560" lon="-0.0781590">
    <ele>17.5</ele>
    <time>2024-09-12T17:33:50Z</time>
    <extensions>
     <gpxtpx:TrackPointExtension>
      <gpxtpx:hr>119</gpxtpx:hr>
     </gpxtpx:TrackPointExtension>
    </extensions>
   </trkpt>
   <trkpt lat="51.5267960" lon="-0.0781630">
    <ele>17.6</ele>
    <time>2024-09-12T17:33:51Z</time>
    <extensions>
     <gpxtpx:TrackPointExtension>
      <gpxtpx:hr>119</gpxtpx:hr>
     </gpxtpx:TrackPointExtension>
    </extensions>
   </trkpt>
   <trkpt lat="51.5268090" lon="-0.0781650">
    <ele>17.6</ele>
    <time>2024-09-12T17:33:52Z</time>
    <extensions>
     <gpxtpx:TrackPointExtension>
      <gpxtpx:hr>119</gpxtpx:hr>
     </gpxtpx:TrackPointExtension>
    </extensions>
   </trkpt>
   <trkpt lat="51.5268530" lon="-0.0781690">
    <ele>17.6</ele>
    <time>2024-09-12T17:33:53Z</time>
    <extensions>
     <gpxtpx:TrackPointExtension>
      <gpxtpx:hr>119</gpxtpx:hr>
     </gpxtpx:TrackPointExtension>
    </extensions>
   </trkpt>
   <trkpt lat="51.5268710" lon="-0.0781710">
    <ele>17.6</ele>
    <time>2024-09-12T17:33:54Z</time>
    <extensions>
     <gpxtpx:TrackPointExtension>
      <gpxtpx:hr>119</gpxtpx:hr>
     </gpxtpx:TrackPointExtension>
    </extensions>
   </trkpt>
   <trkpt lat="51.5268880" lon="-0.0781720">
    <ele>17.7</ele>
    <time>2024-09-12T17:33:55Z</time>
    <extensions>
     <gpxtpx:TrackPointExtension>
      <gpxtpx:hr>118</gpxtpx:hr>
     </gpxtpx:TrackPointExtension>
    </extensions>
   </trkpt>
   <trkpt lat="51.5269280" lon="-0.0781760">
    <ele>17.7</ele>
    <time>2024-09-12T17:33:56Z</time>
    <extensions>
     <gpxtpx:TrackPointExtension>
      <gpxtpx:hr>118</gpxtpx:hr>
     </gpxtpx:TrackPointExtension>
    </extensions>
   </trkpt>
   <trkpt lat="51.5269410" lon="-0.0781780">
    <ele>17.7</ele>
    <time>2024-09-12T17:33:57Z</time>
    <extensions>
     <gpxtpx:TrackPointExtension>
      <gpxtpx:hr>118</gpxtpx:hr>
     </gpxtpx:TrackPointExtension>
    </extensions>
   </trkpt>
   <trkpt lat="51.5269850" lon="-0.0781830">
    <ele>17.8</ele>
    <time>2024-09-12T17:33:58Z</time>
    <extensions>
     <gpxtpx:TrackPointExtension>
      <gpxtpx:hr>118</gpxtpx:hr>
     </gpxtpx:TrackPointExtension>
    </extensions>
   </trkpt>
   <trkpt lat="51.5270030" lon="-0.0781850">
    <ele>17.8</ele>
    <time>2024-09-12T17:33:59Z</time>
    <extensions>
     <gpxtpx:TrackPointExtension>
      <gpxtpx:hr>118</gpxtpx:hr>
     </gpxtpx:TrackPointExtension>
    </extensions>
   </trkpt>
   <trkpt lat="51.5270210" lon="-0.0781880">
    <ele>17.8</ele>
    <time>2024-09-12T17:34:00Z</time>
    <extensions>
     <gpxtpx:TrackPointExtension>
      <gpxtpx:hr>118</gpxtpx:hr>
     </gpxtpx:TrackPointExtension>
    </extensions>
   </trkpt>
   <trkpt lat="51.5270610" lon="-0.0781950">
    <ele>17.9</ele>
    <time>2024-09-12T17:34:01Z</time>
    <extensions>
     <gpxtpx:TrackPointExtension>
      <gpxtpx:hr>118</gpxtpx:hr>
     </gpxtpx:TrackPointExtension>
    </extensions>
   </trkpt>
   <trkpt lat="51.5270740" lon="-0.0781980">
    <ele>17.9</ele>
    <time>2024-09-12T17:34:02Z</time>
    <extensions>
     <gpxtpx:TrackPointExtension>
      <gpxtpx:hr>118</gpxtpx:hr>
     </gpxtpx:TrackPointExtension>
    </extensions>
   </trkpt>
   <trkpt lat="51.5271160" lon="-0.0782070">
    <ele>17.9</ele>
    <time>2024-09-12T17:34:03Z</time>
    <extensions>
     <gpxtpx:TrackPointExtension>
      <gpxtpx:hr>119</gpxtpx:hr>
     </gpxtpx:TrackPointExtension>
    </extensions>
   </trkpt>
   <trkpt lat="51.5271320" lon="-0.0782110">
    <ele>17.9</ele>
    <time>2024-09-12T17:34:04Z</time>
    <extensions>
     <gpxtpx:TrackPointExtension>
      <gpxtpx:hr>119</gpxtpx:hr>
     </gpxtpx:TrackPointExtension>
    </extensions>
   </trkpt>
   <trkpt lat="51.5271480" lon="-0.0782140">
    <ele>17.9</ele>
    <time>2024-09-12T17:34:05Z</time>
    <extensions>
     <gpxtpx:TrackPointExtension>
      <gpxtpx:hr>119</gpxtpx:hr>
     </gpxtpx:TrackPointExtension>
    </extensions>
   </trkpt>
   <trkpt lat="51.5271850" lon="-0.0782230">
    <ele>17.9</ele>
    <time>2024-09-12T17:34:06Z</time>
    <extensions>
     <gpxtpx:TrackPointExtension>
      <gpxtpx:hr>119</gpxtpx:hr>
     </gpxtpx:TrackPointExtension>
    </extensions>
   </trkpt>
   <trkpt lat="51.5271990" lon="-0.0782270">
    <ele>17.9</ele>
    <time>2024-09-12T17:34:07Z</time>
    <extensions>
     <gpxtpx:TrackPointExtension>
      <gpxtpx:hr>121</gpxtpx:hr>
     </gpxtpx:TrackPointExtension>
    </extensions>
   </trkpt>
   <trkpt lat="51.5272130" lon="-0.0782300">
    <ele>18.0</ele>
    <time>2024-09-12T17:34:08Z</time>
    <extensions>
     <gpxtpx:TrackPointExtension>
      <gpxtpx:hr>121</gpxtpx:hr>
     </gpxtpx:TrackPointExtension>
    </extensions>
   </trkpt>
   <trkpt lat="51.5272320" lon="-0.0782370">
    <ele>18.0</ele>
    <time>2024-09-12T17:34:09Z</time>
    <extensions>
     <gpxtpx:TrackPointExtension>
      <gpxtpx:hr>121</gpxtpx:hr>
     </gpxtpx:TrackPointExtension>
    </extensions>
   </trkpt>
   <trkpt lat="51.5272500" lon="-0.0782430">
    <ele>18.0</ele>
    <time>2024-09-12T17:34:10Z</time>
    <extensions>
     <gpxtpx:TrackPointExtension>
      <gpxtpx:hr>122</gpxtpx:hr>
     </gpxtpx:TrackPointExtension>
    </extensions>
   </trkpt>
   <trkpt lat="51.5272820" lon="-0.0782490">
    <ele>18.1</ele>
    <time>2024-09-12T17:34:11Z</time>
    <extensions>
     <gpxtpx:TrackPointExtension>
      <gpxtpx:hr>122</gpxtpx:hr>
     </gpxtpx:TrackPointExtension>
    </extensions>
   </trkpt>
   <trkpt lat="51.5272960" lon="-0.0782490">
    <ele>18.1</ele>
    <time>2024-09-12T17:34:12Z</time>
    <extensions>
     <gpxtpx:TrackPointExtension>
      <gpxtpx:hr>122</gpxtpx:hr>
     </gpxtpx:TrackPointExtension>
    </extensions>
   </trkpt>
   <trkpt lat="51.5273110" lon="-0.0782500">
    <ele>18.1</ele>
    <time>2024-09-12T17:34:13Z</time>
    <extensions>
     <gpxtpx:TrackPointExtension>
      <gpxtpx:hr>122</gpxtpx:hr>
     </gpxtpx:TrackPointExtension>
    </extensions>
   </trkpt>
   <trkpt lat="51.5273490" lon="-0.0782460">
    <ele>18.1</ele>
    <time>2024-09-12T17:34:14Z</time>
    <extensions>
     <gpxtpx:TrackPointExtension>
      <gpxtpx:hr>122</gpxtpx:hr>
     </gpxtpx:TrackPointExtension>
    </extensions>
   </trkpt>
   <trkpt lat="51.5273620" lon="-0.0782440">
    <ele>18.1</ele>
    <time>2024-09-12T17:34:15Z</time>
    <extensions>
     <gpxtpx:TrackPointExtension>
      <gpxtpx:hr>119</gpxtpx:hr>
     </gpxtpx:TrackPointExtension>
    </extensions>
   </trkpt>
   <trkpt lat="51.5274120" lon="-0.0782360">
    <ele>18.1</ele>
    <time>2024-09-12T17:34:16Z</time>
    <extensions>
     <gpxtpx:TrackPointExtension>
      <gpxtpx:hr>119</gpxtpx:hr>
     </gpxtpx:TrackPointExtension>
    </extensions>
   </trkpt>
   <trkpt lat="51.5274370" lon="-0.0782310">
    <ele>18.2</ele>
    <time>2024-09-12T17:34:17Z</time>
    <extensions>
     <gpxtpx:TrackPointExtension>
      <gpxtpx:hr>119</gpxtpx:hr>
     </gpxtpx:TrackPointExtension>
    </extensions>
   </trkpt>
   <trkpt lat="51.5274610" lon="-0.0782270">
    <ele>18.2</ele>
    <time>2024-09-12T17:34:18Z</time>
    <extensions>
     <gpxtpx:TrackPointExtension>
      <gpxtpx:hr>119</gpxtpx:hr>
     </gpxtpx:TrackPointExtension>
    </extensions>
   </trkpt>
   <trkpt lat="51.5274990" lon="-0.0782210">
    <ele>18.2</ele>
    <time>2024-09-12T17:34:19Z</time>
    <extensions>
     <gpxtpx:TrackPointExtension>
      <gpxtpx:hr>119</gpxtpx:hr>
     </gpxtpx:TrackPointExtension>
    </extensions>
   </trkpt>
   <trkpt lat="51.5275120" lon="-0.0782180">
    <ele>18.2</ele>
    <time>2024-09-12T17:34:20Z</time>
    <extensions>
     <gpxtpx:TrackPointExtension>
      <gpxtpx:hr>119</gpxtpx:hr>
     </gpxtpx:TrackPointExtension>
    </extensions>
   </trkpt>
   <trkpt lat="51.5275550" lon="-0.0782120">
    <ele>18.2</ele>
    <time>2024-09-12T17:34:21Z</time>
    <extensions>
     <gpxtpx:TrackPointExtension>
      <gpxtpx:hr>119</gpxtpx:hr>
     </gpxtpx:TrackPointExtension>
    </extensions>
   </trkpt>
   <trkpt lat="51.5275720" lon="-0.0782100">
    <ele>18.2</ele>
    <time>2024-09-12T17:34:22Z</time>
    <extensions>
     <gpxtpx:TrackPointExtension>
      <gpxtpx:hr>119</gpxtpx:hr>
     </gpxtpx:TrackPointExtension>
    </extensions>
   </trkpt>
   <trkpt lat="51.5275900" lon="-0.0782070">
    <ele>18.2</ele>
    <time>2024-09-12T17:34:23Z</time>
    <extensions>
     <gpxtpx:TrackPointExtension>
      <gpxtpx:hr>119</gpxtpx:hr>
     </gpxtpx:TrackPointExtension>
    </extensions>
   </trkpt>
   <trkpt lat="51.5276290" lon="-0.0782020">
    <ele>18.3</ele>
    <time>2024-09-12T17:34:24Z</time>
    <extensions>
     <gpxtpx:TrackPointExtension>
      <gpxtpx:hr>119</gpxtpx:hr>
     </gpxtpx:TrackPointExtension>
    </extensions>
   </trkpt>
   <trkpt lat="51.5276420" lon="-0.0782010">
    <ele>18.3</ele>
    <time>2024-09-12T17:34:25Z</time>
    <extensions>
     <gpxtpx:TrackPointExtension>
      <gpxtpx:hr>119</gpxtpx:hr>
     </gpxtpx:TrackPointExtension>
    </extensions>
   </trkpt>
   <trkpt lat="51.5276860" lon="-0.0781950">
    <ele>18.3</ele>
    <time>2024-09-12T17:34:26Z</time>
    <extensions>
     <gpxtpx:TrackPointExtension>
      <gpxtpx:hr>119</gpxtpx:hr>
     </gpxtpx:TrackPointExtension>
    </extensions>
   </trkpt>
   <trkpt lat="51.5277040" lon="-0.0781930">
    <ele>18.3</ele>
    <time>2024-09-12T17:34:27Z</time>
    <extensions>
     <gpxtpx:TrackPointExtension>
      <gpxtpx:hr>119</gpxtpx:hr>
     </gpxtpx:TrackPointExtension>
    </extensions>
   </trkpt>
   <trkpt lat="51.5277210" lon="-0.0781910">
    <ele>18.3</ele>
    <time>2024-09-12T17:34:28Z</time>
    <extensions>
     <gpxtpx:TrackPointExtension>
      <gpxtpx:hr>118</gpxtpx:hr>
     </gpxtpx:TrackPointExtension>
    </extensions>
   </trkpt>
   <trkpt lat="51.5277650" lon="-0.0781870">
    <ele>18.3</ele>
    <time>2024-09-12T17:34:29Z</time>
    <extensions>
     <gpxtpx:TrackPointExtension>
      <gpxtpx:hr>118</gpxtpx:hr>
     </gpxtpx:TrackPointExtension>
    </extensions>
   </trkpt>
   <trkpt lat="51.5277820" lon="-0.0781850">
    <ele>18.3</ele>
    <time>2024-09-12T17:34:30Z</time>
    <extensions>
     <gpxtpx:TrackPointExtension>
      <gpxtpx:hr>118</gpxtpx:hr>
     </gpxtpx:TrackPointExtension>
    </extensions>
   </trkpt>
   <trkpt lat="51.5278000" lon="-0.0781830">
    <ele>18.4</ele>
    <time>2024-09-12T17:34:31Z</time>
    <extensions>
     <gpxtpx:TrackPointExtension>
      <gpxtpx:hr>118</gpxtpx:hr>
     </gpxtpx:TrackPointExtension>
    </extensions>
   </trkpt>
   <trkpt lat="51.5278390" lon="-0.0781790">
    <ele>18.4</ele>
    <time>2024-09-12T17:34:32Z</time>
    <extensions>
     <gpxtpx:TrackPointExtension>
      <gpxtpx:hr>118</gpxtpx:hr>
     </gpxtpx:TrackPointExtension>
    </extensions>
   </trkpt>
   <trkpt lat="51.5278520" lon="-0.0781780">
    <ele>18.4</ele>
    <time>2024-09-12T17:34:33Z</time>
    <extensions>
     <gpxtpx:TrackPointExtension>
      <gpxtpx:hr>118</gpxtpx:hr>
     </gpxtpx:TrackPointExtension>
    </extensions>
   </trkpt>
   <trkpt lat="51.5278970" lon="-0.0781750">
    <ele>18.4</ele>
    <time>2024-09-12T17:34:34Z</time>
    <extensions>
     <gpxtpx:TrackPointExtension>
      <gpxtpx:hr>118</gpxtpx:hr>
     </gpxtpx:TrackPointExtension>
    </extensions>
   </trkpt>
   <trkpt lat="51.5279150" lon="-0.0781740">
    <ele>18.4</ele>
    <time>2024-09-12T17:34:35Z</time>
    <extensions>
     <gpxtpx:TrackPointExtension>
      <gpxtpx:hr>118</gpxtpx:hr>
     </gpxtpx:TrackPointExtension>
    </extensions>
   </trkpt>
   <trkpt lat="51.5279320" lon="-0.0781730">
    <ele>18.4</ele>
    <time>2024-09-12T17:34:36Z</time>
    <extensions>
     <gpxtpx:TrackPointExtension>
      <gpxtpx:hr>118</gpxtpx:hr>
     </gpxtpx:TrackPointExtension>
    </extensions>
   </trkpt>
   <trkpt lat="51.5279690" lon="-0.0781740">
    <ele>18.5</ele>
    <time>2024-09-12T17:34:37Z</time>
    <extensions>
     <gpxtpx:TrackPointExtension>
      <gpxtpx:hr>118</gpxtpx:hr>
     </gpxtpx:TrackPointExtension>
    </extensions>
   </trkpt>
   <trkpt lat="51.5279810" lon="-0.0781740">
    <ele>18.5</ele>
    <time>2024-09-12T17:34:38Z</time>
    <extensions>
     <gpxtpx:TrackPointExtension>
      <gpxtpx:hr>125</gpxtpx:hr>
     </gpxtpx:TrackPointExtension>
    </extensions>
   </trkpt>
   <trkpt lat="51.5280120" lon="-0.0781840">
    <ele>18.4</ele>
    <time>2024-09-12T17:34:39Z</time>
    <extensions>
     <gpxtpx:TrackPointExtension>
      <gpxtpx:hr>125</gpxtpx:hr>
     </gpxtpx:TrackPointExtension>
    </extensions>
   </trkpt>
   <trkpt lat="51.5280220" lon="-0.0781910">
    <ele>18.4</ele>
    <time>2024-09-12T17:34:40Z</time>
    <extensions>
     <gpxtpx:TrackPointExtension>
      <gpxtpx:hr>125</gpxtpx:hr>
     </gpxtpx:TrackPointExtension>
    </extensions>
   </trkpt>
   <trkpt lat="51.5280330" lon="-0.0781980">
    <ele>18.4</ele>
    <time>2024-09-12T17:34:41Z</time>
    <extensions>
     <gpxtpx:TrackPointExtension>
      <gpxtpx:hr>125</gpxtpx:hr>
     </gpxtpx:TrackPointExtension>
    </extensions>
   </trkpt>
   <trkpt lat="51.5280460" lon="-0.0782350">
    <ele>18.3</ele>
    <time>2024-09-12T17:34:42Z</time>
    <extensions>
     <gpxtpx:TrackPointExtension>
      <gpxtpx:hr>125</gpxtpx:hr>
     </gpxtpx:TrackPointExtension>
    </extensions>
   </trkpt>
   <trkpt lat="51.5280490" lon="-0.0782510">
    <ele>18.3</ele>
    <time>2024-09-12T17:34:43Z</time>
    <extensions>
     <gpxtpx:TrackPointExtension>
      <gpxtpx:hr>125</gpxtpx:hr>
     </gpxtpx:TrackPointExtension>
    </extensions>
   </trkpt>
   <trkpt lat="51.5280530" lon="-0.0783160">
    <ele>18.2</ele>
    <time>2024-09-12T17:34:44Z</time>
    <extensions>
     <gpxtpx:TrackPointExtension>
      <gpxtpx:hr>125</gpxtpx:hr>
     </gpxtpx:TrackPointExtension>
    </extensions>
   </trkpt>
   <trkpt lat="51.5280540" lon="-0.0783440">
    <ele>18.2</ele>
    <time>2024-09-12T17:34:45Z</time>
    <extensions>
     <gpxtpx:TrackPointExtension>
      <gpxtpx:hr>125</gpxtpx:hr>
     </gpxtpx:TrackPointExtension>
    </extensions>
   </trkpt>
   <trkpt lat="51.5280560" lon="-0.0783720">
    <ele>18.2</ele>
    <time>2024-09-12T17:34:46Z</time>
    <extensions>
     <gpxtpx:TrackPointExtension>
      <gpxtpx:hr>125</gpxtpx:hr>
     </gpxtpx:TrackPointExtension>
    </extensions>
   </trkpt>
   <trkpt lat="51.5280600" lon="-0.0784390">
    <ele>18.1</ele>
    <time>2024-09-12T17:34:47Z</time>
    <extensions>
     <gpxtpx:TrackPointExtension>
      <gpxtpx:hr>125</gpxtpx:hr>
     </gpxtpx:TrackPointExtension>
    </extensions>
   </trkpt>
   <trkpt lat="51.5280610" lon="-0.0784620">
    <ele>18.1</ele>
    <time>2024-09-12T17:34:48Z</time>
    <extensions>
     <gpxtpx:TrackPointExtension>
      <gpxtpx:hr>125</gpxtpx:hr>
     </gpxtpx:TrackPointExtension>
    </extensions>
   </trkpt>
   <trkpt lat="51.5280630" lon="-0.0785440">
    <ele>18.1</ele>
    <time>2024-09-12T17:34:49Z</time>
    <extensions>
     <gpxtpx:TrackPointExtension>
      <gpxtpx:hr>125</gpxtpx:hr>
     </gpxtpx:TrackPointExtension>
    </extensions>
   </trkpt>
   <trkpt lat="51.5280630" lon="-0.0785770">
    <ele>18.1</ele>
    <time>2024-09-12T17:34:50Z</time>
    <extensions>
     <gpxtpx:TrackPointExtension>
      <gpxtpx:hr>125</gpxtpx:hr>
     </gpxtpx:TrackPointExtension>
    </extensions>
   </trkpt>
   <trkpt lat="51.5280630" lon="-0.0786110">
    <ele>18.0</ele>
    <time>2024-09-12T17:34:51Z</time>
    <extensions>
     <gpxtpx:TrackPointExtension>
      <gpxtpx:hr>125</gpxtpx:hr>
     </gpxtpx:TrackPointExtension>
    </extensions>
   </trkpt>
   <trkpt lat="51.5280620" lon="-0.0786960">
    <ele>18.0</ele>
    <time>2024-09-12T17:34:52Z</time>
    <extensions>
     <gpxtpx:TrackPointExtension>
      <gpxtpx:hr>125</gpxtpx:hr>
     </gpxtpx:TrackPointExtension>
    </extensions>
   </trkpt>
   <trkpt lat="51.5280620" lon="-0.0787300">
    <ele>18.0</ele>
    <time>2024-09-12T17:34:53Z</time>
    <extensions>
     <gpxtpx:TrackPointExtension>
      <gpxtpx:hr>125</gpxtpx:hr>
     </gpxtpx:TrackPointExtension>
    </extensions>
   </trkpt>
   <trkpt lat="51.5280610" lon="-0.0787640">
    <ele>18.0</ele>
    <time>2024-09-12T17:34:54Z</time>
    <extensions>
     <gpxtpx:TrackPointExtension>
      <gpxtpx:hr>125</gpxtpx:hr>
     </gpxtpx:TrackPointExtension>
    </extensions>
   </trkpt>
   <trkpt lat="51.5280590" lon="-0.0788390">
    <ele>18.0</ele>
    <time>2024-09-12T17:34:55Z</time>
    <extensions>
     <gpxtpx:TrackPointExtension>
      <gpxtpx:hr>125</gpxtpx:hr>
     </gpxtpx:TrackPointExtension>
    </extensions>
   </trkpt>
   <trkpt lat="51.5280590" lon="-0.0788640">
    <ele>18.0</ele>
    <time>2024-09-12T17:34:56Z</time>
    <extensions>
     <gpxtpx:TrackPointExtension>
      <gpxtpx:hr>125</gpxtpx:hr>
     </gpxtpx:TrackPointExtension>
    </extensions>
   </trkpt>
   <trkpt lat="51.5280570" lon="-0.0789450">
    <ele>18.0</ele>
    <time>2024-09-12T17:34:57Z</time>
    <extensions>
     <gpxtpx:TrackPointExtension>
      <gpxtpx:hr>125</gpxtpx:hr>
     </gpxtpx:TrackPointExtension>
    </extensions>
   </trkpt>
   <trkpt lat="51.5280560" lon="-0.0789770">
    <ele>18.0</ele>
    <time>2024-09-12T17:34:58Z</time>
    <extensions>
     <gpxtpx:TrackPointExtension>
      <gpxtpx:hr>125</gpxtpx:hr>
     </gpxtpx:TrackPointExtension>
    </extensions>
   </trkpt>
   <trkpt lat="51.5280550" lon="-0.0790080">
    <ele>18.0</ele>
    <time>2024-09-12T17:34:59Z</time>
    <extensions>
     <gpxtpx:TrackPointExtension>
      <gpxtpx:hr>125</gpxtpx:hr>
     </gpxtpx:TrackPointExtension>
    </extensions>
   </trkpt>
   <trkpt lat="51.5280520" lon="-0.0790780">
    <ele>18.0</ele>
    <time>2024-09-12T17:35:00Z</time>
    <extensions>
     <gpxtpx:TrackPointExtension>
      <gpxtpx:hr>125</gpxtpx:hr>
     </gpxtpx:TrackPointExtension>
    </extensions>
   </trkpt>
   <trkpt lat="51.5280510" lon="-0.0791020">
    <ele>18.0</ele>
    <time>2024-09-12T17:35:01Z</time>
    <extensions>
     <gpxtpx:TrackPointExtension>
      <gpxtpx:hr>125</gpxtpx:hr>
     </gpxtpx:TrackPointExtension>
    </extensions>
   </trkpt>
   <trkpt lat="51.5280460" lon="-0.0791780">
    <ele>18.1</ele>
    <time>2024-09-12T17:35:02Z</time>
    <extensions>
     <gpxtpx:TrackPointExtension>
      <gpxtpx:hr>125</gpxtpx:hr>
     </gpxtpx:TrackPointExtension>
    </extensions>
   </trkpt>
   <trkpt lat="51.5280430" lon="-0.0792090">
    <ele>18.1</ele>
    <time>2024-09-12T17:35:03Z</time>
    <extensions>
     <gpxtpx:TrackPointExtension>
      <gpxtpx:hr>125</gpxtpx:hr>
     </gpxtpx:TrackPointExtension>
    </extensions>
   </trkpt>
   <trkpt lat="51.5280400" lon="-0.0792400">
    <ele>18.1</ele>
    <time>2024-09-12T17:35:04Z</time>
    <extensions>
     <gpxtpx:TrackPointExtension>
      <gpxtpx:hr>125</gpxtpx:hr>
     </gpxtpx:TrackPointExtension>
    </extensions>
   </trkpt>
   <trkpt lat="51.5280330" lon="-0.0793070">
    <ele>18.0</ele>
    <time>2024-09-12T17:35:05Z</time>
    <extensions>
     <gpxtpx:TrackPointExtension>
      <gpxtpx:hr>125</gpxtpx:hr>
     </gpxtpx:TrackPointExtension>
    </extensions>
   </trkpt>
   <trkpt lat="51.5280310" lon="-0.0793290">
    <ele>18.0</ele>
    <time>2024-09-12T17:35:06Z</time>
    <extensions>
     <gpxtpx:TrackPointExtension>
      <gpxtpx:hr>125</gpxtpx:hr>
     </gpxtpx:TrackPointExtension>
    </extensions>
   </trkpt>
   <trkpt lat="51.5280260" lon="-0.0794030">
    <ele>17.9</ele>
    <time>2024-09-12T17:35:07Z</time>
    <extensions>
     <gpxtpx:TrackPointExtension>
      <gpxtpx:hr>125</gpxtpx:hr>
     </gpxtpx:TrackPointExtension>
    </extensions>
   </trkpt>
   <trkpt lat="51.5280250" lon="-0.0794320">
    <ele>17.9</ele>
    <time>2024-09-12T17:35:08Z</time>
    <extensions>
     <gpxtpx:TrackPointExtension>
      <gpxtpx:hr>125</gpxtpx:hr>
     </gpxtpx:TrackPointExtension>
    </extensions>
   </trkpt>
   <trkpt lat="51.5280230" lon="-0.0794620">
    <ele>17.9</ele>
    <time>2024-09-12T17:35:09Z</time>
    <extensions>
     <gpxtpx:TrackPointExtension>
      <gpxtpx:hr>124</gpxtpx:hr>
     </gpxtpx:TrackPointExtension>
    </extensions>
   </trkpt>
   <trkpt lat="51.5280230" lon="-0.0795310">
    <ele>17.9</ele>
    <time>2024-09-12T17:35:10Z</time>
    <extensions>
     <gpxtpx:TrackPointExtension>
      <gpxtpx:hr>124</gpxtpx:hr>
     </gpxtpx:TrackPointExtension>
    </extensions>
   </trkpt>
   <trkpt lat="51.5280230" lon="-0.0795540">
    <ele>17.9</ele>
    <time>2024-09-12T17:35:11Z</time>
    <extensions>
     <gpxtpx:TrackPointExtension>
      <gpxtpx:hr>124</gpxtpx:hr>
     </gpxtpx:TrackPointExtension>
    </extensions>
   </trkpt>
   <trkpt lat="51.5280240" lon="-0.0796290">
    <ele>17.8</ele>
    <time>2024-09-12T17:35:12Z</time>
    <extensions>
     <gpxtpx:TrackPointExtension>
      <gpxtpx:hr>124</gpxtpx:hr>
     </gpxtpx:TrackPointExtension>
    </extensions>
   </trkpt>
   <trkpt lat="51.5280250" lon="-0.0796590">
    <ele>17.8</ele>
    <time>2024-09-12T17:35:13Z</time>
    <extensions>
     <gpxtpx:TrackPointExtension>
      <gpxtpx:hr>124</gpxtpx:hr>
     </gpxtpx:TrackPointExtension>
    </extensions>
   </trkpt>
   <trkpt lat="51.5280260" lon="-0.0796880">
    <ele>17.9</ele>
    <time>2024-09-12T17:35:14Z</time>
    <extensions>
     <gpxtpx:TrackPointExtension>
      <gpxtpx:hr>125</gpxtpx:hr>
     </gpxtpx:TrackPointExtension>
    </extensions>
   </trkpt>
   <trkpt lat="51.5280280" lon="-0.0797540">
    <ele>17.9</ele>
    <time>2024-09-12T17:35:15Z</time>
    <extensions>
     <gpxtpx:TrackPointExtension>
      <gpxtpx:hr>125</gpxtpx:hr>
     </gpxtpx:TrackPointExtension>
    </extensions>
   </trkpt>
   <trkpt lat="51.5280290" lon="-0.0797760">
    <ele>17.9</ele>
    <time>2024-09-12T17:35:16Z</time>
    <extensions>
     <gpxtpx:TrackPointExtension>
      <gpxtpx:hr>125</gpxtpx:hr>
     </gpxtpx:TrackPointExtension>
    </extensions>
   </trkpt>
   <trkpt lat="51.5280330" lon="-0.0798480">
    <ele>17.9</ele>
    <time>2024-09-12T17:35:17Z</time>
    <extensions>
     <gpxtpx:TrackPointExtension>
      <gpxtpx:hr>125</gpxtpx:hr>
     </gpxtpx:TrackPointExtension>
    </extensions>
   </trkpt>
   <trkpt lat="51.5280350" lon="-0.0798770">
    <ele>18.0</ele>
    <time>2024-09-12T17:35:18Z</time>
    <extensions>
     <gpxtpx:TrackPointExtension>
      <gpxtpx:hr>125</gpxtpx:hr>
     </gpxtpx:TrackPointExtension>
    </extensions>
   </trkpt>
   <trkpt lat="51.5280360" lon="-0.0799060">
    <ele>18.0</ele>
    <time>2024-09-12T17:35:19Z</time>
    <extensions>
     <gpxtpx:TrackPointExtension>
      <gpxtpx:hr>125</gpxtpx:hr>
     </gpxtpx:TrackPointExtension>
    </extensions>
   </trkpt>
   <trkpt lat="51.5280420" lon="-0.0799760">
    <ele>18.1</ele>
    <time>2024-09-12T17:35:20Z</time>
    <extensions>
     <gpxtpx:TrackPointExtension>
      <gpxtpx:hr>125</gpxtpx:hr>
     </gpxtpx:TrackPointExtension>
    </extensions>
   </trkpt>
   <trkpt lat="51.5280440" lon="-0.0800030">
    <ele>18.1</ele>
    <time>2024-09-12T17:35:21Z</time>
    <extensions>
     <gpxtpx:TrackPointExtension>
      <gpxtpx:hr>125</gpxtpx:hr>
     </gpxtpx:TrackPointExtension>
    </extensions>
   </trkpt>
   <trkpt lat="51.5280460" lon="-0.0800300">
    <ele>18.1</ele>
    <time>2024-09-12T17:35:22Z</time>
    <extensions>
     <gpxtpx:TrackPointExtension>
      <gpxtpx:hr>125</gpxtpx:hr>
     </gpxtpx:TrackPointExtension>
    </extensions>
   </trkpt>
   <trkpt lat="51.5280540" lon="-0.0800860">
    <ele>18.2</ele>
    <time>2024-09-12T17:35:23Z</time>
    <extensions>
     <gpxtpx:TrackPointExtension>
      <gpxtpx:hr>122</gpxtpx:hr>
     </gpxtpx:TrackPointExtension>
    </extensions>
   </trkpt>
   <trkpt lat="51.5280570" lon="-0.0801040">
    <ele>18.2</ele>
    <time>2024-09-12T17:35:24Z</time>
    <extensions>
     <gpxtpx:TrackPointExtension>
      <gpxtpx:hr>122</gpxtpx:hr>
     </gpxtpx:TrackPointExtension>
    </extensions>
   </trkpt>
   <trkpt lat="51.5280740" lon="-0.0801470">
    <ele>18.3</ele>
    <time>2024-09-12T17:35:25Z</time>
    <extensions>
     <gpxtpx:TrackPointExtension>
      <gpxtpx:hr>122</gpxtpx:hr>
     </gpxtpx:TrackPointExtension>
    </extensions>
   </trkpt>
   <trkpt lat="51.5280830" lon="-0.0801600">
    <ele>18.3</ele>
    <time>2024-09-12T17:35:26Z</time>
    <extensions>
     <gpxtpx:TrackPointExtension>
      <gpxtpx:hr>122</gpxtpx:hr>
     </gpxtpx:TrackPointExtension>
    </extensions>
   </trkpt>
   <trkpt lat="51.5280920" lon="-0.0801730">
    <ele>18.3</ele>
    <time>2024-09-12T17:35:27Z</time>
    <extensions>
     <gpxtpx:TrackPointExtension>
      <gpxtpx:hr>122</gpxtpx:hr>
     </gpxtpx:TrackPointExtension>
    </extensions>
   </trkpt>
   <trkpt lat="51.5281250" lon="-0.0801810">
    <ele>18.3</ele>
    <time>2024-09-12T17:35:28Z</time>
    <extensions>
     <gpxtpx:TrackPointExtension>
      <gpxtpx:hr>122</gpxtpx:hr>
     </gpxtpx:TrackPointExtension>
    </extensions>
   </trkpt>
   <trkpt lat="51.5281370" lon="-0.0801820">
    <ele>18.3</ele>
    <time>2024-09-12T17:35:29Z</time>
    <extensions>
     <gpxtpx:TrackPointExtension>
      <gpxtpx:hr>122</gpxtpx:hr>
     </gpxtpx:TrackPointExtension>
    </extensions>
   </trkpt>
   <trkpt lat="51.5281810" lon="-0.0801790">
    <ele>18.4</ele>
    <time>2024-09-12T17:35:30Z</time>
    <extensions>
     <gpxtpx:TrackPointExtension>
      <gpxtpx:hr>122</gpxtpx:hr>
     </gpxtpx:TrackPointExtension>
    </extensions>
   </trkpt>
   <trkpt lat="51.5281990" lon="-0.0801770">
    <ele>18.4</ele>
    <time>2024-09-12T17:35:31Z</time>
    <extensions>
     <gpxtpx:TrackPointExtension>
      <gpxtpx:hr>122</gpxtpx:hr>
     </gpxtpx:TrackPointExtension>
    </extensions>
   </trkpt>
   <trkpt lat="51.5282160" lon="-0.0801760">
    <ele>18.4</ele>
    <time>2024-09-12T17:35:32Z</time>
    <extensions>
     <gpxtpx:TrackPointExtension>
      <gpxtpx:hr>122</gpxtpx:hr>
     </gpxtpx:TrackPointExtension>
    </extensions>
   </trkpt>
   <trkpt lat="51.5282560" lon="-0.0801710">
    <ele>18.5</ele>
    <time>2024-09-12T17:35:33Z</time>
    <extensions>
     <gpxtpx:TrackPointExtension>
      <gpxtpx:hr>122</gpxtpx:hr>
     </gpxtpx:TrackPointExtension>
    </extensions>
   </trkpt>
   <trkpt lat="51.5282690" lon="-0.0801690">
    <ele>18.5</ele>
    <time>2024-09-12T17:35:34Z</time>
    <extensions>
     <gpxtpx:TrackPointExtension>
      <gpxtpx:hr>122</gpxtpx:hr>
     </gpxtpx:TrackPointExtension>
    </extensions>
   </trkpt>
   <trkpt lat="51.5283130" lon="-0.0801640">
    <ele>18.5</ele>
    <time>2024-09-12T17:35:35Z</time>
    <extensions>
     <gpxtpx:TrackPointExtension>
      <gpxtpx:hr>122</gpxtpx:hr>
     </gpxtpx:TrackPointExtension>
    </extensions>
   </trkpt>
   <trkpt lat="51.5283310" lon="-0.0801610">
    <ele>18.5</ele>
    <time>2024-09-12T17:35:36Z</time>
    <extensions>
     <gpxtpx:TrackPointExtension>
      <gpxtpx:hr>122</gpxtpx:hr>
     </gpxtpx:TrackPointExtension>
    </extensions>
   </trkpt>
   <trkpt lat="51.5283490" lon="-0.0801590">
    <ele>18.5</ele>
    <time>2024-09-12T17:35:37Z</time>
    <extensions>
     <gpxtpx:TrackPointExtension>
      <gpxtpx:hr>122</gpxtpx:hr>
     </gpxtpx:TrackPointExtension>
    </extensions>
   </trkpt>
   <trkpt lat="51.5283900" lon="-0.0801540">
    <ele>18.6</ele>
    <time>2024-09-12T17:35:38Z</time>
    <extensions>
     <gpxtpx:TrackPointExtension>
      <gpxtpx:hr>122</gpxtpx:hr>
     </gpxtpx:TrackPointExtension>
    </extensions>
   </trkpt>
   <trkpt lat="51.5284040" lon="-0.0801520">
    <ele>18.6</ele>
    <time>2024-09-12T17:35:39Z</time>
    <extensions>
     <gpxtpx:TrackPointExtension>
      <gpxtpx:hr>122</gpxtpx:hr>
     </gpxtpx:TrackPointExtension>
    </extensions>
   </trkpt>
   <trkpt lat="51.5284500" lon="-0.0801460">
    <ele>18.6</ele>
    <time>2024-09-12T17:35:40Z</time>
    <extensions>
     <gpxtpx:TrackPointExtension>
      <gpxtpx:hr>122</gpxtpx:hr>
     </gpxtpx:TrackPointExtension>
    </extensions>
   </trkpt>
   <trkpt lat="51.5284680" lon="-0.0801440">
    <ele>18.7</ele>
    <time>2024-09-12T17:35:41Z</time>
    <extensions>
     <gpxtpx:TrackPointExtension>
      <gpxtpx:hr>122</gpxtpx:hr>
     </gpxtpx:TrackPointExtension>
    </extensions>
   </trkpt>
   <trkpt lat="51.5284870" lon="-0.0801420">
    <ele>18.7</ele>
    <time>2024-09-12T17:35:42Z</time>
    <extensions>
     <gpxtpx:TrackPointExtension>
      <gpxtpx:hr>122</gpxtpx:hr>
     </gpxtpx:TrackPointExtension>
    </extensions>
   </trkpt>
   <trkpt lat="51.5285300" lon="-0.0801360">
    <ele>18.7</ele>
    <time>2024-09-12T17:35:43Z</time>
    <extensions>
     <gpxtpx:TrackPointExtension>
      <gpxtpx:hr>120</gpxtpx:hr>
     </gpxtpx:TrackPointExtension>
    </extensions>
   </trkpt>
   <trkpt lat="51.5285480" lon="-0.0801340">
    <ele>18.7</ele>
    <time>2024-09-12T17:35:44Z</time>
    <extensions>
     <gpxtpx:TrackPointExtension>
      <gpxtpx:hr>120</gpxtpx:hr>
     </gpxtpx:TrackPointExtension>
    </extensions>
   </trkpt>
   <trkpt lat="51.5285650" lon="-0.0801320">
    <ele>18.7</ele>
    <time>2024-09-12T17:35:45Z</time>
    <extensions>
     <gpxtpx:TrackPointExtension>
      <gpxtpx:hr>120</gpxtpx:hr>
     </gpxtpx:TrackPointExtension>
    </extensions>
   </trkpt>
   <trkpt lat="51.5286040" lon="-0.0801280">
    <ele>18.8</ele>
    <time>2024-09-12T17:35:46Z</time>
    <extensions>
     <gpxtpx:TrackPointExtension>
      <gpxtpx:hr>120</gpxtpx:hr>
     </gpxtpx:TrackPointExtension>
    </extensions>
   </trkpt>
   <trkpt lat="51.5286170" lon="-0.0801260">
    <ele>18.8</ele>
    <time>2024-09-12T17:35:47Z</time>
    <extensions>
     <gpxtpx:TrackPointExtension>
      <gpxtpx:hr>120</gpxtpx:hr>
     </gpxtpx:TrackPointExtension>
    </extensions>
   </trkpt>
   <trkpt lat="51.5286610" lon="-0.0801210">
    <ele>18.8</ele>
    <time>2024-09-12T17:35:48Z</time>
    <extensions>
     <gpxtpx:TrackPointExtension>
      <gpxtpx:hr>120</gpxtpx:hr>
     </gpxtpx:TrackPointExtension>
    </extensions>
   </trkpt>
   <trkpt lat="51.5286780" lon="-0.0801190">
    <ele>18.8</ele>
    <time>2024-09-12T17:35:49Z</time>
    <extensions>
     <gpxtpx:TrackPointExtension>
      <gpxtpx:hr>119</gpxtpx:hr>
     </gpxtpx:TrackPointExtension>
    </extensions>
   </trkpt>
   <trkpt lat="51.5286960" lon="-0.0801170">
    <ele>18.9</ele>
    <time>2024-09-12T17:35:50Z</time>
    <extensions>
     <gpxtpx:TrackPointExtension>
      <gpxtpx:hr>119</gpxtpx:hr>
     </gpxtpx:TrackPointExtension>
    </extensions>
   </trkpt>
   <trkpt lat="51.5287340" lon="-0.0801120">
    <ele>18.9</ele>
    <time>2024-09-12T17:35:51Z</time>
    <extensions>
     <gpxtpx:TrackPointExtension>
      <gpxtpx:hr>119</gpxtpx:hr>
     </gpxtpx:TrackPointExtension>
    </extensions>
   </trkpt>
   <trkpt lat="51.5287470" lon="-0.0801100">
    <ele>18.9</ele>
    <time>2024-09-12T17:35:52Z</time>
    <extensions>
     <gpxtpx:TrackPointExtension>
      <gpxtpx:hr>119</gpxtpx:hr>
     </gpxtpx:TrackPointExtension>
    </extensions>
   </trkpt>
   <trkpt lat="51.5287900" lon="-0.0801050">
    <ele>19.0</ele>
    <time>2024-09-12T17:35:53Z</time>
    <extensions>
     <gpxtpx:TrackPointExtension>
      <gpxtpx:hr>119</gpxtpx:hr>
     </gpxtpx:TrackPointExtension>
    </extensions>
   </trkpt>
   <trkpt lat="51.5288070" lon="-0.0801030">
    <ele>19.0</ele>
    <time>2024-09-12T17:35:54Z</time>
    <extensions>
     <gpxtpx:TrackPointExtension>
      <gpxtpx:hr>119</gpxtpx:hr>
     </gpxtpx:TrackPointExtension>
    </extensions>
   </trkpt>
   <trkpt lat="51.5288240" lon="-0.0801000">
    <ele>19.0</ele>
    <time>2024-09-12T17:35:55Z</time>
    <extensions>
     <gpxtpx:TrackPointExtension>
      <gpxtpx:hr>119</gpxtpx:hr>
     </gpxtpx:TrackPointExtension>
    </extensions>
   </trkpt>
   <trkpt lat="51.5288630" lon="-0.0800950">
    <ele>19.0</ele>
    <time>2024-09-12T17:35:56Z</time>
    <extensions>
     <gpxtpx:TrackPointExtension>
      <gpxtpx:hr>119</gpxtpx:hr>
     </gpxtpx:TrackPointExtension>
    </extensions>
   </trkpt>
   <trkpt lat="51.5288760" lon="-0.0800940">
    <ele>19.0</ele>
    <time>2024-09-12T17:35:57Z</time>
    <extensions>
     <gpxtpx:TrackPointExtension>
      <gpxtpx:hr>120</gpxtpx:hr>
     </gpxtpx:TrackPointExtension>
    </extensions>
   </trkpt>
   <trkpt lat="51.5289190" lon="-0.0800880">
    <ele>19.0</ele>
    <time>2024-09-12T17:35:58Z</time>
    <extensions>
     <gpxtpx:TrackPointExtension>
      <gpxtpx:hr>120</gpxtpx:hr>
     </gpxtpx:TrackPointExtension>
    </extensions>
   </trkpt>
   <trkpt lat="51.5289360" lon="-0.0800860">
    <ele>19.1</ele>
    <time>2024-09-12T17:35:59Z</time>
    <extensions>
     <gpxtpx:TrackPointExtension>
      <gpxtpx:hr>120</gpxtpx:hr>
     </gpxtpx:TrackPointExtension>
    </extensions>
   </trkpt>
   <trkpt lat="51.5289530" lon="-0.0800840">
    <ele>19.1</ele>
    <time>2024-09-12T17:36:00Z</time>
    <extensions>
     <gpxtpx:TrackPointExtension>
      <gpxtpx:hr>120</gpxtpx:hr>
     </gpxtpx:TrackPointExtension>
    </extensions>
   </trkpt>
   <trkpt lat="51.5289910" lon="-0.0800790">
    <ele>19.1</ele>
    <time>2024-09-12T17:36:01Z</time>
    <extensions>
     <gpxtpx:TrackPointExtension>
      <gpxtpx:hr>120</gpxtpx:hr>
     </gpxtpx:TrackPointExtension>
    </extensions>
   </trkpt>
   <trkpt lat="51.5290030" lon="-0.0800770">
    <ele>19.1</ele>
    <time>2024-09-12T17:36:02Z</time>
    <extensions>
     <gpxtpx:TrackPointExtension>
      <gpxtpx:hr>120</gpxtpx:hr>
     </gpxtpx:TrackPointExtension>
    </extensions>
   </trkpt>
   <trkpt lat="51.5290450" lon="-0.0800720">
    <ele>19.1</ele>
    <time>2024-09-12T17:36:03Z</time>
    <extensions>
     <gpxtpx:TrackPointExtension>
      <gpxtpx:hr>120</gpxtpx:hr>
     </gpxtpx:TrackPointExtension>
    </extensions>
   </trkpt>
   <trkpt lat="51.5290620" lon="-0.0800700">
    <ele>19.2</ele>
    <time>2024-09-12T17:36:04Z</time>
    <extensions>
     <gpxtpx:TrackPointExtension>
      <gpxtpx:hr>120</gpxtpx:hr>
     </gpxtpx:TrackPointExtension>
    </extensions>
   </trkpt>
   <trkpt lat="51.5290780" lon="-0.0800680">
    <ele>19.2</ele>
    <time>2024-09-12T17:36:05Z</time>
    <extensions>
     <gpxtpx:TrackPointExtension>
      <gpxtpx:hr>120</gpxtpx:hr>
     </gpxtpx:TrackPointExtension>
    </extensions>
   </trkpt>
   <trkpt lat="51.5291210" lon="-0.0800650">
    <ele>19.2</ele>
    <time>2024-09-12T17:36:06Z</time>
    <extensions>
     <gpxtpx:TrackPointExtension>
      <gpxtpx:hr>120</gpxtpx:hr>
     </gpxtpx:TrackPointExtension>
    </extensions>
   </trkpt>
   <trkpt lat="51.5291380" lon="-0.0800650">
    <ele>19.2</ele>
    <time>2024-09-12T17:36:07Z</time>
    <extensions>
     <gpxtpx:TrackPointExtension>
      <gpxtpx:hr>120</gpxtpx:hr>
     </gpxtpx:TrackPointExtension>
    </extensions>
   </trkpt>
   <trkpt lat="51.5291550" lon="-0.0800640">
    <ele>19.2</ele>
    <time>2024-09-12T17:36:08Z</time>
    <extensions>
     <gpxtpx:TrackPointExtension>
      <gpxtpx:hr>119</gpxtpx:hr>
     </gpxtpx:TrackPointExtension>
    </extensions>
   </trkpt>
   <trkpt lat="51.5291920" lon="-0.0800630">
    <ele>19.2</ele>
    <time>2024-09-12T17:36:09Z</time>
    <extensions>
     <gpxtpx:TrackPointExtension>
      <gpxtpx:hr>119</gpxtpx:hr>
     </gpxtpx:TrackPointExtension>
    </extensions>
   </trkpt>
   <trkpt lat="51.5292040" lon="-0.0800620">
    <ele>19.3</ele>
    <time>2024-09-12T17:36:10Z</time>
    <extensions>
     <gpxtpx:TrackPointExtension>
      <gpxtpx:hr>119</gpxtpx:hr>
     </gpxtpx:TrackPointExtension>
    </extensions>
   </trkpt>
   <trkpt lat="51.5292460" lon="-0.0800620">
    <ele>19.3</ele>
    <time>2024-09-12T17:36:11Z</time>
    <extensions>
     <gpxtpx:TrackPointExtension>
      <gpxtpx:hr>119</gpxtpx:hr>
     </gpxtpx:TrackPointExtension>
    </extensions>
   </trkpt>
   <trkpt lat="51.5292630" lon="-0.0800620">
    <ele>19.3</ele>
    <time>2024-09-12T17:36:12Z</time>
    <extensions>
     <gpxtpx:TrackPointExtension>
      <gpxtpx:hr>119</gpxtpx:hr>
     </gpxtpx:TrackPointExtension>
    </extensions>
   </trkpt>
   <trkpt lat="51.5292790" lon="-0.0800620">
    <ele>19.3</ele>
    <time>2024-09-12T17:36:13Z</time>
    <extensions>
     <gpxtpx:TrackPointExtension>
      <gpxtpx:hr>119</gpxtpx:hr>
     </gpxtpx:TrackPointExtension>
    </extensions>
   </trkpt>
   <trkpt lat="51.5293180" lon="-0.0800630">
    <ele>19.3</ele>
    <time>2024-09-12T17:36:14Z</time>
    <extensions>
     <gpxtpx:TrackPointExtension>
      <gpxtpx:hr>119</gpxtpx:hr>
     </gpxtpx:TrackPointExtension>
    </extensions>
   </trkpt>
   <trkpt lat="51.5293310" lon="-0.0800630">
    <ele>19.3</ele>
    <time>2024-09-12T17:36:15Z</time>
    <extensions>
     <gpxtpx:TrackPointExtension>
      <gpxtpx:hr>119</gpxtpx:hr>
     </gpxtpx:TrackPointExtension>
    </extensions>
   </trkpt>
   <trkpt lat="51.5293750" lon="-0.0800660">
    <ele>19.4</ele>
    <time>2024-09-12T17:36:16Z</time>
    <extensions>
     <gpxtpx:TrackPointExtension>
      <gpxtpx:hr>119</gpxtpx:hr>
     </gpxtpx:TrackPointExtension>
    </extensions>
   </trkpt>
   <trkpt lat="51.5293920" lon="-0.0800680">
    <ele>19.4</ele>
    <time>2024-09-12T17:36:17Z</time>
    <extensions>
     <gpxtpx:TrackPointExtension>
      <gpxtpx:hr>119</gpxtpx:hr>
     </gpxtpx:TrackPointExtension>
    </extensions>
   </trkpt>
   <trkpt lat="51.5294100" lon="-0.0800700">
    <ele>19.4</ele>
    <time>2024-09-12T17:36:18Z</time>
    <extensions>
     <gpxtpx:TrackPointExtension>
      <gpxtpx:hr>119</gpxtpx:hr>
     </gpxtpx:TrackPointExtension>
    </extensions>
   </trkpt>
   <trkpt lat="51.5294500" lon="-0.0800760">
    <ele>19.4</ele>
    <time>2024-09-12T17:36:19Z</time>
    <extensions>
     <gpxtpx:TrackPointExtension>
      <gpxtpx:hr>119</gpxtpx:hr>
     </gpxtpx:TrackPointExtension>
    </extensions>
   </trkpt>
   <trkpt lat="51.5294630" lon="-0.0800790">
    <ele>19.4</ele>
    <time>2024-09-12T17:36:20Z</time>
    <extensions>
     <gpxtpx:TrackPointExtension>
      <gpxtpx:hr>122</gpxtpx:hr>
     </gpxtpx:TrackPointExtension>
    </extensions>
   </trkpt>
   <trkpt lat="51.5295060" lon="-0.0800910">
    <ele>19.4</ele>
    <time>2024-09-12T17:36:21Z</time>
    <extensions>
     <gpxtpx:TrackPointExtension>
      <gpxtpx:hr>122</gpxtpx:hr>
     </gpxtpx:TrackPointExtension>
    </extensions>
   </trkpt>
   <trkpt lat="51.5295240" lon="-0.0800960">
    <ele>19.4</ele>
    <time>2024-09-12T17:36:22Z</time>
    <extensions>
     <gpxtpx:TrackPointExtension>
      <gpxtpx:hr>122</gpxtpx:hr>
     </gpxtpx:TrackPointExtension>
    </extensions>
   </trkpt>
   <trkpt lat="51.5295410" lon="-0.0801020">
    <ele>19.4</ele>
    <time>2024-09-12T17:36:23Z</time>
    <extensions>
     <gpxtpx:TrackPointExtension>
      <gpxtpx:hr>122</gpxtpx:hr>
     </gpxtpx:TrackPointExtension>
    </extensions>
   </trkpt>
   <trkpt lat="51.5295790" lon="-0.0801150">
    <ele>19.5</ele>
    <time>2024-09-12T17:36:24Z</time>
    <extensions>
     <gpxtpx:TrackPointExtension>
      <gpxtpx:hr>122</gpxtpx:hr>
     </gpxtpx:TrackPointExtension>
    </extensions>
   </trkpt>
   <trkpt lat="51.5295920" lon="-0.0801200">
    <ele>19.5</ele>
    <time>2024-09-12T17:36:25Z</time>
    <extensions>
     <gpxtpx:TrackPointExtension>
      <gpxtpx:hr>122</gpxtpx:hr>
     </gpxtpx:TrackPointExtension>
    </extensions>
   </trkpt>
   <trkpt lat="51.5296340" lon="-0.0801370">
    <ele>19.5</ele>
    <time>2024-09-12T17:36:26Z</time>
    <extensions>
     <gpxtpx:TrackPointExtension>
      <gpxtpx:hr>122</gpxtpx:hr>
     </gpxtpx:TrackPointExtension>
    </extensions>
   </trkpt>
   <trkpt lat="51.5296510" lon="-0.0801440">
    <ele>19.5</ele>
    <time>2024-09-12T17:36:27Z</time>
    <extensions>
     <gpxtpx:TrackPointExtension>
      <gpxtpx:hr>122</gpxtpx:hr>
     </gpxtpx:TrackPointExtension>
    </extensions>
   </trkpt>
   <trkpt lat="51.5296680" lon="-0.0801510">
    <ele>19.5</ele>
    <time>2024-09-12T17:36:28Z</time>
    <extensions>
     <gpxtpx:TrackPointExtension>
      <gpxtpx:hr>122</gpxtpx:hr>
     </gpxtpx:TrackPointExtension>
    </extensions>
   </trkpt>
   <trkpt lat="51.5297140" lon="-0.0801710">
    <ele>19.5</ele>
    <time>2024-09-12T17:36:29Z</time>
    <extensions>
     <gpxtpx:TrackPointExtension>
      <gpxtpx:hr>122</gpxtpx:hr>
     </gpxtpx:TrackPointExtension>
    </extensions>
   </trkpt>
   <trkpt lat="51.5297330" lon="-0.0801800">
    <ele>19.5</ele>
    <time>2024-09-12T17:36:30Z</time>
    <extensions>
     <gpxtpx:TrackPointExtension>
      <gpxtpx:hr>122</gpxtpx:hr>
     </gpxtpx:TrackPointExtension>
    </extensions>
   </trkpt>
   <trkpt lat="51.5297510" lon="-0.0801880">
    <ele>19.5</ele>
    <time>2024-09-12T17:36:31Z</time>
    <extensions>
     <gpxtpx:TrackPointExtension>
      <gpxtpx:hr>122</gpxtpx:hr>
     </gpxtpx:TrackPointExtension>
    </extensions>
   </trkpt>
   <trkpt lat="51.5297930" lon="-0.0802070">
    <ele>19.6</ele>
    <time>2024-09-12T17:36:32Z</time>
    <extensions>
     <gpxtpx:TrackPointExtension>
      <gpxtpx:hr>124</gpxtpx:hr>
     </gpxtpx:TrackPointExtension>
    </extensions>
   </trkpt>
   <trkpt lat="51.5298070" lon="-0.0802140">
    <ele>19.6</ele>
    <time>2024-09-12T17:36:33Z</time>
    <extensions>
     <gpxtpx:TrackPointExtension>
      <gpxtpx:hr>124</gpxtpx:hr>
     </gpxtpx:TrackPointExtension>
    </extensions>
   </trkpt>
   <trkpt lat="51.5298530" lon="-0.0802340">
    <ele>19.6</ele>
    <time>2024-09-12T17:36:34Z</time>
    <extensions>
     <gpxtpx:TrackPointExtension>
      <gpxtpx:hr>126</gpxtpx:hr>
     </gpxtpx:TrackPointExtension>
    </extensions>
   </trkpt>
   <trkpt lat="51.5298720" lon="-0.0802410">
    <ele>19.6</ele>
    <time>2024-09-12T17:36:35Z</time>
    <extensions>
     <gpxtpx:TrackPointExtension>
      <gpxtpx:hr>126</gpxtpx:hr>
     </gpxtpx:TrackPointExtension>
    </extensions>
   </trkpt>
   <trkpt lat="51.5298900" lon="-0.0802490">
    <ele>19.6</ele>
    <time>2024-09-12T17:36:36Z</time>
    <extensions>
     <gpxtpx:TrackPointExtension>
      <gpxtpx:hr>126</gpxtpx:hr>
     </gpxtpx:TrackPointExtension>
    </extensions>
   </trkpt>
   <trkpt lat="51.5299320" lon="-0.0802650">
    <ele>19.6</ele>
    <time>2024-09-12T17:36:37Z</time>
    <extensions>
     <gpxtpx:TrackPointExtension>
      <gpxtpx:hr>126</gpxtpx:hr>
     </gpxtpx:TrackPointExtension>
    </extensions>
   </trkpt>
   <trkpt lat="51.5299460" lon="-0.0802700">
    <ele>19.6</ele>
    <time>2024-09-12T17:36:38Z</time>
    <extensions>
     <gpxtpx:TrackPointExtension>
      <gpxtpx:hr>126</gpxtpx:hr>
     </gpxtpx:TrackPointExtension>
    </extensions>
   </trkpt>
   <trkpt lat="51.5299920" lon="-0.0802860">
    <ele>19.6</ele>
    <time>2024-09-12T17:36:39Z</time>
    <extensions>
     <gpxtpx:TrackPointExtension>
      <gpxtpx:hr>126</gpxtpx:hr>
     </gpxtpx:TrackPointExtension>
    </extensions>
   </trkpt>
   <trkpt lat="51.5300110" lon="-0.0802910">
    <ele>19.6</ele>
    <time>2024-09-12T17:36:40Z</time>
    <extensions>
     <gpxtpx:TrackPointExtension>
      <gpxtpx:hr>126</gpxtpx:hr>
     </gpxtpx:TrackPointExtension>
    </extensions>
   </trkpt>
   <trkpt lat="51.5300290" lon="-0.0802970">
    <ele>19.6</ele>
    <time>2024-09-12T17:36:41Z</time>
    <extensions>
     <gpxtpx:TrackPointExtension>
      <gpxtpx:hr>126</gpxtpx:hr>
     </gpxtpx:TrackPointExtension>
    </extensions>
   </trkpt>
   <trkpt lat="51.5300690" lon="-0.0803080">
    <ele>19.6</ele>
    <time>2024-09-12T17:36:42Z</time>
    <extensions>
     <gpxtpx:TrackPointExtension>
      <gpxtpx:hr>126</gpxtpx:hr>
     </gpxtpx:TrackPointExtension>
    </extensions>
   </trkpt>
   <trkpt lat="51.5300820" lon="-0.0803110">
    <ele>19.6</ele>
    <time>2024-09-12T17:36:43Z</time>
    <extensions>
     <gpxtpx:TrackPointExtension>
      <gpxtpx:hr>122</gpxtpx:hr>
     </gpxtpx:TrackPointExtension>
    </extensions>
   </trkpt>
   <trkpt lat="51.5301260" lon="-0.0803200">
    <ele>19.6</ele>
    <time>2024-09-12T17:36:44Z</time>
    <extensions>
     <gpxtpx:TrackPointExtension>
      <gpxtpx:hr>122</gpxtpx:hr>
     </gpxtpx:TrackPointExtension>
    </extensions>
   </trkpt>
   <trkpt lat="51.5301430" lon="-0.0803230">
    <ele>19.6</ele>
    <time>2024-09-12T17:36:45Z</time>
    <extensions>
     <gpxtpx:TrackPointExtension>
      <gpxtpx:hr>122</gpxtpx:hr>
     </gpxtpx:TrackPointExtension>
    </extensions>
   </trkpt>
   <trkpt lat="51.5301610" lon="-0.0803260">
    <ele>19.6</ele>
    <time>2024-09-12T17:36:46Z</time>
    <extensions>
     <gpxtpx:TrackPointExtension>
      <gpxtpx:hr>122</gpxtpx:hr>
     </gpxtpx:TrackPointExtension>
    </extensions>
   </trkpt>
   <trkpt lat="51.5302000" lon="-0.0803310">
    <ele>19.6</ele>
    <time>2024-09-12T17:36:47Z</time>
    <extensions>
     <gpxtpx:TrackPointExtension>
      <gpxtpx:hr>122</gpxtpx:hr>
     </gpxtpx:TrackPointExtension>
    </extensions>
   </trkpt>
   <trkpt lat="51.5302130" lon="-0.0803320">
    <ele>19.6</ele>
    <time>2024-09-12T17:36:48Z</time>
    <extensions>
     <gpxtpx:TrackPointExtension>
      <gpxtpx:hr>122</gpxtpx:hr>
     </gpxtpx:TrackPointExtension>
    </extensions>
   </trkpt>
   <trkpt lat="51.5302560" lon="-0.0803360">
    <ele>19.6</ele>
    <time>2024-09-12T17:36:49Z</time>
    <extensions>
     <gpxtpx:TrackPointExtension>
      <gpxtpx:hr>121</gpxtpx:hr>
     </gpxtpx:TrackPointExtension>
    </extensions>
   </trkpt>
   <trkpt lat="51.5302730" lon="-0.0803360">
    <ele>19.6</ele>
    <time>2024-09-12T17:36:50Z</time>
    <extensions>
     <gpxtpx:TrackPointExtension>
      <gpxtpx:hr>121</gpxtpx:hr>
     </gpxtpx:TrackPointExtension>
    </extensions>
   </trkpt>
   <trkpt lat="51.5302900" lon="-0.0803370">
    <ele>19.6</ele>
    <time>2024-09-12T17:36:51Z</time>
    <extensions>
     <gpxtpx:TrackPointExtension>
      <gpxtpx:hr>121</gpxtpx:hr>
     </gpxtpx:TrackPointExtension>
    </extensions>
   </trkpt>
   <trkpt lat="51.5303340" lon="-0.0803360">
    <ele>19.6</ele>
    <time>2024-09-12T17:36:52Z</time>
    <extensions>
     <gpxtpx:TrackPointExtension>
      <gpxtpx:hr>121</gpxtpx:hr>
     </gpxtpx:TrackPointExtension>
    </extensions>
   </trkpt>
   <trkpt lat="51.5303520" lon="-0.0803350">
    <ele>19.6</ele>
    <time>2024-09-12T17:36:53Z</time>
    <extensions>
     <gpxtpx:TrackPointExtension>
      <gpxtpx:hr>121</gpxtpx:hr>
     </gpxtpx:TrackPointExtension>
    </extensions>
   </trkpt>
   <trkpt lat="51.5303700" lon="-0.0803350">
    <ele>19.6</ele>
    <time>2024-09-12T17:36:54Z</time>
    <extensions>
     <gpxtpx:TrackPointExtension>
      <gpxtpx:hr>121</gpxtpx:hr>
     </gpxtpx:TrackPointExtension>
    </extensions>
   </trkpt>
   <trkpt lat="51.5304110" lon="-0.0803320">
    <ele>19.6</ele>
    <time>2024-09-12T17:36:55Z</time>
    <extensions>
     <gpxtpx:TrackPointExtension>
      <gpxtpx:hr>121</gpxtpx:hr>
     </gpxtpx:TrackPointExtension>
    </extensions>
   </trkpt>
   <trkpt lat="51.5304250" lon="-0.0803300">
    <ele>19.6</ele>
    <time>2024-09-12T17:36:56Z</time>
    <extensions>
     <gpxtpx:TrackPointExtension>
      <gpxtpx:hr>121</gpxtpx:hr>
     </gpxtpx:TrackPointExtension>
    </extensions>
   </trkpt>
   <trkpt lat="51.5304700" lon="-0.0803250">
    <ele>19.7</ele>
    <time>2024-09-12T17:36:57Z</time>
    <extensions>
     <gpxtpx:TrackPointExtension>
      <gpxtpx:hr>121</gpxtpx:hr>
     </gpxtpx:TrackPointExtension>
    </extensions>
   </trkpt>
   <trkpt lat="51.5304880" lon="-0.0803230">
    <ele>19.7</ele>
    <time>2024-09-12T17:36:58Z</time>
    <extensions>
     <gpxtpx:TrackPointExtension>
      <gpxtpx:hr>121</gpxtpx:hr>
     </gpxtpx:TrackPointExtension>
    </extensions>
   </trkpt>
   <trkpt lat="51.5305060" lon="-0.0803200">
    <ele>19.7</ele>
    <time>2024-09-12T17:36:59Z</time>
    <extensions>
     <gpxtpx:TrackPointExtension>
      <gpxtpx:hr>121</gpxtpx:hr>
     </gpxtpx:TrackPointExtension>
    </extensions>
   </trkpt>
   <trkpt lat="51.5305470" lon="-0.0803150">
    <ele>19.7</ele>
    <time>2024-09-12T17:37:00Z</time>
    <extensions>
     <gpxtpx:TrackPointExtension>
      <gpxtpx:hr>121</gpxtpx:hr>
     </gpxtpx:TrackPointExtension>
    </extensions>
   </trkpt>
   <trkpt lat="51.5305600" lon="-0.0803140">
    <ele>19.7</ele>
    <time>2024-09-12T17:37:01Z</time>
    <extensions>
     <gpxtpx:TrackPointExtension>
      <gpxtpx:hr>121</gpxtpx:hr>
     </gpxtpx:TrackPointExtension>
    </extensions>
   </trkpt>
   <trkpt lat="51.5306050" lon="-0.0803080">
    <ele>19.7</ele>
    <time>2024-09-12T17:37:02Z</time>
    <extensions>
     <gpxtpx:TrackPointExtension>
      <gpxtpx:hr>121</gpxtpx:hr>
     </gpxtpx:TrackPointExtension>
    </extensions>
   </trkpt>
   <trkpt lat="51.5306230" lon="-0.0803060">
    <ele>19.7</ele>
    <time>2024-09-12T17:37:03Z</time>
    <extensions>
     <gpxtpx:TrackPointExtension>
      <gpxtpx:hr>122</gpxtpx:hr>
     </gpxtpx:TrackPointExtension>
    </extensions>
   </trkpt>
   <trkpt lat="51.5306410" lon="-0.0803040">
    <ele>19.7</ele>
    <time>2024-09-12T17:37:04Z</time>
    <extensions>
     <gpxtpx:TrackPointExtension>
      <gpxtpx:hr>122</gpxtpx:hr>
     </gpxtpx:TrackPointExtension>
    </extensions>
   </trkpt>
   <trkpt lat="51.5306810" lon="-0.0803000">
    <ele>19.8</ele>
    <time>2024-09-12T17:37:05Z</time>
    <extensions>
     <gpxtpx:TrackPointExtension>
      <gpxtpx:hr>122</gpxtpx:hr>
     </gpxtpx:TrackPointExtension>
    </extensions>
   </trkpt>
   <trkpt lat="51.5306950" lon="-0.0802990">
    <ele>19.8</ele>
    <time>2024-09-12T17:37:06Z</time>
    <extensions>
     <gpxtpx:TrackPointExtension>
      <gpxtpx:hr>122</gpxtpx:hr>
     </gpxtpx:TrackPointExtension>
    </extensions>
   </trkpt>
   <trkpt lat="51.5307380" lon="-0.0802950">
    <ele>19.8</ele>
    <time>2024-09-12T17:37:07Z</time>
    <extensions>
     <gpxtpx:TrackPointExtension>
      <gpxtpx:hr>122</gpxtpx:hr>
     </gpxtpx:TrackPointExtension>
    </extensions>
   </trkpt>
   <trkpt lat="51.5307560" lon="-0.0802940">
    <ele>19.8</ele>
    <time>2024-09-12T17:37:08Z</time>
    <extensions>
     <gpxtpx:TrackPointExtension>
      <gpxtpx:hr>122</gpxtpx:hr>
     </gpxtpx:TrackPointExtension>
    </extensions>
   </trkpt>
   <trkpt lat="51.5307730" lon="-0.0802930">
    <ele>19.8</ele>
    <time>2024-09-12T17:37:09Z</time>
    <extensions>
     <gpxtpx:TrackPointExtension>
      <gpxtpx:hr>122</gpxtpx:hr>
     </gpxtpx:TrackPointExtension>
    </extensions>
   </trkpt>
   <trkpt lat="51.5308130" lon="-0.0802900">
    <ele>19.8</ele>
    <time>2024-09-12T17:37:10Z</time>
    <extensions>
     <gpxtpx:TrackPointExtension>
      <gpxtpx:hr>122</gpxtpx:hr>
     </gpxtpx:TrackPointExtension>
    </extensions>
   </trkpt>
   <trkpt lat="51.5308260" lon="-0.0802890">
    <ele>19.8</ele>
    <time>2024-09-12T17:37:11Z</time>
    <extensions>
     <gpxtpx:TrackPointExtension>
      <gpxtpx:hr>121</gpxtpx:hr>
     </gpxtpx:TrackPointExtension>
    </extensions>
   </trkpt>
   <trkpt lat="51.5308690" lon="-0.0802870">
    <ele>19.8</ele>
    <time>2024-09-12T17:37:12Z</time>
    <extensions>
     <gpxtpx:TrackPointExtension>
      <gpxtpx:hr>121</gpxtpx:hr>
     </gpxtpx:TrackPointExtension>
    </extensions>
   </trkpt>
   <trkpt lat="51.5308860" lon="-0.0802870">
    <ele>19.8</ele>
    <time>2024-09-12T17:37:13Z</time>
    <extensions>
     <gpxtpx:TrackPointExtension>
      <gpxtpx:hr>121</gpxtpx:hr>
     </gpxtpx:TrackPointExtension>
    </extensions>
   </trkpt>
   <trkpt lat="51.5309030" lon="-0.0802860">
    <ele>19.8</ele>
    <time>2024-09-12T17:37:14Z</time>
    <extensions>
     <gpxtpx:TrackPointExtension>
      <gpxtpx:hr>121</gpxtpx:hr>
     </gpxtpx:TrackPointExtension>
    </extensions>
   </trkpt>
   <trkpt lat="51.5309410" lon="-0.0802850">
    <ele>19.8</ele>
    <time>2024-09-12T17:37:15Z</time>
    <extensions>
     <gpxtpx:TrackPointExtension>
      <gpxtpx:hr>122</gpxtpx:hr>
     </gpxtpx:TrackPointExtension>
    </extensions>
   </trkpt>
   <trkpt lat="51.5309530" lon="-0.0802840">
    <ele>19.8</ele>
    <time>2024-09-12T17:37:16Z</time>
    <extensions>
     <gpxtpx:TrackPointExtension>
      <gpxtpx:hr>122</gpxtpx:hr>
     </gpxtpx:TrackPointExtension>
    </extensions>
   </trkpt>
   <trkpt lat="51.5309950" lon="-0.0802840">
    <ele>19.8</ele>
    <time>2024-09-12T17:37:17Z</time>
    <extensions>
     <gpxtpx:TrackPointExtension>
      <gpxtpx:hr>122</gpxtpx:hr>
     </gpxtpx:TrackPointExtension>
    </extensions>
   </trkpt>
   <trkpt lat="51.5310120" lon="-0.0802830">
    <ele>19.8</ele>
    <time>2024-09-12T17:37:18Z</time>
    <extensions>
     <gpxtpx:TrackPointExtension>
      <gpxtpx:hr>122</gpxtpx:hr>
     </gpxtpx:TrackPointExtension>
    </extensions>
   </trkpt>
   <trkpt lat="51.5310290" lon="-0.0802830">
    <ele>19.8</ele>
    <time>2024-09-12T17:37:19Z</time>
    <extensions>
     <gpxtpx:TrackPointExtension>
      <gpxtpx:hr>122</gpxtpx:hr>
     </gpxtpx:TrackPointExtension>
    </extensions>
   </trkpt>
   <trkpt lat="51.5310730" lon="-0.0802820">
    <ele>19.8</ele>
    <time>2024-09-12T17:37:20Z</time>
    <extensions>
     <gpxtpx:TrackPointExtension>
      <gpxtpx:hr>122</gpxtpx:hr>
     </gpxtpx:TrackPointExtension>
    </extensions>
   </trkpt>
   <trkpt lat="51.5310900" lon="-0.0802820">
    <ele>19.8</ele>
    <time>2024-09-12T17:37:21Z</time>
    <extensions>
     <gpxtpx:TrackPointExtension>
      <gpxtpx:hr>122</gpxtpx:hr>
     </gpxtpx:TrackPointExtension>
    </extensions>
   </trkpt>
   <trkpt lat="51.5311080" lon="-0.0802810">
    <ele>19.8</ele>
    <time>2024-09-12T17:37:22Z</time>
    <extensions>
     <gpxtpx:TrackPointExtension>
      <gpxtpx:hr>122</gpxtpx:hr>
     </gpxtpx:TrackPointExtension>
    </extensions>
   </trkpt>
   <trkpt lat="51.5311490" lon="-0.0802810">
    <ele>19.8</ele>
    <time>2024-09-12T17:37:23Z</time>
    <extensions>
     <gpxtpx:TrackPointExtension>
      <gpxtpx:hr>122</gpxtpx:hr>
     </gpxtpx:TrackPointExtension>
    </extensions>
   </trkpt>
   <trkpt lat="51.5311640" lon="-0.0802800">
    <ele>19.8</ele>
    <time>2024-09-12T17:37:24Z</time>
    <extensions>
     <gpxtpx:TrackPointExtension>
      <gpxtpx:hr>122</gpxtpx:hr>
     </gpxtpx:TrackPointExtension>
    </extensions>
   </trkpt>
   <trkpt lat="51.5312130" lon="-0.0802790">
    <ele>19.8</ele>
    <time>2024-09-12T17:37:25Z</time>
    <extensions>
     <gpxtpx:TrackPointExtension>
      <gpxtpx:hr>122</gpxtpx:hr>
     </gpxtpx:TrackPointExtension>
    </extensions>
   </trkpt>
   <trkpt lat="51.5312320" lon="-0.0802780">
    <ele>19.8</ele>
    <time>2024-09-12T17:37:26Z</time>
    <extensions>
     <gpxtpx:TrackPointExtension>
      <gpxtpx:hr>122</gpxtpx:hr>
     </gpxtpx:TrackPointExtension>
    </extensions>
   </trkpt>
   <trkpt lat="51.5312510" lon="-0.0802780">
    <ele>19.8</ele>
    <time>2024-09-12T17:37:27Z</time>
    <extensions>
     <gpxtpx:TrackPointExtension>
      <gpxtpx:hr>122</gpxtpx:hr>
     </gpxtpx:TrackPointExtension>
    </extensions>
   </trkpt>
   <trkpt lat="51.5312910" lon="-0.0802770">
    <ele>19.8</ele>
    <time>2024-09-12T17:37:28Z</time>
    <extensions>
     <gpxtpx:TrackPointExtension>
      <gpxtpx:hr>122</gpxtpx:hr>
     </gpxtpx:TrackPointExtension>
    </extensions>
   </trkpt>
   <trkpt lat="51.5313030" lon="-0.0802770">
    <ele>19.8</ele>
    <time>2024-09-12T17:37:29Z</time>
    <extensions>
     <gpxtpx:TrackPointExtension>
      <gpxtpx:hr>122</gpxtpx:hr>
     </gpxtpx:TrackPointExtension>
    </extensions>
   </trkpt>
   <trkpt lat="51.5313460" lon="-0.0802760">
    <ele>19.8</ele>
    <time>2024-09-12T17:37:30Z</time>
    <extensions>
     <gpxtpx:TrackPointExtension>
      <gpxtpx:hr>122</gpxtpx:hr>
     </gpxtpx:TrackPointExtension>
    </extensions>
   </trkpt>
   <trkpt lat="51.5313630" lon="-0.0802750">
    <ele>19.8</ele>
    <time>2024-09-12T17:37:31Z</time>
    <extensions>
     <gpxtpx:TrackPointExtension>
      <gpxtpx:hr>122</gpxtpx:hr>
     </gpxtpx:TrackPointExtension>
    </extensions>
   </trkpt>
   <trkpt lat="51.5313800" lon="-0.0802750">
    <ele>19.7</ele>
    <time>2024-09-12T17:37:32Z</time>
    <extensions>
     <gpxtpx:TrackPointExtension>
      <gpxtpx:hr>122</gpxtpx:hr>
     </gpxtpx:TrackPointExtension>
    </extensions>
   </trkpt>
   <trkpt lat="51.5314190" lon="-0.0802740">
    <ele>19.7</ele>
    <time>2024-09-12T17:37:33Z</time>
    <extensions>
     <gpxtpx:TrackPointExtension>
      <gpxtpx:hr>122</gpxtpx:hr>
     </gpxtpx:TrackPointExtension>
    </extensions>
   </trkpt>
   <trkpt lat="51.5314310" lon="-0.0802740">
    <ele>19.7</ele>
    <time>2024-09-12T17:37:34Z</time>
    <extensions>
     <gpxtpx:TrackPointExtension>
      <gpxtpx:hr>122</gpxtpx:hr>
     </gpxtpx:TrackPointExtension>
    </extensions>
   </trkpt>
   <trkpt lat="51.5314740" lon="-0.0802730">
    <ele>19.7</ele>
    <time>2024-09-12T17:37:35Z</time>
    <extensions>
     <gpxtpx:TrackPointExtension>
      <gpxtpx:hr>122</gpxtpx:hr>
     </gpxtpx:TrackPointExtension>
    </extensions>
   </trkpt>
   <trkpt lat="51.5314910" lon="-0.0802720">
    <ele>19.7</ele>
    <time>2024-09-12T17:37:36Z</time>
    <extensions>
     <gpxtpx:TrackPointExtension>
      <gpxtpx:hr>122</gpxtpx:hr>
     </gpxtpx:TrackPointExtension>
    </extensions>
   </trkpt>
   <trkpt lat="51.5315080" lon="-0.0802720">
    <ele>19.7</ele>
    <time>2024-09-12T17:37:37Z</time>
    <extensions>
     <gpxtpx:TrackPointExtension>
      <gpxtpx:hr>121</gpxtpx:hr>
     </gpxtpx:TrackPointExtension>
    </extensions>
   </trkpt>
   <trkpt lat="51.5315460" lon="-0.0802710">
    <ele>19.7</ele>
    <time>2024-09-12T17:37:38Z</time>
    <extensions>
     <gpxtpx:TrackPointExtension>
      <gpxtpx:hr>121</gpxtpx:hr>
     </gpxtpx:TrackPointExtension>
    </extensions>
   </trkpt>
   <trkpt lat="51.5315590" lon="-0.0802710">
    <ele>19.7</ele>
    <time>2024-09-12T17:37:39Z</time>
    <extensions>
     <gpxtpx:TrackPointExtension>
      <gpxtpx:hr>121</gpxtpx:hr>
     </gpxtpx:TrackPointExtension>
    </extensions>
   </trkpt>
   <trkpt lat="51.5316010" lon="-0.0802690">
    <ele>19.7</ele>
    <time>2024-09-12T17:37:40Z</time>
    <extensions>
     <gpxtpx:TrackPointExtension>
      <gpxtpx:hr>121</gpxtpx:hr>
     </gpxtpx:TrackPointExtension>
    </extensions>
   </trkpt>
   <trkpt lat="51.5316170" lon="-0.0802690">
    <ele>19.7</ele>
    <time>2024-09-12T17:37:41Z</time>
    <extensions>
     <gpxtpx:TrackPointExtension>
      <gpxtpx:hr>121</gpxtpx:hr>
     </gpxtpx:TrackPointExtension>
    </extensions>
   </trkpt>
   <trkpt lat="51.5316340" lon="-0.0802680">
    <ele>19.7</ele>
    <time>2024-09-12T17:37:42Z</time>
    <extensions>
     <gpxtpx:TrackPointExtension>
      <gpxtpx:hr>121</gpxtpx:hr>
     </gpxtpx:TrackPointExtension>
    </extensions>
   </trkpt>
   <trkpt lat="51.5316760" lon="-0.0802670">
    <ele>19.7</ele>
    <time>2024-09-12T17:37:43Z</time>
    <extensions>
     <gpxtpx:TrackPointExtension>
      <gpxtpx:hr>121</gpxtpx:hr>
     </gpxtpx:TrackPointExtension>
    </extensions>
   </trkpt>
   <trkpt lat="51.5316930" lon="-0.0802670">
    <ele>19.7</ele>
    <time>2024-09-12T17:37:44Z</time>
    <extensions>
     <gpxtpx:TrackPointExtension>
      <gpxtpx:hr>122</gpxtpx:hr>
     </gpxtpx:TrackPointExtension>
    </extensions>
   </trkpt>
   <trkpt lat="51.5317110" lon="-0.0802660">
    <ele>19.6</ele>
    <time>2024-09-12T17:37:45Z</time>
    <extensions>
     <gpxtpx:TrackPointExtension>
      <gpxtpx:hr>122</gpxtpx:hr>
     </gpxtpx:TrackPointExtension>
    </extensions>
   </trkpt>
   <trkpt lat="51.5317500" lon="-0.0802650">
    <ele>19.6</ele>
    <time>2024-09-12T17:37:46Z</time>
    <extensions>
     <gpxtpx:TrackPointExtension>
      <gpxtpx:hr>122</gpxtpx:hr>
     </gpxtpx:TrackPointExtension>
    </extensions>
   </trkpt>
   <trkpt lat="51.5317620" lon="-0.0802650">
    <ele>19.6</ele>
    <time>2024-09-12T17:37:47Z</time>
    <extensions>
     <gpxtpx:TrackPointExtension>
      <gpxtpx:hr>122</gpxtpx:hr>
     </gpxtpx:TrackPointExtension>
    </extensions>
   </trkpt>
   <trkpt lat="51.5318060" lon="-0.0802640">
    <ele>19.6</ele>
    <time>2024-09-12T17:37:48Z</time>
    <extensions>
     <gpxtpx:TrackPointExtension>
      <gpxtpx:hr>122</gpxtpx:hr>
     </gpxtpx:TrackPointExtension>
    </extensions>
   </trkpt>
   <trkpt lat="51.5318240" lon="-0.0802640">
    <ele>19.6</ele>
    <time>2024-09-12T17:37:49Z</time>
    <extensions>
     <gpxtpx:TrackPointExtension>
      <gpxtpx:hr>122</gpxtpx:hr>
     </gpxtpx:TrackPointExtension>
    </extensions>
   </trkpt>
   <trkpt lat="51.5318410" lon="-0.0802640">
    <ele>19.6</ele>
    <time>2024-09-12T17:37:50Z</time>
    <extensions>
     <gpxtpx:TrackPointExtension>
      <gpxtpx:hr>122</gpxtpx:hr>
     </gpxtpx:TrackPointExtension>
    </extensions>
   </trkpt>
   <trkpt lat="51.5318810" lon="-0.0802630">
    <ele>19.6</ele>
    <time>2024-09-12T17:37:51Z</time>
    <extensions>
     <gpxtpx:TrackPointExtension>
      <gpxtpx:hr>122</gpxtpx:hr>
     </gpxtpx:TrackPointExtension>
    </extensions>
   </trkpt>
   <trkpt lat="51.5318940" lon="-0.0802630">
    <ele>19.6</ele>
    <time>2024-09-12T17:37:52Z</time>
    <extensions>
     <gpxtpx:TrackPointExtension>
      <gpxtpx:hr>122</gpxtpx:hr>
     </gpxtpx:TrackPointExtension>
    </extensions>
   </trkpt>
   <trkpt lat="51.5319370" lon="-0.0802630">
    <ele>19.6</ele>
    <time>2024-09-12T17:37:53Z</time>
    <extensions>
     <gpxtpx:TrackPointExtension>
      <gpxtpx:hr>122</gpxtpx:hr>
     </gpxtpx:TrackPointExtension>
    </extensions>
   </trkpt>
   <trkpt lat="51.5319540" lon="-0.0802630">
    <ele>19.6</ele>
    <time>2024-09-12T17:37:54Z</time>
    <extensions>
     <gpxtpx:TrackPointExtension>
      <gpxtpx:hr>122</gpxtpx:hr>
     </gpxtpx:TrackPointExtension>
    </extensions>
   </trkpt>
   <trkpt lat="51.5319710" lon="-0.0802630">
    <ele>19.6</ele>
    <time>2024-09-12T17:37:55Z</time>
    <extensions>
     <gpxtpx:TrackPointExtension>
      <gpxtpx:hr>122</gpxtpx:hr>
     </gpxtpx:TrackPointExtension>
    </extensions>
   </trkpt>
   <trkpt lat="51.5320090" lon="-0.0802620">
    <ele>19.6</ele>
    <time>2024-09-12T17:37:56Z</time>
    <extensions>
     <gpxtpx:TrackPointExtension>
      <gpxtpx:hr>122</gpxtpx:hr>
     </gpxtpx:TrackPointExtension>
    </extensions>
   </trkpt>
   <trkpt lat="51.5320220" lon="-0.0802620">
    <ele>19.6</ele>
    <time>2024-09-12T17:37:57Z</time>
    <extensions>
     <gpxtpx:TrackPointExtension>
      <gpxtpx:hr>122</gpxtpx:hr>
     </gpxtpx:TrackPointExtension>
    </extensions>
   </trkpt>
   <trkpt lat="51.5320630" lon="-0.0802600">
    <ele>19.6</ele>
    <time>2024-09-12T17:37:58Z</time>
    <extensions>
     <gpxtpx:TrackPointExtension>
      <gpxtpx:hr>122</gpxtpx:hr>
     </gpxtpx:TrackPointExtension>
    </extensions>
   </trkpt>
   <trkpt lat="51.5320790" lon="-0.0802600">
    <ele>19.6</ele>
    <time>2024-09-12T17:37:59Z</time>
    <extensions>
     <gpxtpx:TrackPointExtension>
      <gpxtpx:hr>122</gpxtpx:hr>
     </gpxtpx:TrackPointExtension>
    </extensions>
   </trkpt>
   <trkpt lat="51.5320950" lon="-0.0802590">
    <ele>19.6</ele>
    <time>2024-09-12T17:38:00Z</time>
    <extensions>
     <gpxtpx:TrackPointExtension>
      <gpxtpx:hr>122</gpxtpx:hr>
     </gpxtpx:TrackPointExtension>
    </extensions>
   </trkpt>
   <trkpt lat="51.5321330" lon="-0.0802580">
    <ele>19.6</ele>
    <time>2024-09-12T17:38:01Z</time>
    <extensions>
     <gpxtpx:TrackPointExtension>
      <gpxtpx:hr>122</gpxtpx:hr>
     </gpxtpx:TrackPointExtension>
    </extensions>
   </trkpt>
   <trkpt lat="51.5321450" lon="-0.0802570">
    <ele>19.6</ele>
    <time>2024-09-12T17:38:02Z</time>
    <extensions>
     <gpxtpx:TrackPointExtension>
      <gpxtpx:hr>122</gpxtpx:hr>
     </gpxtpx:TrackPointExtension>
    </extensions>
   </trkpt>
   <trkpt lat="51.5321870" lon="-0.0802550">
    <ele>19.6</ele>
    <time>2024-09-12T17:38:03Z</time>
    <extensions>
     <gpxtpx:TrackPointExtension>
      <gpxtpx:hr>122</gpxtpx:hr>
     </gpxtpx:TrackPointExtension>
    </extensions>
   </trkpt>
   <trkpt lat="51.5322040" lon="-0.0802540">
    <ele>19.6</ele>
    <time>2024-09-12T17:38:04Z</time>
    <extensions>
     <gpxtpx:TrackPointExtension>
      <gpxtpx:hr>122</gpxtpx:hr>
     </gpxtpx:TrackPointExtension>
    </extensions>
   </trkpt>
   <trkpt lat="51.5322210" lon="-0.0802530">
    <ele>19.6</ele>
    <time>2024-09-12T17:38:05Z</time>
    <extensions>
     <gpxtpx:TrackPointExtension>
      <gpxtpx:hr>122</gpxtpx:hr>
     </gpxtpx:TrackPointExtension>
    </extensions>
   </trkpt>
   <trkpt lat="51.5322650" lon="-0.0802510">
    <ele>19.6</ele>
    <time>2024-09-12T17:38:06Z</time>
    <extensions>
     <gpxtpx:TrackPointExtension>
      <gpxtpx:hr>122</gpxtpx:hr>
     </gpxtpx:TrackPointExtension>
    </extensions>
   </trkpt>
   <trkpt lat="51.5322820" lon="-0.0802500">
    <ele>19.6</ele>
    <time>2024-09-12T17:38:07Z</time>
    <extensions>
     <gpxtpx:TrackPointExtension>
      <gpxtpx:hr>122</gpxtpx:hr>
     </gpxtpx:TrackPointExtension>
    </extensions>
   </trkpt>
   <trkpt lat="51.5323000" lon="-0.0802490">
    <ele>19.6</ele>
    <time>2024-09-12T17:38:08Z</time>
    <extensions>
     <gpxtpx:TrackPointExtension>
      <gpxtpx:hr>122</gpxtpx:hr>
     </gpxtpx:TrackPointExtension>
    </extensions>
   </trkpt>
   <trkpt lat="51.5323400" lon="-0.0802470">
    <ele>19.6</ele>
    <time>2024-09-12T17:38:09Z</time>
    <extensions>
     <gpxtpx:TrackPointExtension>
      <gpxtpx:hr>122</gpxtpx:hr>
     </gpxtpx:TrackPointExtension>
    </extensions>
   </trkpt>
   <trkpt lat="51.5323530" lon="-0.0802460">
    <ele>19.6</ele>
    <time>2024-09-12T17:38:10Z</time>
    <extensions>
     <gpxtpx:TrackPointExtension>
      <gpxtpx:hr>122</gpxtpx:hr>
     </gpxtpx:TrackPointExtension>
    </extensions>
   </trkpt>
   <trkpt lat="51.5323970" lon="-0.0802440">
    <ele>19.6</ele>
    <time>2024-09-12T17:38:11Z</time>
    <extensions>
     <gpxtpx:TrackPointExtension>
      <gpxtpx:hr>122</gpxtpx:hr>
     </gpxtpx:TrackPointExtension>
    </extensions>
   </trkpt>
   <trkpt lat="51.5324140" lon="-0.0802430">
    <ele>19.6</ele>
    <time>2024-09-12T17:38:12Z</time>
    <extensions>
     <gpxtpx:TrackPointExtension>
      <gpxtpx:hr>122</gpxtpx:hr>
     </gpxtpx:TrackPointExtension>
    </extensions>
   </trkpt>
   <trkpt lat="51.5324320" lon="-0.0802420">
    <ele>19.6</ele>
    <time>2024-09-12T17:38:13Z</time>
    <extensions>
     <gpxtpx:TrackPointExtension>
      <gpxtpx:hr>122</gpxtpx:hr>
     </gpxtpx:TrackPointExtension>
    </extensions>
   </trkpt>
   <trkpt lat="51.5324700" lon="-0.0802400">
    <ele>19.6</ele>
    <time>2024-09-12T17:38:14Z</time>
    <extensions>
     <gpxtpx:TrackPointExtension>
      <gpxtpx:hr>122</gpxtpx:hr>
     </gpxtpx:TrackPointExtension>
    </extensions>
   </trkpt>
   <trkpt lat="51.5324830" lon="-0.0802390">
    <ele>19.6</ele>
    <time>2024-09-12T17:38:15Z</time>
    <extensions>
     <gpxtpx:TrackPointExtension>
      <gpxtpx:hr>122</gpxtpx:hr>
     </gpxtpx:TrackPointExtension>
    </extensions>
   </trkpt>
   <trkpt lat="51.5325260" lon="-0.0802370">
    <ele>19.6</ele>
    <time>2024-09-12T17:38:16Z</time>
    <extensions>
     <gpxtpx:TrackPointExtension>
      <gpxtpx:hr>122</gpxtpx:hr>
     </gpxtpx:TrackPointExtension>
    </extensions>
   </trkpt>
   <trkpt lat="51.5325430" lon="-0.0802360">
    <ele>19.6</ele>
    <time>2024-09-12T17:38:17Z</time>
    <extensions>
     <gpxtpx:TrackPointExtension>
      <gpxtpx:hr>122</gpxtpx:hr>
     </gpxtpx:TrackPointExtension>
    </extensions>
   </trkpt>
   <trkpt lat="51.5325600" lon="-0.0802360">
    <ele>19.6</ele>
    <time>2024-09-12T17:38:18Z</time>
    <extensions>
     <gpxtpx:TrackPointExtension>
      <gpxtpx:hr>120</gpxtpx:hr>
     </gpxtpx:TrackPointExtension>
    </extensions>
   </trkpt>
   <trkpt lat="51.5325980" lon="-0.0802340">
    <ele>19.6</ele>
    <time>2024-09-12T17:38:19Z</time>
    <extensions>
     <gpxtpx:TrackPointExtension>
      <gpxtpx:hr>120</gpxtpx:hr>
     </gpxtpx:TrackPointExtension>
    </extensions>
   </trkpt>
   <trkpt lat="51.5326100" lon="-0.0802340">
    <ele>19.6</ele>
    <time>2024-09-12T17:38:20Z</time>
    <extensions>
     <gpxtpx:TrackPointExtension>
      <gpxtpx:hr>120</gpxtpx:hr>
     </gpxtpx:TrackPointExtension>
    </extensions>
   </trkpt>
   <trkpt lat="51.5326500" lon="-0.0802330">
    <ele>19.6</ele>
    <time>2024-09-12T17:38:21Z</time>
    <extensions>
     <gpxtpx:TrackPointExtension>
      <gpxtpx:hr>120</gpxtpx:hr>
     </gpxtpx:TrackPointExtension>
    </extensions>
   </trkpt>
   <trkpt lat="51.5326650" lon="-0.0802330">
    <ele>19.6</ele>
    <time>2024-09-12T17:38:22Z</time>
    <extensions>
     <gpxtpx:TrackPointExtension>
      <gpxtpx:hr>120</gpxtpx:hr>
     </gpxtpx:TrackPointExtension>
    </extensions>
   </trkpt>
   <trkpt lat="51.5326810" lon="-0.0802330">
    <ele>19.6</ele>
    <time>2024-09-12T17:38:23Z</time>
    <extensions>
     <gpxtpx:TrackPointExtension>
      <gpxtpx:hr>120</gpxtpx:hr>
     </gpxtpx:TrackPointExtension>
    </extensions>
   </trkpt>
   <trkpt lat="51.5327140" lon="-0.0802360">
    <ele>19.6</ele>
    <time>2024-09-12T17:38:24Z</time>
    <extensions>
     <gpxtpx:TrackPointExtension>
      <gpxtpx:hr>120</gpxtpx:hr>
     </gpxtpx:TrackPointExtension>
    </extensions>
   </trkpt>
   <trkpt lat="51.5327240" lon="-0.0802380">
    <ele>19.6</ele>
    <time>2024-09-12T17:38:25Z</time>
    <extensions>
     <gpxtpx:TrackPointExtension>
      <gpxtpx:hr>120</gpxtpx:hr>
     </gpxtpx:TrackPointExtension>
    </extensions>
   </trkpt>
   <trkpt lat="51.5327490" lon="-0.0802600">
    <ele>19.6</ele>
    <time>2024-09-12T17:38:26Z</time>
    <extensions>
     <gpxtpx:TrackPointExtension>
      <gpxtpx:hr>120</gpxtpx:hr>
     </gpxtpx:TrackPointExtension>
    </extensions>
   </trkpt>
   <trkpt lat="51.5327570" lon="-0.0802740">
    <ele>19.6</ele>
    <time>2024-09-12T17:38:27Z</time>
    <extensions>
     <gpxtpx:TrackPointExtension>
      <gpxtpx:hr>120</gpxtpx:hr>
     </gpxtpx:TrackPointExtension>
    </extensions>
   </trkpt>
   <trkpt lat="51.5327650" lon="-0.0802870">
    <ele>19.6</ele>
    <time>2024-09-12T17:38:28Z</time>
    <extensions>
     <gpxtpx:TrackPointExtension>
      <gpxtpx:hr>119</gpxtpx:hr>
     </gpxtpx:TrackPointExtension>
    </extensions>
   </trkpt>
   <trkpt lat="51.5327690" lon="-0.0803480">
    <ele>19.6</ele>
    <time>2024-09-12T17:38:29Z</time>
    <extensions>
     <gpxtpx:TrackPointExtension>
      <gpxtpx:hr>119</gpxtpx:hr>
     </gpxtpx:TrackPointExtension>
    </extensions>
   </trkpt>
   <trkpt lat="51.5327690" lon="-0.0803760">
    <ele>19.6</ele>
    <time>2024-09-12T17:38:30Z</time>
    <extensions>
     <gpxtpx:TrackPointExtension>
      <gpxtpx:hr>119</gpxtpx:hr>
     </gpxtpx:TrackPointExtension>
    </extensions>
   </trkpt>
   <trkpt lat="51.5327680" lon="-0.0804030">
    <ele>19.6</ele>
    <time>2024-09-12T17:38:31Z</time>
    <extensions>
     <gpxtpx:TrackPointExtension>
      <gpxtpx:hr>119</gpxtpx:hr>
     </gpxtpx:TrackPointExtension>
    </extensions>
   </trkpt>
   <trkpt lat="51.5327680" lon="-0.0804720">
    <ele>19.5</ele>
    <time>2024-09-12T17:38:32Z</time>
    <extensions>
     <gpxtpx:TrackPointExtension>
      <gpxtpx:hr>119</gpxtpx:hr>
     </gpxtpx:TrackPointExtension>
    </extensions>
   </trkpt>
   <trkpt lat="51.5327690" lon="-0.0804950">
    <ele>19.5</ele>
    <time>2024-09-12T17:38:33Z</time>
    <extensions>
     <gpxtpx:TrackPointExtension>
      <gpxtpx:hr>119</gpxtpx:hr>
     </gpxtpx:TrackPointExtension>
    </extensions>
   </trkpt>
   <trkpt lat="51.5327690" lon="-0.0805780">
    <ele>19.5</ele>
    <time>2024-09-12T17:38:34Z</time>
    <extensions>
     <gpxtpx:TrackPointExtension>
      <gpxtpx:hr>119</gpxtpx:hr>
     </gpxtpx:TrackPointExtension>
    </extensions>
   </trkpt>
   <trkpt lat="51.5327690" lon="-0.0806110">
    <ele>19.6</ele>
    <time>2024-09-12T17:38:35Z</time>
    <extensions>
     <gpxtpx:TrackPointExtension>
      <gpxtpx:hr>119</gpxtpx:hr>
     </gpxtpx:TrackPointExtension>
    </extensions>
   </trkpt>
   <trkpt lat="51.5327680" lon="-0.0806440">
    <ele>19.6</ele>
    <time>2024-09-12T17:38:36Z</time>
    <extensions>
     <gpxtpx:TrackPointExtension>
      <gpxtpx:hr>119</gpxtpx:hr>
     </gpxtpx:TrackPointExtension>
    </extensions>
   </trkpt>
   <trkpt lat="51.5327680" lon="-0.0807170">
    <ele>19.6</ele>
    <time>2024-09-12T17:38:37Z</time>
    <extensions>
     <gpxtpx:TrackPointExtension>
      <gpxtpx:hr>119</gpxtpx:hr>
     </gpxtpx:TrackPointExtension>
    </extensions>
   </trkpt>
   <trkpt lat="51.5327690" lon="-0.0807400">
    <ele>19.6</ele>
    <time>2024-09-12T17:38:38Z</time>
    <extensions>
     <gpxtpx:TrackPointExtension>
      <gpxtpx:hr>119</gpxtpx:hr>
     </gpxtpx:TrackPointExtension>
    </extensions>
   </trkpt>
   <trkpt lat="51.5327740" lon="-0.0808170">
    <ele>19.6</ele>
    <time>2024-09-12T17:38:39Z</time>
    <extensions>
     <gpxtpx:TrackPointExtension>
      <gpxtpx:hr>119</gpxtpx:hr>
     </gpxtpx:TrackPointExtension>
    </extensions>
   </trkpt>
   <trkpt lat="51.5327760" lon="-0.0808490">
    <ele>19.6</ele>
    <time>2024-09-12T17:38:40Z</time>
    <extensions>
     <gpxtpx:TrackPointExtension>
      <gpxtpx:hr>119</gpxtpx:hr>
     </gpxtpx:TrackPointExtension>
    </extensions>
   </trkpt>
   <trkpt lat="51.5327780" lon="-0.0808810">
    <ele>19.6</ele>
    <time>2024-09-12T17:38:41Z</time>
    <extensions>
     <gpxtpx:TrackPointExtension>
      <gpxtpx:hr>119</gpxtpx:hr>
     </gpxtpx:TrackPointExtension>
    </extensions>
   </trkpt>
   <trkpt lat="51.5327830" lon="-0.0809540">
    <ele>19.6</ele>
    <time>2024-09-12T17:38:42Z</time>
    <extensions>
     <gpxtpx:TrackPointExtension>
      <gpxtpx:hr>119</gpxtpx:hr>
     </gpxtpx:TrackPointExtension>
    </extensions>
   </trkpt>
   <trkpt lat="51.5327840" lon="-0.0809780">
    <ele>19.6</ele>
    <time>2024-09-12T17:38:43Z</time>
    <extensions>
     <gpxtpx:TrackPointExtension>
      <gpxtpx:hr>120</gpxtpx:hr>
     </gpxtpx:TrackPointExtension>
    </extensions>
   </trkpt>
   <trkpt lat="51.5327880" lon="-0.0810560">
    <ele>19.6</ele>
    <time>2024-09-12T17:38:44Z</time>
    <extensions>
     <gpxtpx:TrackPointExtension>
      <gpxtpx:hr>120</gpxtpx:hr>
     </gpxtpx:TrackPointExtension>
    </extensions>
   </trkpt>
   <trkpt lat="51.5327890" lon="-0.0810860">
    <ele>19.6</ele>
    <time>2024-09-12T17:38:45Z</time>
    <extensions>
     <gpxtpx:TrackPointExtension>
      <gpxtpx:hr>120</gpxtpx:hr>
     </gpxtpx:TrackPointExtension>
    </extensions>
   </trkpt>
   <trkpt lat="51.5327900" lon="-0.0811170">
    <ele>19.6</ele>
    <time>2024-09-12T17:38:46Z</time>
    <extensions>
     <gpxtpx:TrackPointExtension>
      <gpxtpx:hr>118</gpxtpx:hr>
     </gpxtpx:TrackPointExtension>
    </extensions>
   </trkpt>
   <trkpt lat="51.5327880" lon="-0.0811810">
    <ele>19.6</ele>
    <time>2024-09-12T17:38:47Z</time>
    <extensions>
     <gpxtpx:TrackPointExtension>
      <gpxtpx:hr>118</gpxtpx:hr>
     </gpxtpx:TrackPointExtension>
    </extensions>
   </trkpt>
   <trkpt lat="51.5327870" lon="-0.0812020">
    <ele>19.6</ele>
    <time>2024-09-12T17:38:48Z</time>
    <extensions>
     <gpxtpx:TrackPointExtension>
      <gpxtpx:hr>118</gpxtpx:hr>
     </gpxtpx:TrackPointExtension>
    </extensions>
   </trkpt>
   <trkpt lat="51.5327840" lon="-0.0812710">
    <ele>19.6</ele>
    <time>2024-09-12T17:38:49Z</time>
    <extensions>
     <gpxtpx:TrackPointExtension>
      <gpxtpx:hr>118</gpxtpx:hr>
     </gpxtpx:TrackPointExtension>
    </extensions>
   </trkpt>
   <trkpt lat="51.5327820" lon="-0.0812990">
    <ele>19.6</ele>
    <time>2024-09-12T17:38:50Z</time>
    <extensions>
     <gpxtpx:TrackPointExtension>
      <gpxtpx:hr>119</gpxtpx:hr>
     </gpxtpx:TrackPointExtension>
    </extensions>
   </trkpt>
   <trkpt lat="51.5327810" lon="-0.0813270">
    <ele>19.6</ele>
    <time>2024-09-12T17:38:51Z</time>
    <extensions>
     <gpxtpx:TrackPointExtension>
      <gpxtpx:hr>119</gpxtpx:hr>
     </gpxtpx:TrackPointExtension>
    </extensions>
   </trkpt>
   <trkpt lat="51.5327770" lon="-0.0813930">
    <ele>19.6</ele>
    <time>2024-09-12T17:38:52Z</time>
    <extensions>
     <gpxtpx:TrackPointExtension>
      <gpxtpx:hr>119</gpxtpx:hr>
     </gpxtpx:TrackPointExtension>
    </extensions>
   </trkpt>
   <trkpt lat="51.5327750" lon="-0.0814150">
    <ele>19.6</ele>
    <time>2024-09-12T17:38:53Z</time>
    <extensions>
     <gpxtpx:TrackPointExtension>
      <gpxtpx:hr>119</gpxtpx:hr>
     </gpxtpx:TrackPointExtension>
    </extensions>
   </trkpt>
   <trkpt lat="51.5327710" lon="-0.0814870">
    <ele>19.5</ele>
    <time>2024-09-12T17:38:54Z</time>
    <extensions>
     <gpxtpx:TrackPointExtension>
      <gpxtpx:hr>119</gpxtpx:hr>
     </gpxtpx:TrackPointExtension>
    </extensions>
   </trkpt>
   <trkpt lat="51.5327690" lon="-0.0815160">
    <ele>19.5</ele>
    <time>2024-09-12T17:38:55Z</time>
    <extensions>
     <gpxtpx:TrackPointExtension>
      <gpxtpx:hr>119</gpxtpx:hr>
     </gpxtpx:TrackPointExtension>
    </extensions>
   </trkpt>
   <trkpt lat="51.5327680" lon="-0.0815450">
    <ele>19.5</ele>
    <time>2024-09-12T17:38:56Z</time>
    <extensions>
     <gpxtpx:TrackPointExtension>
      <gpxtpx:hr>119</gpxtpx:hr>
     </gpxtpx:TrackPointExtension>
    </extensions>
   </trkpt>
   <trkpt lat="51.5327630" lon="-0.0816170">
    <ele>19.5</ele>
    <time>2024-09-12T17:38:57Z</time>
    <extensions>
     <gpxtpx:TrackPointExtension>
      <gpxtpx:hr>120</gpxtpx:hr>
     </gpxtpx:TrackPointExtension>
    </extensions>
   </trkpt>
   <trkpt lat="51.5327610" lon="-0.0816460">
    <ele>19.5</ele>
    <time>2024-09-12T17:38:58Z</time>
    <extensions>
     <gpxtpx:TrackPointExtension>
      <gpxtpx:hr>120</gpxtpx:hr>
     </gpxtpx:TrackPointExtension>
    </extensions>
   </trkpt>
   <trkpt lat="51.5327590" lon="-0.0816750">
    <ele>19.5</ele>
    <time>2024-09-12T17:38:59Z</time>
    <extensions>
     <gpxtpx:TrackPointExtension>
      <gpxtpx:hr>120</gpxtpx:hr>
     </gpxtpx:TrackPointExtension>
    </extensions>
   </trkpt>
   <trkpt lat="51.5327540" lon="-0.0817410">
    <ele>19.5</ele>
    <time>2024-09-12T17:39:00Z</time>
    <extensions>
     <gpxtpx:TrackPointExtension>
      <gpxtpx:hr>120</gpxtpx:hr>
     </gpxtpx:TrackPointExtension>
    </extensions>
   </trkpt>
   <trkpt lat="51.5327520" lon="-0.0817630">
    <ele>19.5</ele>
    <time>2024-09-12T17:39:01Z</time>
    <extensions>
     <gpxtpx:TrackPointExtension>
      <gpxtpx:hr>121</gpxtpx:hr>
     </gpxtpx:TrackPointExtension>
    </extensions>
   </trkpt>
   <trkpt lat="51.5327470" lon="-0.0818350">
    <ele>19.5</ele>
    <time>2024-09-12T17:39:02Z</time>
    <extensions>
     <gpxtpx:TrackPointExtension>
      <gpxtpx:hr>121</gpxtpx:hr>
     </gpxtpx:TrackPointExtension>
    </extensions>
   </trkpt>
   <trkpt lat="51.5327450" lon="-0.0818640">
    <ele>19.5</ele>
    <time>2024-09-12T17:39:03Z</time>
    <extensions>
     <gpxtpx:TrackPointExtension>
      <gpxtpx:hr>121</gpxtpx:hr>
     </gpxtpx:TrackPointExtension>
    </extensions>
   </trkpt>
   <trkpt lat="51.5327430" lon="-0.0818930">
    <ele>19.5</ele>
    <time>2024-09-12T17:39:04Z</time>
    <extensions>
     <gpxtpx:TrackPointExtension>
      <gpxtpx:hr>121</gpxtpx:hr>
     </gpxtpx:TrackPointExtension>
    </extensions>
   </trkpt>
   <trkpt lat="51.5327390" lon="-0.0819560">
    <ele>19.5</ele>
    <time>2024-09-12T17:39:05Z</time>
    <extensions>
     <gpxtpx:TrackPointExtension>
      <gpxtpx:hr>121</gpxtpx:hr>
     </gpxtpx:TrackPointExtension>
    </extensions>
   </trkpt>
   <trkpt lat="51.5327380" lon="-0.0819780">
    <ele>19.5</ele>
    <time>2024-09-12T17:39:06Z</time>
    <extensions>
     <gpxtpx:TrackPointExtension>
      <gpxtpx:hr>121</gpxtpx:hr>
     </gpxtpx:TrackPointExtension>
    </extensions>
   </trkpt>
   <trkpt lat="51.5327330" lon="-0.0820480">
    <ele>19.5</ele>
    <time>2024-09-12T17:39:07Z</time>
    <extensions>
     <gpxtpx:TrackPointExtension>
      <gpxtpx:hr>121</gpxtpx:hr>
     </gpxtpx:TrackPointExtension>
    </extensions>
   </trkpt>
   <trkpt lat="51.5327310" lon="-0.0820760">
    <ele>19.5</ele>
    <time>2024-09-12T17:39:08Z</time>
    <extensions>
     <gpxtpx:TrackPointExtension>
      <gpxtpx:hr>121</gpxtpx:hr>
     </gpxtpx:TrackPointExtension>
    </extensions>
   </trkpt>
   <trkpt lat="51.5327290" lon="-0.0821040">
    <ele>19.5</ele>
    <time>2024-09-12T17:39:09Z</time>
    <extensions>
     <gpxtpx:TrackPointExtension>
      <gpxtpx:hr>121</gpxtpx:hr>
     </gpxtpx:TrackPointExtension>
    </extensions>
   </trkpt>
   <trkpt lat="51.5327240" lon="-0.0821660">
    <ele>19.5</ele>
    <time>2024-09-12T17:39:10Z</time>
    <extensions>
     <gpxtpx:TrackPointExtension>
      <gpxtpx:hr>121</gpxtpx:hr>
     </gpxtpx:TrackPointExtension>
    </extensions>
   </trkpt>
   <trkpt lat="51.5327230" lon="-0.0821860">
    <ele>19.5</ele>
    <time>2024-09-12T17:39:11Z</time>
    <extensions>
     <gpxtpx:TrackPointExtension>
      <gpxtpx:hr>121</gpxtpx:hr>
     </gpxtpx:TrackPointExtension>
    </extensions>
   </trkpt>
   <trkpt lat="51.5327170" lon="-0.0822540">
    <ele>19.5</ele>
    <time>2024-09-12T17:39:12Z</time>
    <extensions>
     <gpxtpx:TrackPointExtension>
      <gpxtpx:hr>121</gpxtpx:hr>
     </gpxtpx:TrackPointExtension>
    </extensions>
   </trkpt>
   <trkpt lat="51.5327140" lon="-0.0822820">
    <ele>19.5</ele>
    <time>2024-09-12T17:39:13Z</time>
    <extensions>
     <gpxtpx:TrackPointExtension>
      <gpxtpx:hr>122</gpxtpx:hr>
     </gpxtpx:TrackPointExtension>
    </extensions>
   </trkpt>
   <trkpt lat="51.5327110" lon="-0.0823100">
    <ele>19.5</ele>
    <time>2024-09-12T17:39:14Z</time>
    <extensions>
     <gpxtpx:TrackPointExtension>
      <gpxtpx:hr>122</gpxtpx:hr>
     </gpxtpx:TrackPointExtension>
    </extensions>
   </trkpt>
   <trkpt lat="51.5327050" lon="-0.0823760">
    <ele>19.4</ele>
    <time>2024-09-12T17:39:15Z</time>
    <extensions>
     <gpxtpx:TrackPointExtension>
      <gpxtpx:hr>122</gpxtpx:hr>
     </gpxtpx:TrackPointExtension>
    </extensions>
   </trkpt>
   <trkpt lat="51.5327030" lon="-0.0823980">
    <ele>19.4</ele>
    <time>2024-09-12T17:39:16Z</time>
    <extensions>
     <gpxtpx:TrackPointExtension>
      <gpxtpx:hr>122</gpxtpx:hr>
     </gpxtpx:TrackPointExtension>
    </extensions>
   </trkpt>
   <trkpt lat="51.5326970" lon="-0.0824710">
    <ele>19.4</ele>
    <time>2024-09-12T17:39:17Z</time>
    <extensions>
     <gpxtpx:TrackPointExtension>
      <gpxtpx:hr>122</gpxtpx:hr>
     </gpxtpx:TrackPointExtension>
    </extensions>
   </trkpt>
   <trkpt lat="51.5326950" lon="-0.0825000">
    <ele>19.4</ele>
    <time>2024-09-12T17:39:18Z</time>
    <extensions>
     <gpxtpx:TrackPointExtension>
      <gpxtpx:hr>122</gpxtpx:hr>
     </gpxtpx:TrackPointExtension>
    </extensions>
   </trkpt>
   <trkpt lat="51.5326930" lon="-0.0825280">
    <ele>19.4</ele>
    <time>2024-09-12T17:39:19Z</time>
    <extensions>
     <gpxtpx:TrackPointExtension>
      <gpxtpx:hr>122</gpxtpx:hr>
     </gpxtpx:TrackPointExtension>
    </extensions>
   </trkpt>
   <trkpt lat="51.5326890" lon="-0.0826000">
    <ele>19.3</ele>
    <time>2024-09-12T17:39:20Z</time>
    <extensions>
     <gpxtpx:TrackPointExtension>
      <gpxtpx:hr>121</gpxtpx:hr>
     </gpxtpx:TrackPointExtension>
    </extensions>
   </trkpt>
   <trkpt lat="51.5326880" lon="-0.0826290">
    <ele>19.3</ele>
    <time>2024-09-12T17:39:21Z</time>
    <extensions>
     <gpxtpx:TrackPointExtension>
      <gpxtpx:hr>121</gpxtpx:hr>
     </gpxtpx:TrackPointExtension>
    </extensions>
   </trkpt>
   <trkpt lat="51.5326860" lon="-0.0826570">
    <ele>19.3</ele>
    <time>2024-09-12T17:39:22Z</time>
    <extensions>
     <gpxtpx:TrackPointExtension>
      <gpxtpx:hr>121</gpxtpx:hr>
     </gpxtpx:TrackPointExtension>
    </extensions>
   </trkpt>
   <trkpt lat="51.5326830" lon="-0.0827220">
    <ele>19.3</ele>
    <time>2024-09-12T17:39:23Z</time>
    <extensions>
     <gpxtpx:TrackPointExtension>
      <gpxtpx:hr>121</gpxtpx:hr>
     </gpxtpx:TrackPointExtension>
    </extensions>
   </trkpt>
   <trkpt lat="51.5326830" lon="-0.0827430">
    <ele>19.3</ele>
    <time>2024-09-12T17:39:24Z</time>
    <extensions>
     <gpxtpx:TrackPointExtension>
      <gpxtpx:hr>121</gpxtpx:hr>
     </gpxtpx:TrackPointExtension>
    </extensions>
   </trkpt>
   <trkpt lat="51.5326820" lon="-0.0828130">
    <ele>19.3</ele>
    <time>2024-09-12T17:39:25Z</time>
    <extensions>
     <gpxtpx:TrackPointExtension>
      <gpxtpx:hr>121</gpxtpx:hr>
     </gpxtpx:TrackPointExtension>
    </extensions>
   </trkpt>
   <trkpt lat="51.5326820" lon="-0.0828410">
    <ele>19.3</ele>
    <time>2024-09-12T17:39:26Z</time>
    <extensions>
     <gpxtpx:TrackPointExtension>
      <gpxtpx:hr>121</gpxtpx:hr>
     </gpxtpx:TrackPointExtension>
    </extensions>
   </trkpt>
   <trkpt lat="51.5326820" lon="-0.0828690">
    <ele>19.3</ele>
    <time>2024-09-12T17:39:27Z</time>
    <extensions>
     <gpxtpx:TrackPointExtension>
      <gpxtpx:hr>121</gpxtpx:hr>
     </gpxtpx:TrackPointExtension>
    </extensions>
   </trkpt>
   <trkpt lat="51.5326860" lon="-0.0829280">
    <ele>19.3</ele>
    <time>2024-09-12T17:39:28Z</time>
    <extensions>
     <gpxtpx:TrackPointExtension>
      <gpxtpx:hr>120</gpxtpx:hr>
     </gpxtpx:TrackPointExtension>
    </extensions>
   </trkpt>
   <trkpt lat="51.5326880" lon="-0.0829470">
    <ele>19.3</ele>
    <time>2024-09-12T17:39:29Z</time>
    <extensions>
     <gpxtpx:TrackPointExtension>
      <gpxtpx:hr>120</gpxtpx:hr>
     </gpxtpx:TrackPointExtension>
    </extensions>
   </trkpt>
   <trkpt lat="51.5327080" lon="-0.0830000">
    <ele>19.3</ele>
    <time>2024-09-12T17:39:30Z</time>
    <extensions>
     <gpxtpx:TrackPointExtension>
      <gpxtpx:hr>120</gpxtpx:hr>
     </gpxtpx:TrackPointExtension>
    </extensions>
   </trkpt>
   <trkpt lat="51.5327190" lon="-0.0830170">
    <ele>19.3</ele>
    <time>2024-09-12T17:39:31Z</time>
    <extensions>
     <gpxtpx:TrackPointExtension>
      <gpxtpx:hr>120</gpxtpx:hr>
     </gpxtpx:TrackPointExtension>
    </extensions>
   </trkpt>
   <trkpt lat="51.5327310" lon="-0.0830350">
    <ele>19.3</ele>
    <time>2024-09-12T17:39:32Z</time>
    <extensions>
     <gpxtpx:TrackPointExtension>
      <gpxtpx:hr>120</gpxtpx:hr>
     </gpxtpx:TrackPointExtension>
    </extensions>
   </trkpt>
   <trkpt lat="51.5327690" lon="-0.0830490">
    <ele>19.3</ele>
    <time>2024-09-12T17:39:33Z</time>
    <extensions>
     <gpxtpx:TrackPointExtension>
      <gpxtpx:hr>120</gpxtpx:hr>
     </gpxtpx:TrackPointExtension>
    </extensions>
   </trkpt>
   <trkpt lat="51.5327830" lon="-0.0830510">
    <ele>19.3</ele>
    <time>2024-09-12T17:39:34Z</time>
    <extensions>
     <gpxtpx:TrackPointExtension>
      <gpxtpx:hr>120</gpxtpx:hr>
     </gpxtpx:TrackPointExtension>
    </extensions>
   </trkpt>
   <trkpt lat="51.5328270" lon="-0.0830470">
    <ele>19.3</ele>
    <time>2024-09-12T17:39:35Z</time>
    <extensions>
     <gpxtpx:TrackPointExtension>
      <gpxtpx:hr>120</gpxtpx:hr>
     </gpxtpx:TrackPointExtension>
    </extensions>
   </trkpt>
   <trkpt lat="51.5328440" lon="-0.0830460">
    <ele>19.3</ele>
    <time>2024-09-12T17:39:36Z</time>
    <extensions>
     <gpxtpx:TrackPointExtension>
      <gpxtpx:hr>120</gpxtpx:hr>
     </gpxtpx:TrackPointExtension>
    </extensions>
   </trkpt>
   <trkpt lat="51.5328610" lon="-0.0830440">
    <ele>19.3</ele>
    <time>2024-09-12T17:39:37Z</time>
    <extensions>
     <gpxtpx:TrackPointExtension>
      <gpxtpx:hr>119</gpxtpx:hr>
     </gpxtpx:TrackPointExtension>
    </extensions>
   </trkpt>
   <trkpt lat="51.5329000" lon="-0.0830500">
    <ele>19.4</ele>
    <time>2024-09-12T17:39:38Z</time>
    <extensions>
     <gpxtpx:TrackPointExtension>
      <gpxtpx:hr>119</gpxtpx:hr>
     </gpxtpx:TrackPointExtension>
    </extensions>
   </trkpt>
   <trkpt lat="51.5329130" lon="-0.0830530">
    <ele>19.4</ele>
    <time>2024-09-12T17:39:39Z</time>
    <extensions>
     <gpxtpx:TrackPointExtension>
      <gpxtpx:hr>119</gpxtpx:hr>
     </gpxtpx:TrackPointExtension>
    </extensions>
   </trkpt>
   <trkpt lat="51.5329570" lon="-0.0830580">
    <ele>19.4</ele>
    <time>2024-09-12T17:39:40Z</time>
    <extensions>
     <gpxtpx:TrackPointExtension>
      <gpxtpx:hr>119</gpxtpx:hr>
     </gpxtpx:TrackPointExtension>
    </extensions>
   </trkpt>
   <trkpt lat="51.5329750" lon="-0.0830590">
    <ele>19.5</ele>
    <time>2024-09-12T17:39:41Z</time>
    <extensions>
     <gpxtpx:TrackPointExtension>
      <gpxtpx:hr>119</gpxtpx:hr>
     </gpxtpx:TrackPointExtension>
    </extensions>
   </trkpt>
   <trkpt lat="51.5329920" lon="-0.0830600">
    <ele>19.5</ele>
    <time>2024-09-12T17:39:42Z</time>
    <extensions>
     <gpxtpx:TrackPointExtension>
      <gpxtpx:hr>118</gpxtpx:hr>
     </gpxtpx:TrackPointExtension>
    </extensions>
   </trkpt>
   <trkpt lat="51.5330360" lon="-0.0830640">
    <ele>19.5</ele>
    <time>2024-09-12T17:39:43Z</time>
    <extensions>
     <gpxtpx:TrackPointExtension>
      <gpxtpx:hr>118</gpxtpx:hr>
     </gpxtpx:TrackPointExtension>
    </extensions>
   </trkpt>
   <trkpt lat="51.5330540" lon="-0.0830660">
    <ele>19.6</ele>
    <time>2024-09-12T17:39:44Z</time>
    <extensions>
     <gpxtpx:TrackPointExtension>
      <gpxtpx:hr>118</gpxtpx:hr>
     </gpxtpx:TrackPointExtension>
    </extensions>
   </trkpt>
   <trkpt lat="51.5330710" lon="-0.0830680">
    <ele>19.6</ele>
    <time>2024-09-12T17:39:45Z</time>
    <extensions>
     <gpxtpx:TrackPointExtension>
      <gpxtpx:hr>118</gpxtpx:hr>
     </gpxtpx:TrackPointExtension>
    </extensions>
   </trkpt>
   <trkpt lat="51.5331110" lon="-0.0830710">
    <ele>19.6</ele>
    <time>2024-09-12T17:39:46Z</time>
    <extensions>
     <gpxtpx:TrackPointExtension>
      <gpxtpx:hr>118</gpxtpx:hr>
     </gpxtpx:TrackPointExtension>
    </extensions>
   </trkpt>
   <trkpt lat="51.5331250" lon="-0.0830700">
    <ele>19.7</ele>
    <time>2024-09-12T17:39:47Z</time>
    <extensions>
     <gpxtpx:TrackPointExtension>
      <gpxtpx:hr>118</gpxtpx:hr>
     </gpxtpx:TrackPointExtension>
    </extensions>
   </trkpt>
   <trkpt lat="51.5331720" lon="-0.0830580">
    <ele>19.7</ele>
    <time>2024-09-12T17:39:48Z</time>
    <extensions>
     <gpxtpx:TrackPointExtension>
      <gpxtpx:hr>118</gpxtpx:hr>
     </gpxtpx:TrackPointExtension>
    </extensions>
   </trkpt>
   <trkpt lat="51.5331910" lon="-0.0830510">
    <ele>19.8</ele>
    <time>2024-09-12T17:39:49Z</time>
    <extensions>
     <gpxtpx:TrackPointExtension>
      <gpxtpx:hr>119</gpxtpx:hr>
     </gpxtpx:TrackPointExtension>
    </extensions>
   </trkpt>
   <trkpt lat="51.5332100" lon="-0.0830450">
    <ele>19.8</ele>
    <time>2024-09-12T17:39:50Z</time>
    <extensions>
     <gpxtpx:TrackPointExtension>
      <gpxtpx:hr>119</gpxtpx:hr>
     </gpxtpx:TrackPointExtension>
    </extensions>
   </trkpt>
   <trkpt lat="51.5332550" lon="-0.0830320">
    <ele>19.8</ele>
    <time>2024-09-12T17:39:51Z</time>
    <extensions>
     <gpxtpx:TrackPointExtension>
      <gpxtpx:hr>119</gpxtpx:hr>
     </gpxtpx:TrackPointExtension>
    </extensions>
   </trkpt>
   <trkpt lat="51.5332700" lon="-0.0830280">
    <ele>19.9</ele>
    <time>2024-09-12T17:39:52Z</time>
    <extensions>
     <gpxtpx:TrackPointExtension>
      <gpxtpx:hr>119</gpxtpx:hr>
     </gpxtpx:TrackPointExtension>
    </extensions>
   </trkpt>
   <trkpt lat="51.5333170" lon="-0.0830180">
    <ele>19.9</ele>
    <time>2024-09-12T17:39:53Z</time>
    <extensions>
     <gpxtpx:TrackPointExtension>
      <gpxtpx:hr>119</gpxtpx:hr>
     </gpxtpx:TrackPointExtension>
    </extensions>
   </trkpt>
   <trkpt lat="51.5333350" lon="-0.0830150">
    <ele>19.9</ele>
    <time>2024-09-12T17:39:54Z</time>
    <extensions>
     <gpxtpx:TrackPointExtension>
      <gpxtpx:hr>119</gpxtpx:hr>
     </gpxtpx:TrackPointExtension>
    </extensions>
   </trkpt>
   <trkpt lat="51.5333530" lon="-0.0830110">
    <ele>19.9</ele>
    <time>2024-09-12T17:39:55Z</time>
    <extensions>
     <gpxtpx:TrackPointExtension>
      <gpxtpx:hr>120</gpxtpx:hr>
     </gpxtpx:TrackPointExtension>
    </extensions>
   </trkpt>
   <trkpt lat="51.5333940" lon="-0.0830030">
    <ele>20.0</ele>
    <time>2024-09-12T17:39:56Z</time>
    <extensions>
     <gpxtpx:TrackPointExtension>
      <gpxtpx:hr>120</gpxtpx:hr>
     </gpxtpx:TrackPointExtension>
    </extensions>
   </trkpt>
   <trkpt lat="51.5334070" lon="-0.0830000">
    <ele>20.0</ele>
    <time>2024-09-12T17:39:57Z</time>
    <extensions>
     <gpxtpx:TrackPointExtension>
      <gpxtpx:hr>120</gpxtpx:hr>
     </gpxtpx:TrackPointExtension>
    </extensions>
   </trkpt>
   <trkpt lat="51.5334510" lon="-0.0829860">
    <ele>20.0</ele>
    <time>2024-09-12T17:39:58Z</time>
    <extensions>
     <gpxtpx:TrackPointExtension>
      <gpxtpx:hr>120</gpxtpx:hr>
     </gpxtpx:TrackPointExtension>
    </extensions>
   </trkpt>
   <trkpt lat="51.5334680" lon="-0.0829800">
    <ele>20.0</ele>
    <time>2024-09-12T17:39:59Z</time>
    <extensions>
     <gpxtpx:TrackPointExtension>
      <gpxtpx:hr>120</gpxtpx:hr>
     </gpxtpx:TrackPointExtension>
    </extensions>
   </trkpt>
   <trkpt lat="51.5334850" lon="-0.0829750">
    <ele>20.1</ele>
    <time>2024-09-12T17:40:00Z</time>
    <extensions>
     <gpxtpx:TrackPointExtension>
      <gpxtpx:hr>120</gpxtpx:hr>
     </gpxtpx:TrackPointExtension>
    </extensions>
   </trkpt>
   <trkpt lat="51.5335230" lon="-0.0829660">
    <ele>20.1</ele>
    <time>2024-09-12T17:40:01Z</time>
    <extensions>
     <gpxtpx:TrackPointExtension>
      <gpxtpx:hr>120</gpxtpx:hr>
     </gpxtpx:TrackPointExtension>
    </extensions>
   </trkpt>
   <trkpt lat="51.5335360" lon="-0.0829640">
    <ele>20.1</ele>
    <time>2024-09-12T17:40:02Z</time>
    <extensions>
     <gpxtpx:TrackPointExtension>
      <gpxtpx:hr>120</gpxtpx:hr>
     </gpxtpx:TrackPointExtension>
    </extensions>
   </trkpt>
   <trkpt lat="51.5335780" lon="-0.0829600">
    <ele>20.1</ele>
    <time>2024-09-12T17:40:03Z</time>
    <extensions>
     <gpxtpx:TrackPointExtension>
      <gpxtpx:hr>120</gpxtpx:hr>
     </gpxtpx:TrackPointExtension>
    </extensions>
   </trkpt>
   <trkpt lat="51.5335940" lon="-0.0829600">
    <ele>20.1</ele>
    <time>2024-09-12T17:40:04Z</time>
    <extensions>
     <gpxtpx:TrackPointExtension>
      <gpxtpx:hr>120</gpxtpx:hr>
     </gpxtpx:TrackPointExtension>
    </extensions>
   </trkpt>
   <trkpt lat="51.5336110" lon="-0.0829610">
    <ele>20.1</ele>
    <time>2024-09-12T17:40:05Z</time>
    <extensions>
     <gpxtpx:TrackPointExtension>
      <gpxtpx:hr>120</gpxtpx:hr>
     </gpxtpx:TrackPointExtension>
    </extensions>
   </trkpt>
   <trkpt lat="51.5336490" lon="-0.0829700">
    <ele>20.2</ele>
    <time>2024-09-12T17:40:06Z</time>
    <extensions>
     <gpxtpx:TrackPointExtension>
      <gpxtpx:hr>120</gpxtpx:hr>
     </gpxtpx:TrackPointExtension>
    </extensions>
   </trkpt>
   <trkpt lat="51.5336640" lon="-0.0829730">
    <ele>20.2</ele>
    <time>2024-09-12T17:40:07Z</time>
    <extensions>
     <gpxtpx:TrackPointExtension>
      <gpxtpx:hr>120</gpxtpx:hr>
     </gpxtpx:TrackPointExtension>
    </extensions>
   </trkpt>
   <trkpt lat="51.5336800" lon="-0.0829760">
    <ele>20.2</ele>
    <time>2024-09-12T17:40:08Z</time>
    <extensions>
     <gpxtpx:TrackPointExtension>
      <gpxtpx:hr>120</gpxtpx:hr>
     </gpxtpx:TrackPointExtension>
    </extensions>
   </trkpt>
   <trkpt lat="51.5337160" lon="-0.0829790">
    <ele>20.2</ele>
    <time>2024-09-12T17:40:09Z</time>
    <extensions>
     <gpxtpx:TrackPointExtension>
      <gpxtpx:hr>120</gpxtpx:hr>
     </gpxtpx:TrackPointExtension>
    </extensions>
   </trkpt>
   <trkpt lat="51.5337280" lon="-0.0829790">
    <ele>20.2</ele>
    <time>2024-09-12T17:40:10Z</time>
    <extensions>
     <gpxtpx:TrackPointExtension>
      <gpxtpx:hr>120</gpxtpx:hr>
     </gpxtpx:TrackPointExtension>
    </extensions>
   </trkpt>
   <trkpt lat="51.5337680" lon="-0.0829840">
    <ele>20.2</ele>
    <time>2024-09-12T17:40:11Z</time>
    <extensions>
     <gpxtpx:TrackPointExtension>
      <gpxtpx:hr>120</gpxtpx:hr>
     </gpxtpx:TrackPointExtension>
    </extensions>
   </trkpt>
   <trkpt lat="51.5337840" lon="-0.0829870">
    <ele>20.2</ele>
    <time>2024-09-12T17:40:12Z</time>
    <extensions>
     <gpxtpx:TrackPointExtension>
      <gpxtpx:hr>120</gpxtpx:hr>
     </gpxtpx:TrackPointExtension>
    </extensions>
   </trkpt>
   <trkpt lat="51.5338000" lon="-0.0829900">
    <ele>20.2</ele>
    <time>2024-09-12T17:40:13Z</time>
    <extensions>
     <gpxtpx:TrackPointExtension>
      <gpxtpx:hr>120</gpxtpx:hr>
     </gpxtpx:TrackPointExtension>
    </extensions>
   </trkpt>
   <trkpt lat="51.5338360" lon="-0.0829960">
    <ele>20.2</ele>
    <time>2024-09-12T17:40:14Z</time>
    <extensions>
     <gpxtpx:TrackPointExtension>
      <gpxtpx:hr>120</gpxtpx:hr>
     </gpxtpx:TrackPointExtension>
    </extensions>
   </trkpt>
   <trkpt lat="51.5338480" lon="-0.0829980">
    <ele>20.3</ele>
    <time>2024-09-12T17:40:15Z</time>
    <extensions>
     <gpxtpx:TrackPointExtension>
      <gpxtpx:hr>120</gpxtpx:hr>
     </gpxtpx:TrackPointExtension>
    </extensions>
   </trkpt>
   <trkpt lat="51.5338880" lon="-0.0830040">
    <ele>20.3</ele>
    <time>2024-09-12T17:40:16Z</time>
    <extensions>
     <gpxtpx:TrackPointExtension>
      <gpxtpx:hr>120</gpxtpx:hr>
     </gpxtpx:TrackPointExtension>
    </extensions>
   </trkpt>
   <trkpt lat="51.5339050" lon="-0.0830060">
    <ele>20.3</ele>
    <time>2024-09-12T17:40:17Z</time>
    <extensions>
     <gpxtpx:TrackPointExtension>
      <gpxtpx:hr>120</gpxtpx:hr>
     </gpxtpx:TrackPointExtension>
    </extensions>
   </trkpt>
   <trkpt lat="51.5339210" lon="-0.0830090">
    <ele>20.3</ele>
    <time>2024-09-12T17:40:18Z</time>
    <extensions>
     <gpxtpx:TrackPointExtension>
      <gpxtpx:hr>120</gpxtpx:hr>
     </gpxtpx:TrackPointExtension>
    </extensions>
   </trkpt>
   <trkpt lat="51.5339580" lon="-0.0830130">
    <ele>20.3</ele>
    <time>2024-09-12T17:40:19Z</time>
    <extensions>
     <gpxtpx:TrackPointExtension>
      <gpxtpx:hr>120</gpxtpx:hr>
     </gpxtpx:TrackPointExtension>
    </extensions>
   </trkpt>
   <trkpt lat="51.5339700" lon="-0.0830150">
    <ele>20.3</ele>
    <time>2024-09-12T17:40:20Z</time>
    <extensions>
     <gpxtpx:TrackPointExtension>
      <gpxtpx:hr>120</gpxtpx:hr>
     </gpxtpx:TrackPointExtension>
    </extensions>
   </trkpt>
   <trkpt lat="51.5340080" lon="-0.0830220">
    <ele>20.3</ele>
    <time>2024-09-12T17:40:21Z</time>
    <extensions>
     <gpxtpx:TrackPointExtension>
      <gpxtpx:hr>120</gpxtpx:hr>
     </gpxtpx:TrackPointExtension>
    </extensions>
   </trkpt>
   <trkpt lat="51.5340240" lon="-0.0830260">
    <ele>20.3</ele>
    <time>2024-09-12T17:40:22Z</time>
    <extensions>
     <gpxtpx:TrackPointExtension>
      <gpxtpx:hr>120</gpxtpx:hr>
     </gpxtpx:TrackPointExtension>
    </extensions>
   </trkpt>
   <trkpt lat="51.5340390" lon="-0.0830300">
    <ele>20.3</ele>
    <time>2024-09-12T17:40:23Z</time>
    <extensions>
     <gpxtpx:TrackPointExtension>
      <gpxtpx:hr>120</gpxtpx:hr>
     </gpxtpx:TrackPointExtension>
    </extensions>
   </trkpt>
   <trkpt lat="51.5340720" lon="-0.0830360">
    <ele>20.3</ele>
    <time>2024-09-12T17:40:24Z</time>
    <extensions>
     <gpxtpx:TrackPointExtension>
      <gpxtpx:hr>120</gpxtpx:hr>
     </gpxtpx:TrackPointExtension>
    </extensions>
   </trkpt>
   <trkpt lat="51.5340830" lon="-0.0830370">
    <ele>20.3</ele>
    <time>2024-09-12T17:40:25Z</time>
    <extensions>
     <gpxtpx:TrackPointExtension>
      <gpxtpx:hr>120</gpxtpx:hr>
     </gpxtpx:TrackPointExtension>
    </extensions>
   </trkpt>
   <trkpt lat="51.5341210" lon="-0.0830390">
    <ele>20.3</ele>
    <time>2024-09-12T17:40:26Z</time>
    <extensions>
     <gpxtpx:TrackPointExtension>
      <gpxtpx:hr>120</gpxtpx:hr>
     </gpxtpx:TrackPointExtension>
    </extensions>
   </trkpt>
   <trkpt lat="51.5341380" lon="-0.0830400">
    <ele>20.3</ele>
    <time>2024-09-12T17:40:27Z</time>
    <extensions>
     <gpxtpx:TrackPointExtension>
      <gpxtpx:hr>120</gpxtpx:hr>
     </gpxtpx:TrackPointExtension>
    </extensions>
   </trkpt>
   <trkpt lat="51.5341540" lon="-0.0830400">
    <ele>20.3</ele>
    <time>2024-09-12T17:40:28Z</time>
    <extensions>
     <gpxtpx:TrackPointExtension>
      <gpxtpx:hr>120</gpxtpx:hr>
     </gpxtpx:TrackPointExtension>
    </extensions>
   </trkpt>
   <trkpt lat="51.5341910" lon="-0.0830430">
    <ele>20.3</ele>
    <time>2024-09-12T17:40:29Z</time>
    <extensions>
     <gpxtpx:TrackPointExtension>
      <gpxtpx:hr>120</gpxtpx:hr>
     </gpxtpx:TrackPointExtension>
    </extensions>
   </trkpt>
   <trkpt lat="51.5342030" lon="-0.0830440">
    <ele>20.3</ele>
    <time>2024-09-12T17:40:30Z</time>
    <extensions>
     <gpxtpx:TrackPointExtension>
      <gpxtpx:hr>120</gpxtpx:hr>
     </gpxtpx:TrackPointExtension>
    </extensions>
   </trkpt>
   <trkpt lat="51.5342420" lon="-0.0830480">
    <ele>20.3</ele>
    <time>2024-09-12T17:40:31Z</time>
    <extensions>
     <gpxtpx:TrackPointExtension>
      <gpxtpx:hr>120</gpxtpx:hr>
     </gpxtpx:TrackPointExtension>
    </extensions>
   </trkpt>
   <trkpt lat="51.5342580" lon="-0.0830500">
    <ele>20.3</ele>
    <time>2024-09-12T17:40:32Z</time>
    <extensions>
     <gpxtpx:TrackPointExtension>
      <gpxtpx:hr>120</gpxtpx:hr>
     </gpxtpx:TrackPointExtension>
    </extensions>
   </trkpt>
   <trkpt lat="51.5342730" lon="-0.0830530">
    <ele>20.3</ele>
    <time>2024-09-12T17:40:33Z</time>
    <extensions>
     <gpxtpx:TrackPointExtension>
      <gpxtpx:hr>119</gpxtpx:hr>
     </gpxtpx:TrackPointExtension>
    </extensions>
   </trkpt>
   <trkpt lat="51.5343140" lon="-0.0830560">
    <ele>20.3</ele>
    <time>2024-09-12T17:40:34Z</time>
    <extensions>
     <gpxtpx:TrackPointExtension>
      <gpxtpx:hr>119</gpxtpx:hr>
     </gpxtpx:TrackPointExtension>
    </extensions>
   </trkpt>
   <trkpt lat="51.5343310" lon="-0.0830580">
    <ele>20.3</ele>
    <time>2024-09-12T17:40:35Z</time>
    <extensions>
     <gpxtpx:TrackPointExtension>
      <gpxtpx:hr>120</gpxtpx:hr>
     </gpxtpx:TrackPointExtension>
    </extensions>
   </trkpt>
   <trkpt lat="51.5343480" lon="-0.0830600">
    <ele>20.3</ele>
    <time>2024-09-12T17:40:36Z</time>
    <extensions>
     <gpxtpx:TrackPointExtension>
      <gpxtpx:hr>120</gpxtpx:hr>
     </gpxtpx:TrackPointExtension>
    </extensions>
   </trkpt>
   <trkpt lat="51.5343890" lon="-0.0830620">
    <ele>20.3</ele>
    <time>2024-09-12T17:40:37Z</time>
    <extensions>
     <gpxtpx:TrackPointExtension>
      <gpxtpx:hr>120</gpxtpx:hr>
     </gpxtpx:TrackPointExtension>
    </extensions>
   </trkpt>
   <trkpt lat="51.5344020" lon="-0.0830610">
    <ele>20.3</ele>
    <time>2024-09-12T17:40:38Z</time>
    <extensions>
     <gpxtpx:TrackPointExtension>
      <gpxtpx:hr>120</gpxtpx:hr>
     </gpxtpx:TrackPointExtension>
    </extensions>
   </trkpt>
   <trkpt lat="51.5344460" lon="-0.0830620">
    <ele>20.3</ele>
    <time>2024-09-12T17:40:39Z</time>
    <extensions>
     <gpxtpx:TrackPointExtension>
      <gpxtpx:hr>120</gpxtpx:hr>
     </gpxtpx:TrackPointExtension>
    </extensions>
   </trkpt>
   <trkpt lat="51.5344630" lon="-0.0830620">
    <ele>20.3</ele>
    <time>2024-09-12T17:40:40Z</time>
    <extensions>
     <gpxtpx:TrackPointExtension>
      <gpxtpx:hr>120</gpxtpx:hr>
     </gpxtpx:TrackPointExtension>
    </extensions>
   </trkpt>
   <trkpt lat="51.5344810" lon="-0.0830620">
    <ele>20.3</ele>
    <time>2024-09-12T17:40:41Z</time>
    <extensions>
     <gpxtpx:TrackPointExtension>
      <gpxtpx:hr>120</gpxtpx:hr>
     </gpxtpx:TrackPointExtension>
    </extensions>
   </trkpt>
   <trkpt lat="51.5345220" lon="-0.0830660">
    <ele>20.3</ele>
    <time>2024-09-12T17:40:42Z</time>
    <extensions>
     <gpxtpx:TrackPointExtension>
      <gpxtpx:hr>120</gpxtpx:hr>
     </gpxtpx:TrackPointExtension>
    </extensions>
   </trkpt>
   <trkpt lat="51.5345360" lon="-0.0830670">
    <ele>20.3</ele>
    <time>2024-09-12T17:40:43Z</time>
    <extensions>
     <gpxtpx:TrackPointExtension>
      <gpxtpx:hr>120</gpxtpx:hr>
     </gpxtpx:TrackPointExtension>
    </extensions>
   </trkpt>
   <trkpt lat="51.5345830" lon="-0.0830670">
    <ele>20.3</ele>
    <time>2024-09-12T17:40:44Z</time>
    <extensions>
     <gpxtpx:TrackPointExtension>
      <gpxtpx:hr>120</gpxtpx:hr>
     </gpxtpx:TrackPointExtension>
    </extensions>
   </trkpt>
   <trkpt lat="51.5346010" lon="-0.0830660">
    <ele>20.3</ele>
    <time>2024-09-12T17:40:45Z</time>
    <extensions>
     <gpxtpx:TrackPointExtension>
      <gpxtpx:hr>119</gpxtpx:hr>
     </gpxtpx:TrackPointExtension>
    </extensions>
   </trkpt>
   <trkpt lat="51.5346200" lon="-0.0830650">
    <ele>20.3</ele>
    <time>2024-09-12T17:40:46Z</time>
    <extensions>
     <gpxtpx:TrackPointExtension>
      <gpxtpx:hr>119</gpxtpx:hr>
     </gpxtpx:TrackPointExtension>
    </extensions>
   </trkpt>
   <trkpt lat="51.5346610" lon="-0.0830610">
    <ele>20.3</ele>
    <time>2024-09-12T17:40:47Z</time>
    <extensions>
     <gpxtpx:TrackPointExtension>
      <gpxtpx:hr>119</gpxtpx:hr>
     </gpxtpx:TrackPointExtension>
    </extensions>
   </trkpt>
   <trkpt lat="51.5346740" lon="-0.0830580">
    <ele>20.3</ele>
    <time>2024-09-12T17:40:48Z</time>
    <extensions>
     <gpxtpx:TrackPointExtension>
      <gpxtpx:hr>119</gpxtpx:hr>
     </gpxtpx:TrackPointExtension>
    </extensions>
   </trkpt>
   <trkpt lat="51.5347200" lon="-0.0830460">
    <ele>20.3</ele>
    <time>2024-09-12T17:40:49Z</time>
    <extensions>
     <gpxtpx:TrackPointExtension>
      <gpxtpx:hr>119</gpxtpx:hr>
     </gpxtpx:TrackPointExtension>
    </extensions>
   </trkpt>
   <trkpt lat="51.5347390" lon="-0.0830410">
    <ele>20.2</ele>
    <time>2024-09-12T17:40:50Z</time>
    <extensions>
     <gpxtpx:TrackPointExtension>
      <gpxtpx:hr>119</gpxtpx:hr>
     </gpxtpx:TrackPointExtension>
    </extensions>
   </trkpt>
   <trkpt lat="51.5347580" lon="-0.0830360">
    <ele>20.2</ele>
    <time>2024-09-12T17:40:51Z</time>
    <extensions>
     <gpxtpx:TrackPointExtension>
      <gpxtpx:hr>119</gpxtpx:hr>
     </gpxtpx:TrackPointExtension>
    </extensions>
   </trkpt>
   <trkpt lat="51.5347990" lon="-0.0830250">
    <ele>20.2</ele>
    <time>2024-09-12T17:40:52Z</time>
    <extensions>
     <gpxtpx:TrackPointExtension>
      <gpxtpx:hr>120</gpxtpx:hr>
     </gpxtpx:TrackPointExtension>
    </extensions>
   </trkpt>
   <trkpt lat="51.5348130" lon="-0.0830210">
    <ele>20.2</ele>
    <time>2024-09-12T17:40:53Z</time>
    <extensions>
     <gpxtpx:TrackPointExtension>
      <gpxtpx:hr>120</gpxtpx:hr>
     </gpxtpx:TrackPointExtension>
    </extensions>
   </trkpt>
   <trkpt lat="51.5348600" lon="-0.0830060">
    <ele>20.2</ele>
    <time>2024-09-12T17:40:54Z</time>
    <extensions>
     <gpxtpx:TrackPointExtension>
      <gpxtpx:hr>121</gpxtpx:hr>
     </gpxtpx:TrackPointExtension>
    </extensions>
   </trkpt>
   <trkpt lat="51.5348790" lon="-0.0829980">
    <ele>20.2</ele>
    <time>2024-09-12T17:40:55Z</time>
    <extensions>
     <gpxtpx:TrackPointExtension>
      <gpxtpx:hr>121</gpxtpx:hr>
     </gpxtpx:TrackPointExtension>
    </extensions>
   </trkpt>
   <trkpt lat="51.5348990" lon="-0.0829910">
    <ele>20.2</ele>
    <time>2024-09-12T17:40:56Z</time>
    <extensions>
     <gpxtpx:TrackPointExtension>
      <gpxtpx:hr>121</gpxtpx:hr>
     </gpxtpx:TrackPointExtension>
    </extensions>
   </trkpt>
   <trkpt lat="51.5349480" lon="-0.0829680">
    <ele>20.2</ele>
    <time>2024-09-12T17:40:57Z</time>
    <extensions>
     <gpxtpx:TrackPointExtension>
      <gpxtpx:hr>121</gpxtpx:hr>
     </gpxtpx:TrackPointExtension>
    </extensions>
   </trkpt>
   <trkpt lat="51.5349680" lon="-0.0829590">
    <ele>20.2</ele>
    <time>2024-09-12T17:40:58Z</time>
    <extensions>
     <gpxtpx:TrackPointExtension>
      <gpxtpx:hr>121</gpxtpx:hr>
     </gpxtpx:TrackPointExtension>
    </extensions>
   </trkpt>
   <trkpt lat="51.5349870" lon="-0.0829490">
    <ele>20.2</ele>
    <time>2024-09-12T17:40:59Z</time>
    <extensions>
     <gpxtpx:TrackPointExtension>
      <gpxtpx:hr>120</gpxtpx:hr>
     </gpxtpx:TrackPointExtension>
    </extensions>
   </trkpt>
   <trkpt lat="51.5350300" lon="-0.0829220">
    <ele>20.3</ele>
    <time>2024-09-12T17:41:00Z</time>
    <extensions>
     <gpxtpx:TrackPointExtension>
      <gpxtpx:hr>120</gpxtpx:hr>
     </gpxtpx:TrackPointExtension>
    </extensions>
   </trkpt>
   <trkpt lat="51.5350440" lon="-0.0829120">
    <ele>20.3</ele>
    <time>2024-09-12T17:41:01Z</time>
    <extensions>
     <gpxtpx:TrackPointExtension>
      <gpxtpx:hr>120</gpxtpx:hr>
     </gpxtpx:TrackPointExtension>
    </extensions>
   </trkpt>
   <trkpt lat="51.5350910" lon="-0.0828780">
    <ele>20.3</ele>
    <time>2024-09-12T17:41:02Z</time>
    <extensions>
     <gpxtpx:TrackPointExtension>
      <gpxtpx:hr>120</gpxtpx:hr>
     </gpxtpx:TrackPointExtension>
    </extensions>
   </trkpt>
   <trkpt lat="51.5351100" lon="-0.0828650">
    <ele>20.3</ele>
    <time>2024-09-12T17:41:03Z</time>
    <extensions>
     <gpxtpx:TrackPointExtension>
      <gpxtpx:hr>120</gpxtpx:hr>
     </gpxtpx:TrackPointExtension>
    </extensions>
   </trkpt>
   <trkpt lat="51.5351300" lon="-0.0828520">
    <ele>20.3</ele>
    <time>2024-09-12T17:41:04Z</time>
    <extensions>
     <gpxtpx:TrackPointExtension>
      <gpxtpx:hr>120</gpxtpx:hr>
     </gpxtpx:TrackPointExtension>
    </extensions>
   </trkpt>
   <trkpt lat="51.5351710" lon="-0.0828190">
    <ele>20.3</ele>
    <time>2024-09-12T17:41:05Z</time>
    <extensions>
     <gpxtpx:TrackPointExtension>
      <gpxtpx:hr>120</gpxtpx:hr>
     </gpxtpx:TrackPointExtension>
    </extensions>
   </trkpt>
   <trkpt lat="51.5351840" lon="-0.0828070">
    <ele>20.3</ele>
    <time>2024-09-12T17:41:06Z</time>
    <extensions>
     <gpxtpx:TrackPointExtension>
      <gpxtpx:hr>120</gpxtpx:hr>
     </gpxtpx:TrackPointExtension>
    </extensions>
   </trkpt>
   <trkpt lat="51.5352270" lon="-0.0827610">
    <ele>20.3</ele>
    <time>2024-09-12T17:41:07Z</time>
    <extensions>
     <gpxtpx:TrackPointExtension>
      <gpxtpx:hr>120</gpxtpx:hr>
     </gpxtpx:TrackPointExtension>
    </extensions>
   </trkpt>
   <trkpt lat="51.5352440" lon="-0.0827420">
    <ele>20.3</ele>
    <time>2024-09-12T17:41:08Z</time>
    <extensions>
     <gpxtpx:TrackPointExtension>
      <gpxtpx:hr>121</gpxtpx:hr>
     </gpxtpx:TrackPointExtension>
    </extensions>
   </trkpt>
   <trkpt lat="51.5352600" lon="-0.0827230">
    <ele>20.3</ele>
    <time>2024-09-12T17:41:09Z</time>
    <extensions>
     <gpxtpx:TrackPointExtension>
      <gpxtpx:hr>121</gpxtpx:hr>
     </gpxtpx:TrackPointExtension>
    </extensions>
   </trkpt>
   <trkpt lat="51.5352950" lon="-0.0826830">
    <ele>20.3</ele>
    <time>2024-09-12T17:41:10Z</time>
    <extensions>
     <gpxtpx:TrackPointExtension>
      <gpxtpx:hr>121</gpxtpx:hr>
     </gpxtpx:TrackPointExtension>
    </extensions>
   </trkpt>
   <trkpt lat="51.5353070" lon="-0.0826690">
    <ele>20.3</ele>
    <time>2024-09-12T17:41:11Z</time>
    <extensions>
     <gpxtpx:TrackPointExtension>
      <gpxtpx:hr>121</gpxtpx:hr>
     </gpxtpx:TrackPointExtension>
    </extensions>
   </trkpt>
   <trkpt lat="51.5353430" lon="-0.0826240">
    <ele>20.3</ele>
    <time>2024-09-12T17:41:12Z</time>
    <extensions>
     <gpxtpx:TrackPointExtension>
      <gpxtpx:hr>121</gpxtpx:hr>
     </gpxtpx:TrackPointExtension>
    </extensions>
   </trkpt>
   <trkpt lat="51.5353570" lon="-0.0826050">
    <ele>20.3</ele>
    <time>2024-09-12T17:41:13Z</time>
    <extensions>
     <gpxtpx:TrackPointExtension>
      <gpxtpx:hr>121</gpxtpx:hr>
     </gpxtpx:TrackPointExtension>
    </extensions>
   </trkpt>
   <trkpt lat="51.5353710" lon="-0.0825860">
    <ele>20.3</ele>
    <time>2024-09-12T17:41:14Z</time>
    <extensions>
     <gpxtpx:TrackPointExtension>
      <gpxtpx:hr>121</gpxtpx:hr>
     </gpxtpx:TrackPointExtension>
    </extensions>
   </trkpt>
   <trkpt lat="51.5354040" lon="-0.0825440">
    <ele>20.3</ele>
    <time>2024-09-12T17:41:15Z</time>
    <extensions>
     <gpxtpx:TrackPointExtension>
      <gpxtpx:hr>121</gpxtpx:hr>
     </gpxtpx:TrackPointExtension>
    </extensions>
   </trkpt>
   <trkpt lat="51.5354150" lon="-0.0825310">
    <ele>20.3</ele>
    <time>2024-09-12T17:41:16Z</time>
    <extensions>
     <gpxtpx:TrackPointExtension>
      <gpxtpx:hr>121</gpxtpx:hr>
     </gpxtpx:TrackPointExtension>
    </extensions>
   </trkpt>
   <trkpt lat="51.5354490" lon="-0.0824810">
    <ele>20.3</ele>
    <time>2024-09-12T17:41:17Z</time>
    <extensions>
     <gpxtpx:TrackPointExtension>
      <gpxtpx:hr>121</gpxtpx:hr>
     </gpxtpx:TrackPointExtension>
    </extensions>
   </trkpt>
   <trkpt lat="51.5354610" lon="-0.0824590">
    <ele>20.3</ele>
    <time>2024-09-12T17:41:18Z</time>
    <extensions>
     <gpxtpx:TrackPointExtension>
      <gpxtpx:hr>121</gpxtpx:hr>
     </gpxtpx:TrackPointExtension>
    </extensions>
   </trkpt>
   <trkpt lat="51.5354740" lon="-0.0824370">
    <ele>20.3</ele>
    <time>2024-09-12T17:41:19Z</time>
    <extensions>
     <gpxtpx:TrackPointExtension>
      <gpxtpx:hr>121</gpxtpx:hr>
     </gpxtpx:TrackPointExtension>
    </extensions>
   </trkpt>
   <trkpt lat="51.5355010" lon="-0.0823730">
    <ele>20.2</ele>
    <time>2024-09-12T17:41:20Z</time>
    <extensions>
     <gpxtpx:TrackPointExtension>
      <gpxtpx:hr>121</gpxtpx:hr>
     </gpxtpx:TrackPointExtension>
    </extensions>
   </trkpt>
   <trkpt lat="51.5355110" lon="-0.0823460">
    <ele>20.2</ele>
    <time>2024-09-12T17:41:21Z</time>
    <extensions>
     <gpxtpx:TrackPointExtension>
      <gpxtpx:hr>121</gpxtpx:hr>
     </gpxtpx:TrackPointExtension>
    </extensions>
   </trkpt>
   <trkpt lat="51.5355220" lon="-0.0823200">
    <ele>20.2</ele>
    <time>2024-09-12T17:41:22Z</time>
    <extensions>
     <gpxtpx:TrackPointExtension>
      <gpxtpx:hr>120</gpxtpx:hr>
     </gpxtpx:TrackPointExtension>
    </extensions>
   </trkpt>
   <trkpt lat="51.5355430" lon="-0.0822650">
    <ele>20.2</ele>
    <time>2024-09-12T17:41:23Z</time>
    <extensions>
     <gpxtpx:TrackPointExtension>
      <gpxtpx:hr>120</gpxtpx:hr>
     </gpxtpx:TrackPointExtension>
    </extensions>
   </trkpt>
   <trkpt lat="51.5355500" lon="-0.0822490">
    <ele>20.2</ele>
    <time>2024-09-12T17:41:24Z</time>
    <extensions>
     <gpxtpx:TrackPointExtension>
      <gpxtpx:hr>120</gpxtpx:hr>
     </gpxtpx:TrackPointExtension>
    </extensions>
   </trkpt>
   <trkpt lat="51.5355840" lon="-0.0822070">
    <ele>20.1</ele>
    <time>2024-09-12T17:41:25Z</time>
    <extensions>
     <gpxtpx:TrackPointExtension>
      <gpxtpx:hr>120</gpxtpx:hr>
     </gpxtpx:TrackPointExtension>
    </extensions>
   </trkpt>
   <trkpt lat="51.5355990" lon="-0.0821920">
    <ele>20.1</ele>
    <time>2024-09-12T17:41:26Z</time>
    <extensions>
     <gpxtpx:TrackPointExtension>
      <gpxtpx:hr>120</gpxtpx:hr>
     </gpxtpx:TrackPointExtension>
    </extensions>
   </trkpt>
   <trkpt lat="51.5356140" lon="-0.0821770">
    <ele>20.1</ele>
    <time>2024-09-12T17:41:27Z</time>
    <extensions>
     <gpxtpx:TrackPointExtension>
      <gpxtpx:hr>120</gpxtpx:hr>
     </gpxtpx:TrackPointExtension>
    </extensions>
   </trkpt>
   <trkpt lat="51.5356520" lon="-0.0821530">
    <ele>20.0</ele>
    <time>2024-09-12T17:41:28Z</time>
    <extensions>
     <gpxtpx:TrackPointExtension>
      <gpxtpx:hr>120</gpxtpx:hr>
     </gpxtpx:TrackPointExtension>
    </extensions>
   </trkpt>
   <trkpt lat="51.5356660" lon="-0.0821460">
    <ele>20.0</ele>
    <time>2024-09-12T17:41:29Z</time>
    <extensions>
     <gpxtpx:TrackPointExtension>
      <gpxtpx:hr>120</gpxtpx:hr>
     </gpxtpx:TrackPointExtension>
    </extensions>
   </trkpt>
   <trkpt lat="51.5357160" lon="-0.0821280">
    <ele>19.9</ele>
    <time>2024-09-12T17:41:30Z</time>
    <extensions>
     <gpxtpx:TrackPointExtension>
      <gpxtpx:hr>120</gpxtpx:hr>
     </gpxtpx:TrackPointExtension>
    </extensions>
   </trkpt>
   <trkpt lat="51.5357360" lon="-0.0821210">
    <ele>19.9</ele>
    <time>2024-09-12T17:41:31Z</time>
    <extensions>
     <gpxtpx:TrackPointExtension>
      <gpxtpx:hr>120</gpxtpx:hr>
     </gpxtpx:TrackPointExtension>
    </extensions>
   </trkpt>
   <trkpt lat="51.5357550" lon="-0.0821130">
    <ele>19.9</ele>
    <time>2024-09-12T17:41:32Z</time>
    <extensions>
     <gpxtpx:TrackPointExtension>
      <gpxtpx:hr>120</gpxtpx:hr>
     </gpxtpx:TrackPointExtension>
    </extensions>
   </trkpt>
   <trkpt lat="51.5357950" lon="-0.0820870">
    <ele>19.8</ele>
    <time>2024-09-12T17:41:33Z</time>
    <extensions>
     <gpxtpx:TrackPointExtension>
      <gpxtpx:hr>120</gpxtpx:hr>
     </gpxtpx:TrackPointExtension>
    </extensions>
   </trkpt>
   <trkpt lat="51.5358080" lon="-0.0820790">
    <ele>19.8</ele>
    <time>2024-09-12T17:41:34Z</time>
    <extensions>
     <gpxtpx:TrackPointExtension>
      <gpxtpx:hr>120</gpxtpx:hr>
     </gpxtpx:TrackPointExtension>
    </extensions>
   </trkpt>
   <trkpt lat="51.5358540" lon="-0.0820540">
    <ele>19.7</ele>
    <time>2024-09-12T17:41:35Z</time>
    <extensions>
     <gpxtpx:TrackPointExtension>
      <gpxtpx:hr>120</gpxtpx:hr>
     </gpxtpx:TrackPointExtension>
    </extensions>
   </trkpt>
   <trkpt lat="51.5358730" lon="-0.0820460">
    <ele>19.7</ele>
    <time>2024-09-12T17:41:36Z</time>
    <extensions>
     <gpxtpx:TrackPointExtension>
      <gpxtpx:hr>122</gpxtpx:hr>
     </gpxtpx:TrackPointExtension>
    </extensions>
   </trkpt>
   <trkpt lat="51.5358920" lon="-0.0820380">
    <ele>19.6</ele>
    <time>2024-09-12T17:41:37Z</time>
    <extensions>
     <gpxtpx:TrackPointExtension>
      <gpxtpx:hr>122</gpxtpx:hr>
     </gpxtpx:TrackPointExtension>
    </extensions>
   </trkpt>
   <trkpt lat="51.5359330" lon="-0.0820300">
    <ele>19.6</ele>
    <time>2024-09-12T17:41:38Z</time>
    <extensions>
     <gpxtpx:TrackPointExtension>
      <gpxtpx:hr>122</gpxtpx:hr>
     </gpxtpx:TrackPointExtension>
    </extensions>
   </trkpt>
   <trkpt lat="51.5359460" lon="-0.0820290">
    <ele>19.6</ele>
    <time>2024-09-12T17:41:39Z</time>
    <extensions>
     <gpxtpx:TrackPointExtension>
      <gpxtpx:hr>122</gpxtpx:hr>
     </gpxtpx:TrackPointExtension>
    </extensions>
   </trkpt>
   <trkpt lat="51.5359880" lon="-0.0820250">
    <ele>19.5</ele>
    <time>2024-09-12T17:41:40Z</time>
    <extensions>
     <gpxtpx:TrackPointExtension>
      <gpxtpx:hr>122</gpxtpx:hr>
     </gpxtpx:TrackPointExtension>
    </extensions>
   </trkpt>
   <trkpt lat="51.5360040" lon="-0.0820240">
    <ele>19.5</ele>
    <time>2024-09-12T17:41:41Z</time>
    <extensions>
     <gpxtpx:TrackPointExtension>
      <gpxtpx:hr>122</gpxtpx:hr>
     </gpxtpx:TrackPointExtension>
    </extensions>
   </trkpt>
   <trkpt lat="51.5360200" lon="-0.0820220">
    <ele>19.5</ele>
    <time>2024-09-12T17:41:42Z</time>
    <extensions>
     <gpxtpx:TrackPointExtension>
      <gpxtpx:hr>122</gpxtpx:hr>
     </gpxtpx:TrackPointExtension>
    </extensions>
   </trkpt>
   <trkpt lat="51.5360630" lon="-0.0820150">
    <ele>19.4</ele>
    <time>2024-09-12T17:41:43Z</time>
    <extensions>
     <gpxtpx:TrackPointExtension>
      <gpxtpx:hr>122</gpxtpx:hr>
     </gpxtpx:TrackPointExtension>
    </extensions>
   </trkpt>
   <trkpt lat="51.5360810" lon="-0.0820110">
    <ele>19.4</ele>
    <time>2024-09-12T17:41:44Z</time>
    <extensions>
     <gpxtpx:TrackPointExtension>
      <gpxtpx:hr>121</gpxtpx:hr>
     </gpxtpx:TrackPointExtension>
    </extensions>
   </trkpt>
   <trkpt lat="51.5360980" lon="-0.0820080">
    <ele>19.4</ele>
    <time>2024-09-12T17:41:45Z</time>
    <extensions>
     <gpxtpx:TrackPointExtension>
      <gpxtpx:hr>121</gpxtpx:hr>
     </gpxtpx:TrackPointExtension>
    </extensions>
   </trkpt>
   <trkpt lat="51.5361400" lon="-0.0820010">
    <ele>19.4</ele>
    <time>2024-09-12T17:41:46Z</time>
    <extensions>
     <gpxtpx:TrackPointExtension>
      <gpxtpx:hr>121</gpxtpx:hr>
     </gpxtpx:TrackPointExtension>
    </extensions>
   </trkpt>
   <trkpt lat="51.5361550" lon="-0.0819980">
    <ele>19.4</ele>
    <time>2024-09-12T17:41:47Z</time>
    <extensions>
     <gpxtpx:TrackPointExtension>
      <gpxtpx:hr>121</gpxtpx:hr>
     </gpxtpx:TrackPointExtension>
    </extensions>
   </trkpt>
   <trkpt lat="51.5362020" lon="-0.0819910">
    <ele>19.3</ele>
    <time>2024-09-12T17:41:48Z</time>
    <extensions>
     <gpxtpx:TrackPointExtension>
      <gpxtpx:hr>121</gpxtpx:hr>
     </gpxtpx:TrackPointExtension>
    </extensions>
   </trkpt>
   <trkpt lat="51.5362200" lon="-0.0819890">
    <ele>19.3</ele>
    <time>2024-09-12T17:41:49Z</time>
    <extensions>
     <gpxtpx:TrackPointExtension>
      <gpxtpx:hr>121</gpxtpx:hr>
     </gpxtpx:TrackPointExtension>
    </extensions>
   </trkpt>
   <trkpt lat="51.5362390" lon="-0.0819860">
    <ele>19.3</ele>
    <time>2024-09-12T17:41:50Z</time>
    <extensions>
     <gpxtpx:TrackPointExtension>
      <gpxtpx:hr>120</gpxtpx:hr>
     </gpxtpx:TrackPointExtension>
    </extensions>
   </trkpt>
   <trkpt lat="51.5362830" lon="-0.0819810">
    <ele>19.3</ele>
    <time>2024-09-12T17:41:51Z</time>
    <extensions>
     <gpxtpx:TrackPointExtension>
      <gpxtpx:hr>120</gpxtpx:hr>
     </gpxtpx:TrackPointExtension>
    </extensions>
   </trkpt>
   <trkpt lat="51.5362970" lon="-0.0819790">
    <ele>19.3</ele>
    <time>2024-09-12T17:41:52Z</time>
    <extensions>
     <gpxtpx:TrackPointExtension>
      <gpxtpx:hr>120</gpxtpx:hr>
     </gpxtpx:TrackPointExtension>
    </extensions>
   </trkpt>
   <trkpt lat="51.5363460" lon="-0.0819700">
    <ele>19.3</ele>
    <time>2024-09-12T17:41:53Z</time>
    <extensions>
     <gpxtpx:TrackPointExtension>
      <gpxtpx:hr>120</gpxtpx:hr>
     </gpxtpx:TrackPointExtension>
    </extensions>
   </trkpt>
   <trkpt lat="51.5363660" lon="-0.0819660">
    <ele>19.3</ele>
    <time>2024-09-12T17:41:54Z</time>
    <extensions>
     <gpxtpx:TrackPointExtension>
      <gpxtpx:hr>120</gpxtpx:hr>
     </gpxtpx:TrackPointExtension>
    </extensions>
   </trkpt>
   <trkpt lat="51.5363860" lon="-0.0819630">
    <ele>19.3</ele>
    <time>2024-09-12T17:41:55Z</time>
    <extensions>
     <gpxtpx:TrackPointExtension>
      <gpxtpx:hr>121</gpxtpx:hr>
     </gpxtpx:TrackPointExtension>
    </extensions>
   </trkpt>
   <trkpt lat="51.5364300" lon="-0.0819540">
    <ele>19.3</ele>
    <time>2024-09-12T17:41:56Z</time>
    <extensions>
     <gpxtpx:TrackPointExtension>
      <gpxtpx:hr>121</gpxtpx:hr>
     </gpxtpx:TrackPointExtension>
    </extensions>
   </trkpt>
   <trkpt lat="51.5364440" lon="-0.0819510">
    <ele>19.3</ele>
    <time>2024-09-12T17:41:57Z</time>
    <extensions>
     <gpxtpx:TrackPointExtension>
      <gpxtpx:hr>121</gpxtpx:hr>
     </gpxtpx:TrackPointExtension>
    </extensions>
   </trkpt>
   <trkpt lat="51.5364930" lon="-0.0819410">
    <ele>19.3</ele>
    <time>2024-09-12T17:41:58Z</time>
    <extensions>
     <gpxtpx:TrackPointExtension>
      <gpxtpx:hr>121</gpxtpx:hr>
     </gpxtpx:TrackPointExtension>
    </extensions>
   </trkpt>
   <trkpt lat="51.5365120" lon="-0.0819370">
    <ele>19.3</ele>
    <time>2024-09-12T17:41:59Z</time>
    <extensions>
     <gpxtpx:TrackPointExtension>
      <gpxtpx:hr>121</gpxtpx:hr>
     </gpxtpx:TrackPointExtension>
    </extensions>
   </trkpt>
   <trkpt lat="51.5365320" lon="-0.0819330">
    <ele>19.3</ele>
    <time>2024-09-12T17:42:00Z</time>
    <extensions>
     <gpxtpx:TrackPointExtension>
      <gpxtpx:hr>121</gpxtpx:hr>
     </gpxtpx:TrackPointExtension>
    </extensions>
   </trkpt>
   <trkpt lat="51.5365750" lon="-0.0819250">
    <ele>19.3</ele>
    <time>2024-09-12T17:42:01Z</time>
    <extensions>
     <gpxtpx:TrackPointExtension>
      <gpxtpx:hr>121</gpxtpx:hr>
     </gpxtpx:TrackPointExtension>
    </extensions>
   </trkpt>
   <trkpt lat="51.5365900" lon="-0.0819220">
    <ele>19.3</ele>
    <time>2024-09-12T17:42:02Z</time>
    <extensions>
     <gpxtpx:TrackPointExtension>
      <gpxtpx:hr>121</gpxtpx:hr>
     </gpxtpx:TrackPointExtension>
    </extensions>
   </trkpt>
   <trkpt lat="51.5366370" lon="-0.0819130">
    <ele>19.3</ele>
    <time>2024-09-12T17:42:03Z</time>
    <extensions>
     <gpxtpx:TrackPointExtension>
      <gpxtpx:hr>125</gpxtpx:hr>
     </gpxtpx:TrackPointExtension>
    </extensions>
   </trkpt>
   <trkpt lat="51.5366550" lon="-0.0819100">
    <ele>19.3</ele>
    <time>2024-09-12T17:42:04Z</time>
    <extensions>
     <gpxtpx:TrackPointExtension>
      <gpxtpx:hr>125</gpxtpx:hr>
     </gpxtpx:TrackPointExtension>
    </extensions>
   </trkpt>
   <trkpt lat="51.5366740" lon="-0.0819060">
    <ele>19.3</ele>
    <time>2024-09-12T17:42:05Z</time>
    <extensions>
     <gpxtpx:TrackPointExtension>
      <gpxtpx:hr>125</gpxtpx:hr>
     </gpxtpx:TrackPointExtension>
    </extensions>
   </trkpt>
   <trkpt lat="51.5367200" lon="-0.0818970">
    <ele>19.3</ele>
    <time>2024-09-12T17:42:06Z</time>
    <extensions>
     <gpxtpx:TrackPointExtension>
      <gpxtpx:hr>125</gpxtpx:hr>
     </gpxtpx:TrackPointExtension>
    </extensions>
   </trkpt>
   <trkpt lat="51.5367390" lon="-0.0818930">
    <ele>19.3</ele>
    <time>2024-09-12T17:42:07Z</time>
    <extensions>
     <gpxtpx:TrackPointExtension>
      <gpxtpx:hr>125</gpxtpx:hr>
     </gpxtpx:TrackPointExtension>
    </extensions>
   </trkpt>
   <trkpt lat="51.5367570" lon="-0.0818900">
    <ele>19.3</ele>
    <time>2024-09-12T17:42:08Z</time>
    <extensions>
     <gpxtpx:TrackPointExtension>
      <gpxtpx:hr>125</gpxtpx:hr>
     </gpxtpx:TrackPointExtension>
    </extensions>
   </trkpt>
   <trkpt lat="51.5367980" lon="-0.0818810">
    <ele>19.4</ele>
    <time>2024-09-12T17:42:09Z</time>
    <extensions>
     <gpxtpx:TrackPointExtension>
      <gpxtpx:hr>125</gpxtpx:hr>
     </gpxtpx:TrackPointExtension>
    </extensions>
   </trkpt>
   <trkpt lat="51.5368110" lon="-0.0818790">
    <ele>19.4</ele>
    <time>2024-09-12T17:42:10Z</time>
    <extensions>
     <gpxtpx:TrackPointExtension>
      <gpxtpx:hr>125</gpxtpx:hr>
     </gpxtpx:TrackPointExtension>
    </extensions>
   </trkpt>
   <trkpt lat="51.5368580" lon="-0.0818690">
    <ele>19.4</ele>
    <time>2024-09-12T17:42:11Z</time>
    <extensions>
     <gpxtpx:TrackPointExtension>
      <gpxtpx:hr>125</gpxtpx:hr>
     </gpxtpx:TrackPointExtension>
    </extensions>
   </trkpt>
   <trkpt lat="51.5368770" lon="-0.0818650">
    <ele>19.4</ele>
    <time>2024-09-12T17:42:12Z</time>
    <extensions>
     <gpxtpx:TrackPointExtension>
      <gpxtpx:hr>125</gpxtpx:hr>
     </gpxtpx:TrackPointExtension>
    </extensions>
   </trkpt>
   <trkpt lat="51.5368950" lon="-0.0818610">
    <ele>19.4</ele>
    <time>2024-09-12T17:42:13Z</time>
    <extensions>
     <gpxtpx:TrackPointExtension>
      <gpxtpx:hr>125</gpxtpx:hr>
     </gpxtpx:TrackPointExtension>
    </extensions>
   </trkpt>
   <trkpt lat="51.5369390" lon="-0.0818510">
    <ele>19.5</ele>
    <time>2024-09-12T17:42:14Z</time>
    <extensions>
     <gpxtpx:TrackPointExtension>
      <gpxtpx:hr>125</gpxtpx:hr>
     </gpxtpx:TrackPointExtension>
    </extensions>
   </trkpt>
   <trkpt lat="51.5369540" lon="-0.0818480">
    <ele>19.5</ele>
    <time>2024-09-12T17:42:15Z</time>
    <extensions>
     <gpxtpx:TrackPointExtension>
      <gpxtpx:hr>125</gpxtpx:hr>
     </gpxtpx:TrackPointExtension>
    </extensions>
   </trkpt>
   <trkpt lat="51.5370020" lon="-0.0818370">
    <ele>19.6</ele>
    <time>2024-09-12T17:42:16Z</time>
    <extensions>
     <gpxtpx:TrackPointExtension>
      <gpxtpx:hr>125</gpxtpx:hr>
     </gpxtpx:TrackPointExtension>
    </extensions>
   </trkpt>
   <trkpt lat="51.5370220" lon="-0.0818320">
    <ele>19.6</ele>
    <time>2024-09-12T17:42:17Z</time>
    <extensions>
     <gpxtpx:TrackPointExtension>
      <gpxtpx:hr>125</gpxtpx:hr>
     </gpxtpx:TrackPointExtension>
    </extensions>
   </trkpt>
   <trkpt lat="51.5370410" lon="-0.0818280">
    <ele>19.6</ele>
    <time>2024-09-12T17:42:18Z</time>
    <extensions>
     <gpxtpx:TrackPointExtension>
      <gpxtpx:hr>125</gpxtpx:hr>
     </gpxtpx:TrackPointExtension>
    </extensions>
   </trkpt>
   <trkpt lat="51.5370840" lon="-0.0818170">
    <ele>19.7</ele>
    <time>2024-09-12T17:42:19Z</time>
    <extensions>
     <gpxtpx:TrackPointExtension>
      <gpxtpx:hr>125</gpxtpx:hr>
     </gpxtpx:TrackPointExtension>
    </extensions>
   </trkpt>
   <trkpt lat="51.5370980" lon="-0.0818140">
    <ele>19.7</ele>
    <time>2024-09-12T17:42:20Z</time>
    <extensions>
     <gpxtpx:TrackPointExtension>
      <gpxtpx:hr>125</gpxtpx:hr>
     </gpxtpx:TrackPointExtension>
    </extensions>
   </trkpt>
   <trkpt lat="51.5371450" lon="-0.0818010">
    <ele>19.7</ele>
    <time>2024-09-12T17:42:21Z</time>
    <extensions>
     <gpxtpx:TrackPointExtension>
      <gpxtpx:hr>125</gpxtpx:hr>
     </gpxtpx:TrackPointExtension>
    </extensions>
   </trkpt>
   <trkpt lat="51.5371640" lon="-0.0817960">
    <ele>19.7</ele>
    <time>2024-09-12T17:42:22Z</time>
    <extensions>
     <gpxtpx:TrackPointExtension>
      <gpxtpx:hr>125</gpxtpx:hr>
     </gpxtpx:TrackPointExtension>
    </extensions>
   </trkpt>
   <trkpt lat="51.5371830" lon="-0.0817910">
    <ele>19.7</ele>
    <time>2024-09-12T17:42:23Z</time>
    <extensions>
     <gpxtpx:TrackPointExtension>
      <gpxtpx:hr>126</gpxtpx:hr>
     </gpxtpx:TrackPointExtension>
    </extensions>
   </trkpt>
   <trkpt lat="51.5372270" lon="-0.0817780">
    <ele>19.8</ele>
    <time>2024-09-12T17:42:24Z</time>
    <extensions>
     <gpxtpx:TrackPointExtension>
      <gpxtpx:hr>126</gpxtpx:hr>
     </gpxtpx:TrackPointExtension>
    </extensions>
   </trkpt>
   <trkpt lat="51.5372410" lon="-0.0817740">
    <ele>19.8</ele>
    <time>2024-09-12T17:42:25Z</time>
    <extensions>
     <gpxtpx:TrackPointExtension>
      <gpxtpx:hr>126</gpxtpx:hr>
     </gpxtpx:TrackPointExtension>
    </extensions>
   </trkpt>
   <trkpt lat="51.5372910" lon="-0.0817590">
    <ele>19.8</ele>
    <time>2024-09-12T17:42:26Z</time>
    <extensions>
     <gpxtpx:TrackPointExtension>
      <gpxtpx:hr>126</gpxtpx:hr>
     </gpxtpx:TrackPointExtension>
    </extensions>
   </trkpt>
   <trkpt lat="51.5373110" lon="-0.0817520">
    <ele>19.8</ele>
    <time>2024-09-12T17:42:27Z</time>
    <extensions>
     <gpxtpx:TrackPointExtension>
      <gpxtpx:hr>126</gpxtpx:hr>
     </gpxtpx:TrackPointExtension>
    </extensions>
   </trkpt>
   <trkpt lat="51.5373320" lon="-0.0817450">
    <ele>19.8</ele>
    <time>2024-09-12T17:42:28Z</time>
    <extensions>
     <gpxtpx:TrackPointExtension>
      <gpxtpx:hr>126</gpxtpx:hr>
     </gpxtpx:TrackPointExtension>
    </extensions>
   </trkpt>
   <trkpt lat="51.5373790" lon="-0.0817300">
    <ele>19.8</ele>
    <time>2024-09-12T17:42:29Z</time>
    <extensions>
     <gpxtpx:TrackPointExtension>
      <gpxtpx:hr>126</gpxtpx:hr>
     </gpxtpx:TrackPointExtension>
    </extensions>
   </trkpt>
   <trkpt lat="51.5373950" lon="-0.0817240">
    <ele>19.8</ele>
    <time>2024-09-12T17:42:30Z</time>
    <extensions>
     <gpxtpx:TrackPointExtension>
      <gpxtpx:hr>126</gpxtpx:hr>
     </gpxtpx:TrackPointExtension>
    </extensions>
   </trkpt>
   <trkpt lat="51.5374480" lon="-0.0817050">
    <ele>19.8</ele>
    <time>2024-09-12T17:42:31Z</time>
    <extensions>
     <gpxtpx:TrackPointExtension>
      <gpxtpx:hr>126</gpxtpx:hr>
     </gpxtpx:TrackPointExtension>
    </extensions>
   </trkpt>
   <trkpt lat="51.5374690" lon="-0.0816970">
    <ele>19.8</ele>
    <time>2024-09-12T17:42:32Z</time>
    <extensions>
     <gpxtpx:TrackPointExtension>
      <gpxtpx:hr>126</gpxtpx:hr>
     </gpxtpx:TrackPointExtension>
    </extensions>
   </trkpt>
   <trkpt lat="51.5374900" lon="-0.0816900">
    <ele>19.7</ele>
    <time>2024-09-12T17:42:33Z</time>
    <extensions>
     <gpxtpx:TrackPointExtension>
      <gpxtpx:hr>130</gpxtpx:hr>
     </gpxtpx:TrackPointExtension>
    </extensions>
   </trkpt>
   <trkpt lat="51.5375390" lon="-0.0816700">
    <ele>19.7</ele>
    <time>2024-09-12T17:42:34Z</time>
    <extensions>
     <gpxtpx:TrackPointExtension>
      <gpxtpx:hr>130</gpxtpx:hr>
     </gpxtpx:TrackPointExtension>
    </extensions>
   </trkpt>
   <trkpt lat="51.5375590" lon="-0.0816620">
    <ele>19.7</ele>
    <time>2024-09-12T17:42:35Z</time>
    <extensions>
     <gpxtpx:TrackPointExtension>
      <gpxtpx:hr>130</gpxtpx:hr>
     </gpxtpx:TrackPointExtension>
    </extensions>
   </trkpt>
   <trkpt lat="51.5375790" lon="-0.0816540">
    <ele>19.7</ele>
    <time>2024-09-12T17:42:36Z</time>
    <extensions>
     <gpxtpx:TrackPointExtension>
      <gpxtpx:hr>130</gpxtpx:hr>
     </gpxtpx:TrackPointExtension>
    </extensions>
   </trkpt>
   <trkpt lat="51.5376230" lon="-0.0816350">
    <ele>19.7</ele>
    <time>2024-09-12T17:42:37Z</time>
    <extensions>
     <gpxtpx:TrackPointExtension>
      <gpxtpx:hr>130</gpxtpx:hr>
     </gpxtpx:TrackPointExtension>
    </extensions>
   </trkpt>
   <trkpt lat="51.5376370" lon="-0.0816290">
    <ele>19.7</ele>
    <time>2024-09-12T17:42:38Z</time>
    <extensions>
     <gpxtpx:TrackPointExtension>
      <gpxtpx:hr>128</gpxtpx:hr>
     </gpxtpx:TrackPointExtension>
    </extensions>
   </trkpt>
   <trkpt lat="51.5376860" lon="-0.0816090">
    <ele>19.6</ele>
    <time>2024-09-12T17:42:39Z</time>
    <extensions>
     <gpxtpx:TrackPointExtension>
      <gpxtpx:hr>127</gpxtpx:hr>
     </gpxtpx:TrackPointExtension>
    </extensions>
   </trkpt>
   <trkpt lat="51.5377050" lon="-0.0816010">
    <ele>19.6</ele>
    <time>2024-09-12T17:42:40Z</time>
    <extensions>
     <gpxtpx:TrackPointExtension>
      <gpxtpx:hr>127</gpxtpx:hr>
     </gpxtpx:TrackPointExtension>
    </extensions>
   </trkpt>
   <trkpt lat="51.5377240" lon="-0.0815930">
    <ele>19.6</ele>
    <time>2024-09-12T17:42:41Z</time>
    <extensions>
     <gpxtpx:TrackPointExtension>
      <gpxtpx:hr>127</gpxtpx:hr>
     </gpxtpx:TrackPointExtension>
    </extensions>
   </trkpt>
   <trkpt lat="51.5377680" lon="-0.0815770">
    <ele>19.6</ele>
    <time>2024-09-12T17:42:42Z</time>
    <extensions>
     <gpxtpx:TrackPointExtension>
      <gpxtpx:hr>127</gpxtpx:hr>
     </gpxtpx:TrackPointExtension>
    </extensions>
   </trkpt>
   <trkpt lat="51.5377820" lon="-0.0815710">
    <ele>19.6</ele>
    <time>2024-09-12T17:42:43Z</time>
    <extensions>
     <gpxtpx:TrackPointExtension>
      <gpxtpx:hr>127</gpxtpx:hr>
     </gpxtpx:TrackPointExtension>
    </extensions>
   </trkpt>
   <trkpt lat="51.5378290" lon="-0.0815540">
    <ele>19.5</ele>
    <time>2024-09-12T17:42:44Z</time>
    <extensions>
     <gpxtpx:TrackPointExtension>
      <gpxtpx:hr>127</gpxtpx:hr>
     </gpxtpx:TrackPointExtension>
    </extensions>
   </trkpt>
   <trkpt lat="51.5378480" lon="-0.0815470">
    <ele>19.5</ele>
    <time>2024-09-12T17:42:45Z</time>
    <extensions>
     <gpxtpx:TrackPointExtension>
      <gpxtpx:hr>127</gpxtpx:hr>
     </gpxtpx:TrackPointExtension>
    </extensions>
   </trkpt>
   <trkpt lat="51.5378660" lon="-0.0815410">
    <ele>19.5</ele>
    <time>2024-09-12T17:42:46Z</time>
    <extensions>
     <gpxtpx:TrackPointExtension>
      <gpxtpx:hr>127</gpxtpx:hr>
     </gpxtpx:TrackPointExtension>
    </extensions>
   </trkpt>
   <trkpt lat="51.5379080" lon="-0.0815260">
    <ele>19.5</ele>
    <time>2024-09-12T17:42:47Z</time>
    <extensions>
     <gpxtpx:TrackPointExtension>
      <gpxtpx:hr>128</gpxtpx:hr>
     </gpxtpx:TrackPointExtension>
    </extensions>
   </trkpt>
   <trkpt lat="51.5379220" lon="-0.0815210">
    <ele>19.5</ele>
    <time>2024-09-12T17:42:48Z</time>
    <extensions>
     <gpxtpx:TrackPointExtension>
      <gpxtpx:hr>128</gpxtpx:hr>
     </gpxtpx:TrackPointExtension>
    </extensions>
   </trkpt>
   <trkpt lat="51.5379690" lon="-0.0815050">
    <ele>19.4</ele>
    <time>2024-09-12T17:42:49Z</time>
    <extensions>
     <gpxtpx:TrackPointExtension>
      <gpxtpx:hr>128</gpxtpx:hr>
     </gpxtpx:TrackPointExtension>
    </extensions>
   </trkpt>
   <trkpt lat="51.5379880" lon="-0.0814990">
    <ele>19.4</ele>
    <time>2024-09-12T17:42:50Z</time>
    <extensions>
     <gpxtpx:TrackPointExtension>
      <gpxtpx:hr>128</gpxtpx:hr>
     </gpxtpx:TrackPointExtension>
    </extensions>
   </trkpt>
   <trkpt lat="51.5380070" lon="-0.0814920">
    <ele>19.4</ele>
    <time>2024-09-12T17:42:51Z</time>
    <extensions>
     <gpxtpx:TrackPointExtension>
      <gpxtpx:hr>128</gpxtpx:hr>
     </gpxtpx:TrackPointExtension>
    </extensions>
   </trkpt>
   <trkpt lat="51.5380510" lon="-0.0814770">
    <ele>19.4</ele>
    <time>2024-09-12T17:42:52Z</time>
    <extensions>
     <gpxtpx:TrackPointExtension>
      <gpxtpx:hr>126</gpxtpx:hr>
     </gpxtpx:TrackPointExtension>
    </extensions>
   </trkpt>
   <trkpt lat="51.5380660" lon="-0.0814720">
    <ele>19.4</ele>
    <time>2024-09-12T17:42:53Z</time>
    <extensions>
     <gpxtpx:TrackPointExtension>
      <gpxtpx:hr>126</gpxtpx:hr>
     </gpxtpx:TrackPointExtension>
    </extensions>
   </trkpt>
   <trkpt lat="51.5381150" lon="-0.0814550">
    <ele>19.3</ele>
    <time>2024-09-12T17:42:54Z</time>
    <extensions>
     <gpxtpx:TrackPointExtension>
      <gpxtpx:hr>126</gpxtpx:hr>
     </gpxtpx:TrackPointExtension>
    </extensions>
   </trkpt>
   <trkpt lat="51.5381340" lon="-0.0814480">
    <ele>19.3</ele>
    <time>2024-09-12T17:42:55Z</time>
    <extensions>
     <gpxtpx:TrackPointExtension>
      <gpxtpx:hr>126</gpxtpx:hr>
     </gpxtpx:TrackPointExtension>
    </extensions>
   </trkpt>
   <trkpt lat="51.5381540" lon="-0.0814410">
    <ele>19.3</ele>
    <time>2024-09-12T17:42:56Z</time>
    <extensions>
     <gpxtpx:TrackPointExtension>
      <gpxtpx:hr>126</gpxtpx:hr>
     </gpxtpx:TrackPointExtension>
    </extensions>
   </trkpt>
   <trkpt lat="51.5382020" lon="-0.0814240">
    <ele>19.3</ele>
    <time>2024-09-12T17:42:57Z</time>
    <extensions>
     <gpxtpx:TrackPointExtension>
      <gpxtpx:hr>126</gpxtpx:hr>
     </gpxtpx:TrackPointExtension>
    </extensions>
   </trkpt>
   <trkpt lat="51.5382200" lon="-0.0814170">
    <ele>19.3</ele>
    <time>2024-09-12T17:42:58Z</time>
    <extensions>
     <gpxtpx:TrackPointExtension>
      <gpxtpx:hr>126</gpxtpx:hr>
     </gpxtpx:TrackPointExtension>
    </extensions>
   </trkpt>
   <trkpt lat="51.5382390" lon="-0.0814100">
    <ele>19.2</ele>
    <time>2024-09-12T17:42:59Z</time>
    <extensions>
     <gpxtpx:TrackPointExtension>
      <gpxtpx:hr>127</gpxtpx:hr>
     </gpxtpx:TrackPointExtension>
    </extensions>
   </trkpt>
   <trkpt lat="51.5382810" lon="-0.0813950">
    <ele>19.2</ele>
    <time>2024-09-12T17:43:00Z</time>
    <extensions>
     <gpxtpx:TrackPointExtension>
      <gpxtpx:hr>127</gpxtpx:hr>
     </gpxtpx:TrackPointExtension>
    </extensions>
   </trkpt>
   <trkpt lat="51.5382950" lon="-0.0813900">
    <ele>19.2</ele>
    <time>2024-09-12T17:43:01Z</time>
    <extensions>
     <gpxtpx:TrackPointExtension>
      <gpxtpx:hr>127</gpxtpx:hr>
     </gpxtpx:TrackPointExtension>
    </extensions>
   </trkpt>
   <trkpt lat="51.5383410" lon="-0.0813720">
    <ele>19.2</ele>
    <time>2024-09-12T17:43:02Z</time>
    <extensions>
     <gpxtpx:TrackPointExtension>
      <gpxtpx:hr>127</gpxtpx:hr>
     </gpxtpx:TrackPointExtension>
    </extensions>
   </trkpt>
   <trkpt lat="51.5383590" lon="-0.0813650">
    <ele>19.2</ele>
    <time>2024-09-12T17:43:03Z</time>
    <extensions>
     <gpxtpx:TrackPointExtension>
      <gpxtpx:hr>127</gpxtpx:hr>
     </gpxtpx:TrackPointExtension>
    </extensions>
   </trkpt>
   <trkpt lat="51.5383780" lon="-0.0813580">
    <ele>19.2</ele>
    <time>2024-09-12T17:43:04Z</time>
    <extensions>
     <gpxtpx:TrackPointExtension>
      <gpxtpx:hr>127</gpxtpx:hr>
     </gpxtpx:TrackPointExtension>
    </extensions>
   </trkpt>
   <trkpt lat="51.5384180" lon="-0.0813430">
    <ele>19.1</ele>
    <time>2024-09-12T17:43:05Z</time>
    <extensions>
     <gpxtpx:TrackPointExtension>
      <gpxtpx:hr>127</gpxtpx:hr>
     </gpxtpx:TrackPointExtension>
    </extensions>
   </trkpt>
   <trkpt lat="51.5384320" lon="-0.0813370">
    <ele>19.1</ele>
    <time>2024-09-12T17:43:06Z</time>
    <extensions>
     <gpxtpx:TrackPointExtension>
      <gpxtpx:hr>127</gpxtpx:hr>
     </gpxtpx:TrackPointExtension>
    </extensions>
   </trkpt>
   <trkpt lat="51.5384760" lon="-0.0813200">
    <ele>19.1</ele>
    <time>2024-09-12T17:43:07Z</time>
    <extensions>
     <gpxtpx:TrackPointExtension>
      <gpxtpx:hr>127</gpxtpx:hr>
     </gpxtpx:TrackPointExtension>
    </extensions>
   </trkpt>
   <trkpt lat="51.5384940" lon="-0.0813130">
    <ele>19.1</ele>
    <time>2024-09-12T17:43:08Z</time>
    <extensions>
     <gpxtpx:TrackPointExtension>
      <gpxtpx:hr>127</gpxtpx:hr>
     </gpxtpx:TrackPointExtension>
    </extensions>
   </trkpt>
   <trkpt lat="51.5385120" lon="-0.0813060">
    <ele>19.1</ele>
    <time>2024-09-12T17:43:09Z</time>
    <extensions>
     <gpxtpx:TrackPointExtension>
      <gpxtpx:hr>128</gpxtpx:hr>
     </gpxtpx:TrackPointExtension>
    </extensions>
   </trkpt>
   <trkpt lat="51.5385530" lon="-0.0812890">
    <ele>19.0</ele>
    <time>2024-09-12T17:43:10Z</time>
    <extensions>
     <gpxtpx:TrackPointExtension>
      <gpxtpx:hr>128</gpxtpx:hr>
     </gpxtpx:TrackPointExtension>
    </extensions>
   </trkpt>
   <trkpt lat="51.5385670" lon="-0.0812840">
    <ele>19.0</ele>
    <time>2024-09-12T17:43:11Z</time>
    <extensions>
     <gpxtpx:TrackPointExtension>
      <gpxtpx:hr>128</gpxtpx:hr>
     </gpxtpx:TrackPointExtension>
    </extensions>
   </trkpt>
   <trkpt lat="51.5386130" lon="-0.0812650">
    <ele>19.0</ele>
    <time>2024-09-12T17:43:12Z</time>
    <extensions>
     <gpxtpx:TrackPointExtension>
      <gpxtpx:hr>128</gpxtpx:hr>
     </gpxtpx:TrackPointExtension>
    </extensions>
   </trkpt>
   <trkpt lat="51.5386310" lon="-0.0812580">
    <ele>19.0</ele>
    <time>2024-09-12T17:43:13Z</time>
    <extensions>
     <gpxtpx:TrackPointExtension>
      <gpxtpx:hr>128</gpxtpx:hr>
     </gpxtpx:TrackPointExtension>
    </extensions>
   </trkpt>
   <trkpt lat="51.5386500" lon="-0.0812500">
    <ele>18.9</ele>
    <time>2024-09-12T17:43:14Z</time>
    <extensions>
     <gpxtpx:TrackPointExtension>
      <gpxtpx:hr>128</gpxtpx:hr>
     </gpxtpx:TrackPointExtension>
    </extensions>
   </trkpt>
   <trkpt lat="51.5386910" lon="-0.0812330">
    <ele>18.9</ele>
    <time>2024-09-12T17:43:15Z</time>
    <extensions>
     <gpxtpx:TrackPointExtension>
      <gpxtpx:hr>128</gpxtpx:hr>
     </gpxtpx:TrackPointExtension>
    </extensions>
   </trkpt>
   <trkpt lat="51.5387050" lon="-0.0812270">
    <ele>18.9</ele>
    <time>2024-09-12T17:43:16Z</time>
    <extensions>
     <gpxtpx:TrackPointExtension>
      <gpxtpx:hr>128</gpxtpx:hr>
     </gpxtpx:TrackPointExtension>
    </extensions>
   </trkpt>
   <trkpt lat="51.5387500" lon="-0.0812080">
    <ele>18.9</ele>
    <time>2024-09-12T17:43:17Z</time>
    <extensions>
     <gpxtpx:TrackPointExtension>
      <gpxtpx:hr>128</gpxtpx:hr>
     </gpxtpx:TrackPointExtension>
    </extensions>
   </trkpt>
   <trkpt lat="51.5387690" lon="-0.0812000">
    <ele>18.9</ele>
    <time>2024-09-12T17:43:18Z</time>
    <extensions>
     <gpxtpx:TrackPointExtension>
      <gpxtpx:hr>126</gpxtpx:hr>
     </gpxtpx:TrackPointExtension>
    </extensions>
   </trkpt>
   <trkpt lat="51.5387870" lon="-0.0811930">
    <ele>18.8</ele>
    <time>2024-09-12T17:43:19Z</time>
    <extensions>
     <gpxtpx:TrackPointExtension>
      <gpxtpx:hr>126</gpxtpx:hr>
     </gpxtpx:TrackPointExtension>
    </extensions>
   </trkpt>
   <trkpt lat="51.5388330" lon="-0.0811740">
    <ele>18.8</ele>
    <time>2024-09-12T17:43:20Z</time>
    <extensions>
     <gpxtpx:TrackPointExtension>
      <gpxtpx:hr>126</gpxtpx:hr>
     </gpxtpx:TrackPointExtension>
    </extensions>
   </trkpt>
   <trkpt lat="51.5388510" lon="-0.0811660">
    <ele>18.8</ele>
    <time>2024-09-12T17:43:21Z</time>
    <extensions>
     <gpxtpx:TrackPointExtension>
      <gpxtpx:hr>126</gpxtpx:hr>
     </gpxtpx:TrackPointExtension>
    </extensions>
   </trkpt>
   <trkpt lat="51.5388700" lon="-0.0811580">
    <ele>18.8</ele>
    <time>2024-09-12T17:43:22Z</time>
    <extensions>
     <gpxtpx:TrackPointExtension>
      <gpxtpx:hr>126</gpxtpx:hr>
     </gpxtpx:TrackPointExtension>
    </extensions>
   </trkpt>
   <trkpt lat="51.5389130" lon="-0.0811400">
    <ele>18.8</ele>
    <time>2024-09-12T17:43:23Z</time>
    <extensions>
     <gpxtpx:TrackPointExtension>
      <gpxtpx:hr>126</gpxtpx:hr>
     </gpxtpx:TrackPointExtension>
    </extensions>
   </trkpt>
   <trkpt lat="51.5389270" lon="-0.0811350">
    <ele>18.8</ele>
    <time>2024-09-12T17:43:24Z</time>
    <extensions>
     <gpxtpx:TrackPointExtension>
      <gpxtpx:hr>126</gpxtpx:hr>
     </gpxtpx:TrackPointExtension>
    </extensions>
   </trkpt>
   <trkpt lat="51.5389750" lon="-0.0811160">
    <ele>18.7</ele>
    <time>2024-09-12T17:43:25Z</time>
    <extensions>
     <gpxtpx:TrackPointExtension>
      <gpxtpx:hr>126</gpxtpx:hr>
     </gpxtpx:TrackPointExtension>
    </extensions>
   </trkpt>
   <trkpt lat="51.5389940" lon="-0.0811090">
    <ele>18.7</ele>
    <time>2024-09-12T17:43:26Z</time>
    <extensions>
     <gpxtpx:TrackPointExtension>
      <gpxtpx:hr>126</gpxtpx:hr>
     </gpxtpx:TrackPointExtension>
    </extensions>
   </trkpt>
   <trkpt lat="51.5390130" lon="-0.0811010">
    <ele>18.7</ele>
    <time>2024-09-12T17:43:27Z</time>
    <extensions>
     <gpxtpx:TrackPointExtension>
      <gpxtpx:hr>126</gpxtpx:hr>
     </gpxtpx:TrackPointExtension>
    </extensions>
   </trkpt>
   <trkpt lat="51.5390560" lon="-0.0810850">
    <ele>18.7</ele>
    <time>2024-09-12T17:43:28Z</time>
    <extensions>
     <gpxtpx:TrackPointExtension>
      <gpxtpx:hr>126</gpxtpx:hr>
     </gpxtpx:TrackPointExtension>
    </extensions>
   </trkpt>
   <trkpt lat="51.5390700" lon="-0.0810800">
    <ele>18.7</ele>
    <time>2024-09-12T17:43:29Z</time>
    <extensions>
     <gpxtpx:TrackPointExtension>
      <gpxtpx:hr>126</gpxtpx:hr>
     </gpxtpx:TrackPointExtension>
    </extensions>
   </trkpt>
   <trkpt lat="51.5391170" lon="-0.0810630">
    <ele>18.7</ele>
    <time>2024-09-12T17:43:30Z</time>
    <extensions>
     <gpxtpx:TrackPointExtension>
      <gpxtpx:hr>126</gpxtpx:hr>
     </gpxtpx:TrackPointExtension>
    </extensions>
   </trkpt>
   <trkpt lat="51.5391350" lon="-0.0810570">
    <ele>18.7</ele>
    <time>2024-09-12T17:43:31Z</time>
    <extensions>
     <gpxtpx:TrackPointExtension>
      <gpxtpx:hr>126</gpxtpx:hr>
     </gpxtpx:TrackPointExtension>
    </extensions>
   </trkpt>
   <trkpt lat="51.5391540" lon="-0.0810500">
    <ele>18.6</ele>
    <time>2024-09-12T17:43:32Z</time>
    <extensions>
     <gpxtpx:TrackPointExtension>
      <gpxtpx:hr>126</gpxtpx:hr>
     </gpxtpx:TrackPointExtension>
    </extensions>
   </trkpt>
   <trkpt lat="51.5391950" lon="-0.0810360">
    <ele>18.6</ele>
    <time>2024-09-12T17:43:33Z</time>
    <extensions>
     <gpxtpx:TrackPointExtension>
      <gpxtpx:hr>128</gpxtpx:hr>
     </gpxtpx:TrackPointExtension>
    </extensions>
   </trkpt>
   <trkpt lat="51.5392080" lon="-0.0810310">
    <ele>18.6</ele>
    <time>2024-09-12T17:43:34Z</time>
    <extensions>
     <gpxtpx:TrackPointExtension>
      <gpxtpx:hr>128</gpxtpx:hr>
     </gpxtpx:TrackPointExtension>
    </extensions>
   </trkpt>
   <trkpt lat="51.5392540" lon="-0.0810150">
    <ele>18.6</ele>
    <time>2024-09-12T17:43:35Z</time>
    <extensions>
     <gpxtpx:TrackPointExtension>
      <gpxtpx:hr>128</gpxtpx:hr>
     </gpxtpx:TrackPointExtension>
    </extensions>
   </trkpt>
   <trkpt lat="51.5392720" lon="-0.0810090">
    <ele>18.6</ele>
    <time>2024-09-12T17:43:36Z</time>
    <extensions>
     <gpxtpx:TrackPointExtension>
      <gpxtpx:hr>128</gpxtpx:hr>
     </gpxtpx:TrackPointExtension>
    </extensions>
   </trkpt>
   <trkpt lat="51.5392900" lon="-0.0810030">
    <ele>18.6</ele>
    <time>2024-09-12T17:43:37Z</time>
    <extensions>
     <gpxtpx:TrackPointExtension>
      <gpxtpx:hr>128</gpxtpx:hr>
     </gpxtpx:TrackPointExtension>
    </extensions>
   </trkpt>
   <trkpt lat="51.5393170" lon="-0.0809950">
    <ele>18.6</ele>
    <time>2024-09-12T17:43:38Z</time>
    <extensions>
     <gpxtpx:TrackPointExtension>
      <gpxtpx:hr>128</gpxtpx:hr>
     </gpxtpx:TrackPointExtension>
    </extensions>
   </trkpt>
   <trkpt lat="51.5393170" lon="-0.0809950">
    <ele>18.6</ele>
    <time>2024-09-12T17:43:39Z</time>
    <extensions>
     <gpxtpx:TrackPointExtension>
      <gpxtpx:hr>128</gpxtpx:hr>
     </gpxtpx:TrackPointExtension>
    </extensions>
   </trkpt>
   <trkpt lat="51.5393630" lon="-0.0809810">
    <ele>18.6</ele>
    <time>2024-09-12T17:43:40Z</time>
    <extensions>
     <gpxtpx:TrackPointExtension>
      <gpxtpx:hr>128</gpxtpx:hr>
     </gpxtpx:TrackPointExtension>
    </extensions>
   </trkpt>
   <trkpt lat="51.5393820" lon="-0.0809760">
    <ele>18.6</ele>
    <time>2024-09-12T17:43:41Z</time>
    <extensions>
     <gpxtpx:TrackPointExtension>
      <gpxtpx:hr>128</gpxtpx:hr>
     </gpxtpx:TrackPointExtension>
    </extensions>
   </trkpt>
   <trkpt lat="51.5394000" lon="-0.0809700">
    <ele>18.6</ele>
    <time>2024-09-12T17:43:42Z</time>
    <extensions>
     <gpxtpx:TrackPointExtension>
      <gpxtpx:hr>128</gpxtpx:hr>
     </gpxtpx:TrackPointExtension>
    </extensions>
   </trkpt>
   <trkpt lat="51.5394440" lon="-0.0809570">
    <ele>18.6</ele>
    <time>2024-09-12T17:43:43Z</time>
    <extensions>
     <gpxtpx:TrackPointExtension>
      <gpxtpx:hr>128</gpxtpx:hr>
     </gpxtpx:TrackPointExtension>
    </extensions>
   </trkpt>
   <trkpt lat="51.5394610" lon="-0.0809520">
    <ele>18.6</ele>
    <time>2024-09-12T17:43:44Z</time>
    <extensions>
     <gpxtpx:TrackPointExtension>
      <gpxtpx:hr>127</gpxtpx:hr>
     </gpxtpx:TrackPointExtension>
    </extensions>
   </trkpt>
   <trkpt lat="51.5394780" lon="-0.0809480">
    <ele>18.6</ele>
    <time>2024-09-12T17:43:45Z</time>
    <extensions>
     <gpxtpx:TrackPointExtension>
      <gpxtpx:hr>127</gpxtpx:hr>
     </gpxtpx:TrackPointExtension>
    </extensions>
   </trkpt>
   <trkpt lat="51.5395170" lon="-0.0809370">
    <ele>18.6</ele>
    <time>2024-09-12T17:43:46Z</time>
    <extensions>
     <gpxtpx:TrackPointExtension>
      <gpxtpx:hr>127</gpxtpx:hr>
     </gpxtpx:TrackPointExtension>
    </extensions>
   </trkpt>
   <trkpt lat="51.5395300" lon="-0.0809330">
    <ele>18.6</ele>
    <time>2024-09-12T17:43:47Z</time>
    <extensions>
     <gpxtpx:TrackPointExtension>
      <gpxtpx:hr>127</gpxtpx:hr>
     </gpxtpx:TrackPointExtension>
    </extensions>
   </trkpt>
   <trkpt lat="51.5395740" lon="-0.0809210">
    <ele>18.6</ele>
    <time>2024-09-12T17:43:48Z</time>
    <extensions>
     <gpxtpx:TrackPointExtension>
      <gpxtpx:hr>127</gpxtpx:hr>
     </gpxtpx:TrackPointExtension>
    </extensions>
   </trkpt>
   <trkpt lat="51.5395910" lon="-0.0809160">
    <ele>18.6</ele>
    <time>2024-09-12T17:43:49Z</time>
    <extensions>
     <gpxtpx:TrackPointExtension>
      <gpxtpx:hr>127</gpxtpx:hr>
     </gpxtpx:TrackPointExtension>
    </extensions>
   </trkpt>
   <trkpt lat="51.5396090" lon="-0.0809120">
    <ele>18.6</ele>
    <time>2024-09-12T17:43:50Z</time>
    <extensions>
     <gpxtpx:TrackPointExtension>
      <gpxtpx:hr>127</gpxtpx:hr>
     </gpxtpx:TrackPointExtension>
    </extensions>
   </trkpt>
   <trkpt lat="51.5396480" lon="-0.0809010">
    <ele>18.6</ele>
    <time>2024-09-12T17:43:51Z</time>
    <extensions>
     <gpxtpx:TrackPointExtension>
      <gpxtpx:hr>127</gpxtpx:hr>
     </gpxtpx:TrackPointExtension>
    </extensions>
   </trkpt>
   <trkpt lat="51.5396610" lon="-0.0808980">
    <ele>18.6</ele>
    <time>2024-09-12T17:43:52Z</time>
    <extensions>
     <gpxtpx:TrackPointExtension>
      <gpxtpx:hr>127</gpxtpx:hr>
     </gpxtpx:TrackPointExtension>
    </extensions>
   </trkpt>
   <trkpt lat="51.5397050" lon="-0.0808870">
    <ele>18.6</ele>
    <time>2024-09-12T17:43:53Z</time>
    <extensions>
     <gpxtpx:TrackPointExtension>
      <gpxtpx:hr>127</gpxtpx:hr>
     </gpxtpx:TrackPointExtension>
    </extensions>
   </trkpt>
   <trkpt lat="51.5397230" lon="-0.0808820">
    <ele>18.6</ele>
    <time>2024-09-12T17:43:54Z</time>
    <extensions>
     <gpxtpx:TrackPointExtension>
      <gpxtpx:hr>127</gpxtpx:hr>
     </gpxtpx:TrackPointExtension>
    </extensions>
   </trkpt>
   <trkpt lat="51.5397400" lon="-0.0808770">
    <ele>18.6</ele>
    <time>2024-09-12T17:43:55Z</time>
    <extensions>
     <gpxtpx:TrackPointExtension>
      <gpxtpx:hr>127</gpxtpx:hr>
     </gpxtpx:TrackPointExtension>
    </extensions>
   </trkpt>
   <trkpt lat="51.5397770" lon="-0.0808680">
    <ele>18.6</ele>
    <time>2024-09-12T17:43:56Z</time>
    <extensions>
     <gpxtpx:TrackPointExtension>
      <gpxtpx:hr>127</gpxtpx:hr>
     </gpxtpx:TrackPointExtension>
    </extensions>
   </trkpt>
   <trkpt lat="51.5397900" lon="-0.0808650">
    <ele>18.7</ele>
    <time>2024-09-12T17:43:57Z</time>
    <extensions>
     <gpxtpx:TrackPointExtension>
      <gpxtpx:hr>127</gpxtpx:hr>
     </gpxtpx:TrackPointExtension>
    </extensions>
   </trkpt>
   <trkpt lat="51.5398300" lon="-0.0808540">
    <ele>18.7</ele>
    <time>2024-09-12T17:43:58Z</time>
    <extensions>
     <gpxtpx:TrackPointExtension>
      <gpxtpx:hr>127</gpxtpx:hr>
     </gpxtpx:TrackPointExtension>
    </extensions>
   </trkpt>
   <trkpt lat="51.5398460" lon="-0.0808500">
    <ele>18.7</ele>
    <time>2024-09-12T17:43:59Z</time>
    <extensions>
     <gpxtpx:TrackPointExtension>
      <gpxtpx:hr>127</gpxtpx:hr>
     </gpxtpx:TrackPointExtension>
    </extensions>
   </trkpt>
   <trkpt lat="51.5398620" lon="-0.0808460">
    <ele>18.7</ele>
    <time>2024-09-12T17:44:00Z</time>
    <extensions>
     <gpxtpx:TrackPointExtension>
      <gpxtpx:hr>127</gpxtpx:hr>
     </gpxtpx:TrackPointExtension>
    </extensions>
   </trkpt>
   <trkpt lat="51.5398990" lon="-0.0808360">
    <ele>18.7</ele>
    <time>2024-09-12T17:44:01Z</time>
    <extensions>
     <gpxtpx:TrackPointExtension>
      <gpxtpx:hr>127</gpxtpx:hr>
     </gpxtpx:TrackPointExtension>
    </extensions>
   </trkpt>
   <trkpt lat="51.5399110" lon="-0.0808330">
    <ele>18.7</ele>
    <time>2024-09-12T17:44:02Z</time>
    <extensions>
     <gpxtpx:TrackPointExtension>
      <gpxtpx:hr>127</gpxtpx:hr>
     </gpxtpx:TrackPointExtension>
    </extensions>
   </trkpt>
   <trkpt lat="51.5399540" lon="-0.0808210">
    <ele>18.7</ele>
    <time>2024-09-12T17:44:03Z</time>
    <extensions>
     <gpxtpx:TrackPointExtension>
      <gpxtpx:hr>125</gpxtpx:hr>
     </gpxtpx:TrackPointExtension>
    </extensions>
   </trkpt>
   <trkpt lat="51.5399710" lon="-0.0808160">
    <ele>18.7</ele>
    <time>2024-09-12T17:44:04Z</time>
    <extensions>
     <gpxtpx:TrackPointExtension>
      <gpxtpx:hr>125</gpxtpx:hr>
     </gpxtpx:TrackPointExtension>
    </extensions>
   </trkpt>
   <trkpt lat="51.5399890" lon="-0.0808120">
    <ele>18.7</ele>
    <time>2024-09-12T17:44:05Z</time>
    <extensions>
     <gpxtpx:TrackPointExtension>
      <gpxtpx:hr>125</gpxtpx:hr>
     </gpxtpx:TrackPointExtension>
    </extensions>
   </trkpt>
   <trkpt lat="51.5400280" lon="-0.0808010">
    <ele>18.7</ele>
    <time>2024-09-12T17:44:06Z</time>
    <extensions>
     <gpxtpx:TrackPointExtension>
      <gpxtpx:hr>125</gpxtpx:hr>
     </gpxtpx:TrackPointExtension>
    </extensions>
   </trkpt>
   <trkpt lat="51.5400410" lon="-0.0807970">
    <ele>18.7</ele>
    <time>2024-09-12T17:44:07Z</time>
    <extensions>
     <gpxtpx:TrackPointExtension>
      <gpxtpx:hr>125</gpxtpx:hr>
     </gpxtpx:TrackPointExtension>
    </extensions>
   </trkpt>
   <trkpt lat="51.5400850" lon="-0.0807850">
    <ele>18.7</ele>
    <time>2024-09-12T17:44:08Z</time>
    <extensions>
     <gpxtpx:TrackPointExtension>
      <gpxtpx:hr>125</gpxtpx:hr>
     </gpxtpx:TrackPointExtension>
    </extensions>
   </trkpt>
   <trkpt lat="51.5401030" lon="-0.0807800">
    <ele>18.7</ele>
    <time>2024-09-12T17:44:09Z</time>
    <extensions>
     <gpxtpx:TrackPointExtension>
      <gpxtpx:hr>125</gpxtpx:hr>
     </gpxtpx:TrackPointExtension>
    </extensions>
   </trkpt>
   <trkpt lat="51.5401210" lon="-0.0807750">
    <ele>18.7</ele>
    <time>2024-09-12T17:44:10Z</time>
    <extensions>
     <gpxtpx:TrackPointExtension>
      <gpxtpx:hr>124</gpxtpx:hr>
     </gpxtpx:TrackPointExtension>
    </extensions>
   </trkpt>
   <trkpt lat="51.5401650" lon="-0.0807620">
    <ele>18.7</ele>
    <time>2024-09-12T17:44:11Z</time>
    <extensions>
     <gpxtpx:TrackPointExtension>
      <gpxtpx:hr>124</gpxtpx:hr>
     </gpxtpx:TrackPointExtension>
    </extensions>
   </trkpt>
   <trkpt lat="51.5401830" lon="-0.0807570">
    <ele>18.7</ele>
    <time>2024-09-12T17:44:12Z</time>
    <extensions>
     <gpxtpx:TrackPointExtension>
      <gpxtpx:hr>124</gpxtpx:hr>
     </gpxtpx:TrackPointExtension>
    </extensions>
   </trkpt>
   <trkpt lat="51.5402000" lon="-0.0807520">
    <ele>18.7</ele>
    <time>2024-09-12T17:44:13Z</time>
    <extensions>
     <gpxtpx:TrackPointExtension>
      <gpxtpx:hr>124</gpxtpx:hr>
     </gpxtpx:TrackPointExtension>
    </extensions>
   </trkpt>
   <trkpt lat="51.5402400" lon="-0.0807400">
    <ele>18.7</ele>
    <time>2024-09-12T17:44:14Z</time>
    <extensions>
     <gpxtpx:TrackPointExtension>
      <gpxtpx:hr>124</gpxtpx:hr>
     </gpxtpx:TrackPointExtension>
    </extensions>
   </trkpt>
   <trkpt lat="51.5402540" lon="-0.0807360">
    <ele>18.7</ele>
    <time>2024-09-12T17:44:15Z</time>
    <extensions>
     <gpxtpx:TrackPointExtension>
      <gpxtpx:hr>125</gpxtpx:hr>
     </gpxtpx:TrackPointExtension>
    </extensions>
   </trkpt>
   <trkpt lat="51.5402990" lon="-0.0807220">
    <ele>18.7</ele>
    <time>2024-09-12T17:44:16Z</time>
    <extensions>
     <gpxtpx:TrackPointExtension>
      <gpxtpx:hr>125</gpxtpx:hr>
     </gpxtpx:TrackPointExtension>
    </extensions>
   </trkpt>
   <trkpt lat="51.5403170" lon="-0.0807170">
    <ele>18.7</ele>
    <time>2024-09-12T17:44:17Z</time>
    <extensions>
     <gpxtpx:TrackPointExtension>
      <gpxtpx:hr>125</gpxtpx:hr>
     </gpxtpx:TrackPointExtension>
    </extensions>
   </trkpt>
   <trkpt lat="51.5403350" lon="-0.0807110">
    <ele>18.7</ele>
    <time>2024-09-12T17:44:18Z</time>
    <extensions>
     <gpxtpx:TrackPointExtension>
      <gpxtpx:hr>125</gpxtpx:hr>
     </gpxtpx:TrackPointExtension>
    </extensions>
   </trkpt>
   <trkpt lat="51.5403750" lon="-0.0806990">
    <ele>18.7</ele>
    <time>2024-09-12T17:44:19Z</time>
    <extensions>
     <gpxtpx:TrackPointExtension>
      <gpxtpx:hr>125</gpxtpx:hr>
     </gpxtpx:TrackPointExtension>
    </extensions>
   </trkpt>
   <trkpt lat="51.5403890" lon="-0.0806950">
    <ele>18.7</ele>
    <time>2024-09-12T17:44:20Z</time>
    <extensions>
     <gpxtpx:TrackPointExtension>
      <gpxtpx:hr>125</gpxtpx:hr>
     </gpxtpx:TrackPointExtension>
    </extensions>
   </trkpt>
   <trkpt lat="51.5404330" lon="-0.0806800">
    <ele>18.7</ele>
    <time>2024-09-12T17:44:21Z</time>
    <extensions>
     <gpxtpx:TrackPointExtension>
      <gpxtpx:hr>125</gpxtpx:hr>
     </gpxtpx:TrackPointExtension>
    </extensions>
   </trkpt>
   <trkpt lat="51.5404510" lon="-0.0806750">
    <ele>18.7</ele>
    <time>2024-09-12T17:44:22Z</time>
    <extensions>
     <gpxtpx:TrackPointExtension>
      <gpxtpx:hr>122</gpxtpx:hr>
     </gpxtpx:TrackPointExtension>
    </extensions>
   </trkpt>
   <trkpt lat="51.5404680" lon="-0.0806690">
    <ele>18.7</ele>
    <time>2024-09-12T17:44:23Z</time>
    <extensions>
     <gpxtpx:TrackPointExtension>
      <gpxtpx:hr>122</gpxtpx:hr>
     </gpxtpx:TrackPointExtension>
    </extensions>
   </trkpt>
   <trkpt lat="51.5405080" lon="-0.0806550">
    <ele>18.7</ele>
    <time>2024-09-12T17:44:24Z</time>
    <extensions>
     <gpxtpx:TrackPointExtension>
      <gpxtpx:hr>122</gpxtpx:hr>
     </gpxtpx:TrackPointExtension>
    </extensions>
   </trkpt>
   <trkpt lat="51.5405210" lon="-0.0806510">
    <ele>18.7</ele>
    <time>2024-09-12T17:44:25Z</time>
    <extensions>
     <gpxtpx:TrackPointExtension>
      <gpxtpx:hr>122</gpxtpx:hr>
     </gpxtpx:TrackPointExtension>
    </extensions>
   </trkpt>
   <trkpt lat="51.5405660" lon="-0.0806350">
    <ele>18.7</ele>
    <time>2024-09-12T17:44:26Z</time>
    <extensions>
     <gpxtpx:TrackPointExtension>
      <gpxtpx:hr>122</gpxtpx:hr>
     </gpxtpx:TrackPointExtension>
    </extensions>
   </trkpt>
   <trkpt lat="51.5405840" lon="-0.0806290">
    <ele>18.7</ele>
    <time>2024-09-12T17:44:27Z</time>
    <extensions>
     <gpxtpx:TrackPointExtension>
      <gpxtpx:hr>122</gpxtpx:hr>
     </gpxtpx:TrackPointExtension>
    </extensions>
   </trkpt>
   <trkpt lat="51.5406020" lon="-0.0806230">
    <ele>18.7</ele>
    <time>2024-09-12T17:44:28Z</time>
    <extensions>
     <gpxtpx:TrackPointExtension>
      <gpxtpx:hr>122</gpxtpx:hr>
     </gpxtpx:TrackPointExtension>
    </extensions>
   </trkpt>
   <trkpt lat="51.5406430" lon="-0.0806100">
    <ele>18.7</ele>
    <time>2024-09-12T17:44:29Z</time>
    <extensions>
     <gpxtpx:TrackPointExtension>
      <gpxtpx:hr>122</gpxtpx:hr>
     </gpxtpx:TrackPointExtension>
    </extensions>
   </trkpt>
   <trkpt lat="51.5406570" lon="-0.0806050">
    <ele>18.7</ele>
    <time>2024-09-12T17:44:30Z</time>
    <extensions>
     <gpxtpx:TrackPointExtension>
      <gpxtpx:hr>122</gpxtpx:hr>
     </gpxtpx:TrackPointExtension>
    </extensions>
   </trkpt>
   <trkpt lat="51.5407020" lon="-0.0805920">
    <ele>18.7</ele>
    <time>2024-09-12T17:44:31Z</time>
    <extensions>
     <gpxtpx:TrackPointExtension>
      <gpxtpx:hr>122</gpxtpx:hr>
     </gpxtpx:TrackPointExtension>
    </extensions>
   </trkpt>
   <trkpt lat="51.5407190" lon="-0.0805870">
    <ele>18.7</ele>
    <time>2024-09-12T17:44:32Z</time>
    <extensions>
     <gpxtpx:TrackPointExtension>
      <gpxtpx:hr>122</gpxtpx:hr>
     </gpxtpx:TrackPointExtension>
    </extensions>
   </trkpt>
   <trkpt lat="51.5407370" lon="-0.0805810">
    <ele>18.7</ele>
    <time>2024-09-12T17:44:33Z</time>
    <extensions>
     <gpxtpx:TrackPointExtension>
      <gpxtpx:hr>122</gpxtpx:hr>
     </gpxtpx:TrackPointExtension>
    </extensions>
   </trkpt>
   <trkpt lat="51.5407820" lon="-0.0805700">
    <ele>18.8</ele>
    <time>2024-09-12T17:44:34Z</time>
    <extensions>
     <gpxtpx:TrackPointExtension>
      <gpxtpx:hr>122</gpxtpx:hr>
     </gpxtpx:TrackPointExtension>
    </extensions>
   </trkpt>
   <trkpt lat="51.5408000" lon="-0.0805660">
    <ele>18.8</ele>
    <time>2024-09-12T17:44:35Z</time>
    <extensions>
     <gpxtpx:TrackPointExtension>
      <gpxtpx:hr>122</gpxtpx:hr>
     </gpxtpx:TrackPointExtension>
    </extensions>
   </trkpt>
   <trkpt lat="51.5408180" lon="-0.0805610">
    <ele>18.8</ele>
    <time>2024-09-12T17:44:36Z</time>
    <extensions>
     <gpxtpx:TrackPointExtension>
      <gpxtpx:hr>122</gpxtpx:hr>
     </gpxtpx:TrackPointExtension>
    </extensions>
   </trkpt>
   <trkpt lat="51.5408590" lon="-0.0805520">
    <ele>18.8</ele>
    <time>2024-09-12T17:44:37Z</time>
    <extensions>
     <gpxtpx:TrackPointExtension>
      <gpxtpx:hr>122</gpxtpx:hr>
     </gpxtpx:TrackPointExtension>
    </extensions>
   </trkpt>
   <trkpt lat="51.5408720" lon="-0.0805500">
    <ele>18.8</ele>
    <time>2024-09-12T17:44:38Z</time>
    <extensions>
     <gpxtpx:TrackPointExtension>
      <gpxtpx:hr>122</gpxtpx:hr>
     </gpxtpx:TrackPointExtension>
    </extensions>
   </trkpt>
   <trkpt lat="51.5409170" lon="-0.0805410">
    <ele>18.9</ele>
    <time>2024-09-12T17:44:39Z</time>
    <extensions>
     <gpxtpx:TrackPointExtension>
      <gpxtpx:hr>122</gpxtpx:hr>
     </gpxtpx:TrackPointExtension>
    </extensions>
   </trkpt>
   <trkpt lat="51.5409350" lon="-0.0805380">
    <ele>18.9</ele>
    <time>2024-09-12T17:44:40Z</time>
    <extensions>
     <gpxtpx:TrackPointExtension>
      <gpxtpx:hr>125</gpxtpx:hr>
     </gpxtpx:TrackPointExtension>
    </extensions>
   </trkpt>
   <trkpt lat="51.5409530" lon="-0.0805340">
    <ele>18.9</ele>
    <time>2024-09-12T17:44:41Z</time>
    <extensions>
     <gpxtpx:TrackPointExtension>
      <gpxtpx:hr>125</gpxtpx:hr>
     </gpxtpx:TrackPointExtension>
    </extensions>
   </trkpt>
   <trkpt lat="51.5409920" lon="-0.0805270">
    <ele>18.8</ele>
    <time>2024-09-12T17:44:42Z</time>
    <extensions>
     <gpxtpx:TrackPointExtension>
      <gpxtpx:hr>125</gpxtpx:hr>
     </gpxtpx:TrackPointExtension>
    </extensions>
   </trkpt>
   <trkpt lat="51.5410050" lon="-0.0805250">
    <ele>18.8</ele>
    <time>2024-09-12T17:44:43Z</time>
    <extensions>
     <gpxtpx:TrackPointExtension>
      <gpxtpx:hr>125</gpxtpx:hr>
     </gpxtpx:TrackPointExtension>
    </extensions>
   </trkpt>
   <trkpt lat="51.5410480" lon="-0.0805170">
    <ele>18.8</ele>
    <time>2024-09-12T17:44:44Z</time>
    <extensions>
     <gpxtpx:TrackPointExtension>
      <gpxtpx:hr>125</gpxtpx:hr>
     </gpxtpx:TrackPointExtension>
    </extensions>
   </trkpt>
   <trkpt lat="51.5410660" lon="-0.0805140">
    <ele>18.8</ele>
    <time>2024-09-12T17:44:45Z</time>
    <extensions>
     <gpxtpx:TrackPointExtension>
      <gpxtpx:hr>125</gpxtpx:hr>
     </gpxtpx:TrackPointExtension>
    </extensions>
   </trkpt>
   <trkpt lat="51.5410830" lon="-0.0805110">
    <ele>18.8</ele>
    <time>2024-09-12T17:44:46Z</time>
    <extensions>
     <gpxtpx:TrackPointExtension>
      <gpxtpx:hr>125</gpxtpx:hr>
     </gpxtpx:TrackPointExtension>
    </extensions>
   </trkpt>
   <trkpt lat="51.5411240" lon="-0.0805030">
    <ele>18.7</ele>
    <time>2024-09-12T17:44:47Z</time>
    <extensions>
     <gpxtpx:TrackPointExtension>
      <gpxtpx:hr>125</gpxtpx:hr>
     </gpxtpx:TrackPointExtension>
    </extensions>
   </trkpt>
   <trkpt lat="51.5411370" lon="-0.0805000">
    <ele>18.7</ele>
    <time>2024-09-12T17:44:48Z</time>
    <extensions>
     <gpxtpx:TrackPointExtension>
      <gpxtpx:hr>125</gpxtpx:hr>
     </gpxtpx:TrackPointExtension>
    </extensions>
   </trkpt>
   <trkpt lat="51.5411830" lon="-0.0804900">
    <ele>18.7</ele>
    <time>2024-09-12T17:44:49Z</time>
    <extensions>
     <gpxtpx:TrackPointExtension>
      <gpxtpx:hr>124</gpxtpx:hr>
     </gpxtpx:TrackPointExtension>
    </extensions>
   </trkpt>
   <trkpt lat="51.5412010" lon="-0.0804870">
    <ele>18.7</ele>
    <time>2024-09-12T17:44:50Z</time>
    <extensions>
     <gpxtpx:TrackPointExtension>
      <gpxtpx:hr>124</gpxtpx:hr>
     </gpxtpx:TrackPointExtension>
    </extensions>
   </trkpt>
   <trkpt lat="51.5412190" lon="-0.0804830">
    <ele>18.7</ele>
    <time>2024-09-12T17:44:51Z</time>
    <extensions>
     <gpxtpx:TrackPointExtension>
      <gpxtpx:hr>124</gpxtpx:hr>
     </gpxtpx:TrackPointExtension>
    </extensions>
   </trkpt>
   <trkpt lat="51.5412590" lon="-0.0804740">
    <ele>18.7</ele>
    <time>2024-09-12T17:44:52Z</time>
    <extensions>
     <gpxtpx:TrackPointExtension>
      <gpxtpx:hr>124</gpxtpx:hr>
     </gpxtpx:TrackPointExtension>
    </extensions>
   </trkpt>
   <trkpt lat="51.5412720" lon="-0.0804710">
    <ele>18.7</ele>
    <time>2024-09-12T17:44:53Z</time>
    <extensions>
     <gpxtpx:TrackPointExtension>
      <gpxtpx:hr>124</gpxtpx:hr>
     </gpxtpx:TrackPointExtension>
    </extensions>
   </trkpt>
   <trkpt lat="51.5413260" lon="-0.0804600">
    <ele>18.7</ele>
    <time>2024-09-12T17:44:54Z</time>
    <extensions>
     <gpxtpx:TrackPointExtension>
      <gpxtpx:hr>124</gpxtpx:hr>
     </gpxtpx:TrackPointExtension>
    </extensions>
   </trkpt>
   <trkpt lat="51.5413520" lon="-0.0804540">
    <ele>18.7</ele>
    <time>2024-09-12T17:44:55Z</time>
    <extensions>
     <gpxtpx:TrackPointExtension>
      <gpxtpx:hr>124</gpxtpx:hr>
     </gpxtpx:TrackPointExtension>
    </extensions>
   </trkpt>
   <trkpt lat="51.5413790" lon="-0.0804480">
    <ele>18.7</ele>
    <time>2024-09-12T17:44:56Z</time>
    <extensions>
     <gpxtpx:TrackPointExtension>
      <gpxtpx:hr>124</gpxtpx:hr>
     </gpxtpx:TrackPointExtension>
    </extensions>
   </trkpt>
   <trkpt lat="51.5414230" lon="-0.0804380">
    <ele>18.7</ele>
    <time>2024-09-12T17:44:57Z</time>
    <extensions>
     <gpxtpx:TrackPointExtension>
      <gpxtpx:hr>124</gpxtpx:hr>
     </gpxtpx:TrackPointExtension>
    </extensions>
   </trkpt>
   <trkpt lat="51.5414400" lon="-0.0804340">
    <ele>18.7</ele>
    <time>2024-09-12T17:44:58Z</time>
    <extensions>
     <gpxtpx:TrackPointExtension>
      <gpxtpx:hr>125</gpxtpx:hr>
     </gpxtpx:TrackPointExtension>
    </extensions>
   </trkpt>
   <trkpt lat="51.5414580" lon="-0.0804300">
    <ele>18.7</ele>
    <time>2024-09-12T17:44:59Z</time>
    <extensions>
     <gpxtpx:TrackPointExtension>
      <gpxtpx:hr>125</gpxtpx:hr>
     </gpxtpx:TrackPointExtension>
    </extensions>
   </trkpt>
   <trkpt lat="51.5414980" lon="-0.0804220">
    <ele>18.7</ele>
    <time>2024-09-12T17:45:00Z</time>
    <extensions>
     <gpxtpx:TrackPointExtension>
      <gpxtpx:hr>125</gpxtpx:hr>
     </gpxtpx:TrackPointExtension>
    </extensions>
   </trkpt>
   <trkpt lat="51.5415110" lon="-0.0804190">
    <ele>18.7</ele>
    <time>2024-09-12T17:45:01Z</time>
    <extensions>
     <gpxtpx:TrackPointExtension>
      <gpxtpx:hr>124</gpxtpx:hr>
     </gpxtpx:TrackPointExtension>
    </extensions>
   </trkpt>
   <trkpt lat="51.5415550" lon="-0.0804090">
    <ele>18.7</ele>
    <time>2024-09-12T17:45:02Z</time>
    <extensions>
     <gpxtpx:TrackPointExtension>
      <gpxtpx:hr>124</gpxtpx:hr>
     </gpxtpx:TrackPointExtension>
    </extensions>
   </trkpt>
   <trkpt lat="51.5415720" lon="-0.0804050">
    <ele>18.7</ele>
    <time>2024-09-12T17:45:03Z</time>
    <extensions>
     <gpxtpx:TrackPointExtension>
      <gpxtpx:hr>124</gpxtpx:hr>
     </gpxtpx:TrackPointExtension>
    </extensions>
   </trkpt>
   <trkpt lat="51.5415890" lon="-0.0804010">
    <ele>18.7</ele>
    <time>2024-09-12T17:45:04Z</time>
    <extensions>
     <gpxtpx:TrackPointExtension>
      <gpxtpx:hr>124</gpxtpx:hr>
     </gpxtpx:TrackPointExtension>
    </extensions>
   </trkpt>
   <trkpt lat="51.5416150" lon="-0.0803960">
    <ele>18.7</ele>
    <time>2024-09-12T17:45:06Z</time>
    <extensions>
     <gpxtpx:TrackPointExtension>
      <gpxtpx:hr>124</gpxtpx:hr>
     </gpxtpx:TrackPointExtension>
    </extensions>
   </trkpt>
   <trkpt lat="51.5416590" lon="-0.0803860">
    <ele>18.7</ele>
    <time>2024-09-12T17:45:07Z</time>
    <extensions>
     <gpxtpx:TrackPointExtension>
      <gpxtpx:hr>124</gpxtpx:hr>
     </gpxtpx:TrackPointExtension>
    </extensions>
   </trkpt>
   <trkpt lat="51.5416760" lon="-0.0803820">
    <ele>18.7</ele>
    <time>2024-09-12T17:45:08Z</time>
    <extensions>
     <gpxtpx:TrackPointExtension>
      <gpxtpx:hr>124</gpxtpx:hr>
     </gpxtpx:TrackPointExtension>
    </extensions>
   </trkpt>
   <trkpt lat="51.5416940" lon="-0.0803770">
    <ele>18.7</ele>
    <time>2024-09-12T17:45:09Z</time>
    <extensions>
     <gpxtpx:TrackPointExtension>
      <gpxtpx:hr>124</gpxtpx:hr>
     </gpxtpx:TrackPointExtension>
    </extensions>
   </trkpt>
   <trkpt lat="51.5417330" lon="-0.0803680">
    <ele>18.7</ele>
    <time>2024-09-12T17:45:10Z</time>
    <extensions>
     <gpxtpx:TrackPointExtension>
      <gpxtpx:hr>124</gpxtpx:hr>
     </gpxtpx:TrackPointExtension>
    </extensions>
   </trkpt>
   <trkpt lat="51.5417460" lon="-0.0803650">
    <ele>18.7</ele>
    <time>2024-09-12T17:45:11Z</time>
    <extensions>
     <gpxtpx:TrackPointExtension>
      <gpxtpx:hr>124</gpxtpx:hr>
     </gpxtpx:TrackPointExtension>
    </extensions>
   </trkpt>
   <trkpt lat="51.5417890" lon="-0.0803600">
    <ele>18.7</ele>
    <time>2024-09-12T17:45:12Z</time>
    <extensions>
     <gpxtpx:TrackPointExtension>
      <gpxtpx:hr>124</gpxtpx:hr>
     </gpxtpx:TrackPointExtension>
    </extensions>
   </trkpt>
   <trkpt lat="51.5418070" lon="-0.0803580">
    <ele>18.7</ele>
    <time>2024-09-12T17:45:13Z</time>
    <extensions>
     <gpxtpx:TrackPointExtension>
      <gpxtpx:hr>124</gpxtpx:hr>
     </gpxtpx:TrackPointExtension>
    </extensions>
   </trkpt>
   <trkpt lat="51.5418250" lon="-0.0803570">
    <ele>18.7</ele>
    <time>2024-09-12T17:45:14Z</time>
    <extensions>
     <gpxtpx:TrackPointExtension>
      <gpxtpx:hr>124</gpxtpx:hr>
     </gpxtpx:TrackPointExtension>
    </extensions>
   </trkpt>
   <trkpt lat="51.5418630" lon="-0.0803560">
    <ele>18.7</ele>
    <time>2024-09-12T17:45:15Z</time>
    <extensions>
     <gpxtpx:TrackPointExtension>
      <gpxtpx:hr>124</gpxtpx:hr>
     </gpxtpx:TrackPointExtension>
    </extensions>
   </trkpt>
   <trkpt lat="51.5418750" lon="-0.0803550">
    <ele>18.7</ele>
    <time>2024-09-12T17:45:16Z</time>
    <extensions>
     <gpxtpx:TrackPointExtension>
      <gpxtpx:hr>124</gpxtpx:hr>
     </gpxtpx:TrackPointExtension>
    </extensions>
   </trkpt>
   <trkpt lat="51.5419160" lon="-0.0803490">
    <ele>18.7</ele>
    <time>2024-09-12T17:45:17Z</time>
    <extensions>
     <gpxtpx:TrackPointExtension>
      <gpxtpx:hr>124</gpxtpx:hr>
     </gpxtpx:TrackPointExtension>
    </extensions>
   </trkpt>
   <trkpt lat="51.5419320" lon="-0.0803460">
    <ele>18.7</ele>
    <time>2024-09-12T17:45:18Z</time>
    <extensions>
     <gpxtpx:TrackPointExtension>
      <gpxtpx:hr>125</gpxtpx:hr>
     </gpxtpx:TrackPointExtension>
    </extensions>
   </trkpt>
   <trkpt lat="51.5419480" lon="-0.0803430">
    <ele>18.6</ele>
    <time>2024-09-12T17:45:19Z</time>
    <extensions>
     <gpxtpx:TrackPointExtension>
      <gpxtpx:hr>125</gpxtpx:hr>
     </gpxtpx:TrackPointExtension>
    </extensions>
   </trkpt>
   <trkpt lat="51.5419890" lon="-0.0803360">
    <ele>18.6</ele>
    <time>2024-09-12T17:45:20Z</time>
    <extensions>
     <gpxtpx:TrackPointExtension>
      <gpxtpx:hr>125</gpxtpx:hr>
     </gpxtpx:TrackPointExtension>
    </extensions>
   </trkpt>
   <trkpt lat="51.5420050" lon="-0.0803340">
    <ele>18.6</ele>
    <time>2024-09-12T17:45:21Z</time>
    <extensions>
     <gpxtpx:TrackPointExtension>
      <gpxtpx:hr>125</gpxtpx:hr>
     </gpxtpx:TrackPointExtension>
    </extensions>
   </trkpt>
   <trkpt lat="51.5420210" lon="-0.0803320">
    <ele>18.6</ele>
    <time>2024-09-12T17:45:22Z</time>
    <extensions>
     <gpxtpx:TrackPointExtension>
      <gpxtpx:hr>125</gpxtpx:hr>
     </gpxtpx:TrackPointExtension>
    </extensions>
   </trkpt>
   <trkpt lat="51.5420570" lon="-0.0803300">
    <ele>18.6</ele>
    <time>2024-09-12T17:45:23Z</time>
    <extensions>
     <gpxtpx:TrackPointExtension>
      <gpxtpx:hr>122</gpxtpx:hr>
     </gpxtpx:TrackPointExtension>
    </extensions>
   </trkpt>
   <trkpt lat="51.5420700" lon="-0.0803290">
    <ele>18.7</ele>
    <time>2024-09-12T17:45:24Z</time>
    <extensions>
     <gpxtpx:TrackPointExtension>
      <gpxtpx:hr>122</gpxtpx:hr>
     </gpxtpx:TrackPointExtension>
    </extensions>
   </trkpt>
   <trkpt lat="51.5421110" lon="-0.0803260">
    <ele>18.7</ele>
    <time>2024-09-12T17:45:25Z</time>
    <extensions>
     <gpxtpx:TrackPointExtension>
      <gpxtpx:hr>122</gpxtpx:hr>
     </gpxtpx:TrackPointExtension>
    </extensions>
   </trkpt>
   <trkpt lat="51.5421280" lon="-0.0803250">
    <ele>18.7</ele>
    <time>2024-09-12T17:45:26Z</time>
    <extensions>
     <gpxtpx:TrackPointExtension>
      <gpxtpx:hr>122</gpxtpx:hr>
     </gpxtpx:TrackPointExtension>
    </extensions>
   </trkpt>
   <trkpt lat="51.5421440" lon="-0.0803230">
    <ele>18.7</ele>
    <time>2024-09-12T17:45:27Z</time>
    <extensions>
     <gpxtpx:TrackPointExtension>
      <gpxtpx:hr>122</gpxtpx:hr>
     </gpxtpx:TrackPointExtension>
    </extensions>
   </trkpt>
   <trkpt lat="51.5421800" lon="-0.0803220">
    <ele>18.7</ele>
    <time>2024-09-12T17:45:28Z</time>
    <extensions>
     <gpxtpx:TrackPointExtension>
      <gpxtpx:hr>122</gpxtpx:hr>
     </gpxtpx:TrackPointExtension>
    </extensions>
   </trkpt>
   <trkpt lat="51.5421920" lon="-0.0803210">
    <ele>18.7</ele>
    <time>2024-09-12T17:45:29Z</time>
    <extensions>
     <gpxtpx:TrackPointExtension>
      <gpxtpx:hr>122</gpxtpx:hr>
     </gpxtpx:TrackPointExtension>
    </extensions>
   </trkpt>
   <trkpt lat="51.5422330" lon="-0.0803110">
    <ele>18.7</ele>
    <time>2024-09-12T17:45:30Z</time>
    <extensions>
     <gpxtpx:TrackPointExtension>
      <gpxtpx:hr>122</gpxtpx:hr>
     </gpxtpx:TrackPointExtension>
    </extensions>
   </trkpt>
   <trkpt lat="51.5422500" lon="-0.0803050">
    <ele>18.7</ele>
    <time>2024-09-12T17:45:31Z</time>
    <extensions>
     <gpxtpx:TrackPointExtension>
      <gpxtpx:hr>122</gpxtpx:hr>
     </gpxtpx:TrackPointExtension>
    </extensions>
   </trkpt>
   <trkpt lat="51.5422670" lon="-0.0802990">
    <ele>18.7</ele>
    <time>2024-09-12T17:45:32Z</time>
    <extensions>
     <gpxtpx:TrackPointExtension>
      <gpxtpx:hr>122</gpxtpx:hr>
     </gpxtpx:TrackPointExtension>
    </extensions>
   </trkpt>
   <trkpt lat="51.5423030" lon="-0.0802900">
    <ele>18.7</ele>
    <time>2024-09-12T17:45:33Z</time>
    <extensions>
     <gpxtpx:TrackPointExtension>
      <gpxtpx:hr>122</gpxtpx:hr>
     </gpxtpx:TrackPointExtension>
    </extensions>
   </trkpt>
   <trkpt lat="51.5423160" lon="-0.0802880">
    <ele>18.7</ele>
    <time>2024-09-12T17:45:34Z</time>
    <extensions>
     <gpxtpx:TrackPointExtension>
      <gpxtpx:hr>122</gpxtpx:hr>
     </gpxtpx:TrackPointExtension>
    </extensions>
   </trkpt>
   <trkpt lat="51.5423580" lon="-0.0802790">
    <ele>18.7</ele>
    <time>2024-09-12T17:45:35Z</time>
    <extensions>
     <gpxtpx:TrackPointExtension>
      <gpxtpx:hr>122</gpxtpx:hr>
     </gpxtpx:TrackPointExtension>
    </extensions>
   </trkpt>
   <trkpt lat="51.5423760" lon="-0.0802760">
    <ele>18.7</ele>
    <time>2024-09-12T17:45:36Z</time>
    <extensions>
     <gpxtpx:TrackPointExtension>
      <gpxtpx:hr>122</gpxtpx:hr>
     </gpxtpx:TrackPointExtension>
    </extensions>
   </trkpt>
   <trkpt lat="51.5423930" lon="-0.0802720">
    <ele>18.7</ele>
    <time>2024-09-12T17:45:37Z</time>
    <extensions>
     <gpxtpx:TrackPointExtension>
      <gpxtpx:hr>122</gpxtpx:hr>
     </gpxtpx:TrackPointExtension>
    </extensions>
   </trkpt>
   <trkpt lat="51.5424330" lon="-0.0802600">
    <ele>18.7</ele>
    <time>2024-09-12T17:45:38Z</time>
    <extensions>
     <gpxtpx:TrackPointExtension>
      <gpxtpx:hr>122</gpxtpx:hr>
     </gpxtpx:TrackPointExtension>
    </extensions>
   </trkpt>
   <trkpt lat="51.5424470" lon="-0.0802560">
    <ele>18.7</ele>
    <time>2024-09-12T17:45:39Z</time>
    <extensions>
     <gpxtpx:TrackPointExtension>
      <gpxtpx:hr>122</gpxtpx:hr>
     </gpxtpx:TrackPointExtension>
    </extensions>
   </trkpt>
   <trkpt lat="51.5424920" lon="-0.0802380">
    <ele>18.8</ele>
    <time>2024-09-12T17:45:40Z</time>
    <extensions>
     <gpxtpx:TrackPointExtension>
      <gpxtpx:hr>122</gpxtpx:hr>
     </gpxtpx:TrackPointExtension>
    </extensions>
   </trkpt>
   <trkpt lat="51.5425100" lon="-0.0802300">
    <ele>18.8</ele>
    <time>2024-09-12T17:45:41Z</time>
    <extensions>
     <gpxtpx:TrackPointExtension>
      <gpxtpx:hr>122</gpxtpx:hr>
     </gpxtpx:TrackPointExtension>
    </extensions>
   </trkpt>
   <trkpt lat="51.5425280" lon="-0.0802230">
    <ele>18.8</ele>
    <time>2024-09-12T17:45:42Z</time>
    <extensions>
     <gpxtpx:TrackPointExtension>
      <gpxtpx:hr>122</gpxtpx:hr>
     </gpxtpx:TrackPointExtension>
    </extensions>
   </trkpt>
   <trkpt lat="51.5425730" lon="-0.0802000">
    <ele>18.8</ele>
    <time>2024-09-12T17:45:43Z</time>
    <extensions>
     <gpxtpx:TrackPointExtension>
      <gpxtpx:hr>122</gpxtpx:hr>
     </gpxtpx:TrackPointExtension>
    </extensions>
   </trkpt>
   <trkpt lat="51.5425900" lon="-0.0801910">
    <ele>18.8</ele>
    <time>2024-09-12T17:45:44Z</time>
    <extensions>
     <gpxtpx:TrackPointExtension>
      <gpxtpx:hr>122</gpxtpx:hr>
     </gpxtpx:TrackPointExtension>
    </extensions>
   </trkpt>
   <trkpt lat="51.5426080" lon="-0.0801830">
    <ele>18.8</ele>
    <time>2024-09-12T17:45:45Z</time>
    <extensions>
     <gpxtpx:TrackPointExtension>
      <gpxtpx:hr>122</gpxtpx:hr>
     </gpxtpx:TrackPointExtension>
    </extensions>
   </trkpt>
   <trkpt lat="51.5426470" lon="-0.0801630">
    <ele>18.8</ele>
    <time>2024-09-12T17:45:46Z</time>
    <extensions>
     <gpxtpx:TrackPointExtension>
      <gpxtpx:hr>122</gpxtpx:hr>
     </gpxtpx:TrackPointExtension>
    </extensions>
   </trkpt>
   <trkpt lat="51.5426590" lon="-0.0801560">
    <ele>18.8</ele>
    <time>2024-09-12T17:45:47Z</time>
    <extensions>
     <gpxtpx:TrackPointExtension>
      <gpxtpx:hr>122</gpxtpx:hr>
     </gpxtpx:TrackPointExtension>
    </extensions>
   </trkpt>
   <trkpt lat="51.5426960" lon="-0.0801190">
    <ele>18.8</ele>
    <time>2024-09-12T17:45:48Z</time>
    <extensions>
     <gpxtpx:TrackPointExtension>
      <gpxtpx:hr>122</gpxtpx:hr>
     </gpxtpx:TrackPointExtension>
    </extensions>
   </trkpt>
   <trkpt lat="51.5427100" lon="-0.0801020">
    <ele>18.8</ele>
    <time>2024-09-12T17:45:49Z</time>
    <extensions>
     <gpxtpx:TrackPointExtension>
      <gpxtpx:hr>122</gpxtpx:hr>
     </gpxtpx:TrackPointExtension>
    </extensions>
   </trkpt>
   <trkpt lat="51.5427230" lon="-0.0800860">
    <ele>18.8</ele>
    <time>2024-09-12T17:45:50Z</time>
    <extensions>
     <gpxtpx:TrackPointExtension>
      <gpxtpx:hr>122</gpxtpx:hr>
     </gpxtpx:TrackPointExtension>
    </extensions>
   </trkpt>
   <trkpt lat="51.5427590" lon="-0.0800650">
    <ele>18.8</ele>
    <time>2024-09-12T17:45:51Z</time>
    <extensions>
     <gpxtpx:TrackPointExtension>
      <gpxtpx:hr>122</gpxtpx:hr>
     </gpxtpx:TrackPointExtension>
    </extensions>
   </trkpt>
   <trkpt lat="51.5427720" lon="-0.0800610">
    <ele>18.8</ele>
    <time>2024-09-12T17:45:52Z</time>
    <extensions>
     <gpxtpx:TrackPointExtension>
      <gpxtpx:hr>122</gpxtpx:hr>
     </gpxtpx:TrackPointExtension>
    </extensions>
   </trkpt>
   <trkpt lat="51.5428210" lon="-0.0800590">
    <ele>18.8</ele>
    <time>2024-09-12T17:45:53Z</time>
    <extensions>
     <gpxtpx:TrackPointExtension>
      <gpxtpx:hr>122</gpxtpx:hr>
     </gpxtpx:TrackPointExtension>
    </extensions>
   </trkpt>
   <trkpt lat="51.5428400" lon="-0.0800580">
    <ele>18.8</ele>
    <time>2024-09-12T17:45:54Z</time>
    <extensions>
     <gpxtpx:TrackPointExtension>
      <gpxtpx:hr>121</gpxtpx:hr>
     </gpxtpx:TrackPointExtension>
    </extensions>
   </trkpt>
   <trkpt lat="51.5428590" lon="-0.0800570">
    <ele>18.8</ele>
    <time>2024-09-12T17:45:55Z</time>
    <extensions>
     <gpxtpx:TrackPointExtension>
      <gpxtpx:hr>121</gpxtpx:hr>
     </gpxtpx:TrackPointExtension>
    </extensions>
   </trkpt>
   <trkpt lat="51.5429020" lon="-0.0800530">
    <ele>18.7</ele>
    <time>2024-09-12T17:45:56Z</time>
    <extensions>
     <gpxtpx:TrackPointExtension>
      <gpxtpx:hr>121</gpxtpx:hr>
     </gpxtpx:TrackPointExtension>
    </extensions>
   </trkpt>
   <trkpt lat="51.5429160" lon="-0.0800510">
    <ele>18.7</ele>
    <time>2024-09-12T17:45:57Z</time>
    <extensions>
     <gpxtpx:TrackPointExtension>
      <gpxtpx:hr>121</gpxtpx:hr>
     </gpxtpx:TrackPointExtension>
    </extensions>
   </trkpt>
   <trkpt lat="51.5429640" lon="-0.0800450">
    <ele>18.7</ele>
    <time>2024-09-12T17:45:58Z</time>
    <extensions>
     <gpxtpx:TrackPointExtension>
      <gpxtpx:hr>121</gpxtpx:hr>
     </gpxtpx:TrackPointExtension>
    </extensions>
   </trkpt>
   <trkpt lat="51.5429830" lon="-0.0800430">
    <ele>18.7</ele>
    <time>2024-09-12T17:45:59Z</time>
    <extensions>
     <gpxtpx:TrackPointExtension>
      <gpxtpx:hr>121</gpxtpx:hr>
     </gpxtpx:TrackPointExtension>
    </extensions>
   </trkpt>
   <trkpt lat="51.5430020" lon="-0.0800410">
    <ele>18.7</ele>
    <time>2024-09-12T17:46:00Z</time>
    <extensions>
     <gpxtpx:TrackPointExtension>
      <gpxtpx:hr>121</gpxtpx:hr>
     </gpxtpx:TrackPointExtension>
    </extensions>
   </trkpt>
   <trkpt lat="51.5430440" lon="-0.0800350">
    <ele>18.7</ele>
    <time>2024-09-12T17:46:01Z</time>
    <extensions>
     <gpxtpx:TrackPointExtension>
      <gpxtpx:hr>120</gpxtpx:hr>
     </gpxtpx:TrackPointExtension>
    </extensions>
   </trkpt>
   <trkpt lat="51.5430580" lon="-0.0800330">
    <ele>18.6</ele>
    <time>2024-09-12T17:46:02Z</time>
    <extensions>
     <gpxtpx:TrackPointExtension>
      <gpxtpx:hr>120</gpxtpx:hr>
     </gpxtpx:TrackPointExtension>
    </extensions>
   </trkpt>
   <trkpt lat="51.5431030" lon="-0.0800250">
    <ele>18.6</ele>
    <time>2024-09-12T17:46:03Z</time>
    <extensions>
     <gpxtpx:TrackPointExtension>
      <gpxtpx:hr>120</gpxtpx:hr>
     </gpxtpx:TrackPointExtension>
    </extensions>
   </trkpt>
   <trkpt lat="51.5431210" lon="-0.0800210">
    <ele>18.6</ele>
    <time>2024-09-12T17:46:04Z</time>
    <extensions>
     <gpxtpx:TrackPointExtension>
      <gpxtpx:hr>120</gpxtpx:hr>
     </gpxtpx:TrackPointExtension>
    </extensions>
   </trkpt>
   <trkpt lat="51.5431390" lon="-0.0800180">
    <ele>18.6</ele>
    <time>2024-09-12T17:46:05Z</time>
    <extensions>
     <gpxtpx:TrackPointExtension>
      <gpxtpx:hr>120</gpxtpx:hr>
     </gpxtpx:TrackPointExtension>
    </extensions>
   </trkpt>
   <trkpt lat="51.5431780" lon="-0.0800090">
    <ele>18.6</ele>
    <time>2024-09-12T17:46:06Z</time>
    <extensions>
     <gpxtpx:TrackPointExtension>
      <gpxtpx:hr>120</gpxtpx:hr>
     </gpxtpx:TrackPointExtension>
    </extensions>
   </trkpt>
   <trkpt lat="51.5431910" lon="-0.0800060">
    <ele>18.6</ele>
    <time>2024-09-12T17:46:07Z</time>
    <extensions>
     <gpxtpx:TrackPointExtension>
      <gpxtpx:hr>120</gpxtpx:hr>
     </gpxtpx:TrackPointExtension>
    </extensions>
   </trkpt>
   <trkpt lat="51.5432340" lon="-0.0799950">
    <ele>18.6</ele>
    <time>2024-09-12T17:46:08Z</time>
    <extensions>
     <gpxtpx:TrackPointExtension>
      <gpxtpx:hr>120</gpxtpx:hr>
     </gpxtpx:TrackPointExtension>
    </extensions>
   </trkpt>
   <trkpt lat="51.5432520" lon="-0.0799910">
    <ele>18.6</ele>
    <time>2024-09-12T17:46:09Z</time>
    <extensions>
     <gpxtpx:TrackPointExtension>
      <gpxtpx:hr>120</gpxtpx:hr>
     </gpxtpx:TrackPointExtension>
    </extensions>
   </trkpt>
   <trkpt lat="51.5432690" lon="-0.0799870">
    <ele>18.6</ele>
    <time>2024-09-12T17:46:10Z</time>
    <extensions>
     <gpxtpx:TrackPointExtension>
      <gpxtpx:hr>120</gpxtpx:hr>
     </gpxtpx:TrackPointExtension>
    </extensions>
   </trkpt>
   <trkpt lat="51.5433120" lon="-0.0799770">
    <ele>18.6</ele>
    <time>2024-09-12T17:46:11Z</time>
    <extensions>
     <gpxtpx:TrackPointExtension>
      <gpxtpx:hr>120</gpxtpx:hr>
     </gpxtpx:TrackPointExtension>
    </extensions>
   </trkpt>
   <trkpt lat="51.5433300" lon="-0.0799730">
    <ele>18.6</ele>
    <time>2024-09-12T17:46:12Z</time>
    <extensions>
     <gpxtpx:TrackPointExtension>
      <gpxtpx:hr>120</gpxtpx:hr>
     </gpxtpx:TrackPointExtension>
    </extensions>
   </trkpt>
   <trkpt lat="51.5433480" lon="-0.0799680">
    <ele>18.6</ele>
    <time>2024-09-12T17:46:13Z</time>
    <extensions>
     <gpxtpx:TrackPointExtension>
      <gpxtpx:hr>121</gpxtpx:hr>
     </gpxtpx:TrackPointExtension>
    </extensions>
   </trkpt>
   <trkpt lat="51.5433870" lon="-0.0799570">
    <ele>18.6</ele>
    <time>2024-09-12T17:46:14Z</time>
    <extensions>
     <gpxtpx:TrackPointExtension>
      <gpxtpx:hr>122</gpxtpx:hr>
     </gpxtpx:TrackPointExtension>
    </extensions>
   </trkpt>
   <trkpt lat="51.5434010" lon="-0.0799530">
    <ele>18.5</ele>
    <time>2024-09-12T17:46:15Z</time>
    <extensions>
     <gpxtpx:TrackPointExtension>
      <gpxtpx:hr>122</gpxtpx:hr>
     </gpxtpx:TrackPointExtension>
    </extensions>
   </trkpt>
   <trkpt lat="51.5434440" lon="-0.0799420">
    <ele>18.5</ele>
    <time>2024-09-12T17:46:16Z</time>
    <extensions>
     <gpxtpx:TrackPointExtension>
      <gpxtpx:hr>122</gpxtpx:hr>
     </gpxtpx:TrackPointExtension>
    </extensions>
   </trkpt>
   <trkpt lat="51.5434620" lon="-0.0799390">
    <ele>18.5</ele>
    <time>2024-09-12T17:46:17Z</time>
    <extensions>
     <gpxtpx:TrackPointExtension>
      <gpxtpx:hr>122</gpxtpx:hr>
     </gpxtpx:TrackPointExtension>
    </extensions>
   </trkpt>
   <trkpt lat="51.5434800" lon="-0.0799350">
    <ele>18.5</ele>
    <time>2024-09-12T17:46:18Z</time>
    <extensions>
     <gpxtpx:TrackPointExtension>
      <gpxtpx:hr>122</gpxtpx:hr>
     </gpxtpx:TrackPointExtension>
    </extensions>
   </trkpt>
   <trkpt lat="51.5435180" lon="-0.0799270">
    <ele>18.5</ele>
    <time>2024-09-12T17:46:19Z</time>
    <extensions>
     <gpxtpx:TrackPointExtension>
      <gpxtpx:hr>122</gpxtpx:hr>
     </gpxtpx:TrackPointExtension>
    </extensions>
   </trkpt>
   <trkpt lat="51.5435310" lon="-0.0799240">
    <ele>18.5</ele>
    <time>2024-09-12T17:46:20Z</time>
    <extensions>
     <gpxtpx:TrackPointExtension>
      <gpxtpx:hr>122</gpxtpx:hr>
     </gpxtpx:TrackPointExtension>
    </extensions>
   </trkpt>
   <trkpt lat="51.5435740" lon="-0.0799130">
    <ele>18.5</ele>
    <time>2024-09-12T17:46:21Z</time>
    <extensions>
     <gpxtpx:TrackPointExtension>
      <gpxtpx:hr>122</gpxtpx:hr>
     </gpxtpx:TrackPointExtension>
    </extensions>
   </trkpt>
   <trkpt lat="51.5435920" lon="-0.0799090">
    <ele>18.5</ele>
    <time>2024-09-12T17:46:22Z</time>
    <extensions>
     <gpxtpx:TrackPointExtension>
      <gpxtpx:hr>122</gpxtpx:hr>
     </gpxtpx:TrackPointExtension>
    </extensions>
   </trkpt>
   <trkpt lat="51.5436090" lon="-0.0799050">
    <ele>18.5</ele>
    <time>2024-09-12T17:46:23Z</time>
    <extensions>
     <gpxtpx:TrackPointExtension>
      <gpxtpx:hr>122</gpxtpx:hr>
     </gpxtpx:TrackPointExtension>
    </extensions>
   </trkpt>
   <trkpt lat="51.5436480" lon="-0.0798970">
    <ele>18.5</ele>
    <time>2024-09-12T17:46:24Z</time>
    <extensions>
     <gpxtpx:TrackPointExtension>
      <gpxtpx:hr>122</gpxtpx:hr>
     </gpxtpx:TrackPointExtension>
    </extensions>
   </trkpt>
   <trkpt lat="51.5436620" lon="-0.0798940">
    <ele>18.5</ele>
    <time>2024-09-12T17:46:25Z</time>
    <extensions>
     <gpxtpx:TrackPointExtension>
      <gpxtpx:hr>122</gpxtpx:hr>
     </gpxtpx:TrackPointExtension>
    </extensions>
   </trkpt>
   <trkpt lat="51.5437050" lon="-0.0798850">
    <ele>18.5</ele>
    <time>2024-09-12T17:46:26Z</time>
    <extensions>
     <gpxtpx:TrackPointExtension>
      <gpxtpx:hr>122</gpxtpx:hr>
     </gpxtpx:TrackPointExtension>
    </extensions>
   </trkpt>
   <trkpt lat="51.5437220" lon="-0.0798810">
    <ele>18.5</ele>
    <time>2024-09-12T17:46:27Z</time>
    <extensions>
     <gpxtpx:TrackPointExtension>
      <gpxtpx:hr>122</gpxtpx:hr>
     </gpxtpx:TrackPointExtension>
    </extensions>
   </trkpt>
   <trkpt lat="51.5437400" lon="-0.0798770">
    <ele>18.5</ele>
    <time>2024-09-12T17:46:28Z</time>
    <extensions>
     <gpxtpx:TrackPointExtension>
      <gpxtpx:hr>122</gpxtpx:hr>
     </gpxtpx:TrackPointExtension>
    </extensions>
   </trkpt>
   <trkpt lat="51.5437790" lon="-0.0798680">
    <ele>18.5</ele>
    <time>2024-09-12T17:46:29Z</time>
    <extensions>
     <gpxtpx:TrackPointExtension>
      <gpxtpx:hr>122</gpxtpx:hr>
     </gpxtpx:TrackPointExtension>
    </extensions>
   </trkpt>
   <trkpt lat="51.5437920" lon="-0.0798650">
    <ele>18.5</ele>
    <time>2024-09-12T17:46:30Z</time>
    <extensions>
     <gpxtpx:TrackPointExtension>
      <gpxtpx:hr>122</gpxtpx:hr>
     </gpxtpx:TrackPointExtension>
    </extensions>
   </trkpt>
   <trkpt lat="51.5438350" lon="-0.0798550">
    <ele>18.5</ele>
    <time>2024-09-12T17:46:31Z</time>
    <extensions>
     <gpxtpx:TrackPointExtension>
      <gpxtpx:hr>122</gpxtpx:hr>
     </gpxtpx:TrackPointExtension>
    </extensions>
   </trkpt>
   <trkpt lat="51.5438520" lon="-0.0798510">
    <ele>18.5</ele>
    <time>2024-09-12T17:46:32Z</time>
    <extensions>
     <gpxtpx:TrackPointExtension>
      <gpxtpx:hr>122</gpxtpx:hr>
     </gpxtpx:TrackPointExtension>
    </extensions>
   </trkpt>
   <trkpt lat="51.5438690" lon="-0.0798470">
    <ele>18.5</ele>
    <time>2024-09-12T17:46:33Z</time>
    <extensions>
     <gpxtpx:TrackPointExtension>
      <gpxtpx:hr>122</gpxtpx:hr>
     </gpxtpx:TrackPointExtension>
    </extensions>
   </trkpt>
   <trkpt lat="51.5439100" lon="-0.0798370">
    <ele>18.5</ele>
    <time>2024-09-12T17:46:34Z</time>
    <extensions>
     <gpxtpx:TrackPointExtension>
      <gpxtpx:hr>122</gpxtpx:hr>
     </gpxtpx:TrackPointExtension>
    </extensions>
   </trkpt>
   <trkpt lat="51.5439260" lon="-0.0798340">
    <ele>18.5</ele>
    <time>2024-09-12T17:46:35Z</time>
    <extensions>
     <gpxtpx:TrackPointExtension>
      <gpxtpx:hr>122</gpxtpx:hr>
     </gpxtpx:TrackPointExtension>
    </extensions>
   </trkpt>
   <trkpt lat="51.5439430" lon="-0.0798310">
    <ele>18.6</ele>
    <time>2024-09-12T17:46:36Z</time>
    <extensions>
     <gpxtpx:TrackPointExtension>
      <gpxtpx:hr>122</gpxtpx:hr>
     </gpxtpx:TrackPointExtension>
    </extensions>
   </trkpt>
   <trkpt lat="51.5439790" lon="-0.0798240">
    <ele>18.6</ele>
    <time>2024-09-12T17:46:37Z</time>
    <extensions>
     <gpxtpx:TrackPointExtension>
      <gpxtpx:hr>122</gpxtpx:hr>
     </gpxtpx:TrackPointExtension>
    </extensions>
   </trkpt>
   <trkpt lat="51.5439920" lon="-0.0798220">
    <ele>18.6</ele>
    <time>2024-09-12T17:46:38Z</time>
    <extensions>
     <gpxtpx:TrackPointExtension>
      <gpxtpx:hr>122</gpxtpx:hr>
     </gpxtpx:TrackPointExtension>
    </extensions>
   </trkpt>
   <trkpt lat="51.5440330" lon="-0.0798150">
    <ele>18.6</ele>
    <time>2024-09-12T17:46:39Z</time>
    <extensions>
     <gpxtpx:TrackPointExtension>
      <gpxtpx:hr>122</gpxtpx:hr>
     </gpxtpx:TrackPointExtension>
    </extensions>
   </trkpt>
   <trkpt lat="51.5440490" lon="-0.0798120">
    <ele>18.6</ele>
    <time>2024-09-12T17:46:40Z</time>
    <extensions>
     <gpxtpx:TrackPointExtension>
      <gpxtpx:hr>122</gpxtpx:hr>
     </gpxtpx:TrackPointExtension>
    </extensions>
   </trkpt>
   <trkpt lat="51.5440660" lon="-0.0798090">
    <ele>18.6</ele>
    <time>2024-09-12T17:46:41Z</time>
    <extensions>
     <gpxtpx:TrackPointExtension>
      <gpxtpx:hr>122</gpxtpx:hr>
     </gpxtpx:TrackPointExtension>
    </extensions>
   </trkpt>
   <trkpt lat="51.5441030" lon="-0.0798010">
    <ele>18.6</ele>
    <time>2024-09-12T17:46:42Z</time>
    <extensions>
     <gpxtpx:TrackPointExtension>
      <gpxtpx:hr>122</gpxtpx:hr>
     </gpxtpx:TrackPointExtension>
    </extensions>
   </trkpt>
   <trkpt lat="51.5441150" lon="-0.0797980">
    <ele>18.6</ele>
    <time>2024-09-12T17:46:43Z</time>
    <extensions>
     <gpxtpx:TrackPointExtension>
      <gpxtpx:hr>122</gpxtpx:hr>
     </gpxtpx:TrackPointExtension>
    </extensions>
   </trkpt>
   <trkpt lat="51.5441570" lon="-0.0797900">
    <ele>18.7</ele>
    <time>2024-09-12T17:46:44Z</time>
    <extensions>
     <gpxtpx:TrackPointExtension>
      <gpxtpx:hr>122</gpxtpx:hr>
     </gpxtpx:TrackPointExtension>
    </extensions>
   </trkpt>
   <trkpt lat="51.5441730" lon="-0.0797870">
    <ele>18.7</ele>
    <time>2024-09-12T17:46:45Z</time>
    <extensions>
     <gpxtpx:TrackPointExtension>
      <gpxtpx:hr>122</gpxtpx:hr>
     </gpxtpx:TrackPointExtension>
    </extensions>
   </trkpt>
   <trkpt lat="51.5441900" lon="-0.0797840">
    <ele>18.7</ele>
    <time>2024-09-12T17:46:46Z</time>
    <extensions>
     <gpxtpx:TrackPointExtension>
      <gpxtpx:hr>122</gpxtpx:hr>
     </gpxtpx:TrackPointExtension>
    </extensions>
   </trkpt>
   <trkpt lat="51.5442270" lon="-0.0797780">
    <ele>18.7</ele>
    <time>2024-09-12T17:46:47Z</time>
    <extensions>
     <gpxtpx:TrackPointExtension>
      <gpxtpx:hr>124</gpxtpx:hr>
     </gpxtpx:TrackPointExtension>
    </extensions>
   </trkpt>
   <trkpt lat="51.5442390" lon="-0.0797760">
    <ele>18.7</ele>
    <time>2024-09-12T17:46:48Z</time>
    <extensions>
     <gpxtpx:TrackPointExtension>
      <gpxtpx:hr>124</gpxtpx:hr>
     </gpxtpx:TrackPointExtension>
    </extensions>
   </trkpt>
   <trkpt lat="51.5442800" lon="-0.0797680">
    <ele>18.7</ele>
    <time>2024-09-12T17:46:49Z</time>
    <extensions>
     <gpxtpx:TrackPointExtension>
      <gpxtpx:hr>124</gpxtpx:hr>
     </gpxtpx:TrackPointExtension>
    </extensions>
   </trkpt>
   <trkpt lat="51.5442960" lon="-0.0797650">
    <ele>18.7</ele>
    <time>2024-09-12T17:46:50Z</time>
    <extensions>
     <gpxtpx:TrackPointExtension>
      <gpxtpx:hr>124</gpxtpx:hr>
     </gpxtpx:TrackPointExtension>
    </extensions>
   </trkpt>
   <trkpt lat="51.5443130" lon="-0.0797620">
    <ele>18.7</ele>
    <time>2024-09-12T17:46:51Z</time>
    <extensions>
     <gpxtpx:TrackPointExtension>
      <gpxtpx:hr>122</gpxtpx:hr>
     </gpxtpx:TrackPointExtension>
    </extensions>
   </trkpt>
   <trkpt lat="51.5443490" lon="-0.0797560">
    <ele>18.7</ele>
    <time>2024-09-12T17:46:52Z</time>
    <extensions>
     <gpxtpx:TrackPointExtension>
      <gpxtpx:hr>122</gpxtpx:hr>
     </gpxtpx:TrackPointExtension>
    </extensions>
   </trkpt>
   <trkpt lat="51.5443610" lon="-0.0797540">
    <ele>18.7</ele>
    <time>2024-09-12T17:46:53Z</time>
    <extensions>
     <gpxtpx:TrackPointExtension>
      <gpxtpx:hr>122</gpxtpx:hr>
     </gpxtpx:TrackPointExtension>
    </extensions>
   </trkpt>
   <trkpt lat="51.5444030" lon="-0.0797480">
    <ele>18.7</ele>
    <time>2024-09-12T17:46:54Z</time>
    <extensions>
     <gpxtpx:TrackPointExtension>
      <gpxtpx:hr>122</gpxtpx:hr>
     </gpxtpx:TrackPointExtension>
    </extensions>
   </trkpt>
   <trkpt lat="51.5444200" lon="-0.0797460">
    <ele>18.7</ele>
    <time>2024-09-12T17:46:55Z</time>
    <extensions>
     <gpxtpx:TrackPointExtension>
      <gpxtpx:hr>122</gpxtpx:hr>
     </gpxtpx:TrackPointExtension>
    </extensions>
   </trkpt>
   <trkpt lat="51.5444370" lon="-0.0797430">
    <ele>18.7</ele>
    <time>2024-09-12T17:46:56Z</time>
    <extensions>
     <gpxtpx:TrackPointExtension>
      <gpxtpx:hr>122</gpxtpx:hr>
     </gpxtpx:TrackPointExtension>
    </extensions>
   </trkpt>
   <trkpt lat="51.5444800" lon="-0.0797350">
    <ele>18.8</ele>
    <time>2024-09-12T17:46:57Z</time>
    <extensions>
     <gpxtpx:TrackPointExtension>
      <gpxtpx:hr>122</gpxtpx:hr>
     </gpxtpx:TrackPointExtension>
    </extensions>
   </trkpt>
   <trkpt lat="51.5444980" lon="-0.0797320">
    <ele>18.8</ele>
    <time>2024-09-12T17:46:58Z</time>
    <extensions>
     <gpxtpx:TrackPointExtension>
      <gpxtpx:hr>122</gpxtpx:hr>
     </gpxtpx:TrackPointExtension>
    </extensions>
   </trkpt>
   <trkpt lat="51.5445150" lon="-0.0797280">
    <ele>18.8</ele>
    <time>2024-09-12T17:46:59Z</time>
    <extensions>
     <gpxtpx:TrackPointExtension>
      <gpxtpx:hr>122</gpxtpx:hr>
     </gpxtpx:TrackPointExtension>
    </extensions>
   </trkpt>
   <trkpt lat="51.5445550" lon="-0.0797190">
    <ele>18.8</ele>
    <time>2024-09-12T17:47:00Z</time>
    <extensions>
     <gpxtpx:TrackPointExtension>
      <gpxtpx:hr>122</gpxtpx:hr>
     </gpxtpx:TrackPointExtension>
    </extensions>
   </trkpt>
   <trkpt lat="51.5445690" lon="-0.0797160">
    <ele>18.8</ele>
    <time>2024-09-12T17:47:01Z</time>
    <extensions>
     <gpxtpx:TrackPointExtension>
      <gpxtpx:hr>122</gpxtpx:hr>
     </gpxtpx:TrackPointExtension>
    </extensions>
   </trkpt>
   <trkpt lat="51.5446130" lon="-0.0797040">
    <ele>18.8</ele>
    <time>2024-09-12T17:47:02Z</time>
    <extensions>
     <gpxtpx:TrackPointExtension>
      <gpxtpx:hr>122</gpxtpx:hr>
     </gpxtpx:TrackPointExtension>
    </extensions>
   </trkpt>
   <trkpt lat="51.5446300" lon="-0.0796980">
    <ele>18.8</ele>
    <time>2024-09-12T17:47:03Z</time>
    <extensions>
     <gpxtpx:TrackPointExtension>
      <gpxtpx:hr>122</gpxtpx:hr>
     </gpxtpx:TrackPointExtension>
    </extensions>
   </trkpt>
   <trkpt lat="51.5446480" lon="-0.0796930">
    <ele>18.8</ele>
    <time>2024-09-12T17:47:04Z</time>
    <extensions>
     <gpxtpx:TrackPointExtension>
      <gpxtpx:hr>122</gpxtpx:hr>
     </gpxtpx:TrackPointExtension>
    </extensions>
   </trkpt>
   <trkpt lat="51.5446870" lon="-0.0796810">
    <ele>18.8</ele>
    <time>2024-09-12T17:47:05Z</time>
    <extensions>
     <gpxtpx:TrackPointExtension>
      <gpxtpx:hr>122</gpxtpx:hr>
     </gpxtpx:TrackPointExtension>
    </extensions>
   </trkpt>
   <trkpt lat="51.5447000" lon="-0.0796760">
    <ele>18.8</ele>
    <time>2024-09-12T17:47:06Z</time>
    <extensions>
     <gpxtpx:TrackPointExtension>
      <gpxtpx:hr>122</gpxtpx:hr>
     </gpxtpx:TrackPointExtension>
    </extensions>
   </trkpt>
   <trkpt lat="51.5447450" lon="-0.0796600">
    <ele>18.8</ele>
    <time>2024-09-12T17:47:07Z</time>
    <extensions>
     <gpxtpx:TrackPointExtension>
      <gpxtpx:hr>124</gpxtpx:hr>
     </gpxtpx:TrackPointExtension>
    </extensions>
   </trkpt>
   <trkpt lat="51.5447640" lon="-0.0796540">
    <ele>18.8</ele>
    <time>2024-09-12T17:47:08Z</time>
    <extensions>
     <gpxtpx:TrackPointExtension>
      <gpxtpx:hr>124</gpxtpx:hr>
     </gpxtpx:TrackPointExtension>
    </extensions>
   </trkpt>
   <trkpt lat="51.5447820" lon="-0.0796470">
    <ele>18.8</ele>
    <time>2024-09-12T17:47:09Z</time>
    <extensions>
     <gpxtpx:TrackPointExtension>
      <gpxtpx:hr>124</gpxtpx:hr>
     </gpxtpx:TrackPointExtension>
    </extensions>
   </trkpt>
   <trkpt lat="51.5448250" lon="-0.0796310">
    <ele>18.8</ele>
    <time>2024-09-12T17:47:10Z</time>
    <extensions>
     <gpxtpx:TrackPointExtension>
      <gpxtpx:hr>124</gpxtpx:hr>
     </gpxtpx:TrackPointExtension>
    </extensions>
   </trkpt>
   <trkpt lat="51.5448400" lon="-0.0796250">
    <ele>18.8</ele>
    <time>2024-09-12T17:47:11Z</time>
    <extensions>
     <gpxtpx:TrackPointExtension>
      <gpxtpx:hr>124</gpxtpx:hr>
     </gpxtpx:TrackPointExtension>
    </extensions>
   </trkpt>
   <trkpt lat="51.5448870" lon="-0.0796090">
    <ele>18.8</ele>
    <time>2024-09-12T17:47:12Z</time>
    <extensions>
     <gpxtpx:TrackPointExtension>
      <gpxtpx:hr>124</gpxtpx:hr>
     </gpxtpx:TrackPointExtension>
    </extensions>
   </trkpt>
   <trkpt lat="51.5449060" lon="-0.0796030">
    <ele>18.8</ele>
    <time>2024-09-12T17:47:13Z</time>
    <extensions>
     <gpxtpx:TrackPointExtension>
      <gpxtpx:hr>124</gpxtpx:hr>
     </gpxtpx:TrackPointExtension>
    </extensions>
   </trkpt>
   <trkpt lat="51.5449250" lon="-0.0795970">
    <ele>18.8</ele>
    <time>2024-09-12T17:47:14Z</time>
    <extensions>
     <gpxtpx:TrackPointExtension>
      <gpxtpx:hr>124</gpxtpx:hr>
     </gpxtpx:TrackPointExtension>
    </extensions>
   </trkpt>
   <trkpt lat="51.5449670" lon="-0.0795880">
    <ele>18.8</ele>
    <time>2024-09-12T17:47:15Z</time>
    <extensions>
     <gpxtpx:TrackPointExtension>
      <gpxtpx:hr>124</gpxtpx:hr>
     </gpxtpx:TrackPointExtension>
    </extensions>
   </trkpt>
   <trkpt lat="51.5449800" lon="-0.0795850">
    <ele>18.8</ele>
    <time>2024-09-12T17:47:16Z</time>
    <extensions>
     <gpxtpx:TrackPointExtension>
      <gpxtpx:hr>122</gpxtpx:hr>
     </gpxtpx:TrackPointExtension>
    </extensions>
   </trkpt>
   <trkpt lat="51.5450260" lon="-0.0795730">
    <ele>18.8</ele>
    <time>2024-09-12T17:47:17Z</time>
    <extensions>
     <gpxtpx:TrackPointExtension>
      <gpxtpx:hr>122</gpxtpx:hr>
     </gpxtpx:TrackPointExtension>
    </extensions>
   </trkpt>
   <trkpt lat="51.5450440" lon="-0.0795680">
    <ele>18.8</ele>
    <time>2024-09-12T17:47:18Z</time>
    <extensions>
     <gpxtpx:TrackPointExtension>
      <gpxtpx:hr>122</gpxtpx:hr>
     </gpxtpx:TrackPointExtension>
    </extensions>
   </trkpt>
   <trkpt lat="51.5450630" lon="-0.0795620">
    <ele>18.7</ele>
    <time>2024-09-12T17:47:19Z</time>
    <extensions>
     <gpxtpx:TrackPointExtension>
      <gpxtpx:hr>122</gpxtpx:hr>
     </gpxtpx:TrackPointExtension>
    </extensions>
   </trkpt>
   <trkpt lat="51.5451080" lon="-0.0795480">
    <ele>18.7</ele>
    <time>2024-09-12T17:47:20Z</time>
    <extensions>
     <gpxtpx:TrackPointExtension>
      <gpxtpx:hr>124</gpxtpx:hr>
     </gpxtpx:TrackPointExtension>
    </extensions>
   </trkpt>
   <trkpt lat="51.5451270" lon="-0.0795420">
    <ele>18.7</ele>
    <time>2024-09-12T17:47:21Z</time>
    <extensions>
     <gpxtpx:TrackPointExtension>
      <gpxtpx:hr>124</gpxtpx:hr>
     </gpxtpx:TrackPointExtension>
    </extensions>
   </trkpt>
   <trkpt lat="51.5451450" lon="-0.0795370">
    <ele>18.7</ele>
    <time>2024-09-12T17:47:22Z</time>
    <extensions>
     <gpxtpx:TrackPointExtension>
      <gpxtpx:hr>124</gpxtpx:hr>
     </gpxtpx:TrackPointExtension>
    </extensions>
   </trkpt>
   <trkpt lat="51.5451860" lon="-0.0795230">
    <ele>18.7</ele>
    <time>2024-09-12T17:47:23Z</time>
    <extensions>
     <gpxtpx:TrackPointExtension>
      <gpxtpx:hr>124</gpxtpx:hr>
     </gpxtpx:TrackPointExtension>
    </extensions>
   </trkpt>
   <trkpt lat="51.5452000" lon="-0.0795180">
    <ele>18.7</ele>
    <time>2024-09-12T17:47:24Z</time>
    <extensions>
     <gpxtpx:TrackPointExtension>
      <gpxtpx:hr>124</gpxtpx:hr>
     </gpxtpx:TrackPointExtension>
    </extensions>
   </trkpt>
   <trkpt lat="51.5452430" lon="-0.0795000">
    <ele>18.7</ele>
    <time>2024-09-12T17:47:25Z</time>
    <extensions>
     <gpxtpx:TrackPointExtension>
      <gpxtpx:hr>124</gpxtpx:hr>
     </gpxtpx:TrackPointExtension>
    </extensions>
   </trkpt>
   <trkpt lat="51.5452600" lon="-0.0794930">
    <ele>18.7</ele>
    <time>2024-09-12T17:47:26Z</time>
    <extensions>
     <gpxtpx:TrackPointExtension>
      <gpxtpx:hr>124</gpxtpx:hr>
     </gpxtpx:TrackPointExtension>
    </extensions>
   </trkpt>
   <trkpt lat="51.5452770" lon="-0.0794850">
    <ele>18.7</ele>
    <time>2024-09-12T17:47:27Z</time>
    <extensions>
     <gpxtpx:TrackPointExtension>
      <gpxtpx:hr>124</gpxtpx:hr>
     </gpxtpx:TrackPointExtension>
    </extensions>
   </trkpt>
   <trkpt lat="51.5453150" lon="-0.0794710">
    <ele>18.7</ele>
    <time>2024-09-12T17:47:28Z</time>
    <extensions>
     <gpxtpx:TrackPointExtension>
      <gpxtpx:hr>124</gpxtpx:hr>
     </gpxtpx:TrackPointExtension>
    </extensions>
   </trkpt>
   <trkpt lat="51.5453270" lon="-0.0794660">
    <ele>18.7</ele>
    <time>2024-09-12T17:47:29Z</time>
    <extensions>
     <gpxtpx:TrackPointExtension>
      <gpxtpx:hr>124</gpxtpx:hr>
     </gpxtpx:TrackPointExtension>
    </extensions>
   </trkpt>
   <trkpt lat="51.5453670" lon="-0.0794430">
    <ele>18.7</ele>
    <time>2024-09-12T17:47:30Z</time>
    <extensions>
     <gpxtpx:TrackPointExtension>
      <gpxtpx:hr>124</gpxtpx:hr>
     </gpxtpx:TrackPointExtension>
    </extensions>
   </trkpt>
   <trkpt lat="51.5453830" lon="-0.0794320">
    <ele>18.7</ele>
    <time>2024-09-12T17:47:31Z</time>
    <extensions>
     <gpxtpx:TrackPointExtension>
      <gpxtpx:hr>124</gpxtpx:hr>
     </gpxtpx:TrackPointExtension>
    </extensions>
   </trkpt>
   <trkpt lat="51.5453990" lon="-0.0794210">
    <ele>18.7</ele>
    <time>2024-09-12T17:47:32Z</time>
    <extensions>
     <gpxtpx:TrackPointExtension>
      <gpxtpx:hr>124</gpxtpx:hr>
     </gpxtpx:TrackPointExtension>
    </extensions>
   </trkpt>
   <trkpt lat="51.5454270" lon="-0.0793820">
    <ele>18.8</ele>
    <time>2024-09-12T17:47:33Z</time>
    <extensions>
     <gpxtpx:TrackPointExtension>
      <gpxtpx:hr>124</gpxtpx:hr>
     </gpxtpx:TrackPointExtension>
    </extensions>
   </trkpt>
   <trkpt lat="51.5454360" lon="-0.0793680">
    <ele>18.8</ele>
    <time>2024-09-12T17:47:34Z</time>
    <extensions>
     <gpxtpx:TrackPointExtension>
      <gpxtpx:hr>124</gpxtpx:hr>
     </gpxtpx:TrackPointExtension>
    </extensions>
   </trkpt>
   <trkpt lat="51.5454510" lon="-0.0793080">
    <ele>18.7</ele>
    <time>2024-09-12T17:47:35Z</time>
    <extensions>
     <gpxtpx:TrackPointExtension>
      <gpxtpx:hr>124</gpxtpx:hr>
     </gpxtpx:TrackPointExtension>
    </extensions>
   </trkpt>
   <trkpt lat="51.5454540" lon="-0.0792830">
    <ele>18.7</ele>
    <time>2024-09-12T17:47:36Z</time>
    <extensions>
     <gpxtpx:TrackPointExtension>
      <gpxtpx:hr>124</gpxtpx:hr>
     </gpxtpx:TrackPointExtension>
    </extensions>
   </trkpt>
   <trkpt lat="51.5454570" lon="-0.0792580">
    <ele>18.7</ele>
    <time>2024-09-12T17:47:37Z</time>
    <extensions>
     <gpxtpx:TrackPointExtension>
      <gpxtpx:hr>124</gpxtpx:hr>
     </gpxtpx:TrackPointExtension>
    </extensions>
   </trkpt>
   <trkpt lat="51.5454520" lon="-0.0791960">
    <ele>18.7</ele>
    <time>2024-09-12T17:47:38Z</time>
    <extensions>
     <gpxtpx:TrackPointExtension>
      <gpxtpx:hr>124</gpxtpx:hr>
     </gpxtpx:TrackPointExtension>
    </extensions>
   </trkpt>
   <trkpt lat="51.5454500" lon="-0.0791750">
    <ele>18.7</ele>
    <time>2024-09-12T17:47:39Z</time>
    <extensions>
     <gpxtpx:TrackPointExtension>
      <gpxtpx:hr>124</gpxtpx:hr>
     </gpxtpx:TrackPointExtension>
    </extensions>
   </trkpt>
   <trkpt lat="51.5454420" lon="-0.0791040">
    <ele>18.7</ele>
    <time>2024-09-12T17:47:40Z</time>
    <extensions>
     <gpxtpx:TrackPointExtension>
      <gpxtpx:hr>122</gpxtpx:hr>
     </gpxtpx:TrackPointExtension>
    </extensions>
   </trkpt>
   <trkpt lat="51.5454390" lon="-0.0790750">
    <ele>18.6</ele>
    <time>2024-09-12T17:47:41Z</time>
    <extensions>
     <gpxtpx:TrackPointExtension>
      <gpxtpx:hr>122</gpxtpx:hr>
     </gpxtpx:TrackPointExtension>
    </extensions>
   </trkpt>
   <trkpt lat="51.5454360" lon="-0.0790470">
    <ele>18.6</ele>
    <time>2024-09-12T17:47:42Z</time>
    <extensions>
     <gpxtpx:TrackPointExtension>
      <gpxtpx:hr>122</gpxtpx:hr>
     </gpxtpx:TrackPointExtension>
    </extensions>
   </trkpt>
   <trkpt lat="51.5454300" lon="-0.0789830">
    <ele>18.6</ele>
    <time>2024-09-12T17:47:43Z</time>
    <extensions>
     <gpxtpx:TrackPointExtension>
      <gpxtpx:hr>122</gpxtpx:hr>
     </gpxtpx:TrackPointExtension>
    </extensions>
   </trkpt>
   <trkpt lat="51.5454280" lon="-0.0789610">
    <ele>18.6</ele>
    <time>2024-09-12T17:47:44Z</time>
    <extensions>
     <gpxtpx:TrackPointExtension>
      <gpxtpx:hr>122</gpxtpx:hr>
     </gpxtpx:TrackPointExtension>
    </extensions>
   </trkpt>
   <trkpt lat="51.5454200" lon="-0.0788880">
    <ele>18.6</ele>
    <time>2024-09-12T17:47:45Z</time>
    <extensions>
     <gpxtpx:TrackPointExtension>
      <gpxtpx:hr>122</gpxtpx:hr>
     </gpxtpx:TrackPointExtension>
    </extensions>
   </trkpt>
   <trkpt lat="51.5454170" lon="-0.0788590">
    <ele>18.6</ele>
    <time>2024-09-12T17:47:46Z</time>
    <extensions>
     <gpxtpx:TrackPointExtension>
      <gpxtpx:hr>122</gpxtpx:hr>
     </gpxtpx:TrackPointExtension>
    </extensions>
   </trkpt>
   <trkpt lat="51.5454140" lon="-0.0788300">
    <ele>18.6</ele>
    <time>2024-09-12T17:47:47Z</time>
    <extensions>
     <gpxtpx:TrackPointExtension>
      <gpxtpx:hr>122</gpxtpx:hr>
     </gpxtpx:TrackPointExtension>
    </extensions>
   </trkpt>
   <trkpt lat="51.5454090" lon="-0.0787560">
    <ele>18.6</ele>
    <time>2024-09-12T17:47:48Z</time>
    <extensions>
     <gpxtpx:TrackPointExtension>
      <gpxtpx:hr>122</gpxtpx:hr>
     </gpxtpx:TrackPointExtension>
    </extensions>
   </trkpt>
   <trkpt lat="51.5454070" lon="-0.0787260">
    <ele>18.6</ele>
    <time>2024-09-12T17:47:49Z</time>
    <extensions>
     <gpxtpx:TrackPointExtension>
      <gpxtpx:hr>122</gpxtpx:hr>
     </gpxtpx:TrackPointExtension>
    </extensions>
   </trkpt>
   <trkpt lat="51.5454050" lon="-0.0786970">
    <ele>18.6</ele>
    <time>2024-09-12T17:47:50Z</time>
    <extensions>
     <gpxtpx:TrackPointExtension>
      <gpxtpx:hr>122</gpxtpx:hr>
     </gpxtpx:TrackPointExtension>
    </extensions>
   </trkpt>
   <trkpt lat="51.5454000" lon="-0.0786300">
    <ele>18.5</ele>
    <time>2024-09-12T17:47:51Z</time>
    <extensions>
     <gpxtpx:TrackPointExtension>
      <gpxtpx:hr>125</gpxtpx:hr>
     </gpxtpx:TrackPointExtension>
    </extensions>
   </trkpt>
   <trkpt lat="51.5453990" lon="-0.0786070">
    <ele>18.5</ele>
    <time>2024-09-12T17:47:52Z</time>
    <extensions>
     <gpxtpx:TrackPointExtension>
      <gpxtpx:hr>125</gpxtpx:hr>
     </gpxtpx:TrackPointExtension>
    </extensions>
   </trkpt>
   <trkpt lat="51.5453940" lon="-0.0785350">
    <ele>18.5</ele>
    <time>2024-09-12T17:47:53Z</time>
    <extensions>
     <gpxtpx:TrackPointExtension>
      <gpxtpx:hr>125</gpxtpx:hr>
     </gpxtpx:TrackPointExtension>
    </extensions>
   </trkpt>
   <trkpt lat="51.5453920" lon="-0.0785060">
    <ele>18.5</ele>
    <time>2024-09-12T17:47:54Z</time>
    <extensions>
     <gpxtpx:TrackPointExtension>
      <gpxtpx:hr>125</gpxtpx:hr>
     </gpxtpx:TrackPointExtension>
    </extensions>
   </trkpt>
   <trkpt lat="51.5453910" lon="-0.0784770">
    <ele>18.5</ele>
    <time>2024-09-12T17:47:55Z</time>
    <extensions>
     <gpxtpx:TrackPointExtension>
      <gpxtpx:hr>125</gpxtpx:hr>
     </gpxtpx:TrackPointExtension>
    </extensions>
   </trkpt>
   <trkpt lat="51.5453850" lon="-0.0784120">
    <ele>18.5</ele>
    <time>2024-09-12T17:47:56Z</time>
    <extensions>
     <gpxtpx:TrackPointExtension>
      <gpxtpx:hr>125</gpxtpx:hr>
     </gpxtpx:TrackPointExtension>
    </extensions>
   </trkpt>
   <trkpt lat="51.5453830" lon="-0.0783900">
    <ele>18.5</ele>
    <time>2024-09-12T17:47:57Z</time>
    <extensions>
     <gpxtpx:TrackPointExtension>
      <gpxtpx:hr>125</gpxtpx:hr>
     </gpxtpx:TrackPointExtension>
    </extensions>
   </trkpt>
   <trkpt lat="51.5453780" lon="-0.0783180">
    <ele>18.5</ele>
    <time>2024-09-12T17:47:58Z</time>
    <extensions>
     <gpxtpx:TrackPointExtension>
      <gpxtpx:hr>124</gpxtpx:hr>
     </gpxtpx:TrackPointExtension>
    </extensions>
   </trkpt>
   <trkpt lat="51.5453760" lon="-0.0782900">
    <ele>18.5</ele>
    <time>2024-09-12T17:47:59Z</time>
    <extensions>
     <gpxtpx:TrackPointExtension>
      <gpxtpx:hr>124</gpxtpx:hr>
     </gpxtpx:TrackPointExtension>
    </extensions>
   </trkpt>
   <trkpt lat="51.5453750" lon="-0.0782610">
    <ele>18.5</ele>
    <time>2024-09-12T17:48:00Z</time>
    <extensions>
     <gpxtpx:TrackPointExtension>
      <gpxtpx:hr>124</gpxtpx:hr>
     </gpxtpx:TrackPointExtension>
    </extensions>
   </trkpt>
   <trkpt lat="51.5453710" lon="-0.0781950">
    <ele>18.5</ele>
    <time>2024-09-12T17:48:01Z</time>
    <extensions>
     <gpxtpx:TrackPointExtension>
      <gpxtpx:hr>124</gpxtpx:hr>
     </gpxtpx:TrackPointExtension>
    </extensions>
   </trkpt>
   <trkpt lat="51.5453700" lon="-0.0781730">
    <ele>18.5</ele>
    <time>2024-09-12T17:48:02Z</time>
    <extensions>
     <gpxtpx:TrackPointExtension>
      <gpxtpx:hr>124</gpxtpx:hr>
     </gpxtpx:TrackPointExtension>
    </extensions>
   </trkpt>
   <trkpt lat="51.5453650" lon="-0.0781000">
    <ele>18.4</ele>
    <time>2024-09-12T17:48:03Z</time>
    <extensions>
     <gpxtpx:TrackPointExtension>
      <gpxtpx:hr>124</gpxtpx:hr>
     </gpxtpx:TrackPointExtension>
    </extensions>
   </trkpt>
   <trkpt lat="51.5453620" lon="-0.0780710">
    <ele>18.4</ele>
    <time>2024-09-12T17:48:04Z</time>
    <extensions>
     <gpxtpx:TrackPointExtension>
      <gpxtpx:hr>124</gpxtpx:hr>
     </gpxtpx:TrackPointExtension>
    </extensions>
   </trkpt>
   <trkpt lat="51.5453600" lon="-0.0780420">
    <ele>18.4</ele>
    <time>2024-09-12T17:48:05Z</time>
    <extensions>
     <gpxtpx:TrackPointExtension>
      <gpxtpx:hr>124</gpxtpx:hr>
     </gpxtpx:TrackPointExtension>
    </extensions>
   </trkpt>
   <trkpt lat="51.5453540" lon="-0.0779760">
    <ele>18.4</ele>
    <time>2024-09-12T17:48:06Z</time>
    <extensions>
     <gpxtpx:TrackPointExtension>
      <gpxtpx:hr>124</gpxtpx:hr>
     </gpxtpx:TrackPointExtension>
    </extensions>
   </trkpt>
   <trkpt lat="51.5453520" lon="-0.0779540">
    <ele>18.4</ele>
    <time>2024-09-12T17:48:07Z</time>
    <extensions>
     <gpxtpx:TrackPointExtension>
      <gpxtpx:hr>124</gpxtpx:hr>
     </gpxtpx:TrackPointExtension>
    </extensions>
   </trkpt>
   <trkpt lat="51.5453440" lon="-0.0778810">
    <ele>18.4</ele>
    <time>2024-09-12T17:48:08Z</time>
    <extensions>
     <gpxtpx:TrackPointExtension>
      <gpxtpx:hr>124</gpxtpx:hr>
     </gpxtpx:TrackPointExtension>
    </extensions>
   </trkpt>
   <trkpt lat="51.5453400" lon="-0.0778520">
    <ele>18.4</ele>
    <time>2024-09-12T17:48:09Z</time>
    <extensions>
     <gpxtpx:TrackPointExtension>
      <gpxtpx:hr>124</gpxtpx:hr>
     </gpxtpx:TrackPointExtension>
    </extensions>
   </trkpt>
   <trkpt lat="51.5453360" lon="-0.0778230">
    <ele>18.4</ele>
    <time>2024-09-12T17:48:10Z</time>
    <extensions>
     <gpxtpx:TrackPointExtension>
      <gpxtpx:hr>124</gpxtpx:hr>
     </gpxtpx:TrackPointExtension>
    </extensions>
   </trkpt>
   <trkpt lat="51.5453280" lon="-0.0777510">
    <ele>18.4</ele>
    <time>2024-09-12T17:48:11Z</time>
    <extensions>
     <gpxtpx:TrackPointExtension>
      <gpxtpx:hr>124</gpxtpx:hr>
     </gpxtpx:TrackPointExtension>
    </extensions>
   </trkpt>
   <trkpt lat="51.5453260" lon="-0.0777220">
    <ele>18.4</ele>
    <time>2024-09-12T17:48:12Z</time>
    <extensions>
     <gpxtpx:TrackPointExtension>
      <gpxtpx:hr>124</gpxtpx:hr>
     </gpxtpx:TrackPointExtension>
    </extensions>
   </trkpt>
   <trkpt lat="51.5453230" lon="-0.0776920">
    <ele>18.4</ele>
    <time>2024-09-12T17:48:13Z</time>
    <extensions>
     <gpxtpx:TrackPointExtension>
      <gpxtpx:hr>122</gpxtpx:hr>
     </gpxtpx:TrackPointExtension>
    </extensions>
   </trkpt>
   <trkpt lat="51.5453180" lon="-0.0776260">
    <ele>18.4</ele>
    <time>2024-09-12T17:48:14Z</time>
    <extensions>
     <gpxtpx:TrackPointExtension>
      <gpxtpx:hr>122</gpxtpx:hr>
     </gpxtpx:TrackPointExtension>
    </extensions>
   </trkpt>
   <trkpt lat="51.5453170" lon="-0.0776040">
    <ele>18.3</ele>
    <time>2024-09-12T17:48:15Z</time>
    <extensions>
     <gpxtpx:TrackPointExtension>
      <gpxtpx:hr>122</gpxtpx:hr>
     </gpxtpx:TrackPointExtension>
    </extensions>
   </trkpt>
   <trkpt lat="51.5453130" lon="-0.0775320">
    <ele>18.3</ele>
    <time>2024-09-12T17:48:16Z</time>
    <extensions>
     <gpxtpx:TrackPointExtension>
      <gpxtpx:hr>122</gpxtpx:hr>
     </gpxtpx:TrackPointExtension>
    </extensions>
   </trkpt>
   <trkpt lat="51.5453110" lon="-0.0775030">
    <ele>18.3</ele>
    <time>2024-09-12T17:48:17Z</time>
    <extensions>
     <gpxtpx:TrackPointExtension>
      <gpxtpx:hr>122</gpxtpx:hr>
     </gpxtpx:TrackPointExtension>
    </extensions>
   </trkpt>
   <trkpt lat="51.5453100" lon="-0.0774750">
    <ele>18.3</ele>
    <time>2024-09-12T17:48:18Z</time>
    <extensions>
     <gpxtpx:TrackPointExtension>
      <gpxtpx:hr>122</gpxtpx:hr>
     </gpxtpx:TrackPointExtension>
    </extensions>
   </trkpt>
   <trkpt lat="51.5453080" lon="-0.0774150">
    <ele>18.3</ele>
    <time>2024-09-12T17:48:19Z</time>
    <extensions>
     <gpxtpx:TrackPointExtension>
      <gpxtpx:hr>122</gpxtpx:hr>
     </gpxtpx:TrackPointExtension>
    </extensions>
   </trkpt>
   <trkpt lat="51.5453070" lon="-0.0773950">
    <ele>18.3</ele>
    <time>2024-09-12T17:48:20Z</time>
    <extensions>
     <gpxtpx:TrackPointExtension>
      <gpxtpx:hr>124</gpxtpx:hr>
     </gpxtpx:TrackPointExtension>
    </extensions>
   </trkpt>
   <trkpt lat="51.5453120" lon="-0.0773430">
    <ele>18.3</ele>
    <time>2024-09-12T17:48:21Z</time>
    <extensions>
     <gpxtpx:TrackPointExtension>
      <gpxtpx:hr>124</gpxtpx:hr>
     </gpxtpx:TrackPointExtension>
    </extensions>
   </trkpt>
   <trkpt lat="51.5453160" lon="-0.0773250">
    <ele>18.3</ele>
    <time>2024-09-12T17:48:22Z</time>
    <extensions>
     <gpxtpx:TrackPointExtension>
      <gpxtpx:hr>124</gpxtpx:hr>
     </gpxtpx:TrackPointExtension>
    </extensions>
   </trkpt>
   <trkpt lat="51.5453200" lon="-0.0773080">
    <ele>18.3</ele>
    <time>2024-09-12T17:48:23Z</time>
    <extensions>
     <gpxtpx:TrackPointExtension>
      <gpxtpx:hr>124</gpxtpx:hr>
     </gpxtpx:TrackPointExtension>
    </extensions>
   </trkpt>
   <trkpt lat="51.5453460" lon="-0.0772930">
    <ele>18.3</ele>
    <time>2024-09-12T17:48:24Z</time>
    <extensions>
     <gpxtpx:TrackPointExtension>
      <gpxtpx:hr>124</gpxtpx:hr>
     </gpxtpx:TrackPointExtension>
    </extensions>
   </trkpt>
   <trkpt lat="51.5453570" lon="-0.0772910">
    <ele>18.4</ele>
    <time>2024-09-12T17:48:25Z</time>
    <extensions>
     <gpxtpx:TrackPointExtension>
      <gpxtpx:hr>124</gpxtpx:hr>
     </gpxtpx:TrackPointExtension>
    </extensions>
   </trkpt>
   <trkpt lat="51.5454010" lon="-0.0772920">
    <ele>18.4</ele>
    <time>2024-09-12T17:48:26Z</time>
    <extensions>
     <gpxtpx:TrackPointExtension>
      <gpxtpx:hr>125</gpxtpx:hr>
     </gpxtpx:TrackPointExtension>
    </extensions>
   </trkpt>
   <trkpt lat="51.5454190" lon="-0.0772920">
    <ele>18.4</ele>
    <time>2024-09-12T17:48:27Z</time>
    <extensions>
     <gpxtpx:TrackPointExtension>
      <gpxtpx:hr>125</gpxtpx:hr>
     </gpxtpx:TrackPointExtension>
    </extensions>
   </trkpt>
   <trkpt lat="51.5454380" lon="-0.0772920">
    <ele>18.4</ele>
    <time>2024-09-12T17:48:28Z</time>
    <extensions>
     <gpxtpx:TrackPointExtension>
      <gpxtpx:hr>125</gpxtpx:hr>
     </gpxtpx:TrackPointExtension>
    </extensions>
   </trkpt>
   <trkpt lat="51.5454780" lon="-0.0772820">
    <ele>18.4</ele>
    <time>2024-09-12T17:48:29Z</time>
    <extensions>
     <gpxtpx:TrackPointExtension>
      <gpxtpx:hr>125</gpxtpx:hr>
     </gpxtpx:TrackPointExtension>
    </extensions>
   </trkpt>
   <trkpt lat="51.5454920" lon="-0.0772770">
    <ele>18.4</ele>
    <time>2024-09-12T17:48:30Z</time>
    <extensions>
     <gpxtpx:TrackPointExtension>
      <gpxtpx:hr>125</gpxtpx:hr>
     </gpxtpx:TrackPointExtension>
    </extensions>
   </trkpt>
   <trkpt lat="51.5455370" lon="-0.0772620">
    <ele>18.4</ele>
    <time>2024-09-12T17:48:31Z</time>
    <extensions>
     <gpxtpx:TrackPointExtension>
      <gpxtpx:hr>125</gpxtpx:hr>
     </gpxtpx:TrackPointExtension>
    </extensions>
   </trkpt>
   <trkpt lat="51.5455560" lon="-0.0772560">
    <ele>18.4</ele>
    <time>2024-09-12T17:48:32Z</time>
    <extensions>
     <gpxtpx:TrackPointExtension>
      <gpxtpx:hr>125</gpxtpx:hr>
     </gpxtpx:TrackPointExtension>
    </extensions>
   </trkpt>
   <trkpt lat="51.5455740" lon="-0.0772500">
    <ele>18.4</ele>
    <time>2024-09-12T17:48:33Z</time>
    <extensions>
     <gpxtpx:TrackPointExtension>
      <gpxtpx:hr>125</gpxtpx:hr>
     </gpxtpx:TrackPointExtension>
    </extensions>
   </trkpt>
   <trkpt lat="51.5456190" lon="-0.0772350">
    <ele>18.5</ele>
    <time>2024-09-12T17:48:34Z</time>
    <extensions>
     <gpxtpx:TrackPointExtension>
      <gpxtpx:hr>125</gpxtpx:hr>
     </gpxtpx:TrackPointExtension>
    </extensions>
   </trkpt>
   <trkpt lat="51.5456370" lon="-0.0772280">
    <ele>18.5</ele>
    <time>2024-09-12T17:48:35Z</time>
    <extensions>
     <gpxtpx:TrackPointExtension>
      <gpxtpx:hr>125</gpxtpx:hr>
     </gpxtpx:TrackPointExtension>
    </extensions>
   </trkpt>
   <trkpt lat="51.5456550" lon="-0.0772220">
    <ele>18.5</ele>
    <time>2024-09-12T17:48:36Z</time>
    <extensions>
     <gpxtpx:TrackPointExtension>
      <gpxtpx:hr>125</gpxtpx:hr>
     </gpxtpx:TrackPointExtension>
    </extensions>
   </trkpt>
   <trkpt lat="51.5456930" lon="-0.0772040">
    <ele>18.5</ele>
    <time>2024-09-12T17:48:37Z</time>
    <extensions>
     <gpxtpx:TrackPointExtension>
      <gpxtpx:hr>125</gpxtpx:hr>
     </gpxtpx:TrackPointExtension>
    </extensions>
   </trkpt>
   <trkpt lat="51.5457050" lon="-0.0771970">
    <ele>18.5</ele>
    <time>2024-09-12T17:48:38Z</time>
    <extensions>
     <gpxtpx:TrackPointExtension>
      <gpxtpx:hr>125</gpxtpx:hr>
     </gpxtpx:TrackPointExtension>
    </extensions>
   </trkpt>
   <trkpt lat="51.5457430" lon="-0.0771670">
    <ele>18.6</ele>
    <time>2024-09-12T17:48:39Z</time>
    <extensions>
     <gpxtpx:TrackPointExtension>
      <gpxtpx:hr>125</gpxtpx:hr>
     </gpxtpx:TrackPointExtension>
    </extensions>
   </trkpt>
   <trkpt lat="51.5457570" lon="-0.0771530">
    <ele>18.6</ele>
    <time>2024-09-12T17:48:40Z</time>
    <extensions>
     <gpxtpx:TrackPointExtension>
      <gpxtpx:hr>125</gpxtpx:hr>
     </gpxtpx:TrackPointExtension>
    </extensions>
   </trkpt>
   <trkpt lat="51.5457710" lon="-0.0771390">
    <ele>18.6</ele>
    <time>2024-09-12T17:48:41Z</time>
    <extensions>
     <gpxtpx:TrackPointExtension>
      <gpxtpx:hr>125</gpxtpx:hr>
     </gpxtpx:TrackPointExtension>
    </extensions>
   </trkpt>
   <trkpt lat="51.5458000" lon="-0.0771100">
    <ele>18.6</ele>
    <time>2024-09-12T17:48:42Z</time>
    <extensions>
     <gpxtpx:TrackPointExtension>
      <gpxtpx:hr>125</gpxtpx:hr>
     </gpxtpx:TrackPointExtension>
    </extensions>
   </trkpt>
   <trkpt lat="51.5458100" lon="-0.0771020">
    <ele>18.6</ele>
    <time>2024-09-12T17:48:43Z</time>
    <extensions>
     <gpxtpx:TrackPointExtension>
      <gpxtpx:hr>126</gpxtpx:hr>
     </gpxtpx:TrackPointExtension>
    </extensions>
   </trkpt>
   <trkpt lat="51.5458500" lon="-0.0770940">
    <ele>18.6</ele>
    <time>2024-09-12T17:48:44Z</time>
    <extensions>
     <gpxtpx:TrackPointExtension>
      <gpxtpx:hr>126</gpxtpx:hr>
     </gpxtpx:TrackPointExtension>
    </extensions>
   </trkpt>
   <trkpt lat="51.5458660" lon="-0.0770950">
    <ele>18.6</ele>
    <time>2024-09-12T17:48:45Z</time>
    <extensions>
     <gpxtpx:TrackPointExtension>
      <gpxtpx:hr>127</gpxtpx:hr>
     </gpxtpx:TrackPointExtension>
    </extensions>
   </trkpt>
   <trkpt lat="51.5458830" lon="-0.0770950">
    <ele>18.7</ele>
    <time>2024-09-12T17:48:46Z</time>
    <extensions>
     <gpxtpx:TrackPointExtension>
      <gpxtpx:hr>127</gpxtpx:hr>
     </gpxtpx:TrackPointExtension>
    </extensions>
   </trkpt>
   <trkpt lat="51.5459230" lon="-0.0770970">
    <ele>18.7</ele>
    <time>2024-09-12T17:48:47Z</time>
    <extensions>
     <gpxtpx:TrackPointExtension>
      <gpxtpx:hr>127</gpxtpx:hr>
     </gpxtpx:TrackPointExtension>
    </extensions>
   </trkpt>
   <trkpt lat="51.5459360" lon="-0.0770970">
    <ele>18.7</ele>
    <time>2024-09-12T17:48:48Z</time>
    <extensions>
     <gpxtpx:TrackPointExtension>
      <gpxtpx:hr>127</gpxtpx:hr>
     </gpxtpx:TrackPointExtension>
    </extensions>
   </trkpt>
   <trkpt lat="51.5459810" lon="-0.0770940">
    <ele>18.7</ele>
    <time>2024-09-12T17:48:49Z</time>
    <extensions>
     <gpxtpx:TrackPointExtension>
      <gpxtpx:hr>126</gpxtpx:hr>
     </gpxtpx:TrackPointExtension>
    </extensions>
   </trkpt>
   <trkpt lat="51.5459990" lon="-0.0770920">
    <ele>18.7</ele>
    <time>2024-09-12T17:48:50Z</time>
    <extensions>
     <gpxtpx:TrackPointExtension>
      <gpxtpx:hr>126</gpxtpx:hr>
     </gpxtpx:TrackPointExtension>
    </extensions>
   </trkpt>
   <trkpt lat="51.5460180" lon="-0.0770900">
    <ele>18.7</ele>
    <time>2024-09-12T17:48:51Z</time>
    <extensions>
     <gpxtpx:TrackPointExtension>
      <gpxtpx:hr>126</gpxtpx:hr>
     </gpxtpx:TrackPointExtension>
    </extensions>
   </trkpt>
   <trkpt lat="51.5460560" lon="-0.0770810">
    <ele>18.7</ele>
    <time>2024-09-12T17:48:52Z</time>
    <extensions>
     <gpxtpx:TrackPointExtension>
      <gpxtpx:hr>126</gpxtpx:hr>
     </gpxtpx:TrackPointExtension>
    </extensions>
   </trkpt>
   <trkpt lat="51.5460680" lon="-0.0770780">
    <ele>18.7</ele>
    <time>2024-09-12T17:48:53Z</time>
    <extensions>
     <gpxtpx:TrackPointExtension>
      <gpxtpx:hr>126</gpxtpx:hr>
     </gpxtpx:TrackPointExtension>
    </extensions>
   </trkpt>
   <trkpt lat="51.5460960" lon="-0.0770500">
    <ele>18.7</ele>
    <time>2024-09-12T17:48:54Z</time>
    <extensions>
     <gpxtpx:TrackPointExtension>
      <gpxtpx:hr>126</gpxtpx:hr>
     </gpxtpx:TrackPointExtension>
    </extensions>
   </trkpt>
   <trkpt lat="51.5461040" lon="-0.0770340">
    <ele>18.7</ele>
    <time>2024-09-12T17:48:55Z</time>
    <extensions>
     <gpxtpx:TrackPointExtension>
      <gpxtpx:hr>126</gpxtpx:hr>
     </gpxtpx:TrackPointExtension>
    </extensions>
   </trkpt>
   <trkpt lat="51.5461120" lon="-0.0770180">
    <ele>18.8</ele>
    <time>2024-09-12T17:48:56Z</time>
    <extensions>
     <gpxtpx:TrackPointExtension>
      <gpxtpx:hr>124</gpxtpx:hr>
     </gpxtpx:TrackPointExtension>
    </extensions>
   </trkpt>
   <trkpt lat="51.5461210" lon="-0.0769590">
    <ele>18.8</ele>
    <time>2024-09-12T17:48:57Z</time>
    <extensions>
     <gpxtpx:TrackPointExtension>
      <gpxtpx:hr>124</gpxtpx:hr>
     </gpxtpx:TrackPointExtension>
    </extensions>
   </trkpt>
   <trkpt lat="51.5461240" lon="-0.0769340">
    <ele>18.8</ele>
    <time>2024-09-12T17:48:58Z</time>
    <extensions>
     <gpxtpx:TrackPointExtension>
      <gpxtpx:hr>124</gpxtpx:hr>
     </gpxtpx:TrackPointExtension>
    </extensions>
   </trkpt>
   <trkpt lat="51.5461260" lon="-0.0769080">
    <ele>18.8</ele>
    <time>2024-09-12T17:48:59Z</time>
    <extensions>
     <gpxtpx:TrackPointExtension>
      <gpxtpx:hr>124</gpxtpx:hr>
     </gpxtpx:TrackPointExtension>
    </extensions>
   </trkpt>
   <trkpt lat="51.5461290" lon="-0.0768440">
    <ele>18.8</ele>
    <time>2024-09-12T17:49:00Z</time>
    <extensions>
     <gpxtpx:TrackPointExtension>
      <gpxtpx:hr>124</gpxtpx:hr>
     </gpxtpx:TrackPointExtension>
    </extensions>
   </trkpt>
   <trkpt lat="51.5461290" lon="-0.0768220">
    <ele>18.8</ele>
    <time>2024-09-12T17:49:01Z</time>
    <extensions>
     <gpxtpx:TrackPointExtension>
      <gpxtpx:hr>124</gpxtpx:hr>
     </gpxtpx:TrackPointExtension>
    </extensions>
   </trkpt>
   <trkpt lat="51.5461330" lon="-0.0767450">
    <ele>18.8</ele>
    <time>2024-09-12T17:49:02Z</time>
    <extensions>
     <gpxtpx:TrackPointExtension>
      <gpxtpx:hr>124</gpxtpx:hr>
     </gpxtpx:TrackPointExtension>
    </extensions>
   </trkpt>
   <trkpt lat="51.5461360" lon="-0.0767140">
    <ele>18.8</ele>
    <time>2024-09-12T17:49:03Z</time>
    <extensions>
     <gpxtpx:TrackPointExtension>
      <gpxtpx:hr>125</gpxtpx:hr>
     </gpxtpx:TrackPointExtension>
    </extensions>
   </trkpt>
   <trkpt lat="51.5461380" lon="-0.0766830">
    <ele>18.9</ele>
    <time>2024-09-12T17:49:04Z</time>
    <extensions>
     <gpxtpx:TrackPointExtension>
      <gpxtpx:hr>125</gpxtpx:hr>
     </gpxtpx:TrackPointExtension>
    </extensions>
   </trkpt>
   <trkpt lat="51.5461450" lon="-0.0766120">
    <ele>18.9</ele>
    <time>2024-09-12T17:49:05Z</time>
    <extensions>
     <gpxtpx:TrackPointExtension>
      <gpxtpx:hr>125</gpxtpx:hr>
     </gpxtpx:TrackPointExtension>
    </extensions>
   </trkpt>
   <trkpt lat="51.5461480" lon="-0.0765890">
    <ele>18.9</ele>
    <time>2024-09-12T17:49:06Z</time>
    <extensions>
     <gpxtpx:TrackPointExtension>
      <gpxtpx:hr>125</gpxtpx:hr>
     </gpxtpx:TrackPointExtension>
    </extensions>
   </trkpt>
   <trkpt lat="51.5461590" lon="-0.0765160">
    <ele>18.9</ele>
    <time>2024-09-12T17:49:07Z</time>
    <extensions>
     <gpxtpx:TrackPointExtension>
      <gpxtpx:hr>125</gpxtpx:hr>
     </gpxtpx:TrackPointExtension>
    </extensions>
   </trkpt>
   <trkpt lat="51.5461640" lon="-0.0764890">
    <ele>18.9</ele>
    <time>2024-09-12T17:49:08Z</time>
    <extensions>
     <gpxtpx:TrackPointExtension>
      <gpxtpx:hr>125</gpxtpx:hr>
     </gpxtpx:TrackPointExtension>
    </extensions>
   </trkpt>
   <trkpt lat="51.5461680" lon="-0.0764610">
    <ele>18.9</ele>
    <time>2024-09-12T17:49:09Z</time>
    <extensions>
     <gpxtpx:TrackPointExtension>
      <gpxtpx:hr>125</gpxtpx:hr>
     </gpxtpx:TrackPointExtension>
    </extensions>
   </trkpt>
   <trkpt lat="51.5461800" lon="-0.0764080">
    <ele>18.9</ele>
    <time>2024-09-12T17:49:10Z</time>
    <extensions>
     <gpxtpx:TrackPointExtension>
      <gpxtpx:hr>125</gpxtpx:hr>
     </gpxtpx:TrackPointExtension>
    </extensions>
   </trkpt>
   <trkpt lat="51.5461850" lon="-0.0763910">
    <ele>18.9</ele>
    <time>2024-09-12T17:49:11Z</time>
    <extensions>
     <gpxtpx:TrackPointExtension>
      <gpxtpx:hr>125</gpxtpx:hr>
     </gpxtpx:TrackPointExtension>
    </extensions>
   </trkpt>
   <trkpt lat="51.5461950" lon="-0.0763630">
    <ele>18.9</ele>
    <time>2024-09-12T17:49:12Z</time>
    <extensions>
     <gpxtpx:TrackPointExtension>
      <gpxtpx:hr>125</gpxtpx:hr>
     </gpxtpx:TrackPointExtension>
    </extensions>
   </trkpt>
   <trkpt lat="51.5462070" lon="-0.0763400">
    <ele>18.9</ele>
    <time>2024-09-12T17:49:13Z</time>
    <extensions>
     <gpxtpx:TrackPointExtension>
      <gpxtpx:hr>125</gpxtpx:hr>
     </gpxtpx:TrackPointExtension>
    </extensions>
   </trkpt>
   <trkpt lat="51.5462210" lon="-0.0763240">
    <ele>18.9</ele>
    <time>2024-09-12T17:49:14Z</time>
    <extensions>
     <gpxtpx:TrackPointExtension>
      <gpxtpx:hr>125</gpxtpx:hr>
     </gpxtpx:TrackPointExtension>
    </extensions>
   </trkpt>
   <trkpt lat="51.5462540" lon="-0.0763160">
    <ele>18.9</ele>
    <time>2024-09-12T17:49:15Z</time>
    <extensions>
     <gpxtpx:TrackPointExtension>
      <gpxtpx:hr>125</gpxtpx:hr>
     </gpxtpx:TrackPointExtension>
    </extensions>
   </trkpt>
   <trkpt lat="51.5462660" lon="-0.0763160">
    <ele>18.9</ele>
    <time>2024-09-12T17:49:16Z</time>
    <extensions>
     <gpxtpx:TrackPointExtension>
      <gpxtpx:hr>125</gpxtpx:hr>
     </gpxtpx:TrackPointExtension>
    </extensions>
   </trkpt>
   <trkpt lat="51.5463180" lon="-0.0763290">
    <ele>18.9</ele>
    <time>2024-09-12T17:49:17Z</time>
    <extensions>
     <gpxtpx:TrackPointExtension>
      <gpxtpx:hr>125</gpxtpx:hr>
     </gpxtpx:TrackPointExtension>
    </extensions>
   </trkpt>
   <trkpt lat="51.5463410" lon="-0.0763360">
    <ele>18.9</ele>
    <time>2024-09-12T17:49:18Z</time>
    <extensions>
     <gpxtpx:TrackPointExtension>
      <gpxtpx:hr>124</gpxtpx:hr>
     </gpxtpx:TrackPointExtension>
    </extensions>
   </trkpt>
   <trkpt lat="51.5463630" lon="-0.0763430">
    <ele>18.9</ele>
    <time>2024-09-12T17:49:19Z</time>
    <extensions>
     <gpxtpx:TrackPointExtension>
      <gpxtpx:hr>124</gpxtpx:hr>
     </gpxtpx:TrackPointExtension>
    </extensions>
   </trkpt>
   <trkpt lat="51.5464220" lon="-0.0763560">
    <ele>18.9</ele>
    <time>2024-09-12T17:49:20Z</time>
    <extensions>
     <gpxtpx:TrackPointExtension>
      <gpxtpx:hr>124</gpxtpx:hr>
     </gpxtpx:TrackPointExtension>
    </extensions>
   </trkpt>
   <trkpt lat="51.5464460" lon="-0.0763610">
    <ele>18.9</ele>
    <time>2024-09-12T17:49:21Z</time>
    <extensions>
     <gpxtpx:TrackPointExtension>
      <gpxtpx:hr>124</gpxtpx:hr>
     </gpxtpx:TrackPointExtension>
    </extensions>
   </trkpt>
   <trkpt lat="51.5464690" lon="-0.0763660">
    <ele>18.9</ele>
    <time>2024-09-12T17:49:22Z</time>
    <extensions>
     <gpxtpx:TrackPointExtension>
      <gpxtpx:hr>124</gpxtpx:hr>
     </gpxtpx:TrackPointExtension>
    </extensions>
   </trkpt>
   <trkpt lat="51.5465210" lon="-0.0763750">
    <ele>18.9</ele>
    <time>2024-09-12T17:49:23Z</time>
    <extensions>
     <gpxtpx:TrackPointExtension>
      <gpxtpx:hr>124</gpxtpx:hr>
     </gpxtpx:TrackPointExtension>
    </extensions>
   </trkpt>
   <trkpt lat="51.5465390" lon="-0.0763780">
    <ele>18.9</ele>
    <time>2024-09-12T17:49:24Z</time>
    <extensions>
     <gpxtpx:TrackPointExtension>
      <gpxtpx:hr>124</gpxtpx:hr>
     </gpxtpx:TrackPointExtension>
    </extensions>
   </trkpt>
   <trkpt lat="51.5465940" lon="-0.0763880">
    <ele>18.9</ele>
    <time>2024-09-12T17:49:25Z</time>
    <extensions>
     <gpxtpx:TrackPointExtension>
      <gpxtpx:hr>124</gpxtpx:hr>
     </gpxtpx:TrackPointExtension>
    </extensions>
   </trkpt>
   <trkpt lat="51.5466160" lon="-0.0763920">
    <ele>19.0</ele>
    <time>2024-09-12T17:49:26Z</time>
    <extensions>
     <gpxtpx:TrackPointExtension>
      <gpxtpx:hr>124</gpxtpx:hr>
     </gpxtpx:TrackPointExtension>
    </extensions>
   </trkpt>
   <trkpt lat="51.5466380" lon="-0.0763960">
    <ele>19.0</ele>
    <time>2024-09-12T17:49:27Z</time>
    <extensions>
     <gpxtpx:TrackPointExtension>
      <gpxtpx:hr>124</gpxtpx:hr>
     </gpxtpx:TrackPointExtension>
    </extensions>
   </trkpt>
   <trkpt lat="51.5466870" lon="-0.0764040">
    <ele>19.0</ele>
    <time>2024-09-12T17:49:28Z</time>
    <extensions>
     <gpxtpx:TrackPointExtension>
      <gpxtpx:hr>126</gpxtpx:hr>
     </gpxtpx:TrackPointExtension>
    </extensions>
   </trkpt>
   <trkpt lat="51.5467030" lon="-0.0764070">
    <ele>19.0</ele>
    <time>2024-09-12T17:49:29Z</time>
    <extensions>
     <gpxtpx:TrackPointExtension>
      <gpxtpx:hr>126</gpxtpx:hr>
     </gpxtpx:TrackPointExtension>
    </extensions>
   </trkpt>
   <trkpt lat="51.5467560" lon="-0.0764150">
    <ele>19.1</ele>
    <time>2024-09-12T17:49:30Z</time>
    <extensions>
     <gpxtpx:TrackPointExtension>
      <gpxtpx:hr>126</gpxtpx:hr>
     </gpxtpx:TrackPointExtension>
    </extensions>
   </trkpt>
   <trkpt lat="51.5467760" lon="-0.0764180">
    <ele>19.1</ele>
    <time>2024-09-12T17:49:31Z</time>
    <extensions>
     <gpxtpx:TrackPointExtension>
      <gpxtpx:hr>126</gpxtpx:hr>
     </gpxtpx:TrackPointExtension>
    </extensions>
   </trkpt>
   <trkpt lat="51.5467970" lon="-0.0764210">
    <ele>19.1</ele>
    <time>2024-09-12T17:49:32Z</time>
    <extensions>
     <gpxtpx:TrackPointExtension>
      <gpxtpx:hr>126</gpxtpx:hr>
     </gpxtpx:TrackPointExtension>
    </extensions>
   </trkpt>
   <trkpt lat="51.5468420" lon="-0.0764270">
    <ele>19.1</ele>
    <time>2024-09-12T17:49:33Z</time>
    <extensions>
     <gpxtpx:TrackPointExtension>
      <gpxtpx:hr>126</gpxtpx:hr>
     </gpxtpx:TrackPointExtension>
    </extensions>
   </trkpt>
   <trkpt lat="51.5468570" lon="-0.0764290">
    <ele>19.1</ele>
    <time>2024-09-12T17:49:34Z</time>
    <extensions>
     <gpxtpx:TrackPointExtension>
      <gpxtpx:hr>125</gpxtpx:hr>
     </gpxtpx:TrackPointExtension>
    </extensions>
   </trkpt>
   <trkpt lat="51.5469060" lon="-0.0764350">
    <ele>19.2</ele>
    <time>2024-09-12T17:49:35Z</time>
    <extensions>
     <gpxtpx:TrackPointExtension>
      <gpxtpx:hr>125</gpxtpx:hr>
     </gpxtpx:TrackPointExtension>
    </extensions>
   </trkpt>
   <trkpt lat="51.5469260" lon="-0.0764370">
    <ele>19.2</ele>
    <time>2024-09-12T17:49:36Z</time>
    <extensions>
     <gpxtpx:TrackPointExtension>
      <gpxtpx:hr>125</gpxtpx:hr>
     </gpxtpx:TrackPointExtension>
    </extensions>
   </trkpt>
   <trkpt lat="51.5469450" lon="-0.0764390">
    <ele>19.2</ele>
    <time>2024-09-12T17:49:37Z</time>
    <extensions>
     <gpxtpx:TrackPointExtension>
      <gpxtpx:hr>125</gpxtpx:hr>
     </gpxtpx:TrackPointExtension>
    </extensions>
   </trkpt>
   <trkpt lat="51.5469890" lon="-0.0764430">
    <ele>19.3</ele>
    <time>2024-09-12T17:49:38Z</time>
    <extensions>
     <gpxtpx:TrackPointExtension>
      <gpxtpx:hr>125</gpxtpx:hr>
     </gpxtpx:TrackPointExtension>
    </extensions>
   </trkpt>
   <trkpt lat="51.5470030" lon="-0.0764450">
    <ele>19.3</ele>
    <time>2024-09-12T17:49:39Z</time>
    <extensions>
     <gpxtpx:TrackPointExtension>
      <gpxtpx:hr>125</gpxtpx:hr>
     </gpxtpx:TrackPointExtension>
    </extensions>
   </trkpt>
   <trkpt lat="51.5470510" lon="-0.0764490">
    <ele>19.4</ele>
    <time>2024-09-12T17:49:40Z</time>
    <extensions>
     <gpxtpx:TrackPointExtension>
      <gpxtpx:hr>125</gpxtpx:hr>
     </gpxtpx:TrackPointExtension>
    </extensions>
   </trkpt>
   <trkpt lat="51.5470700" lon="-0.0764510">
    <ele>19.4</ele>
    <time>2024-09-12T17:49:41Z</time>
    <extensions>
     <gpxtpx:TrackPointExtension>
      <gpxtpx:hr>125</gpxtpx:hr>
     </gpxtpx:TrackPointExtension>
    </extensions>
   </trkpt>
   <trkpt lat="51.5470890" lon="-0.0764520">
    <ele>19.4</ele>
    <time>2024-09-12T17:49:42Z</time>
    <extensions>
     <gpxtpx:TrackPointExtension>
      <gpxtpx:hr>125</gpxtpx:hr>
     </gpxtpx:TrackPointExtension>
    </extensions>
   </trkpt>
   <trkpt lat="51.5471310" lon="-0.0764550">
    <ele>19.4</ele>
    <time>2024-09-12T17:49:43Z</time>
    <extensions>
     <gpxtpx:TrackPointExtension>
      <gpxtpx:hr>125</gpxtpx:hr>
     </gpxtpx:TrackPointExtension>
    </extensions>
   </trkpt>
   <trkpt lat="51.5471450" lon="-0.0764570">
    <ele>19.4</ele>
    <time>2024-09-12T17:49:44Z</time>
    <extensions>
     <gpxtpx:TrackPointExtension>
      <gpxtpx:hr>125</gpxtpx:hr>
     </gpxtpx:TrackPointExtension>
    </extensions>
   </trkpt>
   <trkpt lat="51.5471910" lon="-0.0764610">
    <ele>19.5</ele>
    <time>2024-09-12T17:49:45Z</time>
    <extensions>
     <gpxtpx:TrackPointExtension>
      <gpxtpx:hr>125</gpxtpx:hr>
     </gpxtpx:TrackPointExtension>
    </extensions>
   </trkpt>
   <trkpt lat="51.5472100" lon="-0.0764620">
    <ele>19.5</ele>
    <time>2024-09-12T17:49:46Z</time>
    <extensions>
     <gpxtpx:TrackPointExtension>
      <gpxtpx:hr>125</gpxtpx:hr>
     </gpxtpx:TrackPointExtension>
    </extensions>
   </trkpt>
   <trkpt lat="51.5472290" lon="-0.0764640">
    <ele>19.5</ele>
    <time>2024-09-12T17:49:47Z</time>
    <extensions>
     <gpxtpx:TrackPointExtension>
      <gpxtpx:hr>125</gpxtpx:hr>
     </gpxtpx:TrackPointExtension>
    </extensions>
   </trkpt>
   <trkpt lat="51.5472770" lon="-0.0764710">
    <ele>19.5</ele>
    <time>2024-09-12T17:49:48Z</time>
    <extensions>
     <gpxtpx:TrackPointExtension>
      <gpxtpx:hr>125</gpxtpx:hr>
     </gpxtpx:TrackPointExtension>
    </extensions>
   </trkpt>
   <trkpt lat="51.5472960" lon="-0.0764740">
    <ele>19.5</ele>
    <time>2024-09-12T17:49:49Z</time>
    <extensions>
     <gpxtpx:TrackPointExtension>
      <gpxtpx:hr>125</gpxtpx:hr>
     </gpxtpx:TrackPointExtension>
    </extensions>
   </trkpt>
   <trkpt lat="51.5473150" lon="-0.0764780">
    <ele>19.5</ele>
    <time>2024-09-12T17:49:50Z</time>
    <extensions>
     <gpxtpx:TrackPointExtension>
      <gpxtpx:hr>125</gpxtpx:hr>
     </gpxtpx:TrackPointExtension>
    </extensions>
   </trkpt>
   <trkpt lat="51.5473570" lon="-0.0764870">
    <ele>19.5</ele>
    <time>2024-09-12T17:49:51Z</time>
    <extensions>
     <gpxtpx:TrackPointExtension>
      <gpxtpx:hr>125</gpxtpx:hr>
     </gpxtpx:TrackPointExtension>
    </extensions>
   </trkpt>
   <trkpt lat="51.5473710" lon="-0.0764900">
    <ele>19.5</ele>
    <time>2024-09-12T17:49:52Z</time>
    <extensions>
     <gpxtpx:TrackPointExtension>
      <gpxtpx:hr>125</gpxtpx:hr>
     </gpxtpx:TrackPointExtension>
    </extensions>
   </trkpt>
   <trkpt lat="51.5474180" lon="-0.0765010">
    <ele>19.5</ele>
    <time>2024-09-12T17:49:53Z</time>
    <extensions>
     <gpxtpx:TrackPointExtension>
      <gpxtpx:hr>125</gpxtpx:hr>
     </gpxtpx:TrackPointExtension>
    </extensions>
   </trkpt>
   <trkpt lat="51.5474380" lon="-0.0765060">
    <ele>19.5</ele>
    <time>2024-09-12T17:49:54Z</time>
    <extensions>
     <gpxtpx:TrackPointExtension>
      <gpxtpx:hr>125</gpxtpx:hr>
     </gpxtpx:TrackPointExtension>
    </extensions>
   </trkpt>
   <trkpt lat="51.5474570" lon="-0.0765100">
    <ele>19.6</ele>
    <time>2024-09-12T17:49:55Z</time>
    <extensions>
     <gpxtpx:TrackPointExtension>
      <gpxtpx:hr>125</gpxtpx:hr>
     </gpxtpx:TrackPointExtension>
    </extensions>
   </trkpt>
   <trkpt lat="51.5475000" lon="-0.0765220">
    <ele>19.6</ele>
    <time>2024-09-12T17:49:56Z</time>
    <extensions>
     <gpxtpx:TrackPointExtension>
      <gpxtpx:hr>126</gpxtpx:hr>
     </gpxtpx:TrackPointExtension>
    </extensions>
   </trkpt>
   <trkpt lat="51.5475150" lon="-0.0765270">
    <ele>19.6</ele>
    <time>2024-09-12T17:49:57Z</time>
    <extensions>
     <gpxtpx:TrackPointExtension>
      <gpxtpx:hr>126</gpxtpx:hr>
     </gpxtpx:TrackPointExtension>
    </extensions>
   </trkpt>
   <trkpt lat="51.5475630" lon="-0.0765420">
    <ele>19.6</ele>
    <time>2024-09-12T17:49:58Z</time>
    <extensions>
     <gpxtpx:TrackPointExtension>
      <gpxtpx:hr>126</gpxtpx:hr>
     </gpxtpx:TrackPointExtension>
    </extensions>
   </trkpt>
   <trkpt lat="51.5475820" lon="-0.0765490">
    <ele>19.7</ele>
    <time>2024-09-12T17:49:59Z</time>
    <extensions>
     <gpxtpx:TrackPointExtension>
      <gpxtpx:hr>126</gpxtpx:hr>
     </gpxtpx:TrackPointExtension>
    </extensions>
   </trkpt>
   <trkpt lat="51.5476010" lon="-0.0765550">
    <ele>19.7</ele>
    <time>2024-09-12T17:50:00Z</time>
    <extensions>
     <gpxtpx:TrackPointExtension>
      <gpxtpx:hr>126</gpxtpx:hr>
     </gpxtpx:TrackPointExtension>
    </extensions>
   </trkpt>
   <trkpt lat="51.5476440" lon="-0.0765700">
    <ele>19.7</ele>
    <time>2024-09-12T17:50:01Z</time>
    <extensions>
     <gpxtpx:TrackPointExtension>
      <gpxtpx:hr>126</gpxtpx:hr>
     </gpxtpx:TrackPointExtension>
    </extensions>
   </trkpt>
   <trkpt lat="51.5476580" lon="-0.0765750">
    <ele>19.7</ele>
    <time>2024-09-12T17:50:02Z</time>
    <extensions>
     <gpxtpx:TrackPointExtension>
      <gpxtpx:hr>126</gpxtpx:hr>
     </gpxtpx:TrackPointExtension>
    </extensions>
   </trkpt>
   <trkpt lat="51.5477040" lon="-0.0765920">
    <ele>19.7</ele>
    <time>2024-09-12T17:50:03Z</time>
    <extensions>
     <gpxtpx:TrackPointExtension>
      <gpxtpx:hr>126</gpxtpx:hr>
     </gpxtpx:TrackPointExtension>
    </extensions>
   </trkpt>
   <trkpt lat="51.5477220" lon="-0.0765990">
    <ele>19.7</ele>
    <time>2024-09-12T17:50:04Z</time>
    <extensions>
     <gpxtpx:TrackPointExtension>
      <gpxtpx:hr>127</gpxtpx:hr>
     </gpxtpx:TrackPointExtension>
    </extensions>
   </trkpt>
   <trkpt lat="51.5477400" lon="-0.0766050">
    <ele>19.8</ele>
    <time>2024-09-12T17:50:05Z</time>
    <extensions>
     <gpxtpx:TrackPointExtension>
      <gpxtpx:hr>127</gpxtpx:hr>
     </gpxtpx:TrackPointExtension>
    </extensions>
   </trkpt>
   <trkpt lat="51.5477790" lon="-0.0766200">
    <ele>19.8</ele>
    <time>2024-09-12T17:50:06Z</time>
    <extensions>
     <gpxtpx:TrackPointExtension>
      <gpxtpx:hr>127</gpxtpx:hr>
     </gpxtpx:TrackPointExtension>
    </extensions>
   </trkpt>
   <trkpt lat="51.5477920" lon="-0.0766240">
    <ele>19.8</ele>
    <time>2024-09-12T17:50:07Z</time>
    <extensions>
     <gpxtpx:TrackPointExtension>
      <gpxtpx:hr>127</gpxtpx:hr>
     </gpxtpx:TrackPointExtension>
    </extensions>
   </trkpt>
   <trkpt lat="51.5478360" lon="-0.0766390">
    <ele>19.8</ele>
    <time>2024-09-12T17:50:08Z</time>
    <extensions>
     <gpxtpx:TrackPointExtension>
      <gpxtpx:hr>127</gpxtpx:hr>
     </gpxtpx:TrackPointExtension>
    </extensions>
   </trkpt>
   <trkpt lat="51.5478530" lon="-0.0766450">
    <ele>19.8</ele>
    <time>2024-09-12T17:50:09Z</time>
    <extensions>
     <gpxtpx:TrackPointExtension>
      <gpxtpx:hr>127</gpxtpx:hr>
     </gpxtpx:TrackPointExtension>
    </extensions>
   </trkpt>
   <trkpt lat="51.5478710" lon="-0.0766510">
    <ele>19.8</ele>
    <time>2024-09-12T17:50:10Z</time>
    <extensions>
     <gpxtpx:TrackPointExtension>
      <gpxtpx:hr>127</gpxtpx:hr>
     </gpxtpx:TrackPointExtension>
    </extensions>
   </trkpt>
   <trkpt lat="51.5479150" lon="-0.0766640">
    <ele>19.9</ele>
    <time>2024-09-12T17:50:11Z</time>
    <extensions>
     <gpxtpx:TrackPointExtension>
      <gpxtpx:hr>127</gpxtpx:hr>
     </gpxtpx:TrackPointExtension>
    </extensions>
   </trkpt>
   <trkpt lat="51.5479330" lon="-0.0766700">
    <ele>19.9</ele>
    <time>2024-09-12T17:50:12Z</time>
    <extensions>
     <gpxtpx:TrackPointExtension>
      <gpxtpx:hr>127</gpxtpx:hr>
     </gpxtpx:TrackPointExtension>
    </extensions>
   </trkpt>
   <trkpt lat="51.5479500" lon="-0.0766750">
    <ele>19.9</ele>
    <time>2024-09-12T17:50:13Z</time>
    <extensions>
     <gpxtpx:TrackPointExtension>
      <gpxtpx:hr>127</gpxtpx:hr>
     </gpxtpx:TrackPointExtension>
    </extensions>
   </trkpt>
   <trkpt lat="51.5479900" lon="-0.0766870">
    <ele>19.9</ele>
    <time>2024-09-12T17:50:14Z</time>
    <extensions>
     <gpxtpx:TrackPointExtension>
      <gpxtpx:hr>127</gpxtpx:hr>
     </gpxtpx:TrackPointExtension>
    </extensions>
   </trkpt>
   <trkpt lat="51.5480040" lon="-0.0766910">
    <ele>19.9</ele>
    <time>2024-09-12T17:50:15Z</time>
    <extensions>
     <gpxtpx:TrackPointExtension>
      <gpxtpx:hr>127</gpxtpx:hr>
     </gpxtpx:TrackPointExtension>
    </extensions>
   </trkpt>
   <trkpt lat="51.5480490" lon="-0.0767060">
    <ele>19.9</ele>
    <time>2024-09-12T17:50:16Z</time>
    <extensions>
     <gpxtpx:TrackPointExtension>
      <gpxtpx:hr>127</gpxtpx:hr>
     </gpxtpx:TrackPointExtension>
    </extensions>
   </trkpt>
   <trkpt lat="51.5480680" lon="-0.0767120">
    <ele>19.9</ele>
    <time>2024-09-12T17:50:17Z</time>
    <extensions>
     <gpxtpx:TrackPointExtension>
      <gpxtpx:hr>127</gpxtpx:hr>
     </gpxtpx:TrackPointExtension>
    </extensions>
   </trkpt>
   <trkpt lat="51.5480860" lon="-0.0767180">
    <ele>19.9</ele>
    <time>2024-09-12T17:50:18Z</time>
    <extensions>
     <gpxtpx:TrackPointExtension>
      <gpxtpx:hr>127</gpxtpx:hr>
     </gpxtpx:TrackPointExtension>
    </extensions>
   </trkpt>
   <trkpt lat="51.5481260" lon="-0.0767350">
    <ele>19.9</ele>
    <time>2024-09-12T17:50:19Z</time>
    <extensions>
     <gpxtpx:TrackPointExtension>
      <gpxtpx:hr>127</gpxtpx:hr>
     </gpxtpx:TrackPointExtension>
    </extensions>
   </trkpt>
   <trkpt lat="51.5481390" lon="-0.0767400">
    <ele>19.9</ele>
    <time>2024-09-12T17:50:20Z</time>
    <extensions>
     <gpxtpx:TrackPointExtension>
      <gpxtpx:hr>127</gpxtpx:hr>
     </gpxtpx:TrackPointExtension>
    </extensions>
   </trkpt>
   <trkpt lat="51.5481830" lon="-0.0767610">
    <ele>19.9</ele>
    <time>2024-09-12T17:50:21Z</time>
    <extensions>
     <gpxtpx:TrackPointExtension>
      <gpxtpx:hr>127</gpxtpx:hr>
     </gpxtpx:TrackPointExtension>
    </extensions>
   </trkpt>
   <trkpt lat="51.5482000" lon="-0.0767700">
    <ele>19.9</ele>
    <time>2024-09-12T17:50:22Z</time>
    <extensions>
     <gpxtpx:TrackPointExtension>
      <gpxtpx:hr>129</gpxtpx:hr>
     </gpxtpx:TrackPointExtension>
    </extensions>
   </trkpt>
   <trkpt lat="51.5482170" lon="-0.0767790">
    <ele>19.9</ele>
    <time>2024-09-12T17:50:23Z</time>
    <extensions>
     <gpxtpx:TrackPointExtension>
      <gpxtpx:hr>129</gpxtpx:hr>
     </gpxtpx:TrackPointExtension>
    </extensions>
   </trkpt>
   <trkpt lat="51.5482560" lon="-0.0768000">
    <ele>19.9</ele>
    <time>2024-09-12T17:50:24Z</time>
    <extensions>
     <gpxtpx:TrackPointExtension>
      <gpxtpx:hr>130</gpxtpx:hr>
     </gpxtpx:TrackPointExtension>
    </extensions>
   </trkpt>
   <trkpt lat="51.5482690" lon="-0.0768080">
    <ele>19.9</ele>
    <time>2024-09-12T17:50:25Z</time>
    <extensions>
     <gpxtpx:TrackPointExtension>
      <gpxtpx:hr>130</gpxtpx:hr>
     </gpxtpx:TrackPointExtension>
    </extensions>
   </trkpt>
   <trkpt lat="51.5483110" lon="-0.0768330">
    <ele>19.9</ele>
    <time>2024-09-12T17:50:26Z</time>
    <extensions>
     <gpxtpx:TrackPointExtension>
      <gpxtpx:hr>130</gpxtpx:hr>
     </gpxtpx:TrackPointExtension>
    </extensions>
   </trkpt>
   <trkpt lat="51.5483270" lon="-0.0768430">
    <ele>19.9</ele>
    <time>2024-09-12T17:50:27Z</time>
    <extensions>
     <gpxtpx:TrackPointExtension>
      <gpxtpx:hr>130</gpxtpx:hr>
     </gpxtpx:TrackPointExtension>
    </extensions>
   </trkpt>
   <trkpt lat="51.5483440" lon="-0.0768530">
    <ele>19.8</ele>
    <time>2024-09-12T17:50:28Z</time>
    <extensions>
     <gpxtpx:TrackPointExtension>
      <gpxtpx:hr>130</gpxtpx:hr>
     </gpxtpx:TrackPointExtension>
    </extensions>
   </trkpt>
   <trkpt lat="51.5483820" lon="-0.0768780">
    <ele>19.8</ele>
    <time>2024-09-12T17:50:29Z</time>
    <extensions>
     <gpxtpx:TrackPointExtension>
      <gpxtpx:hr>130</gpxtpx:hr>
     </gpxtpx:TrackPointExtension>
    </extensions>
   </trkpt>
   <trkpt lat="51.5483950" lon="-0.0768870">
    <ele>19.8</ele>
    <time>2024-09-12T17:50:30Z</time>
    <extensions>
     <gpxtpx:TrackPointExtension>
      <gpxtpx:hr>130</gpxtpx:hr>
     </gpxtpx:TrackPointExtension>
    </extensions>
   </trkpt>
   <trkpt lat="51.5484390" lon="-0.0769210">
    <ele>19.7</ele>
    <time>2024-09-12T17:50:31Z</time>
    <extensions>
     <gpxtpx:TrackPointExtension>
      <gpxtpx:hr>130</gpxtpx:hr>
     </gpxtpx:TrackPointExtension>
    </extensions>
   </trkpt>
   <trkpt lat="51.5484570" lon="-0.0769350">
    <ele>19.7</ele>
    <time>2024-09-12T17:50:32Z</time>
    <extensions>
     <gpxtpx:TrackPointExtension>
      <gpxtpx:hr>130</gpxtpx:hr>
     </gpxtpx:TrackPointExtension>
    </extensions>
   </trkpt>
   <trkpt lat="51.5484750" lon="-0.0769500">
    <ele>19.7</ele>
    <time>2024-09-12T17:50:33Z</time>
    <extensions>
     <gpxtpx:TrackPointExtension>
      <gpxtpx:hr>130</gpxtpx:hr>
     </gpxtpx:TrackPointExtension>
    </extensions>
   </trkpt>
   <trkpt lat="51.5485140" lon="-0.0769880">
    <ele>19.6</ele>
    <time>2024-09-12T17:50:34Z</time>
    <extensions>
     <gpxtpx:TrackPointExtension>
      <gpxtpx:hr>130</gpxtpx:hr>
     </gpxtpx:TrackPointExtension>
    </extensions>
   </trkpt>
   <trkpt lat="51.5485290" lon="-0.0770040">
    <ele>19.6</ele>
    <time>2024-09-12T17:50:35Z</time>
    <extensions>
     <gpxtpx:TrackPointExtension>
      <gpxtpx:hr>130</gpxtpx:hr>
     </gpxtpx:TrackPointExtension>
    </extensions>
   </trkpt>
   <trkpt lat="51.5485440" lon="-0.0770200">
    <ele>19.6</ele>
    <time>2024-09-12T17:50:36Z</time>
    <extensions>
     <gpxtpx:TrackPointExtension>
      <gpxtpx:hr>130</gpxtpx:hr>
     </gpxtpx:TrackPointExtension>
    </extensions>
   </trkpt>
   <trkpt lat="51.5485750" lon="-0.0770560">
    <ele>19.6</ele>
    <time>2024-09-12T17:50:37Z</time>
    <extensions>
     <gpxtpx:TrackPointExtension>
      <gpxtpx:hr>130</gpxtpx:hr>
     </gpxtpx:TrackPointExtension>
    </extensions>
   </trkpt>
   <trkpt lat="51.5485860" lon="-0.0770690">
    <ele>19.6</ele>
    <time>2024-09-12T17:50:38Z</time>
    <extensions>
     <gpxtpx:TrackPointExtension>
      <gpxtpx:hr>131</gpxtpx:hr>
     </gpxtpx:TrackPointExtension>
    </extensions>
   </trkpt>
   <trkpt lat="51.5486230" lon="-0.0771080">
    <ele>19.5</ele>
    <time>2024-09-12T17:50:39Z</time>
    <extensions>
     <gpxtpx:TrackPointExtension>
      <gpxtpx:hr>131</gpxtpx:hr>
     </gpxtpx:TrackPointExtension>
    </extensions>
   </trkpt>
   <trkpt lat="51.5486380" lon="-0.0771240">
    <ele>19.5</ele>
    <time>2024-09-12T17:50:40Z</time>
    <extensions>
     <gpxtpx:TrackPointExtension>
      <gpxtpx:hr>131</gpxtpx:hr>
     </gpxtpx:TrackPointExtension>
    </extensions>
   </trkpt>
   <trkpt lat="51.5486530" lon="-0.0771400">
    <ele>19.5</ele>
    <time>2024-09-12T17:50:41Z</time>
    <extensions>
     <gpxtpx:TrackPointExtension>
      <gpxtpx:hr>131</gpxtpx:hr>
     </gpxtpx:TrackPointExtension>
    </extensions>
   </trkpt>
   <trkpt lat="51.5486880" lon="-0.0771750">
    <ele>19.5</ele>
    <time>2024-09-12T17:50:42Z</time>
    <extensions>
     <gpxtpx:TrackPointExtension>
      <gpxtpx:hr>132</gpxtpx:hr>
     </gpxtpx:TrackPointExtension>
    </extensions>
   </trkpt>
   <trkpt lat="51.5487000" lon="-0.0771870">
    <ele>19.5</ele>
    <time>2024-09-12T17:50:43Z</time>
    <extensions>
     <gpxtpx:TrackPointExtension>
      <gpxtpx:hr>132</gpxtpx:hr>
     </gpxtpx:TrackPointExtension>
    </extensions>
   </trkpt>
   <trkpt lat="51.5487420" lon="-0.0772220">
    <ele>19.5</ele>
    <time>2024-09-12T17:50:44Z</time>
    <extensions>
     <gpxtpx:TrackPointExtension>
      <gpxtpx:hr>132</gpxtpx:hr>
     </gpxtpx:TrackPointExtension>
    </extensions>
   </trkpt>
   <trkpt lat="51.5487590" lon="-0.0772340">
    <ele>19.5</ele>
    <time>2024-09-12T17:50:45Z</time>
    <extensions>
     <gpxtpx:TrackPointExtension>
      <gpxtpx:hr>132</gpxtpx:hr>
     </gpxtpx:TrackPointExtension>
    </extensions>
   </trkpt>
   <trkpt lat="51.5487750" lon="-0.0772460">
    <ele>19.5</ele>
    <time>2024-09-12T17:50:46Z</time>
    <extensions>
     <gpxtpx:TrackPointExtension>
      <gpxtpx:hr>132</gpxtpx:hr>
     </gpxtpx:TrackPointExtension>
    </extensions>
   </trkpt>
   <trkpt lat="51.5488120" lon="-0.0772660">
    <ele>19.5</ele>
    <time>2024-09-12T17:50:47Z</time>
    <extensions>
     <gpxtpx:TrackPointExtension>
      <gpxtpx:hr>132</gpxtpx:hr>
     </gpxtpx:TrackPointExtension>
    </extensions>
   </trkpt>
   <trkpt lat="51.5488240" lon="-0.0772720">
    <ele>19.5</ele>
    <time>2024-09-12T17:50:48Z</time>
    <extensions>
     <gpxtpx:TrackPointExtension>
      <gpxtpx:hr>133</gpxtpx:hr>
     </gpxtpx:TrackPointExtension>
    </extensions>
   </trkpt>
   <trkpt lat="51.5488660" lon="-0.0772920">
    <ele>19.5</ele>
    <time>2024-09-12T17:50:49Z</time>
    <extensions>
     <gpxtpx:TrackPointExtension>
      <gpxtpx:hr>132</gpxtpx:hr>
     </gpxtpx:TrackPointExtension>
    </extensions>
   </trkpt>
   <trkpt lat="51.5488830" lon="-0.0773020">
    <ele>19.5</ele>
    <time>2024-09-12T17:50:50Z</time>
    <extensions>
     <gpxtpx:TrackPointExtension>
      <gpxtpx:hr>132</gpxtpx:hr>
     </gpxtpx:TrackPointExtension>
    </extensions>
   </trkpt>
   <trkpt lat="51.5489000" lon="-0.0773110">
    <ele>19.5</ele>
    <time>2024-09-12T17:50:51Z</time>
    <extensions>
     <gpxtpx:TrackPointExtension>
      <gpxtpx:hr>132</gpxtpx:hr>
     </gpxtpx:TrackPointExtension>
    </extensions>
   </trkpt>
   <trkpt lat="51.5489370" lon="-0.0773400">
    <ele>19.6</ele>
    <time>2024-09-12T17:50:52Z</time>
    <extensions>
     <gpxtpx:TrackPointExtension>
      <gpxtpx:hr>132</gpxtpx:hr>
     </gpxtpx:TrackPointExtension>
    </extensions>
   </trkpt>
   <trkpt lat="51.5489490" lon="-0.0773500">
    <ele>19.6</ele>
    <time>2024-09-12T17:50:53Z</time>
    <extensions>
     <gpxtpx:TrackPointExtension>
      <gpxtpx:hr>132</gpxtpx:hr>
     </gpxtpx:TrackPointExtension>
    </extensions>
   </trkpt>
   <trkpt lat="51.5489880" lon="-0.0773850">
    <ele>19.6</ele>
    <time>2024-09-12T17:50:54Z</time>
    <extensions>
     <gpxtpx:TrackPointExtension>
      <gpxtpx:hr>132</gpxtpx:hr>
     </gpxtpx:TrackPointExtension>
    </extensions>
   </trkpt>
   <trkpt lat="51.5490040" lon="-0.0773990">
    <ele>19.6</ele>
    <time>2024-09-12T17:50:55Z</time>
    <extensions>
     <gpxtpx:TrackPointExtension>
      <gpxtpx:hr>132</gpxtpx:hr>
     </gpxtpx:TrackPointExtension>
    </extensions>
   </trkpt>
   <trkpt lat="51.5490200" lon="-0.0774130">
    <ele>19.6</ele>
    <time>2024-09-12T17:50:56Z</time>
    <extensions>
     <gpxtpx:TrackPointExtension>
      <gpxtpx:hr>130</gpxtpx:hr>
     </gpxtpx:TrackPointExtension>
    </extensions>
   </trkpt>
   <trkpt lat="51.5490590" lon="-0.0774470">
    <ele>19.6</ele>
    <time>2024-09-12T17:50:57Z</time>
    <extensions>
     <gpxtpx:TrackPointExtension>
      <gpxtpx:hr>130</gpxtpx:hr>
     </gpxtpx:TrackPointExtension>
    </extensions>
   </trkpt>
   <trkpt lat="51.5490750" lon="-0.0774600">
    <ele>19.6</ele>
    <time>2024-09-12T17:50:58Z</time>
    <extensions>
     <gpxtpx:TrackPointExtension>
      <gpxtpx:hr>130</gpxtpx:hr>
     </gpxtpx:TrackPointExtension>
    </extensions>
   </trkpt>
   <trkpt lat="51.5490900" lon="-0.0774730">
    <ele>19.7</ele>
    <time>2024-09-12T17:50:59Z</time>
    <extensions>
     <gpxtpx:TrackPointExtension>
      <gpxtpx:hr>130</gpxtpx:hr>
     </gpxtpx:TrackPointExtension>
    </extensions>
   </trkpt>
   <trkpt lat="51.5491260" lon="-0.0775020">
    <ele>19.7</ele>
    <time>2024-09-12T17:51:00Z</time>
    <extensions>
     <gpxtpx:TrackPointExtension>
      <gpxtpx:hr>130</gpxtpx:hr>
     </gpxtpx:TrackPointExtension>
    </extensions>
   </trkpt>
   <trkpt lat="51.5491380" lon="-0.0775120">
    <ele>19.7</ele>
    <time>2024-09-12T17:51:01Z</time>
    <extensions>
     <gpxtpx:TrackPointExtension>
      <gpxtpx:hr>130</gpxtpx:hr>
     </gpxtpx:TrackPointExtension>
    </extensions>
   </trkpt>
   <trkpt lat="51.5491790" lon="-0.0775430">
    <ele>19.7</ele>
    <time>2024-09-12T17:51:02Z</time>
    <extensions>
     <gpxtpx:TrackPointExtension>
      <gpxtpx:hr>129</gpxtpx:hr>
     </gpxtpx:TrackPointExtension>
    </extensions>
   </trkpt>
   <trkpt lat="51.5491950" lon="-0.0775560">
    <ele>19.8</ele>
    <time>2024-09-12T17:51:03Z</time>
    <extensions>
     <gpxtpx:TrackPointExtension>
      <gpxtpx:hr>129</gpxtpx:hr>
     </gpxtpx:TrackPointExtension>
    </extensions>
   </trkpt>
   <trkpt lat="51.5492110" lon="-0.0775690">
    <ele>19.8</ele>
    <time>2024-09-12T17:51:04Z</time>
    <extensions>
     <gpxtpx:TrackPointExtension>
      <gpxtpx:hr>129</gpxtpx:hr>
     </gpxtpx:TrackPointExtension>
    </extensions>
   </trkpt>
   <trkpt lat="51.5492470" lon="-0.0775980">
    <ele>19.8</ele>
    <time>2024-09-12T17:51:05Z</time>
    <extensions>
     <gpxtpx:TrackPointExtension>
      <gpxtpx:hr>128</gpxtpx:hr>
     </gpxtpx:TrackPointExtension>
    </extensions>
   </trkpt>
   <trkpt lat="51.5492590" lon="-0.0776080">
    <ele>19.8</ele>
    <time>2024-09-12T17:51:06Z</time>
    <extensions>
     <gpxtpx:TrackPointExtension>
      <gpxtpx:hr>128</gpxtpx:hr>
     </gpxtpx:TrackPointExtension>
    </extensions>
   </trkpt>
   <trkpt lat="51.5492960" lon="-0.0776410">
    <ele>19.8</ele>
    <time>2024-09-12T17:51:07Z</time>
    <extensions>
     <gpxtpx:TrackPointExtension>
      <gpxtpx:hr>128</gpxtpx:hr>
     </gpxtpx:TrackPointExtension>
    </extensions>
   </trkpt>
   <trkpt lat="51.5493110" lon="-0.0776540">
    <ele>19.9</ele>
    <time>2024-09-12T17:51:08Z</time>
    <extensions>
     <gpxtpx:TrackPointExtension>
      <gpxtpx:hr>128</gpxtpx:hr>
     </gpxtpx:TrackPointExtension>
    </extensions>
   </trkpt>
   <trkpt lat="51.5493250" lon="-0.0776670">
    <ele>19.9</ele>
    <time>2024-09-12T17:51:09Z</time>
    <extensions>
     <gpxtpx:TrackPointExtension>
      <gpxtpx:hr>128</gpxtpx:hr>
     </gpxtpx:TrackPointExtension>
    </extensions>
   </trkpt>
   <trkpt lat="51.5493760" lon="-0.0777130">
    <ele>19.9</ele>
    <time>2024-09-12T17:51:10Z</time>
    <extensions>
     <gpxtpx:TrackPointExtension>
      <gpxtpx:hr>128</gpxtpx:hr>
     </gpxtpx:TrackPointExtension>
    </extensions>
   </trkpt>
   <trkpt lat="51.5494060" lon="-0.0777390">
    <ele>19.9</ele>
    <time>2024-09-12T17:51:11Z</time>
    <extensions>
     <gpxtpx:TrackPointExtension>
      <gpxtpx:hr>128</gpxtpx:hr>
     </gpxtpx:TrackPointExtension>
    </extensions>
   </trkpt>
   <trkpt lat="51.5494370" lon="-0.0777640">
    <ele>19.9</ele>
    <time>2024-09-12T17:51:12Z</time>
    <extensions>
     <gpxtpx:TrackPointExtension>
      <gpxtpx:hr>128</gpxtpx:hr>
     </gpxtpx:TrackPointExtension>
    </extensions>
   </trkpt>
   <trkpt lat="51.5494670" lon="-0.0777900">
    <ele>20.0</ele>
    <time>2024-09-12T17:51:21Z</time>
    <extensions>
     <gpxtpx:TrackPointExtension>
      <gpxtpx:hr>128</gpxtpx:hr>
     </gpxtpx:TrackPointExtension>
    </extensions>
   </trkpt>
   <trkpt lat="51.5494980" lon="-0.0778160">
    <ele>20.0</ele>
    <time>2024-09-12T17:51:22Z</time>
    <extensions>
     <gpxtpx:TrackPointExtension>
      <gpxtpx:hr>125</gpxtpx:hr>
     </gpxtpx:TrackPointExtension>
    </extensions>
   </trkpt>
   <trkpt lat="51.5495280" lon="-0.0778410">
    <ele>20.0</ele>
    <time>2024-09-12T17:51:23Z</time>
    <extensions>
     <gpxtpx:TrackPointExtension>
      <gpxtpx:hr>125</gpxtpx:hr>
     </gpxtpx:TrackPointExtension>
    </extensions>
   </trkpt>
   <trkpt lat="51.5495590" lon="-0.0778670">
    <ele>20.0</ele>
    <time>2024-09-12T17:51:24Z</time>
    <extensions>
     <gpxtpx:TrackPointExtension>
      <gpxtpx:hr>125</gpxtpx:hr>
     </gpxtpx:TrackPointExtension>
    </extensions>
   </trkpt>
   <trkpt lat="51.5495930" lon="-0.0778830">
    <ele>20.0</ele>
    <time>2024-09-12T17:51:25Z</time>
    <extensions>
     <gpxtpx:TrackPointExtension>
      <gpxtpx:hr>124</gpxtpx:hr>
     </gpxtpx:TrackPointExtension>
    </extensions>
   </trkpt>
   <trkpt lat="51.5496070" lon="-0.0778910">
    <ele>20.0</ele>
    <time>2024-09-12T17:51:26Z</time>
    <extensions>
     <gpxtpx:TrackPointExtension>
      <gpxtpx:hr>124</gpxtpx:hr>
     </gpxtpx:TrackPointExtension>
    </extensions>
   </trkpt>
   <trkpt lat="51.5496210" lon="-0.0778990">
    <ele>20.0</ele>
    <time>2024-09-12T17:51:27Z</time>
    <extensions>
     <gpxtpx:TrackPointExtension>
      <gpxtpx:hr>124</gpxtpx:hr>
     </gpxtpx:TrackPointExtension>
    </extensions>
   </trkpt>
   <trkpt lat="51.5496550" lon="-0.0779210">
    <ele>20.0</ele>
    <time>2024-09-12T17:51:28Z</time>
    <extensions>
     <gpxtpx:TrackPointExtension>
      <gpxtpx:hr>124</gpxtpx:hr>
     </gpxtpx:TrackPointExtension>
    </extensions>
   </trkpt>
   <trkpt lat="51.5496660" lon="-0.0779290">
    <ele>20.0</ele>
    <time>2024-09-12T17:51:29Z</time>
    <extensions>
     <gpxtpx:TrackPointExtension>
      <gpxtpx:hr>124</gpxtpx:hr>
     </gpxtpx:TrackPointExtension>
    </extensions>
   </trkpt>
   <trkpt lat="51.5497030" lon="-0.0779580">
    <ele>20.0</ele>
    <time>2024-09-12T17:51:30Z</time>
    <extensions>
     <gpxtpx:TrackPointExtension>
      <gpxtpx:hr>124</gpxtpx:hr>
     </gpxtpx:TrackPointExtension>
    </extensions>
   </trkpt>
   <trkpt lat="51.5497180" lon="-0.0779690">
    <ele>20.0</ele>
    <time>2024-09-12T17:51:31Z</time>
    <extensions>
     <gpxtpx:TrackPointExtension>
      <gpxtpx:hr>124</gpxtpx:hr>
     </gpxtpx:TrackPointExtension>
    </extensions>
   </trkpt>
   <trkpt lat="51.5497330" lon="-0.0779810">
    <ele>20.0</ele>
    <time>2024-09-12T17:51:32Z</time>
    <extensions>
     <gpxtpx:TrackPointExtension>
      <gpxtpx:hr>124</gpxtpx:hr>
     </gpxtpx:TrackPointExtension>
    </extensions>
   </trkpt>
   <trkpt lat="51.5497680" lon="-0.0780070">
    <ele>20.0</ele>
    <time>2024-09-12T17:51:33Z</time>
    <extensions>
     <gpxtpx:TrackPointExtension>
      <gpxtpx:hr>124</gpxtpx:hr>
     </gpxtpx:TrackPointExtension>
    </extensions>
   </trkpt>
   <trkpt lat="51.5497800" lon="-0.0780160">
    <ele>20.0</ele>
    <time>2024-09-12T17:51:34Z</time>
    <extensions>
     <gpxtpx:TrackPointExtension>
      <gpxtpx:hr>124</gpxtpx:hr>
     </gpxtpx:TrackPointExtension>
    </extensions>
   </trkpt>
   <trkpt lat="51.5498230" lon="-0.0780420">
    <ele>20.0</ele>
    <time>2024-09-12T17:51:35Z</time>
    <extensions>
     <gpxtpx:TrackPointExtension>
      <gpxtpx:hr>124</gpxtpx:hr>
     </gpxtpx:TrackPointExtension>
    </extensions>
   </trkpt>
   <trkpt lat="51.5498410" lon="-0.0780510">
    <ele>20.0</ele>
    <time>2024-09-12T17:51:36Z</time>
    <extensions>
     <gpxtpx:TrackPointExtension>
      <gpxtpx:hr>124</gpxtpx:hr>
     </gpxtpx:TrackPointExtension>
    </extensions>
   </trkpt>
   <trkpt lat="51.5498590" lon="-0.0780600">
    <ele>20.0</ele>
    <time>2024-09-12T17:51:37Z</time>
    <extensions>
     <gpxtpx:TrackPointExtension>
      <gpxtpx:hr>124</gpxtpx:hr>
     </gpxtpx:TrackPointExtension>
    </extensions>
   </trkpt>
   <trkpt lat="51.5498990" lon="-0.0780800">
    <ele>20.1</ele>
    <time>2024-09-12T17:51:38Z</time>
    <extensions>
     <gpxtpx:TrackPointExtension>
      <gpxtpx:hr>124</gpxtpx:hr>
     </gpxtpx:TrackPointExtension>
    </extensions>
   </trkpt>
   <trkpt lat="51.5499120" lon="-0.0780870">
    <ele>20.1</ele>
    <time>2024-09-12T17:51:39Z</time>
    <extensions>
     <gpxtpx:TrackPointExtension>
      <gpxtpx:hr>125</gpxtpx:hr>
     </gpxtpx:TrackPointExtension>
    </extensions>
   </trkpt>
   <trkpt lat="51.5499560" lon="-0.0781130">
    <ele>20.1</ele>
    <time>2024-09-12T17:51:40Z</time>
    <extensions>
     <gpxtpx:TrackPointExtension>
      <gpxtpx:hr>125</gpxtpx:hr>
     </gpxtpx:TrackPointExtension>
    </extensions>
   </trkpt>
   <trkpt lat="51.5499730" lon="-0.0781240">
    <ele>20.1</ele>
    <time>2024-09-12T17:51:41Z</time>
    <extensions>
     <gpxtpx:TrackPointExtension>
      <gpxtpx:hr>125</gpxtpx:hr>
     </gpxtpx:TrackPointExtension>
    </extensions>
   </trkpt>
   <trkpt lat="51.5499900" lon="-0.0781360">
    <ele>20.1</ele>
    <time>2024-09-12T17:51:42Z</time>
    <extensions>
     <gpxtpx:TrackPointExtension>
      <gpxtpx:hr>125</gpxtpx:hr>
     </gpxtpx:TrackPointExtension>
    </extensions>
   </trkpt>
   <trkpt lat="51.5500290" lon="-0.0781640">
    <ele>20.1</ele>
    <time>2024-09-12T17:51:43Z</time>
    <extensions>
     <gpxtpx:TrackPointExtension>
      <gpxtpx:hr>125</gpxtpx:hr>
     </gpxtpx:TrackPointExtension>
    </extensions>
   </trkpt>
   <trkpt lat="51.5500420" lon="-0.0781730">
    <ele>20.1</ele>
    <time>2024-09-12T17:51:44Z</time>
    <extensions>
     <gpxtpx:TrackPointExtension>
      <gpxtpx:hr>125</gpxtpx:hr>
     </gpxtpx:TrackPointExtension>
    </extensions>
   </trkpt>
   <trkpt lat="51.5500850" lon="-0.0782020">
    <ele>20.1</ele>
    <time>2024-09-12T17:51:45Z</time>
    <extensions>
     <gpxtpx:TrackPointExtension>
      <gpxtpx:hr>125</gpxtpx:hr>
     </gpxtpx:TrackPointExtension>
    </extensions>
   </trkpt>
   <trkpt lat="51.5501020" lon="-0.0782130">
    <ele>20.1</ele>
    <time>2024-09-12T17:51:46Z</time>
    <extensions>
     <gpxtpx:TrackPointExtension>
      <gpxtpx:hr>122</gpxtpx:hr>
     </gpxtpx:TrackPointExtension>
    </extensions>
   </trkpt>
   <trkpt lat="51.5501200" lon="-0.0782240">
    <ele>20.1</ele>
    <time>2024-09-12T17:51:47Z</time>
    <extensions>
     <gpxtpx:TrackPointExtension>
      <gpxtpx:hr>122</gpxtpx:hr>
     </gpxtpx:TrackPointExtension>
    </extensions>
   </trkpt>
   <trkpt lat="51.5501630" lon="-0.0782500">
    <ele>20.2</ele>
    <time>2024-09-12T17:51:48Z</time>
    <extensions>
     <gpxtpx:TrackPointExtension>
      <gpxtpx:hr>122</gpxtpx:hr>
     </gpxtpx:TrackPointExtension>
    </extensions>
   </trkpt>
   <trkpt lat="51.5501800" lon="-0.0782600">
    <ele>20.2</ele>
    <time>2024-09-12T17:51:49Z</time>
    <extensions>
     <gpxtpx:TrackPointExtension>
      <gpxtpx:hr>122</gpxtpx:hr>
     </gpxtpx:TrackPointExtension>
    </extensions>
   </trkpt>
   <trkpt lat="51.5501970" lon="-0.0782700">
    <ele>20.2</ele>
    <time>2024-09-12T17:51:50Z</time>
    <extensions>
     <gpxtpx:TrackPointExtension>
      <gpxtpx:hr>122</gpxtpx:hr>
     </gpxtpx:TrackPointExtension>
    </extensions>
   </trkpt>
   <trkpt lat="51.5502360" lon="-0.0782930">
    <ele>20.2</ele>
    <time>2024-09-12T17:51:51Z</time>
    <extensions>
     <gpxtpx:TrackPointExtension>
      <gpxtpx:hr>122</gpxtpx:hr>
     </gpxtpx:TrackPointExtension>
    </extensions>
   </trkpt>
   <trkpt lat="51.5502490" lon="-0.0783000">
    <ele>20.2</ele>
    <time>2024-09-12T17:51:52Z</time>
    <extensions>
     <gpxtpx:TrackPointExtension>
      <gpxtpx:hr>124</gpxtpx:hr>
     </gpxtpx:TrackPointExtension>
    </extensions>
   </trkpt>
   <trkpt lat="51.5502930" lon="-0.0783290">
    <ele>20.2</ele>
    <time>2024-09-12T17:51:53Z</time>
    <extensions>
     <gpxtpx:TrackPointExtension>
      <gpxtpx:hr>124</gpxtpx:hr>
     </gpxtpx:TrackPointExtension>
    </extensions>
   </trkpt>
   <trkpt lat="51.5503110" lon="-0.0783410">
    <ele>20.2</ele>
    <time>2024-09-12T17:51:54Z</time>
    <extensions>
     <gpxtpx:TrackPointExtension>
      <gpxtpx:hr>124</gpxtpx:hr>
     </gpxtpx:TrackPointExtension>
    </extensions>
   </trkpt>
   <trkpt lat="51.5503290" lon="-0.0783530">
    <ele>20.2</ele>
    <time>2024-09-12T17:51:55Z</time>
    <extensions>
     <gpxtpx:TrackPointExtension>
      <gpxtpx:hr>124</gpxtpx:hr>
     </gpxtpx:TrackPointExtension>
    </extensions>
   </trkpt>
   <trkpt lat="51.5503690" lon="-0.0783820">
    <ele>20.2</ele>
    <time>2024-09-12T17:51:56Z</time>
    <extensions>
     <gpxtpx:TrackPointExtension>
      <gpxtpx:hr>124</gpxtpx:hr>
     </gpxtpx:TrackPointExtension>
    </extensions>
   </trkpt>
   <trkpt lat="51.5503830" lon="-0.0783920">
    <ele>20.2</ele>
    <time>2024-09-12T17:51:57Z</time>
    <extensions>
     <gpxtpx:TrackPointExtension>
      <gpxtpx:hr>124</gpxtpx:hr>
     </gpxtpx:TrackPointExtension>
    </extensions>
   </trkpt>
   <trkpt lat="51.5504270" lon="-0.0784230">
    <ele>20.2</ele>
    <time>2024-09-12T17:51:58Z</time>
    <extensions>
     <gpxtpx:TrackPointExtension>
      <gpxtpx:hr>124</gpxtpx:hr>
     </gpxtpx:TrackPointExtension>
    </extensions>
   </trkpt>
   <trkpt lat="51.5504440" lon="-0.0784350">
    <ele>20.2</ele>
    <time>2024-09-12T17:51:59Z</time>
    <extensions>
     <gpxtpx:TrackPointExtension>
      <gpxtpx:hr>124</gpxtpx:hr>
     </gpxtpx:TrackPointExtension>
    </extensions>
   </trkpt>
   <trkpt lat="51.5504620" lon="-0.0784470">
    <ele>20.3</ele>
    <time>2024-09-12T17:52:00Z</time>
    <extensions>
     <gpxtpx:TrackPointExtension>
      <gpxtpx:hr>124</gpxtpx:hr>
     </gpxtpx:TrackPointExtension>
    </extensions>
   </trkpt>
   <trkpt lat="51.5505010" lon="-0.0784740">
    <ele>20.3</ele>
    <time>2024-09-12T17:52:01Z</time>
    <extensions>
     <gpxtpx:TrackPointExtension>
      <gpxtpx:hr>124</gpxtpx:hr>
     </gpxtpx:TrackPointExtension>
    </extensions>
   </trkpt>
   <trkpt lat="51.5505140" lon="-0.0784820">
    <ele>20.3</ele>
    <time>2024-09-12T17:52:02Z</time>
    <extensions>
     <gpxtpx:TrackPointExtension>
      <gpxtpx:hr>126</gpxtpx:hr>
     </gpxtpx:TrackPointExtension>
    </extensions>
   </trkpt>
   <trkpt lat="51.5505580" lon="-0.0785110">
    <ele>20.3</ele>
    <time>2024-09-12T17:52:03Z</time>
    <extensions>
     <gpxtpx:TrackPointExtension>
      <gpxtpx:hr>126</gpxtpx:hr>
     </gpxtpx:TrackPointExtension>
    </extensions>
   </trkpt>
   <trkpt lat="51.5505750" lon="-0.0785230">
    <ele>20.3</ele>
    <time>2024-09-12T17:52:04Z</time>
    <extensions>
     <gpxtpx:TrackPointExtension>
      <gpxtpx:hr>126</gpxtpx:hr>
     </gpxtpx:TrackPointExtension>
    </extensions>
   </trkpt>
   <trkpt lat="51.5505920" lon="-0.0785340">
    <ele>20.3</ele>
    <time>2024-09-12T17:52:05Z</time>
    <extensions>
     <gpxtpx:TrackPointExtension>
      <gpxtpx:hr>126</gpxtpx:hr>
     </gpxtpx:TrackPointExtension>
    </extensions>
   </trkpt>
   <trkpt lat="51.5506330" lon="-0.0785590">
    <ele>20.3</ele>
    <time>2024-09-12T17:52:06Z</time>
    <extensions>
     <gpxtpx:TrackPointExtension>
      <gpxtpx:hr>127</gpxtpx:hr>
     </gpxtpx:TrackPointExtension>
    </extensions>
   </trkpt>
   <trkpt lat="51.5506460" lon="-0.0785670">
    <ele>20.3</ele>
    <time>2024-09-12T17:52:07Z</time>
    <extensions>
     <gpxtpx:TrackPointExtension>
      <gpxtpx:hr>127</gpxtpx:hr>
     </gpxtpx:TrackPointExtension>
    </extensions>
   </trkpt>
   <trkpt lat="51.5506910" lon="-0.0785910">
    <ele>20.3</ele>
    <time>2024-09-12T17:52:08Z</time>
    <extensions>
     <gpxtpx:TrackPointExtension>
      <gpxtpx:hr>127</gpxtpx:hr>
     </gpxtpx:TrackPointExtension>
    </extensions>
   </trkpt>
   <trkpt lat="51.5507090" lon="-0.0786010">
    <ele>20.3</ele>
    <time>2024-09-12T17:52:09Z</time>
    <extensions>
     <gpxtpx:TrackPointExtension>
      <gpxtpx:hr>127</gpxtpx:hr>
     </gpxtpx:TrackPointExtension>
    </extensions>
   </trkpt>
   <trkpt lat="51.5507260" lon="-0.0786110">
    <ele>20.3</ele>
    <time>2024-09-12T17:52:10Z</time>
    <extensions>
     <gpxtpx:TrackPointExtension>
      <gpxtpx:hr>127</gpxtpx:hr>
     </gpxtpx:TrackPointExtension>
    </extensions>
   </trkpt>
   <trkpt lat="51.5507710" lon="-0.0786360">
    <ele>20.4</ele>
    <time>2024-09-12T17:52:11Z</time>
    <extensions>
     <gpxtpx:TrackPointExtension>
      <gpxtpx:hr>127</gpxtpx:hr>
     </gpxtpx:TrackPointExtension>
    </extensions>
   </trkpt>
   <trkpt lat="51.5507880" lon="-0.0786470">
    <ele>20.4</ele>
    <time>2024-09-12T17:52:12Z</time>
    <extensions>
     <gpxtpx:TrackPointExtension>
      <gpxtpx:hr>127</gpxtpx:hr>
     </gpxtpx:TrackPointExtension>
    </extensions>
   </trkpt>
   <trkpt lat="51.5508060" lon="-0.0786580">
    <ele>20.4</ele>
    <time>2024-09-12T17:52:13Z</time>
    <extensions>
     <gpxtpx:TrackPointExtension>
      <gpxtpx:hr>127</gpxtpx:hr>
     </gpxtpx:TrackPointExtension>
    </extensions>
   </trkpt>
   <trkpt lat="51.5508450" lon="-0.0786820">
    <ele>20.4</ele>
    <time>2024-09-12T17:52:14Z</time>
    <extensions>
     <gpxtpx:TrackPointExtension>
      <gpxtpx:hr>128</gpxtpx:hr>
     </gpxtpx:TrackPointExtension>
    </extensions>
   </trkpt>
   <trkpt lat="51.5508580" lon="-0.0786910">
    <ele>20.4</ele>
    <time>2024-09-12T17:52:15Z</time>
    <extensions>
     <gpxtpx:TrackPointExtension>
      <gpxtpx:hr>128</gpxtpx:hr>
     </gpxtpx:TrackPointExtension>
    </extensions>
   </trkpt>
   <trkpt lat="51.5509020" lon="-0.0787170">
    <ele>20.4</ele>
    <time>2024-09-12T17:52:16Z</time>
    <extensions>
     <gpxtpx:TrackPointExtension>
      <gpxtpx:hr>128</gpxtpx:hr>
     </gpxtpx:TrackPointExtension>
    </extensions>
   </trkpt>
   <trkpt lat="51.5509190" lon="-0.0787270">
    <ele>20.4</ele>
    <time>2024-09-12T17:52:17Z</time>
    <extensions>
     <gpxtpx:TrackPointExtension>
      <gpxtpx:hr>128</gpxtpx:hr>
     </gpxtpx:TrackPointExtension>
    </extensions>
   </trkpt>
   <trkpt lat="51.5509370" lon="-0.0787380">
    <ele>20.4</ele>
    <time>2024-09-12T17:52:18Z</time>
    <extensions>
     <gpxtpx:TrackPointExtension>
      <gpxtpx:hr>128</gpxtpx:hr>
     </gpxtpx:TrackPointExtension>
    </extensions>
   </trkpt>
   <trkpt lat="51.5509740" lon="-0.0787650">
    <ele>20.5</ele>
    <time>2024-09-12T17:52:19Z</time>
    <extensions>
     <gpxtpx:TrackPointExtension>
      <gpxtpx:hr>128</gpxtpx:hr>
     </gpxtpx:TrackPointExtension>
    </extensions>
   </trkpt>
   <trkpt lat="51.5509860" lon="-0.0787750">
    <ele>20.5</ele>
    <time>2024-09-12T17:52:20Z</time>
    <extensions>
     <gpxtpx:TrackPointExtension>
      <gpxtpx:hr>128</gpxtpx:hr>
     </gpxtpx:TrackPointExtension>
    </extensions>
   </trkpt>
   <trkpt lat="51.5510250" lon="-0.0788100">
    <ele>20.5</ele>
    <time>2024-09-12T17:52:21Z</time>
    <extensions>
     <gpxtpx:TrackPointExtension>
      <gpxtpx:hr>129</gpxtpx:hr>
     </gpxtpx:TrackPointExtension>
    </extensions>
   </trkpt>
   <trkpt lat="51.5510410" lon="-0.0788250">
    <ele>20.5</ele>
    <time>2024-09-12T17:52:22Z</time>
    <extensions>
     <gpxtpx:TrackPointExtension>
      <gpxtpx:hr>129</gpxtpx:hr>
     </gpxtpx:TrackPointExtension>
    </extensions>
   </trkpt>
   <trkpt lat="51.5510560" lon="-0.0788390">
    <ele>20.5</ele>
    <time>2024-09-12T17:52:23Z</time>
    <extensions>
     <gpxtpx:TrackPointExtension>
      <gpxtpx:hr>129</gpxtpx:hr>
     </gpxtpx:TrackPointExtension>
    </extensions>
   </trkpt>
   <trkpt lat="51.5510930" lon="-0.0788740">
    <ele>20.5</ele>
    <time>2024-09-12T17:52:24Z</time>
    <extensions>
     <gpxtpx:TrackPointExtension>
      <gpxtpx:hr>129</gpxtpx:hr>
     </gpxtpx:TrackPointExtension>
    </extensions>
   </trkpt>
   <trkpt lat="51.5511050" lon="-0.0788850">
    <ele>20.5</ele>
    <time>2024-09-12T17:52:25Z</time>
    <extensions>
     <gpxtpx:TrackPointExtension>
      <gpxtpx:hr>129</gpxtpx:hr>
     </gpxtpx:TrackPointExtension>
    </extensions>
   </trkpt>
   <trkpt lat="51.5511470" lon="-0.0789230">
    <ele>20.6</ele>
    <time>2024-09-12T17:52:26Z</time>
    <extensions>
     <gpxtpx:TrackPointExtension>
      <gpxtpx:hr>129</gpxtpx:hr>
     </gpxtpx:TrackPointExtension>
    </extensions>
   </trkpt>
   <trkpt lat="51.5511630" lon="-0.0789380">
    <ele>20.6</ele>
    <time>2024-09-12T17:52:27Z</time>
    <extensions>
     <gpxtpx:TrackPointExtension>
      <gpxtpx:hr>129</gpxtpx:hr>
     </gpxtpx:TrackPointExtension>
    </extensions>
   </trkpt>
   <trkpt lat="51.5511800" lon="-0.0789520">
    <ele>20.6</ele>
    <time>2024-09-12T17:52:28Z</time>
    <extensions>
     <gpxtpx:TrackPointExtension>
      <gpxtpx:hr>129</gpxtpx:hr>
     </gpxtpx:TrackPointExtension>
    </extensions>
   </trkpt>
   <trkpt lat="51.5512170" lon="-0.0789830">
    <ele>20.6</ele>
    <time>2024-09-12T17:52:29Z</time>
    <extensions>
     <gpxtpx:TrackPointExtension>
      <gpxtpx:hr>129</gpxtpx:hr>
     </gpxtpx:TrackPointExtension>
    </extensions>
   </trkpt>
   <trkpt lat="51.5512290" lon="-0.0789920">
    <ele>20.6</ele>
    <time>2024-09-12T17:52:30Z</time>
    <extensions>
     <gpxtpx:TrackPointExtension>
      <gpxtpx:hr>129</gpxtpx:hr>
     </gpxtpx:TrackPointExtension>
    </extensions>
   </trkpt>
   <trkpt lat="51.5512690" lon="-0.0790250">
    <ele>20.7</ele>
    <time>2024-09-12T17:52:31Z</time>
    <extensions>
     <gpxtpx:TrackPointExtension>
      <gpxtpx:hr>129</gpxtpx:hr>
     </gpxtpx:TrackPointExtension>
    </extensions>
   </trkpt>
   <trkpt lat="51.5512860" lon="-0.0790390">
    <ele>20.7</ele>
    <time>2024-09-12T17:52:32Z</time>
    <extensions>
     <gpxtpx:TrackPointExtension>
      <gpxtpx:hr>129</gpxtpx:hr>
     </gpxtpx:TrackPointExtension>
    </extensions>
   </trkpt>
   <trkpt lat="51.5513020" lon="-0.0790530">
    <ele>20.7</ele>
    <time>2024-09-12T17:52:33Z</time>
    <extensions>
     <gpxtpx:TrackPointExtension>
      <gpxtpx:hr>129</gpxtpx:hr>
     </gpxtpx:TrackPointExtension>
    </extensions>
   </trkpt>
   <trkpt lat="51.5513430" lon="-0.0790910">
    <ele>20.7</ele>
    <time>2024-09-12T17:52:34Z</time>
    <extensions>
     <gpxtpx:TrackPointExtension>
      <gpxtpx:hr>129</gpxtpx:hr>
     </gpxtpx:TrackPointExtension>
    </extensions>
   </trkpt>
   <trkpt lat="51.5513590" lon="-0.0791070">
    <ele>20.8</ele>
    <time>2024-09-12T17:52:35Z</time>
    <extensions>
     <gpxtpx:TrackPointExtension>
      <gpxtpx:hr>129</gpxtpx:hr>
     </gpxtpx:TrackPointExtension>
    </extensions>
   </trkpt>
   <trkpt lat="51.5513760" lon="-0.0791230">
    <ele>20.8</ele>
    <time>2024-09-12T17:52:36Z</time>
    <extensions>
     <gpxtpx:TrackPointExtension>
      <gpxtpx:hr>129</gpxtpx:hr>
     </gpxtpx:TrackPointExtension>
    </extensions>
   </trkpt>
   <trkpt lat="51.5514110" lon="-0.0791580">
    <ele>20.8</ele>
    <time>2024-09-12T17:52:37Z</time>
    <extensions>
     <gpxtpx:TrackPointExtension>
      <gpxtpx:hr>129</gpxtpx:hr>
     </gpxtpx:TrackPointExtension>
    </extensions>
   </trkpt>
   <trkpt lat="51.5514230" lon="-0.0791700">
    <ele>20.8</ele>
    <time>2024-09-12T17:52:38Z</time>
    <extensions>
     <gpxtpx:TrackPointExtension>
      <gpxtpx:hr>129</gpxtpx:hr>
     </gpxtpx:TrackPointExtension>
    </extensions>
   </trkpt>
   <trkpt lat="51.5514630" lon="-0.0792080">
    <ele>20.9</ele>
    <time>2024-09-12T17:52:39Z</time>
    <extensions>
     <gpxtpx:TrackPointExtension>
      <gpxtpx:hr>129</gpxtpx:hr>
     </gpxtpx:TrackPointExtension>
    </extensions>
   </trkpt>
   <trkpt lat="51.5514780" lon="-0.0792240">
    <ele>20.9</ele>
    <time>2024-09-12T17:52:40Z</time>
    <extensions>
     <gpxtpx:TrackPointExtension>
      <gpxtpx:hr>129</gpxtpx:hr>
     </gpxtpx:TrackPointExtension>
    </extensions>
   </trkpt>
   <trkpt lat="51.5514940" lon="-0.0792390">
    <ele>20.9</ele>
    <time>2024-09-12T17:52:41Z</time>
    <extensions>
     <gpxtpx:TrackPointExtension>
      <gpxtpx:hr>129</gpxtpx:hr>
     </gpxtpx:TrackPointExtension>
    </extensions>
   </trkpt>
   <trkpt lat="51.5515300" lon="-0.0792730">
    <ele>21.0</ele>
    <time>2024-09-12T17:52:42Z</time>
    <extensions>
     <gpxtpx:TrackPointExtension>
      <gpxtpx:hr>129</gpxtpx:hr>
     </gpxtpx:TrackPointExtension>
    </extensions>
   </trkpt>
   <trkpt lat="51.5515420" lon="-0.0792850">
    <ele>21.0</ele>
    <time>2024-09-12T17:52:43Z</time>
    <extensions>
     <gpxtpx:TrackPointExtension>
      <gpxtpx:hr>129</gpxtpx:hr>
     </gpxtpx:TrackPointExtension>
    </extensions>
   </trkpt>
   <trkpt lat="51.5515830" lon="-0.0793190">
    <ele>21.1</ele>
    <time>2024-09-12T17:52:44Z</time>
    <extensions>
     <gpxtpx:TrackPointExtension>
      <gpxtpx:hr>129</gpxtpx:hr>
     </gpxtpx:TrackPointExtension>
    </extensions>
   </trkpt>
   <trkpt lat="51.5515990" lon="-0.0793320">
    <ele>21.1</ele>
    <time>2024-09-12T17:52:45Z</time>
    <extensions>
     <gpxtpx:TrackPointExtension>
      <gpxtpx:hr>129</gpxtpx:hr>
     </gpxtpx:TrackPointExtension>
    </extensions>
   </trkpt>
   <trkpt lat="51.5516150" lon="-0.0793460">
    <ele>21.1</ele>
    <time>2024-09-12T17:52:46Z</time>
    <extensions>
     <gpxtpx:TrackPointExtension>
      <gpxtpx:hr>129</gpxtpx:hr>
     </gpxtpx:TrackPointExtension>
    </extensions>
   </trkpt>
   <trkpt lat="51.5516520" lon="-0.0793640">
    <ele>21.2</ele>
    <time>2024-09-12T17:52:47Z</time>
    <extensions>
     <gpxtpx:TrackPointExtension>
      <gpxtpx:hr>129</gpxtpx:hr>
     </gpxtpx:TrackPointExtension>
    </extensions>
   </trkpt>
   <trkpt lat="51.5516650" lon="-0.0793670">
    <ele>21.2</ele>
    <time>2024-09-12T17:52:48Z</time>
    <extensions>
     <gpxtpx:TrackPointExtension>
      <gpxtpx:hr>129</gpxtpx:hr>
     </gpxtpx:TrackPointExtension>
    </extensions>
   </trkpt>
   <trkpt lat="51.5517100" lon="-0.0793630">
    <ele>21.2</ele>
    <time>2024-09-12T17:52:49Z</time>
    <extensions>
     <gpxtpx:TrackPointExtension>
      <gpxtpx:hr>129</gpxtpx:hr>
     </gpxtpx:TrackPointExtension>
    </extensions>
   </trkpt>
   <trkpt lat="51.5517280" lon="-0.0793580">
    <ele>21.2</ele>
    <time>2024-09-12T17:52:50Z</time>
    <extensions>
     <gpxtpx:TrackPointExtension>
      <gpxtpx:hr>129</gpxtpx:hr>
     </gpxtpx:TrackPointExtension>
    </extensions>
   </trkpt>
   <trkpt lat="51.5517470" lon="-0.0793540">
    <ele>21.2</ele>
    <time>2024-09-12T17:52:51Z</time>
    <extensions>
     <gpxtpx:TrackPointExtension>
      <gpxtpx:hr>129</gpxtpx:hr>
     </gpxtpx:TrackPointExtension>
    </extensions>
   </trkpt>
   <trkpt lat="51.5517880" lon="-0.0793320">
    <ele>21.2</ele>
    <time>2024-09-12T17:52:52Z</time>
    <extensions>
     <gpxtpx:TrackPointExtension>
      <gpxtpx:hr>129</gpxtpx:hr>
     </gpxtpx:TrackPointExtension>
    </extensions>
   </trkpt>
   <trkpt lat="51.5518020" lon="-0.0793230">
    <ele>21.2</ele>
    <time>2024-09-12T17:52:53Z</time>
    <extensions>
     <gpxtpx:TrackPointExtension>
      <gpxtpx:hr>129</gpxtpx:hr>
     </gpxtpx:TrackPointExtension>
    </extensions>
   </trkpt>
   <trkpt lat="51.5518440" lon="-0.0792900">
    <ele>21.3</ele>
    <time>2024-09-12T17:52:54Z</time>
    <extensions>
     <gpxtpx:TrackPointExtension>
      <gpxtpx:hr>129</gpxtpx:hr>
     </gpxtpx:TrackPointExtension>
    </extensions>
   </trkpt>
   <trkpt lat="51.5518610" lon="-0.0792770">
    <ele>21.3</ele>
    <time>2024-09-12T17:52:55Z</time>
    <extensions>
     <gpxtpx:TrackPointExtension>
      <gpxtpx:hr>129</gpxtpx:hr>
     </gpxtpx:TrackPointExtension>
    </extensions>
   </trkpt>
   <trkpt lat="51.5518780" lon="-0.0792630">
    <ele>21.3</ele>
    <time>2024-09-12T17:52:56Z</time>
    <extensions>
     <gpxtpx:TrackPointExtension>
      <gpxtpx:hr>129</gpxtpx:hr>
     </gpxtpx:TrackPointExtension>
    </extensions>
   </trkpt>
   <trkpt lat="51.5519190" lon="-0.0792260">
    <ele>21.3</ele>
    <time>2024-09-12T17:52:57Z</time>
    <extensions>
     <gpxtpx:TrackPointExtension>
      <gpxtpx:hr>130</gpxtpx:hr>
     </gpxtpx:TrackPointExtension>
    </extensions>
   </trkpt>
   <trkpt lat="51.5519360" lon="-0.0792110">
    <ele>21.3</ele>
    <time>2024-09-12T17:52:58Z</time>
    <extensions>
     <gpxtpx:TrackPointExtension>
      <gpxtpx:hr>130</gpxtpx:hr>
     </gpxtpx:TrackPointExtension>
    </extensions>
   </trkpt>
   <trkpt lat="51.5519520" lon="-0.0791960">
    <ele>21.3</ele>
    <time>2024-09-12T17:52:59Z</time>
    <extensions>
     <gpxtpx:TrackPointExtension>
      <gpxtpx:hr>130</gpxtpx:hr>
     </gpxtpx:TrackPointExtension>
    </extensions>
   </trkpt>
   <trkpt lat="51.5519890" lon="-0.0791630">
    <ele>21.3</ele>
    <time>2024-09-12T17:53:00Z</time>
    <extensions>
     <gpxtpx:TrackPointExtension>
      <gpxtpx:hr>130</gpxtpx:hr>
     </gpxtpx:TrackPointExtension>
    </extensions>
   </trkpt>
   <trkpt lat="51.5520010" lon="-0.0791530">
    <ele>21.3</ele>
    <time>2024-09-12T17:53:01Z</time>
    <extensions>
     <gpxtpx:TrackPointExtension>
      <gpxtpx:hr>130</gpxtpx:hr>
     </gpxtpx:TrackPointExtension>
    </extensions>
   </trkpt>
   <trkpt lat="51.5520430" lon="-0.0791240">
    <ele>21.4</ele>
    <time>2024-09-12T17:53:02Z</time>
    <extensions>
     <gpxtpx:TrackPointExtension>
      <gpxtpx:hr>130</gpxtpx:hr>
     </gpxtpx:TrackPointExtension>
    </extensions>
   </trkpt>
   <trkpt lat="51.5520590" lon="-0.0791140">
    <ele>21.4</ele>
    <time>2024-09-12T17:53:03Z</time>
    <extensions>
     <gpxtpx:TrackPointExtension>
      <gpxtpx:hr>130</gpxtpx:hr>
     </gpxtpx:TrackPointExtension>
    </extensions>
   </trkpt>
   <trkpt lat="51.5520760" lon="-0.0791030">
    <ele>21.4</ele>
    <time>2024-09-12T17:53:04Z</time>
    <extensions>
     <gpxtpx:TrackPointExtension>
      <gpxtpx:hr>130</gpxtpx:hr>
     </gpxtpx:TrackPointExtension>
    </extensions>
   </trkpt>
   <trkpt lat="51.5521160" lon="-0.0790910">
    <ele>21.4</ele>
    <time>2024-09-12T17:53:05Z</time>
    <extensions>
     <gpxtpx:TrackPointExtension>
      <gpxtpx:hr>130</gpxtpx:hr>
     </gpxtpx:TrackPointExtension>
    </extensions>
   </trkpt>
   <trkpt lat="51.5521300" lon="-0.0790880">
    <ele>21.5</ele>
    <time>2024-09-12T17:53:06Z</time>
    <extensions>
     <gpxtpx:TrackPointExtension>
      <gpxtpx:hr>130</gpxtpx:hr>
     </gpxtpx:TrackPointExtension>
    </extensions>
   </trkpt>
   <trkpt lat="51.5521760" lon="-0.0790850">
    <ele>21.5</ele>
    <time>2024-09-12T17:53:07Z</time>
    <extensions>
     <gpxtpx:TrackPointExtension>
      <gpxtpx:hr>129</gpxtpx:hr>
     </gpxtpx:TrackPointExtension>
    </extensions>
   </trkpt>
   <trkpt lat="51.5521950" lon="-0.0790850">
    <ele>21.5</ele>
    <time>2024-09-12T17:53:08Z</time>
    <extensions>
     <gpxtpx:TrackPointExtension>
      <gpxtpx:hr>129</gpxtpx:hr>
     </gpxtpx:TrackPointExtension>
    </extensions>
   </trkpt>
   <trkpt lat="51.5522140" lon="-0.0790840">
    <ele>21.5</ele>
    <time>2024-09-12T17:53:09Z</time>
    <extensions>
     <gpxtpx:TrackPointExtension>
      <gpxtpx:hr>129</gpxtpx:hr>
     </gpxtpx:TrackPointExtension>
    </extensions>
   </trkpt>
   <trkpt lat="51.5522570" lon="-0.0790850">
    <ele>21.6</ele>
    <time>2024-09-12T17:53:10Z</time>
    <extensions>
     <gpxtpx:TrackPointExtension>
      <gpxtpx:hr>129</gpxtpx:hr>
     </gpxtpx:TrackPointExtension>
    </extensions>
   </trkpt>
   <trkpt lat="51.5522710" lon="-0.0790850">
    <ele>21.6</ele>
    <time>2024-09-12T17:53:11Z</time>
    <extensions>
     <gpxtpx:TrackPointExtension>
      <gpxtpx:hr>128</gpxtpx:hr>
     </gpxtpx:TrackPointExtension>
    </extensions>
   </trkpt>
   <trkpt lat="51.5523180" lon="-0.0790850">
    <ele>21.6</ele>
    <time>2024-09-12T17:53:12Z</time>
    <extensions>
     <gpxtpx:TrackPointExtension>
      <gpxtpx:hr>128</gpxtpx:hr>
     </gpxtpx:TrackPointExtension>
    </extensions>
   </trkpt>
   <trkpt lat="51.5523360" lon="-0.0790840">
    <ele>21.6</ele>
    <time>2024-09-12T17:53:13Z</time>
    <extensions>
     <gpxtpx:TrackPointExtension>
      <gpxtpx:hr>128</gpxtpx:hr>
     </gpxtpx:TrackPointExtension>
    </extensions>
   </trkpt>
   <trkpt lat="51.5523550" lon="-0.0790840">
    <ele>21.6</ele>
    <time>2024-09-12T17:53:14Z</time>
    <extensions>
     <gpxtpx:TrackPointExtension>
      <gpxtpx:hr>128</gpxtpx:hr>
     </gpxtpx:TrackPointExtension>
    </extensions>
   </trkpt>
   <trkpt lat="51.5523980" lon="-0.0790820">
    <ele>21.7</ele>
    <time>2024-09-12T17:53:15Z</time>
    <extensions>
     <gpxtpx:TrackPointExtension>
      <gpxtpx:hr>128</gpxtpx:hr>
     </gpxtpx:TrackPointExtension>
    </extensions>
   </trkpt>
   <trkpt lat="51.5524120" lon="-0.0790800">
    <ele>21.7</ele>
    <time>2024-09-12T17:53:16Z</time>
    <extensions>
     <gpxtpx:TrackPointExtension>
      <gpxtpx:hr>128</gpxtpx:hr>
     </gpxtpx:TrackPointExtension>
    </extensions>
   </trkpt>
   <trkpt lat="51.5524580" lon="-0.0790750">
    <ele>21.7</ele>
    <time>2024-09-12T17:53:17Z</time>
    <extensions>
     <gpxtpx:TrackPointExtension>
      <gpxtpx:hr>128</gpxtpx:hr>
     </gpxtpx:TrackPointExtension>
    </extensions>
   </trkpt>
   <trkpt lat="51.5524770" lon="-0.0790730">
    <ele>21.8</ele>
    <time>2024-09-12T17:53:18Z</time>
    <extensions>
     <gpxtpx:TrackPointExtension>
      <gpxtpx:hr>128</gpxtpx:hr>
     </gpxtpx:TrackPointExtension>
    </extensions>
   </trkpt>
   <trkpt lat="51.5524950" lon="-0.0790710">
    <ele>21.8</ele>
    <time>2024-09-12T17:53:19Z</time>
    <extensions>
     <gpxtpx:TrackPointExtension>
      <gpxtpx:hr>128</gpxtpx:hr>
     </gpxtpx:TrackPointExtension>
    </extensions>
   </trkpt>
   <trkpt lat="51.5525360" lon="-0.0790680">
    <ele>21.8</ele>
    <time>2024-09-12T17:53:20Z</time>
    <extensions>
     <gpxtpx:TrackPointExtension>
      <gpxtpx:hr>128</gpxtpx:hr>
     </gpxtpx:TrackPointExtension>
    </extensions>
   </trkpt>
   <trkpt lat="51.5525490" lon="-0.0790670">
    <ele>21.8</ele>
    <time>2024-09-12T17:53:21Z</time>
    <extensions>
     <gpxtpx:TrackPointExtension>
      <gpxtpx:hr>128</gpxtpx:hr>
     </gpxtpx:TrackPointExtension>
    </extensions>
   </trkpt>
   <trkpt lat="51.5525940" lon="-0.0790670">
    <ele>21.8</ele>
    <time>2024-09-12T17:53:22Z</time>
    <extensions>
     <gpxtpx:TrackPointExtension>
      <gpxtpx:hr>129</gpxtpx:hr>
     </gpxtpx:TrackPointExtension>
    </extensions>
   </trkpt>
   <trkpt lat="51.5526120" lon="-0.0790660">
    <ele>21.9</ele>
    <time>2024-09-12T17:53:23Z</time>
    <extensions>
     <gpxtpx:TrackPointExtension>
      <gpxtpx:hr>129</gpxtpx:hr>
     </gpxtpx:TrackPointExtension>
    </extensions>
   </trkpt>
   <trkpt lat="51.5526300" lon="-0.0790660">
    <ele>21.9</ele>
    <time>2024-09-12T17:53:24Z</time>
    <extensions>
     <gpxtpx:TrackPointExtension>
      <gpxtpx:hr>129</gpxtpx:hr>
     </gpxtpx:TrackPointExtension>
    </extensions>
   </trkpt>
   <trkpt lat="51.5526750" lon="-0.0790680">
    <ele>21.9</ele>
    <time>2024-09-12T17:53:25Z</time>
    <extensions>
     <gpxtpx:TrackPointExtension>
      <gpxtpx:hr>129</gpxtpx:hr>
     </gpxtpx:TrackPointExtension>
    </extensions>
   </trkpt>
   <trkpt lat="51.5526930" lon="-0.0790690">
    <ele>21.9</ele>
    <time>2024-09-12T17:53:26Z</time>
    <extensions>
     <gpxtpx:TrackPointExtension>
      <gpxtpx:hr>129</gpxtpx:hr>
     </gpxtpx:TrackPointExtension>
    </extensions>
   </trkpt>
   <trkpt lat="51.5527110" lon="-0.0790700">
    <ele>21.9</ele>
    <time>2024-09-12T17:53:27Z</time>
    <extensions>
     <gpxtpx:TrackPointExtension>
      <gpxtpx:hr>130</gpxtpx:hr>
     </gpxtpx:TrackPointExtension>
    </extensions>
   </trkpt>
   <trkpt lat="51.5527510" lon="-0.0790740">
    <ele>22.0</ele>
    <time>2024-09-12T17:53:28Z</time>
    <extensions>
     <gpxtpx:TrackPointExtension>
      <gpxtpx:hr>130</gpxtpx:hr>
     </gpxtpx:TrackPointExtension>
    </extensions>
   </trkpt>
   <trkpt lat="51.5527650" lon="-0.0790750">
    <ele>22.0</ele>
    <time>2024-09-12T17:53:29Z</time>
    <extensions>
     <gpxtpx:TrackPointExtension>
      <gpxtpx:hr>130</gpxtpx:hr>
     </gpxtpx:TrackPointExtension>
    </extensions>
   </trkpt>
   <trkpt lat="51.5528100" lon="-0.0790810">
    <ele>22.0</ele>
    <time>2024-09-12T17:53:30Z</time>
    <extensions>
     <gpxtpx:TrackPointExtension>
      <gpxtpx:hr>130</gpxtpx:hr>
     </gpxtpx:TrackPointExtension>
    </extensions>
   </trkpt>
   <trkpt lat="51.5528270" lon="-0.0790830">
    <ele>22.0</ele>
    <time>2024-09-12T17:53:31Z</time>
    <extensions>
     <gpxtpx:TrackPointExtension>
      <gpxtpx:hr>130</gpxtpx:hr>
     </gpxtpx:TrackPointExtension>
    </extensions>
   </trkpt>
   <trkpt lat="51.5528450" lon="-0.0790860">
    <ele>22.1</ele>
    <time>2024-09-12T17:53:32Z</time>
    <extensions>
     <gpxtpx:TrackPointExtension>
      <gpxtpx:hr>129</gpxtpx:hr>
     </gpxtpx:TrackPointExtension>
    </extensions>
   </trkpt>
   <trkpt lat="51.5528840" lon="-0.0790920">
    <ele>22.1</ele>
    <time>2024-09-12T17:53:33Z</time>
    <extensions>
     <gpxtpx:TrackPointExtension>
      <gpxtpx:hr>129</gpxtpx:hr>
     </gpxtpx:TrackPointExtension>
    </extensions>
   </trkpt>
   <trkpt lat="51.5528970" lon="-0.0790940">
    <ele>22.1</ele>
    <time>2024-09-12T17:53:34Z</time>
    <extensions>
     <gpxtpx:TrackPointExtension>
      <gpxtpx:hr>130</gpxtpx:hr>
     </gpxtpx:TrackPointExtension>
    </extensions>
   </trkpt>
   <trkpt lat="51.5529400" lon="-0.0791010">
    <ele>22.1</ele>
    <time>2024-09-12T17:53:35Z</time>
    <extensions>
     <gpxtpx:TrackPointExtension>
      <gpxtpx:hr>130</gpxtpx:hr>
     </gpxtpx:TrackPointExtension>
    </extensions>
   </trkpt>
   <trkpt lat="51.5529580" lon="-0.0791040">
    <ele>22.1</ele>
    <time>2024-09-12T17:53:36Z</time>
    <extensions>
     <gpxtpx:TrackPointExtension>
      <gpxtpx:hr>130</gpxtpx:hr>
     </gpxtpx:TrackPointExtension>
    </extensions>
   </trkpt>
   <trkpt lat="51.5529750" lon="-0.0791070">
    <ele>22.1</ele>
    <time>2024-09-12T17:53:37Z</time>
    <extensions>
     <gpxtpx:TrackPointExtension>
      <gpxtpx:hr>130</gpxtpx:hr>
     </gpxtpx:TrackPointExtension>
    </extensions>
   </trkpt>
   <trkpt lat="51.5530150" lon="-0.0791140">
    <ele>22.2</ele>
    <time>2024-09-12T17:53:38Z</time>
    <extensions>
     <gpxtpx:TrackPointExtension>
      <gpxtpx:hr>130</gpxtpx:hr>
     </gpxtpx:TrackPointExtension>
    </extensions>
   </trkpt>
   <trkpt lat="51.5530290" lon="-0.0791160">
    <ele>22.2</ele>
    <time>2024-09-12T17:53:39Z</time>
    <extensions>
     <gpxtpx:TrackPointExtension>
      <gpxtpx:hr>129</gpxtpx:hr>
     </gpxtpx:TrackPointExtension>
    </extensions>
   </trkpt>
   <trkpt lat="51.5530730" lon="-0.0791250">
    <ele>22.2</ele>
    <time>2024-09-12T17:53:40Z</time>
    <extensions>
     <gpxtpx:TrackPointExtension>
      <gpxtpx:hr>129</gpxtpx:hr>
     </gpxtpx:TrackPointExtension>
    </extensions>
   </trkpt>
   <trkpt lat="51.5530900" lon="-0.0791280">
    <ele>22.2</ele>
    <time>2024-09-12T17:53:41Z</time>
    <extensions>
     <gpxtpx:TrackPointExtension>
      <gpxtpx:hr>129</gpxtpx:hr>
     </gpxtpx:TrackPointExtension>
    </extensions>
   </trkpt>
   <trkpt lat="51.5531080" lon="-0.0791320">
    <ele>22.2</ele>
    <time>2024-09-12T17:53:42Z</time>
    <extensions>
     <gpxtpx:TrackPointExtension>
      <gpxtpx:hr>129</gpxtpx:hr>
     </gpxtpx:TrackPointExtension>
    </extensions>
   </trkpt>
   <trkpt lat="51.5531470" lon="-0.0791400">
    <ele>22.3</ele>
    <time>2024-09-12T17:53:43Z</time>
    <extensions>
     <gpxtpx:TrackPointExtension>
      <gpxtpx:hr>129</gpxtpx:hr>
     </gpxtpx:TrackPointExtension>
    </extensions>
   </trkpt>
   <trkpt lat="51.5531600" lon="-0.0791430">
    <ele>22.3</ele>
    <time>2024-09-12T17:53:44Z</time>
    <extensions>
     <gpxtpx:TrackPointExtension>
      <gpxtpx:hr>129</gpxtpx:hr>
     </gpxtpx:TrackPointExtension>
    </extensions>
   </trkpt>
   <trkpt lat="51.5532040" lon="-0.0791550">
    <ele>22.3</ele>
    <time>2024-09-12T17:53:45Z</time>
    <extensions>
     <gpxtpx:TrackPointExtension>
      <gpxtpx:hr>129</gpxtpx:hr>
     </gpxtpx:TrackPointExtension>
    </extensions>
   </trkpt>
   <trkpt lat="51.5532210" lon="-0.0791590">
    <ele>22.3</ele>
    <time>2024-09-12T17:53:46Z</time>
    <extensions>
     <gpxtpx:TrackPointExtension>
      <gpxtpx:hr>129</gpxtpx:hr>
     </gpxtpx:TrackPointExtension>
    </extensions>
   </trkpt>
   <trkpt lat="51.5532380" lon="-0.0791640">
    <ele>22.3</ele>
    <time>2024-09-12T17:53:47Z</time>
    <extensions>
     <gpxtpx:TrackPointExtension>
      <gpxtpx:hr>129</gpxtpx:hr>
     </gpxtpx:TrackPointExtension>
    </extensions>
   </trkpt>
   <trkpt lat="51.5532800" lon="-0.0791780">
    <ele>22.4</ele>
    <time>2024-09-12T17:53:48Z</time>
    <extensions>
     <gpxtpx:TrackPointExtension>
      <gpxtpx:hr>129</gpxtpx:hr>
     </gpxtpx:TrackPointExtension>
    </extensions>
   </trkpt>
   <trkpt lat="51.5532960" lon="-0.0791840">
    <ele>22.4</ele>
    <time>2024-09-12T17:53:49Z</time>
    <extensions>
     <gpxtpx:TrackPointExtension>
      <gpxtpx:hr>128</gpxtpx:hr>
     </gpxtpx:TrackPointExtension>
    </extensions>
   </trkpt>
   <trkpt lat="51.5533120" lon="-0.0791900">
    <ele>22.4</ele>
    <time>2024-09-12T17:53:50Z</time>
    <extensions>
     <gpxtpx:TrackPointExtension>
      <gpxtpx:hr>128</gpxtpx:hr>
     </gpxtpx:TrackPointExtension>
    </extensions>
   </trkpt>
   <trkpt lat="51.5533490" lon="-0.0792070">
    <ele>22.4</ele>
    <time>2024-09-12T17:53:51Z</time>
    <extensions>
     <gpxtpx:TrackPointExtension>
      <gpxtpx:hr>128</gpxtpx:hr>
     </gpxtpx:TrackPointExtension>
    </extensions>
   </trkpt>
   <trkpt lat="51.5533610" lon="-0.0792130">
    <ele>22.4</ele>
    <time>2024-09-12T17:53:52Z</time>
    <extensions>
     <gpxtpx:TrackPointExtension>
      <gpxtpx:hr>128</gpxtpx:hr>
     </gpxtpx:TrackPointExtension>
    </extensions>
   </trkpt>
   <trkpt lat="51.5534020" lon="-0.0792380">
    <ele>22.5</ele>
    <time>2024-09-12T17:53:53Z</time>
    <extensions>
     <gpxtpx:TrackPointExtension>
      <gpxtpx:hr>128</gpxtpx:hr>
     </gpxtpx:TrackPointExtension>
    </extensions>
   </trkpt>
   <trkpt lat="51.5534180" lon="-0.0792490">
    <ele>22.5</ele>
    <time>2024-09-12T17:53:54Z</time>
    <extensions>
     <gpxtpx:TrackPointExtension>
      <gpxtpx:hr>128</gpxtpx:hr>
     </gpxtpx:TrackPointExtension>
    </extensions>
   </trkpt>
   <trkpt lat="51.5534340" lon="-0.0792600">
    <ele>22.5</ele>
    <time>2024-09-12T17:53:55Z</time>
    <extensions>
     <gpxtpx:TrackPointExtension>
      <gpxtpx:hr>128</gpxtpx:hr>
     </gpxtpx:TrackPointExtension>
    </extensions>
   </trkpt>
   <trkpt lat="51.5534690" lon="-0.0792890">
    <ele>22.5</ele>
    <time>2024-09-12T17:53:56Z</time>
    <extensions>
     <gpxtpx:TrackPointExtension>
      <gpxtpx:hr>128</gpxtpx:hr>
     </gpxtpx:TrackPointExtension>
    </extensions>
   </trkpt>
   <trkpt lat="51.5534810" lon="-0.0792990">
    <ele>22.5</ele>
    <time>2024-09-12T17:53:57Z</time>
    <extensions>
     <gpxtpx:TrackPointExtension>
      <gpxtpx:hr>126</gpxtpx:hr>
     </gpxtpx:TrackPointExtension>
    </extensions>
   </trkpt>
   <trkpt lat="51.5535200" lon="-0.0793360">
    <ele>22.6</ele>
    <time>2024-09-12T17:53:58Z</time>
    <extensions>
     <gpxtpx:TrackPointExtension>
      <gpxtpx:hr>126</gpxtpx:hr>
     </gpxtpx:TrackPointExtension>
    </extensions>
   </trkpt>
   <trkpt lat="51.5535350" lon="-0.0793510">
    <ele>22.6</ele>
    <time>2024-09-12T17:53:59Z</time>
    <extensions>
     <gpxtpx:TrackPointExtension>
      <gpxtpx:hr>126</gpxtpx:hr>
     </gpxtpx:TrackPointExtension>
    </extensions>
   </trkpt>
   <trkpt lat="51.5535510" lon="-0.0793650">
    <ele>22.6</ele>
    <time>2024-09-12T17:54:00Z</time>
    <extensions>
     <gpxtpx:TrackPointExtension>
      <gpxtpx:hr>126</gpxtpx:hr>
     </gpxtpx:TrackPointExtension>
    </extensions>
   </trkpt>
   <trkpt lat="51.5535870" lon="-0.0793960">
    <ele>22.7</ele>
    <time>2024-09-12T17:54:01Z</time>
    <extensions>
     <gpxtpx:TrackPointExtension>
      <gpxtpx:hr>126</gpxtpx:hr>
     </gpxtpx:TrackPointExtension>
    </extensions>
   </trkpt>
   <trkpt lat="51.5535990" lon="-0.0794060">
    <ele>22.7</ele>
    <time>2024-09-12T17:54:02Z</time>
    <extensions>
     <gpxtpx:TrackPointExtension>
      <gpxtpx:hr>126</gpxtpx:hr>
     </gpxtpx:TrackPointExtension>
    </extensions>
   </trkpt>
   <trkpt lat="51.5536410" lon="-0.0794320">
    <ele>22.7</ele>
    <time>2024-09-12T17:54:03Z</time>
    <extensions>
     <gpxtpx:TrackPointExtension>
      <gpxtpx:hr>126</gpxtpx:hr>
     </gpxtpx:TrackPointExtension>
    </extensions>
   </trkpt>
   <trkpt lat="51.5536570" lon="-0.0794410">
    <ele>22.7</ele>
    <time>2024-09-12T17:54:04Z</time>
    <extensions>
     <gpxtpx:TrackPointExtension>
      <gpxtpx:hr>126</gpxtpx:hr>
     </gpxtpx:TrackPointExtension>
    </extensions>
   </trkpt>
   <trkpt lat="51.5536740" lon="-0.0794500">
    <ele>22.7</ele>
    <time>2024-09-12T17:54:05Z</time>
    <extensions>
     <gpxtpx:TrackPointExtension>
      <gpxtpx:hr>126</gpxtpx:hr>
     </gpxtpx:TrackPointExtension>
    </extensions>
   </trkpt>
   <trkpt lat="51.5537140" lon="-0.0794640">
    <ele>22.7</ele>
    <time>2024-09-12T17:54:06Z</time>
    <extensions>
     <gpxtpx:TrackPointExtension>
      <gpxtpx:hr>127</gpxtpx:hr>
     </gpxtpx:TrackPointExtension>
    </extensions>
   </trkpt>
   <trkpt lat="51.5537270" lon="-0.0794670">
    <ele>22.7</ele>
    <time>2024-09-12T17:54:07Z</time>
    <extensions>
     <gpxtpx:TrackPointExtension>
      <gpxtpx:hr>127</gpxtpx:hr>
     </gpxtpx:TrackPointExtension>
    </extensions>
   </trkpt>
   <trkpt lat="51.5537720" lon="-0.0794710">
    <ele>22.8</ele>
    <time>2024-09-12T17:54:08Z</time>
    <extensions>
     <gpxtpx:TrackPointExtension>
      <gpxtpx:hr>127</gpxtpx:hr>
     </gpxtpx:TrackPointExtension>
    </extensions>
   </trkpt>
   <trkpt lat="51.5537910" lon="-0.0794710">
    <ele>22.8</ele>
    <time>2024-09-12T17:54:09Z</time>
    <extensions>
     <gpxtpx:TrackPointExtension>
      <gpxtpx:hr>127</gpxtpx:hr>
     </gpxtpx:TrackPointExtension>
    </extensions>
   </trkpt>
   <trkpt lat="51.5538090" lon="-0.0794710">
    <ele>22.8</ele>
    <time>2024-09-12T17:54:10Z</time>
    <extensions>
     <gpxtpx:TrackPointExtension>
      <gpxtpx:hr>127</gpxtpx:hr>
     </gpxtpx:TrackPointExtension>
    </extensions>
   </trkpt>
   <trkpt lat="51.5538550" lon="-0.0794650">
    <ele>22.8</ele>
    <time>2024-09-12T17:54:11Z</time>
    <extensions>
     <gpxtpx:TrackPointExtension>
      <gpxtpx:hr>127</gpxtpx:hr>
     </gpxtpx:TrackPointExtension>
    </extensions>
   </trkpt>
   <trkpt lat="51.5538730" lon="-0.0794620">
    <ele>22.8</ele>
    <time>2024-09-12T17:54:12Z</time>
    <extensions>
     <gpxtpx:TrackPointExtension>
      <gpxtpx:hr>127</gpxtpx:hr>
     </gpxtpx:TrackPointExtension>
    </extensions>
   </trkpt>
   <trkpt lat="51.5538910" lon="-0.0794590">
    <ele>22.8</ele>
    <time>2024-09-12T17:54:13Z</time>
    <extensions>
     <gpxtpx:TrackPointExtension>
      <gpxtpx:hr>127</gpxtpx:hr>
     </gpxtpx:TrackPointExtension>
    </extensions>
   </trkpt>
   <trkpt lat="51.5539320" lon="-0.0794500">
    <ele>22.8</ele>
    <time>2024-09-12T17:54:14Z</time>
    <extensions>
     <gpxtpx:TrackPointExtension>
      <gpxtpx:hr>127</gpxtpx:hr>
     </gpxtpx:TrackPointExtension>
    </extensions>
   </trkpt>
   <trkpt lat="51.5539460" lon="-0.0794470">
    <ele>22.8</ele>
    <time>2024-09-12T17:54:15Z</time>
    <extensions>
     <gpxtpx:TrackPointExtension>
      <gpxtpx:hr>127</gpxtpx:hr>
     </gpxtpx:TrackPointExtension>
    </extensions>
   </trkpt>
   <trkpt lat="51.5539900" lon="-0.0794350">
    <ele>22.8</ele>
    <time>2024-09-12T17:54:16Z</time>
    <extensions>
     <gpxtpx:TrackPointExtension>
      <gpxtpx:hr>127</gpxtpx:hr>
     </gpxtpx:TrackPointExtension>
    </extensions>
   </trkpt>
   <trkpt lat="51.5540070" lon="-0.0794310">
    <ele>22.8</ele>
    <time>2024-09-12T17:54:17Z</time>
    <extensions>
     <gpxtpx:TrackPointExtension>
      <gpxtpx:hr>127</gpxtpx:hr>
     </gpxtpx:TrackPointExtension>
    </extensions>
   </trkpt>
   <trkpt lat="51.5540230" lon="-0.0794260">
    <ele>22.8</ele>
    <time>2024-09-12T17:54:18Z</time>
    <extensions>
     <gpxtpx:TrackPointExtension>
      <gpxtpx:hr>128</gpxtpx:hr>
     </gpxtpx:TrackPointExtension>
    </extensions>
   </trkpt>
   <trkpt lat="51.5540630" lon="-0.0794160">
    <ele>22.9</ele>
    <time>2024-09-12T17:54:19Z</time>
    <extensions>
     <gpxtpx:TrackPointExtension>
      <gpxtpx:hr>128</gpxtpx:hr>
     </gpxtpx:TrackPointExtension>
    </extensions>
   </trkpt>
   <trkpt lat="51.5540760" lon="-0.0794120">
    <ele>22.9</ele>
    <time>2024-09-12T17:54:20Z</time>
    <extensions>
     <gpxtpx:TrackPointExtension>
      <gpxtpx:hr>128</gpxtpx:hr>
     </gpxtpx:TrackPointExtension>
    </extensions>
   </trkpt>
   <trkpt lat="51.5541190" lon="-0.0794000">
    <ele>22.9</ele>
    <time>2024-09-12T17:54:21Z</time>
    <extensions>
     <gpxtpx:TrackPointExtension>
      <gpxtpx:hr>128</gpxtpx:hr>
     </gpxtpx:TrackPointExtension>
    </extensions>
   </trkpt>
   <trkpt lat="51.5541370" lon="-0.0793960">
    <ele>22.9</ele>
    <time>2024-09-12T17:54:22Z</time>
    <extensions>
     <gpxtpx:TrackPointExtension>
      <gpxtpx:hr>128</gpxtpx:hr>
     </gpxtpx:TrackPointExtension>
    </extensions>
   </trkpt>
   <trkpt lat="51.5541540" lon="-0.0793910">
    <ele>22.9</ele>
    <time>2024-09-12T17:54:23Z</time>
    <extensions>
     <gpxtpx:TrackPointExtension>
      <gpxtpx:hr>128</gpxtpx:hr>
     </gpxtpx:TrackPointExtension>
    </extensions>
   </trkpt>
   <trkpt lat="51.5541930" lon="-0.0793800">
    <ele>22.9</ele>
    <time>2024-09-12T17:54:24Z</time>
    <extensions>
     <gpxtpx:TrackPointExtension>
      <gpxtpx:hr>128</gpxtpx:hr>
     </gpxtpx:TrackPointExtension>
    </extensions>
   </trkpt>
   <trkpt lat="51.5542060" lon="-0.0793770">
    <ele>22.9</ele>
    <time>2024-09-12T17:54:25Z</time>
    <extensions>
     <gpxtpx:TrackPointExtension>
      <gpxtpx:hr>128</gpxtpx:hr>
     </gpxtpx:TrackPointExtension>
    </extensions>
   </trkpt>
   <trkpt lat="51.5542480" lon="-0.0793670">
    <ele>22.9</ele>
    <time>2024-09-12T17:54:26Z</time>
    <extensions>
     <gpxtpx:TrackPointExtension>
      <gpxtpx:hr>128</gpxtpx:hr>
     </gpxtpx:TrackPointExtension>
    </extensions>
   </trkpt>
   <trkpt lat="51.5542660" lon="-0.0793630">
    <ele>22.9</ele>
    <time>2024-09-12T17:54:27Z</time>
    <extensions>
     <gpxtpx:TrackPointExtension>
      <gpxtpx:hr>128</gpxtpx:hr>
     </gpxtpx:TrackPointExtension>
    </extensions>
   </trkpt>
   <trkpt lat="51.5542830" lon="-0.0793600">
    <ele>22.9</ele>
    <time>2024-09-12T17:54:28Z</time>
    <extensions>
     <gpxtpx:TrackPointExtension>
      <gpxtpx:hr>128</gpxtpx:hr>
     </gpxtpx:TrackPointExtension>
    </extensions>
   </trkpt>
   <trkpt lat="51.5543520" lon="-0.0793470">
    <ele>22.9</ele>
    <time>2024-09-12T17:54:29Z</time>
    <extensions>
     <gpxtpx:TrackPointExtension>
      <gpxtpx:hr>128</gpxtpx:hr>
     </gpxtpx:TrackPointExtension>
    </extensions>
   </trkpt>
   <trkpt lat="51.5543650" lon="-0.0793440">
    <ele>22.9</ele>
    <time>2024-09-12T17:54:30Z</time>
    <extensions>
     <gpxtpx:TrackPointExtension>
      <gpxtpx:hr>128</gpxtpx:hr>
     </gpxtpx:TrackPointExtension>
    </extensions>
   </trkpt>
   <trkpt lat="51.5544090" lon="-0.0793380">
    <ele>22.9</ele>
    <time>2024-09-12T17:54:31Z</time>
    <extensions>
     <gpxtpx:TrackPointExtension>
      <gpxtpx:hr>128</gpxtpx:hr>
     </gpxtpx:TrackPointExtension>
    </extensions>
   </trkpt>
   <trkpt lat="51.5544270" lon="-0.0793350">
    <ele>22.9</ele>
    <time>2024-09-12T17:54:32Z</time>
    <extensions>
     <gpxtpx:TrackPointExtension>
      <gpxtpx:hr>128</gpxtpx:hr>
     </gpxtpx:TrackPointExtension>
    </extensions>
   </trkpt>
   <trkpt lat="51.5544440" lon="-0.0793320">
    <ele>22.9</ele>
    <time>2024-09-12T17:54:33Z</time>
    <extensions>
     <gpxtpx:TrackPointExtension>
      <gpxtpx:hr>128</gpxtpx:hr>
     </gpxtpx:TrackPointExtension>
    </extensions>
   </trkpt>
   <trkpt lat="51.5544880" lon="-0.0793240">
    <ele>23.0</ele>
    <time>2024-09-12T17:54:34Z</time>
    <extensions>
     <gpxtpx:TrackPointExtension>
      <gpxtpx:hr>128</gpxtpx:hr>
     </gpxtpx:TrackPointExtension>
    </extensions>
   </trkpt>
   <trkpt lat="51.5545040" lon="-0.0793210">
    <ele>23.0</ele>
    <time>2024-09-12T17:54:35Z</time>
    <extensions>
     <gpxtpx:TrackPointExtension>
      <gpxtpx:hr>129</gpxtpx:hr>
     </gpxtpx:TrackPointExtension>
    </extensions>
   </trkpt>
   <trkpt lat="51.5545210" lon="-0.0793170">
    <ele>23.0</ele>
    <time>2024-09-12T17:54:36Z</time>
    <extensions>
     <gpxtpx:TrackPointExtension>
      <gpxtpx:hr>129</gpxtpx:hr>
     </gpxtpx:TrackPointExtension>
    </extensions>
   </trkpt>
   <trkpt lat="51.5545600" lon="-0.0793100">
    <ele>23.0</ele>
    <time>2024-09-12T17:54:37Z</time>
    <extensions>
     <gpxtpx:TrackPointExtension>
      <gpxtpx:hr>129</gpxtpx:hr>
     </gpxtpx:TrackPointExtension>
    </extensions>
   </trkpt>
   <trkpt lat="51.5545730" lon="-0.0793080">
    <ele>23.0</ele>
    <time>2024-09-12T17:54:38Z</time>
    <extensions>
     <gpxtpx:TrackPointExtension>
      <gpxtpx:hr>129</gpxtpx:hr>
     </gpxtpx:TrackPointExtension>
    </extensions>
   </trkpt>
   <trkpt lat="51.5546170" lon="-0.0792970">
    <ele>23.0</ele>
    <time>2024-09-12T17:54:39Z</time>
    <extensions>
     <gpxtpx:TrackPointExtension>
      <gpxtpx:hr>129</gpxtpx:hr>
     </gpxtpx:TrackPointExtension>
    </extensions>
   </trkpt>
   <trkpt lat="51.5546350" lon="-0.0792900">
    <ele>23.0</ele>
    <time>2024-09-12T17:54:40Z</time>
    <extensions>
     <gpxtpx:TrackPointExtension>
      <gpxtpx:hr>129</gpxtpx:hr>
     </gpxtpx:TrackPointExtension>
    </extensions>
   </trkpt>
   <trkpt lat="51.5546520" lon="-0.0792840">
    <ele>23.0</ele>
    <time>2024-09-12T17:54:41Z</time>
    <extensions>
     <gpxtpx:TrackPointExtension>
      <gpxtpx:hr>129</gpxtpx:hr>
     </gpxtpx:TrackPointExtension>
    </extensions>
   </trkpt>
   <trkpt lat="51.5546960" lon="-0.0792650">
    <ele>23.1</ele>
    <time>2024-09-12T17:54:42Z</time>
    <extensions>
     <gpxtpx:TrackPointExtension>
      <gpxtpx:hr>129</gpxtpx:hr>
     </gpxtpx:TrackPointExtension>
    </extensions>
   </trkpt>
   <trkpt lat="51.5547110" lon="-0.0792590">
    <ele>23.1</ele>
    <time>2024-09-12T17:54:43Z</time>
    <extensions>
     <gpxtpx:TrackPointExtension>
      <gpxtpx:hr>129</gpxtpx:hr>
     </gpxtpx:TrackPointExtension>
    </extensions>
   </trkpt>
   <trkpt lat="51.5547600" lon="-0.0792490">
    <ele>23.0</ele>
    <time>2024-09-12T17:54:44Z</time>
    <extensions>
     <gpxtpx:TrackPointExtension>
      <gpxtpx:hr>129</gpxtpx:hr>
     </gpxtpx:TrackPointExtension>
    </extensions>
   </trkpt>
   <trkpt lat="51.5547790" lon="-0.0792470">
    <ele>23.0</ele>
    <time>2024-09-12T17:54:45Z</time>
    <extensions>
     <gpxtpx:TrackPointExtension>
      <gpxtpx:hr>129</gpxtpx:hr>
     </gpxtpx:TrackPointExtension>
    </extensions>
   </trkpt>
   <trkpt lat="51.5547980" lon="-0.0792450">
    <ele>23.0</ele>
    <time>2024-09-12T17:54:46Z</time>
    <extensions>
     <gpxtpx:TrackPointExtension>
      <gpxtpx:hr>129</gpxtpx:hr>
     </gpxtpx:TrackPointExtension>
    </extensions>
   </trkpt>
   <trkpt lat="51.5548380" lon="-0.0792470">
    <ele>23.0</ele>
    <time>2024-09-12T17:54:47Z</time>
    <extensions>
     <gpxtpx:TrackPointExtension>
      <gpxtpx:hr>129</gpxtpx:hr>
     </gpxtpx:TrackPointExtension>
    </extensions>
   </trkpt>
   <trkpt lat="51.5548510" lon="-0.0792470">
    <ele>23.0</ele>
    <time>2024-09-12T17:54:48Z</time>
    <extensions>
     <gpxtpx:TrackPointExtension>
      <gpxtpx:hr>129</gpxtpx:hr>
     </gpxtpx:TrackPointExtension>
    </extensions>
   </trkpt>
   <trkpt lat="51.5548950" lon="-0.0792420">
    <ele>23.0</ele>
    <time>2024-09-12T17:54:49Z</time>
    <extensions>
     <gpxtpx:TrackPointExtension>
      <gpxtpx:hr>129</gpxtpx:hr>
     </gpxtpx:TrackPointExtension>
    </extensions>
   </trkpt>
   <trkpt lat="51.5549130" lon="-0.0792390">
    <ele>23.0</ele>
    <time>2024-09-12T17:54:50Z</time>
    <extensions>
     <gpxtpx:TrackPointExtension>
      <gpxtpx:hr>129</gpxtpx:hr>
     </gpxtpx:TrackPointExtension>
    </extensions>
   </trkpt>
   <trkpt lat="51.5549310" lon="-0.0792360">
    <ele>23.0</ele>
    <time>2024-09-12T17:54:51Z</time>
    <extensions>
     <gpxtpx:TrackPointExtension>
      <gpxtpx:hr>129</gpxtpx:hr>
     </gpxtpx:TrackPointExtension>
    </extensions>
   </trkpt>
   <trkpt lat="51.5549700" lon="-0.0792270">
    <ele>23.0</ele>
    <time>2024-09-12T17:54:52Z</time>
    <extensions>
     <gpxtpx:TrackPointExtension>
      <gpxtpx:hr>129</gpxtpx:hr>
     </gpxtpx:TrackPointExtension>
    </extensions>
   </trkpt>
   <trkpt lat="51.5549840" lon="-0.0792250">
    <ele>23.0</ele>
    <time>2024-09-12T17:54:53Z</time>
    <extensions>
     <gpxtpx:TrackPointExtension>
      <gpxtpx:hr>129</gpxtpx:hr>
     </gpxtpx:TrackPointExtension>
    </extensions>
   </trkpt>
   <trkpt lat="51.5550310" lon="-0.0792190">
    <ele>23.0</ele>
    <time>2024-09-12T17:54:54Z</time>
    <extensions>
     <gpxtpx:TrackPointExtension>
      <gpxtpx:hr>129</gpxtpx:hr>
     </gpxtpx:TrackPointExtension>
    </extensions>
   </trkpt>
   <trkpt lat="51.5550500" lon="-0.0792180">
    <ele>23.0</ele>
    <time>2024-09-12T17:54:55Z</time>
    <extensions>
     <gpxtpx:TrackPointExtension>
      <gpxtpx:hr>129</gpxtpx:hr>
     </gpxtpx:TrackPointExtension>
    </extensions>
   </trkpt>
   <trkpt lat="51.5550690" lon="-0.0792160">
    <ele>23.0</ele>
    <time>2024-09-12T17:54:56Z</time>
    <extensions>
     <gpxtpx:TrackPointExtension>
      <gpxtpx:hr>129</gpxtpx:hr>
     </gpxtpx:TrackPointExtension>
    </extensions>
   </trkpt>
   <trkpt lat="51.5551110" lon="-0.0792170">
    <ele>23.0</ele>
    <time>2024-09-12T17:54:57Z</time>
    <extensions>
     <gpxtpx:TrackPointExtension>
      <gpxtpx:hr>129</gpxtpx:hr>
     </gpxtpx:TrackPointExtension>
    </extensions>
   </trkpt>
   <trkpt lat="51.5551250" lon="-0.0792180">
    <ele>23.0</ele>
    <time>2024-09-12T17:54:58Z</time>
    <extensions>
     <gpxtpx:TrackPointExtension>
      <gpxtpx:hr>129</gpxtpx:hr>
     </gpxtpx:TrackPointExtension>
    </extensions>
   </trkpt>
   <trkpt lat="51.5551690" lon="-0.0792170">
    <ele>23.0</ele>
    <time>2024-09-12T17:54:59Z</time>
    <extensions>
     <gpxtpx:TrackPointExtension>
      <gpxtpx:hr>129</gpxtpx:hr>
     </gpxtpx:TrackPointExtension>
    </extensions>
   </trkpt>
   <trkpt lat="51.5551860" lon="-0.0792160">
    <ele>23.0</ele>
    <time>2024-09-12T17:55:00Z</time>
    <extensions>
     <gpxtpx:TrackPointExtension>
      <gpxtpx:hr>129</gpxtpx:hr>
     </gpxtpx:TrackPointExtension>
    </extensions>
   </trkpt>
   <trkpt lat="51.5552030" lon="-0.0792160">
    <ele>23.0</ele>
    <time>2024-09-12T17:55:01Z</time>
    <extensions>
     <gpxtpx:TrackPointExtension>
      <gpxtpx:hr>129</gpxtpx:hr>
     </gpxtpx:TrackPointExtension>
    </extensions>
   </trkpt>
   <trkpt lat="51.5552480" lon="-0.0792210">
    <ele>23.0</ele>
    <time>2024-09-12T17:55:02Z</time>
    <extensions>
     <gpxtpx:TrackPointExtension>
      <gpxtpx:hr>129</gpxtpx:hr>
     </gpxtpx:TrackPointExtension>
    </extensions>
   </trkpt>
   <trkpt lat="51.5552660" lon="-0.0792230">
    <ele>23.0</ele>
    <time>2024-09-12T17:55:03Z</time>
    <extensions>
     <gpxtpx:TrackPointExtension>
      <gpxtpx:hr>129</gpxtpx:hr>
     </gpxtpx:TrackPointExtension>
    </extensions>
   </trkpt>
   <trkpt lat="51.5552840" lon="-0.0792260">
    <ele>23.0</ele>
    <time>2024-09-12T17:55:04Z</time>
    <extensions>
     <gpxtpx:TrackPointExtension>
      <gpxtpx:hr>129</gpxtpx:hr>
     </gpxtpx:TrackPointExtension>
    </extensions>
   </trkpt>
   <trkpt lat="51.5553230" lon="-0.0792310">
    <ele>23.0</ele>
    <time>2024-09-12T17:55:05Z</time>
    <extensions>
     <gpxtpx:TrackPointExtension>
      <gpxtpx:hr>129</gpxtpx:hr>
     </gpxtpx:TrackPointExtension>
    </extensions>
   </trkpt>
   <trkpt lat="51.5553350" lon="-0.0792330">
    <ele>23.0</ele>
    <time>2024-09-12T17:55:06Z</time>
    <extensions>
     <gpxtpx:TrackPointExtension>
      <gpxtpx:hr>129</gpxtpx:hr>
     </gpxtpx:TrackPointExtension>
    </extensions>
   </trkpt>
   <trkpt lat="51.5553760" lon="-0.0792370">
    <ele>23.0</ele>
    <time>2024-09-12T17:55:07Z</time>
    <extensions>
     <gpxtpx:TrackPointExtension>
      <gpxtpx:hr>129</gpxtpx:hr>
     </gpxtpx:TrackPointExtension>
    </extensions>
   </trkpt>
   <trkpt lat="51.5553920" lon="-0.0792380">
    <ele>23.0</ele>
    <time>2024-09-12T17:55:08Z</time>
    <extensions>
     <gpxtpx:TrackPointExtension>
      <gpxtpx:hr>129</gpxtpx:hr>
     </gpxtpx:TrackPointExtension>
    </extensions>
   </trkpt>
   <trkpt lat="51.5554090" lon="-0.0792390">
    <ele>23.0</ele>
    <time>2024-09-12T17:55:09Z</time>
    <extensions>
     <gpxtpx:TrackPointExtension>
      <gpxtpx:hr>129</gpxtpx:hr>
     </gpxtpx:TrackPointExtension>
    </extensions>
   </trkpt>
   <trkpt lat="51.5554460" lon="-0.0792390">
    <ele>23.0</ele>
    <time>2024-09-12T17:55:10Z</time>
    <extensions>
     <gpxtpx:TrackPointExtension>
      <gpxtpx:hr>129</gpxtpx:hr>
     </gpxtpx:TrackPointExtension>
    </extensions>
   </trkpt>
   <trkpt lat="51.5554590" lon="-0.0792380">
    <ele>23.0</ele>
    <time>2024-09-12T17:55:11Z</time>
    <extensions>
     <gpxtpx:TrackPointExtension>
      <gpxtpx:hr>129</gpxtpx:hr>
     </gpxtpx:TrackPointExtension>
    </extensions>
   </trkpt>
   <trkpt lat="51.5555010" lon="-0.0792340">
    <ele>23.0</ele>
    <time>2024-09-12T17:55:12Z</time>
    <extensions>
     <gpxtpx:TrackPointExtension>
      <gpxtpx:hr>129</gpxtpx:hr>
     </gpxtpx:TrackPointExtension>
    </extensions>
   </trkpt>
   <trkpt lat="51.5555170" lon="-0.0792340">
    <ele>23.0</ele>
    <time>2024-09-12T17:55:13Z</time>
    <extensions>
     <gpxtpx:TrackPointExtension>
      <gpxtpx:hr>129</gpxtpx:hr>
     </gpxtpx:TrackPointExtension>
    </extensions>
   </trkpt>
   <trkpt lat="51.5555340" lon="-0.0792340">
    <ele>23.0</ele>
    <time>2024-09-12T17:55:14Z</time>
    <extensions>
     <gpxtpx:TrackPointExtension>
      <gpxtpx:hr>129</gpxtpx:hr>
     </gpxtpx:TrackPointExtension>
    </extensions>
   </trkpt>
   <trkpt lat="51.5555720" lon="-0.0792390">
    <ele>22.9</ele>
    <time>2024-09-12T17:55:15Z</time>
    <extensions>
     <gpxtpx:TrackPointExtension>
      <gpxtpx:hr>129</gpxtpx:hr>
     </gpxtpx:TrackPointExtension>
    </extensions>
   </trkpt>
   <trkpt lat="51.5555850" lon="-0.0792390">
    <ele>22.9</ele>
    <time>2024-09-12T17:55:16Z</time>
    <extensions>
     <gpxtpx:TrackPointExtension>
      <gpxtpx:hr>129</gpxtpx:hr>
     </gpxtpx:TrackPointExtension>
    </extensions>
   </trkpt>
   <trkpt lat="51.5556280" lon="-0.0792410">
    <ele>22.9</ele>
    <time>2024-09-12T17:55:17Z</time>
    <extensions>
     <gpxtpx:TrackPointExtension>
      <gpxtpx:hr>129</gpxtpx:hr>
     </gpxtpx:TrackPointExtension>
    </extensions>
   </trkpt>
   <trkpt lat="51.5556450" lon="-0.0792410">
    <ele>22.9</ele>
    <time>2024-09-12T17:55:18Z</time>
    <extensions>
     <gpxtpx:TrackPointExtension>
      <gpxtpx:hr>130</gpxtpx:hr>
     </gpxtpx:TrackPointExtension>
    </extensions>
   </trkpt>
   <trkpt lat="51.5556630" lon="-0.0792400">
    <ele>22.9</ele>
    <time>2024-09-12T17:55:19Z</time>
    <extensions>
     <gpxtpx:TrackPointExtension>
      <gpxtpx:hr>130</gpxtpx:hr>
     </gpxtpx:TrackPointExtension>
    </extensions>
   </trkpt>
   <trkpt lat="51.5557020" lon="-0.0792340">
    <ele>22.9</ele>
    <time>2024-09-12T17:55:20Z</time>
    <extensions>
     <gpxtpx:TrackPointExtension>
      <gpxtpx:hr>130</gpxtpx:hr>
     </gpxtpx:TrackPointExtension>
    </extensions>
   </trkpt>
   <trkpt lat="51.5557150" lon="-0.0792310">
    <ele>22.9</ele>
    <time>2024-09-12T17:55:21Z</time>
    <extensions>
     <gpxtpx:TrackPointExtension>
      <gpxtpx:hr>130</gpxtpx:hr>
     </gpxtpx:TrackPointExtension>
    </extensions>
   </trkpt>
   <trkpt lat="51.5557600" lon="-0.0792200">
    <ele>22.9</ele>
    <time>2024-09-12T17:55:22Z</time>
    <extensions>
     <gpxtpx:TrackPointExtension>
      <gpxtpx:hr>130</gpxtpx:hr>
     </gpxtpx:TrackPointExtension>
    </extensions>
   </trkpt>
   <trkpt lat="51.5557790" lon="-0.0792160">
    <ele>22.9</ele>
    <time>2024-09-12T17:55:23Z</time>
    <extensions>
     <gpxtpx:TrackPointExtension>
      <gpxtpx:hr>129</gpxtpx:hr>
     </gpxtpx:TrackPointExtension>
    </extensions>
   </trkpt>
   <trkpt lat="51.5557970" lon="-0.0792110">
    <ele>22.9</ele>
    <time>2024-09-12T17:55:24Z</time>
    <extensions>
     <gpxtpx:TrackPointExtension>
      <gpxtpx:hr>129</gpxtpx:hr>
     </gpxtpx:TrackPointExtension>
    </extensions>
   </trkpt>
   <trkpt lat="51.5558430" lon="-0.0792000">
    <ele>22.9</ele>
    <time>2024-09-12T17:55:25Z</time>
    <extensions>
     <gpxtpx:TrackPointExtension>
      <gpxtpx:hr>129</gpxtpx:hr>
     </gpxtpx:TrackPointExtension>
    </extensions>
   </trkpt>
   <trkpt lat="51.5558620" lon="-0.0791960">
    <ele>22.9</ele>
    <time>2024-09-12T17:55:26Z</time>
    <extensions>
     <gpxtpx:TrackPointExtension>
      <gpxtpx:hr>129</gpxtpx:hr>
     </gpxtpx:TrackPointExtension>
    </extensions>
   </trkpt>
   <trkpt lat="51.5558810" lon="-0.0791910">
    <ele>22.9</ele>
    <time>2024-09-12T17:55:27Z</time>
    <extensions>
     <gpxtpx:TrackPointExtension>
      <gpxtpx:hr>129</gpxtpx:hr>
     </gpxtpx:TrackPointExtension>
    </extensions>
   </trkpt>
   <trkpt lat="51.5559240" lon="-0.0791830">
    <ele>22.9</ele>
    <time>2024-09-12T17:55:28Z</time>
    <extensions>
     <gpxtpx:TrackPointExtension>
      <gpxtpx:hr>129</gpxtpx:hr>
     </gpxtpx:TrackPointExtension>
    </extensions>
   </trkpt>
   <trkpt lat="51.5559380" lon="-0.0791810">
    <ele>22.9</ele>
    <time>2024-09-12T17:55:29Z</time>
    <extensions>
     <gpxtpx:TrackPointExtension>
      <gpxtpx:hr>130</gpxtpx:hr>
     </gpxtpx:TrackPointExtension>
    </extensions>
   </trkpt>
   <trkpt lat="51.5559850" lon="-0.0791730">
    <ele>22.9</ele>
    <time>2024-09-12T17:55:30Z</time>
    <extensions>
     <gpxtpx:TrackPointExtension>
      <gpxtpx:hr>130</gpxtpx:hr>
     </gpxtpx:TrackPointExtension>
    </extensions>
   </trkpt>
   <trkpt lat="51.5560040" lon="-0.0791700">
    <ele>22.9</ele>
    <time>2024-09-12T17:55:31Z</time>
    <extensions>
     <gpxtpx:TrackPointExtension>
      <gpxtpx:hr>130</gpxtpx:hr>
     </gpxtpx:TrackPointExtension>
    </extensions>
   </trkpt>
   <trkpt lat="51.5560220" lon="-0.0791660">
    <ele>22.9</ele>
    <time>2024-09-12T17:55:32Z</time>
    <extensions>
     <gpxtpx:TrackPointExtension>
      <gpxtpx:hr>130</gpxtpx:hr>
     </gpxtpx:TrackPointExtension>
    </extensions>
   </trkpt>
   <trkpt lat="51.5560650" lon="-0.0791530">
    <ele>23.0</ele>
    <time>2024-09-12T17:55:33Z</time>
    <extensions>
     <gpxtpx:TrackPointExtension>
      <gpxtpx:hr>130</gpxtpx:hr>
     </gpxtpx:TrackPointExtension>
    </extensions>
   </trkpt>
   <trkpt lat="51.5560790" lon="-0.0791490">
    <ele>23.0</ele>
    <time>2024-09-12T17:55:34Z</time>
    <extensions>
     <gpxtpx:TrackPointExtension>
      <gpxtpx:hr>130</gpxtpx:hr>
     </gpxtpx:TrackPointExtension>
    </extensions>
   </trkpt>
   <trkpt lat="51.5561270" lon="-0.0791350">
    <ele>23.0</ele>
    <time>2024-09-12T17:55:35Z</time>
    <extensions>
     <gpxtpx:TrackPointExtension>
      <gpxtpx:hr>130</gpxtpx:hr>
     </gpxtpx:TrackPointExtension>
    </extensions>
   </trkpt>
   <trkpt lat="51.5561460" lon="-0.0791300">
    <ele>23.0</ele>
    <time>2024-09-12T17:55:36Z</time>
    <extensions>
     <gpxtpx:TrackPointExtension>
      <gpxtpx:hr>130</gpxtpx:hr>
     </gpxtpx:TrackPointExtension>
    </extensions>
   </trkpt>
   <trkpt lat="51.5561650" lon="-0.0791250">
    <ele>23.0</ele>
    <time>2024-09-12T17:55:37Z</time>
    <extensions>
     <gpxtpx:TrackPointExtension>
      <gpxtpx:hr>128</gpxtpx:hr>
     </gpxtpx:TrackPointExtension>
    </extensions>
   </trkpt>
   <trkpt lat="51.5562070" lon="-0.0791140">
    <ele>23.0</ele>
    <time>2024-09-12T17:55:38Z</time>
    <extensions>
     <gpxtpx:TrackPointExtension>
      <gpxtpx:hr>128</gpxtpx:hr>
     </gpxtpx:TrackPointExtension>
    </extensions>
   </trkpt>
   <trkpt lat="51.5562220" lon="-0.0791110">
    <ele>23.0</ele>
    <time>2024-09-12T17:55:39Z</time>
    <extensions>
     <gpxtpx:TrackPointExtension>
      <gpxtpx:hr>128</gpxtpx:hr>
     </gpxtpx:TrackPointExtension>
    </extensions>
   </trkpt>
   <trkpt lat="51.5562690" lon="-0.0791000">
    <ele>23.0</ele>
    <time>2024-09-12T17:55:40Z</time>
    <extensions>
     <gpxtpx:TrackPointExtension>
      <gpxtpx:hr>128</gpxtpx:hr>
     </gpxtpx:TrackPointExtension>
    </extensions>
   </trkpt>
   <trkpt lat="51.5562880" lon="-0.0790950">
    <ele>23.0</ele>
    <time>2024-09-12T17:55:41Z</time>
    <extensions>
     <gpxtpx:TrackPointExtension>
      <gpxtpx:hr>128</gpxtpx:hr>
     </gpxtpx:TrackPointExtension>
    </extensions>
   </trkpt>
   <trkpt lat="51.5563060" lon="-0.0790900">
    <ele>23.0</ele>
    <time>2024-09-12T17:55:42Z</time>
    <extensions>
     <gpxtpx:TrackPointExtension>
      <gpxtpx:hr>128</gpxtpx:hr>
     </gpxtpx:TrackPointExtension>
    </extensions>
   </trkpt>
   <trkpt lat="51.5563470" lon="-0.0790720">
    <ele>23.1</ele>
    <time>2024-09-12T17:55:43Z</time>
    <extensions>
     <gpxtpx:TrackPointExtension>
      <gpxtpx:hr>129</gpxtpx:hr>
     </gpxtpx:TrackPointExtension>
    </extensions>
   </trkpt>
   <trkpt lat="51.5563600" lon="-0.0790650">
    <ele>23.1</ele>
    <time>2024-09-12T17:55:44Z</time>
    <extensions>
     <gpxtpx:TrackPointExtension>
      <gpxtpx:hr>129</gpxtpx:hr>
     </gpxtpx:TrackPointExtension>
    </extensions>
   </trkpt>
   <trkpt lat="51.5564020" lon="-0.0790380">
    <ele>23.1</ele>
    <time>2024-09-12T17:55:45Z</time>
    <extensions>
     <gpxtpx:TrackPointExtension>
      <gpxtpx:hr>129</gpxtpx:hr>
     </gpxtpx:TrackPointExtension>
    </extensions>
   </trkpt>
   <trkpt lat="51.5564190" lon="-0.0790280">
    <ele>23.1</ele>
    <time>2024-09-12T17:55:46Z</time>
    <extensions>
     <gpxtpx:TrackPointExtension>
      <gpxtpx:hr>129</gpxtpx:hr>
     </gpxtpx:TrackPointExtension>
    </extensions>
   </trkpt>
   <trkpt lat="51.5564350" lon="-0.0790180">
    <ele>23.1</ele>
    <time>2024-09-12T17:55:47Z</time>
    <extensions>
     <gpxtpx:TrackPointExtension>
      <gpxtpx:hr>129</gpxtpx:hr>
     </gpxtpx:TrackPointExtension>
    </extensions>
   </trkpt>
   <trkpt lat="51.5564790" lon="-0.0790040">
    <ele>23.1</ele>
    <time>2024-09-12T17:55:48Z</time>
    <extensions>
     <gpxtpx:TrackPointExtension>
      <gpxtpx:hr>129</gpxtpx:hr>
     </gpxtpx:TrackPointExtension>
    </extensions>
   </trkpt>
   <trkpt lat="51.5564970" lon="-0.0790000">
    <ele>23.1</ele>
    <time>2024-09-12T17:55:49Z</time>
    <extensions>
     <gpxtpx:TrackPointExtension>
      <gpxtpx:hr>129</gpxtpx:hr>
     </gpxtpx:TrackPointExtension>
    </extensions>
   </trkpt>
   <trkpt lat="51.5565140" lon="-0.0789960">
    <ele>23.2</ele>
    <time>2024-09-12T17:55:50Z</time>
    <extensions>
     <gpxtpx:TrackPointExtension>
      <gpxtpx:hr>129</gpxtpx:hr>
     </gpxtpx:TrackPointExtension>
    </extensions>
   </trkpt>
   <trkpt lat="51.5565550" lon="-0.0789900">
    <ele>23.2</ele>
    <time>2024-09-12T17:55:51Z</time>
    <extensions>
     <gpxtpx:TrackPointExtension>
      <gpxtpx:hr>129</gpxtpx:hr>
     </gpxtpx:TrackPointExtension>
    </extensions>
   </trkpt>
   <trkpt lat="51.5565680" lon="-0.0789880">
    <ele>23.2</ele>
    <time>2024-09-12T17:55:52Z</time>
    <extensions>
     <gpxtpx:TrackPointExtension>
      <gpxtpx:hr>129</gpxtpx:hr>
     </gpxtpx:TrackPointExtension>
    </extensions>
   </trkpt>
   <trkpt lat="51.5566110" lon="-0.0789810">
    <ele>23.2</ele>
    <time>2024-09-12T17:55:53Z</time>
    <extensions>
     <gpxtpx:TrackPointExtension>
      <gpxtpx:hr>127</gpxtpx:hr>
     </gpxtpx:TrackPointExtension>
    </extensions>
   </trkpt>
   <trkpt lat="51.5566280" lon="-0.0789790">
    <ele>23.2</ele>
    <time>2024-09-12T17:55:54Z</time>
    <extensions>
     <gpxtpx:TrackPointExtension>
      <gpxtpx:hr>127</gpxtpx:hr>
     </gpxtpx:TrackPointExtension>
    </extensions>
   </trkpt>
   <trkpt lat="51.5566460" lon="-0.0789760">
    <ele>23.3</ele>
    <time>2024-09-12T17:55:55Z</time>
    <extensions>
     <gpxtpx:TrackPointExtension>
      <gpxtpx:hr>127</gpxtpx:hr>
     </gpxtpx:TrackPointExtension>
    </extensions>
   </trkpt>
   <trkpt lat="51.5566840" lon="-0.0789700">
    <ele>23.3</ele>
    <time>2024-09-12T17:55:56Z</time>
    <extensions>
     <gpxtpx:TrackPointExtension>
      <gpxtpx:hr>127</gpxtpx:hr>
     </gpxtpx:TrackPointExtension>
    </extensions>
   </trkpt>
   <trkpt lat="51.5566970" lon="-0.0789680">
    <ele>23.3</ele>
    <time>2024-09-12T17:55:57Z</time>
    <extensions>
     <gpxtpx:TrackPointExtension>
      <gpxtpx:hr>127</gpxtpx:hr>
     </gpxtpx:TrackPointExtension>
    </extensions>
   </trkpt>
   <trkpt lat="51.5567390" lon="-0.0789610">
    <ele>23.3</ele>
    <time>2024-09-12T17:55:58Z</time>
    <extensions>
     <gpxtpx:TrackPointExtension>
      <gpxtpx:hr>127</gpxtpx:hr>
     </gpxtpx:TrackPointExtension>
    </extensions>
   </trkpt>
   <trkpt lat="51.5567570" lon="-0.0789590">
    <ele>23.3</ele>
    <time>2024-09-12T17:55:59Z</time>
    <extensions>
     <gpxtpx:TrackPointExtension>
      <gpxtpx:hr>127</gpxtpx:hr>
     </gpxtpx:TrackPointExtension>
    </extensions>
   </trkpt>
   <trkpt lat="51.5567740" lon="-0.0789570">
    <ele>23.4</ele>
    <time>2024-09-12T17:56:00Z</time>
    <extensions>
     <gpxtpx:TrackPointExtension>
      <gpxtpx:hr>127</gpxtpx:hr>
     </gpxtpx:TrackPointExtension>
    </extensions>
   </trkpt>
   <trkpt lat="51.5568130" lon="-0.0789500">
    <ele>23.4</ele>
    <time>2024-09-12T17:56:01Z</time>
    <extensions>
     <gpxtpx:TrackPointExtension>
      <gpxtpx:hr>127</gpxtpx:hr>
     </gpxtpx:TrackPointExtension>
    </extensions>
   </trkpt>
   <trkpt lat="51.5568260" lon="-0.0789480">
    <ele>23.4</ele>
    <time>2024-09-12T17:56:02Z</time>
    <extensions>
     <gpxtpx:TrackPointExtension>
      <gpxtpx:hr>127</gpxtpx:hr>
     </gpxtpx:TrackPointExtension>
    </extensions>
   </trkpt>
   <trkpt lat="51.5568700" lon="-0.0789390">
    <ele>23.4</ele>
    <time>2024-09-12T17:56:03Z</time>
    <extensions>
     <gpxtpx:TrackPointExtension>
      <gpxtpx:hr>129</gpxtpx:hr>
     </gpxtpx:TrackPointExtension>
    </extensions>
   </trkpt>
   <trkpt lat="51.5568870" lon="-0.0789360">
    <ele>23.4</ele>
    <time>2024-09-12T17:56:04Z</time>
    <extensions>
     <gpxtpx:TrackPointExtension>
      <gpxtpx:hr>129</gpxtpx:hr>
     </gpxtpx:TrackPointExtension>
    </extensions>
   </trkpt>
   <trkpt lat="51.5569050" lon="-0.0789320">
    <ele>23.4</ele>
    <time>2024-09-12T17:56:05Z</time>
    <extensions>
     <gpxtpx:TrackPointExtension>
      <gpxtpx:hr>129</gpxtpx:hr>
     </gpxtpx:TrackPointExtension>
    </extensions>
   </trkpt>
   <trkpt lat="51.5569440" lon="-0.0789260">
    <ele>23.5</ele>
    <time>2024-09-12T17:56:06Z</time>
    <extensions>
     <gpxtpx:TrackPointExtension>
      <gpxtpx:hr>129</gpxtpx:hr>
     </gpxtpx:TrackPointExtension>
    </extensions>
   </trkpt>
   <trkpt lat="51.5569580" lon="-0.0789250">
    <ele>23.5</ele>
    <time>2024-09-12T17:56:07Z</time>
    <extensions>
     <gpxtpx:TrackPointExtension>
      <gpxtpx:hr>129</gpxtpx:hr>
     </gpxtpx:TrackPointExtension>
    </extensions>
   </trkpt>
   <trkpt lat="51.5570010" lon="-0.0789190">
    <ele>23.5</ele>
    <time>2024-09-12T17:56:08Z</time>
    <extensions>
     <gpxtpx:TrackPointExtension>
      <gpxtpx:hr>130</gpxtpx:hr>
     </gpxtpx:TrackPointExtension>
    </extensions>
   </trkpt>
   <trkpt lat="51.5570180" lon="-0.0789160">
    <ele>23.5</ele>
    <time>2024-09-12T17:56:09Z</time>
    <extensions>
     <gpxtpx:TrackPointExtension>
      <gpxtpx:hr>130</gpxtpx:hr>
     </gpxtpx:TrackPointExtension>
    </extensions>
   </trkpt>
   <trkpt lat="51.5570350" lon="-0.0789130">
    <ele>23.5</ele>
    <time>2024-09-12T17:56:10Z</time>
    <extensions>
     <gpxtpx:TrackPointExtension>
      <gpxtpx:hr>130</gpxtpx:hr>
     </gpxtpx:TrackPointExtension>
    </extensions>
   </trkpt>
   <trkpt lat="51.5570800" lon="-0.0789070">
    <ele>23.5</ele>
    <time>2024-09-12T17:56:11Z</time>
    <extensions>
     <gpxtpx:TrackPointExtension>
      <gpxtpx:hr>130</gpxtpx:hr>
     </gpxtpx:TrackPointExtension>
    </extensions>
   </trkpt>
   <trkpt lat="51.5570980" lon="-0.0789050">
    <ele>23.6</ele>
    <time>2024-09-12T17:56:12Z</time>
    <extensions>
     <gpxtpx:TrackPointExtension>
      <gpxtpx:hr>130</gpxtpx:hr>
     </gpxtpx:TrackPointExtension>
    </extensions>
   </trkpt>
   <trkpt lat="51.5571160" lon="-0.0789020">
    <ele>23.6</ele>
    <time>2024-09-12T17:56:13Z</time>
    <extensions>
     <gpxtpx:TrackPointExtension>
      <gpxtpx:hr>130</gpxtpx:hr>
     </gpxtpx:TrackPointExtension>
    </extensions>
   </trkpt>
   <trkpt lat="51.5571570" lon="-0.0788970">
    <ele>23.6</ele>
    <time>2024-09-12T17:56:14Z</time>
    <extensions>
     <gpxtpx:TrackPointExtension>
      <gpxtpx:hr>130</gpxtpx:hr>
     </gpxtpx:TrackPointExtension>
    </extensions>
   </trkpt>
   <trkpt lat="51.5571700" lon="-0.0788950">
    <ele>23.6</ele>
    <time>2024-09-12T17:56:15Z</time>
    <extensions>
     <gpxtpx:TrackPointExtension>
      <gpxtpx:hr>130</gpxtpx:hr>
     </gpxtpx:TrackPointExtension>
    </extensions>
   </trkpt>
   <trkpt lat="51.5572150" lon="-0.0788890">
    <ele>23.6</ele>
    <time>2024-09-12T17:56:16Z</time>
    <extensions>
     <gpxtpx:TrackPointExtension>
      <gpxtpx:hr>130</gpxtpx:hr>
     </gpxtpx:TrackPointExtension>
    </extensions>
   </trkpt>
   <trkpt lat="51.5572320" lon="-0.0788860">
    <ele>23.6</ele>
    <time>2024-09-12T17:56:17Z</time>
    <extensions>
     <gpxtpx:TrackPointExtension>
      <gpxtpx:hr>130</gpxtpx:hr>
     </gpxtpx:TrackPointExtension>
    </extensions>
   </trkpt>
   <trkpt lat="51.5572500" lon="-0.0788840">
    <ele>23.6</ele>
    <time>2024-09-12T17:56:18Z</time>
    <extensions>
     <gpxtpx:TrackPointExtension>
      <gpxtpx:hr>130</gpxtpx:hr>
     </gpxtpx:TrackPointExtension>
    </extensions>
   </trkpt>
   <trkpt lat="51.5572890" lon="-0.0788780">
    <ele>23.6</ele>
    <time>2024-09-12T17:56:19Z</time>
    <extensions>
     <gpxtpx:TrackPointExtension>
      <gpxtpx:hr>130</gpxtpx:hr>
     </gpxtpx:TrackPointExtension>
    </extensions>
   </trkpt>
   <trkpt lat="51.5573020" lon="-0.0788760">
    <ele>23.6</ele>
    <time>2024-09-12T17:56:20Z</time>
    <extensions>
     <gpxtpx:TrackPointExtension>
      <gpxtpx:hr>130</gpxtpx:hr>
     </gpxtpx:TrackPointExtension>
    </extensions>
   </trkpt>
   <trkpt lat="51.5573460" lon="-0.0788680">
    <ele>23.7</ele>
    <time>2024-09-12T17:56:21Z</time>
    <extensions>
     <gpxtpx:TrackPointExtension>
      <gpxtpx:hr>130</gpxtpx:hr>
     </gpxtpx:TrackPointExtension>
    </extensions>
   </trkpt>
   <trkpt lat="51.5573640" lon="-0.0788650">
    <ele>23.7</ele>
    <time>2024-09-12T17:56:22Z</time>
    <extensions>
     <gpxtpx:TrackPointExtension>
      <gpxtpx:hr>130</gpxtpx:hr>
     </gpxtpx:TrackPointExtension>
    </extensions>
   </trkpt>
   <trkpt lat="51.5573810" lon="-0.0788620">
    <ele>23.7</ele>
    <time>2024-09-12T17:56:23Z</time>
    <extensions>
     <gpxtpx:TrackPointExtension>
      <gpxtpx:hr>130</gpxtpx:hr>
     </gpxtpx:TrackPointExtension>
    </extensions>
   </trkpt>
   <trkpt lat="51.5574220" lon="-0.0788560">
    <ele>23.7</ele>
    <time>2024-09-12T17:56:24Z</time>
    <extensions>
     <gpxtpx:TrackPointExtension>
      <gpxtpx:hr>130</gpxtpx:hr>
     </gpxtpx:TrackPointExtension>
    </extensions>
   </trkpt>
   <trkpt lat="51.5574350" lon="-0.0788530">
    <ele>23.7</ele>
    <time>2024-09-12T17:56:25Z</time>
    <extensions>
     <gpxtpx:TrackPointExtension>
      <gpxtpx:hr>130</gpxtpx:hr>
     </gpxtpx:TrackPointExtension>
    </extensions>
   </trkpt>
   <trkpt lat="51.5574800" lon="-0.0788460">
    <ele>23.7</ele>
    <time>2024-09-12T17:56:26Z</time>
    <extensions>
     <gpxtpx:TrackPointExtension>
      <gpxtpx:hr>130</gpxtpx:hr>
     </gpxtpx:TrackPointExtension>
    </extensions>
   </trkpt>
   <trkpt lat="51.5574980" lon="-0.0788430">
    <ele>23.7</ele>
    <time>2024-09-12T17:56:27Z</time>
    <extensions>
     <gpxtpx:TrackPointExtension>
      <gpxtpx:hr>130</gpxtpx:hr>
     </gpxtpx:TrackPointExtension>
    </extensions>
   </trkpt>
   <trkpt lat="51.5575160" lon="-0.0788400">
    <ele>23.7</ele>
    <time>2024-09-12T17:56:28Z</time>
    <extensions>
     <gpxtpx:TrackPointExtension>
      <gpxtpx:hr>130</gpxtpx:hr>
     </gpxtpx:TrackPointExtension>
    </extensions>
   </trkpt>
   <trkpt lat="51.5575570" lon="-0.0788340">
    <ele>23.8</ele>
    <time>2024-09-12T17:56:29Z</time>
    <extensions>
     <gpxtpx:TrackPointExtension>
      <gpxtpx:hr>130</gpxtpx:hr>
     </gpxtpx:TrackPointExtension>
    </extensions>
   </trkpt>
   <trkpt lat="51.5575710" lon="-0.0788320">
    <ele>23.8</ele>
    <time>2024-09-12T17:56:30Z</time>
    <extensions>
     <gpxtpx:TrackPointExtension>
      <gpxtpx:hr>130</gpxtpx:hr>
     </gpxtpx:TrackPointExtension>
    </extensions>
   </trkpt>
   <trkpt lat="51.5576160" lon="-0.0788250">
    <ele>23.8</ele>
    <time>2024-09-12T17:56:31Z</time>
    <extensions>
     <gpxtpx:TrackPointExtension>
      <gpxtpx:hr>130</gpxtpx:hr>
     </gpxtpx:TrackPointExtension>
    </extensions>
   </trkpt>
   <trkpt lat="51.5576350" lon="-0.0788220">
    <ele>23.8</ele>
    <time>2024-09-12T17:56:32Z</time>
    <extensions>
     <gpxtpx:TrackPointExtension>
      <gpxtpx:hr>130</gpxtpx:hr>
     </gpxtpx:TrackPointExtension>
    </extensions>
   </trkpt>
   <trkpt lat="51.5576530" lon="-0.0788190">
    <ele>23.8</ele>
    <time>2024-09-12T17:56:33Z</time>
    <extensions>
     <gpxtpx:TrackPointExtension>
      <gpxtpx:hr>130</gpxtpx:hr>
     </gpxtpx:TrackPointExtension>
    </extensions>
   </trkpt>
   <trkpt lat="51.5576970" lon="-0.0788120">
    <ele>23.7</ele>
    <time>2024-09-12T17:56:34Z</time>
    <extensions>
     <gpxtpx:TrackPointExtension>
      <gpxtpx:hr>130</gpxtpx:hr>
     </gpxtpx:TrackPointExtension>
    </extensions>
   </trkpt>
   <trkpt lat="51.5577150" lon="-0.0788090">
    <ele>23.7</ele>
    <time>2024-09-12T17:56:35Z</time>
    <extensions>
     <gpxtpx:TrackPointExtension>
      <gpxtpx:hr>130</gpxtpx:hr>
     </gpxtpx:TrackPointExtension>
    </extensions>
   </trkpt>
   <trkpt lat="51.5577330" lon="-0.0788060">
    <ele>23.7</ele>
    <time>2024-09-12T17:56:36Z</time>
    <extensions>
     <gpxtpx:TrackPointExtension>
      <gpxtpx:hr>129</gpxtpx:hr>
     </gpxtpx:TrackPointExtension>
    </extensions>
   </trkpt>
   <trkpt lat="51.5577720" lon="-0.0788000">
    <ele>23.7</ele>
    <time>2024-09-12T17:56:37Z</time>
    <extensions>
     <gpxtpx:TrackPointExtension>
      <gpxtpx:hr>129</gpxtpx:hr>
     </gpxtpx:TrackPointExtension>
    </extensions>
   </trkpt>
   <trkpt lat="51.5577860" lon="-0.0787970">
    <ele>23.7</ele>
    <time>2024-09-12T17:56:38Z</time>
    <extensions>
     <gpxtpx:TrackPointExtension>
      <gpxtpx:hr>129</gpxtpx:hr>
     </gpxtpx:TrackPointExtension>
    </extensions>
   </trkpt>
   <trkpt lat="51.5578300" lon="-0.0787890">
    <ele>23.6</ele>
    <time>2024-09-12T17:56:39Z</time>
    <extensions>
     <gpxtpx:TrackPointExtension>
      <gpxtpx:hr>129</gpxtpx:hr>
     </gpxtpx:TrackPointExtension>
    </extensions>
   </trkpt>
   <trkpt lat="51.5578470" lon="-0.0787840">
    <ele>23.6</ele>
    <time>2024-09-12T17:56:40Z</time>
    <extensions>
     <gpxtpx:TrackPointExtension>
      <gpxtpx:hr>129</gpxtpx:hr>
     </gpxtpx:TrackPointExtension>
    </extensions>
   </trkpt>
   <trkpt lat="51.5578650" lon="-0.0787800">
    <ele>23.6</ele>
    <time>2024-09-12T17:56:41Z</time>
    <extensions>
     <gpxtpx:TrackPointExtension>
      <gpxtpx:hr>129</gpxtpx:hr>
     </gpxtpx:TrackPointExtension>
    </extensions>
   </trkpt>
   <trkpt lat="51.5579060" lon="-0.0787670">
    <ele>23.6</ele>
    <time>2024-09-12T17:56:42Z</time>
    <extensions>
     <gpxtpx:TrackPointExtension>
      <gpxtpx:hr>129</gpxtpx:hr>
     </gpxtpx:TrackPointExtension>
    </extensions>
   </trkpt>
   <trkpt lat="51.5579190" lon="-0.0787610">
    <ele>23.6</ele>
    <time>2024-09-12T17:56:43Z</time>
    <extensions>
     <gpxtpx:TrackPointExtension>
      <gpxtpx:hr>130</gpxtpx:hr>
     </gpxtpx:TrackPointExtension>
    </extensions>
   </trkpt>
   <trkpt lat="51.5579620" lon="-0.0787350">
    <ele>23.5</ele>
    <time>2024-09-12T17:56:44Z</time>
    <extensions>
     <gpxtpx:TrackPointExtension>
      <gpxtpx:hr>130</gpxtpx:hr>
     </gpxtpx:TrackPointExtension>
    </extensions>
   </trkpt>
   <trkpt lat="51.5579780" lon="-0.0787220">
    <ele>23.5</ele>
    <time>2024-09-12T17:56:45Z</time>
    <extensions>
     <gpxtpx:TrackPointExtension>
      <gpxtpx:hr>130</gpxtpx:hr>
     </gpxtpx:TrackPointExtension>
    </extensions>
   </trkpt>
   <trkpt lat="51.5579950" lon="-0.0787100">
    <ele>23.5</ele>
    <time>2024-09-12T17:56:46Z</time>
    <extensions>
     <gpxtpx:TrackPointExtension>
      <gpxtpx:hr>130</gpxtpx:hr>
     </gpxtpx:TrackPointExtension>
    </extensions>
   </trkpt>
   <trkpt lat="51.5580280" lon="-0.0786720">
    <ele>23.5</ele>
    <time>2024-09-12T17:56:47Z</time>
    <extensions>
     <gpxtpx:TrackPointExtension>
      <gpxtpx:hr>130</gpxtpx:hr>
     </gpxtpx:TrackPointExtension>
    </extensions>
   </trkpt>
   <trkpt lat="51.5580390" lon="-0.0786590">
    <ele>23.5</ele>
    <time>2024-09-12T17:56:48Z</time>
    <extensions>
     <gpxtpx:TrackPointExtension>
      <gpxtpx:hr>130</gpxtpx:hr>
     </gpxtpx:TrackPointExtension>
    </extensions>
   </trkpt>
   <trkpt lat="51.5580700" lon="-0.0786110">
    <ele>23.5</ele>
    <time>2024-09-12T17:56:49Z</time>
    <extensions>
     <gpxtpx:TrackPointExtension>
      <gpxtpx:hr>130</gpxtpx:hr>
     </gpxtpx:TrackPointExtension>
    </extensions>
   </trkpt>
   <trkpt lat="51.5580820" lon="-0.0785920">
    <ele>23.5</ele>
    <time>2024-09-12T17:56:50Z</time>
    <extensions>
     <gpxtpx:TrackPointExtension>
      <gpxtpx:hr>130</gpxtpx:hr>
     </gpxtpx:TrackPointExtension>
    </extensions>
   </trkpt>
   <trkpt lat="51.5580940" lon="-0.0785720">
    <ele>23.4</ele>
    <time>2024-09-12T17:56:51Z</time>
    <extensions>
     <gpxtpx:TrackPointExtension>
      <gpxtpx:hr>130</gpxtpx:hr>
     </gpxtpx:TrackPointExtension>
    </extensions>
   </trkpt>
   <trkpt lat="51.5581210" lon="-0.0785280">
    <ele>23.4</ele>
    <time>2024-09-12T17:56:52Z</time>
    <extensions>
     <gpxtpx:TrackPointExtension>
      <gpxtpx:hr>128</gpxtpx:hr>
     </gpxtpx:TrackPointExtension>
    </extensions>
   </trkpt>
   <trkpt lat="51.5581300" lon="-0.0785140">
    <ele>23.4</ele>
    <time>2024-09-12T17:56:53Z</time>
    <extensions>
     <gpxtpx:TrackPointExtension>
      <gpxtpx:hr>128</gpxtpx:hr>
     </gpxtpx:TrackPointExtension>
    </extensions>
   </trkpt>
   <trkpt lat="51.5581630" lon="-0.0784730">
    <ele>23.4</ele>
    <time>2024-09-12T17:56:54Z</time>
    <extensions>
     <gpxtpx:TrackPointExtension>
      <gpxtpx:hr>128</gpxtpx:hr>
     </gpxtpx:TrackPointExtension>
    </extensions>
   </trkpt>
   <trkpt lat="51.5581760" lon="-0.0784590">
    <ele>23.4</ele>
    <time>2024-09-12T17:56:55Z</time>
    <extensions>
     <gpxtpx:TrackPointExtension>
      <gpxtpx:hr>128</gpxtpx:hr>
     </gpxtpx:TrackPointExtension>
    </extensions>
   </trkpt>
   <trkpt lat="51.5581900" lon="-0.0784450">
    <ele>23.4</ele>
    <time>2024-09-12T17:56:56Z</time>
    <extensions>
     <gpxtpx:TrackPointExtension>
      <gpxtpx:hr>128</gpxtpx:hr>
     </gpxtpx:TrackPointExtension>
    </extensions>
   </trkpt>
   <trkpt lat="51.5582270" lon="-0.0784330">
    <ele>23.4</ele>
    <time>2024-09-12T17:56:57Z</time>
    <extensions>
     <gpxtpx:TrackPointExtension>
      <gpxtpx:hr>128</gpxtpx:hr>
     </gpxtpx:TrackPointExtension>
    </extensions>
   </trkpt>
   <trkpt lat="51.5582400" lon="-0.0784320">
    <ele>23.4</ele>
    <time>2024-09-12T17:56:58Z</time>
    <extensions>
     <gpxtpx:TrackPointExtension>
      <gpxtpx:hr>128</gpxtpx:hr>
     </gpxtpx:TrackPointExtension>
    </extensions>
   </trkpt>
   <trkpt lat="51.5582880" lon="-0.0784390">
    <ele>23.3</ele>
    <time>2024-09-12T17:56:59Z</time>
    <extensions>
     <gpxtpx:TrackPointExtension>
      <gpxtpx:hr>127</gpxtpx:hr>
     </gpxtpx:TrackPointExtension>
    </extensions>
   </trkpt>
   <trkpt lat="51.5583070" lon="-0.0784430">
    <ele>23.3</ele>
    <time>2024-09-12T17:57:00Z</time>
    <extensions>
     <gpxtpx:TrackPointExtension>
      <gpxtpx:hr>127</gpxtpx:hr>
     </gpxtpx:TrackPointExtension>
    </extensions>
   </trkpt>
   <trkpt lat="51.5583270" lon="-0.0784460">
    <ele>23.3</ele>
    <time>2024-09-12T17:57:01Z</time>
    <extensions>
     <gpxtpx:TrackPointExtension>
      <gpxtpx:hr>127</gpxtpx:hr>
     </gpxtpx:TrackPointExtension>
    </extensions>
   </trkpt>
   <trkpt lat="51.5583770" lon="-0.0784540">
    <ele>23.3</ele>
    <time>2024-09-12T17:57:02Z</time>
    <extensions>
     <gpxtpx:TrackPointExtension>
      <gpxtpx:hr>127</gpxtpx:hr>
     </gpxtpx:TrackPointExtension>
    </extensions>
   </trkpt>
   <trkpt lat="51.5583970" lon="-0.0784570">
    <ele>23.3</ele>
    <time>2024-09-12T17:57:03Z</time>
    <extensions>
     <gpxtpx:TrackPointExtension>
      <gpxtpx:hr>127</gpxtpx:hr>
     </gpxtpx:TrackPointExtension>
    </extensions>
   </trkpt>
   <trkpt lat="51.5584170" lon="-0.0784610">
    <ele>23.3</ele>
    <time>2024-09-12T17:57:04Z</time>
    <extensions>
     <gpxtpx:TrackPointExtension>
      <gpxtpx:hr>127</gpxtpx:hr>
     </gpxtpx:TrackPointExtension>
    </extensions>
   </trkpt>
   <trkpt lat="51.5584620" lon="-0.0784680">
    <ele>23.3</ele>
    <time>2024-09-12T17:57:05Z</time>
    <extensions>
     <gpxtpx:TrackPointExtension>
      <gpxtpx:hr>127</gpxtpx:hr>
     </gpxtpx:TrackPointExtension>
    </extensions>
   </trkpt>
   <trkpt lat="51.5584770" lon="-0.0784710">
    <ele>23.3</ele>
    <time>2024-09-12T17:57:06Z</time>
    <extensions>
     <gpxtpx:TrackPointExtension>
      <gpxtpx:hr>127</gpxtpx:hr>
     </gpxtpx:TrackPointExtension>
    </extensions>
   </trkpt>
   <trkpt lat="51.5585250" lon="-0.0784780">
    <ele>23.3</ele>
    <time>2024-09-12T17:57:07Z</time>
    <extensions>
     <gpxtpx:TrackPointExtension>
      <gpxtpx:hr>127</gpxtpx:hr>
     </gpxtpx:TrackPointExtension>
    </extensions>
   </trkpt>
   <trkpt lat="51.5585440" lon="-0.0784810">
    <ele>23.3</ele>
    <time>2024-09-12T17:57:08Z</time>
    <extensions>
     <gpxtpx:TrackPointExtension>
      <gpxtpx:hr>128</gpxtpx:hr>
     </gpxtpx:TrackPointExtension>
    </extensions>
   </trkpt>
   <trkpt lat="51.5585620" lon="-0.0784840">
    <ele>23.3</ele>
    <time>2024-09-12T17:57:09Z</time>
    <extensions>
     <gpxtpx:TrackPointExtension>
      <gpxtpx:hr>128</gpxtpx:hr>
     </gpxtpx:TrackPointExtension>
    </extensions>
   </trkpt>
   <trkpt lat="51.5586040" lon="-0.0784910">
    <ele>23.3</ele>
    <time>2024-09-12T17:57:10Z</time>
    <extensions>
     <gpxtpx:TrackPointExtension>
      <gpxtpx:hr>128</gpxtpx:hr>
     </gpxtpx:TrackPointExtension>
    </extensions>
   </trkpt>
   <trkpt lat="51.5586180" lon="-0.0784930">
    <ele>23.3</ele>
    <time>2024-09-12T17:57:11Z</time>
    <extensions>
     <gpxtpx:TrackPointExtension>
      <gpxtpx:hr>127</gpxtpx:hr>
     </gpxtpx:TrackPointExtension>
    </extensions>
   </trkpt>
   <trkpt lat="51.5586650" lon="-0.0784990">
    <ele>23.3</ele>
    <time>2024-09-12T17:57:12Z</time>
    <extensions>
     <gpxtpx:TrackPointExtension>
      <gpxtpx:hr>127</gpxtpx:hr>
     </gpxtpx:TrackPointExtension>
    </extensions>
   </trkpt>
   <trkpt lat="51.5586840" lon="-0.0785020">
    <ele>23.3</ele>
    <time>2024-09-12T17:57:13Z</time>
    <extensions>
     <gpxtpx:TrackPointExtension>
      <gpxtpx:hr>127</gpxtpx:hr>
     </gpxtpx:TrackPointExtension>
    </extensions>
   </trkpt>
   <trkpt lat="51.5587030" lon="-0.0785050">
    <ele>23.3</ele>
    <time>2024-09-12T17:57:14Z</time>
    <extensions>
     <gpxtpx:TrackPointExtension>
      <gpxtpx:hr>127</gpxtpx:hr>
     </gpxtpx:TrackPointExtension>
    </extensions>
   </trkpt>
   <trkpt lat="51.5587460" lon="-0.0785100">
    <ele>23.3</ele>
    <time>2024-09-12T17:57:15Z</time>
    <extensions>
     <gpxtpx:TrackPointExtension>
      <gpxtpx:hr>127</gpxtpx:hr>
     </gpxtpx:TrackPointExtension>
    </extensions>
   </trkpt>
   <trkpt lat="51.5587610" lon="-0.0785120">
    <ele>23.3</ele>
    <time>2024-09-12T17:57:16Z</time>
    <extensions>
     <gpxtpx:TrackPointExtension>
      <gpxtpx:hr>127</gpxtpx:hr>
     </gpxtpx:TrackPointExtension>
    </extensions>
   </trkpt>
   <trkpt lat="51.5588080" lon="-0.0785180">
    <ele>23.3</ele>
    <time>2024-09-12T17:57:17Z</time>
    <extensions>
     <gpxtpx:TrackPointExtension>
      <gpxtpx:hr>127</gpxtpx:hr>
     </gpxtpx:TrackPointExtension>
    </extensions>
   </trkpt>
   <trkpt lat="51.5588260" lon="-0.0785210">
    <ele>23.3</ele>
    <time>2024-09-12T17:57:18Z</time>
    <extensions>
     <gpxtpx:TrackPointExtension>
      <gpxtpx:hr>127</gpxtpx:hr>
     </gpxtpx:TrackPointExtension>
    </extensions>
   </trkpt>
   <trkpt lat="51.5588450" lon="-0.0785230">
    <ele>23.3</ele>
    <time>2024-09-12T17:57:19Z</time>
    <extensions>
     <gpxtpx:TrackPointExtension>
      <gpxtpx:hr>127</gpxtpx:hr>
     </gpxtpx:TrackPointExtension>
    </extensions>
   </trkpt>
   <trkpt lat="51.5588860" lon="-0.0785280">
    <ele>23.3</ele>
    <time>2024-09-12T17:57:20Z</time>
    <extensions>
     <gpxtpx:TrackPointExtension>
      <gpxtpx:hr>127</gpxtpx:hr>
     </gpxtpx:TrackPointExtension>
    </extensions>
   </trkpt>
   <trkpt lat="51.5589000" lon="-0.0785290">
    <ele>23.3</ele>
    <time>2024-09-12T17:57:21Z</time>
    <extensions>
     <gpxtpx:TrackPointExtension>
      <gpxtpx:hr>125</gpxtpx:hr>
     </gpxtpx:TrackPointExtension>
    </extensions>
   </trkpt>
   <trkpt lat="51.5589450" lon="-0.0785340">
    <ele>23.3</ele>
    <time>2024-09-12T17:57:22Z</time>
    <extensions>
     <gpxtpx:TrackPointExtension>
      <gpxtpx:hr>125</gpxtpx:hr>
     </gpxtpx:TrackPointExtension>
    </extensions>
   </trkpt>
   <trkpt lat="51.5589630" lon="-0.0785360">
    <ele>23.3</ele>
    <time>2024-09-12T17:57:23Z</time>
    <extensions>
     <gpxtpx:TrackPointExtension>
      <gpxtpx:hr>125</gpxtpx:hr>
     </gpxtpx:TrackPointExtension>
    </extensions>
   </trkpt>
   <trkpt lat="51.5589810" lon="-0.0785380">
    <ele>23.3</ele>
    <time>2024-09-12T17:57:24Z</time>
    <extensions>
     <gpxtpx:TrackPointExtension>
      <gpxtpx:hr>125</gpxtpx:hr>
     </gpxtpx:TrackPointExtension>
    </extensions>
   </trkpt>
   <trkpt lat="51.5590250" lon="-0.0785430">
    <ele>23.3</ele>
    <time>2024-09-12T17:57:25Z</time>
    <extensions>
     <gpxtpx:TrackPointExtension>
      <gpxtpx:hr>125</gpxtpx:hr>
     </gpxtpx:TrackPointExtension>
    </extensions>
   </trkpt>
   <trkpt lat="51.5590430" lon="-0.0785450">
    <ele>23.4</ele>
    <time>2024-09-12T17:57:26Z</time>
    <extensions>
     <gpxtpx:TrackPointExtension>
      <gpxtpx:hr>124</gpxtpx:hr>
     </gpxtpx:TrackPointExtension>
    </extensions>
   </trkpt>
   <trkpt lat="51.5590610" lon="-0.0785470">
    <ele>23.4</ele>
    <time>2024-09-12T17:57:27Z</time>
    <extensions>
     <gpxtpx:TrackPointExtension>
      <gpxtpx:hr>124</gpxtpx:hr>
     </gpxtpx:TrackPointExtension>
    </extensions>
   </trkpt>
   <trkpt lat="51.5591000" lon="-0.0785510">
    <ele>23.4</ele>
    <time>2024-09-12T17:57:28Z</time>
    <extensions>
     <gpxtpx:TrackPointExtension>
      <gpxtpx:hr>124</gpxtpx:hr>
     </gpxtpx:TrackPointExtension>
    </extensions>
   </trkpt>
   <trkpt lat="51.5591130" lon="-0.0785530">
    <ele>23.4</ele>
    <time>2024-09-12T17:57:29Z</time>
    <extensions>
     <gpxtpx:TrackPointExtension>
      <gpxtpx:hr>124</gpxtpx:hr>
     </gpxtpx:TrackPointExtension>
    </extensions>
   </trkpt>
   <trkpt lat="51.5591570" lon="-0.0785570">
    <ele>23.5</ele>
    <time>2024-09-12T17:57:30Z</time>
    <extensions>
     <gpxtpx:TrackPointExtension>
      <gpxtpx:hr>124</gpxtpx:hr>
     </gpxtpx:TrackPointExtension>
    </extensions>
   </trkpt>
   <trkpt lat="51.5591750" lon="-0.0785590">
    <ele>23.5</ele>
    <time>2024-09-12T17:57:31Z</time>
    <extensions>
     <gpxtpx:TrackPointExtension>
      <gpxtpx:hr>125</gpxtpx:hr>
     </gpxtpx:TrackPointExtension>
    </extensions>
   </trkpt>
   <trkpt lat="51.5591920" lon="-0.0785610">
    <ele>23.5</ele>
    <time>2024-09-12T17:57:32Z</time>
    <extensions>
     <gpxtpx:TrackPointExtension>
      <gpxtpx:hr>125</gpxtpx:hr>
     </gpxtpx:TrackPointExtension>
    </extensions>
   </trkpt>
   <trkpt lat="51.5592320" lon="-0.0785650">
    <ele>23.5</ele>
    <time>2024-09-12T17:57:33Z</time>
    <extensions>
     <gpxtpx:TrackPointExtension>
      <gpxtpx:hr>125</gpxtpx:hr>
     </gpxtpx:TrackPointExtension>
    </extensions>
   </trkpt>
   <trkpt lat="51.5592450" lon="-0.0785670">
    <ele>23.5</ele>
    <time>2024-09-12T17:57:34Z</time>
    <extensions>
     <gpxtpx:TrackPointExtension>
      <gpxtpx:hr>126</gpxtpx:hr>
     </gpxtpx:TrackPointExtension>
    </extensions>
   </trkpt>
   <trkpt lat="51.5592880" lon="-0.0785710">
    <ele>23.6</ele>
    <time>2024-09-12T17:57:35Z</time>
    <extensions>
     <gpxtpx:TrackPointExtension>
      <gpxtpx:hr>126</gpxtpx:hr>
     </gpxtpx:TrackPointExtension>
    </extensions>
   </trkpt>
   <trkpt lat="51.5593050" lon="-0.0785730">
    <ele>23.6</ele>
    <time>2024-09-12T17:57:36Z</time>
    <extensions>
     <gpxtpx:TrackPointExtension>
      <gpxtpx:hr>126</gpxtpx:hr>
     </gpxtpx:TrackPointExtension>
    </extensions>
   </trkpt>
   <trkpt lat="51.5593230" lon="-0.0785750">
    <ele>23.6</ele>
    <time>2024-09-12T17:57:37Z</time>
    <extensions>
     <gpxtpx:TrackPointExtension>
      <gpxtpx:hr>126</gpxtpx:hr>
     </gpxtpx:TrackPointExtension>
    </extensions>
   </trkpt>
   <trkpt lat="51.5593610" lon="-0.0785790">
    <ele>23.7</ele>
    <time>2024-09-12T17:57:38Z</time>
    <extensions>
     <gpxtpx:TrackPointExtension>
      <gpxtpx:hr>126</gpxtpx:hr>
     </gpxtpx:TrackPointExtension>
    </extensions>
   </trkpt>
   <trkpt lat="51.5593740" lon="-0.0785800">
    <ele>23.7</ele>
    <time>2024-09-12T17:57:39Z</time>
    <extensions>
     <gpxtpx:TrackPointExtension>
      <gpxtpx:hr>126</gpxtpx:hr>
     </gpxtpx:TrackPointExtension>
    </extensions>
   </trkpt>
   <trkpt lat="51.5594150" lon="-0.0785850">
    <ele>23.8</ele>
    <time>2024-09-12T17:57:40Z</time>
    <extensions>
     <gpxtpx:TrackPointExtension>
      <gpxtpx:hr>126</gpxtpx:hr>
     </gpxtpx:TrackPointExtension>
    </extensions>
   </trkpt>
   <trkpt lat="51.5594310" lon="-0.0785870">
    <ele>23.8</ele>
    <time>2024-09-12T17:57:41Z</time>
    <extensions>
     <gpxtpx:TrackPointExtension>
      <gpxtpx:hr>126</gpxtpx:hr>
     </gpxtpx:TrackPointExtension>
    </extensions>
   </trkpt>
   <trkpt lat="51.5594480" lon="-0.0785890">
    <ele>23.8</ele>
    <time>2024-09-12T17:57:42Z</time>
    <extensions>
     <gpxtpx:TrackPointExtension>
      <gpxtpx:hr>126</gpxtpx:hr>
     </gpxtpx:TrackPointExtension>
    </extensions>
   </trkpt>
   <trkpt lat="51.5594840" lon="-0.0785930">
    <ele>23.9</ele>
    <time>2024-09-12T17:57:43Z</time>
    <extensions>
     <gpxtpx:TrackPointExtension>
      <gpxtpx:hr>126</gpxtpx:hr>
     </gpxtpx:TrackPointExtension>
    </extensions>
   </trkpt>
   <trkpt lat="51.5594960" lon="-0.0785940">
    <ele>23.9</ele>
    <time>2024-09-12T17:57:44Z</time>
    <extensions>
     <gpxtpx:TrackPointExtension>
      <gpxtpx:hr>126</gpxtpx:hr>
     </gpxtpx:TrackPointExtension>
    </extensions>
   </trkpt>
   <trkpt lat="51.5595370" lon="-0.0785990">
    <ele>24.0</ele>
    <time>2024-09-12T17:57:45Z</time>
    <extensions>
     <gpxtpx:TrackPointExtension>
      <gpxtpx:hr>126</gpxtpx:hr>
     </gpxtpx:TrackPointExtension>
    </extensions>
   </trkpt>
   <trkpt lat="51.5595530" lon="-0.0786000">
    <ele>24.0</ele>
    <time>2024-09-12T17:57:46Z</time>
    <extensions>
     <gpxtpx:TrackPointExtension>
      <gpxtpx:hr>126</gpxtpx:hr>
     </gpxtpx:TrackPointExtension>
    </extensions>
   </trkpt>
   <trkpt lat="51.5595690" lon="-0.0786020">
    <ele>24.1</ele>
    <time>2024-09-12T17:57:47Z</time>
    <extensions>
     <gpxtpx:TrackPointExtension>
      <gpxtpx:hr>126</gpxtpx:hr>
     </gpxtpx:TrackPointExtension>
    </extensions>
   </trkpt>
   <trkpt lat="51.5596100" lon="-0.0786070">
    <ele>24.2</ele>
    <time>2024-09-12T17:57:48Z</time>
    <extensions>
     <gpxtpx:TrackPointExtension>
      <gpxtpx:hr>127</gpxtpx:hr>
     </gpxtpx:TrackPointExtension>
    </extensions>
   </trkpt>
   <trkpt lat="51.5596260" lon="-0.0786090">
    <ele>24.2</ele>
    <time>2024-09-12T17:57:49Z</time>
    <extensions>
     <gpxtpx:TrackPointExtension>
      <gpxtpx:hr>127</gpxtpx:hr>
     </gpxtpx:TrackPointExtension>
    </extensions>
   </trkpt>
   <trkpt lat="51.5596430" lon="-0.0786110">
    <ele>24.2</ele>
    <time>2024-09-12T17:57:50Z</time>
    <extensions>
     <gpxtpx:TrackPointExtension>
      <gpxtpx:hr>128</gpxtpx:hr>
     </gpxtpx:TrackPointExtension>
    </extensions>
   </trkpt>
   <trkpt lat="51.5596790" lon="-0.0786150">
    <ele>24.3</ele>
    <time>2024-09-12T17:57:51Z</time>
    <extensions>
     <gpxtpx:TrackPointExtension>
      <gpxtpx:hr>128</gpxtpx:hr>
     </gpxtpx:TrackPointExtension>
    </extensions>
   </trkpt>
   <trkpt lat="51.5596920" lon="-0.0786160">
    <ele>24.4</ele>
    <time>2024-09-12T17:57:52Z</time>
    <extensions>
     <gpxtpx:TrackPointExtension>
      <gpxtpx:hr>128</gpxtpx:hr>
     </gpxtpx:TrackPointExtension>
    </extensions>
   </trkpt>
   <trkpt lat="51.5597320" lon="-0.0786210">
    <ele>24.5</ele>
    <time>2024-09-12T17:57:53Z</time>
    <extensions>
     <gpxtpx:TrackPointExtension>
      <gpxtpx:hr>128</gpxtpx:hr>
     </gpxtpx:TrackPointExtension>
    </extensions>
   </trkpt>
   <trkpt lat="51.5597480" lon="-0.0786230">
    <ele>24.5</ele>
    <time>2024-09-12T17:57:54Z</time>
    <extensions>
     <gpxtpx:TrackPointExtension>
      <gpxtpx:hr>130</gpxtpx:hr>
     </gpxtpx:TrackPointExtension>
    </extensions>
   </trkpt>
   <trkpt lat="51.5597650" lon="-0.0786250">
    <ele>24.5</ele>
    <time>2024-09-12T17:57:55Z</time>
    <extensions>
     <gpxtpx:TrackPointExtension>
      <gpxtpx:hr>130</gpxtpx:hr>
     </gpxtpx:TrackPointExtension>
    </extensions>
   </trkpt>
   <trkpt lat="51.5598010" lon="-0.0786290">
    <ele>24.6</ele>
    <time>2024-09-12T17:57:56Z</time>
    <extensions>
     <gpxtpx:TrackPointExtension>
      <gpxtpx:hr>130</gpxtpx:hr>
     </gpxtpx:TrackPointExtension>
    </extensions>
   </trkpt>
   <trkpt lat="51.5598130" lon="-0.0786310">
    <ele>24.7</ele>
    <time>2024-09-12T17:57:57Z</time>
    <extensions>
     <gpxtpx:TrackPointExtension>
      <gpxtpx:hr>130</gpxtpx:hr>
     </gpxtpx:TrackPointExtension>
    </extensions>
   </trkpt>
   <trkpt lat="51.5598540" lon="-0.0786360">
    <ele>24.8</ele>
    <time>2024-09-12T17:57:58Z</time>
    <extensions>
     <gpxtpx:TrackPointExtension>
      <gpxtpx:hr>130</gpxtpx:hr>
     </gpxtpx:TrackPointExtension>
    </extensions>
   </trkpt>
   <trkpt lat="51.5598700" lon="-0.0786370">
    <ele>24.8</ele>
    <time>2024-09-12T17:57:59Z</time>
    <extensions>
     <gpxtpx:TrackPointExtension>
      <gpxtpx:hr>130</gpxtpx:hr>
     </gpxtpx:TrackPointExtension>
    </extensions>
   </trkpt>
   <trkpt lat="51.5598860" lon="-0.0786390">
    <ele>24.9</ele>
    <time>2024-09-12T17:58:00Z</time>
    <extensions>
     <gpxtpx:TrackPointExtension>
      <gpxtpx:hr>130</gpxtpx:hr>
     </gpxtpx:TrackPointExtension>
    </extensions>
   </trkpt>
   <trkpt lat="51.5599230" lon="-0.0786440">
    <ele>25.0</ele>
    <time>2024-09-12T17:58:01Z</time>
    <extensions>
     <gpxtpx:TrackPointExtension>
      <gpxtpx:hr>130</gpxtpx:hr>
     </gpxtpx:TrackPointExtension>
    </extensions>
   </trkpt>
   <trkpt lat="51.5599360" lon="-0.0786460">
    <ele>25.1</ele>
    <time>2024-09-12T17:58:02Z</time>
    <extensions>
     <gpxtpx:TrackPointExtension>
      <gpxtpx:hr>130</gpxtpx:hr>
     </gpxtpx:TrackPointExtension>
    </extensions>
   </trkpt>
   <trkpt lat="51.5599780" lon="-0.0786520">
    <ele>25.2</ele>
    <time>2024-09-12T17:58:03Z</time>
    <extensions>
     <gpxtpx:TrackPointExtension>
      <gpxtpx:hr>125</gpxtpx:hr>
     </gpxtpx:TrackPointExtension>
    </extensions>
   </trkpt>
   <trkpt lat="51.5599950" lon="-0.0786540">
    <ele>25.3</ele>
    <time>2024-09-12T17:58:04Z</time>
    <extensions>
     <gpxtpx:TrackPointExtension>
      <gpxtpx:hr>125</gpxtpx:hr>
     </gpxtpx:TrackPointExtension>
    </extensions>
   </trkpt>
   <trkpt lat="51.5600110" lon="-0.0786570">
    <ele>25.4</ele>
    <time>2024-09-12T17:58:05Z</time>
    <extensions>
     <gpxtpx:TrackPointExtension>
      <gpxtpx:hr>125</gpxtpx:hr>
     </gpxtpx:TrackPointExtension>
    </extensions>
   </trkpt>
   <trkpt lat="51.5600490" lon="-0.0786640">
    <ele>25.5</ele>
    <time>2024-09-12T17:58:06Z</time>
    <extensions>
     <gpxtpx:TrackPointExtension>
      <gpxtpx:hr>125</gpxtpx:hr>
     </gpxtpx:TrackPointExtension>
    </extensions>
   </trkpt>
   <trkpt lat="51.5600610" lon="-0.0786670">
    <ele>25.5</ele>
    <time>2024-09-12T17:58:07Z</time>
    <extensions>
     <gpxtpx:TrackPointExtension>
      <gpxtpx:hr>125</gpxtpx:hr>
     </gpxtpx:TrackPointExtension>
    </extensions>
   </trkpt>
   <trkpt lat="51.5600980" lon="-0.0786810">
    <ele>25.7</ele>
    <time>2024-09-12T17:58:08Z</time>
    <extensions>
     <gpxtpx:TrackPointExtension>
      <gpxtpx:hr>125</gpxtpx:hr>
     </gpxtpx:TrackPointExtension>
    </extensions>
   </trkpt>
   <trkpt lat="51.5601120" lon="-0.0786890">
    <ele>25.7</ele>
    <time>2024-09-12T17:58:09Z</time>
    <extensions>
     <gpxtpx:TrackPointExtension>
      <gpxtpx:hr>125</gpxtpx:hr>
     </gpxtpx:TrackPointExtension>
    </extensions>
   </trkpt>
   <trkpt lat="51.5601260" lon="-0.0786960">
    <ele>25.7</ele>
    <time>2024-09-12T17:58:10Z</time>
    <extensions>
     <gpxtpx:TrackPointExtension>
      <gpxtpx:hr>125</gpxtpx:hr>
     </gpxtpx:TrackPointExtension>
    </extensions>
   </trkpt>
   <trkpt lat="51.5601530" lon="-0.0787340">
    <ele>25.8</ele>
    <time>2024-09-12T17:58:11Z</time>
    <extensions>
     <gpxtpx:TrackPointExtension>
      <gpxtpx:hr>125</gpxtpx:hr>
     </gpxtpx:TrackPointExtension>
    </extensions>
   </trkpt>
   <trkpt lat="51.5601630" lon="-0.0787530">
    <ele>25.8</ele>
    <time>2024-09-12T17:58:12Z</time>
    <extensions>
     <gpxtpx:TrackPointExtension>
      <gpxtpx:hr>122</gpxtpx:hr>
     </gpxtpx:TrackPointExtension>
    </extensions>
   </trkpt>
   <trkpt lat="51.5601730" lon="-0.0787710">
    <ele>25.8</ele>
    <time>2024-09-12T17:58:13Z</time>
    <extensions>
     <gpxtpx:TrackPointExtension>
      <gpxtpx:hr>122</gpxtpx:hr>
     </gpxtpx:TrackPointExtension>
    </extensions>
   </trkpt>
   <trkpt lat="51.5601970" lon="-0.0788120">
    <ele>25.8</ele>
    <time>2024-09-12T17:58:14Z</time>
    <extensions>
     <gpxtpx:TrackPointExtension>
      <gpxtpx:hr>122</gpxtpx:hr>
     </gpxtpx:TrackPointExtension>
    </extensions>
   </trkpt>
   <trkpt lat="51.5602060" lon="-0.0788250">
    <ele>25.9</ele>
    <time>2024-09-12T17:58:15Z</time>
    <extensions>
     <gpxtpx:TrackPointExtension>
      <gpxtpx:hr>122</gpxtpx:hr>
     </gpxtpx:TrackPointExtension>
    </extensions>
   </trkpt>
   <trkpt lat="51.5602420" lon="-0.0788570">
    <ele>25.9</ele>
    <time>2024-09-12T17:58:16Z</time>
    <extensions>
     <gpxtpx:TrackPointExtension>
      <gpxtpx:hr>122</gpxtpx:hr>
     </gpxtpx:TrackPointExtension>
    </extensions>
   </trkpt>
   <trkpt lat="51.5602580" lon="-0.0788660">
    <ele>25.9</ele>
    <time>2024-09-12T17:58:17Z</time>
    <extensions>
     <gpxtpx:TrackPointExtension>
      <gpxtpx:hr>122</gpxtpx:hr>
     </gpxtpx:TrackPointExtension>
    </extensions>
   </trkpt>
   <trkpt lat="51.5602730" lon="-0.0788760">
    <ele>26.0</ele>
    <time>2024-09-12T17:58:18Z</time>
    <extensions>
     <gpxtpx:TrackPointExtension>
      <gpxtpx:hr>125</gpxtpx:hr>
     </gpxtpx:TrackPointExtension>
    </extensions>
   </trkpt>
   <trkpt lat="51.5603090" lon="-0.0788900">
    <ele>26.0</ele>
    <time>2024-09-12T17:58:19Z</time>
    <extensions>
     <gpxtpx:TrackPointExtension>
      <gpxtpx:hr>125</gpxtpx:hr>
     </gpxtpx:TrackPointExtension>
    </extensions>
   </trkpt>
   <trkpt lat="51.5603210" lon="-0.0788940">
    <ele>26.1</ele>
    <time>2024-09-12T17:58:20Z</time>
    <extensions>
     <gpxtpx:TrackPointExtension>
      <gpxtpx:hr>125</gpxtpx:hr>
     </gpxtpx:TrackPointExtension>
    </extensions>
   </trkpt>
   <trkpt lat="51.5603620" lon="-0.0789050">
    <ele>26.1</ele>
    <time>2024-09-12T17:58:21Z</time>
    <extensions>
     <gpxtpx:TrackPointExtension>
      <gpxtpx:hr>126</gpxtpx:hr>
     </gpxtpx:TrackPointExtension>
    </extensions>
   </trkpt>
   <trkpt lat="51.5603780" lon="-0.0789080">
    <ele>26.2</ele>
    <time>2024-09-12T17:58:22Z</time>
    <extensions>
     <gpxtpx:TrackPointExtension>
      <gpxtpx:hr>126</gpxtpx:hr>
     </gpxtpx:TrackPointExtension>
    </extensions>
   </trkpt>
   <trkpt lat="51.5603940" lon="-0.0789120">
    <ele>26.2</ele>
    <time>2024-09-12T17:58:23Z</time>
    <extensions>
     <gpxtpx:TrackPointExtension>
      <gpxtpx:hr>126</gpxtpx:hr>
     </gpxtpx:TrackPointExtension>
    </extensions>
   </trkpt>
   <trkpt lat="51.5604300" lon="-0.0789200">
    <ele>26.3</ele>
    <time>2024-09-12T17:58:24Z</time>
    <extensions>
     <gpxtpx:TrackPointExtension>
      <gpxtpx:hr>126</gpxtpx:hr>
     </gpxtpx:TrackPointExtension>
    </extensions>
   </trkpt>
   <trkpt lat="51.5604420" lon="-0.0789220">
    <ele>26.3</ele>
    <time>2024-09-12T17:58:25Z</time>
    <extensions>
     <gpxtpx:TrackPointExtension>
      <gpxtpx:hr>126</gpxtpx:hr>
     </gpxtpx:TrackPointExtension>
    </extensions>
   </trkpt>
   <trkpt lat="51.5604830" lon="-0.0789300">
    <ele>26.4</ele>
    <time>2024-09-12T17:58:26Z</time>
    <extensions>
     <gpxtpx:TrackPointExtension>
      <gpxtpx:hr>126</gpxtpx:hr>
     </gpxtpx:TrackPointExtension>
    </extensions>
   </trkpt>
   <trkpt lat="51.5605000" lon="-0.0789330">
    <ele>26.5</ele>
    <time>2024-09-12T17:58:27Z</time>
    <extensions>
     <gpxtpx:TrackPointExtension>
      <gpxtpx:hr>126</gpxtpx:hr>
     </gpxtpx:TrackPointExtension>
    </extensions>
   </trkpt>
   <trkpt lat="51.5605160" lon="-0.0789360">
    <ele>26.5</ele>
    <time>2024-09-12T17:58:28Z</time>
    <extensions>
     <gpxtpx:TrackPointExtension>
      <gpxtpx:hr>127</gpxtpx:hr>
     </gpxtpx:TrackPointExtension>
    </extensions>
   </trkpt>
   <trkpt lat="51.5605540" lon="-0.0789430">
    <ele>26.6</ele>
    <time>2024-09-12T17:58:29Z</time>
    <extensions>
     <gpxtpx:TrackPointExtension>
      <gpxtpx:hr>127</gpxtpx:hr>
     </gpxtpx:TrackPointExtension>
    </extensions>
   </trkpt>
   <trkpt lat="51.5605660" lon="-0.0789450">
    <ele>26.7</ele>
    <time>2024-09-12T17:58:30Z</time>
    <extensions>
     <gpxtpx:TrackPointExtension>
      <gpxtpx:hr>127</gpxtpx:hr>
     </gpxtpx:TrackPointExtension>
    </extensions>
   </trkpt>
   <trkpt lat="51.5606100" lon="-0.0789520">
    <ele>26.8</ele>
    <time>2024-09-12T17:58:31Z</time>
    <extensions>
     <gpxtpx:TrackPointExtension>
      <gpxtpx:hr>127</gpxtpx:hr>
     </gpxtpx:TrackPointExtension>
    </extensions>
   </trkpt>
   <trkpt lat="51.5606270" lon="-0.0789550">
    <ele>26.8</ele>
    <time>2024-09-12T17:58:32Z</time>
    <extensions>
     <gpxtpx:TrackPointExtension>
      <gpxtpx:hr>127</gpxtpx:hr>
     </gpxtpx:TrackPointExtension>
    </extensions>
   </trkpt>
   <trkpt lat="51.5606450" lon="-0.0789580">
    <ele>26.9</ele>
    <time>2024-09-12T17:58:33Z</time>
    <extensions>
     <gpxtpx:TrackPointExtension>
      <gpxtpx:hr>127</gpxtpx:hr>
     </gpxtpx:TrackPointExtension>
    </extensions>
   </trkpt>
   <trkpt lat="51.5606850" lon="-0.0789640">
    <ele>27.0</ele>
    <time>2024-09-12T17:58:34Z</time>
    <extensions>
     <gpxtpx:TrackPointExtension>
      <gpxtpx:hr>129</gpxtpx:hr>
     </gpxtpx:TrackPointExtension>
    </extensions>
   </trkpt>
   <trkpt lat="51.5606980" lon="-0.0789660">
    <ele>27.0</ele>
    <time>2024-09-12T17:58:35Z</time>
    <extensions>
     <gpxtpx:TrackPointExtension>
      <gpxtpx:hr>129</gpxtpx:hr>
     </gpxtpx:TrackPointExtension>
    </extensions>
   </trkpt>
   <trkpt lat="51.5607430" lon="-0.0789730">
    <ele>27.2</ele>
    <time>2024-09-12T17:58:36Z</time>
    <extensions>
     <gpxtpx:TrackPointExtension>
      <gpxtpx:hr>129</gpxtpx:hr>
     </gpxtpx:TrackPointExtension>
    </extensions>
   </trkpt>
   <trkpt lat="51.5607610" lon="-0.0789750">
    <ele>27.2</ele>
    <time>2024-09-12T17:58:37Z</time>
    <extensions>
     <gpxtpx:TrackPointExtension>
      <gpxtpx:hr>129</gpxtpx:hr>
     </gpxtpx:TrackPointExtension>
    </extensions>
   </trkpt>
   <trkpt lat="51.5607790" lon="-0.0789780">
    <ele>27.3</ele>
    <time>2024-09-12T17:58:38Z</time>
    <extensions>
     <gpxtpx:TrackPointExtension>
      <gpxtpx:hr>129</gpxtpx:hr>
     </gpxtpx:TrackPointExtension>
    </extensions>
   </trkpt>
   <trkpt lat="51.5608230" lon="-0.0789840">
    <ele>27.4</ele>
    <time>2024-09-12T17:58:39Z</time>
    <extensions>
     <gpxtpx:TrackPointExtension>
      <gpxtpx:hr>129</gpxtpx:hr>
     </gpxtpx:TrackPointExtension>
    </extensions>
   </trkpt>
   <trkpt lat="51.5608400" lon="-0.0789860">
    <ele>27.4</ele>
    <time>2024-09-12T17:58:40Z</time>
    <extensions>
     <gpxtpx:TrackPointExtension>
      <gpxtpx:hr>129</gpxtpx:hr>
     </gpxtpx:TrackPointExtension>
    </extensions>
   </trkpt>
   <trkpt lat="51.5608580" lon="-0.0789880">
    <ele>27.5</ele>
    <time>2024-09-12T17:58:41Z</time>
    <extensions>
     <gpxtpx:TrackPointExtension>
      <gpxtpx:hr>129</gpxtpx:hr>
     </gpxtpx:TrackPointExtension>
    </extensions>
   </trkpt>
   <trkpt lat="51.5608970" lon="-0.0789930">
    <ele>27.6</ele>
    <time>2024-09-12T17:58:42Z</time>
    <extensions>
     <gpxtpx:TrackPointExtension>
      <gpxtpx:hr>129</gpxtpx:hr>
     </gpxtpx:TrackPointExtension>
    </extensions>
   </trkpt>
   <trkpt lat="51.5609100" lon="-0.0789950">
    <ele>27.6</ele>
    <time>2024-09-12T17:58:43Z</time>
    <extensions>
     <gpxtpx:TrackPointExtension>
      <gpxtpx:hr>129</gpxtpx:hr>
     </gpxtpx:TrackPointExtension>
    </extensions>
   </trkpt>
   <trkpt lat="51.5609540" lon="-0.0790000">
    <ele>27.7</ele>
    <time>2024-09-12T17:58:44Z</time>
    <extensions>
     <gpxtpx:TrackPointExtension>
      <gpxtpx:hr>129</gpxtpx:hr>
     </gpxtpx:TrackPointExtension>
    </extensions>
   </trkpt>
   <trkpt lat="51.5609710" lon="-0.0790020">
    <ele>27.8</ele>
    <time>2024-09-12T17:58:45Z</time>
    <extensions>
     <gpxtpx:TrackPointExtension>
      <gpxtpx:hr>129</gpxtpx:hr>
     </gpxtpx:TrackPointExtension>
    </extensions>
   </trkpt>
   <trkpt lat="51.5609890" lon="-0.0790040">
    <ele>27.8</ele>
    <time>2024-09-12T17:58:46Z</time>
    <extensions>
     <gpxtpx:TrackPointExtension>
      <gpxtpx:hr>131</gpxtpx:hr>
     </gpxtpx:TrackPointExtension>
    </extensions>
   </trkpt>
   <trkpt lat="51.5610270" lon="-0.0790080">
    <ele>27.9</ele>
    <time>2024-09-12T17:58:47Z</time>
    <extensions>
     <gpxtpx:TrackPointExtension>
      <gpxtpx:hr>131</gpxtpx:hr>
     </gpxtpx:TrackPointExtension>
    </extensions>
   </trkpt>
   <trkpt lat="51.5610390" lon="-0.0790100">
    <ele>27.9</ele>
    <time>2024-09-12T17:58:48Z</time>
    <extensions>
     <gpxtpx:TrackPointExtension>
      <gpxtpx:hr>131</gpxtpx:hr>
     </gpxtpx:TrackPointExtension>
    </extensions>
   </trkpt>
   <trkpt lat="51.5610820" lon="-0.0790140">
    <ele>28.0</ele>
    <time>2024-09-12T17:58:49Z</time>
    <extensions>
     <gpxtpx:TrackPointExtension>
      <gpxtpx:hr>131</gpxtpx:hr>
     </gpxtpx:TrackPointExtension>
    </extensions>
   </trkpt>
   <trkpt lat="51.5610990" lon="-0.0790160">
    <ele>28.1</ele>
    <time>2024-09-12T17:58:50Z</time>
    <extensions>
     <gpxtpx:TrackPointExtension>
      <gpxtpx:hr>131</gpxtpx:hr>
     </gpxtpx:TrackPointExtension>
    </extensions>
   </trkpt>
   <trkpt lat="51.5611170" lon="-0.0790180">
    <ele>28.1</ele>
    <time>2024-09-12T17:58:51Z</time>
    <extensions>
     <gpxtpx:TrackPointExtension>
      <gpxtpx:hr>129</gpxtpx:hr>
     </gpxtpx:TrackPointExtension>
    </extensions>
   </trkpt>
   <trkpt lat="51.5611550" lon="-0.0790220">
    <ele>28.2</ele>
    <time>2024-09-12T17:58:52Z</time>
    <extensions>
     <gpxtpx:TrackPointExtension>
      <gpxtpx:hr>129</gpxtpx:hr>
     </gpxtpx:TrackPointExtension>
    </extensions>
   </trkpt>
   <trkpt lat="51.5611680" lon="-0.0790230">
    <ele>28.2</ele>
    <time>2024-09-12T17:58:53Z</time>
    <extensions>
     <gpxtpx:TrackPointExtension>
      <gpxtpx:hr>129</gpxtpx:hr>
     </gpxtpx:TrackPointExtension>
    </extensions>
   </trkpt>
   <trkpt lat="51.5612110" lon="-0.0790270">
    <ele>28.3</ele>
    <time>2024-09-12T17:58:54Z</time>
    <extensions>
     <gpxtpx:TrackPointExtension>
      <gpxtpx:hr>129</gpxtpx:hr>
     </gpxtpx:TrackPointExtension>
    </extensions>
   </trkpt>
   <trkpt lat="51.5612280" lon="-0.0790280">
    <ele>28.3</ele>
    <time>2024-09-12T17:58:55Z</time>
    <extensions>
     <gpxtpx:TrackPointExtension>
      <gpxtpx:hr>129</gpxtpx:hr>
     </gpxtpx:TrackPointExtension>
    </extensions>
   </trkpt>
   <trkpt lat="51.5612450" lon="-0.0790300">
    <ele>28.3</ele>
    <time>2024-09-12T17:58:56Z</time>
    <extensions>
     <gpxtpx:TrackPointExtension>
      <gpxtpx:hr>129</gpxtpx:hr>
     </gpxtpx:TrackPointExtension>
    </extensions>
   </trkpt>
   <trkpt lat="51.5612850" lon="-0.0790330">
    <ele>28.3</ele>
    <time>2024-09-12T17:58:57Z</time>
    <extensions>
     <gpxtpx:TrackPointExtension>
      <gpxtpx:hr>129</gpxtpx:hr>
     </gpxtpx:TrackPointExtension>
    </extensions>
   </trkpt>
   <trkpt lat="51.5612980" lon="-0.0790340">
    <ele>28.4</ele>
    <time>2024-09-12T17:58:58Z</time>
    <extensions>
     <gpxtpx:TrackPointExtension>
      <gpxtpx:hr>131</gpxtpx:hr>
     </gpxtpx:TrackPointExtension>
    </extensions>
   </trkpt>
   <trkpt lat="51.5613420" lon="-0.0790380">
    <ele>28.4</ele>
    <time>2024-09-12T17:58:59Z</time>
    <extensions>
     <gpxtpx:TrackPointExtension>
      <gpxtpx:hr>131</gpxtpx:hr>
     </gpxtpx:TrackPointExtension>
    </extensions>
   </trkpt>
   <trkpt lat="51.5613590" lon="-0.0790390">
    <ele>28.4</ele>
    <time>2024-09-12T17:59:00Z</time>
    <extensions>
     <gpxtpx:TrackPointExtension>
      <gpxtpx:hr>131</gpxtpx:hr>
     </gpxtpx:TrackPointExtension>
    </extensions>
   </trkpt>
   <trkpt lat="51.5613770" lon="-0.0790410">
    <ele>28.4</ele>
    <time>2024-09-12T17:59:01Z</time>
    <extensions>
     <gpxtpx:TrackPointExtension>
      <gpxtpx:hr>131</gpxtpx:hr>
     </gpxtpx:TrackPointExtension>
    </extensions>
   </trkpt>
   <trkpt lat="51.5614200" lon="-0.0790440">
    <ele>28.5</ele>
    <time>2024-09-12T17:59:02Z</time>
    <extensions>
     <gpxtpx:TrackPointExtension>
      <gpxtpx:hr>131</gpxtpx:hr>
     </gpxtpx:TrackPointExtension>
    </extensions>
   </trkpt>
   <trkpt lat="51.5614380" lon="-0.0790450">
    <ele>28.5</ele>
    <time>2024-09-12T17:59:03Z</time>
    <extensions>
     <gpxtpx:TrackPointExtension>
      <gpxtpx:hr>131</gpxtpx:hr>
     </gpxtpx:TrackPointExtension>
    </extensions>
   </trkpt>
   <trkpt lat="51.5614550" lon="-0.0790460">
    <ele>28.5</ele>
    <time>2024-09-12T17:59:04Z</time>
    <extensions>
     <gpxtpx:TrackPointExtension>
      <gpxtpx:hr>131</gpxtpx:hr>
     </gpxtpx:TrackPointExtension>
    </extensions>
   </trkpt>
   <trkpt lat="51.5614930" lon="-0.0790490">
    <ele>28.6</ele>
    <time>2024-09-12T17:59:05Z</time>
    <extensions>
     <gpxtpx:TrackPointExtension>
      <gpxtpx:hr>131</gpxtpx:hr>
     </gpxtpx:TrackPointExtension>
    </extensions>
   </trkpt>
   <trkpt lat="51.5615060" lon="-0.0790490">
    <ele>28.6</ele>
    <time>2024-09-12T17:59:06Z</time>
    <extensions>
     <gpxtpx:TrackPointExtension>
      <gpxtpx:hr>131</gpxtpx:hr>
     </gpxtpx:TrackPointExtension>
    </extensions>
   </trkpt>
   <trkpt lat="51.5615490" lon="-0.0790520">
    <ele>28.6</ele>
    <time>2024-09-12T17:59:07Z</time>
    <extensions>
     <gpxtpx:TrackPointExtension>
      <gpxtpx:hr>131</gpxtpx:hr>
     </gpxtpx:TrackPointExtension>
    </extensions>
   </trkpt>
   <trkpt lat="51.5615660" lon="-0.0790530">
    <ele>28.6</ele>
    <time>2024-09-12T17:59:08Z</time>
    <extensions>
     <gpxtpx:TrackPointExtension>
      <gpxtpx:hr>131</gpxtpx:hr>
     </gpxtpx:TrackPointExtension>
    </extensions>
   </trkpt>
   <trkpt lat="51.5615830" lon="-0.0790540">
    <ele>28.6</ele>
    <time>2024-09-12T17:59:09Z</time>
    <extensions>
     <gpxtpx:TrackPointExtension>
      <gpxtpx:hr>131</gpxtpx:hr>
     </gpxtpx:TrackPointExtension>
    </extensions>
   </trkpt>
   <trkpt lat="51.5616240" lon="-0.0790560">
    <ele>28.7</ele>
    <time>2024-09-12T17:59:10Z</time>
    <extensions>
     <gpxtpx:TrackPointExtension>
      <gpxtpx:hr>131</gpxtpx:hr>
     </gpxtpx:TrackPointExtension>
    </extensions>
   </trkpt>
   <trkpt lat="51.5616370" lon="-0.0790570">
    <ele>28.7</ele>
    <time>2024-09-12T17:59:11Z</time>
    <extensions>
     <gpxtpx:TrackPointExtension>
      <gpxtpx:hr>132</gpxtpx:hr>
     </gpxtpx:TrackPointExtension>
    </extensions>
   </trkpt>
   <trkpt lat="51.5616830" lon="-0.0790590">
    <ele>28.7</ele>
    <time>2024-09-12T17:59:12Z</time>
    <extensions>
     <gpxtpx:TrackPointExtension>
      <gpxtpx:hr>132</gpxtpx:hr>
     </gpxtpx:TrackPointExtension>
    </extensions>
   </trkpt>
   <trkpt lat="51.5617010" lon="-0.0790600">
    <ele>28.7</ele>
    <time>2024-09-12T17:59:13Z</time>
    <extensions>
     <gpxtpx:TrackPointExtension>
      <gpxtpx:hr>132</gpxtpx:hr>
     </gpxtpx:TrackPointExtension>
    </extensions>
   </trkpt>
   <trkpt lat="51.5617190" lon="-0.0790620">
    <ele>28.7</ele>
    <time>2024-09-12T17:59:14Z</time>
    <extensions>
     <gpxtpx:TrackPointExtension>
      <gpxtpx:hr>132</gpxtpx:hr>
     </gpxtpx:TrackPointExtension>
    </extensions>
   </trkpt>
   <trkpt lat="51.5617600" lon="-0.0790640">
    <ele>28.8</ele>
    <time>2024-09-12T17:59:15Z</time>
    <extensions>
     <gpxtpx:TrackPointExtension>
      <gpxtpx:hr>132</gpxtpx:hr>
     </gpxtpx:TrackPointExtension>
    </extensions>
   </trkpt>
   <trkpt lat="51.5617740" lon="-0.0790650">
    <ele>28.8</ele>
    <time>2024-09-12T17:59:16Z</time>
    <extensions>
     <gpxtpx:TrackPointExtension>
      <gpxtpx:hr>132</gpxtpx:hr>
     </gpxtpx:TrackPointExtension>
    </extensions>
   </trkpt>
   <trkpt lat="51.5618180" lon="-0.0790680">
    <ele>28.8</ele>
    <time>2024-09-12T17:59:17Z</time>
    <extensions>
     <gpxtpx:TrackPointExtension>
      <gpxtpx:hr>132</gpxtpx:hr>
     </gpxtpx:TrackPointExtension>
    </extensions>
   </trkpt>
   <trkpt lat="51.5618360" lon="-0.0790700">
    <ele>28.8</ele>
    <time>2024-09-12T17:59:18Z</time>
    <extensions>
     <gpxtpx:TrackPointExtension>
      <gpxtpx:hr>132</gpxtpx:hr>
     </gpxtpx:TrackPointExtension>
    </extensions>
   </trkpt>
   <trkpt lat="51.5618540" lon="-0.0790710">
    <ele>28.8</ele>
    <time>2024-09-12T17:59:19Z</time>
    <extensions>
     <gpxtpx:TrackPointExtension>
      <gpxtpx:hr>132</gpxtpx:hr>
     </gpxtpx:TrackPointExtension>
    </extensions>
   </trkpt>
   <trkpt lat="51.5618930" lon="-0.0790750">
    <ele>28.9</ele>
    <time>2024-09-12T17:59:20Z</time>
    <extensions>
     <gpxtpx:TrackPointExtension>
      <gpxtpx:hr>132</gpxtpx:hr>
     </gpxtpx:TrackPointExtension>
    </extensions>
   </trkpt>
   <trkpt lat="51.5619070" lon="-0.0790760">
    <ele>28.9</ele>
    <time>2024-09-12T17:59:21Z</time>
    <extensions>
     <gpxtpx:TrackPointExtension>
      <gpxtpx:hr>132</gpxtpx:hr>
     </gpxtpx:TrackPointExtension>
    </extensions>
   </trkpt>
   <trkpt lat="51.5619510" lon="-0.0790810">
    <ele>28.9</ele>
    <time>2024-09-12T17:59:22Z</time>
    <extensions>
     <gpxtpx:TrackPointExtension>
      <gpxtpx:hr>132</gpxtpx:hr>
     </gpxtpx:TrackPointExtension>
    </extensions>
   </trkpt>
   <trkpt lat="51.5619690" lon="-0.0790830">
    <ele>28.9</ele>
    <time>2024-09-12T17:59:23Z</time>
    <extensions>
     <gpxtpx:TrackPointExtension>
      <gpxtpx:hr>131</gpxtpx:hr>
     </gpxtpx:TrackPointExtension>
    </extensions>
   </trkpt>
   <trkpt lat="51.5619870" lon="-0.0790860">
    <ele>28.9</ele>
    <time>2024-09-12T17:59:24Z</time>
    <extensions>
     <gpxtpx:TrackPointExtension>
      <gpxtpx:hr>131</gpxtpx:hr>
     </gpxtpx:TrackPointExtension>
    </extensions>
   </trkpt>
   <trkpt lat="51.5620310" lon="-0.0790920">
    <ele>29.0</ele>
    <time>2024-09-12T17:59:25Z</time>
    <extensions>
     <gpxtpx:TrackPointExtension>
      <gpxtpx:hr>131</gpxtpx:hr>
     </gpxtpx:TrackPointExtension>
    </extensions>
   </trkpt>
   <trkpt lat="51.5620470" lon="-0.0790940">
    <ele>29.0</ele>
    <time>2024-09-12T17:59:26Z</time>
    <extensions>
     <gpxtpx:TrackPointExtension>
      <gpxtpx:hr>131</gpxtpx:hr>
     </gpxtpx:TrackPointExtension>
    </extensions>
   </trkpt>
   <trkpt lat="51.5620640" lon="-0.0790970">
    <ele>29.0</ele>
    <time>2024-09-12T17:59:27Z</time>
    <extensions>
     <gpxtpx:TrackPointExtension>
      <gpxtpx:hr>131</gpxtpx:hr>
     </gpxtpx:TrackPointExtension>
    </extensions>
   </trkpt>
   <trkpt lat="51.5620980" lon="-0.0791060">
    <ele>29.0</ele>
    <time>2024-09-12T17:59:28Z</time>
    <extensions>
     <gpxtpx:TrackPointExtension>
      <gpxtpx:hr>131</gpxtpx:hr>
     </gpxtpx:TrackPointExtension>
    </extensions>
   </trkpt>
   <trkpt lat="51.5621090" lon="-0.0791090">
    <ele>29.0</ele>
    <time>2024-09-12T17:59:29Z</time>
    <extensions>
     <gpxtpx:TrackPointExtension>
      <gpxtpx:hr>131</gpxtpx:hr>
     </gpxtpx:TrackPointExtension>
    </extensions>
   </trkpt>
   <trkpt lat="51.5621370" lon="-0.0791290">
    <ele>29.0</ele>
    <time>2024-09-12T17:59:30Z</time>
    <extensions>
     <gpxtpx:TrackPointExtension>
      <gpxtpx:hr>131</gpxtpx:hr>
     </gpxtpx:TrackPointExtension>
    </extensions>
   </trkpt>
   <trkpt lat="51.5621460" lon="-0.0791410">
    <ele>29.0</ele>
    <time>2024-09-12T17:59:31Z</time>
    <extensions>
     <gpxtpx:TrackPointExtension>
      <gpxtpx:hr>129</gpxtpx:hr>
     </gpxtpx:TrackPointExtension>
    </extensions>
   </trkpt>
   <trkpt lat="51.5621550" lon="-0.0791520">
    <ele>29.0</ele>
    <time>2024-09-12T17:59:32Z</time>
    <extensions>
     <gpxtpx:TrackPointExtension>
      <gpxtpx:hr>129</gpxtpx:hr>
     </gpxtpx:TrackPointExtension>
    </extensions>
   </trkpt>
   <trkpt lat="51.5621600" lon="-0.0791980">
    <ele>29.1</ele>
    <time>2024-09-12T17:59:33Z</time>
    <extensions>
     <gpxtpx:TrackPointExtension>
      <gpxtpx:hr>129</gpxtpx:hr>
     </gpxtpx:TrackPointExtension>
    </extensions>
   </trkpt>
   <trkpt lat="51.5621600" lon="-0.0792150">
    <ele>29.1</ele>
    <time>2024-09-12T17:59:34Z</time>
    <extensions>
     <gpxtpx:TrackPointExtension>
      <gpxtpx:hr>129</gpxtpx:hr>
     </gpxtpx:TrackPointExtension>
    </extensions>
   </trkpt>
   <trkpt lat="51.5621550" lon="-0.0792830">
    <ele>29.1</ele>
    <time>2024-09-12T17:59:35Z</time>
    <extensions>
     <gpxtpx:TrackPointExtension>
      <gpxtpx:hr>129</gpxtpx:hr>
     </gpxtpx:TrackPointExtension>
    </extensions>
   </trkpt>
   <trkpt lat="51.5621530" lon="-0.0793120">
    <ele>29.2</ele>
    <time>2024-09-12T17:59:36Z</time>
    <extensions>
     <gpxtpx:TrackPointExtension>
      <gpxtpx:hr>129</gpxtpx:hr>
     </gpxtpx:TrackPointExtension>
    </extensions>
   </trkpt>
   <trkpt lat="51.5621510" lon="-0.0793400">
    <ele>29.2</ele>
    <time>2024-09-12T17:59:37Z</time>
    <extensions>
     <gpxtpx:TrackPointExtension>
      <gpxtpx:hr>129</gpxtpx:hr>
     </gpxtpx:TrackPointExtension>
    </extensions>
   </trkpt>
   <trkpt lat="51.5621450" lon="-0.0794080">
    <ele>29.2</ele>
    <time>2024-09-12T17:59:38Z</time>
    <extensions>
     <gpxtpx:TrackPointExtension>
      <gpxtpx:hr>127</gpxtpx:hr>
     </gpxtpx:TrackPointExtension>
    </extensions>
   </trkpt>
   <trkpt lat="51.5621440" lon="-0.0794310">
    <ele>29.2</ele>
    <time>2024-09-12T17:59:39Z</time>
    <extensions>
     <gpxtpx:TrackPointExtension>
      <gpxtpx:hr>127</gpxtpx:hr>
     </gpxtpx:TrackPointExtension>
    </extensions>
   </trkpt>
   <trkpt lat="51.5621390" lon="-0.0795090">
    <ele>29.2</ele>
    <time>2024-09-12T17:59:40Z</time>
    <extensions>
     <gpxtpx:TrackPointExtension>
      <gpxtpx:hr>127</gpxtpx:hr>
     </gpxtpx:TrackPointExtension>
    </extensions>
   </trkpt>
   <trkpt lat="51.5621370" lon="-0.0795400">
    <ele>29.2</ele>
    <time>2024-09-12T17:59:41Z</time>
    <extensions>
     <gpxtpx:TrackPointExtension>
      <gpxtpx:hr>127</gpxtpx:hr>
     </gpxtpx:TrackPointExtension>
    </extensions>
   </trkpt>
   <trkpt lat="51.5621350" lon="-0.0795720">
    <ele>29.2</ele>
    <time>2024-09-12T17:59:42Z</time>
    <extensions>
     <gpxtpx:TrackPointExtension>
      <gpxtpx:hr>127</gpxtpx:hr>
     </gpxtpx:TrackPointExtension>
    </extensions>
   </trkpt>
   <trkpt lat="51.5621320" lon="-0.0796410">
    <ele>29.2</ele>
    <time>2024-09-12T17:59:43Z</time>
    <extensions>
     <gpxtpx:TrackPointExtension>
      <gpxtpx:hr>127</gpxtpx:hr>
     </gpxtpx:TrackPointExtension>
    </extensions>
   </trkpt>
   <trkpt lat="51.5621310" lon="-0.0796640">
    <ele>29.2</ele>
    <time>2024-09-12T17:59:44Z</time>
    <extensions>
     <gpxtpx:TrackPointExtension>
      <gpxtpx:hr>127</gpxtpx:hr>
     </gpxtpx:TrackPointExtension>
    </extensions>
   </trkpt>
   <trkpt lat="51.5621280" lon="-0.0797400">
    <ele>29.2</ele>
    <time>2024-09-12T17:59:45Z</time>
    <extensions>
     <gpxtpx:TrackPointExtension>
      <gpxtpx:hr>127</gpxtpx:hr>
     </gpxtpx:TrackPointExtension>
    </extensions>
   </trkpt>
   <trkpt lat="51.5621260" lon="-0.0797710">
    <ele>29.2</ele>
    <time>2024-09-12T17:59:46Z</time>
    <extensions>
     <gpxtpx:TrackPointExtension>
      <gpxtpx:hr>127</gpxtpx:hr>
     </gpxtpx:TrackPointExtension>
    </extensions>
   </trkpt>
   <trkpt lat="51.5621250" lon="-0.0798020">
    <ele>29.3</ele>
    <time>2024-09-12T17:59:47Z</time>
    <extensions>
     <gpxtpx:TrackPointExtension>
      <gpxtpx:hr>127</gpxtpx:hr>
     </gpxtpx:TrackPointExtension>
    </extensions>
   </trkpt>
   <trkpt lat="51.5621220" lon="-0.0798800">
    <ele>29.3</ele>
    <time>2024-09-12T17:59:48Z</time>
    <extensions>
     <gpxtpx:TrackPointExtension>
      <gpxtpx:hr>126</gpxtpx:hr>
     </gpxtpx:TrackPointExtension>
    </extensions>
   </trkpt>
   <trkpt lat="51.5621210" lon="-0.0799110">
    <ele>29.3</ele>
    <time>2024-09-12T17:59:49Z</time>
    <extensions>
     <gpxtpx:TrackPointExtension>
      <gpxtpx:hr>126</gpxtpx:hr>
     </gpxtpx:TrackPointExtension>
    </extensions>
   </trkpt>
   <trkpt lat="51.5621200" lon="-0.0799410">
    <ele>29.3</ele>
    <time>2024-09-12T17:59:50Z</time>
    <extensions>
     <gpxtpx:TrackPointExtension>
      <gpxtpx:hr>126</gpxtpx:hr>
     </gpxtpx:TrackPointExtension>
    </extensions>
   </trkpt>
   <trkpt lat="51.5621180" lon="-0.0800100">
    <ele>29.3</ele>
    <time>2024-09-12T17:59:51Z</time>
    <extensions>
     <gpxtpx:TrackPointExtension>
      <gpxtpx:hr>126</gpxtpx:hr>
     </gpxtpx:TrackPointExtension>
    </extensions>
   </trkpt>
   <trkpt lat="51.5621180" lon="-0.0800330">
    <ele>29.3</ele>
    <time>2024-09-12T17:59:52Z</time>
    <extensions>
     <gpxtpx:TrackPointExtension>
      <gpxtpx:hr>126</gpxtpx:hr>
     </gpxtpx:TrackPointExtension>
    </extensions>
   </trkpt>
   <trkpt lat="51.5621160" lon="-0.0801090">
    <ele>29.3</ele>
    <time>2024-09-12T17:59:53Z</time>
    <extensions>
     <gpxtpx:TrackPointExtension>
      <gpxtpx:hr>126</gpxtpx:hr>
     </gpxtpx:TrackPointExtension>
    </extensions>
   </trkpt>
   <trkpt lat="51.5621160" lon="-0.0801390">
    <ele>29.3</ele>
    <time>2024-09-12T17:59:54Z</time>
    <extensions>
     <gpxtpx:TrackPointExtension>
      <gpxtpx:hr>127</gpxtpx:hr>
     </gpxtpx:TrackPointExtension>
    </extensions>
   </trkpt>
   <trkpt lat="51.5621150" lon="-0.0801690">
    <ele>29.3</ele>
    <time>2024-09-12T17:59:55Z</time>
    <extensions>
     <gpxtpx:TrackPointExtension>
      <gpxtpx:hr>127</gpxtpx:hr>
     </gpxtpx:TrackPointExtension>
    </extensions>
   </trkpt>
   <trkpt lat="51.5621170" lon="-0.0802340">
    <ele>29.3</ele>
    <time>2024-09-12T17:59:56Z</time>
    <extensions>
     <gpxtpx:TrackPointExtension>
      <gpxtpx:hr>127</gpxtpx:hr>
     </gpxtpx:TrackPointExtension>
    </extensions>
   </trkpt>
   <trkpt lat="51.5621170" lon="-0.0802560">
    <ele>29.3</ele>
    <time>2024-09-12T17:59:57Z</time>
    <extensions>
     <gpxtpx:TrackPointExtension>
      <gpxtpx:hr>127</gpxtpx:hr>
     </gpxtpx:TrackPointExtension>
    </extensions>
   </trkpt>
   <trkpt lat="51.5621290" lon="-0.0803220">
    <ele>29.3</ele>
    <time>2024-09-12T17:59:58Z</time>
    <extensions>
     <gpxtpx:TrackPointExtension>
      <gpxtpx:hr>127</gpxtpx:hr>
     </gpxtpx:TrackPointExtension>
    </extensions>
   </trkpt>
   <trkpt lat="51.5621370" lon="-0.0803470">
    <ele>29.3</ele>
    <time>2024-09-12T17:59:59Z</time>
    <extensions>
     <gpxtpx:TrackPointExtension>
      <gpxtpx:hr>127</gpxtpx:hr>
     </gpxtpx:TrackPointExtension>
    </extensions>
   </trkpt>
   <trkpt lat="51.5621440" lon="-0.0803720">
    <ele>29.3</ele>
    <time>2024-09-12T18:00:00Z</time>
    <extensions>
     <gpxtpx:TrackPointExtension>
      <gpxtpx:hr>129</gpxtpx:hr>
     </gpxtpx:TrackPointExtension>
    </extensions>
   </trkpt>
   <trkpt lat="51.5621700" lon="-0.0804210">
    <ele>29.3</ele>
    <time>2024-09-12T18:00:01Z</time>
    <extensions>
     <gpxtpx:TrackPointExtension>
      <gpxtpx:hr>129</gpxtpx:hr>
     </gpxtpx:TrackPointExtension>
    </extensions>
   </trkpt>
   <trkpt lat="51.5621780" lon="-0.0804370">
    <ele>29.2</ele>
    <time>2024-09-12T18:00:02Z</time>
    <extensions>
     <gpxtpx:TrackPointExtension>
      <gpxtpx:hr>129</gpxtpx:hr>
     </gpxtpx:TrackPointExtension>
    </extensions>
   </trkpt>
   <trkpt lat="51.5622100" lon="-0.0804900">
    <ele>29.2</ele>
    <time>2024-09-12T18:00:03Z</time>
    <extensions>
     <gpxtpx:TrackPointExtension>
      <gpxtpx:hr>129</gpxtpx:hr>
     </gpxtpx:TrackPointExtension>
    </extensions>
   </trkpt>
   <trkpt lat="51.5622230" lon="-0.0805120">
    <ele>29.2</ele>
    <time>2024-09-12T18:00:04Z</time>
    <extensions>
     <gpxtpx:TrackPointExtension>
      <gpxtpx:hr>129</gpxtpx:hr>
     </gpxtpx:TrackPointExtension>
    </extensions>
   </trkpt>
   <trkpt lat="51.5622370" lon="-0.0805330">
    <ele>29.1</ele>
    <time>2024-09-12T18:00:05Z</time>
    <extensions>
     <gpxtpx:TrackPointExtension>
      <gpxtpx:hr>129</gpxtpx:hr>
     </gpxtpx:TrackPointExtension>
    </extensions>
   </trkpt>
   <trkpt lat="51.5622640" lon="-0.0805880">
    <ele>29.1</ele>
    <time>2024-09-12T18:00:06Z</time>
    <extensions>
     <gpxtpx:TrackPointExtension>
      <gpxtpx:hr>129</gpxtpx:hr>
     </gpxtpx:TrackPointExtension>
    </extensions>
   </trkpt>
   <trkpt lat="51.5622740" lon="-0.0806070">
    <ele>29.1</ele>
    <time>2024-09-12T18:00:07Z</time>
    <extensions>
     <gpxtpx:TrackPointExtension>
      <gpxtpx:hr>127</gpxtpx:hr>
     </gpxtpx:TrackPointExtension>
    </extensions>
   </trkpt>
   <trkpt lat="51.5623020" lon="-0.0806710">
    <ele>29.1</ele>
    <time>2024-09-12T18:00:08Z</time>
    <extensions>
     <gpxtpx:TrackPointExtension>
      <gpxtpx:hr>127</gpxtpx:hr>
     </gpxtpx:TrackPointExtension>
    </extensions>
   </trkpt>
   <trkpt lat="51.5623130" lon="-0.0806970">
    <ele>29.1</ele>
    <time>2024-09-12T18:00:09Z</time>
    <extensions>
     <gpxtpx:TrackPointExtension>
      <gpxtpx:hr>127</gpxtpx:hr>
     </gpxtpx:TrackPointExtension>
    </extensions>
   </trkpt>
   <trkpt lat="51.5623240" lon="-0.0807230">
    <ele>29.0</ele>
    <time>2024-09-12T18:00:10Z</time>
    <extensions>
     <gpxtpx:TrackPointExtension>
      <gpxtpx:hr>127</gpxtpx:hr>
     </gpxtpx:TrackPointExtension>
    </extensions>
   </trkpt>
   <trkpt lat="51.5623500" lon="-0.0807900">
    <ele>29.0</ele>
    <time>2024-09-12T18:00:11Z</time>
    <extensions>
     <gpxtpx:TrackPointExtension>
      <gpxtpx:hr>127</gpxtpx:hr>
     </gpxtpx:TrackPointExtension>
    </extensions>
   </trkpt>
   <trkpt lat="51.5623610" lon="-0.0808170">
    <ele>29.0</ele>
    <time>2024-09-12T18:00:12Z</time>
    <extensions>
     <gpxtpx:TrackPointExtension>
      <gpxtpx:hr>127</gpxtpx:hr>
     </gpxtpx:TrackPointExtension>
    </extensions>
   </trkpt>
   <trkpt lat="51.5623710" lon="-0.0808440">
    <ele>29.0</ele>
    <time>2024-09-12T18:00:13Z</time>
    <extensions>
     <gpxtpx:TrackPointExtension>
      <gpxtpx:hr>127</gpxtpx:hr>
     </gpxtpx:TrackPointExtension>
    </extensions>
   </trkpt>
   <trkpt lat="51.5623930" lon="-0.0809060">
    <ele>29.0</ele>
    <time>2024-09-12T18:00:14Z</time>
    <extensions>
     <gpxtpx:TrackPointExtension>
      <gpxtpx:hr>128</gpxtpx:hr>
     </gpxtpx:TrackPointExtension>
    </extensions>
   </trkpt>
   <trkpt lat="51.5624000" lon="-0.0809260">
    <ele>29.0</ele>
    <time>2024-09-12T18:00:15Z</time>
    <extensions>
     <gpxtpx:TrackPointExtension>
      <gpxtpx:hr>128</gpxtpx:hr>
     </gpxtpx:TrackPointExtension>
    </extensions>
   </trkpt>
   <trkpt lat="51.5624220" lon="-0.0809930">
    <ele>29.0</ele>
    <time>2024-09-12T18:00:16Z</time>
    <extensions>
     <gpxtpx:TrackPointExtension>
      <gpxtpx:hr>128</gpxtpx:hr>
     </gpxtpx:TrackPointExtension>
    </extensions>
   </trkpt>
   <trkpt lat="51.5624300" lon="-0.0810200">
    <ele>29.0</ele>
    <time>2024-09-12T18:00:17Z</time>
    <extensions>
     <gpxtpx:TrackPointExtension>
      <gpxtpx:hr>128</gpxtpx:hr>
     </gpxtpx:TrackPointExtension>
    </extensions>
   </trkpt>
   <trkpt lat="51.5624380" lon="-0.0810470">
    <ele>29.0</ele>
    <time>2024-09-12T18:00:18Z</time>
    <extensions>
     <gpxtpx:TrackPointExtension>
      <gpxtpx:hr>128</gpxtpx:hr>
     </gpxtpx:TrackPointExtension>
    </extensions>
   </trkpt>
   <trkpt lat="51.5624550" lon="-0.0811080">
    <ele>29.0</ele>
    <time>2024-09-12T18:00:19Z</time>
    <extensions>
     <gpxtpx:TrackPointExtension>
      <gpxtpx:hr>128</gpxtpx:hr>
     </gpxtpx:TrackPointExtension>
    </extensions>
   </trkpt>
   <trkpt lat="51.5624600" lon="-0.0811290">
    <ele>29.0</ele>
    <time>2024-09-12T18:00:20Z</time>
    <extensions>
     <gpxtpx:TrackPointExtension>
      <gpxtpx:hr>128</gpxtpx:hr>
     </gpxtpx:TrackPointExtension>
    </extensions>
   </trkpt>
   <trkpt lat="51.5624760" lon="-0.0811990">
    <ele>29.0</ele>
    <time>2024-09-12T18:00:21Z</time>
    <extensions>
     <gpxtpx:TrackPointExtension>
      <gpxtpx:hr>128</gpxtpx:hr>
     </gpxtpx:TrackPointExtension>
    </extensions>
   </trkpt>
   <trkpt lat="51.5624820" lon="-0.0812270">
    <ele>29.0</ele>
    <time>2024-09-12T18:00:22Z</time>
    <extensions>
     <gpxtpx:TrackPointExtension>
      <gpxtpx:hr>130</gpxtpx:hr>
     </gpxtpx:TrackPointExtension>
    </extensions>
   </trkpt>
   <trkpt lat="51.5624890" lon="-0.0812560">
    <ele>29.0</ele>
    <time>2024-09-12T18:00:23Z</time>
    <extensions>
     <gpxtpx:TrackPointExtension>
      <gpxtpx:hr>130</gpxtpx:hr>
     </gpxtpx:TrackPointExtension>
    </extensions>
   </trkpt>
   <trkpt lat="51.5625050" lon="-0.0813170">
    <ele>28.9</ele>
    <time>2024-09-12T18:00:24Z</time>
    <extensions>
     <gpxtpx:TrackPointExtension>
      <gpxtpx:hr>130</gpxtpx:hr>
     </gpxtpx:TrackPointExtension>
    </extensions>
   </trkpt>
   <trkpt lat="51.5625120" lon="-0.0813370">
    <ele>28.9</ele>
    <time>2024-09-12T18:00:25Z</time>
    <extensions>
     <gpxtpx:TrackPointExtension>
      <gpxtpx:hr>130</gpxtpx:hr>
     </gpxtpx:TrackPointExtension>
    </extensions>
   </trkpt>
   <trkpt lat="51.5625380" lon="-0.0813950">
    <ele>28.9</ele>
    <time>2024-09-12T18:00:26Z</time>
    <extensions>
     <gpxtpx:TrackPointExtension>
      <gpxtpx:hr>130</gpxtpx:hr>
     </gpxtpx:TrackPointExtension>
    </extensions>
   </trkpt>
   <trkpt lat="51.5625490" lon="-0.0814180">
    <ele>28.9</ele>
    <time>2024-09-12T18:00:27Z</time>
    <extensions>
     <gpxtpx:TrackPointExtension>
      <gpxtpx:hr>130</gpxtpx:hr>
     </gpxtpx:TrackPointExtension>
    </extensions>
   </trkpt>
   <trkpt lat="51.5625600" lon="-0.0814410">
    <ele>28.9</ele>
    <time>2024-09-12T18:00:28Z</time>
    <extensions>
     <gpxtpx:TrackPointExtension>
      <gpxtpx:hr>131</gpxtpx:hr>
     </gpxtpx:TrackPointExtension>
    </extensions>
   </trkpt>
   <trkpt lat="51.5625880" lon="-0.0814920">
    <ele>28.9</ele>
    <time>2024-09-12T18:00:29Z</time>
    <extensions>
     <gpxtpx:TrackPointExtension>
      <gpxtpx:hr>131</gpxtpx:hr>
     </gpxtpx:TrackPointExtension>
    </extensions>
   </trkpt>
   <trkpt lat="51.5625970" lon="-0.0815100">
    <ele>28.9</ele>
    <time>2024-09-12T18:00:30Z</time>
    <extensions>
     <gpxtpx:TrackPointExtension>
      <gpxtpx:hr>131</gpxtpx:hr>
     </gpxtpx:TrackPointExtension>
    </extensions>
   </trkpt>
   <trkpt lat="51.5626270" lon="-0.0815660">
    <ele>28.8</ele>
    <time>2024-09-12T18:00:31Z</time>
    <extensions>
     <gpxtpx:TrackPointExtension>
      <gpxtpx:hr>131</gpxtpx:hr>
     </gpxtpx:TrackPointExtension>
    </extensions>
   </trkpt>
   <trkpt lat="51.5626390" lon="-0.0815880">
    <ele>28.8</ele>
    <time>2024-09-12T18:00:32Z</time>
    <extensions>
     <gpxtpx:TrackPointExtension>
      <gpxtpx:hr>131</gpxtpx:hr>
     </gpxtpx:TrackPointExtension>
    </extensions>
   </trkpt>
   <trkpt lat="51.5626510" lon="-0.0816100">
    <ele>28.8</ele>
    <time>2024-09-12T18:00:33Z</time>
    <extensions>
     <gpxtpx:TrackPointExtension>
      <gpxtpx:hr>131</gpxtpx:hr>
     </gpxtpx:TrackPointExtension>
    </extensions>
   </trkpt>
   <trkpt lat="51.5626770" lon="-0.0816590">
    <ele>28.7</ele>
    <time>2024-09-12T18:00:34Z</time>
    <extensions>
     <gpxtpx:TrackPointExtension>
      <gpxtpx:hr>134</gpxtpx:hr>
     </gpxtpx:TrackPointExtension>
    </extensions>
   </trkpt>
   <trkpt lat="51.5626860" lon="-0.0816750">
    <ele>28.7</ele>
    <time>2024-09-12T18:00:35Z</time>
    <extensions>
     <gpxtpx:TrackPointExtension>
      <gpxtpx:hr>134</gpxtpx:hr>
     </gpxtpx:TrackPointExtension>
    </extensions>
   </trkpt>
   <trkpt lat="51.5627120" lon="-0.0817280">
    <ele>28.6</ele>
    <time>2024-09-12T18:00:36Z</time>
    <extensions>
     <gpxtpx:TrackPointExtension>
      <gpxtpx:hr>134</gpxtpx:hr>
     </gpxtpx:TrackPointExtension>
    </extensions>
   </trkpt>
   <trkpt lat="51.5627220" lon="-0.0817490">
    <ele>28.6</ele>
    <time>2024-09-12T18:00:37Z</time>
    <extensions>
     <gpxtpx:TrackPointExtension>
      <gpxtpx:hr>134</gpxtpx:hr>
     </gpxtpx:TrackPointExtension>
    </extensions>
   </trkpt>
   <trkpt lat="51.5627330" lon="-0.0817710">
    <ele>28.6</ele>
    <time>2024-09-12T18:00:38Z</time>
    <extensions>
     <gpxtpx:TrackPointExtension>
      <gpxtpx:hr>134</gpxtpx:hr>
     </gpxtpx:TrackPointExtension>
    </extensions>
   </trkpt>
   <trkpt lat="51.5627480" lon="-0.0818260">
    <ele>28.5</ele>
    <time>2024-09-12T18:00:39Z</time>
    <extensions>
     <gpxtpx:TrackPointExtension>
      <gpxtpx:hr>134</gpxtpx:hr>
     </gpxtpx:TrackPointExtension>
    </extensions>
   </trkpt>
   <trkpt lat="51.5627510" lon="-0.0818480">
    <ele>28.5</ele>
    <time>2024-09-12T18:00:40Z</time>
    <extensions>
     <gpxtpx:TrackPointExtension>
      <gpxtpx:hr>134</gpxtpx:hr>
     </gpxtpx:TrackPointExtension>
    </extensions>
   </trkpt>
   <trkpt lat="51.5627540" lon="-0.0818700">
    <ele>28.6</ele>
    <time>2024-09-12T18:00:41Z</time>
    <extensions>
     <gpxtpx:TrackPointExtension>
      <gpxtpx:hr>134</gpxtpx:hr>
     </gpxtpx:TrackPointExtension>
    </extensions>
   </trkpt>
   <trkpt lat="51.5627420" lon="-0.0819240">
    <ele>28.6</ele>
    <time>2024-09-12T18:00:42Z</time>
    <extensions>
     <gpxtpx:TrackPointExtension>
      <gpxtpx:hr>134</gpxtpx:hr>
     </gpxtpx:TrackPointExtension>
    </extensions>
   </trkpt>
   <trkpt lat="51.5627360" lon="-0.0819420">
    <ele>28.6</ele>
    <time>2024-09-12T18:00:43Z</time>
    <extensions>
     <gpxtpx:TrackPointExtension>
      <gpxtpx:hr>134</gpxtpx:hr>
     </gpxtpx:TrackPointExtension>
    </extensions>
   </trkpt>
   <trkpt lat="51.5627070" lon="-0.0820000">
    <ele>28.7</ele>
    <time>2024-09-12T18:00:44Z</time>
    <extensions>
     <gpxtpx:TrackPointExtension>
      <gpxtpx:hr>134</gpxtpx:hr>
     </gpxtpx:TrackPointExtension>
    </extensions>
   </trkpt>
   <trkpt lat="51.5626940" lon="-0.0820230">
    <ele>28.7</ele>
    <time>2024-09-12T18:00:45Z</time>
    <extensions>
     <gpxtpx:TrackPointExtension>
      <gpxtpx:hr>134</gpxtpx:hr>
     </gpxtpx:TrackPointExtension>
    </extensions>
   </trkpt>
   <trkpt lat="51.5626820" lon="-0.0820460">
    <ele>28.7</ele>
    <time>2024-09-12T18:00:46Z</time>
    <extensions>
     <gpxtpx:TrackPointExtension>
      <gpxtpx:hr>134</gpxtpx:hr>
     </gpxtpx:TrackPointExtension>
    </extensions>
   </trkpt>
   <trkpt lat="51.5626530" lon="-0.0820960">
    <ele>28.8</ele>
    <time>2024-09-12T18:00:47Z</time>
    <extensions>
     <gpxtpx:TrackPointExtension>
      <gpxtpx:hr>134</gpxtpx:hr>
     </gpxtpx:TrackPointExtension>
    </extensions>
   </trkpt>
   <trkpt lat="51.5626430" lon="-0.0821120">
    <ele>28.8</ele>
    <time>2024-09-12T18:00:48Z</time>
    <extensions>
     <gpxtpx:TrackPointExtension>
      <gpxtpx:hr>133</gpxtpx:hr>
     </gpxtpx:TrackPointExtension>
    </extensions>
   </trkpt>
   <trkpt lat="51.5626100" lon="-0.0821650">
    <ele>28.9</ele>
    <time>2024-09-12T18:00:49Z</time>
    <extensions>
     <gpxtpx:TrackPointExtension>
      <gpxtpx:hr>133</gpxtpx:hr>
     </gpxtpx:TrackPointExtension>
    </extensions>
   </trkpt>
   <trkpt lat="51.5625970" lon="-0.0821870">
    <ele>28.9</ele>
    <time>2024-09-12T18:00:50Z</time>
    <extensions>
     <gpxtpx:TrackPointExtension>
      <gpxtpx:hr>133</gpxtpx:hr>
     </gpxtpx:TrackPointExtension>
    </extensions>
   </trkpt>
   <trkpt lat="51.5625840" lon="-0.0822080">
    <ele>28.9</ele>
    <time>2024-09-12T18:00:51Z</time>
    <extensions>
     <gpxtpx:TrackPointExtension>
      <gpxtpx:hr>133</gpxtpx:hr>
     </gpxtpx:TrackPointExtension>
    </extensions>
   </trkpt>
   <trkpt lat="51.5625540" lon="-0.0822560">
    <ele>28.9</ele>
    <time>2024-09-12T18:00:52Z</time>
    <extensions>
     <gpxtpx:TrackPointExtension>
      <gpxtpx:hr>133</gpxtpx:hr>
     </gpxtpx:TrackPointExtension>
    </extensions>
   </trkpt>
   <trkpt lat="51.5625440" lon="-0.0822720">
    <ele>29.0</ele>
    <time>2024-09-12T18:00:53Z</time>
    <extensions>
     <gpxtpx:TrackPointExtension>
      <gpxtpx:hr>133</gpxtpx:hr>
     </gpxtpx:TrackPointExtension>
    </extensions>
   </trkpt>
   <trkpt lat="51.5625120" lon="-0.0823250">
    <ele>29.0</ele>
    <time>2024-09-12T18:00:54Z</time>
    <extensions>
     <gpxtpx:TrackPointExtension>
      <gpxtpx:hr>133</gpxtpx:hr>
     </gpxtpx:TrackPointExtension>
    </extensions>
   </trkpt>
   <trkpt lat="51.5624990" lon="-0.0823470">
    <ele>29.1</ele>
    <time>2024-09-12T18:00:55Z</time>
    <extensions>
     <gpxtpx:TrackPointExtension>
      <gpxtpx:hr>133</gpxtpx:hr>
     </gpxtpx:TrackPointExtension>
    </extensions>
   </trkpt>
   <trkpt lat="51.5624860" lon="-0.0823680">
    <ele>29.1</ele>
    <time>2024-09-12T18:00:56Z</time>
    <extensions>
     <gpxtpx:TrackPointExtension>
      <gpxtpx:hr>133</gpxtpx:hr>
     </gpxtpx:TrackPointExtension>
    </extensions>
   </trkpt>
   <trkpt lat="51.5624560" lon="-0.0824180">
    <ele>29.1</ele>
    <time>2024-09-12T18:00:57Z</time>
    <extensions>
     <gpxtpx:TrackPointExtension>
      <gpxtpx:hr>133</gpxtpx:hr>
     </gpxtpx:TrackPointExtension>
    </extensions>
   </trkpt>
   <trkpt lat="51.5624460" lon="-0.0824350">
    <ele>29.2</ele>
    <time>2024-09-12T18:00:58Z</time>
    <extensions>
     <gpxtpx:TrackPointExtension>
      <gpxtpx:hr>133</gpxtpx:hr>
     </gpxtpx:TrackPointExtension>
    </extensions>
   </trkpt>
   <trkpt lat="51.5624140" lon="-0.0824900">
    <ele>29.2</ele>
    <time>2024-09-12T18:00:59Z</time>
    <extensions>
     <gpxtpx:TrackPointExtension>
      <gpxtpx:hr>133</gpxtpx:hr>
     </gpxtpx:TrackPointExtension>
    </extensions>
   </trkpt>
   <trkpt lat="51.5624020" lon="-0.0825120">
    <ele>29.3</ele>
    <time>2024-09-12T18:01:00Z</time>
    <extensions>
     <gpxtpx:TrackPointExtension>
      <gpxtpx:hr>133</gpxtpx:hr>
     </gpxtpx:TrackPointExtension>
    </extensions>
   </trkpt>
   <trkpt lat="51.5623890" lon="-0.0825330">
    <ele>29.3</ele>
    <time>2024-09-12T18:01:01Z</time>
    <extensions>
     <gpxtpx:TrackPointExtension>
      <gpxtpx:hr>133</gpxtpx:hr>
     </gpxtpx:TrackPointExtension>
    </extensions>
   </trkpt>
   <trkpt lat="51.5623590" lon="-0.0825880">
    <ele>29.4</ele>
    <time>2024-09-12T18:01:02Z</time>
    <extensions>
     <gpxtpx:TrackPointExtension>
      <gpxtpx:hr>133</gpxtpx:hr>
     </gpxtpx:TrackPointExtension>
    </extensions>
   </trkpt>
   <trkpt lat="51.5623470" lon="-0.0826100">
    <ele>29.4</ele>
    <time>2024-09-12T18:01:03Z</time>
    <extensions>
     <gpxtpx:TrackPointExtension>
      <gpxtpx:hr>133</gpxtpx:hr>
     </gpxtpx:TrackPointExtension>
    </extensions>
   </trkpt>
   <trkpt lat="51.5623340" lon="-0.0826320">
    <ele>29.4</ele>
    <time>2024-09-12T18:01:04Z</time>
    <extensions>
     <gpxtpx:TrackPointExtension>
      <gpxtpx:hr>133</gpxtpx:hr>
     </gpxtpx:TrackPointExtension>
    </extensions>
   </trkpt>
   <trkpt lat="51.5623080" lon="-0.0826810">
    <ele>29.5</ele>
    <time>2024-09-12T18:01:05Z</time>
    <extensions>
     <gpxtpx:TrackPointExtension>
      <gpxtpx:hr>132</gpxtpx:hr>
     </gpxtpx:TrackPointExtension>
    </extensions>
   </trkpt>
   <trkpt lat="51.5622990" lon="-0.0826980">
    <ele>29.5</ele>
    <time>2024-09-12T18:01:06Z</time>
    <extensions>
     <gpxtpx:TrackPointExtension>
      <gpxtpx:hr>132</gpxtpx:hr>
     </gpxtpx:TrackPointExtension>
    </extensions>
   </trkpt>
   <trkpt lat="51.5622720" lon="-0.0827540">
    <ele>29.6</ele>
    <time>2024-09-12T18:01:07Z</time>
    <extensions>
     <gpxtpx:TrackPointExtension>
      <gpxtpx:hr>132</gpxtpx:hr>
     </gpxtpx:TrackPointExtension>
    </extensions>
   </trkpt>
   <trkpt lat="51.5622610" lon="-0.0827780">
    <ele>29.6</ele>
    <time>2024-09-12T18:01:08Z</time>
    <extensions>
     <gpxtpx:TrackPointExtension>
      <gpxtpx:hr>132</gpxtpx:hr>
     </gpxtpx:TrackPointExtension>
    </extensions>
   </trkpt>
   <trkpt lat="51.5622500" lon="-0.0828010">
    <ele>29.6</ele>
    <time>2024-09-12T18:01:09Z</time>
    <extensions>
     <gpxtpx:TrackPointExtension>
      <gpxtpx:hr>132</gpxtpx:hr>
     </gpxtpx:TrackPointExtension>
    </extensions>
   </trkpt>
   <trkpt lat="51.5622280" lon="-0.0828570">
    <ele>29.7</ele>
    <time>2024-09-12T18:01:10Z</time>
    <extensions>
     <gpxtpx:TrackPointExtension>
      <gpxtpx:hr>132</gpxtpx:hr>
     </gpxtpx:TrackPointExtension>
    </extensions>
   </trkpt>
   <trkpt lat="51.5622210" lon="-0.0828770">
    <ele>29.7</ele>
    <time>2024-09-12T18:01:11Z</time>
    <extensions>
     <gpxtpx:TrackPointExtension>
      <gpxtpx:hr>132</gpxtpx:hr>
     </gpxtpx:TrackPointExtension>
    </extensions>
   </trkpt>
   <trkpt lat="51.5621990" lon="-0.0829410">
    <ele>29.7</ele>
    <time>2024-09-12T18:01:12Z</time>
    <extensions>
     <gpxtpx:TrackPointExtension>
      <gpxtpx:hr>132</gpxtpx:hr>
     </gpxtpx:TrackPointExtension>
    </extensions>
   </trkpt>
   <trkpt lat="51.5621900" lon="-0.0829670">
    <ele>29.7</ele>
    <time>2024-09-12T18:01:13Z</time>
    <extensions>
     <gpxtpx:TrackPointExtension>
      <gpxtpx:hr>131</gpxtpx:hr>
     </gpxtpx:TrackPointExtension>
    </extensions>
   </trkpt>
   <trkpt lat="51.5621810" lon="-0.0829930">
    <ele>29.7</ele>
    <time>2024-09-12T18:01:14Z</time>
    <extensions>
     <gpxtpx:TrackPointExtension>
      <gpxtpx:hr>131</gpxtpx:hr>
     </gpxtpx:TrackPointExtension>
    </extensions>
   </trkpt>
   <trkpt lat="51.5621620" lon="-0.0830530">
    <ele>29.7</ele>
    <time>2024-09-12T18:01:15Z</time>
    <extensions>
     <gpxtpx:TrackPointExtension>
      <gpxtpx:hr>131</gpxtpx:hr>
     </gpxtpx:TrackPointExtension>
    </extensions>
   </trkpt>
   <trkpt lat="51.5621560" lon="-0.0830740">
    <ele>29.6</ele>
    <time>2024-09-12T18:01:16Z</time>
    <extensions>
     <gpxtpx:TrackPointExtension>
      <gpxtpx:hr>131</gpxtpx:hr>
     </gpxtpx:TrackPointExtension>
    </extensions>
   </trkpt>
   <trkpt lat="51.5621350" lon="-0.0831420">
    <ele>29.6</ele>
    <time>2024-09-12T18:01:17Z</time>
    <extensions>
     <gpxtpx:TrackPointExtension>
      <gpxtpx:hr>131</gpxtpx:hr>
     </gpxtpx:TrackPointExtension>
    </extensions>
   </trkpt>
   <trkpt lat="51.5621270" lon="-0.0831690">
    <ele>29.6</ele>
    <time>2024-09-12T18:01:18Z</time>
    <extensions>
     <gpxtpx:TrackPointExtension>
      <gpxtpx:hr>131</gpxtpx:hr>
     </gpxtpx:TrackPointExtension>
    </extensions>
   </trkpt>
   <trkpt lat="51.5621190" lon="-0.0831960">
    <ele>29.6</ele>
    <time>2024-09-12T18:01:19Z</time>
    <extensions>
     <gpxtpx:TrackPointExtension>
      <gpxtpx:hr>131</gpxtpx:hr>
     </gpxtpx:TrackPointExtension>
    </extensions>
   </trkpt>
   <trkpt lat="51.5621010" lon="-0.0832560">
    <ele>29.6</ele>
    <time>2024-09-12T18:01:20Z</time>
    <extensions>
     <gpxtpx:TrackPointExtension>
      <gpxtpx:hr>131</gpxtpx:hr>
     </gpxtpx:TrackPointExtension>
    </extensions>
   </trkpt>
   <trkpt lat="51.5620950" lon="-0.0832750">
    <ele>29.6</ele>
    <time>2024-09-12T18:01:21Z</time>
    <extensions>
     <gpxtpx:TrackPointExtension>
      <gpxtpx:hr>131</gpxtpx:hr>
     </gpxtpx:TrackPointExtension>
    </extensions>
   </trkpt>
   <trkpt lat="51.5620760" lon="-0.0833410">
    <ele>29.6</ele>
    <time>2024-09-12T18:01:22Z</time>
    <extensions>
     <gpxtpx:TrackPointExtension>
      <gpxtpx:hr>131</gpxtpx:hr>
     </gpxtpx:TrackPointExtension>
    </extensions>
   </trkpt>
   <trkpt lat="51.5620680" lon="-0.0833670">
    <ele>29.6</ele>
    <time>2024-09-12T18:01:23Z</time>
    <extensions>
     <gpxtpx:TrackPointExtension>
      <gpxtpx:hr>132</gpxtpx:hr>
     </gpxtpx:TrackPointExtension>
    </extensions>
   </trkpt>
   <trkpt lat="51.5620610" lon="-0.0833940">
    <ele>29.6</ele>
    <time>2024-09-12T18:01:24Z</time>
    <extensions>
     <gpxtpx:TrackPointExtension>
      <gpxtpx:hr>132</gpxtpx:hr>
     </gpxtpx:TrackPointExtension>
    </extensions>
   </trkpt>
   <trkpt lat="51.5620480" lon="-0.0834590">
    <ele>29.6</ele>
    <time>2024-09-12T18:01:25Z</time>
    <extensions>
     <gpxtpx:TrackPointExtension>
      <gpxtpx:hr>132</gpxtpx:hr>
     </gpxtpx:TrackPointExtension>
    </extensions>
   </trkpt>
   <trkpt lat="51.5620420" lon="-0.0834840">
    <ele>29.6</ele>
    <time>2024-09-12T18:01:26Z</time>
    <extensions>
     <gpxtpx:TrackPointExtension>
      <gpxtpx:hr>131</gpxtpx:hr>
     </gpxtpx:TrackPointExtension>
    </extensions>
   </trkpt>
   <trkpt lat="51.5620360" lon="-0.0835100">
    <ele>29.6</ele>
    <time>2024-09-12T18:01:27Z</time>
    <extensions>
     <gpxtpx:TrackPointExtension>
      <gpxtpx:hr>131</gpxtpx:hr>
     </gpxtpx:TrackPointExtension>
    </extensions>
   </trkpt>
   <trkpt lat="51.5620170" lon="-0.0835680">
    <ele>29.6</ele>
    <time>2024-09-12T18:01:28Z</time>
    <extensions>
     <gpxtpx:TrackPointExtension>
      <gpxtpx:hr>131</gpxtpx:hr>
     </gpxtpx:TrackPointExtension>
    </extensions>
   </trkpt>
   <trkpt lat="51.5620110" lon="-0.0835870">
    <ele>29.6</ele>
    <time>2024-09-12T18:01:29Z</time>
    <extensions>
     <gpxtpx:TrackPointExtension>
      <gpxtpx:hr>131</gpxtpx:hr>
     </gpxtpx:TrackPointExtension>
    </extensions>
   </trkpt>
   <trkpt lat="51.5619830" lon="-0.0836480">
    <ele>29.6</ele>
    <time>2024-09-12T18:01:30Z</time>
    <extensions>
     <gpxtpx:TrackPointExtension>
      <gpxtpx:hr>131</gpxtpx:hr>
     </gpxtpx:TrackPointExtension>
    </extensions>
   </trkpt>
   <trkpt lat="51.5619710" lon="-0.0836710">
    <ele>29.6</ele>
    <time>2024-09-12T18:01:31Z</time>
    <extensions>
     <gpxtpx:TrackPointExtension>
      <gpxtpx:hr>131</gpxtpx:hr>
     </gpxtpx:TrackPointExtension>
    </extensions>
   </trkpt>
   <trkpt lat="51.5619580" lon="-0.0836950">
    <ele>29.6</ele>
    <time>2024-09-12T18:01:32Z</time>
    <extensions>
     <gpxtpx:TrackPointExtension>
      <gpxtpx:hr>129</gpxtpx:hr>
     </gpxtpx:TrackPointExtension>
    </extensions>
   </trkpt>
   <trkpt lat="51.5619310" lon="-0.0837480">
    <ele>29.6</ele>
    <time>2024-09-12T18:01:33Z</time>
    <extensions>
     <gpxtpx:TrackPointExtension>
      <gpxtpx:hr>129</gpxtpx:hr>
     </gpxtpx:TrackPointExtension>
    </extensions>
   </trkpt>
   <trkpt lat="51.5619230" lon="-0.0837670">
    <ele>29.6</ele>
    <time>2024-09-12T18:01:34Z</time>
    <extensions>
     <gpxtpx:TrackPointExtension>
      <gpxtpx:hr>129</gpxtpx:hr>
     </gpxtpx:TrackPointExtension>
    </extensions>
   </trkpt>
   <trkpt lat="51.5619030" lon="-0.0838430">
    <ele>29.6</ele>
    <time>2024-09-12T18:01:35Z</time>
    <extensions>
     <gpxtpx:TrackPointExtension>
      <gpxtpx:hr>129</gpxtpx:hr>
     </gpxtpx:TrackPointExtension>
    </extensions>
   </trkpt>
   <trkpt lat="51.5618970" lon="-0.0838740">
    <ele>29.6</ele>
    <time>2024-09-12T18:01:36Z</time>
    <extensions>
     <gpxtpx:TrackPointExtension>
      <gpxtpx:hr>129</gpxtpx:hr>
     </gpxtpx:TrackPointExtension>
    </extensions>
   </trkpt>
   <trkpt lat="51.5618900" lon="-0.0839050">
    <ele>29.6</ele>
    <time>2024-09-12T18:01:37Z</time>
    <extensions>
     <gpxtpx:TrackPointExtension>
      <gpxtpx:hr>129</gpxtpx:hr>
     </gpxtpx:TrackPointExtension>
    </extensions>
   </trkpt>
   <trkpt lat="51.5618750" lon="-0.0839760">
    <ele>29.6</ele>
    <time>2024-09-12T18:01:38Z</time>
    <extensions>
     <gpxtpx:TrackPointExtension>
      <gpxtpx:hr>129</gpxtpx:hr>
     </gpxtpx:TrackPointExtension>
    </extensions>
   </trkpt>
   <trkpt lat="51.5618690" lon="-0.0839980">
    <ele>29.6</ele>
    <time>2024-09-12T18:01:39Z</time>
    <extensions>
     <gpxtpx:TrackPointExtension>
      <gpxtpx:hr>129</gpxtpx:hr>
     </gpxtpx:TrackPointExtension>
    </extensions>
   </trkpt>
   <trkpt lat="51.5618510" lon="-0.0840720">
    <ele>29.6</ele>
    <time>2024-09-12T18:01:40Z</time>
    <extensions>
     <gpxtpx:TrackPointExtension>
      <gpxtpx:hr>129</gpxtpx:hr>
     </gpxtpx:TrackPointExtension>
    </extensions>
   </trkpt>
   <trkpt lat="51.5618440" lon="-0.0841010">
    <ele>29.6</ele>
    <time>2024-09-12T18:01:41Z</time>
    <extensions>
     <gpxtpx:TrackPointExtension>
      <gpxtpx:hr>129</gpxtpx:hr>
     </gpxtpx:TrackPointExtension>
    </extensions>
   </trkpt>
   <trkpt lat="51.5618360" lon="-0.0841300">
    <ele>29.6</ele>
    <time>2024-09-12T18:01:42Z</time>
    <extensions>
     <gpxtpx:TrackPointExtension>
      <gpxtpx:hr>128</gpxtpx:hr>
     </gpxtpx:TrackPointExtension>
    </extensions>
   </trkpt>
   <trkpt lat="51.5618230" lon="-0.0841940">
    <ele>29.6</ele>
    <time>2024-09-12T18:01:43Z</time>
    <extensions>
     <gpxtpx:TrackPointExtension>
      <gpxtpx:hr>128</gpxtpx:hr>
     </gpxtpx:TrackPointExtension>
    </extensions>
   </trkpt>
   <trkpt lat="51.5618180" lon="-0.0842160">
    <ele>29.6</ele>
    <time>2024-09-12T18:01:44Z</time>
    <extensions>
     <gpxtpx:TrackPointExtension>
      <gpxtpx:hr>128</gpxtpx:hr>
     </gpxtpx:TrackPointExtension>
    </extensions>
   </trkpt>
   <trkpt lat="51.5618080" lon="-0.0842910">
    <ele>29.5</ele>
    <time>2024-09-12T18:01:45Z</time>
    <extensions>
     <gpxtpx:TrackPointExtension>
      <gpxtpx:hr>128</gpxtpx:hr>
     </gpxtpx:TrackPointExtension>
    </extensions>
   </trkpt>
   <trkpt lat="51.5618040" lon="-0.0843210">
    <ele>29.5</ele>
    <time>2024-09-12T18:01:46Z</time>
    <extensions>
     <gpxtpx:TrackPointExtension>
      <gpxtpx:hr>128</gpxtpx:hr>
     </gpxtpx:TrackPointExtension>
    </extensions>
   </trkpt>
   <trkpt lat="51.5618010" lon="-0.0843510">
    <ele>29.5</ele>
    <time>2024-09-12T18:01:47Z</time>
    <extensions>
     <gpxtpx:TrackPointExtension>
      <gpxtpx:hr>130</gpxtpx:hr>
     </gpxtpx:TrackPointExtension>
    </extensions>
   </trkpt>
   <trkpt lat="51.5617920" lon="-0.0844190">
    <ele>29.4</ele>
    <time>2024-09-12T18:01:48Z</time>
    <extensions>
     <gpxtpx:TrackPointExtension>
      <gpxtpx:hr>130</gpxtpx:hr>
     </gpxtpx:TrackPointExtension>
    </extensions>
   </trkpt>
   <trkpt lat="51.5617900" lon="-0.0844450">
    <ele>29.3</ele>
    <time>2024-09-12T18:01:49Z</time>
    <extensions>
     <gpxtpx:TrackPointExtension>
      <gpxtpx:hr>130</gpxtpx:hr>
     </gpxtpx:TrackPointExtension>
    </extensions>
   </trkpt>
   <trkpt lat="51.5617870" lon="-0.0844710">
    <ele>29.3</ele>
    <time>2024-09-12T18:01:50Z</time>
    <extensions>
     <gpxtpx:TrackPointExtension>
      <gpxtpx:hr>130</gpxtpx:hr>
     </gpxtpx:TrackPointExtension>
    </extensions>
   </trkpt>
   <trkpt lat="51.5617950" lon="-0.0845250">
    <ele>29.3</ele>
    <time>2024-09-12T18:01:51Z</time>
    <extensions>
     <gpxtpx:TrackPointExtension>
      <gpxtpx:hr>130</gpxtpx:hr>
     </gpxtpx:TrackPointExtension>
    </extensions>
   </trkpt>
   <trkpt lat="51.5617980" lon="-0.0845430">
    <ele>29.3</ele>
    <time>2024-09-12T18:01:52Z</time>
    <extensions>
     <gpxtpx:TrackPointExtension>
      <gpxtpx:hr>130</gpxtpx:hr>
     </gpxtpx:TrackPointExtension>
    </extensions>
   </trkpt>
   <trkpt lat="51.5617920" lon="-0.0846030">
    <ele>29.3</ele>
    <time>2024-09-12T18:01:53Z</time>
    <extensions>
     <gpxtpx:TrackPointExtension>
      <gpxtpx:hr>130</gpxtpx:hr>
     </gpxtpx:TrackPointExtension>
    </extensions>
   </trkpt>
   <trkpt lat="51.5617840" lon="-0.0846280">
    <ele>29.3</ele>
    <time>2024-09-12T18:01:54Z</time>
    <extensions>
     <gpxtpx:TrackPointExtension>
      <gpxtpx:hr>130</gpxtpx:hr>
     </gpxtpx:TrackPointExtension>
    </extensions>
   </trkpt>
   <trkpt lat="51.5617760" lon="-0.0846520">
    <ele>29.3</ele>
    <time>2024-09-12T18:01:55Z</time>
    <extensions>
     <gpxtpx:TrackPointExtension>
      <gpxtpx:hr>130</gpxtpx:hr>
     </gpxtpx:TrackPointExtension>
    </extensions>
   </trkpt>
   <trkpt lat="51.5617510" lon="-0.0847050">
    <ele>29.2</ele>
    <time>2024-09-12T18:01:56Z</time>
    <extensions>
     <gpxtpx:TrackPointExtension>
      <gpxtpx:hr>130</gpxtpx:hr>
     </gpxtpx:TrackPointExtension>
    </extensions>
   </trkpt>
   <trkpt lat="51.5617430" lon="-0.0847230">
    <ele>29.2</ele>
    <time>2024-09-12T18:01:57Z</time>
    <extensions>
     <gpxtpx:TrackPointExtension>
      <gpxtpx:hr>129</gpxtpx:hr>
     </gpxtpx:TrackPointExtension>
    </extensions>
   </trkpt>
   <trkpt lat="51.5617210" lon="-0.0847880">
    <ele>29.2</ele>
    <time>2024-09-12T18:01:58Z</time>
    <extensions>
     <gpxtpx:TrackPointExtension>
      <gpxtpx:hr>129</gpxtpx:hr>
     </gpxtpx:TrackPointExtension>
    </extensions>
   </trkpt>
   <trkpt lat="51.5617120" lon="-0.0848150">
    <ele>29.2</ele>
    <time>2024-09-12T18:01:59Z</time>
    <extensions>
     <gpxtpx:TrackPointExtension>
      <gpxtpx:hr>129</gpxtpx:hr>
     </gpxtpx:TrackPointExtension>
    </extensions>
   </trkpt>
   <trkpt lat="51.5617040" lon="-0.0848420">
    <ele>29.2</ele>
    <time>2024-09-12T18:02:00Z</time>
    <extensions>
     <gpxtpx:TrackPointExtension>
      <gpxtpx:hr>129</gpxtpx:hr>
     </gpxtpx:TrackPointExtension>
    </extensions>
   </trkpt>
   <trkpt lat="51.5616860" lon="-0.0849050">
    <ele>29.2</ele>
    <time>2024-09-12T18:02:01Z</time>
    <extensions>
     <gpxtpx:TrackPointExtension>
      <gpxtpx:hr>129</gpxtpx:hr>
     </gpxtpx:TrackPointExtension>
    </extensions>
   </trkpt>
   <trkpt lat="51.5616800" lon="-0.0849250">
    <ele>29.2</ele>
    <time>2024-09-12T18:02:02Z</time>
    <extensions>
     <gpxtpx:TrackPointExtension>
      <gpxtpx:hr>129</gpxtpx:hr>
     </gpxtpx:TrackPointExtension>
    </extensions>
   </trkpt>
   <trkpt lat="51.5616600" lon="-0.0849910">
    <ele>29.1</ele>
    <time>2024-09-12T18:02:03Z</time>
    <extensions>
     <gpxtpx:TrackPointExtension>
      <gpxtpx:hr>129</gpxtpx:hr>
     </gpxtpx:TrackPointExtension>
    </extensions>
   </trkpt>
   <trkpt lat="51.5616530" lon="-0.0850170">
    <ele>29.1</ele>
    <time>2024-09-12T18:02:04Z</time>
    <extensions>
     <gpxtpx:TrackPointExtension>
      <gpxtpx:hr>129</gpxtpx:hr>
     </gpxtpx:TrackPointExtension>
    </extensions>
   </trkpt>
   <trkpt lat="51.5616450" lon="-0.0850430">
    <ele>29.1</ele>
    <time>2024-09-12T18:02:05Z</time>
    <extensions>
     <gpxtpx:TrackPointExtension>
      <gpxtpx:hr>130</gpxtpx:hr>
     </gpxtpx:TrackPointExtension>
    </extensions>
   </trkpt>
   <trkpt lat="51.5616260" lon="-0.0850970">
    <ele>29.1</ele>
    <time>2024-09-12T18:02:06Z</time>
    <extensions>
     <gpxtpx:TrackPointExtension>
      <gpxtpx:hr>130</gpxtpx:hr>
     </gpxtpx:TrackPointExtension>
    </extensions>
   </trkpt>
   <trkpt lat="51.5616190" lon="-0.0851150">
    <ele>29.1</ele>
    <time>2024-09-12T18:02:07Z</time>
    <extensions>
     <gpxtpx:TrackPointExtension>
      <gpxtpx:hr>130</gpxtpx:hr>
     </gpxtpx:TrackPointExtension>
    </extensions>
   </trkpt>
   <trkpt lat="51.5615980" lon="-0.0851760">
    <ele>29.1</ele>
    <time>2024-09-12T18:02:08Z</time>
    <extensions>
     <gpxtpx:TrackPointExtension>
      <gpxtpx:hr>130</gpxtpx:hr>
     </gpxtpx:TrackPointExtension>
    </extensions>
   </trkpt>
   <trkpt lat="51.5615900" lon="-0.0852020">
    <ele>29.1</ele>
    <time>2024-09-12T18:02:09Z</time>
    <extensions>
     <gpxtpx:TrackPointExtension>
      <gpxtpx:hr>130</gpxtpx:hr>
     </gpxtpx:TrackPointExtension>
    </extensions>
   </trkpt>
   <trkpt lat="51.5615820" lon="-0.0852280">
    <ele>29.1</ele>
    <time>2024-09-12T18:02:10Z</time>
    <extensions>
     <gpxtpx:TrackPointExtension>
      <gpxtpx:hr>128</gpxtpx:hr>
     </gpxtpx:TrackPointExtension>
    </extensions>
   </trkpt>
   <trkpt lat="51.5615670" lon="-0.0852880">
    <ele>29.0</ele>
    <time>2024-09-12T18:02:11Z</time>
    <extensions>
     <gpxtpx:TrackPointExtension>
      <gpxtpx:hr>128</gpxtpx:hr>
     </gpxtpx:TrackPointExtension>
    </extensions>
   </trkpt>
   <trkpt lat="51.5615620" lon="-0.0853090">
    <ele>29.0</ele>
    <time>2024-09-12T18:02:12Z</time>
    <extensions>
     <gpxtpx:TrackPointExtension>
      <gpxtpx:hr>128</gpxtpx:hr>
     </gpxtpx:TrackPointExtension>
    </extensions>
   </trkpt>
   <trkpt lat="51.5615430" lon="-0.0853780">
    <ele>29.0</ele>
    <time>2024-09-12T18:02:13Z</time>
    <extensions>
     <gpxtpx:TrackPointExtension>
      <gpxtpx:hr>128</gpxtpx:hr>
     </gpxtpx:TrackPointExtension>
    </extensions>
   </trkpt>
   <trkpt lat="51.5615350" lon="-0.0854070">
    <ele>29.0</ele>
    <time>2024-09-12T18:02:14Z</time>
    <extensions>
     <gpxtpx:TrackPointExtension>
      <gpxtpx:hr>128</gpxtpx:hr>
     </gpxtpx:TrackPointExtension>
    </extensions>
   </trkpt>
   <trkpt lat="51.5615270" lon="-0.0854350">
    <ele>29.0</ele>
    <time>2024-09-12T18:02:15Z</time>
    <extensions>
     <gpxtpx:TrackPointExtension>
      <gpxtpx:hr>128</gpxtpx:hr>
     </gpxtpx:TrackPointExtension>
    </extensions>
   </trkpt>
   <trkpt lat="51.5615110" lon="-0.0855060">
    <ele>28.9</ele>
    <time>2024-09-12T18:02:16Z</time>
    <extensions>
     <gpxtpx:TrackPointExtension>
      <gpxtpx:hr>128</gpxtpx:hr>
     </gpxtpx:TrackPointExtension>
    </extensions>
   </trkpt>
   <trkpt lat="51.5615070" lon="-0.0855340">
    <ele>28.9</ele>
    <time>2024-09-12T18:02:17Z</time>
    <extensions>
     <gpxtpx:TrackPointExtension>
      <gpxtpx:hr>128</gpxtpx:hr>
     </gpxtpx:TrackPointExtension>
    </extensions>
   </trkpt>
   <trkpt lat="51.5615030" lon="-0.0855630">
    <ele>28.9</ele>
    <time>2024-09-12T18:02:18Z</time>
    <extensions>
     <gpxtpx:TrackPointExtension>
      <gpxtpx:hr>129</gpxtpx:hr>
     </gpxtpx:TrackPointExtension>
    </extensions>
   </trkpt>
   <trkpt lat="51.5615000" lon="-0.0856320">
    <ele>28.9</ele>
    <time>2024-09-12T18:02:19Z</time>
    <extensions>
     <gpxtpx:TrackPointExtension>
      <gpxtpx:hr>129</gpxtpx:hr>
     </gpxtpx:TrackPointExtension>
    </extensions>
   </trkpt>
   <trkpt lat="51.5615000" lon="-0.0856570">
    <ele>28.8</ele>
    <time>2024-09-12T18:02:20Z</time>
    <extensions>
     <gpxtpx:TrackPointExtension>
      <gpxtpx:hr>129</gpxtpx:hr>
     </gpxtpx:TrackPointExtension>
    </extensions>
   </trkpt>
   <trkpt lat="51.5615020" lon="-0.0857400">
    <ele>28.8</ele>
    <time>2024-09-12T18:02:21Z</time>
    <extensions>
     <gpxtpx:TrackPointExtension>
      <gpxtpx:hr>129</gpxtpx:hr>
     </gpxtpx:TrackPointExtension>
    </extensions>
   </trkpt>
   <trkpt lat="51.5615030" lon="-0.0857720">
    <ele>28.8</ele>
    <time>2024-09-12T18:02:22Z</time>
    <extensions>
     <gpxtpx:TrackPointExtension>
      <gpxtpx:hr>129</gpxtpx:hr>
     </gpxtpx:TrackPointExtension>
    </extensions>
   </trkpt>
   <trkpt lat="51.5615050" lon="-0.0858040">
    <ele>28.8</ele>
    <time>2024-09-12T18:02:23Z</time>
    <extensions>
     <gpxtpx:TrackPointExtension>
      <gpxtpx:hr>129</gpxtpx:hr>
     </gpxtpx:TrackPointExtension>
    </extensions>
   </trkpt>
   <trkpt lat="51.5615110" lon="-0.0858730">
    <ele>28.7</ele>
    <time>2024-09-12T18:02:24Z</time>
    <extensions>
     <gpxtpx:TrackPointExtension>
      <gpxtpx:hr>129</gpxtpx:hr>
     </gpxtpx:TrackPointExtension>
    </extensions>
   </trkpt>
   <trkpt lat="51.5615120" lon="-0.0858950">
    <ele>28.7</ele>
    <time>2024-09-12T18:02:25Z</time>
    <extensions>
     <gpxtpx:TrackPointExtension>
      <gpxtpx:hr>129</gpxtpx:hr>
     </gpxtpx:TrackPointExtension>
    </extensions>
   </trkpt>
   <trkpt lat="51.5615100" lon="-0.0859730">
    <ele>28.7</ele>
    <time>2024-09-12T18:02:26Z</time>
    <extensions>
     <gpxtpx:TrackPointExtension>
      <gpxtpx:hr>129</gpxtpx:hr>
     </gpxtpx:TrackPointExtension>
    </extensions>
   </trkpt>
   <trkpt lat="51.5615070" lon="-0.0860050">
    <ele>28.6</ele>
    <time>2024-09-12T18:02:27Z</time>
    <extensions>
     <gpxtpx:TrackPointExtension>
      <gpxtpx:hr>129</gpxtpx:hr>
     </gpxtpx:TrackPointExtension>
    </extensions>
   </trkpt>
   <trkpt lat="51.5615050" lon="-0.0860360">
    <ele>28.6</ele>
    <time>2024-09-12T18:02:28Z</time>
    <extensions>
     <gpxtpx:TrackPointExtension>
      <gpxtpx:hr>129</gpxtpx:hr>
     </gpxtpx:TrackPointExtension>
    </extensions>
   </trkpt>
   <trkpt lat="51.5615000" lon="-0.0861000">
    <ele>28.6</ele>
    <time>2024-09-12T18:02:29Z</time>
    <extensions>
     <gpxtpx:TrackPointExtension>
      <gpxtpx:hr>129</gpxtpx:hr>
     </gpxtpx:TrackPointExtension>
    </extensions>
   </trkpt>
   <trkpt lat="51.5614980" lon="-0.0861200">
    <ele>28.6</ele>
    <time>2024-09-12T18:02:30Z</time>
    <extensions>
     <gpxtpx:TrackPointExtension>
      <gpxtpx:hr>129</gpxtpx:hr>
     </gpxtpx:TrackPointExtension>
    </extensions>
   </trkpt>
   <trkpt lat="51.5614960" lon="-0.0861900">
    <ele>28.6</ele>
    <time>2024-09-12T18:02:31Z</time>
    <extensions>
     <gpxtpx:TrackPointExtension>
      <gpxtpx:hr>129</gpxtpx:hr>
     </gpxtpx:TrackPointExtension>
    </extensions>
   </trkpt>
   <trkpt lat="51.5614940" lon="-0.0862180">
    <ele>28.6</ele>
    <time>2024-09-12T18:02:32Z</time>
    <extensions>
     <gpxtpx:TrackPointExtension>
      <gpxtpx:hr>129</gpxtpx:hr>
     </gpxtpx:TrackPointExtension>
    </extensions>
   </trkpt>
   <trkpt lat="51.5614930" lon="-0.0862470">
    <ele>28.6</ele>
    <time>2024-09-12T18:02:33Z</time>
    <extensions>
     <gpxtpx:TrackPointExtension>
      <gpxtpx:hr>129</gpxtpx:hr>
     </gpxtpx:TrackPointExtension>
    </extensions>
   </trkpt>
   <trkpt lat="51.5614850" lon="-0.0863140">
    <ele>28.6</ele>
    <time>2024-09-12T18:02:34Z</time>
    <extensions>
     <gpxtpx:TrackPointExtension>
      <gpxtpx:hr>129</gpxtpx:hr>
     </gpxtpx:TrackPointExtension>
    </extensions>
   </trkpt>
   <trkpt lat="51.5614830" lon="-0.0863370">
    <ele>28.6</ele>
    <time>2024-09-12T18:02:35Z</time>
    <extensions>
     <gpxtpx:TrackPointExtension>
      <gpxtpx:hr>129</gpxtpx:hr>
     </gpxtpx:TrackPointExtension>
    </extensions>
   </trkpt>
   <trkpt lat="51.5614800" lon="-0.0864170">
    <ele>28.6</ele>
    <time>2024-09-12T18:02:36Z</time>
    <extensions>
     <gpxtpx:TrackPointExtension>
      <gpxtpx:hr>129</gpxtpx:hr>
     </gpxtpx:TrackPointExtension>
    </extensions>
   </trkpt>
   <trkpt lat="51.5614790" lon="-0.0864480">
    <ele>28.6</ele>
    <time>2024-09-12T18:02:37Z</time>
    <extensions>
     <gpxtpx:TrackPointExtension>
      <gpxtpx:hr>129</gpxtpx:hr>
     </gpxtpx:TrackPointExtension>
    </extensions>
   </trkpt>
   <trkpt lat="51.5614790" lon="-0.0864790">
    <ele>28.6</ele>
    <time>2024-09-12T18:02:38Z</time>
    <extensions>
     <gpxtpx:TrackPointExtension>
      <gpxtpx:hr>128</gpxtpx:hr>
     </gpxtpx:TrackPointExtension>
    </extensions>
   </trkpt>
   <trkpt lat="51.5614730" lon="-0.0865590">
    <ele>28.7</ele>
    <time>2024-09-12T18:02:39Z</time>
    <extensions>
     <gpxtpx:TrackPointExtension>
      <gpxtpx:hr>128</gpxtpx:hr>
     </gpxtpx:TrackPointExtension>
    </extensions>
   </trkpt>
   <trkpt lat="51.5614700" lon="-0.0865910">
    <ele>28.7</ele>
    <time>2024-09-12T18:02:40Z</time>
    <extensions>
     <gpxtpx:TrackPointExtension>
      <gpxtpx:hr>128</gpxtpx:hr>
     </gpxtpx:TrackPointExtension>
    </extensions>
   </trkpt>
   <trkpt lat="51.5614680" lon="-0.0866240">
    <ele>28.7</ele>
    <time>2024-09-12T18:02:41Z</time>
    <extensions>
     <gpxtpx:TrackPointExtension>
      <gpxtpx:hr>128</gpxtpx:hr>
     </gpxtpx:TrackPointExtension>
    </extensions>
   </trkpt>
   <trkpt lat="51.5614620" lon="-0.0866980">
    <ele>28.8</ele>
    <time>2024-09-12T18:02:42Z</time>
    <extensions>
     <gpxtpx:TrackPointExtension>
      <gpxtpx:hr>129</gpxtpx:hr>
     </gpxtpx:TrackPointExtension>
    </extensions>
   </trkpt>
   <trkpt lat="51.5614600" lon="-0.0867230">
    <ele>28.8</ele>
    <time>2024-09-12T18:02:43Z</time>
    <extensions>
     <gpxtpx:TrackPointExtension>
      <gpxtpx:hr>129</gpxtpx:hr>
     </gpxtpx:TrackPointExtension>
    </extensions>
   </trkpt>
   <trkpt lat="51.5614480" lon="-0.0868010">
    <ele>28.9</ele>
    <time>2024-09-12T18:02:44Z</time>
    <extensions>
     <gpxtpx:TrackPointExtension>
      <gpxtpx:hr>129</gpxtpx:hr>
     </gpxtpx:TrackPointExtension>
    </extensions>
   </trkpt>
   <trkpt lat="51.5614430" lon="-0.0868320">
    <ele>29.0</ele>
    <time>2024-09-12T18:02:45Z</time>
    <extensions>
     <gpxtpx:TrackPointExtension>
      <gpxtpx:hr>131</gpxtpx:hr>
     </gpxtpx:TrackPointExtension>
    </extensions>
   </trkpt>
   <trkpt lat="51.5614380" lon="-0.0868630">
    <ele>29.0</ele>
    <time>2024-09-12T18:02:46Z</time>
    <extensions>
     <gpxtpx:TrackPointExtension>
      <gpxtpx:hr>131</gpxtpx:hr>
     </gpxtpx:TrackPointExtension>
    </extensions>
   </trkpt>
   <trkpt lat="51.5614290" lon="-0.0869310">
    <ele>29.0</ele>
    <time>2024-09-12T18:02:47Z</time>
    <extensions>
     <gpxtpx:TrackPointExtension>
      <gpxtpx:hr>131</gpxtpx:hr>
     </gpxtpx:TrackPointExtension>
    </extensions>
   </trkpt>
   <trkpt lat="51.5614270" lon="-0.0869540">
    <ele>29.0</ele>
    <time>2024-09-12T18:02:48Z</time>
    <extensions>
     <gpxtpx:TrackPointExtension>
      <gpxtpx:hr>131</gpxtpx:hr>
     </gpxtpx:TrackPointExtension>
    </extensions>
   </trkpt>
   <trkpt lat="51.5614220" lon="-0.0869990">
    <ele>28.9</ele>
    <time>2024-09-12T18:02:49Z</time>
    <extensions>
     <gpxtpx:TrackPointExtension>
      <gpxtpx:hr>131</gpxtpx:hr>
     </gpxtpx:TrackPointExtension>
    </extensions>
   </trkpt>
   <trkpt lat="51.5614150" lon="-0.0870440">
    <ele>28.9</ele>
    <time>2024-09-12T18:02:51Z</time>
    <extensions>
     <gpxtpx:TrackPointExtension>
      <gpxtpx:hr>131</gpxtpx:hr>
     </gpxtpx:TrackPointExtension>
    </extensions>
   </trkpt>
   <trkpt lat="51.5614010" lon="-0.0871130">
    <ele>28.9</ele>
    <time>2024-09-12T18:02:52Z</time>
    <extensions>
     <gpxtpx:TrackPointExtension>
      <gpxtpx:hr>131</gpxtpx:hr>
     </gpxtpx:TrackPointExtension>
    </extensions>
   </trkpt>
   <trkpt lat="51.5613960" lon="-0.0871360">
    <ele>28.9</ele>
    <time>2024-09-12T18:02:53Z</time>
    <extensions>
     <gpxtpx:TrackPointExtension>
      <gpxtpx:hr>131</gpxtpx:hr>
     </gpxtpx:TrackPointExtension>
    </extensions>
   </trkpt>
   <trkpt lat="51.5613800" lon="-0.0872120">
    <ele>28.8</ele>
    <time>2024-09-12T18:02:54Z</time>
    <extensions>
     <gpxtpx:TrackPointExtension>
      <gpxtpx:hr>131</gpxtpx:hr>
     </gpxtpx:TrackPointExtension>
    </extensions>
   </trkpt>
   <trkpt lat="51.5613750" lon="-0.0872420">
    <ele>28.8</ele>
    <time>2024-09-12T18:02:55Z</time>
    <extensions>
     <gpxtpx:TrackPointExtension>
      <gpxtpx:hr>131</gpxtpx:hr>
     </gpxtpx:TrackPointExtension>
    </extensions>
   </trkpt>
   <trkpt lat="51.5613690" lon="-0.0872730">
    <ele>28.8</ele>
    <time>2024-09-12T18:02:56Z</time>
    <extensions>
     <gpxtpx:TrackPointExtension>
      <gpxtpx:hr>131</gpxtpx:hr>
     </gpxtpx:TrackPointExtension>
    </extensions>
   </trkpt>
   <trkpt lat="51.5613550" lon="-0.0873370">
    <ele>28.8</ele>
    <time>2024-09-12T18:02:57Z</time>
    <extensions>
     <gpxtpx:TrackPointExtension>
      <gpxtpx:hr>131</gpxtpx:hr>
     </gpxtpx:TrackPointExtension>
    </extensions>
   </trkpt>
   <trkpt lat="51.5613510" lon="-0.0873580">
    <ele>28.8</ele>
    <time>2024-09-12T18:02:58Z</time>
    <extensions>
     <gpxtpx:TrackPointExtension>
      <gpxtpx:hr>132</gpxtpx:hr>
     </gpxtpx:TrackPointExtension>
    </extensions>
   </trkpt>
   <trkpt lat="51.5613340" lon="-0.0874290">
    <ele>28.8</ele>
    <time>2024-09-12T18:02:59Z</time>
    <extensions>
     <gpxtpx:TrackPointExtension>
      <gpxtpx:hr>132</gpxtpx:hr>
     </gpxtpx:TrackPointExtension>
    </extensions>
   </trkpt>
   <trkpt lat="51.5613270" lon="-0.0874580">
    <ele>28.8</ele>
    <time>2024-09-12T18:03:00Z</time>
    <extensions>
     <gpxtpx:TrackPointExtension>
      <gpxtpx:hr>132</gpxtpx:hr>
     </gpxtpx:TrackPointExtension>
    </extensions>
   </trkpt>
   <trkpt lat="51.5613190" lon="-0.0874870">
    <ele>28.9</ele>
    <time>2024-09-12T18:03:01Z</time>
    <extensions>
     <gpxtpx:TrackPointExtension>
      <gpxtpx:hr>132</gpxtpx:hr>
     </gpxtpx:TrackPointExtension>
    </extensions>
   </trkpt>
   <trkpt lat="51.5612990" lon="-0.0875610">
    <ele>28.9</ele>
    <time>2024-09-12T18:03:02Z</time>
    <extensions>
     <gpxtpx:TrackPointExtension>
      <gpxtpx:hr>132</gpxtpx:hr>
     </gpxtpx:TrackPointExtension>
    </extensions>
   </trkpt>
   <trkpt lat="51.5612920" lon="-0.0875900">
    <ele>28.9</ele>
    <time>2024-09-12T18:03:03Z</time>
    <extensions>
     <gpxtpx:TrackPointExtension>
      <gpxtpx:hr>133</gpxtpx:hr>
     </gpxtpx:TrackPointExtension>
    </extensions>
   </trkpt>
   <trkpt lat="51.5612850" lon="-0.0876190">
    <ele>29.0</ele>
    <time>2024-09-12T18:03:04Z</time>
    <extensions>
     <gpxtpx:TrackPointExtension>
      <gpxtpx:hr>133</gpxtpx:hr>
     </gpxtpx:TrackPointExtension>
    </extensions>
   </trkpt>
   <trkpt lat="51.5612720" lon="-0.0876840">
    <ele>29.0</ele>
    <time>2024-09-12T18:03:05Z</time>
    <extensions>
     <gpxtpx:TrackPointExtension>
      <gpxtpx:hr>133</gpxtpx:hr>
     </gpxtpx:TrackPointExtension>
    </extensions>
   </trkpt>
   <trkpt lat="51.5612670" lon="-0.0877050">
    <ele>29.0</ele>
    <time>2024-09-12T18:03:06Z</time>
    <extensions>
     <gpxtpx:TrackPointExtension>
      <gpxtpx:hr>133</gpxtpx:hr>
     </gpxtpx:TrackPointExtension>
    </extensions>
   </trkpt>
   <trkpt lat="51.5612500" lon="-0.0877790">
    <ele>29.0</ele>
    <time>2024-09-12T18:03:07Z</time>
    <extensions>
     <gpxtpx:TrackPointExtension>
      <gpxtpx:hr>134</gpxtpx:hr>
     </gpxtpx:TrackPointExtension>
    </extensions>
   </trkpt>
   <trkpt lat="51.5612430" lon="-0.0878090">
    <ele>29.1</ele>
    <time>2024-09-12T18:03:08Z</time>
    <extensions>
     <gpxtpx:TrackPointExtension>
      <gpxtpx:hr>134</gpxtpx:hr>
     </gpxtpx:TrackPointExtension>
    </extensions>
   </trkpt>
   <trkpt lat="51.5612360" lon="-0.0878390">
    <ele>29.1</ele>
    <time>2024-09-12T18:03:09Z</time>
    <extensions>
     <gpxtpx:TrackPointExtension>
      <gpxtpx:hr>134</gpxtpx:hr>
     </gpxtpx:TrackPointExtension>
    </extensions>
   </trkpt>
   <trkpt lat="51.5612230" lon="-0.0879020">
    <ele>29.1</ele>
    <time>2024-09-12T18:03:10Z</time>
    <extensions>
     <gpxtpx:TrackPointExtension>
      <gpxtpx:hr>134</gpxtpx:hr>
     </gpxtpx:TrackPointExtension>
    </extensions>
   </trkpt>
   <trkpt lat="51.5612180" lon="-0.0879230">
    <ele>29.1</ele>
    <time>2024-09-12T18:03:11Z</time>
    <extensions>
     <gpxtpx:TrackPointExtension>
      <gpxtpx:hr>134</gpxtpx:hr>
     </gpxtpx:TrackPointExtension>
    </extensions>
   </trkpt>
   <trkpt lat="51.5612030" lon="-0.0879960">
    <ele>29.1</ele>
    <time>2024-09-12T18:03:12Z</time>
    <extensions>
     <gpxtpx:TrackPointExtension>
      <gpxtpx:hr>134</gpxtpx:hr>
     </gpxtpx:TrackPointExtension>
    </extensions>
   </trkpt>
   <trkpt lat="51.5611970" lon="-0.0880260">
    <ele>29.2</ele>
    <time>2024-09-12T18:03:13Z</time>
    <extensions>
     <gpxtpx:TrackPointExtension>
      <gpxtpx:hr>134</gpxtpx:hr>
     </gpxtpx:TrackPointExtension>
    </extensions>
   </trkpt>
   <trkpt lat="51.5611910" lon="-0.0880560">
    <ele>29.2</ele>
    <time>2024-09-12T18:03:14Z</time>
    <extensions>
     <gpxtpx:TrackPointExtension>
      <gpxtpx:hr>134</gpxtpx:hr>
     </gpxtpx:TrackPointExtension>
    </extensions>
   </trkpt>
   <trkpt lat="51.5611800" lon="-0.0881240">
    <ele>29.2</ele>
    <time>2024-09-12T18:03:15Z</time>
    <extensions>
     <gpxtpx:TrackPointExtension>
      <gpxtpx:hr>135</gpxtpx:hr>
     </gpxtpx:TrackPointExtension>
    </extensions>
   </trkpt>
   <trkpt lat="51.5611770" lon="-0.0881460">
    <ele>29.2</ele>
    <time>2024-09-12T18:03:16Z</time>
    <extensions>
     <gpxtpx:TrackPointExtension>
      <gpxtpx:hr>135</gpxtpx:hr>
     </gpxtpx:TrackPointExtension>
    </extensions>
   </trkpt>
   <trkpt lat="51.5611690" lon="-0.0882190">
    <ele>29.2</ele>
    <time>2024-09-12T18:03:17Z</time>
    <extensions>
     <gpxtpx:TrackPointExtension>
      <gpxtpx:hr>135</gpxtpx:hr>
     </gpxtpx:TrackPointExtension>
    </extensions>
   </trkpt>
   <trkpt lat="51.5611660" lon="-0.0882490">
    <ele>29.2</ele>
    <time>2024-09-12T18:03:18Z</time>
    <extensions>
     <gpxtpx:TrackPointExtension>
      <gpxtpx:hr>135</gpxtpx:hr>
     </gpxtpx:TrackPointExtension>
    </extensions>
   </trkpt>
   <trkpt lat="51.5611620" lon="-0.0882780">
    <ele>29.2</ele>
    <time>2024-09-12T18:03:19Z</time>
    <extensions>
     <gpxtpx:TrackPointExtension>
      <gpxtpx:hr>135</gpxtpx:hr>
     </gpxtpx:TrackPointExtension>
    </extensions>
   </trkpt>
   <trkpt lat="51.5611500" lon="-0.0883450">
    <ele>29.2</ele>
    <time>2024-09-12T18:03:20Z</time>
    <extensions>
     <gpxtpx:TrackPointExtension>
      <gpxtpx:hr>135</gpxtpx:hr>
     </gpxtpx:TrackPointExtension>
    </extensions>
   </trkpt>
   <trkpt lat="51.5611450" lon="-0.0883680">
    <ele>29.2</ele>
    <time>2024-09-12T18:03:21Z</time>
    <extensions>
     <gpxtpx:TrackPointExtension>
      <gpxtpx:hr>135</gpxtpx:hr>
     </gpxtpx:TrackPointExtension>
    </extensions>
   </trkpt>
   <trkpt lat="51.5611390" lon="-0.0884130">
    <ele>29.3</ele>
    <time>2024-09-12T18:03:22Z</time>
    <extensions>
     <gpxtpx:TrackPointExtension>
      <gpxtpx:hr>135</gpxtpx:hr>
     </gpxtpx:TrackPointExtension>
    </extensions>
   </trkpt>
   <trkpt lat="51.5611340" lon="-0.0884580">
    <ele>29.2</ele>
    <time>2024-09-12T18:03:23Z</time>
    <extensions>
     <gpxtpx:TrackPointExtension>
      <gpxtpx:hr>133</gpxtpx:hr>
     </gpxtpx:TrackPointExtension>
    </extensions>
   </trkpt>
   <trkpt lat="51.5611300" lon="-0.0885050">
    <ele>29.2</ele>
    <time>2024-09-12T18:03:24Z</time>
    <extensions>
     <gpxtpx:TrackPointExtension>
      <gpxtpx:hr>133</gpxtpx:hr>
     </gpxtpx:TrackPointExtension>
    </extensions>
   </trkpt>
   <trkpt lat="51.5611210" lon="-0.0885840">
    <ele>29.2</ele>
    <time>2024-09-12T18:03:25Z</time>
    <extensions>
     <gpxtpx:TrackPointExtension>
      <gpxtpx:hr>133</gpxtpx:hr>
     </gpxtpx:TrackPointExtension>
    </extensions>
   </trkpt>
   <trkpt lat="51.5611170" lon="-0.0886150">
    <ele>29.2</ele>
    <time>2024-09-12T18:03:26Z</time>
    <extensions>
     <gpxtpx:TrackPointExtension>
      <gpxtpx:hr>133</gpxtpx:hr>
     </gpxtpx:TrackPointExtension>
    </extensions>
   </trkpt>
   <trkpt lat="51.5611120" lon="-0.0886460">
    <ele>29.2</ele>
    <time>2024-09-12T18:03:27Z</time>
    <extensions>
     <gpxtpx:TrackPointExtension>
      <gpxtpx:hr>133</gpxtpx:hr>
     </gpxtpx:TrackPointExtension>
    </extensions>
   </trkpt>
   <trkpt lat="51.5610990" lon="-0.0887180">
    <ele>29.2</ele>
    <time>2024-09-12T18:03:28Z</time>
    <extensions>
     <gpxtpx:TrackPointExtension>
      <gpxtpx:hr>133</gpxtpx:hr>
     </gpxtpx:TrackPointExtension>
    </extensions>
   </trkpt>
   <trkpt lat="51.5610950" lon="-0.0887420">
    <ele>29.2</ele>
    <time>2024-09-12T18:03:29Z</time>
    <extensions>
     <gpxtpx:TrackPointExtension>
      <gpxtpx:hr>133</gpxtpx:hr>
     </gpxtpx:TrackPointExtension>
    </extensions>
   </trkpt>
   <trkpt lat="51.5610790" lon="-0.0888220">
    <ele>29.1</ele>
    <time>2024-09-12T18:03:30Z</time>
    <extensions>
     <gpxtpx:TrackPointExtension>
      <gpxtpx:hr>133</gpxtpx:hr>
     </gpxtpx:TrackPointExtension>
    </extensions>
   </trkpt>
   <trkpt lat="51.5610730" lon="-0.0888540">
    <ele>29.1</ele>
    <time>2024-09-12T18:03:31Z</time>
    <extensions>
     <gpxtpx:TrackPointExtension>
      <gpxtpx:hr>133</gpxtpx:hr>
     </gpxtpx:TrackPointExtension>
    </extensions>
   </trkpt>
   <trkpt lat="51.5610670" lon="-0.0888850">
    <ele>29.1</ele>
    <time>2024-09-12T18:03:32Z</time>
    <extensions>
     <gpxtpx:TrackPointExtension>
      <gpxtpx:hr>133</gpxtpx:hr>
     </gpxtpx:TrackPointExtension>
    </extensions>
   </trkpt>
   <trkpt lat="51.5610550" lon="-0.0889570">
    <ele>29.1</ele>
    <time>2024-09-12T18:03:33Z</time>
    <extensions>
     <gpxtpx:TrackPointExtension>
      <gpxtpx:hr>132</gpxtpx:hr>
     </gpxtpx:TrackPointExtension>
    </extensions>
   </trkpt>
   <trkpt lat="51.5610520" lon="-0.0889810">
    <ele>29.1</ele>
    <time>2024-09-12T18:03:34Z</time>
    <extensions>
     <gpxtpx:TrackPointExtension>
      <gpxtpx:hr>132</gpxtpx:hr>
     </gpxtpx:TrackPointExtension>
    </extensions>
   </trkpt>
   <trkpt lat="51.5610400" lon="-0.0890560">
    <ele>29.1</ele>
    <time>2024-09-12T18:03:35Z</time>
    <extensions>
     <gpxtpx:TrackPointExtension>
      <gpxtpx:hr>132</gpxtpx:hr>
     </gpxtpx:TrackPointExtension>
    </extensions>
   </trkpt>
   <trkpt lat="51.5610360" lon="-0.0890850">
    <ele>29.1</ele>
    <time>2024-09-12T18:03:36Z</time>
    <extensions>
     <gpxtpx:TrackPointExtension>
      <gpxtpx:hr>132</gpxtpx:hr>
     </gpxtpx:TrackPointExtension>
    </extensions>
   </trkpt>
   <trkpt lat="51.5610310" lon="-0.0891140">
    <ele>29.1</ele>
    <time>2024-09-12T18:03:37Z</time>
    <extensions>
     <gpxtpx:TrackPointExtension>
      <gpxtpx:hr>132</gpxtpx:hr>
     </gpxtpx:TrackPointExtension>
    </extensions>
   </trkpt>
   <trkpt lat="51.5610210" lon="-0.0891750">
    <ele>29.1</ele>
    <time>2024-09-12T18:03:38Z</time>
    <extensions>
     <gpxtpx:TrackPointExtension>
      <gpxtpx:hr>132</gpxtpx:hr>
     </gpxtpx:TrackPointExtension>
    </extensions>
   </trkpt>
   <trkpt lat="51.5610170" lon="-0.0891960">
    <ele>29.1</ele>
    <time>2024-09-12T18:03:39Z</time>
    <extensions>
     <gpxtpx:TrackPointExtension>
      <gpxtpx:hr>132</gpxtpx:hr>
     </gpxtpx:TrackPointExtension>
    </extensions>
   </trkpt>
   <trkpt lat="51.5610020" lon="-0.0892610">
    <ele>29.1</ele>
    <time>2024-09-12T18:03:40Z</time>
    <extensions>
     <gpxtpx:TrackPointExtension>
      <gpxtpx:hr>132</gpxtpx:hr>
     </gpxtpx:TrackPointExtension>
    </extensions>
   </trkpt>
   <trkpt lat="51.5609960" lon="-0.0892860">
    <ele>29.1</ele>
    <time>2024-09-12T18:03:41Z</time>
    <extensions>
     <gpxtpx:TrackPointExtension>
      <gpxtpx:hr>132</gpxtpx:hr>
     </gpxtpx:TrackPointExtension>
    </extensions>
   </trkpt>
   <trkpt lat="51.5609900" lon="-0.0893120">
    <ele>29.1</ele>
    <time>2024-09-12T18:03:42Z</time>
    <extensions>
     <gpxtpx:TrackPointExtension>
      <gpxtpx:hr>132</gpxtpx:hr>
     </gpxtpx:TrackPointExtension>
    </extensions>
   </trkpt>
   <trkpt lat="51.5609600" lon="-0.0893700">
    <ele>29.1</ele>
    <time>2024-09-12T18:03:43Z</time>
    <extensions>
     <gpxtpx:TrackPointExtension>
      <gpxtpx:hr>132</gpxtpx:hr>
     </gpxtpx:TrackPointExtension>
    </extensions>
   </trkpt>
   <trkpt lat="51.5609420" lon="-0.0893940">
    <ele>29.1</ele>
    <time>2024-09-12T18:03:44Z</time>
    <extensions>
     <gpxtpx:TrackPointExtension>
      <gpxtpx:hr>132</gpxtpx:hr>
     </gpxtpx:TrackPointExtension>
    </extensions>
   </trkpt>
   <trkpt lat="51.5609000" lon="-0.0893870">
    <ele>29.1</ele>
    <time>2024-09-12T18:03:45Z</time>
    <extensions>
     <gpxtpx:TrackPointExtension>
      <gpxtpx:hr>132</gpxtpx:hr>
     </gpxtpx:TrackPointExtension>
    </extensions>
   </trkpt>
   <trkpt lat="51.5608840" lon="-0.0893770">
    <ele>29.1</ele>
    <time>2024-09-12T18:03:46Z</time>
    <extensions>
     <gpxtpx:TrackPointExtension>
      <gpxtpx:hr>132</gpxtpx:hr>
     </gpxtpx:TrackPointExtension>
    </extensions>
   </trkpt>
   <trkpt lat="51.5608680" lon="-0.0893680">
    <ele>29.1</ele>
    <time>2024-09-12T18:03:47Z</time>
    <extensions>
     <gpxtpx:TrackPointExtension>
      <gpxtpx:hr>132</gpxtpx:hr>
     </gpxtpx:TrackPointExtension>
    </extensions>
   </trkpt>
   <trkpt lat="51.5608270" lon="-0.0893570">
    <ele>29.1</ele>
    <time>2024-09-12T18:03:48Z</time>
    <extensions>
     <gpxtpx:TrackPointExtension>
      <gpxtpx:hr>132</gpxtpx:hr>
     </gpxtpx:TrackPointExtension>
    </extensions>
   </trkpt>
   <trkpt lat="51.5608100" lon="-0.0893590">
    <ele>29.1</ele>
    <time>2024-09-12T18:03:49Z</time>
    <extensions>
     <gpxtpx:TrackPointExtension>
      <gpxtpx:hr>132</gpxtpx:hr>
     </gpxtpx:TrackPointExtension>
    </extensions>
   </trkpt>
   <trkpt lat="51.5607920" lon="-0.0893620">
    <ele>29.1</ele>
    <time>2024-09-12T18:03:50Z</time>
    <extensions>
     <gpxtpx:TrackPointExtension>
      <gpxtpx:hr>132</gpxtpx:hr>
     </gpxtpx:TrackPointExtension>
    </extensions>
   </trkpt>
   <trkpt lat="51.5607550" lon="-0.0894030">
    <ele>29.1</ele>
    <time>2024-09-12T18:03:51Z</time>
    <extensions>
     <gpxtpx:TrackPointExtension>
      <gpxtpx:hr>132</gpxtpx:hr>
     </gpxtpx:TrackPointExtension>
    </extensions>
   </trkpt>
   <trkpt lat="51.5607440" lon="-0.0894190">
    <ele>29.1</ele>
    <time>2024-09-12T18:03:52Z</time>
    <extensions>
     <gpxtpx:TrackPointExtension>
      <gpxtpx:hr>132</gpxtpx:hr>
     </gpxtpx:TrackPointExtension>
    </extensions>
   </trkpt>
   <trkpt lat="51.5607080" lon="-0.0894720">
    <ele>29.2</ele>
    <time>2024-09-12T18:03:53Z</time>
    <extensions>
     <gpxtpx:TrackPointExtension>
      <gpxtpx:hr>129</gpxtpx:hr>
     </gpxtpx:TrackPointExtension>
    </extensions>
   </trkpt>
   <trkpt lat="51.5606930" lon="-0.0894900">
    <ele>29.2</ele>
    <time>2024-09-12T18:03:54Z</time>
    <extensions>
     <gpxtpx:TrackPointExtension>
      <gpxtpx:hr>129</gpxtpx:hr>
     </gpxtpx:TrackPointExtension>
    </extensions>
   </trkpt>
   <trkpt lat="51.5606780" lon="-0.0895080">
    <ele>29.2</ele>
    <time>2024-09-12T18:03:55Z</time>
    <extensions>
     <gpxtpx:TrackPointExtension>
      <gpxtpx:hr>129</gpxtpx:hr>
     </gpxtpx:TrackPointExtension>
    </extensions>
   </trkpt>
   <trkpt lat="51.5606400" lon="-0.0895310">
    <ele>29.2</ele>
    <time>2024-09-12T18:03:56Z</time>
    <extensions>
     <gpxtpx:TrackPointExtension>
      <gpxtpx:hr>129</gpxtpx:hr>
     </gpxtpx:TrackPointExtension>
    </extensions>
   </trkpt>
   <trkpt lat="51.5606270" lon="-0.0895360">
    <ele>29.2</ele>
    <time>2024-09-12T18:03:57Z</time>
    <extensions>
     <gpxtpx:TrackPointExtension>
      <gpxtpx:hr>129</gpxtpx:hr>
     </gpxtpx:TrackPointExtension>
    </extensions>
   </trkpt>
   <trkpt lat="51.5605910" lon="-0.0895350">
    <ele>29.3</ele>
    <time>2024-09-12T18:03:58Z</time>
    <extensions>
     <gpxtpx:TrackPointExtension>
      <gpxtpx:hr>129</gpxtpx:hr>
     </gpxtpx:TrackPointExtension>
    </extensions>
   </trkpt>
   <trkpt lat="51.5605820" lon="-0.0895320">
    <ele>29.3</ele>
    <time>2024-09-12T18:03:59Z</time>
    <extensions>
     <gpxtpx:TrackPointExtension>
      <gpxtpx:hr>126</gpxtpx:hr>
     </gpxtpx:TrackPointExtension>
    </extensions>
   </trkpt>
   <trkpt lat="51.5605730" lon="-0.0895290">
    <ele>29.3</ele>
    <time>2024-09-12T18:04:00Z</time>
    <extensions>
     <gpxtpx:TrackPointExtension>
      <gpxtpx:hr>126</gpxtpx:hr>
     </gpxtpx:TrackPointExtension>
    </extensions>
   </trkpt>
   <trkpt lat="51.5605350" lon="-0.0894970">
    <ele>29.4</ele>
    <time>2024-09-12T18:04:01Z</time>
    <extensions>
     <gpxtpx:TrackPointExtension>
      <gpxtpx:hr>126</gpxtpx:hr>
     </gpxtpx:TrackPointExtension>
    </extensions>
   </trkpt>
   <trkpt lat="51.5605220" lon="-0.0894840">
    <ele>29.4</ele>
    <time>2024-09-12T18:04:02Z</time>
    <extensions>
     <gpxtpx:TrackPointExtension>
      <gpxtpx:hr>126</gpxtpx:hr>
     </gpxtpx:TrackPointExtension>
    </extensions>
   </trkpt>
   <trkpt lat="51.5604810" lon="-0.0894510">
    <ele>29.5</ele>
    <time>2024-09-12T18:04:03Z</time>
    <extensions>
     <gpxtpx:TrackPointExtension>
      <gpxtpx:hr>126</gpxtpx:hr>
     </gpxtpx:TrackPointExtension>
    </extensions>
   </trkpt>
   <trkpt lat="51.5604640" lon="-0.0894410">
    <ele>29.6</ele>
    <time>2024-09-12T18:04:04Z</time>
    <extensions>
     <gpxtpx:TrackPointExtension>
      <gpxtpx:hr>126</gpxtpx:hr>
     </gpxtpx:TrackPointExtension>
    </extensions>
   </trkpt>
   <trkpt lat="51.5604480" lon="-0.0894300">
    <ele>29.6</ele>
    <time>2024-09-12T18:04:05Z</time>
    <extensions>
     <gpxtpx:TrackPointExtension>
      <gpxtpx:hr>126</gpxtpx:hr>
     </gpxtpx:TrackPointExtension>
    </extensions>
   </trkpt>
   <trkpt lat="51.5604110" lon="-0.0894120">
    <ele>29.8</ele>
    <time>2024-09-12T18:04:06Z</time>
    <extensions>
     <gpxtpx:TrackPointExtension>
      <gpxtpx:hr>126</gpxtpx:hr>
     </gpxtpx:TrackPointExtension>
    </extensions>
   </trkpt>
   <trkpt lat="51.5604000" lon="-0.0894050">
    <ele>29.8</ele>
    <time>2024-09-12T18:04:07Z</time>
    <extensions>
     <gpxtpx:TrackPointExtension>
      <gpxtpx:hr>126</gpxtpx:hr>
     </gpxtpx:TrackPointExtension>
    </extensions>
   </trkpt>
   <trkpt lat="51.5603790" lon="-0.0893900">
    <ele>29.9</ele>
    <time>2024-09-12T18:04:08Z</time>
    <extensions>
     <gpxtpx:TrackPointExtension>
      <gpxtpx:hr>131</gpxtpx:hr>
     </gpxtpx:TrackPointExtension>
    </extensions>
   </trkpt>
   <trkpt lat="51.5603810" lon="-0.0893950">
    <ele>29.9</ele>
    <time>2024-09-12T18:04:09Z</time>
    <extensions>
     <gpxtpx:TrackPointExtension>
      <gpxtpx:hr>131</gpxtpx:hr>
     </gpxtpx:TrackPointExtension>
    </extensions>
   </trkpt>
   <trkpt lat="51.5603840" lon="-0.0894000">
    <ele>29.9</ele>
    <time>2024-09-12T18:04:10Z</time>
    <extensions>
     <gpxtpx:TrackPointExtension>
      <gpxtpx:hr>131</gpxtpx:hr>
     </gpxtpx:TrackPointExtension>
    </extensions>
   </trkpt>
   <trkpt lat="51.5603860" lon="-0.0894050">
    <ele>29.9</ele>
    <time>2024-09-12T18:04:11Z</time>
    <extensions>
     <gpxtpx:TrackPointExtension>
      <gpxtpx:hr>131</gpxtpx:hr>
     </gpxtpx:TrackPointExtension>
    </extensions>
   </trkpt>
   <trkpt lat="51.5603880" lon="-0.0894110">
    <ele>29.9</ele>
    <time>2024-09-12T18:04:12Z</time>
    <extensions>
     <gpxtpx:TrackPointExtension>
      <gpxtpx:hr>132</gpxtpx:hr>
     </gpxtpx:TrackPointExtension>
    </extensions>
   </trkpt>
   <trkpt lat="51.5603910" lon="-0.0894160">
    <ele>29.9</ele>
    <time>2024-09-12T18:05:03Z</time>
    <extensions>
     <gpxtpx:TrackPointExtension>
      <gpxtpx:hr>132</gpxtpx:hr>
     </gpxtpx:TrackPointExtension>
    </extensions>
   </trkpt>
   <trkpt lat="51.5603930" lon="-0.0894210">
    <ele>30.0</ele>
    <time>2024-09-12T18:05:04Z</time>
    <extensions>
     <gpxtpx:TrackPointExtension>
      <gpxtpx:hr>132</gpxtpx:hr>
     </gpxtpx:TrackPointExtension>
    </extensions>
   </trkpt>
   <trkpt lat="51.5603950" lon="-0.0894270">
    <ele>30.0</ele>
    <time>2024-09-12T18:05:05Z</time>
    <extensions>
     <gpxtpx:TrackPointExtension>
      <gpxtpx:hr>132</gpxtpx:hr>
     </gpxtpx:TrackPointExtension>
    </extensions>
   </trkpt>
   <trkpt lat="51.5603980" lon="-0.0894320">
    <ele>30.0</ele>
    <time>2024-09-12T18:05:06Z</time>
    <extensions>
     <gpxtpx:TrackPointExtension>
      <gpxtpx:hr>132</gpxtpx:hr>
     </gpxtpx:TrackPointExtension>
    </extensions>
   </trkpt>
   <trkpt lat="51.5604330" lon="-0.0894560">
    <ele>29.9</ele>
    <time>2024-09-12T18:05:07Z</time>
    <extensions>
     <gpxtpx:TrackPointExtension>
      <gpxtpx:hr>132</gpxtpx:hr>
     </gpxtpx:TrackPointExtension>
    </extensions>
   </trkpt>
   <trkpt lat="51.5604490" lon="-0.0894640">
    <ele>29.8</ele>
    <time>2024-09-12T18:05:08Z</time>
    <extensions>
     <gpxtpx:TrackPointExtension>
      <gpxtpx:hr>132</gpxtpx:hr>
     </gpxtpx:TrackPointExtension>
    </extensions>
   </trkpt>
   <trkpt lat="51.5604640" lon="-0.0894710">
    <ele>29.8</ele>
    <time>2024-09-12T18:05:09Z</time>
    <extensions>
     <gpxtpx:TrackPointExtension>
      <gpxtpx:hr>96</gpxtpx:hr>
     </gpxtpx:TrackPointExtension>
    </extensions>
   </trkpt>
   <trkpt lat="51.5605010" lon="-0.0894890">
    <ele>29.6</ele>
    <time>2024-09-12T18:05:10Z</time>
    <extensions>
     <gpxtpx:TrackPointExtension>
      <gpxtpx:hr>96</gpxtpx:hr>
     </gpxtpx:TrackPointExtension>
    </extensions>
   </trkpt>
   <trkpt lat="51.5605140" lon="-0.0894950">
    <ele>29.6</ele>
    <time>2024-09-12T18:05:11Z</time>
    <extensions>
     <gpxtpx:TrackPointExtension>
      <gpxtpx:hr>96</gpxtpx:hr>
     </gpxtpx:TrackPointExtension>
    </extensions>
   </trkpt>
   <trkpt lat="51.5605560" lon="-0.0895170">
    <ele>29.5</ele>
    <time>2024-09-12T18:05:12Z</time>
    <extensions>
     <gpxtpx:TrackPointExtension>
      <gpxtpx:hr>97</gpxtpx:hr>
     </gpxtpx:TrackPointExtension>
    </extensions>
   </trkpt>
   <trkpt lat="51.5605730" lon="-0.0895260">
    <ele>29.4</ele>
    <time>2024-09-12T18:05:13Z</time>
    <extensions>
     <gpxtpx:TrackPointExtension>
      <gpxtpx:hr>97</gpxtpx:hr>
     </gpxtpx:TrackPointExtension>
    </extensions>
   </trkpt>
   <trkpt lat="51.5605910" lon="-0.0895340">
    <ele>29.4</ele>
    <time>2024-09-12T18:05:14Z</time>
    <extensions>
     <gpxtpx:TrackPointExtension>
      <gpxtpx:hr>97</gpxtpx:hr>
     </gpxtpx:TrackPointExtension>
    </extensions>
   </trkpt>
   <trkpt lat="51.5606320" lon="-0.0895520">
    <ele>29.3</ele>
    <time>2024-09-12T18:05:15Z</time>
    <extensions>
     <gpxtpx:TrackPointExtension>
      <gpxtpx:hr>98</gpxtpx:hr>
     </gpxtpx:TrackPointExtension>
    </extensions>
   </trkpt>
   <trkpt lat="51.5606460" lon="-0.0895590">
    <ele>29.3</ele>
    <time>2024-09-12T18:05:16Z</time>
    <extensions>
     <gpxtpx:TrackPointExtension>
      <gpxtpx:hr>98</gpxtpx:hr>
     </gpxtpx:TrackPointExtension>
    </extensions>
   </trkpt>
   <trkpt lat="51.5606920" lon="-0.0895770">
    <ele>29.2</ele>
    <time>2024-09-12T18:05:17Z</time>
    <extensions>
     <gpxtpx:TrackPointExtension>
      <gpxtpx:hr>98</gpxtpx:hr>
     </gpxtpx:TrackPointExtension>
    </extensions>
   </trkpt>
   <trkpt lat="51.5607100" lon="-0.0895820">
    <ele>29.2</ele>
    <time>2024-09-12T18:05:18Z</time>
    <extensions>
     <gpxtpx:TrackPointExtension>
      <gpxtpx:hr>98</gpxtpx:hr>
     </gpxtpx:TrackPointExtension>
    </extensions>
   </trkpt>
   <trkpt lat="51.5607290" lon="-0.0895870">
    <ele>29.2</ele>
    <time>2024-09-12T18:05:19Z</time>
    <extensions>
     <gpxtpx:TrackPointExtension>
      <gpxtpx:hr>98</gpxtpx:hr>
     </gpxtpx:TrackPointExtension>
    </extensions>
   </trkpt>
   <trkpt lat="51.5607710" lon="-0.0895880">
    <ele>29.2</ele>
    <time>2024-09-12T18:05:20Z</time>
    <extensions>
     <gpxtpx:TrackPointExtension>
      <gpxtpx:hr>98</gpxtpx:hr>
     </gpxtpx:TrackPointExtension>
    </extensions>
   </trkpt>
   <trkpt lat="51.5607850" lon="-0.0895890">
    <ele>29.2</ele>
    <time>2024-09-12T18:05:21Z</time>
    <extensions>
     <gpxtpx:TrackPointExtension>
      <gpxtpx:hr>98</gpxtpx:hr>
     </gpxtpx:TrackPointExtension>
    </extensions>
   </trkpt>
   <trkpt lat="51.5608300" lon="-0.0896050">
    <ele>29.2</ele>
    <time>2024-09-12T18:05:22Z</time>
    <extensions>
     <gpxtpx:TrackPointExtension>
      <gpxtpx:hr>98</gpxtpx:hr>
     </gpxtpx:TrackPointExtension>
    </extensions>
   </trkpt>
   <trkpt lat="51.5608470" lon="-0.0896130">
    <ele>29.1</ele>
    <time>2024-09-12T18:05:23Z</time>
    <extensions>
     <gpxtpx:TrackPointExtension>
      <gpxtpx:hr>98</gpxtpx:hr>
     </gpxtpx:TrackPointExtension>
    </extensions>
   </trkpt>
   <trkpt lat="51.5608650" lon="-0.0896200">
    <ele>29.1</ele>
    <time>2024-09-12T18:05:24Z</time>
    <extensions>
     <gpxtpx:TrackPointExtension>
      <gpxtpx:hr>103</gpxtpx:hr>
     </gpxtpx:TrackPointExtension>
    </extensions>
   </trkpt>
   <trkpt lat="51.5609080" lon="-0.0896230">
    <ele>29.1</ele>
    <time>2024-09-12T18:05:25Z</time>
    <extensions>
     <gpxtpx:TrackPointExtension>
      <gpxtpx:hr>103</gpxtpx:hr>
     </gpxtpx:TrackPointExtension>
    </extensions>
   </trkpt>
   <trkpt lat="51.5609250" lon="-0.0896200">
    <ele>29.1</ele>
    <time>2024-09-12T18:05:26Z</time>
    <extensions>
     <gpxtpx:TrackPointExtension>
      <gpxtpx:hr>103</gpxtpx:hr>
     </gpxtpx:TrackPointExtension>
    </extensions>
   </trkpt>
   <trkpt lat="51.5609430" lon="-0.0896170">
    <ele>29.1</ele>
    <time>2024-09-12T18:05:27Z</time>
    <extensions>
     <gpxtpx:TrackPointExtension>
      <gpxtpx:hr>103</gpxtpx:hr>
     </gpxtpx:TrackPointExtension>
    </extensions>
   </trkpt>
   <trkpt lat="51.5609790" lon="-0.0895920">
    <ele>29.1</ele>
    <time>2024-09-12T18:05:28Z</time>
    <extensions>
     <gpxtpx:TrackPointExtension>
      <gpxtpx:hr>103</gpxtpx:hr>
     </gpxtpx:TrackPointExtension>
    </extensions>
   </trkpt>
   <trkpt lat="51.5609910" lon="-0.0895820">
    <ele>29.1</ele>
    <time>2024-09-12T18:05:29Z</time>
    <extensions>
     <gpxtpx:TrackPointExtension>
      <gpxtpx:hr>105</gpxtpx:hr>
     </gpxtpx:TrackPointExtension>
    </extensions>
   </trkpt>
   <trkpt lat="51.5610250" lon="-0.0895300">
    <ele>29.1</ele>
    <time>2024-09-12T18:05:30Z</time>
    <extensions>
     <gpxtpx:TrackPointExtension>
      <gpxtpx:hr>105</gpxtpx:hr>
     </gpxtpx:TrackPointExtension>
    </extensions>
   </trkpt>
   <trkpt lat="51.5610360" lon="-0.0895060">
    <ele>29.1</ele>
    <time>2024-09-12T18:05:31Z</time>
    <extensions>
     <gpxtpx:TrackPointExtension>
      <gpxtpx:hr>105</gpxtpx:hr>
     </gpxtpx:TrackPointExtension>
    </extensions>
   </trkpt>
   <trkpt lat="51.5610480" lon="-0.0894820">
    <ele>29.1</ele>
    <time>2024-09-12T18:05:32Z</time>
    <extensions>
     <gpxtpx:TrackPointExtension>
      <gpxtpx:hr>105</gpxtpx:hr>
     </gpxtpx:TrackPointExtension>
    </extensions>
   </trkpt>
   <trkpt lat="51.5610670" lon="-0.0894190">
    <ele>29.1</ele>
    <time>2024-09-12T18:05:33Z</time>
    <extensions>
     <gpxtpx:TrackPointExtension>
      <gpxtpx:hr>106</gpxtpx:hr>
     </gpxtpx:TrackPointExtension>
    </extensions>
   </trkpt>
   <trkpt lat="51.5610730" lon="-0.0893970">
    <ele>29.1</ele>
    <time>2024-09-12T18:05:34Z</time>
    <extensions>
     <gpxtpx:TrackPointExtension>
      <gpxtpx:hr>106</gpxtpx:hr>
     </gpxtpx:TrackPointExtension>
    </extensions>
   </trkpt>
   <trkpt lat="51.5610780" lon="-0.0893170">
    <ele>29.1</ele>
    <time>2024-09-12T18:05:35Z</time>
    <extensions>
     <gpxtpx:TrackPointExtension>
      <gpxtpx:hr>107</gpxtpx:hr>
     </gpxtpx:TrackPointExtension>
    </extensions>
   </trkpt>
   <trkpt lat="51.5610780" lon="-0.0892840">
    <ele>29.1</ele>
    <time>2024-09-12T18:05:36Z</time>
    <extensions>
     <gpxtpx:TrackPointExtension>
      <gpxtpx:hr>107</gpxtpx:hr>
     </gpxtpx:TrackPointExtension>
    </extensions>
   </trkpt>
   <trkpt lat="51.5610770" lon="-0.0892520">
    <ele>29.1</ele>
    <time>2024-09-12T18:05:37Z</time>
    <extensions>
     <gpxtpx:TrackPointExtension>
      <gpxtpx:hr>107</gpxtpx:hr>
     </gpxtpx:TrackPointExtension>
    </extensions>
   </trkpt>
   <trkpt lat="51.5610800" lon="-0.0891820">
    <ele>29.1</ele>
    <time>2024-09-12T18:05:38Z</time>
    <extensions>
     <gpxtpx:TrackPointExtension>
      <gpxtpx:hr>107</gpxtpx:hr>
     </gpxtpx:TrackPointExtension>
    </extensions>
   </trkpt>
   <trkpt lat="51.5610820" lon="-0.0891590">
    <ele>29.1</ele>
    <time>2024-09-12T18:05:39Z</time>
    <extensions>
     <gpxtpx:TrackPointExtension>
      <gpxtpx:hr>107</gpxtpx:hr>
     </gpxtpx:TrackPointExtension>
    </extensions>
   </trkpt>
   <trkpt lat="51.5610910" lon="-0.0890870">
    <ele>29.1</ele>
    <time>2024-09-12T18:05:40Z</time>
    <extensions>
     <gpxtpx:TrackPointExtension>
      <gpxtpx:hr>107</gpxtpx:hr>
     </gpxtpx:TrackPointExtension>
    </extensions>
   </trkpt>
   <trkpt lat="51.5610950" lon="-0.0890580">
    <ele>29.1</ele>
    <time>2024-09-12T18:05:41Z</time>
    <extensions>
     <gpxtpx:TrackPointExtension>
      <gpxtpx:hr>107</gpxtpx:hr>
     </gpxtpx:TrackPointExtension>
    </extensions>
   </trkpt>
   <trkpt lat="51.5610990" lon="-0.0890290">
    <ele>29.1</ele>
    <time>2024-09-12T18:05:42Z</time>
    <extensions>
     <gpxtpx:TrackPointExtension>
      <gpxtpx:hr>113</gpxtpx:hr>
     </gpxtpx:TrackPointExtension>
    </extensions>
   </trkpt>
   <trkpt lat="51.5611080" lon="-0.0889660">
    <ele>29.1</ele>
    <time>2024-09-12T18:05:43Z</time>
    <extensions>
     <gpxtpx:TrackPointExtension>
      <gpxtpx:hr>113</gpxtpx:hr>
     </gpxtpx:TrackPointExtension>
    </extensions>
   </trkpt>
   <trkpt lat="51.5611110" lon="-0.0889460">
    <ele>29.1</ele>
    <time>2024-09-12T18:05:44Z</time>
    <extensions>
     <gpxtpx:TrackPointExtension>
      <gpxtpx:hr>113</gpxtpx:hr>
     </gpxtpx:TrackPointExtension>
    </extensions>
   </trkpt>
   <trkpt lat="51.5611240" lon="-0.0888790">
    <ele>29.1</ele>
    <time>2024-09-12T18:05:45Z</time>
    <extensions>
     <gpxtpx:TrackPointExtension>
      <gpxtpx:hr>114</gpxtpx:hr>
     </gpxtpx:TrackPointExtension>
    </extensions>
   </trkpt>
   <trkpt lat="51.5611290" lon="-0.0888530">
    <ele>29.1</ele>
    <time>2024-09-12T18:05:46Z</time>
    <extensions>
     <gpxtpx:TrackPointExtension>
      <gpxtpx:hr>114</gpxtpx:hr>
     </gpxtpx:TrackPointExtension>
    </extensions>
   </trkpt>
   <trkpt lat="51.5611340" lon="-0.0888270">
    <ele>29.1</ele>
    <time>2024-09-12T18:05:47Z</time>
    <extensions>
     <gpxtpx:TrackPointExtension>
      <gpxtpx:hr>114</gpxtpx:hr>
     </gpxtpx:TrackPointExtension>
    </extensions>
   </trkpt>
   <trkpt lat="51.5611440" lon="-0.0887660">
    <ele>29.1</ele>
    <time>2024-09-12T18:05:48Z</time>
    <extensions>
     <gpxtpx:TrackPointExtension>
      <gpxtpx:hr>114</gpxtpx:hr>
     </gpxtpx:TrackPointExtension>
    </extensions>
   </trkpt>
   <trkpt lat="51.5611480" lon="-0.0887460">
    <ele>29.2</ele>
    <time>2024-09-12T18:05:49Z</time>
    <extensions>
     <gpxtpx:TrackPointExtension>
      <gpxtpx:hr>114</gpxtpx:hr>
     </gpxtpx:TrackPointExtension>
    </extensions>
   </trkpt>
   <trkpt lat="51.5611590" lon="-0.0886790">
    <ele>29.2</ele>
    <time>2024-09-12T18:05:50Z</time>
    <extensions>
     <gpxtpx:TrackPointExtension>
      <gpxtpx:hr>116</gpxtpx:hr>
     </gpxtpx:TrackPointExtension>
    </extensions>
   </trkpt>
   <trkpt lat="51.5611640" lon="-0.0886530">
    <ele>29.2</ele>
    <time>2024-09-12T18:05:51Z</time>
    <extensions>
     <gpxtpx:TrackPointExtension>
      <gpxtpx:hr>116</gpxtpx:hr>
     </gpxtpx:TrackPointExtension>
    </extensions>
   </trkpt>
   <trkpt lat="51.5611690" lon="-0.0886270">
    <ele>29.2</ele>
    <time>2024-09-12T18:05:52Z</time>
    <extensions>
     <gpxtpx:TrackPointExtension>
      <gpxtpx:hr>116</gpxtpx:hr>
     </gpxtpx:TrackPointExtension>
    </extensions>
   </trkpt>
   <trkpt lat="51.5611830" lon="-0.0885660">
    <ele>29.2</ele>
    <time>2024-09-12T18:05:53Z</time>
    <extensions>
     <gpxtpx:TrackPointExtension>
      <gpxtpx:hr>116</gpxtpx:hr>
     </gpxtpx:TrackPointExtension>
    </extensions>
   </trkpt>
   <trkpt lat="51.5611890" lon="-0.0885420">
    <ele>29.2</ele>
    <time>2024-09-12T18:05:54Z</time>
    <extensions>
     <gpxtpx:TrackPointExtension>
      <gpxtpx:hr>116</gpxtpx:hr>
     </gpxtpx:TrackPointExtension>
    </extensions>
   </trkpt>
   <trkpt lat="51.5611950" lon="-0.0885180">
    <ele>29.2</ele>
    <time>2024-09-12T18:05:55Z</time>
    <extensions>
     <gpxtpx:TrackPointExtension>
      <gpxtpx:hr>116</gpxtpx:hr>
     </gpxtpx:TrackPointExtension>
    </extensions>
   </trkpt>
   <trkpt lat="51.5612120" lon="-0.0884680">
    <ele>29.3</ele>
    <time>2024-09-12T18:05:56Z</time>
    <extensions>
     <gpxtpx:TrackPointExtension>
      <gpxtpx:hr>116</gpxtpx:hr>
     </gpxtpx:TrackPointExtension>
    </extensions>
   </trkpt>
   <trkpt lat="51.5612190" lon="-0.0884510">
    <ele>29.3</ele>
    <time>2024-09-12T18:05:57Z</time>
    <extensions>
     <gpxtpx:TrackPointExtension>
      <gpxtpx:hr>116</gpxtpx:hr>
     </gpxtpx:TrackPointExtension>
    </extensions>
   </trkpt>
   <trkpt lat="51.5612480" lon="-0.0884060">
    <ele>29.0</ele>
    <time>2024-09-12T18:05:58Z</time>
    <extensions>
     <gpxtpx:TrackPointExtension>
      <gpxtpx:hr>121</gpxtpx:hr>
     </gpxtpx:TrackPointExtension>
    </extensions>
   </trkpt>
   <trkpt lat="51.5612620" lon="-0.0883900">
    <ele>29.0</ele>
    <time>2024-09-12T18:05:59Z</time>
    <extensions>
     <gpxtpx:TrackPointExtension>
      <gpxtpx:hr>121</gpxtpx:hr>
     </gpxtpx:TrackPointExtension>
    </extensions>
   </trkpt>
   <trkpt lat="51.5612760" lon="-0.0883740">
    <ele>28.9</ele>
    <time>2024-09-12T18:06:00Z</time>
    <extensions>
     <gpxtpx:TrackPointExtension>
      <gpxtpx:hr>121</gpxtpx:hr>
     </gpxtpx:TrackPointExtension>
    </extensions>
   </trkpt>
   <trkpt lat="51.5613110" lon="-0.0883470">
    <ele>28.8</ele>
    <time>2024-09-12T18:06:01Z</time>
    <extensions>
     <gpxtpx:TrackPointExtension>
      <gpxtpx:hr>121</gpxtpx:hr>
     </gpxtpx:TrackPointExtension>
    </extensions>
   </trkpt>
   <trkpt lat="51.5613240" lon="-0.0883380">
    <ele>28.7</ele>
    <time>2024-09-12T18:06:02Z</time>
    <extensions>
     <gpxtpx:TrackPointExtension>
      <gpxtpx:hr>121</gpxtpx:hr>
     </gpxtpx:TrackPointExtension>
    </extensions>
   </trkpt>
   <trkpt lat="51.5613670" lon="-0.0883070">
    <ele>28.6</ele>
    <time>2024-09-12T18:06:03Z</time>
    <extensions>
     <gpxtpx:TrackPointExtension>
      <gpxtpx:hr>121</gpxtpx:hr>
     </gpxtpx:TrackPointExtension>
    </extensions>
   </trkpt>
   <trkpt lat="51.5613840" lon="-0.0882930">
    <ele>28.5</ele>
    <time>2024-09-12T18:06:04Z</time>
    <extensions>
     <gpxtpx:TrackPointExtension>
      <gpxtpx:hr>121</gpxtpx:hr>
     </gpxtpx:TrackPointExtension>
    </extensions>
   </trkpt>
   <trkpt lat="51.5614020" lon="-0.0882800">
    <ele>28.5</ele>
    <time>2024-09-12T18:06:05Z</time>
    <extensions>
     <gpxtpx:TrackPointExtension>
      <gpxtpx:hr>121</gpxtpx:hr>
     </gpxtpx:TrackPointExtension>
    </extensions>
   </trkpt>
   <trkpt lat="51.5614400" lon="-0.0882490">
    <ele>28.3</ele>
    <time>2024-09-12T18:06:06Z</time>
    <extensions>
     <gpxtpx:TrackPointExtension>
      <gpxtpx:hr>121</gpxtpx:hr>
     </gpxtpx:TrackPointExtension>
    </extensions>
   </trkpt>
   <trkpt lat="51.5614520" lon="-0.0882390">
    <ele>28.3</ele>
    <time>2024-09-12T18:06:07Z</time>
    <extensions>
     <gpxtpx:TrackPointExtension>
      <gpxtpx:hr>121</gpxtpx:hr>
     </gpxtpx:TrackPointExtension>
    </extensions>
   </trkpt>
   <trkpt lat="51.5614920" lon="-0.0882090">
    <ele>28.2</ele>
    <time>2024-09-12T18:06:08Z</time>
    <extensions>
     <gpxtpx:TrackPointExtension>
      <gpxtpx:hr>121</gpxtpx:hr>
     </gpxtpx:TrackPointExtension>
    </extensions>
   </trkpt>
   <trkpt lat="51.5615080" lon="-0.0881980">
    <ele>28.2</ele>
    <time>2024-09-12T18:06:09Z</time>
    <extensions>
     <gpxtpx:TrackPointExtension>
      <gpxtpx:hr>119</gpxtpx:hr>
     </gpxtpx:TrackPointExtension>
    </extensions>
   </trkpt>
   <trkpt lat="51.5615240" lon="-0.0881860">
    <ele>28.1</ele>
    <time>2024-09-12T18:06:10Z</time>
    <extensions>
     <gpxtpx:TrackPointExtension>
      <gpxtpx:hr>119</gpxtpx:hr>
     </gpxtpx:TrackPointExtension>
    </extensions>
   </trkpt>
   <trkpt lat="51.5615600" lon="-0.0881660">
    <ele>28.0</ele>
    <time>2024-09-12T18:06:11Z</time>
    <extensions>
     <gpxtpx:TrackPointExtension>
      <gpxtpx:hr>119</gpxtpx:hr>
     </gpxtpx:TrackPointExtension>
    </extensions>
   </trkpt>
   <trkpt lat="51.5615720" lon="-0.0881610">
    <ele>28.0</ele>
    <time>2024-09-12T18:06:12Z</time>
    <extensions>
     <gpxtpx:TrackPointExtension>
      <gpxtpx:hr>119</gpxtpx:hr>
     </gpxtpx:TrackPointExtension>
    </extensions>
   </trkpt>
   <trkpt lat="51.5616070" lon="-0.0881690">
    <ele>27.9</ele>
    <time>2024-09-12T18:06:13Z</time>
    <extensions>
     <gpxtpx:TrackPointExtension>
      <gpxtpx:hr>119</gpxtpx:hr>
     </gpxtpx:TrackPointExtension>
    </extensions>
   </trkpt>
   <trkpt lat="51.5616210" lon="-0.0881800">
    <ele>27.9</ele>
    <time>2024-09-12T18:06:14Z</time>
    <extensions>
     <gpxtpx:TrackPointExtension>
      <gpxtpx:hr>120</gpxtpx:hr>
     </gpxtpx:TrackPointExtension>
    </extensions>
   </trkpt>
   <trkpt lat="51.5616340" lon="-0.0881910">
    <ele>27.8</ele>
    <time>2024-09-12T18:06:15Z</time>
    <extensions>
     <gpxtpx:TrackPointExtension>
      <gpxtpx:hr>119</gpxtpx:hr>
     </gpxtpx:TrackPointExtension>
    </extensions>
   </trkpt>
   <trkpt lat="51.5616530" lon="-0.0882570">
    <ele>27.7</ele>
    <time>2024-09-12T18:06:16Z</time>
    <extensions>
     <gpxtpx:TrackPointExtension>
      <gpxtpx:hr>119</gpxtpx:hr>
     </gpxtpx:TrackPointExtension>
    </extensions>
   </trkpt>
   <trkpt lat="51.5616590" lon="-0.0882860">
    <ele>27.7</ele>
    <time>2024-09-12T18:06:17Z</time>
    <extensions>
     <gpxtpx:TrackPointExtension>
      <gpxtpx:hr>119</gpxtpx:hr>
     </gpxtpx:TrackPointExtension>
    </extensions>
   </trkpt>
   <trkpt lat="51.5616650" lon="-0.0883160">
    <ele>27.7</ele>
    <time>2024-09-12T18:06:18Z</time>
    <extensions>
     <gpxtpx:TrackPointExtension>
      <gpxtpx:hr>119</gpxtpx:hr>
     </gpxtpx:TrackPointExtension>
    </extensions>
   </trkpt>
   <trkpt lat="51.5616790" lon="-0.0883820">
    <ele>27.6</ele>
    <time>2024-09-12T18:06:19Z</time>
    <extensions>
     <gpxtpx:TrackPointExtension>
      <gpxtpx:hr>119</gpxtpx:hr>
     </gpxtpx:TrackPointExtension>
    </extensions>
   </trkpt>
   <trkpt lat="51.5616830" lon="-0.0884040">
    <ele>27.5</ele>
    <time>2024-09-12T18:06:20Z</time>
    <extensions>
     <gpxtpx:TrackPointExtension>
      <gpxtpx:hr>119</gpxtpx:hr>
     </gpxtpx:TrackPointExtension>
    </extensions>
   </trkpt>
   <trkpt lat="51.5617010" lon="-0.0884750">
    <ele>27.4</ele>
    <time>2024-09-12T18:06:21Z</time>
    <extensions>
     <gpxtpx:TrackPointExtension>
      <gpxtpx:hr>119</gpxtpx:hr>
     </gpxtpx:TrackPointExtension>
    </extensions>
   </trkpt>
   <trkpt lat="51.5617080" lon="-0.0885020">
    <ele>27.4</ele>
    <time>2024-09-12T18:06:22Z</time>
    <extensions>
     <gpxtpx:TrackPointExtension>
      <gpxtpx:hr>119</gpxtpx:hr>
     </gpxtpx:TrackPointExtension>
    </extensions>
   </trkpt>
   <trkpt lat="51.5617150" lon="-0.0885300">
    <ele>27.3</ele>
    <time>2024-09-12T18:06:23Z</time>
    <extensions>
     <gpxtpx:TrackPointExtension>
      <gpxtpx:hr>120</gpxtpx:hr>
     </gpxtpx:TrackPointExtension>
    </extensions>
   </trkpt>
   <trkpt lat="51.5617310" lon="-0.0885910">
    <ele>27.2</ele>
    <time>2024-09-12T18:06:24Z</time>
    <extensions>
     <gpxtpx:TrackPointExtension>
      <gpxtpx:hr>120</gpxtpx:hr>
     </gpxtpx:TrackPointExtension>
    </extensions>
   </trkpt>
   <trkpt lat="51.5617370" lon="-0.0886110">
    <ele>27.2</ele>
    <time>2024-09-12T18:06:25Z</time>
    <extensions>
     <gpxtpx:TrackPointExtension>
      <gpxtpx:hr>120</gpxtpx:hr>
     </gpxtpx:TrackPointExtension>
    </extensions>
   </trkpt>
   <trkpt lat="51.5617560" lon="-0.0886810">
    <ele>27.0</ele>
    <time>2024-09-12T18:06:26Z</time>
    <extensions>
     <gpxtpx:TrackPointExtension>
      <gpxtpx:hr>121</gpxtpx:hr>
     </gpxtpx:TrackPointExtension>
    </extensions>
   </trkpt>
   <trkpt lat="51.5617630" lon="-0.0887090">
    <ele>27.0</ele>
    <time>2024-09-12T18:06:27Z</time>
    <extensions>
     <gpxtpx:TrackPointExtension>
      <gpxtpx:hr>121</gpxtpx:hr>
     </gpxtpx:TrackPointExtension>
    </extensions>
   </trkpt>
   <trkpt lat="51.5617700" lon="-0.0887370">
    <ele>27.0</ele>
    <time>2024-09-12T18:06:28Z</time>
    <extensions>
     <gpxtpx:TrackPointExtension>
      <gpxtpx:hr>121</gpxtpx:hr>
     </gpxtpx:TrackPointExtension>
    </extensions>
   </trkpt>
   <trkpt lat="51.5617870" lon="-0.0887990">
    <ele>26.9</ele>
    <time>2024-09-12T18:06:29Z</time>
    <extensions>
     <gpxtpx:TrackPointExtension>
      <gpxtpx:hr>121</gpxtpx:hr>
     </gpxtpx:TrackPointExtension>
    </extensions>
   </trkpt>
   <trkpt lat="51.5617930" lon="-0.0888200">
    <ele>26.8</ele>
    <time>2024-09-12T18:06:30Z</time>
    <extensions>
     <gpxtpx:TrackPointExtension>
      <gpxtpx:hr>120</gpxtpx:hr>
     </gpxtpx:TrackPointExtension>
    </extensions>
   </trkpt>
   <trkpt lat="51.5618130" lon="-0.0888900">
    <ele>26.7</ele>
    <time>2024-09-12T18:06:31Z</time>
    <extensions>
     <gpxtpx:TrackPointExtension>
      <gpxtpx:hr>120</gpxtpx:hr>
     </gpxtpx:TrackPointExtension>
    </extensions>
   </trkpt>
   <trkpt lat="51.5618210" lon="-0.0889180">
    <ele>26.7</ele>
    <time>2024-09-12T18:06:32Z</time>
    <extensions>
     <gpxtpx:TrackPointExtension>
      <gpxtpx:hr>120</gpxtpx:hr>
     </gpxtpx:TrackPointExtension>
    </extensions>
   </trkpt>
   <trkpt lat="51.5618290" lon="-0.0889470">
    <ele>26.6</ele>
    <time>2024-09-12T18:06:33Z</time>
    <extensions>
     <gpxtpx:TrackPointExtension>
      <gpxtpx:hr>120</gpxtpx:hr>
     </gpxtpx:TrackPointExtension>
    </extensions>
   </trkpt>
   <trkpt lat="51.5618460" lon="-0.0890090">
    <ele>26.5</ele>
    <time>2024-09-12T18:06:34Z</time>
    <extensions>
     <gpxtpx:TrackPointExtension>
      <gpxtpx:hr>120</gpxtpx:hr>
     </gpxtpx:TrackPointExtension>
    </extensions>
   </trkpt>
   <trkpt lat="51.5618520" lon="-0.0890300">
    <ele>26.5</ele>
    <time>2024-09-12T18:06:35Z</time>
    <extensions>
     <gpxtpx:TrackPointExtension>
      <gpxtpx:hr>118</gpxtpx:hr>
     </gpxtpx:TrackPointExtension>
    </extensions>
   </trkpt>
   <trkpt lat="51.5618700" lon="-0.0890970">
    <ele>26.4</ele>
    <time>2024-09-12T18:06:36Z</time>
    <extensions>
     <gpxtpx:TrackPointExtension>
      <gpxtpx:hr>118</gpxtpx:hr>
     </gpxtpx:TrackPointExtension>
    </extensions>
   </trkpt>
   <trkpt lat="51.5618780" lon="-0.0891240">
    <ele>26.3</ele>
    <time>2024-09-12T18:06:37Z</time>
    <extensions>
     <gpxtpx:TrackPointExtension>
      <gpxtpx:hr>118</gpxtpx:hr>
     </gpxtpx:TrackPointExtension>
    </extensions>
   </trkpt>
   <trkpt lat="51.5618860" lon="-0.0891510">
    <ele>26.3</ele>
    <time>2024-09-12T18:06:38Z</time>
    <extensions>
     <gpxtpx:TrackPointExtension>
      <gpxtpx:hr>118</gpxtpx:hr>
     </gpxtpx:TrackPointExtension>
    </extensions>
   </trkpt>
   <trkpt lat="51.5619050" lon="-0.0892160">
    <ele>26.2</ele>
    <time>2024-09-12T18:06:39Z</time>
    <extensions>
     <gpxtpx:TrackPointExtension>
      <gpxtpx:hr>118</gpxtpx:hr>
     </gpxtpx:TrackPointExtension>
    </extensions>
   </trkpt>
   <trkpt lat="51.5619120" lon="-0.0892420">
    <ele>26.1</ele>
    <time>2024-09-12T18:06:40Z</time>
    <extensions>
     <gpxtpx:TrackPointExtension>
      <gpxtpx:hr>118</gpxtpx:hr>
     </gpxtpx:TrackPointExtension>
    </extensions>
   </trkpt>
   <trkpt lat="51.5619190" lon="-0.0892680">
    <ele>26.1</ele>
    <time>2024-09-12T18:06:41Z</time>
    <extensions>
     <gpxtpx:TrackPointExtension>
      <gpxtpx:hr>118</gpxtpx:hr>
     </gpxtpx:TrackPointExtension>
    </extensions>
   </trkpt>
   <trkpt lat="51.5619350" lon="-0.0893300">
    <ele>26.0</ele>
    <time>2024-09-12T18:06:42Z</time>
    <extensions>
     <gpxtpx:TrackPointExtension>
      <gpxtpx:hr>118</gpxtpx:hr>
     </gpxtpx:TrackPointExtension>
    </extensions>
   </trkpt>
   <trkpt lat="51.5619410" lon="-0.0893500">
    <ele>25.9</ele>
    <time>2024-09-12T18:06:43Z</time>
    <extensions>
     <gpxtpx:TrackPointExtension>
      <gpxtpx:hr>118</gpxtpx:hr>
     </gpxtpx:TrackPointExtension>
    </extensions>
   </trkpt>
   <trkpt lat="51.5619590" lon="-0.0894190">
    <ele>25.9</ele>
    <time>2024-09-12T18:06:44Z</time>
    <extensions>
     <gpxtpx:TrackPointExtension>
      <gpxtpx:hr>118</gpxtpx:hr>
     </gpxtpx:TrackPointExtension>
    </extensions>
   </trkpt>
   <trkpt lat="51.5619670" lon="-0.0894470">
    <ele>25.8</ele>
    <time>2024-09-12T18:06:45Z</time>
    <extensions>
     <gpxtpx:TrackPointExtension>
      <gpxtpx:hr>118</gpxtpx:hr>
     </gpxtpx:TrackPointExtension>
    </extensions>
   </trkpt>
   <trkpt lat="51.5619740" lon="-0.0894750">
    <ele>25.8</ele>
    <time>2024-09-12T18:06:46Z</time>
    <extensions>
     <gpxtpx:TrackPointExtension>
      <gpxtpx:hr>118</gpxtpx:hr>
     </gpxtpx:TrackPointExtension>
    </extensions>
   </trkpt>
   <trkpt lat="51.5619910" lon="-0.0895380">
    <ele>25.7</ele>
    <time>2024-09-12T18:06:47Z</time>
    <extensions>
     <gpxtpx:TrackPointExtension>
      <gpxtpx:hr>118</gpxtpx:hr>
     </gpxtpx:TrackPointExtension>
    </extensions>
   </trkpt>
   <trkpt lat="51.5619970" lon="-0.0895590">
    <ele>25.7</ele>
    <time>2024-09-12T18:06:48Z</time>
    <extensions>
     <gpxtpx:TrackPointExtension>
      <gpxtpx:hr>118</gpxtpx:hr>
     </gpxtpx:TrackPointExtension>
    </extensions>
   </trkpt>
   <trkpt lat="51.5620150" lon="-0.0896260">
    <ele>25.6</ele>
    <time>2024-09-12T18:06:49Z</time>
    <extensions>
     <gpxtpx:TrackPointExtension>
      <gpxtpx:hr>118</gpxtpx:hr>
     </gpxtpx:TrackPointExtension>
    </extensions>
   </trkpt>
   <trkpt lat="51.5620210" lon="-0.0896520">
    <ele>25.5</ele>
    <time>2024-09-12T18:06:50Z</time>
    <extensions>
     <gpxtpx:TrackPointExtension>
      <gpxtpx:hr>117</gpxtpx:hr>
     </gpxtpx:TrackPointExtension>
    </extensions>
   </trkpt>
   <trkpt lat="51.5620280" lon="-0.0896790">
    <ele>25.5</ele>
    <time>2024-09-12T18:06:51Z</time>
    <extensions>
     <gpxtpx:TrackPointExtension>
      <gpxtpx:hr>117</gpxtpx:hr>
     </gpxtpx:TrackPointExtension>
    </extensions>
   </trkpt>
   <trkpt lat="51.5620450" lon="-0.0897380">
    <ele>25.4</ele>
    <time>2024-09-12T18:06:52Z</time>
    <extensions>
     <gpxtpx:TrackPointExtension>
      <gpxtpx:hr>117</gpxtpx:hr>
     </gpxtpx:TrackPointExtension>
    </extensions>
   </trkpt>
   <trkpt lat="51.5620510" lon="-0.0897570">
    <ele>25.4</ele>
    <time>2024-09-12T18:06:53Z</time>
    <extensions>
     <gpxtpx:TrackPointExtension>
      <gpxtpx:hr>117</gpxtpx:hr>
     </gpxtpx:TrackPointExtension>
    </extensions>
   </trkpt>
   <trkpt lat="51.5620720" lon="-0.0898230">
    <ele>25.3</ele>
    <time>2024-09-12T18:06:54Z</time>
    <extensions>
     <gpxtpx:TrackPointExtension>
      <gpxtpx:hr>117</gpxtpx:hr>
     </gpxtpx:TrackPointExtension>
    </extensions>
   </trkpt>
   <trkpt lat="51.5620800" lon="-0.0898500">
    <ele>25.3</ele>
    <time>2024-09-12T18:06:55Z</time>
    <extensions>
     <gpxtpx:TrackPointExtension>
      <gpxtpx:hr>117</gpxtpx:hr>
     </gpxtpx:TrackPointExtension>
    </extensions>
   </trkpt>
   <trkpt lat="51.5620880" lon="-0.0898760">
    <ele>25.2</ele>
    <time>2024-09-12T18:06:56Z</time>
    <extensions>
     <gpxtpx:TrackPointExtension>
      <gpxtpx:hr>120</gpxtpx:hr>
     </gpxtpx:TrackPointExtension>
    </extensions>
   </trkpt>
   <trkpt lat="51.5621060" lon="-0.0899360">
    <ele>25.2</ele>
    <time>2024-09-12T18:06:57Z</time>
    <extensions>
     <gpxtpx:TrackPointExtension>
      <gpxtpx:hr>120</gpxtpx:hr>
     </gpxtpx:TrackPointExtension>
    </extensions>
   </trkpt>
   <trkpt lat="51.5621110" lon="-0.0899560">
    <ele>25.1</ele>
    <time>2024-09-12T18:06:58Z</time>
    <extensions>
     <gpxtpx:TrackPointExtension>
      <gpxtpx:hr>120</gpxtpx:hr>
     </gpxtpx:TrackPointExtension>
    </extensions>
   </trkpt>
   <trkpt lat="51.5621300" lon="-0.0900250">
    <ele>25.1</ele>
    <time>2024-09-12T18:06:59Z</time>
    <extensions>
     <gpxtpx:TrackPointExtension>
      <gpxtpx:hr>120</gpxtpx:hr>
     </gpxtpx:TrackPointExtension>
    </extensions>
   </trkpt>
   <trkpt lat="51.5621370" lon="-0.0900530">
    <ele>25.1</ele>
    <time>2024-09-12T18:07:00Z</time>
    <extensions>
     <gpxtpx:TrackPointExtension>
      <gpxtpx:hr>121</gpxtpx:hr>
     </gpxtpx:TrackPointExtension>
    </extensions>
   </trkpt>
   <trkpt lat="51.5621440" lon="-0.0900810">
    <ele>25.0</ele>
    <time>2024-09-12T18:07:01Z</time>
    <extensions>
     <gpxtpx:TrackPointExtension>
      <gpxtpx:hr>121</gpxtpx:hr>
     </gpxtpx:TrackPointExtension>
    </extensions>
   </trkpt>
   <trkpt lat="51.5621620" lon="-0.0901540">
    <ele>25.0</ele>
    <time>2024-09-12T18:07:02Z</time>
    <extensions>
     <gpxtpx:TrackPointExtension>
      <gpxtpx:hr>121</gpxtpx:hr>
     </gpxtpx:TrackPointExtension>
    </extensions>
   </trkpt>
   <trkpt lat="51.5621690" lon="-0.0901830">
    <ele>25.0</ele>
    <time>2024-09-12T18:07:03Z</time>
    <extensions>
     <gpxtpx:TrackPointExtension>
      <gpxtpx:hr>121</gpxtpx:hr>
     </gpxtpx:TrackPointExtension>
    </extensions>
   </trkpt>
   <trkpt lat="51.5621770" lon="-0.0902130">
    <ele>24.9</ele>
    <time>2024-09-12T18:07:04Z</time>
    <extensions>
     <gpxtpx:TrackPointExtension>
      <gpxtpx:hr>121</gpxtpx:hr>
     </gpxtpx:TrackPointExtension>
    </extensions>
   </trkpt>
   <trkpt lat="51.5621970" lon="-0.0902770">
    <ele>24.9</ele>
    <time>2024-09-12T18:07:05Z</time>
    <extensions>
     <gpxtpx:TrackPointExtension>
      <gpxtpx:hr>121</gpxtpx:hr>
     </gpxtpx:TrackPointExtension>
    </extensions>
   </trkpt>
   <trkpt lat="51.5622040" lon="-0.0902970">
    <ele>24.9</ele>
    <time>2024-09-12T18:07:06Z</time>
    <extensions>
     <gpxtpx:TrackPointExtension>
      <gpxtpx:hr>121</gpxtpx:hr>
     </gpxtpx:TrackPointExtension>
    </extensions>
   </trkpt>
   <trkpt lat="51.5622270" lon="-0.0903620">
    <ele>24.9</ele>
    <time>2024-09-12T18:07:07Z</time>
    <extensions>
     <gpxtpx:TrackPointExtension>
      <gpxtpx:hr>121</gpxtpx:hr>
     </gpxtpx:TrackPointExtension>
    </extensions>
   </trkpt>
   <trkpt lat="51.5622370" lon="-0.0903880">
    <ele>24.9</ele>
    <time>2024-09-12T18:07:08Z</time>
    <extensions>
     <gpxtpx:TrackPointExtension>
      <gpxtpx:hr>121</gpxtpx:hr>
     </gpxtpx:TrackPointExtension>
    </extensions>
   </trkpt>
   <trkpt lat="51.5622460" lon="-0.0904130">
    <ele>24.9</ele>
    <time>2024-09-12T18:07:09Z</time>
    <extensions>
     <gpxtpx:TrackPointExtension>
      <gpxtpx:hr>121</gpxtpx:hr>
     </gpxtpx:TrackPointExtension>
    </extensions>
   </trkpt>
   <trkpt lat="51.5622640" lon="-0.0904710">
    <ele>24.9</ele>
    <time>2024-09-12T18:07:10Z</time>
    <extensions>
     <gpxtpx:TrackPointExtension>
      <gpxtpx:hr>121</gpxtpx:hr>
     </gpxtpx:TrackPointExtension>
    </extensions>
   </trkpt>
   <trkpt lat="51.5622710" lon="-0.0904910">
    <ele>24.9</ele>
    <time>2024-09-12T18:07:11Z</time>
    <extensions>
     <gpxtpx:TrackPointExtension>
      <gpxtpx:hr>121</gpxtpx:hr>
     </gpxtpx:TrackPointExtension>
    </extensions>
   </trkpt>
   <trkpt lat="51.5622920" lon="-0.0905540">
    <ele>24.9</ele>
    <time>2024-09-12T18:07:12Z</time>
    <extensions>
     <gpxtpx:TrackPointExtension>
      <gpxtpx:hr>122</gpxtpx:hr>
     </gpxtpx:TrackPointExtension>
    </extensions>
   </trkpt>
   <trkpt lat="51.5623000" lon="-0.0905790">
    <ele>24.9</ele>
    <time>2024-09-12T18:07:13Z</time>
    <extensions>
     <gpxtpx:TrackPointExtension>
      <gpxtpx:hr>122</gpxtpx:hr>
     </gpxtpx:TrackPointExtension>
    </extensions>
   </trkpt>
   <trkpt lat="51.5623080" lon="-0.0906040">
    <ele>24.9</ele>
    <time>2024-09-12T18:07:14Z</time>
    <extensions>
     <gpxtpx:TrackPointExtension>
      <gpxtpx:hr>122</gpxtpx:hr>
     </gpxtpx:TrackPointExtension>
    </extensions>
   </trkpt>
   <trkpt lat="51.5623260" lon="-0.0906620">
    <ele>24.9</ele>
    <time>2024-09-12T18:07:15Z</time>
    <extensions>
     <gpxtpx:TrackPointExtension>
      <gpxtpx:hr>122</gpxtpx:hr>
     </gpxtpx:TrackPointExtension>
    </extensions>
   </trkpt>
   <trkpt lat="51.5623320" lon="-0.0906820">
    <ele>24.9</ele>
    <time>2024-09-12T18:07:16Z</time>
    <extensions>
     <gpxtpx:TrackPointExtension>
      <gpxtpx:hr>122</gpxtpx:hr>
     </gpxtpx:TrackPointExtension>
    </extensions>
   </trkpt>
   <trkpt lat="51.5623530" lon="-0.0907480">
    <ele>24.8</ele>
    <time>2024-09-12T18:07:17Z</time>
    <extensions>
     <gpxtpx:TrackPointExtension>
      <gpxtpx:hr>122</gpxtpx:hr>
     </gpxtpx:TrackPointExtension>
    </extensions>
   </trkpt>
   <trkpt lat="51.5623620" lon="-0.0907750">
    <ele>24.8</ele>
    <time>2024-09-12T18:07:18Z</time>
    <extensions>
     <gpxtpx:TrackPointExtension>
      <gpxtpx:hr>122</gpxtpx:hr>
     </gpxtpx:TrackPointExtension>
    </extensions>
   </trkpt>
   <trkpt lat="51.5623710" lon="-0.0908010">
    <ele>24.8</ele>
    <time>2024-09-12T18:07:19Z</time>
    <extensions>
     <gpxtpx:TrackPointExtension>
      <gpxtpx:hr>122</gpxtpx:hr>
     </gpxtpx:TrackPointExtension>
    </extensions>
   </trkpt>
   <trkpt lat="51.5623920" lon="-0.0908630">
    <ele>24.8</ele>
    <time>2024-09-12T18:07:20Z</time>
    <extensions>
     <gpxtpx:TrackPointExtension>
      <gpxtpx:hr>122</gpxtpx:hr>
     </gpxtpx:TrackPointExtension>
    </extensions>
   </trkpt>
   <trkpt lat="51.5624000" lon="-0.0908830">
    <ele>24.7</ele>
    <time>2024-09-12T18:07:21Z</time>
    <extensions>
     <gpxtpx:TrackPointExtension>
      <gpxtpx:hr>122</gpxtpx:hr>
     </gpxtpx:TrackPointExtension>
    </extensions>
   </trkpt>
   <trkpt lat="51.5624230" lon="-0.0909500">
    <ele>24.7</ele>
    <time>2024-09-12T18:07:22Z</time>
    <extensions>
     <gpxtpx:TrackPointExtension>
      <gpxtpx:hr>122</gpxtpx:hr>
     </gpxtpx:TrackPointExtension>
    </extensions>
   </trkpt>
   <trkpt lat="51.5624320" lon="-0.0909770">
    <ele>24.7</ele>
    <time>2024-09-12T18:07:23Z</time>
    <extensions>
     <gpxtpx:TrackPointExtension>
      <gpxtpx:hr>122</gpxtpx:hr>
     </gpxtpx:TrackPointExtension>
    </extensions>
   </trkpt>
   <trkpt lat="51.5624400" lon="-0.0910030">
    <ele>24.7</ele>
    <time>2024-09-12T18:07:24Z</time>
    <extensions>
     <gpxtpx:TrackPointExtension>
      <gpxtpx:hr>122</gpxtpx:hr>
     </gpxtpx:TrackPointExtension>
    </extensions>
   </trkpt>
   <trkpt lat="51.5624610" lon="-0.0910610">
    <ele>24.7</ele>
    <time>2024-09-12T18:07:25Z</time>
    <extensions>
     <gpxtpx:TrackPointExtension>
      <gpxtpx:hr>122</gpxtpx:hr>
     </gpxtpx:TrackPointExtension>
    </extensions>
   </trkpt>
   <trkpt lat="51.5624680" lon="-0.0910800">
    <ele>24.7</ele>
    <time>2024-09-12T18:07:26Z</time>
    <extensions>
     <gpxtpx:TrackPointExtension>
      <gpxtpx:hr>122</gpxtpx:hr>
     </gpxtpx:TrackPointExtension>
    </extensions>
   </trkpt>
   <trkpt lat="51.5624920" lon="-0.0911390">
    <ele>24.7</ele>
    <time>2024-09-12T18:07:27Z</time>
    <extensions>
     <gpxtpx:TrackPointExtension>
      <gpxtpx:hr>122</gpxtpx:hr>
     </gpxtpx:TrackPointExtension>
    </extensions>
   </trkpt>
   <trkpt lat="51.5625020" lon="-0.0911630">
    <ele>24.7</ele>
    <time>2024-09-12T18:07:28Z</time>
    <extensions>
     <gpxtpx:TrackPointExtension>
      <gpxtpx:hr>122</gpxtpx:hr>
     </gpxtpx:TrackPointExtension>
    </extensions>
   </trkpt>
   <trkpt lat="51.5625110" lon="-0.0911860">
    <ele>24.7</ele>
    <time>2024-09-12T18:07:29Z</time>
    <extensions>
     <gpxtpx:TrackPointExtension>
      <gpxtpx:hr>122</gpxtpx:hr>
     </gpxtpx:TrackPointExtension>
    </extensions>
   </trkpt>
   <trkpt lat="51.5625350" lon="-0.0912470">
    <ele>24.7</ele>
    <time>2024-09-12T18:07:30Z</time>
    <extensions>
     <gpxtpx:TrackPointExtension>
      <gpxtpx:hr>122</gpxtpx:hr>
     </gpxtpx:TrackPointExtension>
    </extensions>
   </trkpt>
   <trkpt lat="51.5625440" lon="-0.0912710">
    <ele>24.7</ele>
    <time>2024-09-12T18:07:31Z</time>
    <extensions>
     <gpxtpx:TrackPointExtension>
      <gpxtpx:hr>122</gpxtpx:hr>
     </gpxtpx:TrackPointExtension>
    </extensions>
   </trkpt>
   <trkpt lat="51.5625540" lon="-0.0912950">
    <ele>24.7</ele>
    <time>2024-09-12T18:07:32Z</time>
    <extensions>
     <gpxtpx:TrackPointExtension>
      <gpxtpx:hr>122</gpxtpx:hr>
     </gpxtpx:TrackPointExtension>
    </extensions>
   </trkpt>
   <trkpt lat="51.5625750" lon="-0.0913500">
    <ele>24.7</ele>
    <time>2024-09-12T18:07:33Z</time>
    <extensions>
     <gpxtpx:TrackPointExtension>
      <gpxtpx:hr>122</gpxtpx:hr>
     </gpxtpx:TrackPointExtension>
    </extensions>
   </trkpt>
   <trkpt lat="51.5625820" lon="-0.0913690">
    <ele>24.7</ele>
    <time>2024-09-12T18:07:34Z</time>
    <extensions>
     <gpxtpx:TrackPointExtension>
      <gpxtpx:hr>121</gpxtpx:hr>
     </gpxtpx:TrackPointExtension>
    </extensions>
   </trkpt>
   <trkpt lat="51.5626030" lon="-0.0914300">
    <ele>24.7</ele>
    <time>2024-09-12T18:07:35Z</time>
    <extensions>
     <gpxtpx:TrackPointExtension>
      <gpxtpx:hr>121</gpxtpx:hr>
     </gpxtpx:TrackPointExtension>
    </extensions>
   </trkpt>
   <trkpt lat="51.5626100" lon="-0.0914540">
    <ele>24.7</ele>
    <time>2024-09-12T18:07:36Z</time>
    <extensions>
     <gpxtpx:TrackPointExtension>
      <gpxtpx:hr>121</gpxtpx:hr>
     </gpxtpx:TrackPointExtension>
    </extensions>
   </trkpt>
   <trkpt lat="51.5626180" lon="-0.0914780">
    <ele>24.8</ele>
    <time>2024-09-12T18:07:37Z</time>
    <extensions>
     <gpxtpx:TrackPointExtension>
      <gpxtpx:hr>121</gpxtpx:hr>
     </gpxtpx:TrackPointExtension>
    </extensions>
   </trkpt>
   <trkpt lat="51.5626300" lon="-0.0915320">
    <ele>24.8</ele>
    <time>2024-09-12T18:07:38Z</time>
    <extensions>
     <gpxtpx:TrackPointExtension>
      <gpxtpx:hr>121</gpxtpx:hr>
     </gpxtpx:TrackPointExtension>
    </extensions>
   </trkpt>
   <trkpt lat="51.5626330" lon="-0.0915510">
    <ele>24.8</ele>
    <time>2024-09-12T18:07:39Z</time>
    <extensions>
     <gpxtpx:TrackPointExtension>
      <gpxtpx:hr>121</gpxtpx:hr>
     </gpxtpx:TrackPointExtension>
    </extensions>
   </trkpt>
   <trkpt lat="51.5626390" lon="-0.0916170">
    <ele>24.8</ele>
    <time>2024-09-12T18:07:40Z</time>
    <extensions>
     <gpxtpx:TrackPointExtension>
      <gpxtpx:hr>121</gpxtpx:hr>
     </gpxtpx:TrackPointExtension>
    </extensions>
   </trkpt>
   <trkpt lat="51.5626410" lon="-0.0916440">
    <ele>24.8</ele>
    <time>2024-09-12T18:07:41Z</time>
    <extensions>
     <gpxtpx:TrackPointExtension>
      <gpxtpx:hr>121</gpxtpx:hr>
     </gpxtpx:TrackPointExtension>
    </extensions>
   </trkpt>
   <trkpt lat="51.5626430" lon="-0.0916710">
    <ele>24.8</ele>
    <time>2024-09-12T18:07:42Z</time>
    <extensions>
     <gpxtpx:TrackPointExtension>
      <gpxtpx:hr>122</gpxtpx:hr>
     </gpxtpx:TrackPointExtension>
    </extensions>
   </trkpt>
   <trkpt lat="51.5626470" lon="-0.0917300">
    <ele>24.9</ele>
    <time>2024-09-12T18:07:43Z</time>
    <extensions>
     <gpxtpx:TrackPointExtension>
      <gpxtpx:hr>122</gpxtpx:hr>
     </gpxtpx:TrackPointExtension>
    </extensions>
   </trkpt>
   <trkpt lat="51.5626490" lon="-0.0917490">
    <ele>24.9</ele>
    <time>2024-09-12T18:07:44Z</time>
    <extensions>
     <gpxtpx:TrackPointExtension>
      <gpxtpx:hr>122</gpxtpx:hr>
     </gpxtpx:TrackPointExtension>
    </extensions>
   </trkpt>
   <trkpt lat="51.5626690" lon="-0.0918050">
    <ele>24.9</ele>
    <time>2024-09-12T18:07:45Z</time>
    <extensions>
     <gpxtpx:TrackPointExtension>
      <gpxtpx:hr>122</gpxtpx:hr>
     </gpxtpx:TrackPointExtension>
    </extensions>
   </trkpt>
   <trkpt lat="51.5626810" lon="-0.0918230">
    <ele>24.9</ele>
    <time>2024-09-12T18:07:46Z</time>
    <extensions>
     <gpxtpx:TrackPointExtension>
      <gpxtpx:hr>122</gpxtpx:hr>
     </gpxtpx:TrackPointExtension>
    </extensions>
   </trkpt>
   <trkpt lat="51.5626940" lon="-0.0918410">
    <ele>25.0</ele>
    <time>2024-09-12T18:07:47Z</time>
    <extensions>
     <gpxtpx:TrackPointExtension>
      <gpxtpx:hr>122</gpxtpx:hr>
     </gpxtpx:TrackPointExtension>
    </extensions>
   </trkpt>
   <trkpt lat="51.5627340" lon="-0.0918580">
    <ele>25.0</ele>
    <time>2024-09-12T18:07:48Z</time>
    <extensions>
     <gpxtpx:TrackPointExtension>
      <gpxtpx:hr>122</gpxtpx:hr>
     </gpxtpx:TrackPointExtension>
    </extensions>
   </trkpt>
   <trkpt lat="51.5627470" lon="-0.0918620">
    <ele>25.0</ele>
    <time>2024-09-12T18:07:49Z</time>
    <extensions>
     <gpxtpx:TrackPointExtension>
      <gpxtpx:hr>122</gpxtpx:hr>
     </gpxtpx:TrackPointExtension>
    </extensions>
   </trkpt>
   <trkpt lat="51.5627950" lon="-0.0918800">
    <ele>25.0</ele>
    <time>2024-09-12T18:07:50Z</time>
    <extensions>
     <gpxtpx:TrackPointExtension>
      <gpxtpx:hr>122</gpxtpx:hr>
     </gpxtpx:TrackPointExtension>
    </extensions>
   </trkpt>
   <trkpt lat="51.5628190" lon="-0.0918890">
    <ele>25.1</ele>
    <time>2024-09-12T18:07:51Z</time>
    <extensions>
     <gpxtpx:TrackPointExtension>
      <gpxtpx:hr>122</gpxtpx:hr>
     </gpxtpx:TrackPointExtension>
    </extensions>
   </trkpt>
   <trkpt lat="51.5628430" lon="-0.0918970">
    <ele>25.1</ele>
    <time>2024-09-12T18:07:52Z</time>
    <extensions>
     <gpxtpx:TrackPointExtension>
      <gpxtpx:hr>122</gpxtpx:hr>
     </gpxtpx:TrackPointExtension>
    </extensions>
   </trkpt>
   <trkpt lat="51.5628800" lon="-0.0919100">
    <ele>25.1</ele>
    <time>2024-09-12T18:07:54Z</time>
    <extensions>
     <gpxtpx:TrackPointExtension>
      <gpxtpx:hr>122</gpxtpx:hr>
     </gpxtpx:TrackPointExtension>
    </extensions>
   </trkpt>
   <trkpt lat="51.5628920" lon="-0.0919150">
    <ele>25.1</ele>
    <time>2024-09-12T18:07:55Z</time>
    <extensions>
     <gpxtpx:TrackPointExtension>
      <gpxtpx:hr>122</gpxtpx:hr>
     </gpxtpx:TrackPointExtension>
    </extensions>
   </trkpt>
   <trkpt lat="51.5629300" lon="-0.0919350">
    <ele>25.2</ele>
    <time>2024-09-12T18:07:56Z</time>
    <extensions>
     <gpxtpx:TrackPointExtension>
      <gpxtpx:hr>122</gpxtpx:hr>
     </gpxtpx:TrackPointExtension>
    </extensions>
   </trkpt>
   <trkpt lat="51.5629430" lon="-0.0919420">
    <ele>25.2</ele>
    <time>2024-09-12T18:07:57Z</time>
    <extensions>
     <gpxtpx:TrackPointExtension>
      <gpxtpx:hr>120</gpxtpx:hr>
     </gpxtpx:TrackPointExtension>
    </extensions>
   </trkpt>
   <trkpt lat="51.5629860" lon="-0.0919690">
    <ele>25.3</ele>
    <time>2024-09-12T18:07:58Z</time>
    <extensions>
     <gpxtpx:TrackPointExtension>
      <gpxtpx:hr>120</gpxtpx:hr>
     </gpxtpx:TrackPointExtension>
    </extensions>
   </trkpt>
   <trkpt lat="51.5630040" lon="-0.0919810">
    <ele>25.3</ele>
    <time>2024-09-12T18:07:59Z</time>
    <extensions>
     <gpxtpx:TrackPointExtension>
      <gpxtpx:hr>120</gpxtpx:hr>
     </gpxtpx:TrackPointExtension>
    </extensions>
   </trkpt>
   <trkpt lat="51.5630210" lon="-0.0919920">
    <ele>25.3</ele>
    <time>2024-09-12T18:08:00Z</time>
    <extensions>
     <gpxtpx:TrackPointExtension>
      <gpxtpx:hr>120</gpxtpx:hr>
     </gpxtpx:TrackPointExtension>
    </extensions>
   </trkpt>
   <trkpt lat="51.5630590" lon="-0.0920220">
    <ele>25.4</ele>
    <time>2024-09-12T18:08:01Z</time>
    <extensions>
     <gpxtpx:TrackPointExtension>
      <gpxtpx:hr>120</gpxtpx:hr>
     </gpxtpx:TrackPointExtension>
    </extensions>
   </trkpt>
   <trkpt lat="51.5630710" lon="-0.0920330">
    <ele>25.4</ele>
    <time>2024-09-12T18:08:02Z</time>
    <extensions>
     <gpxtpx:TrackPointExtension>
      <gpxtpx:hr>120</gpxtpx:hr>
     </gpxtpx:TrackPointExtension>
    </extensions>
   </trkpt>
   <trkpt lat="51.5631110" lon="-0.0920650">
    <ele>25.4</ele>
    <time>2024-09-12T18:08:03Z</time>
    <extensions>
     <gpxtpx:TrackPointExtension>
      <gpxtpx:hr>120</gpxtpx:hr>
     </gpxtpx:TrackPointExtension>
    </extensions>
   </trkpt>
   <trkpt lat="51.5631270" lon="-0.0920760">
    <ele>25.5</ele>
    <time>2024-09-12T18:08:04Z</time>
    <extensions>
     <gpxtpx:TrackPointExtension>
      <gpxtpx:hr>120</gpxtpx:hr>
     </gpxtpx:TrackPointExtension>
    </extensions>
   </trkpt>
   <trkpt lat="51.5631430" lon="-0.0920880">
    <ele>25.5</ele>
    <time>2024-09-12T18:08:05Z</time>
    <extensions>
     <gpxtpx:TrackPointExtension>
      <gpxtpx:hr>120</gpxtpx:hr>
     </gpxtpx:TrackPointExtension>
    </extensions>
   </trkpt>
   <trkpt lat="51.5631800" lon="-0.0921150">
    <ele>25.6</ele>
    <time>2024-09-12T18:08:06Z</time>
    <extensions>
     <gpxtpx:TrackPointExtension>
      <gpxtpx:hr>122</gpxtpx:hr>
     </gpxtpx:TrackPointExtension>
    </extensions>
   </trkpt>
   <trkpt lat="51.5631920" lon="-0.0921240">
    <ele>25.6</ele>
    <time>2024-09-12T18:08:07Z</time>
    <extensions>
     <gpxtpx:TrackPointExtension>
      <gpxtpx:hr>122</gpxtpx:hr>
     </gpxtpx:TrackPointExtension>
    </extensions>
   </trkpt>
   <trkpt lat="51.5632360" lon="-0.0921530">
    <ele>25.6</ele>
    <time>2024-09-12T18:08:08Z</time>
    <extensions>
     <gpxtpx:TrackPointExtension>
      <gpxtpx:hr>122</gpxtpx:hr>
     </gpxtpx:TrackPointExtension>
    </extensions>
   </trkpt>
   <trkpt lat="51.5632530" lon="-0.0921650">
    <ele>25.7</ele>
    <time>2024-09-12T18:08:09Z</time>
    <extensions>
     <gpxtpx:TrackPointExtension>
      <gpxtpx:hr>122</gpxtpx:hr>
     </gpxtpx:TrackPointExtension>
    </extensions>
   </trkpt>
   <trkpt lat="51.5632710" lon="-0.0921770">
    <ele>25.7</ele>
    <time>2024-09-12T18:08:10Z</time>
    <extensions>
     <gpxtpx:TrackPointExtension>
      <gpxtpx:hr>122</gpxtpx:hr>
     </gpxtpx:TrackPointExtension>
    </extensions>
   </trkpt>
   <trkpt lat="51.5633100" lon="-0.0922010">
    <ele>25.8</ele>
    <time>2024-09-12T18:08:11Z</time>
    <extensions>
     <gpxtpx:TrackPointExtension>
      <gpxtpx:hr>122</gpxtpx:hr>
     </gpxtpx:TrackPointExtension>
    </extensions>
   </trkpt>
   <trkpt lat="51.5633230" lon="-0.0922080">
    <ele>25.8</ele>
    <time>2024-09-12T18:08:12Z</time>
    <extensions>
     <gpxtpx:TrackPointExtension>
      <gpxtpx:hr>122</gpxtpx:hr>
     </gpxtpx:TrackPointExtension>
    </extensions>
   </trkpt>
   <trkpt lat="51.5633680" lon="-0.0922260">
    <ele>25.9</ele>
    <time>2024-09-12T18:08:13Z</time>
    <extensions>
     <gpxtpx:TrackPointExtension>
      <gpxtpx:hr>122</gpxtpx:hr>
     </gpxtpx:TrackPointExtension>
    </extensions>
   </trkpt>
   <trkpt lat="51.5633870" lon="-0.0922300">
    <ele>25.9</ele>
    <time>2024-09-12T18:08:14Z</time>
    <extensions>
     <gpxtpx:TrackPointExtension>
      <gpxtpx:hr>126</gpxtpx:hr>
     </gpxtpx:TrackPointExtension>
    </extensions>
   </trkpt>
   <trkpt lat="51.5634060" lon="-0.0922350">
    <ele>25.9</ele>
    <time>2024-09-12T18:08:15Z</time>
    <extensions>
     <gpxtpx:TrackPointExtension>
      <gpxtpx:hr>126</gpxtpx:hr>
     </gpxtpx:TrackPointExtension>
    </extensions>
   </trkpt>
   <trkpt lat="51.5634520" lon="-0.0922480">
    <ele>26.0</ele>
    <time>2024-09-12T18:08:16Z</time>
    <extensions>
     <gpxtpx:TrackPointExtension>
      <gpxtpx:hr>127</gpxtpx:hr>
     </gpxtpx:TrackPointExtension>
    </extensions>
   </trkpt>
   <trkpt lat="51.5634710" lon="-0.0922540">
    <ele>26.0</ele>
    <time>2024-09-12T18:08:17Z</time>
    <extensions>
     <gpxtpx:TrackPointExtension>
      <gpxtpx:hr>127</gpxtpx:hr>
     </gpxtpx:TrackPointExtension>
    </extensions>
   </trkpt>
   <trkpt lat="51.5634890" lon="-0.0922590">
    <ele>26.0</ele>
    <time>2024-09-12T18:08:18Z</time>
    <extensions>
     <gpxtpx:TrackPointExtension>
      <gpxtpx:hr>127</gpxtpx:hr>
     </gpxtpx:TrackPointExtension>
    </extensions>
   </trkpt>
   <trkpt lat="51.5635320" lon="-0.0922720">
    <ele>26.1</ele>
    <time>2024-09-12T18:08:19Z</time>
    <extensions>
     <gpxtpx:TrackPointExtension>
      <gpxtpx:hr>127</gpxtpx:hr>
     </gpxtpx:TrackPointExtension>
    </extensions>
   </trkpt>
   <trkpt lat="51.5635460" lon="-0.0922760">
    <ele>26.1</ele>
    <time>2024-09-12T18:08:20Z</time>
    <extensions>
     <gpxtpx:TrackPointExtension>
      <gpxtpx:hr>127</gpxtpx:hr>
     </gpxtpx:TrackPointExtension>
    </extensions>
   </trkpt>
   <trkpt lat="51.5635930" lon="-0.0922900">
    <ele>26.2</ele>
    <time>2024-09-12T18:08:21Z</time>
    <extensions>
     <gpxtpx:TrackPointExtension>
      <gpxtpx:hr>127</gpxtpx:hr>
     </gpxtpx:TrackPointExtension>
    </extensions>
   </trkpt>
   <trkpt lat="51.5636110" lon="-0.0922960">
    <ele>26.2</ele>
    <time>2024-09-12T18:08:22Z</time>
    <extensions>
     <gpxtpx:TrackPointExtension>
      <gpxtpx:hr>127</gpxtpx:hr>
     </gpxtpx:TrackPointExtension>
    </extensions>
   </trkpt>
   <trkpt lat="51.5636300" lon="-0.0923010">
    <ele>26.2</ele>
    <time>2024-09-12T18:08:23Z</time>
    <extensions>
     <gpxtpx:TrackPointExtension>
      <gpxtpx:hr>126</gpxtpx:hr>
     </gpxtpx:TrackPointExtension>
    </extensions>
   </trkpt>
   <trkpt lat="51.5636710" lon="-0.0923130">
    <ele>26.3</ele>
    <time>2024-09-12T18:08:24Z</time>
    <extensions>
     <gpxtpx:TrackPointExtension>
      <gpxtpx:hr>126</gpxtpx:hr>
     </gpxtpx:TrackPointExtension>
    </extensions>
   </trkpt>
   <trkpt lat="51.5636840" lon="-0.0923170">
    <ele>26.3</ele>
    <time>2024-09-12T18:08:25Z</time>
    <extensions>
     <gpxtpx:TrackPointExtension>
      <gpxtpx:hr>126</gpxtpx:hr>
     </gpxtpx:TrackPointExtension>
    </extensions>
   </trkpt>
   <trkpt lat="51.5637290" lon="-0.0923310">
    <ele>26.3</ele>
    <time>2024-09-12T18:08:26Z</time>
    <extensions>
     <gpxtpx:TrackPointExtension>
      <gpxtpx:hr>126</gpxtpx:hr>
     </gpxtpx:TrackPointExtension>
    </extensions>
   </trkpt>
   <trkpt lat="51.5637470" lon="-0.0923360">
    <ele>26.4</ele>
    <time>2024-09-12T18:08:27Z</time>
    <extensions>
     <gpxtpx:TrackPointExtension>
      <gpxtpx:hr>126</gpxtpx:hr>
     </gpxtpx:TrackPointExtension>
    </extensions>
   </trkpt>
   <trkpt lat="51.5637650" lon="-0.0923410">
    <ele>26.4</ele>
    <time>2024-09-12T18:08:28Z</time>
    <extensions>
     <gpxtpx:TrackPointExtension>
      <gpxtpx:hr>126</gpxtpx:hr>
     </gpxtpx:TrackPointExtension>
    </extensions>
   </trkpt>
   <trkpt lat="51.5638040" lon="-0.0923530">
    <ele>26.5</ele>
    <time>2024-09-12T18:08:29Z</time>
    <extensions>
     <gpxtpx:TrackPointExtension>
      <gpxtpx:hr>126</gpxtpx:hr>
     </gpxtpx:TrackPointExtension>
    </extensions>
   </trkpt>
   <trkpt lat="51.5638170" lon="-0.0923570">
    <ele>26.5</ele>
    <time>2024-09-12T18:08:30Z</time>
    <extensions>
     <gpxtpx:TrackPointExtension>
      <gpxtpx:hr>127</gpxtpx:hr>
     </gpxtpx:TrackPointExtension>
    </extensions>
   </trkpt>
   <trkpt lat="51.5638590" lon="-0.0923690">
    <ele>26.5</ele>
    <time>2024-09-12T18:08:31Z</time>
    <extensions>
     <gpxtpx:TrackPointExtension>
      <gpxtpx:hr>127</gpxtpx:hr>
     </gpxtpx:TrackPointExtension>
    </extensions>
   </trkpt>
   <trkpt lat="51.5638760" lon="-0.0923740">
    <ele>26.6</ele>
    <time>2024-09-12T18:08:32Z</time>
    <extensions>
     <gpxtpx:TrackPointExtension>
      <gpxtpx:hr>127</gpxtpx:hr>
     </gpxtpx:TrackPointExtension>
    </extensions>
   </trkpt>
   <trkpt lat="51.5638920" lon="-0.0923790">
    <ele>26.6</ele>
    <time>2024-09-12T18:08:33Z</time>
    <extensions>
     <gpxtpx:TrackPointExtension>
      <gpxtpx:hr>127</gpxtpx:hr>
     </gpxtpx:TrackPointExtension>
    </extensions>
   </trkpt>
   <trkpt lat="51.5639250" lon="-0.0923880">
    <ele>26.6</ele>
    <time>2024-09-12T18:08:34Z</time>
    <extensions>
     <gpxtpx:TrackPointExtension>
      <gpxtpx:hr>127</gpxtpx:hr>
     </gpxtpx:TrackPointExtension>
    </extensions>
   </trkpt>
   <trkpt lat="51.5639360" lon="-0.0923910">
    <ele>26.7</ele>
    <time>2024-09-12T18:08:35Z</time>
    <extensions>
     <gpxtpx:TrackPointExtension>
      <gpxtpx:hr>127</gpxtpx:hr>
     </gpxtpx:TrackPointExtension>
    </extensions>
   </trkpt>
   <trkpt lat="51.5639560" lon="-0.0923970">
    <ele>26.7</ele>
    <time>2024-09-12T18:08:36Z</time>
    <extensions>
     <gpxtpx:TrackPointExtension>
      <gpxtpx:hr>127</gpxtpx:hr>
     </gpxtpx:TrackPointExtension>
    </extensions>
   </trkpt>
   <trkpt lat="51.5639760" lon="-0.0924040">
    <ele>26.7</ele>
    <time>2024-09-12T18:08:37Z</time>
    <extensions>
     <gpxtpx:TrackPointExtension>
      <gpxtpx:hr>127</gpxtpx:hr>
     </gpxtpx:TrackPointExtension>
    </extensions>
   </trkpt>
   <trkpt lat="51.5639970" lon="-0.0924120">
    <ele>26.8</ele>
    <time>2024-09-12T18:08:38Z</time>
    <extensions>
     <gpxtpx:TrackPointExtension>
      <gpxtpx:hr>125</gpxtpx:hr>
     </gpxtpx:TrackPointExtension>
    </extensions>
   </trkpt>
   <trkpt lat="51.5640380" lon="-0.0924300">
    <ele>26.8</ele>
    <time>2024-09-12T18:08:39Z</time>
    <extensions>
     <gpxtpx:TrackPointExtension>
      <gpxtpx:hr>125</gpxtpx:hr>
     </gpxtpx:TrackPointExtension>
    </extensions>
   </trkpt>
   <trkpt lat="51.5640550" lon="-0.0924380">
    <ele>26.9</ele>
    <time>2024-09-12T18:08:40Z</time>
    <extensions>
     <gpxtpx:TrackPointExtension>
      <gpxtpx:hr>125</gpxtpx:hr>
     </gpxtpx:TrackPointExtension>
    </extensions>
   </trkpt>
   <trkpt lat="51.5640710" lon="-0.0924460">
    <ele>26.9</ele>
    <time>2024-09-12T18:08:41Z</time>
    <extensions>
     <gpxtpx:TrackPointExtension>
      <gpxtpx:hr>125</gpxtpx:hr>
     </gpxtpx:TrackPointExtension>
    </extensions>
   </trkpt>
   <trkpt lat="51.5641090" lon="-0.0924660">
    <ele>27.0</ele>
    <time>2024-09-12T18:08:42Z</time>
    <extensions>
     <gpxtpx:TrackPointExtension>
      <gpxtpx:hr>125</gpxtpx:hr>
     </gpxtpx:TrackPointExtension>
    </extensions>
   </trkpt>
   <trkpt lat="51.5641220" lon="-0.0924730">
    <ele>27.0</ele>
    <time>2024-09-12T18:08:43Z</time>
    <extensions>
     <gpxtpx:TrackPointExtension>
      <gpxtpx:hr>124</gpxtpx:hr>
     </gpxtpx:TrackPointExtension>
    </extensions>
   </trkpt>
   <trkpt lat="51.5641630" lon="-0.0924960">
    <ele>27.1</ele>
    <time>2024-09-12T18:08:44Z</time>
    <extensions>
     <gpxtpx:TrackPointExtension>
      <gpxtpx:hr>124</gpxtpx:hr>
     </gpxtpx:TrackPointExtension>
    </extensions>
   </trkpt>
   <trkpt lat="51.5641800" lon="-0.0925050">
    <ele>27.1</ele>
    <time>2024-09-12T18:08:45Z</time>
    <extensions>
     <gpxtpx:TrackPointExtension>
      <gpxtpx:hr>124</gpxtpx:hr>
     </gpxtpx:TrackPointExtension>
    </extensions>
   </trkpt>
   <trkpt lat="51.5641960" lon="-0.0925150">
    <ele>27.1</ele>
    <time>2024-09-12T18:08:46Z</time>
    <extensions>
     <gpxtpx:TrackPointExtension>
      <gpxtpx:hr>124</gpxtpx:hr>
     </gpxtpx:TrackPointExtension>
    </extensions>
   </trkpt>
   <trkpt lat="51.5642340" lon="-0.0925370">
    <ele>27.2</ele>
    <time>2024-09-12T18:08:47Z</time>
    <extensions>
     <gpxtpx:TrackPointExtension>
      <gpxtpx:hr>124</gpxtpx:hr>
     </gpxtpx:TrackPointExtension>
    </extensions>
   </trkpt>
   <trkpt lat="51.5642470" lon="-0.0925450">
    <ele>27.2</ele>
    <time>2024-09-12T18:08:48Z</time>
    <extensions>
     <gpxtpx:TrackPointExtension>
      <gpxtpx:hr>124</gpxtpx:hr>
     </gpxtpx:TrackPointExtension>
    </extensions>
   </trkpt>
   <trkpt lat="51.5642890" lon="-0.0925710">
    <ele>27.3</ele>
    <time>2024-09-12T18:08:49Z</time>
    <extensions>
     <gpxtpx:TrackPointExtension>
      <gpxtpx:hr>124</gpxtpx:hr>
     </gpxtpx:TrackPointExtension>
    </extensions>
   </trkpt>
   <trkpt lat="51.5643060" lon="-0.0925820">
    <ele>27.3</ele>
    <time>2024-09-12T18:08:50Z</time>
    <extensions>
     <gpxtpx:TrackPointExtension>
      <gpxtpx:hr>124</gpxtpx:hr>
     </gpxtpx:TrackPointExtension>
    </extensions>
   </trkpt>
   <trkpt lat="51.5643230" lon="-0.0925920">
    <ele>27.4</ele>
    <time>2024-09-12T18:08:51Z</time>
    <extensions>
     <gpxtpx:TrackPointExtension>
      <gpxtpx:hr>124</gpxtpx:hr>
     </gpxtpx:TrackPointExtension>
    </extensions>
   </trkpt>
   <trkpt lat="51.5643610" lon="-0.0926160">
    <ele>27.5</ele>
    <time>2024-09-12T18:08:52Z</time>
    <extensions>
     <gpxtpx:TrackPointExtension>
      <gpxtpx:hr>124</gpxtpx:hr>
     </gpxtpx:TrackPointExtension>
    </extensions>
   </trkpt>
   <trkpt lat="51.5643730" lon="-0.0926250">
    <ele>27.5</ele>
    <time>2024-09-12T18:08:53Z</time>
    <extensions>
     <gpxtpx:TrackPointExtension>
      <gpxtpx:hr>124</gpxtpx:hr>
     </gpxtpx:TrackPointExtension>
    </extensions>
   </trkpt>
   <trkpt lat="51.5644150" lon="-0.0926520">
    <ele>27.6</ele>
    <time>2024-09-12T18:08:54Z</time>
    <extensions>
     <gpxtpx:TrackPointExtension>
      <gpxtpx:hr>124</gpxtpx:hr>
     </gpxtpx:TrackPointExtension>
    </extensions>
   </trkpt>
   <trkpt lat="51.5644320" lon="-0.0926620">
    <ele>27.6</ele>
    <time>2024-09-12T18:08:55Z</time>
    <extensions>
     <gpxtpx:TrackPointExtension>
      <gpxtpx:hr>124</gpxtpx:hr>
     </gpxtpx:TrackPointExtension>
    </extensions>
   </trkpt>
   <trkpt lat="51.5644480" lon="-0.0926730">
    <ele>27.6</ele>
    <time>2024-09-12T18:08:56Z</time>
    <extensions>
     <gpxtpx:TrackPointExtension>
      <gpxtpx:hr>125</gpxtpx:hr>
     </gpxtpx:TrackPointExtension>
    </extensions>
   </trkpt>
   <trkpt lat="51.5644840" lon="-0.0926970">
    <ele>27.7</ele>
    <time>2024-09-12T18:08:57Z</time>
    <extensions>
     <gpxtpx:TrackPointExtension>
      <gpxtpx:hr>125</gpxtpx:hr>
     </gpxtpx:TrackPointExtension>
    </extensions>
   </trkpt>
   <trkpt lat="51.5644960" lon="-0.0927050">
    <ele>27.7</ele>
    <time>2024-09-12T18:08:58Z</time>
    <extensions>
     <gpxtpx:TrackPointExtension>
      <gpxtpx:hr>125</gpxtpx:hr>
     </gpxtpx:TrackPointExtension>
    </extensions>
   </trkpt>
   <trkpt lat="51.5645360" lon="-0.0927310">
    <ele>27.8</ele>
    <time>2024-09-12T18:08:59Z</time>
    <extensions>
     <gpxtpx:TrackPointExtension>
      <gpxtpx:hr>125</gpxtpx:hr>
     </gpxtpx:TrackPointExtension>
    </extensions>
   </trkpt>
   <trkpt lat="51.5645520" lon="-0.0927410">
    <ele>27.8</ele>
    <time>2024-09-12T18:09:00Z</time>
    <extensions>
     <gpxtpx:TrackPointExtension>
      <gpxtpx:hr>125</gpxtpx:hr>
     </gpxtpx:TrackPointExtension>
    </extensions>
   </trkpt>
   <trkpt lat="51.5645680" lon="-0.0927510">
    <ele>27.9</ele>
    <time>2024-09-12T18:09:01Z</time>
    <extensions>
     <gpxtpx:TrackPointExtension>
      <gpxtpx:hr>125</gpxtpx:hr>
     </gpxtpx:TrackPointExtension>
    </extensions>
   </trkpt>
   <trkpt lat="51.5646090" lon="-0.0927780">
    <ele>28.0</ele>
    <time>2024-09-12T18:09:02Z</time>
    <extensions>
     <gpxtpx:TrackPointExtension>
      <gpxtpx:hr>124</gpxtpx:hr>
     </gpxtpx:TrackPointExtension>
    </extensions>
   </trkpt>
   <trkpt lat="51.5646250" lon="-0.0927890">
    <ele>28.0</ele>
    <time>2024-09-12T18:09:03Z</time>
    <extensions>
     <gpxtpx:TrackPointExtension>
      <gpxtpx:hr>124</gpxtpx:hr>
     </gpxtpx:TrackPointExtension>
    </extensions>
   </trkpt>
   <trkpt lat="51.5646410" lon="-0.0927990">
    <ele>28.0</ele>
    <time>2024-09-12T18:09:04Z</time>
    <extensions>
     <gpxtpx:TrackPointExtension>
      <gpxtpx:hr>124</gpxtpx:hr>
     </gpxtpx:TrackPointExtension>
    </extensions>
   </trkpt>
   <trkpt lat="51.5646780" lon="-0.0928240">
    <ele>28.1</ele>
    <time>2024-09-12T18:09:05Z</time>
    <extensions>
     <gpxtpx:TrackPointExtension>
      <gpxtpx:hr>124</gpxtpx:hr>
     </gpxtpx:TrackPointExtension>
    </extensions>
   </trkpt>
   <trkpt lat="51.5646910" lon="-0.0928320">
    <ele>28.2</ele>
    <time>2024-09-12T18:09:06Z</time>
    <extensions>
     <gpxtpx:TrackPointExtension>
      <gpxtpx:hr>124</gpxtpx:hr>
     </gpxtpx:TrackPointExtension>
    </extensions>
   </trkpt>
   <trkpt lat="51.5647320" lon="-0.0928590">
    <ele>28.3</ele>
    <time>2024-09-12T18:09:07Z</time>
    <extensions>
     <gpxtpx:TrackPointExtension>
      <gpxtpx:hr>124</gpxtpx:hr>
     </gpxtpx:TrackPointExtension>
    </extensions>
   </trkpt>
   <trkpt lat="51.5647480" lon="-0.0928700">
    <ele>28.3</ele>
    <time>2024-09-12T18:09:08Z</time>
    <extensions>
     <gpxtpx:TrackPointExtension>
      <gpxtpx:hr>125</gpxtpx:hr>
     </gpxtpx:TrackPointExtension>
    </extensions>
   </trkpt>
   <trkpt lat="51.5647650" lon="-0.0928810">
    <ele>28.3</ele>
    <time>2024-09-12T18:09:09Z</time>
    <extensions>
     <gpxtpx:TrackPointExtension>
      <gpxtpx:hr>125</gpxtpx:hr>
     </gpxtpx:TrackPointExtension>
    </extensions>
   </trkpt>
   <trkpt lat="51.5648010" lon="-0.0929060">
    <ele>28.4</ele>
    <time>2024-09-12T18:09:10Z</time>
    <extensions>
     <gpxtpx:TrackPointExtension>
      <gpxtpx:hr>125</gpxtpx:hr>
     </gpxtpx:TrackPointExtension>
    </extensions>
   </trkpt>
   <trkpt lat="51.5648130" lon="-0.0929140">
    <ele>28.5</ele>
    <time>2024-09-12T18:09:11Z</time>
    <extensions>
     <gpxtpx:TrackPointExtension>
      <gpxtpx:hr>125</gpxtpx:hr>
     </gpxtpx:TrackPointExtension>
    </extensions>
   </trkpt>
   <trkpt lat="51.5648520" lon="-0.0929400">
    <ele>28.6</ele>
    <time>2024-09-12T18:09:12Z</time>
    <extensions>
     <gpxtpx:TrackPointExtension>
      <gpxtpx:hr>125</gpxtpx:hr>
     </gpxtpx:TrackPointExtension>
    </extensions>
   </trkpt>
   <trkpt lat="51.5648680" lon="-0.0929510">
    <ele>28.6</ele>
    <time>2024-09-12T18:09:13Z</time>
    <extensions>
     <gpxtpx:TrackPointExtension>
      <gpxtpx:hr>125</gpxtpx:hr>
     </gpxtpx:TrackPointExtension>
    </extensions>
   </trkpt>
   <trkpt lat="51.5648840" lon="-0.0929610">
    <ele>28.7</ele>
    <time>2024-09-12T18:09:14Z</time>
    <extensions>
     <gpxtpx:TrackPointExtension>
      <gpxtpx:hr>126</gpxtpx:hr>
     </gpxtpx:TrackPointExtension>
    </extensions>
   </trkpt>
   <trkpt lat="51.5649190" lon="-0.0929850">
    <ele>28.8</ele>
    <time>2024-09-12T18:09:15Z</time>
    <extensions>
     <gpxtpx:TrackPointExtension>
      <gpxtpx:hr>126</gpxtpx:hr>
     </gpxtpx:TrackPointExtension>
    </extensions>
   </trkpt>
   <trkpt lat="51.5649300" lon="-0.0929930">
    <ele>28.8</ele>
    <time>2024-09-12T18:09:16Z</time>
    <extensions>
     <gpxtpx:TrackPointExtension>
      <gpxtpx:hr>126</gpxtpx:hr>
     </gpxtpx:TrackPointExtension>
    </extensions>
   </trkpt>
   <trkpt lat="51.5649690" lon="-0.0930190">
    <ele>28.9</ele>
    <time>2024-09-12T18:09:17Z</time>
    <extensions>
     <gpxtpx:TrackPointExtension>
      <gpxtpx:hr>126</gpxtpx:hr>
     </gpxtpx:TrackPointExtension>
    </extensions>
   </trkpt>
   <trkpt lat="51.5649850" lon="-0.0930300">
    <ele>28.9</ele>
    <time>2024-09-12T18:09:18Z</time>
    <extensions>
     <gpxtpx:TrackPointExtension>
      <gpxtpx:hr>126</gpxtpx:hr>
     </gpxtpx:TrackPointExtension>
    </extensions>
   </trkpt>
   <trkpt lat="51.5650010" lon="-0.0930400">
    <ele>29.0</ele>
    <time>2024-09-12T18:09:19Z</time>
    <extensions>
     <gpxtpx:TrackPointExtension>
      <gpxtpx:hr>126</gpxtpx:hr>
     </gpxtpx:TrackPointExtension>
    </extensions>
   </trkpt>
   <trkpt lat="51.5650360" lon="-0.0930640">
    <ele>29.1</ele>
    <time>2024-09-12T18:09:20Z</time>
    <extensions>
     <gpxtpx:TrackPointExtension>
      <gpxtpx:hr>126</gpxtpx:hr>
     </gpxtpx:TrackPointExtension>
    </extensions>
   </trkpt>
   <trkpt lat="51.5650480" lon="-0.0930720">
    <ele>29.1</ele>
    <time>2024-09-12T18:09:21Z</time>
    <extensions>
     <gpxtpx:TrackPointExtension>
      <gpxtpx:hr>126</gpxtpx:hr>
     </gpxtpx:TrackPointExtension>
    </extensions>
   </trkpt>
   <trkpt lat="51.5650870" lon="-0.0930980">
    <ele>29.2</ele>
    <time>2024-09-12T18:09:22Z</time>
    <extensions>
     <gpxtpx:TrackPointExtension>
      <gpxtpx:hr>126</gpxtpx:hr>
     </gpxtpx:TrackPointExtension>
    </extensions>
   </trkpt>
   <trkpt lat="51.5651030" lon="-0.0931080">
    <ele>29.3</ele>
    <time>2024-09-12T18:09:23Z</time>
    <extensions>
     <gpxtpx:TrackPointExtension>
      <gpxtpx:hr>125</gpxtpx:hr>
     </gpxtpx:TrackPointExtension>
    </extensions>
   </trkpt>
   <trkpt lat="51.5651190" lon="-0.0931180">
    <ele>29.3</ele>
    <time>2024-09-12T18:09:24Z</time>
    <extensions>
     <gpxtpx:TrackPointExtension>
      <gpxtpx:hr>125</gpxtpx:hr>
     </gpxtpx:TrackPointExtension>
    </extensions>
   </trkpt>
   <trkpt lat="51.5651540" lon="-0.0931410">
    <ele>29.4</ele>
    <time>2024-09-12T18:09:25Z</time>
    <extensions>
     <gpxtpx:TrackPointExtension>
      <gpxtpx:hr>125</gpxtpx:hr>
     </gpxtpx:TrackPointExtension>
    </extensions>
   </trkpt>
   <trkpt lat="51.5651660" lon="-0.0931480">
    <ele>29.5</ele>
    <time>2024-09-12T18:09:26Z</time>
    <extensions>
     <gpxtpx:TrackPointExtension>
      <gpxtpx:hr>125</gpxtpx:hr>
     </gpxtpx:TrackPointExtension>
    </extensions>
   </trkpt>
   <trkpt lat="51.5652070" lon="-0.0931720">
    <ele>29.6</ele>
    <time>2024-09-12T18:09:27Z</time>
    <extensions>
     <gpxtpx:TrackPointExtension>
      <gpxtpx:hr>125</gpxtpx:hr>
     </gpxtpx:TrackPointExtension>
    </extensions>
   </trkpt>
   <trkpt lat="51.5652230" lon="-0.0931820">
    <ele>29.6</ele>
    <time>2024-09-12T18:09:28Z</time>
    <extensions>
     <gpxtpx:TrackPointExtension>
      <gpxtpx:hr>125</gpxtpx:hr>
     </gpxtpx:TrackPointExtension>
    </extensions>
   </trkpt>
   <trkpt lat="51.5652390" lon="-0.0931920">
    <ele>29.7</ele>
    <time>2024-09-12T18:09:29Z</time>
    <extensions>
     <gpxtpx:TrackPointExtension>
      <gpxtpx:hr>127</gpxtpx:hr>
     </gpxtpx:TrackPointExtension>
    </extensions>
   </trkpt>
   <trkpt lat="51.5652800" lon="-0.0932150">
    <ele>29.8</ele>
    <time>2024-09-12T18:09:30Z</time>
    <extensions>
     <gpxtpx:TrackPointExtension>
      <gpxtpx:hr>127</gpxtpx:hr>
     </gpxtpx:TrackPointExtension>
    </extensions>
   </trkpt>
   <trkpt lat="51.5652960" lon="-0.0932230">
    <ele>29.8</ele>
    <time>2024-09-12T18:09:31Z</time>
    <extensions>
     <gpxtpx:TrackPointExtension>
      <gpxtpx:hr>127</gpxtpx:hr>
     </gpxtpx:TrackPointExtension>
    </extensions>
   </trkpt>
   <trkpt lat="51.5653120" lon="-0.0932320">
    <ele>29.8</ele>
    <time>2024-09-12T18:09:32Z</time>
    <extensions>
     <gpxtpx:TrackPointExtension>
      <gpxtpx:hr>127</gpxtpx:hr>
     </gpxtpx:TrackPointExtension>
    </extensions>
   </trkpt>
   <trkpt lat="51.5653490" lon="-0.0932510">
    <ele>29.9</ele>
    <time>2024-09-12T18:09:33Z</time>
    <extensions>
     <gpxtpx:TrackPointExtension>
      <gpxtpx:hr>127</gpxtpx:hr>
     </gpxtpx:TrackPointExtension>
    </extensions>
   </trkpt>
   <trkpt lat="51.5653610" lon="-0.0932570">
    <ele>30.0</ele>
    <time>2024-09-12T18:09:34Z</time>
    <extensions>
     <gpxtpx:TrackPointExtension>
      <gpxtpx:hr>127</gpxtpx:hr>
     </gpxtpx:TrackPointExtension>
    </extensions>
   </trkpt>
   <trkpt lat="51.5654010" lon="-0.0932750">
    <ele>30.1</ele>
    <time>2024-09-12T18:09:35Z</time>
    <extensions>
     <gpxtpx:TrackPointExtension>
      <gpxtpx:hr>129</gpxtpx:hr>
     </gpxtpx:TrackPointExtension>
    </extensions>
   </trkpt>
   <trkpt lat="51.5654170" lon="-0.0932810">
    <ele>30.1</ele>
    <time>2024-09-12T18:09:36Z</time>
    <extensions>
     <gpxtpx:TrackPointExtension>
      <gpxtpx:hr>129</gpxtpx:hr>
     </gpxtpx:TrackPointExtension>
    </extensions>
   </trkpt>
   <trkpt lat="51.5654330" lon="-0.0932880">
    <ele>30.2</ele>
    <time>2024-09-12T18:09:37Z</time>
    <extensions>
     <gpxtpx:TrackPointExtension>
      <gpxtpx:hr>129</gpxtpx:hr>
     </gpxtpx:TrackPointExtension>
    </extensions>
   </trkpt>
   <trkpt lat="51.5654670" lon="-0.0932970">
    <ele>30.3</ele>
    <time>2024-09-12T18:09:38Z</time>
    <extensions>
     <gpxtpx:TrackPointExtension>
      <gpxtpx:hr>129</gpxtpx:hr>
     </gpxtpx:TrackPointExtension>
    </extensions>
   </trkpt>
   <trkpt lat="51.5654780" lon="-0.0932980">
    <ele>30.3</ele>
    <time>2024-09-12T18:09:39Z</time>
    <extensions>
     <gpxtpx:TrackPointExtension>
      <gpxtpx:hr>129</gpxtpx:hr>
     </gpxtpx:TrackPointExtension>
    </extensions>
   </trkpt>
   <trkpt lat="51.5655130" lon="-0.0932870">
    <ele>30.4</ele>
    <time>2024-09-12T18:09:40Z</time>
    <extensions>
     <gpxtpx:TrackPointExtension>
      <gpxtpx:hr>129</gpxtpx:hr>
     </gpxtpx:TrackPointExtension>
    </extensions>
   </trkpt>
   <trkpt lat="51.5655260" lon="-0.0932770">
    <ele>30.4</ele>
    <time>2024-09-12T18:09:41Z</time>
    <extensions>
     <gpxtpx:TrackPointExtension>
      <gpxtpx:hr>129</gpxtpx:hr>
     </gpxtpx:TrackPointExtension>
    </extensions>
   </trkpt>
   <trkpt lat="51.5655400" lon="-0.0932660">
    <ele>30.4</ele>
    <time>2024-09-12T18:09:42Z</time>
    <extensions>
     <gpxtpx:TrackPointExtension>
      <gpxtpx:hr>129</gpxtpx:hr>
     </gpxtpx:TrackPointExtension>
    </extensions>
   </trkpt>
   <trkpt lat="51.5655620" lon="-0.0932170">
    <ele>30.5</ele>
    <time>2024-09-12T18:09:43Z</time>
    <extensions>
     <gpxtpx:TrackPointExtension>
      <gpxtpx:hr>129</gpxtpx:hr>
     </gpxtpx:TrackPointExtension>
    </extensions>
   </trkpt>
   <trkpt lat="51.5655680" lon="-0.0931980">
    <ele>30.5</ele>
    <time>2024-09-12T18:09:44Z</time>
    <extensions>
     <gpxtpx:TrackPointExtension>
      <gpxtpx:hr>129</gpxtpx:hr>
     </gpxtpx:TrackPointExtension>
    </extensions>
   </trkpt>
   <trkpt lat="51.5655840" lon="-0.0931220">
    <ele>30.6</ele>
    <time>2024-09-12T18:09:45Z</time>
    <extensions>
     <gpxtpx:TrackPointExtension>
      <gpxtpx:hr>129</gpxtpx:hr>
     </gpxtpx:TrackPointExtension>
    </extensions>
   </trkpt>
   <trkpt lat="51.5655910" lon="-0.0930910">
    <ele>30.6</ele>
    <time>2024-09-12T18:09:46Z</time>
    <extensions>
     <gpxtpx:TrackPointExtension>
      <gpxtpx:hr>129</gpxtpx:hr>
     </gpxtpx:TrackPointExtension>
    </extensions>
   </trkpt>
   <trkpt lat="51.5655970" lon="-0.0930610">
    <ele>30.7</ele>
    <time>2024-09-12T18:09:47Z</time>
    <extensions>
     <gpxtpx:TrackPointExtension>
      <gpxtpx:hr>129</gpxtpx:hr>
     </gpxtpx:TrackPointExtension>
    </extensions>
   </trkpt>
   <trkpt lat="51.5656140" lon="-0.0929970">
    <ele>30.7</ele>
    <time>2024-09-12T18:09:48Z</time>
    <extensions>
     <gpxtpx:TrackPointExtension>
      <gpxtpx:hr>131</gpxtpx:hr>
     </gpxtpx:TrackPointExtension>
    </extensions>
   </trkpt>
   <trkpt lat="51.5656200" lon="-0.0929760">
    <ele>30.7</ele>
    <time>2024-09-12T18:09:49Z</time>
    <extensions>
     <gpxtpx:TrackPointExtension>
      <gpxtpx:hr>131</gpxtpx:hr>
     </gpxtpx:TrackPointExtension>
    </extensions>
   </trkpt>
   <trkpt lat="51.5656390" lon="-0.0929080">
    <ele>30.7</ele>
    <time>2024-09-12T18:09:50Z</time>
    <extensions>
     <gpxtpx:TrackPointExtension>
      <gpxtpx:hr>131</gpxtpx:hr>
     </gpxtpx:TrackPointExtension>
    </extensions>
   </trkpt>
   <trkpt lat="51.5656460" lon="-0.0928820">
    <ele>30.8</ele>
    <time>2024-09-12T18:09:51Z</time>
    <extensions>
     <gpxtpx:TrackPointExtension>
      <gpxtpx:hr>131</gpxtpx:hr>
     </gpxtpx:TrackPointExtension>
    </extensions>
   </trkpt>
   <trkpt lat="51.5656530" lon="-0.0928550">
    <ele>30.8</ele>
    <time>2024-09-12T18:09:52Z</time>
    <extensions>
     <gpxtpx:TrackPointExtension>
      <gpxtpx:hr>131</gpxtpx:hr>
     </gpxtpx:TrackPointExtension>
    </extensions>
   </trkpt>
   <trkpt lat="51.5656720" lon="-0.0927910">
    <ele>30.8</ele>
    <time>2024-09-12T18:09:53Z</time>
    <extensions>
     <gpxtpx:TrackPointExtension>
      <gpxtpx:hr>131</gpxtpx:hr>
     </gpxtpx:TrackPointExtension>
    </extensions>
   </trkpt>
   <trkpt lat="51.5656800" lon="-0.0927660">
    <ele>30.8</ele>
    <time>2024-09-12T18:09:54Z</time>
    <extensions>
     <gpxtpx:TrackPointExtension>
      <gpxtpx:hr>131</gpxtpx:hr>
     </gpxtpx:TrackPointExtension>
    </extensions>
   </trkpt>
   <trkpt lat="51.5656880" lon="-0.0927400">
    <ele>30.8</ele>
    <time>2024-09-12T18:09:55Z</time>
    <extensions>
     <gpxtpx:TrackPointExtension>
      <gpxtpx:hr>129</gpxtpx:hr>
     </gpxtpx:TrackPointExtension>
    </extensions>
   </trkpt>
   <trkpt lat="51.5657060" lon="-0.0926840">
    <ele>30.8</ele>
    <time>2024-09-12T18:09:56Z</time>
    <extensions>
     <gpxtpx:TrackPointExtension>
      <gpxtpx:hr>129</gpxtpx:hr>
     </gpxtpx:TrackPointExtension>
    </extensions>
   </trkpt>
   <trkpt lat="51.5657120" lon="-0.0926650">
    <ele>30.8</ele>
    <time>2024-09-12T18:09:57Z</time>
    <extensions>
     <gpxtpx:TrackPointExtension>
      <gpxtpx:hr>129</gpxtpx:hr>
     </gpxtpx:TrackPointExtension>
    </extensions>
   </trkpt>
   <trkpt lat="51.5657330" lon="-0.0926000">
    <ele>30.8</ele>
    <time>2024-09-12T18:09:58Z</time>
    <extensions>
     <gpxtpx:TrackPointExtension>
      <gpxtpx:hr>129</gpxtpx:hr>
     </gpxtpx:TrackPointExtension>
    </extensions>
   </trkpt>
   <trkpt lat="51.5657410" lon="-0.0925750">
    <ele>30.8</ele>
    <time>2024-09-12T18:09:59Z</time>
    <extensions>
     <gpxtpx:TrackPointExtension>
      <gpxtpx:hr>129</gpxtpx:hr>
     </gpxtpx:TrackPointExtension>
    </extensions>
   </trkpt>
   <trkpt lat="51.5657490" lon="-0.0925490">
    <ele>30.8</ele>
    <time>2024-09-12T18:10:00Z</time>
    <extensions>
     <gpxtpx:TrackPointExtension>
      <gpxtpx:hr>129</gpxtpx:hr>
     </gpxtpx:TrackPointExtension>
    </extensions>
   </trkpt>
   <trkpt lat="51.5657670" lon="-0.0924900">
    <ele>30.8</ele>
    <time>2024-09-12T18:10:01Z</time>
    <extensions>
     <gpxtpx:TrackPointExtension>
      <gpxtpx:hr>129</gpxtpx:hr>
     </gpxtpx:TrackPointExtension>
    </extensions>
   </trkpt>
   <trkpt lat="51.5657730" lon="-0.0924700">
    <ele>30.8</ele>
    <time>2024-09-12T18:10:02Z</time>
    <extensions>
     <gpxtpx:TrackPointExtension>
      <gpxtpx:hr>129</gpxtpx:hr>
     </gpxtpx:TrackPointExtension>
    </extensions>
   </trkpt>
   <trkpt lat="51.5657930" lon="-0.0924100">
    <ele>30.8</ele>
    <time>2024-09-12T18:10:03Z</time>
    <extensions>
     <gpxtpx:TrackPointExtension>
      <gpxtpx:hr>131</gpxtpx:hr>
     </gpxtpx:TrackPointExtension>
    </extensions>
   </trkpt>
   <trkpt lat="51.5658010" lon="-0.0923870">
    <ele>30.8</ele>
    <time>2024-09-12T18:10:04Z</time>
    <extensions>
     <gpxtpx:TrackPointExtension>
      <gpxtpx:hr>131</gpxtpx:hr>
     </gpxtpx:TrackPointExtension>
    </extensions>
   </trkpt>
   <trkpt lat="51.5658080" lon="-0.0923640">
    <ele>30.8</ele>
    <time>2024-09-12T18:10:05Z</time>
    <extensions>
     <gpxtpx:TrackPointExtension>
      <gpxtpx:hr>131</gpxtpx:hr>
     </gpxtpx:TrackPointExtension>
    </extensions>
   </trkpt>
   <trkpt lat="51.5658270" lon="-0.0923230">
    <ele>30.8</ele>
    <time>2024-09-12T18:10:06Z</time>
    <extensions>
     <gpxtpx:TrackPointExtension>
      <gpxtpx:hr>131</gpxtpx:hr>
     </gpxtpx:TrackPointExtension>
    </extensions>
   </trkpt>
   <trkpt lat="51.5658330" lon="-0.0923110">
    <ele>30.8</ele>
    <time>2024-09-12T18:10:07Z</time>
    <extensions>
     <gpxtpx:TrackPointExtension>
      <gpxtpx:hr>131</gpxtpx:hr>
     </gpxtpx:TrackPointExtension>
    </extensions>
   </trkpt>
   <trkpt lat="51.5658490" lon="-0.0922980">
    <ele>30.8</ele>
    <time>2024-09-12T18:10:08Z</time>
    <extensions>
     <gpxtpx:TrackPointExtension>
      <gpxtpx:hr>130</gpxtpx:hr>
     </gpxtpx:TrackPointExtension>
    </extensions>
   </trkpt>
   <trkpt lat="51.5658700" lon="-0.0922990">
    <ele>30.8</ele>
    <time>2024-09-12T18:10:09Z</time>
    <extensions>
     <gpxtpx:TrackPointExtension>
      <gpxtpx:hr>130</gpxtpx:hr>
     </gpxtpx:TrackPointExtension>
    </extensions>
   </trkpt>
   <trkpt lat="51.5658940" lon="-0.0923140">
    <ele>30.8</ele>
    <time>2024-09-12T18:10:10Z</time>
    <extensions>
     <gpxtpx:TrackPointExtension>
      <gpxtpx:hr>130</gpxtpx:hr>
     </gpxtpx:TrackPointExtension>
    </extensions>
   </trkpt>
   <trkpt lat="51.5659320" lon="-0.0923500">
    <ele>30.7</ele>
    <time>2024-09-12T18:10:11Z</time>
    <extensions>
     <gpxtpx:TrackPointExtension>
      <gpxtpx:hr>130</gpxtpx:hr>
     </gpxtpx:TrackPointExtension>
    </extensions>
   </trkpt>
   <trkpt lat="51.5659460" lon="-0.0923620">
    <ele>30.7</ele>
    <time>2024-09-12T18:10:12Z</time>
    <extensions>
     <gpxtpx:TrackPointExtension>
      <gpxtpx:hr>129</gpxtpx:hr>
     </gpxtpx:TrackPointExtension>
    </extensions>
   </trkpt>
   <trkpt lat="51.5659910" lon="-0.0923920">
    <ele>30.7</ele>
    <time>2024-09-12T18:10:13Z</time>
    <extensions>
     <gpxtpx:TrackPointExtension>
      <gpxtpx:hr>129</gpxtpx:hr>
     </gpxtpx:TrackPointExtension>
    </extensions>
   </trkpt>
   <trkpt lat="51.5660090" lon="-0.0923980">
    <ele>30.7</ele>
    <time>2024-09-12T18:10:14Z</time>
    <extensions>
     <gpxtpx:TrackPointExtension>
      <gpxtpx:hr>129</gpxtpx:hr>
     </gpxtpx:TrackPointExtension>
    </extensions>
   </trkpt>
   <trkpt lat="51.5660270" lon="-0.0924040">
    <ele>30.6</ele>
    <time>2024-09-12T18:10:15Z</time>
    <extensions>
     <gpxtpx:TrackPointExtension>
      <gpxtpx:hr>128</gpxtpx:hr>
     </gpxtpx:TrackPointExtension>
    </extensions>
   </trkpt>
   <trkpt lat="51.5660650" lon="-0.0923750">
    <ele>30.6</ele>
    <time>2024-09-12T18:10:16Z</time>
    <extensions>
     <gpxtpx:TrackPointExtension>
      <gpxtpx:hr>128</gpxtpx:hr>
     </gpxtpx:TrackPointExtension>
    </extensions>
   </trkpt>
   <trkpt lat="51.5660780" lon="-0.0923560">
    <ele>30.6</ele>
    <time>2024-09-12T18:10:17Z</time>
    <extensions>
     <gpxtpx:TrackPointExtension>
      <gpxtpx:hr>128</gpxtpx:hr>
     </gpxtpx:TrackPointExtension>
    </extensions>
   </trkpt>
   <trkpt lat="51.5660910" lon="-0.0923380">
    <ele>30.6</ele>
    <time>2024-09-12T18:10:18Z</time>
    <extensions>
     <gpxtpx:TrackPointExtension>
      <gpxtpx:hr>128</gpxtpx:hr>
     </gpxtpx:TrackPointExtension>
    </extensions>
   </trkpt>
   <trkpt lat="51.5661200" lon="-0.0922960">
    <ele>30.6</ele>
    <time>2024-09-12T18:10:19Z</time>
    <extensions>
     <gpxtpx:TrackPointExtension>
      <gpxtpx:hr>128</gpxtpx:hr>
     </gpxtpx:TrackPointExtension>
    </extensions>
   </trkpt>
   <trkpt lat="51.5661310" lon="-0.0922850">
    <ele>30.6</ele>
    <time>2024-09-12T18:10:20Z</time>
    <extensions>
     <gpxtpx:TrackPointExtension>
      <gpxtpx:hr>127</gpxtpx:hr>
     </gpxtpx:TrackPointExtension>
    </extensions>
   </trkpt>
   <trkpt lat="51.5661720" lon="-0.0922540">
    <ele>30.6</ele>
    <time>2024-09-12T18:10:21Z</time>
    <extensions>
     <gpxtpx:TrackPointExtension>
      <gpxtpx:hr>127</gpxtpx:hr>
     </gpxtpx:TrackPointExtension>
    </extensions>
   </trkpt>
   <trkpt lat="51.5661900" lon="-0.0922440">
    <ele>30.5</ele>
    <time>2024-09-12T18:10:22Z</time>
    <extensions>
     <gpxtpx:TrackPointExtension>
      <gpxtpx:hr>127</gpxtpx:hr>
     </gpxtpx:TrackPointExtension>
    </extensions>
   </trkpt>
   <trkpt lat="51.5662080" lon="-0.0922340">
    <ele>30.5</ele>
    <time>2024-09-12T18:10:23Z</time>
    <extensions>
     <gpxtpx:TrackPointExtension>
      <gpxtpx:hr>127</gpxtpx:hr>
     </gpxtpx:TrackPointExtension>
    </extensions>
   </trkpt>
   <trkpt lat="51.5662520" lon="-0.0922200">
    <ele>30.5</ele>
    <time>2024-09-12T18:10:24Z</time>
    <extensions>
     <gpxtpx:TrackPointExtension>
      <gpxtpx:hr>127</gpxtpx:hr>
     </gpxtpx:TrackPointExtension>
    </extensions>
   </trkpt>
   <trkpt lat="51.5662660" lon="-0.0922160">
    <ele>30.5</ele>
    <time>2024-09-12T18:10:25Z</time>
    <extensions>
     <gpxtpx:TrackPointExtension>
      <gpxtpx:hr>127</gpxtpx:hr>
     </gpxtpx:TrackPointExtension>
    </extensions>
   </trkpt>
   <trkpt lat="51.5663160" lon="-0.0922120">
    <ele>30.5</ele>
    <time>2024-09-12T18:10:26Z</time>
    <extensions>
     <gpxtpx:TrackPointExtension>
      <gpxtpx:hr>127</gpxtpx:hr>
     </gpxtpx:TrackPointExtension>
    </extensions>
   </trkpt>
   <trkpt lat="51.5663360" lon="-0.0922120">
    <ele>30.5</ele>
    <time>2024-09-12T18:10:27Z</time>
    <extensions>
     <gpxtpx:TrackPointExtension>
      <gpxtpx:hr>128</gpxtpx:hr>
     </gpxtpx:TrackPointExtension>
    </extensions>
   </trkpt>
   <trkpt lat="51.5663550" lon="-0.0922120">
    <ele>30.5</ele>
    <time>2024-09-12T18:10:28Z</time>
    <extensions>
     <gpxtpx:TrackPointExtension>
      <gpxtpx:hr>128</gpxtpx:hr>
     </gpxtpx:TrackPointExtension>
    </extensions>
   </trkpt>
   <trkpt lat="51.5664000" lon="-0.0922150">
    <ele>30.5</ele>
    <time>2024-09-12T18:10:29Z</time>
    <extensions>
     <gpxtpx:TrackPointExtension>
      <gpxtpx:hr>128</gpxtpx:hr>
     </gpxtpx:TrackPointExtension>
    </extensions>
   </trkpt>
   <trkpt lat="51.5664150" lon="-0.0922170">
    <ele>30.5</ele>
    <time>2024-09-12T18:10:30Z</time>
    <extensions>
     <gpxtpx:TrackPointExtension>
      <gpxtpx:hr>128</gpxtpx:hr>
     </gpxtpx:TrackPointExtension>
    </extensions>
   </trkpt>
   <trkpt lat="51.5664630" lon="-0.0922300">
    <ele>30.5</ele>
    <time>2024-09-12T18:10:31Z</time>
    <extensions>
     <gpxtpx:TrackPointExtension>
      <gpxtpx:hr>128</gpxtpx:hr>
     </gpxtpx:TrackPointExtension>
    </extensions>
   </trkpt>
   <trkpt lat="51.5664820" lon="-0.0922380">
    <ele>30.5</ele>
    <time>2024-09-12T18:10:32Z</time>
    <extensions>
     <gpxtpx:TrackPointExtension>
      <gpxtpx:hr>128</gpxtpx:hr>
     </gpxtpx:TrackPointExtension>
    </extensions>
   </trkpt>
   <trkpt lat="51.5665010" lon="-0.0922450">
    <ele>30.5</ele>
    <time>2024-09-12T18:10:33Z</time>
    <extensions>
     <gpxtpx:TrackPointExtension>
      <gpxtpx:hr>127</gpxtpx:hr>
     </gpxtpx:TrackPointExtension>
    </extensions>
   </trkpt>
   <trkpt lat="51.5665420" lon="-0.0922650">
    <ele>30.5</ele>
    <time>2024-09-12T18:10:34Z</time>
    <extensions>
     <gpxtpx:TrackPointExtension>
      <gpxtpx:hr>127</gpxtpx:hr>
     </gpxtpx:TrackPointExtension>
    </extensions>
   </trkpt>
   <trkpt lat="51.5665550" lon="-0.0922720">
    <ele>30.5</ele>
    <time>2024-09-12T18:10:35Z</time>
    <extensions>
     <gpxtpx:TrackPointExtension>
      <gpxtpx:hr>126</gpxtpx:hr>
     </gpxtpx:TrackPointExtension>
    </extensions>
   </trkpt>
   <trkpt lat="51.5666000" lon="-0.0922950">
    <ele>30.5</ele>
    <time>2024-09-12T18:10:36Z</time>
    <extensions>
     <gpxtpx:TrackPointExtension>
      <gpxtpx:hr>126</gpxtpx:hr>
     </gpxtpx:TrackPointExtension>
    </extensions>
   </trkpt>
   <trkpt lat="51.5666180" lon="-0.0923040">
    <ele>30.5</ele>
    <time>2024-09-12T18:10:37Z</time>
    <extensions>
     <gpxtpx:TrackPointExtension>
      <gpxtpx:hr>126</gpxtpx:hr>
     </gpxtpx:TrackPointExtension>
    </extensions>
   </trkpt>
   <trkpt lat="51.5666360" lon="-0.0923140">
    <ele>30.5</ele>
    <time>2024-09-12T18:10:38Z</time>
    <extensions>
     <gpxtpx:TrackPointExtension>
      <gpxtpx:hr>126</gpxtpx:hr>
     </gpxtpx:TrackPointExtension>
    </extensions>
   </trkpt>
   <trkpt lat="51.5666800" lon="-0.0923370">
    <ele>30.4</ele>
    <time>2024-09-12T18:10:39Z</time>
    <extensions>
     <gpxtpx:TrackPointExtension>
      <gpxtpx:hr>126</gpxtpx:hr>
     </gpxtpx:TrackPointExtension>
    </extensions>
   </trkpt>
   <trkpt lat="51.5666980" lon="-0.0923470">
    <ele>30.4</ele>
    <time>2024-09-12T18:10:40Z</time>
    <extensions>
     <gpxtpx:TrackPointExtension>
      <gpxtpx:hr>126</gpxtpx:hr>
     </gpxtpx:TrackPointExtension>
    </extensions>
   </trkpt>
   <trkpt lat="51.5667160" lon="-0.0923570">
    <ele>30.4</ele>
    <time>2024-09-12T18:10:41Z</time>
    <extensions>
     <gpxtpx:TrackPointExtension>
      <gpxtpx:hr>127</gpxtpx:hr>
     </gpxtpx:TrackPointExtension>
    </extensions>
   </trkpt>
   <trkpt lat="51.5667560" lon="-0.0923800">
    <ele>30.4</ele>
    <time>2024-09-12T18:10:42Z</time>
    <extensions>
     <gpxtpx:TrackPointExtension>
      <gpxtpx:hr>127</gpxtpx:hr>
     </gpxtpx:TrackPointExtension>
    </extensions>
   </trkpt>
   <trkpt lat="51.5667690" lon="-0.0923880">
    <ele>30.4</ele>
    <time>2024-09-12T18:10:43Z</time>
    <extensions>
     <gpxtpx:TrackPointExtension>
      <gpxtpx:hr>127</gpxtpx:hr>
     </gpxtpx:TrackPointExtension>
    </extensions>
   </trkpt>
   <trkpt lat="51.5668130" lon="-0.0924170">
    <ele>30.4</ele>
    <time>2024-09-12T18:10:44Z</time>
    <extensions>
     <gpxtpx:TrackPointExtension>
      <gpxtpx:hr>127</gpxtpx:hr>
     </gpxtpx:TrackPointExtension>
    </extensions>
   </trkpt>
   <trkpt lat="51.5668310" lon="-0.0924290">
    <ele>30.4</ele>
    <time>2024-09-12T18:10:45Z</time>
    <extensions>
     <gpxtpx:TrackPointExtension>
      <gpxtpx:hr>126</gpxtpx:hr>
     </gpxtpx:TrackPointExtension>
    </extensions>
   </trkpt>
   <trkpt lat="51.5668480" lon="-0.0924410">
    <ele>30.4</ele>
    <time>2024-09-12T18:10:46Z</time>
    <extensions>
     <gpxtpx:TrackPointExtension>
      <gpxtpx:hr>126</gpxtpx:hr>
     </gpxtpx:TrackPointExtension>
    </extensions>
   </trkpt>
   <trkpt lat="51.5668860" lon="-0.0924700">
    <ele>30.4</ele>
    <time>2024-09-12T18:10:47Z</time>
    <extensions>
     <gpxtpx:TrackPointExtension>
      <gpxtpx:hr>126</gpxtpx:hr>
     </gpxtpx:TrackPointExtension>
    </extensions>
   </trkpt>
   <trkpt lat="51.5668980" lon="-0.0924810">
    <ele>30.4</ele>
    <time>2024-09-12T18:10:48Z</time>
    <extensions>
     <gpxtpx:TrackPointExtension>
      <gpxtpx:hr>126</gpxtpx:hr>
     </gpxtpx:TrackPointExtension>
    </extensions>
   </trkpt>
   <trkpt lat="51.5669380" lon="-0.0925200">
    <ele>30.4</ele>
    <time>2024-09-12T18:10:49Z</time>
    <extensions>
     <gpxtpx:TrackPointExtension>
      <gpxtpx:hr>126</gpxtpx:hr>
     </gpxtpx:TrackPointExtension>
    </extensions>
   </trkpt>
   <trkpt lat="51.5669530" lon="-0.0925360">
    <ele>30.4</ele>
    <time>2024-09-12T18:10:50Z</time>
    <extensions>
     <gpxtpx:TrackPointExtension>
      <gpxtpx:hr>126</gpxtpx:hr>
     </gpxtpx:TrackPointExtension>
    </extensions>
   </trkpt>
   <trkpt lat="51.5669690" lon="-0.0925530">
    <ele>30.4</ele>
    <time>2024-09-12T18:10:51Z</time>
    <extensions>
     <gpxtpx:TrackPointExtension>
      <gpxtpx:hr>126</gpxtpx:hr>
     </gpxtpx:TrackPointExtension>
    </extensions>
   </trkpt>
   <trkpt lat="51.5670040" lon="-0.0925910">
    <ele>30.4</ele>
    <time>2024-09-12T18:10:52Z</time>
    <extensions>
     <gpxtpx:TrackPointExtension>
      <gpxtpx:hr>126</gpxtpx:hr>
     </gpxtpx:TrackPointExtension>
    </extensions>
   </trkpt>
   <trkpt lat="51.5670160" lon="-0.0926030">
    <ele>30.4</ele>
    <time>2024-09-12T18:10:53Z</time>
    <extensions>
     <gpxtpx:TrackPointExtension>
      <gpxtpx:hr>126</gpxtpx:hr>
     </gpxtpx:TrackPointExtension>
    </extensions>
   </trkpt>
   <trkpt lat="51.5670520" lon="-0.0926480">
    <ele>30.4</ele>
    <time>2024-09-12T18:10:54Z</time>
    <extensions>
     <gpxtpx:TrackPointExtension>
      <gpxtpx:hr>128</gpxtpx:hr>
     </gpxtpx:TrackPointExtension>
    </extensions>
   </trkpt>
   <trkpt lat="51.5670670" lon="-0.0926660">
    <ele>30.4</ele>
    <time>2024-09-12T18:10:55Z</time>
    <extensions>
     <gpxtpx:TrackPointExtension>
      <gpxtpx:hr>128</gpxtpx:hr>
     </gpxtpx:TrackPointExtension>
    </extensions>
   </trkpt>
   <trkpt lat="51.5670810" lon="-0.0926840">
    <ele>30.4</ele>
    <time>2024-09-12T18:10:56Z</time>
    <extensions>
     <gpxtpx:TrackPointExtension>
      <gpxtpx:hr>128</gpxtpx:hr>
     </gpxtpx:TrackPointExtension>
    </extensions>
   </trkpt>
   <trkpt lat="51.5671130" lon="-0.0927280">
    <ele>30.4</ele>
    <time>2024-09-12T18:10:57Z</time>
    <extensions>
     <gpxtpx:TrackPointExtension>
      <gpxtpx:hr>128</gpxtpx:hr>
     </gpxtpx:TrackPointExtension>
    </extensions>
   </trkpt>
   <trkpt lat="51.5671230" lon="-0.0927430">
    <ele>30.4</ele>
    <time>2024-09-12T18:10:58Z</time>
    <extensions>
     <gpxtpx:TrackPointExtension>
      <gpxtpx:hr>130</gpxtpx:hr>
     </gpxtpx:TrackPointExtension>
    </extensions>
   </trkpt>
   <trkpt lat="51.5671590" lon="-0.0927910">
    <ele>30.4</ele>
    <time>2024-09-12T18:10:59Z</time>
    <extensions>
     <gpxtpx:TrackPointExtension>
      <gpxtpx:hr>130</gpxtpx:hr>
     </gpxtpx:TrackPointExtension>
    </extensions>
   </trkpt>
   <trkpt lat="51.5671740" lon="-0.0928100">
    <ele>30.4</ele>
    <time>2024-09-12T18:11:00Z</time>
    <extensions>
     <gpxtpx:TrackPointExtension>
      <gpxtpx:hr>130</gpxtpx:hr>
     </gpxtpx:TrackPointExtension>
    </extensions>
   </trkpt>
   <trkpt lat="51.5671890" lon="-0.0928290">
    <ele>30.4</ele>
    <time>2024-09-12T18:11:01Z</time>
    <extensions>
     <gpxtpx:TrackPointExtension>
      <gpxtpx:hr>130</gpxtpx:hr>
     </gpxtpx:TrackPointExtension>
    </extensions>
   </trkpt>
   <trkpt lat="51.5672260" lon="-0.0928630">
    <ele>30.4</ele>
    <time>2024-09-12T18:11:02Z</time>
    <extensions>
     <gpxtpx:TrackPointExtension>
      <gpxtpx:hr>130</gpxtpx:hr>
     </gpxtpx:TrackPointExtension>
    </extensions>
   </trkpt>
   <trkpt lat="51.5672390" lon="-0.0928730">
    <ele>30.4</ele>
    <time>2024-09-12T18:11:03Z</time>
    <extensions>
     <gpxtpx:TrackPointExtension>
      <gpxtpx:hr>130</gpxtpx:hr>
     </gpxtpx:TrackPointExtension>
    </extensions>
   </trkpt>
   <trkpt lat="51.5672820" lon="-0.0929010">
    <ele>30.4</ele>
    <time>2024-09-12T18:11:04Z</time>
    <extensions>
     <gpxtpx:TrackPointExtension>
      <gpxtpx:hr>130</gpxtpx:hr>
     </gpxtpx:TrackPointExtension>
    </extensions>
   </trkpt>
   <trkpt lat="51.5672990" lon="-0.0929120">
    <ele>30.4</ele>
    <time>2024-09-12T18:11:05Z</time>
    <extensions>
     <gpxtpx:TrackPointExtension>
      <gpxtpx:hr>130</gpxtpx:hr>
     </gpxtpx:TrackPointExtension>
    </extensions>
   </trkpt>
   <trkpt lat="51.5673170" lon="-0.0929230">
    <ele>30.4</ele>
    <time>2024-09-12T18:11:06Z</time>
    <extensions>
     <gpxtpx:TrackPointExtension>
      <gpxtpx:hr>130</gpxtpx:hr>
     </gpxtpx:TrackPointExtension>
    </extensions>
   </trkpt>
   <trkpt lat="51.5673600" lon="-0.0929500">
    <ele>30.4</ele>
    <time>2024-09-12T18:11:07Z</time>
    <extensions>
     <gpxtpx:TrackPointExtension>
      <gpxtpx:hr>129</gpxtpx:hr>
     </gpxtpx:TrackPointExtension>
    </extensions>
   </trkpt>
   <trkpt lat="51.5673770" lon="-0.0929600">
    <ele>30.4</ele>
    <time>2024-09-12T18:11:08Z</time>
    <extensions>
     <gpxtpx:TrackPointExtension>
      <gpxtpx:hr>129</gpxtpx:hr>
     </gpxtpx:TrackPointExtension>
    </extensions>
   </trkpt>
   <trkpt lat="51.5673950" lon="-0.0929700">
    <ele>30.4</ele>
    <time>2024-09-12T18:11:09Z</time>
    <extensions>
     <gpxtpx:TrackPointExtension>
      <gpxtpx:hr>129</gpxtpx:hr>
     </gpxtpx:TrackPointExtension>
    </extensions>
   </trkpt>
   <trkpt lat="51.5674340" lon="-0.0929890">
    <ele>30.4</ele>
    <time>2024-09-12T18:11:10Z</time>
    <extensions>
     <gpxtpx:TrackPointExtension>
      <gpxtpx:hr>129</gpxtpx:hr>
     </gpxtpx:TrackPointExtension>
    </extensions>
   </trkpt>
   <trkpt lat="51.5674470" lon="-0.0929950">
    <ele>30.3</ele>
    <time>2024-09-12T18:11:11Z</time>
    <extensions>
     <gpxtpx:TrackPointExtension>
      <gpxtpx:hr>129</gpxtpx:hr>
     </gpxtpx:TrackPointExtension>
    </extensions>
   </trkpt>
   <trkpt lat="51.5674900" lon="-0.0930130">
    <ele>30.3</ele>
    <time>2024-09-12T18:11:12Z</time>
    <extensions>
     <gpxtpx:TrackPointExtension>
      <gpxtpx:hr>129</gpxtpx:hr>
     </gpxtpx:TrackPointExtension>
    </extensions>
   </trkpt>
   <trkpt lat="51.5675070" lon="-0.0930190">
    <ele>30.3</ele>
    <time>2024-09-12T18:11:13Z</time>
    <extensions>
     <gpxtpx:TrackPointExtension>
      <gpxtpx:hr>129</gpxtpx:hr>
     </gpxtpx:TrackPointExtension>
    </extensions>
   </trkpt>
   <trkpt lat="51.5675250" lon="-0.0930260">
    <ele>30.3</ele>
    <time>2024-09-12T18:11:14Z</time>
    <extensions>
     <gpxtpx:TrackPointExtension>
      <gpxtpx:hr>127</gpxtpx:hr>
     </gpxtpx:TrackPointExtension>
    </extensions>
   </trkpt>
   <trkpt lat="51.5675630" lon="-0.0930420">
    <ele>30.3</ele>
    <time>2024-09-12T18:11:15Z</time>
    <extensions>
     <gpxtpx:TrackPointExtension>
      <gpxtpx:hr>127</gpxtpx:hr>
     </gpxtpx:TrackPointExtension>
    </extensions>
   </trkpt>
   <trkpt lat="51.5675760" lon="-0.0930490">
    <ele>30.3</ele>
    <time>2024-09-12T18:11:16Z</time>
    <extensions>
     <gpxtpx:TrackPointExtension>
      <gpxtpx:hr>127</gpxtpx:hr>
     </gpxtpx:TrackPointExtension>
    </extensions>
   </trkpt>
   <trkpt lat="51.5676200" lon="-0.0930710">
    <ele>30.3</ele>
    <time>2024-09-12T18:11:17Z</time>
    <extensions>
     <gpxtpx:TrackPointExtension>
      <gpxtpx:hr>127</gpxtpx:hr>
     </gpxtpx:TrackPointExtension>
    </extensions>
   </trkpt>
   <trkpt lat="51.5676380" lon="-0.0930810">
    <ele>30.3</ele>
    <time>2024-09-12T18:11:18Z</time>
    <extensions>
     <gpxtpx:TrackPointExtension>
      <gpxtpx:hr>127</gpxtpx:hr>
     </gpxtpx:TrackPointExtension>
    </extensions>
   </trkpt>
   <trkpt lat="51.5676560" lon="-0.0930910">
    <ele>30.2</ele>
    <time>2024-09-12T18:11:19Z</time>
    <extensions>
     <gpxtpx:TrackPointExtension>
      <gpxtpx:hr>125</gpxtpx:hr>
     </gpxtpx:TrackPointExtension>
    </extensions>
   </trkpt>
   <trkpt lat="51.5676950" lon="-0.0931120">
    <ele>30.2</ele>
    <time>2024-09-12T18:11:20Z</time>
    <extensions>
     <gpxtpx:TrackPointExtension>
      <gpxtpx:hr>125</gpxtpx:hr>
     </gpxtpx:TrackPointExtension>
    </extensions>
   </trkpt>
   <trkpt lat="51.5677080" lon="-0.0931180">
    <ele>30.2</ele>
    <time>2024-09-12T18:11:21Z</time>
    <extensions>
     <gpxtpx:TrackPointExtension>
      <gpxtpx:hr>125</gpxtpx:hr>
     </gpxtpx:TrackPointExtension>
    </extensions>
   </trkpt>
   <trkpt lat="51.5677530" lon="-0.0931330">
    <ele>30.2</ele>
    <time>2024-09-12T18:11:22Z</time>
    <extensions>
     <gpxtpx:TrackPointExtension>
      <gpxtpx:hr>125</gpxtpx:hr>
     </gpxtpx:TrackPointExtension>
    </extensions>
   </trkpt>
   <trkpt lat="51.5677710" lon="-0.0931370">
    <ele>30.2</ele>
    <time>2024-09-12T18:11:23Z</time>
    <extensions>
     <gpxtpx:TrackPointExtension>
      <gpxtpx:hr>125</gpxtpx:hr>
     </gpxtpx:TrackPointExtension>
    </extensions>
   </trkpt>
   <trkpt lat="51.5677890" lon="-0.0931410">
    <ele>30.2</ele>
    <time>2024-09-12T18:11:24Z</time>
    <extensions>
     <gpxtpx:TrackPointExtension>
      <gpxtpx:hr>125</gpxtpx:hr>
     </gpxtpx:TrackPointExtension>
    </extensions>
   </trkpt>
   <trkpt lat="51.5678300" lon="-0.0931430">
    <ele>30.2</ele>
    <time>2024-09-12T18:11:25Z</time>
    <extensions>
     <gpxtpx:TrackPointExtension>
      <gpxtpx:hr>125</gpxtpx:hr>
     </gpxtpx:TrackPointExtension>
    </extensions>
   </trkpt>
   <trkpt lat="51.5678440" lon="-0.0931430">
    <ele>30.2</ele>
    <time>2024-09-12T18:11:26Z</time>
    <extensions>
     <gpxtpx:TrackPointExtension>
      <gpxtpx:hr>125</gpxtpx:hr>
     </gpxtpx:TrackPointExtension>
    </extensions>
   </trkpt>
   <trkpt lat="51.5678900" lon="-0.0931380">
    <ele>30.2</ele>
    <time>2024-09-12T18:11:27Z</time>
    <extensions>
     <gpxtpx:TrackPointExtension>
      <gpxtpx:hr>125</gpxtpx:hr>
     </gpxtpx:TrackPointExtension>
    </extensions>
   </trkpt>
   <trkpt lat="51.5679090" lon="-0.0931350">
    <ele>30.2</ele>
    <time>2024-09-12T18:11:28Z</time>
    <extensions>
     <gpxtpx:TrackPointExtension>
      <gpxtpx:hr>125</gpxtpx:hr>
     </gpxtpx:TrackPointExtension>
    </extensions>
   </trkpt>
   <trkpt lat="51.5679270" lon="-0.0931310">
    <ele>30.2</ele>
    <time>2024-09-12T18:11:29Z</time>
    <extensions>
     <gpxtpx:TrackPointExtension>
      <gpxtpx:hr>125</gpxtpx:hr>
     </gpxtpx:TrackPointExtension>
    </extensions>
   </trkpt>
   <trkpt lat="51.5679730" lon="-0.0931170">
    <ele>30.2</ele>
    <time>2024-09-12T18:11:30Z</time>
    <extensions>
     <gpxtpx:TrackPointExtension>
      <gpxtpx:hr>125</gpxtpx:hr>
     </gpxtpx:TrackPointExtension>
    </extensions>
   </trkpt>
   <trkpt lat="51.5679910" lon="-0.0931110">
    <ele>30.2</ele>
    <time>2024-09-12T18:11:31Z</time>
    <extensions>
     <gpxtpx:TrackPointExtension>
      <gpxtpx:hr>125</gpxtpx:hr>
     </gpxtpx:TrackPointExtension>
    </extensions>
   </trkpt>
   <trkpt lat="51.5680100" lon="-0.0931050">
    <ele>30.3</ele>
    <time>2024-09-12T18:11:32Z</time>
    <extensions>
     <gpxtpx:TrackPointExtension>
      <gpxtpx:hr>125</gpxtpx:hr>
     </gpxtpx:TrackPointExtension>
    </extensions>
   </trkpt>
   <trkpt lat="51.5680510" lon="-0.0930850">
    <ele>30.3</ele>
    <time>2024-09-12T18:11:33Z</time>
    <extensions>
     <gpxtpx:TrackPointExtension>
      <gpxtpx:hr>125</gpxtpx:hr>
     </gpxtpx:TrackPointExtension>
    </extensions>
   </trkpt>
   <trkpt lat="51.5680650" lon="-0.0930780">
    <ele>30.3</ele>
    <time>2024-09-12T18:11:34Z</time>
    <extensions>
     <gpxtpx:TrackPointExtension>
      <gpxtpx:hr>125</gpxtpx:hr>
     </gpxtpx:TrackPointExtension>
    </extensions>
   </trkpt>
   <trkpt lat="51.5681090" lon="-0.0930550">
    <ele>30.3</ele>
    <time>2024-09-12T18:11:35Z</time>
    <extensions>
     <gpxtpx:TrackPointExtension>
      <gpxtpx:hr>125</gpxtpx:hr>
     </gpxtpx:TrackPointExtension>
    </extensions>
   </trkpt>
   <trkpt lat="51.5681260" lon="-0.0930450">
    <ele>30.3</ele>
    <time>2024-09-12T18:11:36Z</time>
    <extensions>
     <gpxtpx:TrackPointExtension>
      <gpxtpx:hr>125</gpxtpx:hr>
     </gpxtpx:TrackPointExtension>
    </extensions>
   </trkpt>
   <trkpt lat="51.5681440" lon="-0.0930350">
    <ele>30.3</ele>
    <time>2024-09-12T18:11:37Z</time>
    <extensions>
     <gpxtpx:TrackPointExtension>
      <gpxtpx:hr>125</gpxtpx:hr>
     </gpxtpx:TrackPointExtension>
    </extensions>
   </trkpt>
   <trkpt lat="51.5681820" lon="-0.0930110">
    <ele>30.3</ele>
    <time>2024-09-12T18:11:38Z</time>
    <extensions>
     <gpxtpx:TrackPointExtension>
      <gpxtpx:hr>125</gpxtpx:hr>
     </gpxtpx:TrackPointExtension>
    </extensions>
   </trkpt>
   <trkpt lat="51.5681950" lon="-0.0930030">
    <ele>30.3</ele>
    <time>2024-09-12T18:11:39Z</time>
    <extensions>
     <gpxtpx:TrackPointExtension>
      <gpxtpx:hr>126</gpxtpx:hr>
     </gpxtpx:TrackPointExtension>
    </extensions>
   </trkpt>
   <trkpt lat="51.5682370" lon="-0.0929740">
    <ele>30.3</ele>
    <time>2024-09-12T18:11:40Z</time>
    <extensions>
     <gpxtpx:TrackPointExtension>
      <gpxtpx:hr>126</gpxtpx:hr>
     </gpxtpx:TrackPointExtension>
    </extensions>
   </trkpt>
   <trkpt lat="51.5682530" lon="-0.0929620">
    <ele>30.3</ele>
    <time>2024-09-12T18:11:41Z</time>
    <extensions>
     <gpxtpx:TrackPointExtension>
      <gpxtpx:hr>126</gpxtpx:hr>
     </gpxtpx:TrackPointExtension>
    </extensions>
   </trkpt>
   <trkpt lat="51.5682690" lon="-0.0929510">
    <ele>30.3</ele>
    <time>2024-09-12T18:11:42Z</time>
    <extensions>
     <gpxtpx:TrackPointExtension>
      <gpxtpx:hr>126</gpxtpx:hr>
     </gpxtpx:TrackPointExtension>
    </extensions>
   </trkpt>
   <trkpt lat="51.5683060" lon="-0.0929220">
    <ele>30.3</ele>
    <time>2024-09-12T18:11:43Z</time>
    <extensions>
     <gpxtpx:TrackPointExtension>
      <gpxtpx:hr>124</gpxtpx:hr>
     </gpxtpx:TrackPointExtension>
    </extensions>
   </trkpt>
   <trkpt lat="51.5683180" lon="-0.0929120">
    <ele>30.3</ele>
    <time>2024-09-12T18:11:44Z</time>
    <extensions>
     <gpxtpx:TrackPointExtension>
      <gpxtpx:hr>124</gpxtpx:hr>
     </gpxtpx:TrackPointExtension>
    </extensions>
   </trkpt>
   <trkpt lat="51.5683560" lon="-0.0928750">
    <ele>30.3</ele>
    <time>2024-09-12T18:11:45Z</time>
    <extensions>
     <gpxtpx:TrackPointExtension>
      <gpxtpx:hr>124</gpxtpx:hr>
     </gpxtpx:TrackPointExtension>
    </extensions>
   </trkpt>
   <trkpt lat="51.5683710" lon="-0.0928590">
    <ele>30.3</ele>
    <time>2024-09-12T18:11:46Z</time>
    <extensions>
     <gpxtpx:TrackPointExtension>
      <gpxtpx:hr>124</gpxtpx:hr>
     </gpxtpx:TrackPointExtension>
    </extensions>
   </trkpt>
   <trkpt lat="51.5683860" lon="-0.0928430">
    <ele>30.3</ele>
    <time>2024-09-12T18:11:47Z</time>
    <extensions>
     <gpxtpx:TrackPointExtension>
      <gpxtpx:hr>124</gpxtpx:hr>
     </gpxtpx:TrackPointExtension>
    </extensions>
   </trkpt>
   <trkpt lat="51.5684180" lon="-0.0928040">
    <ele>30.3</ele>
    <time>2024-09-12T18:11:48Z</time>
    <extensions>
     <gpxtpx:TrackPointExtension>
      <gpxtpx:hr>124</gpxtpx:hr>
     </gpxtpx:TrackPointExtension>
    </extensions>
   </trkpt>
   <trkpt lat="51.5684280" lon="-0.0927910">
    <ele>30.3</ele>
    <time>2024-09-12T18:11:49Z</time>
    <extensions>
     <gpxtpx:TrackPointExtension>
      <gpxtpx:hr>124</gpxtpx:hr>
     </gpxtpx:TrackPointExtension>
    </extensions>
   </trkpt>
   <trkpt lat="51.5684610" lon="-0.0927420">
    <ele>30.3</ele>
    <time>2024-09-12T18:11:50Z</time>
    <extensions>
     <gpxtpx:TrackPointExtension>
      <gpxtpx:hr>122</gpxtpx:hr>
     </gpxtpx:TrackPointExtension>
    </extensions>
   </trkpt>
   <trkpt lat="51.5684740" lon="-0.0927210">
    <ele>30.3</ele>
    <time>2024-09-12T18:11:51Z</time>
    <extensions>
     <gpxtpx:TrackPointExtension>
      <gpxtpx:hr>122</gpxtpx:hr>
     </gpxtpx:TrackPointExtension>
    </extensions>
   </trkpt>
   <trkpt lat="51.5684870" lon="-0.0927000">
    <ele>30.4</ele>
    <time>2024-09-12T18:11:52Z</time>
    <extensions>
     <gpxtpx:TrackPointExtension>
      <gpxtpx:hr>122</gpxtpx:hr>
     </gpxtpx:TrackPointExtension>
    </extensions>
   </trkpt>
   <trkpt lat="51.5685160" lon="-0.0926440">
    <ele>30.4</ele>
    <time>2024-09-12T18:11:53Z</time>
    <extensions>
     <gpxtpx:TrackPointExtension>
      <gpxtpx:hr>122</gpxtpx:hr>
     </gpxtpx:TrackPointExtension>
    </extensions>
   </trkpt>
   <trkpt lat="51.5685280" lon="-0.0926220">
    <ele>30.4</ele>
    <time>2024-09-12T18:11:54Z</time>
    <extensions>
     <gpxtpx:TrackPointExtension>
      <gpxtpx:hr>122</gpxtpx:hr>
     </gpxtpx:TrackPointExtension>
    </extensions>
   </trkpt>
   <trkpt lat="51.5685390" lon="-0.0925990">
    <ele>30.4</ele>
    <time>2024-09-12T18:11:55Z</time>
    <extensions>
     <gpxtpx:TrackPointExtension>
      <gpxtpx:hr>122</gpxtpx:hr>
     </gpxtpx:TrackPointExtension>
    </extensions>
   </trkpt>
   <trkpt lat="51.5685640" lon="-0.0925500">
    <ele>30.4</ele>
    <time>2024-09-12T18:11:56Z</time>
    <extensions>
     <gpxtpx:TrackPointExtension>
      <gpxtpx:hr>122</gpxtpx:hr>
     </gpxtpx:TrackPointExtension>
    </extensions>
   </trkpt>
   <trkpt lat="51.5685730" lon="-0.0925330">
    <ele>30.4</ele>
    <time>2024-09-12T18:11:57Z</time>
    <extensions>
     <gpxtpx:TrackPointExtension>
      <gpxtpx:hr>122</gpxtpx:hr>
     </gpxtpx:TrackPointExtension>
    </extensions>
   </trkpt>
   <trkpt lat="51.5686030" lon="-0.0924780">
    <ele>30.4</ele>
    <time>2024-09-12T18:11:58Z</time>
    <extensions>
     <gpxtpx:TrackPointExtension>
      <gpxtpx:hr>122</gpxtpx:hr>
     </gpxtpx:TrackPointExtension>
    </extensions>
   </trkpt>
   <trkpt lat="51.5686150" lon="-0.0924570">
    <ele>30.4</ele>
    <time>2024-09-12T18:11:59Z</time>
    <extensions>
     <gpxtpx:TrackPointExtension>
      <gpxtpx:hr>122</gpxtpx:hr>
     </gpxtpx:TrackPointExtension>
    </extensions>
   </trkpt>
   <trkpt lat="51.5686270" lon="-0.0924350">
    <ele>30.4</ele>
    <time>2024-09-12T18:12:00Z</time>
    <extensions>
     <gpxtpx:TrackPointExtension>
      <gpxtpx:hr>122</gpxtpx:hr>
     </gpxtpx:TrackPointExtension>
    </extensions>
   </trkpt>
   <trkpt lat="51.5686540" lon="-0.0923900">
    <ele>30.4</ele>
    <time>2024-09-12T18:12:01Z</time>
    <extensions>
     <gpxtpx:TrackPointExtension>
      <gpxtpx:hr>122</gpxtpx:hr>
     </gpxtpx:TrackPointExtension>
    </extensions>
   </trkpt>
   <trkpt lat="51.5686630" lon="-0.0923750">
    <ele>30.4</ele>
    <time>2024-09-12T18:12:02Z</time>
    <extensions>
     <gpxtpx:TrackPointExtension>
      <gpxtpx:hr>122</gpxtpx:hr>
     </gpxtpx:TrackPointExtension>
    </extensions>
   </trkpt>
   <trkpt lat="51.5686950" lon="-0.0923260">
    <ele>30.4</ele>
    <time>2024-09-12T18:12:03Z</time>
    <extensions>
     <gpxtpx:TrackPointExtension>
      <gpxtpx:hr>122</gpxtpx:hr>
     </gpxtpx:TrackPointExtension>
    </extensions>
   </trkpt>
   <trkpt lat="51.5687070" lon="-0.0923070">
    <ele>30.4</ele>
    <time>2024-09-12T18:12:04Z</time>
    <extensions>
     <gpxtpx:TrackPointExtension>
      <gpxtpx:hr>122</gpxtpx:hr>
     </gpxtpx:TrackPointExtension>
    </extensions>
   </trkpt>
   <trkpt lat="51.5687200" lon="-0.0922880">
    <ele>30.4</ele>
    <time>2024-09-12T18:12:05Z</time>
    <extensions>
     <gpxtpx:TrackPointExtension>
      <gpxtpx:hr>122</gpxtpx:hr>
     </gpxtpx:TrackPointExtension>
    </extensions>
   </trkpt>
   <trkpt lat="51.5687510" lon="-0.0922440">
    <ele>30.4</ele>
    <time>2024-09-12T18:12:06Z</time>
    <extensions>
     <gpxtpx:TrackPointExtension>
      <gpxtpx:hr>122</gpxtpx:hr>
     </gpxtpx:TrackPointExtension>
    </extensions>
   </trkpt>
   <trkpt lat="51.5687610" lon="-0.0922300">
    <ele>30.4</ele>
    <time>2024-09-12T18:12:07Z</time>
    <extensions>
     <gpxtpx:TrackPointExtension>
      <gpxtpx:hr>122</gpxtpx:hr>
     </gpxtpx:TrackPointExtension>
    </extensions>
   </trkpt>
   <trkpt lat="51.5687950" lon="-0.0921850">
    <ele>30.4</ele>
    <time>2024-09-12T18:12:08Z</time>
    <extensions>
     <gpxtpx:TrackPointExtension>
      <gpxtpx:hr>122</gpxtpx:hr>
     </gpxtpx:TrackPointExtension>
    </extensions>
   </trkpt>
   <trkpt lat="51.5688090" lon="-0.0921670">
    <ele>30.4</ele>
    <time>2024-09-12T18:12:09Z</time>
    <extensions>
     <gpxtpx:TrackPointExtension>
      <gpxtpx:hr>122</gpxtpx:hr>
     </gpxtpx:TrackPointExtension>
    </extensions>
   </trkpt>
   <trkpt lat="51.5688230" lon="-0.0921500">
    <ele>30.4</ele>
    <time>2024-09-12T18:12:10Z</time>
    <extensions>
     <gpxtpx:TrackPointExtension>
      <gpxtpx:hr>122</gpxtpx:hr>
     </gpxtpx:TrackPointExtension>
    </extensions>
   </trkpt>
   <trkpt lat="51.5688570" lon="-0.0921160">
    <ele>30.4</ele>
    <time>2024-09-12T18:12:11Z</time>
    <extensions>
     <gpxtpx:TrackPointExtension>
      <gpxtpx:hr>122</gpxtpx:hr>
     </gpxtpx:TrackPointExtension>
    </extensions>
   </trkpt>
   <trkpt lat="51.5688690" lon="-0.0921050">
    <ele>30.4</ele>
    <time>2024-09-12T18:12:12Z</time>
    <extensions>
     <gpxtpx:TrackPointExtension>
      <gpxtpx:hr>122</gpxtpx:hr>
     </gpxtpx:TrackPointExtension>
    </extensions>
   </trkpt>
   <trkpt lat="51.5689080" lon="-0.0920710">
    <ele>30.4</ele>
    <time>2024-09-12T18:12:13Z</time>
    <extensions>
     <gpxtpx:TrackPointExtension>
      <gpxtpx:hr>122</gpxtpx:hr>
     </gpxtpx:TrackPointExtension>
    </extensions>
   </trkpt>
   <trkpt lat="51.5689230" lon="-0.0920590">
    <ele>30.5</ele>
    <time>2024-09-12T18:12:14Z</time>
    <extensions>
     <gpxtpx:TrackPointExtension>
      <gpxtpx:hr>121</gpxtpx:hr>
     </gpxtpx:TrackPointExtension>
    </extensions>
   </trkpt>
   <trkpt lat="51.5689380" lon="-0.0920460">
    <ele>30.5</ele>
    <time>2024-09-12T18:12:15Z</time>
    <extensions>
     <gpxtpx:TrackPointExtension>
      <gpxtpx:hr>121</gpxtpx:hr>
     </gpxtpx:TrackPointExtension>
    </extensions>
   </trkpt>
   <trkpt lat="51.5689780" lon="-0.0920160">
    <ele>30.5</ele>
    <time>2024-09-12T18:12:16Z</time>
    <extensions>
     <gpxtpx:TrackPointExtension>
      <gpxtpx:hr>121</gpxtpx:hr>
     </gpxtpx:TrackPointExtension>
    </extensions>
   </trkpt>
   <trkpt lat="51.5689950" lon="-0.0920050">
    <ele>30.5</ele>
    <time>2024-09-12T18:12:17Z</time>
    <extensions>
     <gpxtpx:TrackPointExtension>
      <gpxtpx:hr>121</gpxtpx:hr>
     </gpxtpx:TrackPointExtension>
    </extensions>
   </trkpt>
   <trkpt lat="51.5690110" lon="-0.0919930">
    <ele>30.5</ele>
    <time>2024-09-12T18:12:18Z</time>
    <extensions>
     <gpxtpx:TrackPointExtension>
      <gpxtpx:hr>122</gpxtpx:hr>
     </gpxtpx:TrackPointExtension>
    </extensions>
   </trkpt>
   <trkpt lat="51.5690480" lon="-0.0919720">
    <ele>30.5</ele>
    <time>2024-09-12T18:12:19Z</time>
    <extensions>
     <gpxtpx:TrackPointExtension>
      <gpxtpx:hr>122</gpxtpx:hr>
     </gpxtpx:TrackPointExtension>
    </extensions>
   </trkpt>
   <trkpt lat="51.5690600" lon="-0.0919660">
    <ele>30.5</ele>
    <time>2024-09-12T18:12:20Z</time>
    <extensions>
     <gpxtpx:TrackPointExtension>
      <gpxtpx:hr>122</gpxtpx:hr>
     </gpxtpx:TrackPointExtension>
    </extensions>
   </trkpt>
   <trkpt lat="51.5691000" lon="-0.0919480">
    <ele>30.5</ele>
    <time>2024-09-12T18:12:21Z</time>
    <extensions>
     <gpxtpx:TrackPointExtension>
      <gpxtpx:hr>122</gpxtpx:hr>
     </gpxtpx:TrackPointExtension>
    </extensions>
   </trkpt>
   <trkpt lat="51.5691170" lon="-0.0919420">
    <ele>30.5</ele>
    <time>2024-09-12T18:12:22Z</time>
    <extensions>
     <gpxtpx:TrackPointExtension>
      <gpxtpx:hr>122</gpxtpx:hr>
     </gpxtpx:TrackPointExtension>
    </extensions>
   </trkpt>
   <trkpt lat="51.5691330" lon="-0.0919360">
    <ele>30.5</ele>
    <time>2024-09-12T18:12:23Z</time>
    <extensions>
     <gpxtpx:TrackPointExtension>
      <gpxtpx:hr>122</gpxtpx:hr>
     </gpxtpx:TrackPointExtension>
    </extensions>
   </trkpt>
   <trkpt lat="51.5691710" lon="-0.0919250">
    <ele>30.5</ele>
    <time>2024-09-12T18:12:24Z</time>
    <extensions>
     <gpxtpx:TrackPointExtension>
      <gpxtpx:hr>122</gpxtpx:hr>
     </gpxtpx:TrackPointExtension>
    </extensions>
   </trkpt>
   <trkpt lat="51.5691830" lon="-0.0919210">
    <ele>30.5</ele>
    <time>2024-09-12T18:12:25Z</time>
    <extensions>
     <gpxtpx:TrackPointExtension>
      <gpxtpx:hr>122</gpxtpx:hr>
     </gpxtpx:TrackPointExtension>
    </extensions>
   </trkpt>
   <trkpt lat="51.5692230" lon="-0.0919110">
    <ele>30.6</ele>
    <time>2024-09-12T18:12:26Z</time>
    <extensions>
     <gpxtpx:TrackPointExtension>
      <gpxtpx:hr>122</gpxtpx:hr>
     </gpxtpx:TrackPointExtension>
    </extensions>
   </trkpt>
   <trkpt lat="51.5692390" lon="-0.0919090">
    <ele>30.6</ele>
    <time>2024-09-12T18:12:27Z</time>
    <extensions>
     <gpxtpx:TrackPointExtension>
      <gpxtpx:hr>122</gpxtpx:hr>
     </gpxtpx:TrackPointExtension>
    </extensions>
   </trkpt>
   <trkpt lat="51.5692550" lon="-0.0919060">
    <ele>30.6</ele>
    <time>2024-09-12T18:12:28Z</time>
    <extensions>
     <gpxtpx:TrackPointExtension>
      <gpxtpx:hr>122</gpxtpx:hr>
     </gpxtpx:TrackPointExtension>
    </extensions>
   </trkpt>
   <trkpt lat="51.5692900" lon="-0.0919170">
    <ele>30.6</ele>
    <time>2024-09-12T18:12:29Z</time>
    <extensions>
     <gpxtpx:TrackPointExtension>
      <gpxtpx:hr>122</gpxtpx:hr>
     </gpxtpx:TrackPointExtension>
    </extensions>
   </trkpt>
   <trkpt lat="51.5693010" lon="-0.0919230">
    <ele>30.6</ele>
    <time>2024-09-12T18:12:30Z</time>
    <extensions>
     <gpxtpx:TrackPointExtension>
      <gpxtpx:hr>122</gpxtpx:hr>
     </gpxtpx:TrackPointExtension>
    </extensions>
   </trkpt>
   <trkpt lat="51.5693410" lon="-0.0919390">
    <ele>30.6</ele>
    <time>2024-09-12T18:12:31Z</time>
    <extensions>
     <gpxtpx:TrackPointExtension>
      <gpxtpx:hr>122</gpxtpx:hr>
     </gpxtpx:TrackPointExtension>
    </extensions>
   </trkpt>
   <trkpt lat="51.5693580" lon="-0.0919430">
    <ele>30.6</ele>
    <time>2024-09-12T18:12:32Z</time>
    <extensions>
     <gpxtpx:TrackPointExtension>
      <gpxtpx:hr>122</gpxtpx:hr>
     </gpxtpx:TrackPointExtension>
    </extensions>
   </trkpt>
   <trkpt lat="51.5693750" lon="-0.0919460">
    <ele>30.6</ele>
    <time>2024-09-12T18:12:33Z</time>
    <extensions>
     <gpxtpx:TrackPointExtension>
      <gpxtpx:hr>122</gpxtpx:hr>
     </gpxtpx:TrackPointExtension>
    </extensions>
   </trkpt>
   <trkpt lat="51.5694140" lon="-0.0919330">
    <ele>30.6</ele>
    <time>2024-09-12T18:12:34Z</time>
    <extensions>
     <gpxtpx:TrackPointExtension>
      <gpxtpx:hr>122</gpxtpx:hr>
     </gpxtpx:TrackPointExtension>
    </extensions>
   </trkpt>
   <trkpt lat="51.5694270" lon="-0.0919280">
    <ele>30.7</ele>
    <time>2024-09-12T18:12:35Z</time>
    <extensions>
     <gpxtpx:TrackPointExtension>
      <gpxtpx:hr>122</gpxtpx:hr>
     </gpxtpx:TrackPointExtension>
    </extensions>
   </trkpt>
   <trkpt lat="51.5694710" lon="-0.0919050">
    <ele>30.7</ele>
    <time>2024-09-12T18:12:36Z</time>
    <extensions>
     <gpxtpx:TrackPointExtension>
      <gpxtpx:hr>122</gpxtpx:hr>
     </gpxtpx:TrackPointExtension>
    </extensions>
   </trkpt>
   <trkpt lat="51.5694890" lon="-0.0918950">
    <ele>30.7</ele>
    <time>2024-09-12T18:12:37Z</time>
    <extensions>
     <gpxtpx:TrackPointExtension>
      <gpxtpx:hr>122</gpxtpx:hr>
     </gpxtpx:TrackPointExtension>
    </extensions>
   </trkpt>
   <trkpt lat="51.5695070" lon="-0.0918840">
    <ele>30.7</ele>
    <time>2024-09-12T18:12:38Z</time>
    <extensions>
     <gpxtpx:TrackPointExtension>
      <gpxtpx:hr>122</gpxtpx:hr>
     </gpxtpx:TrackPointExtension>
    </extensions>
   </trkpt>
   <trkpt lat="51.5695460" lon="-0.0918600">
    <ele>30.7</ele>
    <time>2024-09-12T18:12:39Z</time>
    <extensions>
     <gpxtpx:TrackPointExtension>
      <gpxtpx:hr>122</gpxtpx:hr>
     </gpxtpx:TrackPointExtension>
    </extensions>
   </trkpt>
   <trkpt lat="51.5695590" lon="-0.0918520">
    <ele>30.7</ele>
    <time>2024-09-12T18:12:40Z</time>
    <extensions>
     <gpxtpx:TrackPointExtension>
      <gpxtpx:hr>122</gpxtpx:hr>
     </gpxtpx:TrackPointExtension>
    </extensions>
   </trkpt>
   <trkpt lat="51.5696010" lon="-0.0918190">
    <ele>30.7</ele>
    <time>2024-09-12T18:12:41Z</time>
    <extensions>
     <gpxtpx:TrackPointExtension>
      <gpxtpx:hr>122</gpxtpx:hr>
     </gpxtpx:TrackPointExtension>
    </extensions>
   </trkpt>
   <trkpt lat="51.5696170" lon="-0.0918040">
    <ele>30.7</ele>
    <time>2024-09-12T18:12:42Z</time>
    <extensions>
     <gpxtpx:TrackPointExtension>
      <gpxtpx:hr>122</gpxtpx:hr>
     </gpxtpx:TrackPointExtension>
    </extensions>
   </trkpt>
   <trkpt lat="51.5696330" lon="-0.0917890">
    <ele>30.7</ele>
    <time>2024-09-12T18:12:43Z</time>
    <extensions>
     <gpxtpx:TrackPointExtension>
      <gpxtpx:hr>122</gpxtpx:hr>
     </gpxtpx:TrackPointExtension>
    </extensions>
   </trkpt>
   <trkpt lat="51.5696700" lon="-0.0917500">
    <ele>30.7</ele>
    <time>2024-09-12T18:12:44Z</time>
    <extensions>
     <gpxtpx:TrackPointExtension>
      <gpxtpx:hr>122</gpxtpx:hr>
     </gpxtpx:TrackPointExtension>
    </extensions>
   </trkpt>
   <trkpt lat="51.5696840" lon="-0.0917350">
    <ele>30.7</ele>
    <time>2024-09-12T18:12:45Z</time>
    <extensions>
     <gpxtpx:TrackPointExtension>
      <gpxtpx:hr>122</gpxtpx:hr>
     </gpxtpx:TrackPointExtension>
    </extensions>
   </trkpt>
   <trkpt lat="51.5696990" lon="-0.0917190">
    <ele>30.7</ele>
    <time>2024-09-12T18:12:46Z</time>
    <extensions>
     <gpxtpx:TrackPointExtension>
      <gpxtpx:hr>122</gpxtpx:hr>
     </gpxtpx:TrackPointExtension>
    </extensions>
   </trkpt>
   <trkpt lat="51.5697310" lon="-0.0916780">
    <ele>30.7</ele>
    <time>2024-09-12T18:12:47Z</time>
    <extensions>
     <gpxtpx:TrackPointExtension>
      <gpxtpx:hr>122</gpxtpx:hr>
     </gpxtpx:TrackPointExtension>
    </extensions>
   </trkpt>
   <trkpt lat="51.5697410" lon="-0.0916640">
    <ele>30.7</ele>
    <time>2024-09-12T18:12:48Z</time>
    <extensions>
     <gpxtpx:TrackPointExtension>
      <gpxtpx:hr>122</gpxtpx:hr>
     </gpxtpx:TrackPointExtension>
    </extensions>
   </trkpt>
   <trkpt lat="51.5697720" lon="-0.0916090">
    <ele>30.7</ele>
    <time>2024-09-12T18:12:49Z</time>
    <extensions>
     <gpxtpx:TrackPointExtension>
      <gpxtpx:hr>124</gpxtpx:hr>
     </gpxtpx:TrackPointExtension>
    </extensions>
   </trkpt>
   <trkpt lat="51.5697840" lon="-0.0915860">
    <ele>30.7</ele>
    <time>2024-09-12T18:12:50Z</time>
    <extensions>
     <gpxtpx:TrackPointExtension>
      <gpxtpx:hr>124</gpxtpx:hr>
     </gpxtpx:TrackPointExtension>
    </extensions>
   </trkpt>
   <trkpt lat="51.5697960" lon="-0.0915630">
    <ele>30.7</ele>
    <time>2024-09-12T18:12:51Z</time>
    <extensions>
     <gpxtpx:TrackPointExtension>
      <gpxtpx:hr>124</gpxtpx:hr>
     </gpxtpx:TrackPointExtension>
    </extensions>
   </trkpt>
   <trkpt lat="51.5698210" lon="-0.0915080">
    <ele>30.7</ele>
    <time>2024-09-12T18:12:52Z</time>
    <extensions>
     <gpxtpx:TrackPointExtension>
      <gpxtpx:hr>124</gpxtpx:hr>
     </gpxtpx:TrackPointExtension>
    </extensions>
   </trkpt>
   <trkpt lat="51.5698290" lon="-0.0914900">
    <ele>30.7</ele>
    <time>2024-09-12T18:12:53Z</time>
    <extensions>
     <gpxtpx:TrackPointExtension>
      <gpxtpx:hr>124</gpxtpx:hr>
     </gpxtpx:TrackPointExtension>
    </extensions>
   </trkpt>
   <trkpt lat="51.5698580" lon="-0.0914330">
    <ele>30.7</ele>
    <time>2024-09-12T18:12:54Z</time>
    <extensions>
     <gpxtpx:TrackPointExtension>
      <gpxtpx:hr>124</gpxtpx:hr>
     </gpxtpx:TrackPointExtension>
    </extensions>
   </trkpt>
   <trkpt lat="51.5698690" lon="-0.0914110">
    <ele>30.7</ele>
    <time>2024-09-12T18:12:55Z</time>
    <extensions>
     <gpxtpx:TrackPointExtension>
      <gpxtpx:hr>122</gpxtpx:hr>
     </gpxtpx:TrackPointExtension>
    </extensions>
   </trkpt>
   <trkpt lat="51.5698810" lon="-0.0913900">
    <ele>30.7</ele>
    <time>2024-09-12T18:12:56Z</time>
    <extensions>
     <gpxtpx:TrackPointExtension>
      <gpxtpx:hr>122</gpxtpx:hr>
     </gpxtpx:TrackPointExtension>
    </extensions>
   </trkpt>
   <trkpt lat="51.5699070" lon="-0.0913460">
    <ele>30.7</ele>
    <time>2024-09-12T18:12:57Z</time>
    <extensions>
     <gpxtpx:TrackPointExtension>
      <gpxtpx:hr>122</gpxtpx:hr>
     </gpxtpx:TrackPointExtension>
    </extensions>
   </trkpt>
   <trkpt lat="51.5699160" lon="-0.0913320">
    <ele>30.7</ele>
    <time>2024-09-12T18:12:58Z</time>
    <extensions>
     <gpxtpx:TrackPointExtension>
      <gpxtpx:hr>122</gpxtpx:hr>
     </gpxtpx:TrackPointExtension>
    </extensions>
   </trkpt>
   <trkpt lat="51.5699420" lon="-0.0912800">
    <ele>30.7</ele>
    <time>2024-09-12T18:12:59Z</time>
    <extensions>
     <gpxtpx:TrackPointExtension>
      <gpxtpx:hr>122</gpxtpx:hr>
     </gpxtpx:TrackPointExtension>
    </extensions>
   </trkpt>
   <trkpt lat="51.5699520" lon="-0.0912570">
    <ele>30.7</ele>
    <time>2024-09-12T18:13:00Z</time>
    <extensions>
     <gpxtpx:TrackPointExtension>
      <gpxtpx:hr>124</gpxtpx:hr>
     </gpxtpx:TrackPointExtension>
    </extensions>
   </trkpt>
   <trkpt lat="51.5699630" lon="-0.0912350">
    <ele>30.7</ele>
    <time>2024-09-12T18:13:01Z</time>
    <extensions>
     <gpxtpx:TrackPointExtension>
      <gpxtpx:hr>124</gpxtpx:hr>
     </gpxtpx:TrackPointExtension>
    </extensions>
   </trkpt>
   <trkpt lat="51.5699880" lon="-0.0911810">
    <ele>30.7</ele>
    <time>2024-09-12T18:13:02Z</time>
    <extensions>
     <gpxtpx:TrackPointExtension>
      <gpxtpx:hr>124</gpxtpx:hr>
     </gpxtpx:TrackPointExtension>
    </extensions>
   </trkpt>
   <trkpt lat="51.5699970" lon="-0.0911630">
    <ele>30.7</ele>
    <time>2024-09-12T18:13:03Z</time>
    <extensions>
     <gpxtpx:TrackPointExtension>
      <gpxtpx:hr>124</gpxtpx:hr>
     </gpxtpx:TrackPointExtension>
    </extensions>
   </trkpt>
   <trkpt lat="51.5700270" lon="-0.0911020">
    <ele>30.7</ele>
    <time>2024-09-12T18:13:04Z</time>
    <extensions>
     <gpxtpx:TrackPointExtension>
      <gpxtpx:hr>124</gpxtpx:hr>
     </gpxtpx:TrackPointExtension>
    </extensions>
   </trkpt>
   <trkpt lat="51.5700390" lon="-0.0910780">
    <ele>30.7</ele>
    <time>2024-09-12T18:13:05Z</time>
    <extensions>
     <gpxtpx:TrackPointExtension>
      <gpxtpx:hr>122</gpxtpx:hr>
     </gpxtpx:TrackPointExtension>
    </extensions>
   </trkpt>
   <trkpt lat="51.5700500" lon="-0.0910540">
    <ele>30.7</ele>
    <time>2024-09-12T18:13:06Z</time>
    <extensions>
     <gpxtpx:TrackPointExtension>
      <gpxtpx:hr>122</gpxtpx:hr>
     </gpxtpx:TrackPointExtension>
    </extensions>
   </trkpt>
   <trkpt lat="51.5700760" lon="-0.0909960">
    <ele>30.7</ele>
    <time>2024-09-12T18:13:07Z</time>
    <extensions>
     <gpxtpx:TrackPointExtension>
      <gpxtpx:hr>122</gpxtpx:hr>
     </gpxtpx:TrackPointExtension>
    </extensions>
   </trkpt>
   <trkpt lat="51.5700860" lon="-0.0909720">
    <ele>30.7</ele>
    <time>2024-09-12T18:13:08Z</time>
    <extensions>
     <gpxtpx:TrackPointExtension>
      <gpxtpx:hr>122</gpxtpx:hr>
     </gpxtpx:TrackPointExtension>
    </extensions>
   </trkpt>
   <trkpt lat="51.5700960" lon="-0.0909490">
    <ele>30.7</ele>
    <time>2024-09-12T18:13:09Z</time>
    <extensions>
     <gpxtpx:TrackPointExtension>
      <gpxtpx:hr>122</gpxtpx:hr>
     </gpxtpx:TrackPointExtension>
    </extensions>
   </trkpt>
   <trkpt lat="51.5701150" lon="-0.0908950">
    <ele>30.7</ele>
    <time>2024-09-12T18:13:10Z</time>
    <extensions>
     <gpxtpx:TrackPointExtension>
      <gpxtpx:hr>122</gpxtpx:hr>
     </gpxtpx:TrackPointExtension>
    </extensions>
   </trkpt>
   <trkpt lat="51.5701210" lon="-0.0908770">
    <ele>30.7</ele>
    <time>2024-09-12T18:13:11Z</time>
    <extensions>
     <gpxtpx:TrackPointExtension>
      <gpxtpx:hr>122</gpxtpx:hr>
     </gpxtpx:TrackPointExtension>
    </extensions>
   </trkpt>
   <trkpt lat="51.5701390" lon="-0.0908090">
    <ele>30.7</ele>
    <time>2024-09-12T18:13:12Z</time>
    <extensions>
     <gpxtpx:TrackPointExtension>
      <gpxtpx:hr>122</gpxtpx:hr>
     </gpxtpx:TrackPointExtension>
    </extensions>
   </trkpt>
   <trkpt lat="51.5701450" lon="-0.0907810">
    <ele>30.7</ele>
    <time>2024-09-12T18:13:13Z</time>
    <extensions>
     <gpxtpx:TrackPointExtension>
      <gpxtpx:hr>121</gpxtpx:hr>
     </gpxtpx:TrackPointExtension>
    </extensions>
   </trkpt>
   <trkpt lat="51.5701520" lon="-0.0907520">
    <ele>30.7</ele>
    <time>2024-09-12T18:13:14Z</time>
    <extensions>
     <gpxtpx:TrackPointExtension>
      <gpxtpx:hr>121</gpxtpx:hr>
     </gpxtpx:TrackPointExtension>
    </extensions>
   </trkpt>
   <trkpt lat="51.5701640" lon="-0.0906840">
    <ele>30.6</ele>
    <time>2024-09-12T18:13:15Z</time>
    <extensions>
     <gpxtpx:TrackPointExtension>
      <gpxtpx:hr>121</gpxtpx:hr>
     </gpxtpx:TrackPointExtension>
    </extensions>
   </trkpt>
   <trkpt lat="51.5701690" lon="-0.0906610">
    <ele>30.6</ele>
    <time>2024-09-12T18:13:16Z</time>
    <extensions>
     <gpxtpx:TrackPointExtension>
      <gpxtpx:hr>121</gpxtpx:hr>
     </gpxtpx:TrackPointExtension>
    </extensions>
   </trkpt>
   <trkpt lat="51.5701800" lon="-0.0905870">
    <ele>30.6</ele>
    <time>2024-09-12T18:13:17Z</time>
    <extensions>
     <gpxtpx:TrackPointExtension>
      <gpxtpx:hr>121</gpxtpx:hr>
     </gpxtpx:TrackPointExtension>
    </extensions>
   </trkpt>
   <trkpt lat="51.5701830" lon="-0.0905580">
    <ele>30.6</ele>
    <time>2024-09-12T18:13:18Z</time>
    <extensions>
     <gpxtpx:TrackPointExtension>
      <gpxtpx:hr>121</gpxtpx:hr>
     </gpxtpx:TrackPointExtension>
    </extensions>
   </trkpt>
   <trkpt lat="51.5701860" lon="-0.0905280">
    <ele>30.6</ele>
    <time>2024-09-12T18:13:19Z</time>
    <extensions>
     <gpxtpx:TrackPointExtension>
      <gpxtpx:hr>121</gpxtpx:hr>
     </gpxtpx:TrackPointExtension>
    </extensions>
   </trkpt>
   <trkpt lat="51.5701850" lon="-0.0904640">
    <ele>30.6</ele>
    <time>2024-09-12T18:13:20Z</time>
    <extensions>
     <gpxtpx:TrackPointExtension>
      <gpxtpx:hr>121</gpxtpx:hr>
     </gpxtpx:TrackPointExtension>
    </extensions>
   </trkpt>
   <trkpt lat="51.5701830" lon="-0.0904430">
    <ele>30.6</ele>
    <time>2024-09-12T18:13:21Z</time>
    <extensions>
     <gpxtpx:TrackPointExtension>
      <gpxtpx:hr>121</gpxtpx:hr>
     </gpxtpx:TrackPointExtension>
    </extensions>
   </trkpt>
   <trkpt lat="51.5701730" lon="-0.0903750">
    <ele>30.6</ele>
    <time>2024-09-12T18:13:22Z</time>
    <extensions>
     <gpxtpx:TrackPointExtension>
      <gpxtpx:hr>121</gpxtpx:hr>
     </gpxtpx:TrackPointExtension>
    </extensions>
   </trkpt>
   <trkpt lat="51.5701690" lon="-0.0903480">
    <ele>30.7</ele>
    <time>2024-09-12T18:13:23Z</time>
    <extensions>
     <gpxtpx:TrackPointExtension>
      <gpxtpx:hr>121</gpxtpx:hr>
     </gpxtpx:TrackPointExtension>
    </extensions>
   </trkpt>
   <trkpt lat="51.5701640" lon="-0.0903210">
    <ele>30.7</ele>
    <time>2024-09-12T18:13:24Z</time>
    <extensions>
     <gpxtpx:TrackPointExtension>
      <gpxtpx:hr>121</gpxtpx:hr>
     </gpxtpx:TrackPointExtension>
    </extensions>
   </trkpt>
   <trkpt lat="51.5701570" lon="-0.0902590">
    <ele>30.7</ele>
    <time>2024-09-12T18:13:25Z</time>
    <extensions>
     <gpxtpx:TrackPointExtension>
      <gpxtpx:hr>122</gpxtpx:hr>
     </gpxtpx:TrackPointExtension>
    </extensions>
   </trkpt>
   <trkpt lat="51.5701550" lon="-0.0902370">
    <ele>30.7</ele>
    <time>2024-09-12T18:13:26Z</time>
    <extensions>
     <gpxtpx:TrackPointExtension>
      <gpxtpx:hr>122</gpxtpx:hr>
     </gpxtpx:TrackPointExtension>
    </extensions>
   </trkpt>
   <trkpt lat="51.5701590" lon="-0.0901650">
    <ele>30.7</ele>
    <time>2024-09-12T18:13:27Z</time>
    <extensions>
     <gpxtpx:TrackPointExtension>
      <gpxtpx:hr>122</gpxtpx:hr>
     </gpxtpx:TrackPointExtension>
    </extensions>
   </trkpt>
   <trkpt lat="51.5701620" lon="-0.0901360">
    <ele>30.7</ele>
    <time>2024-09-12T18:13:28Z</time>
    <extensions>
     <gpxtpx:TrackPointExtension>
      <gpxtpx:hr>122</gpxtpx:hr>
     </gpxtpx:TrackPointExtension>
    </extensions>
   </trkpt>
   <trkpt lat="51.5701650" lon="-0.0901070">
    <ele>30.7</ele>
    <time>2024-09-12T18:13:29Z</time>
    <extensions>
     <gpxtpx:TrackPointExtension>
      <gpxtpx:hr>122</gpxtpx:hr>
     </gpxtpx:TrackPointExtension>
    </extensions>
   </trkpt>
   <trkpt lat="51.5701800" lon="-0.0900400">
    <ele>30.7</ele>
    <time>2024-09-12T18:13:30Z</time>
    <extensions>
     <gpxtpx:TrackPointExtension>
      <gpxtpx:hr>122</gpxtpx:hr>
     </gpxtpx:TrackPointExtension>
    </extensions>
   </trkpt>
   <trkpt lat="51.5701870" lon="-0.0900150">
    <ele>30.7</ele>
    <time>2024-09-12T18:13:31Z</time>
    <extensions>
     <gpxtpx:TrackPointExtension>
      <gpxtpx:hr>122</gpxtpx:hr>
     </gpxtpx:TrackPointExtension>
    </extensions>
   </trkpt>
   <trkpt lat="51.5701950" lon="-0.0899900">
    <ele>30.7</ele>
    <time>2024-09-12T18:13:32Z</time>
    <extensions>
     <gpxtpx:TrackPointExtension>
      <gpxtpx:hr>122</gpxtpx:hr>
     </gpxtpx:TrackPointExtension>
    </extensions>
   </trkpt>
   <trkpt lat="51.5702180" lon="-0.0899400">
    <ele>30.7</ele>
    <time>2024-09-12T18:13:33Z</time>
    <extensions>
     <gpxtpx:TrackPointExtension>
      <gpxtpx:hr>124</gpxtpx:hr>
     </gpxtpx:TrackPointExtension>
    </extensions>
   </trkpt>
   <trkpt lat="51.5702270" lon="-0.0899240">
    <ele>30.7</ele>
    <time>2024-09-12T18:13:34Z</time>
    <extensions>
     <gpxtpx:TrackPointExtension>
      <gpxtpx:hr>124</gpxtpx:hr>
     </gpxtpx:TrackPointExtension>
    </extensions>
   </trkpt>
   <trkpt lat="51.5702550" lon="-0.0898690">
    <ele>30.7</ele>
    <time>2024-09-12T18:13:35Z</time>
    <extensions>
     <gpxtpx:TrackPointExtension>
      <gpxtpx:hr>124</gpxtpx:hr>
     </gpxtpx:TrackPointExtension>
    </extensions>
   </trkpt>
   <trkpt lat="51.5702660" lon="-0.0898460">
    <ele>30.7</ele>
    <time>2024-09-12T18:13:36Z</time>
    <extensions>
     <gpxtpx:TrackPointExtension>
      <gpxtpx:hr>124</gpxtpx:hr>
     </gpxtpx:TrackPointExtension>
    </extensions>
   </trkpt>
   <trkpt lat="51.5702770" lon="-0.0898230">
    <ele>30.7</ele>
    <time>2024-09-12T18:13:37Z</time>
    <extensions>
     <gpxtpx:TrackPointExtension>
      <gpxtpx:hr>124</gpxtpx:hr>
     </gpxtpx:TrackPointExtension>
    </extensions>
   </trkpt>
   <trkpt lat="51.5703010" lon="-0.0897700">
    <ele>30.7</ele>
    <time>2024-09-12T18:13:38Z</time>
    <extensions>
     <gpxtpx:TrackPointExtension>
      <gpxtpx:hr>125</gpxtpx:hr>
     </gpxtpx:TrackPointExtension>
    </extensions>
   </trkpt>
   <trkpt lat="51.5703090" lon="-0.0897520">
    <ele>30.7</ele>
    <time>2024-09-12T18:13:39Z</time>
    <extensions>
     <gpxtpx:TrackPointExtension>
      <gpxtpx:hr>125</gpxtpx:hr>
     </gpxtpx:TrackPointExtension>
    </extensions>
   </trkpt>
   <trkpt lat="51.5703330" lon="-0.0896910">
    <ele>30.7</ele>
    <time>2024-09-12T18:13:40Z</time>
    <extensions>
     <gpxtpx:TrackPointExtension>
      <gpxtpx:hr>125</gpxtpx:hr>
     </gpxtpx:TrackPointExtension>
    </extensions>
   </trkpt>
   <trkpt lat="51.5703430" lon="-0.0896660">
    <ele>30.7</ele>
    <time>2024-09-12T18:13:41Z</time>
    <extensions>
     <gpxtpx:TrackPointExtension>
      <gpxtpx:hr>125</gpxtpx:hr>
     </gpxtpx:TrackPointExtension>
    </extensions>
   </trkpt>
   <trkpt lat="51.5703530" lon="-0.0896420">
    <ele>30.7</ele>
    <time>2024-09-12T18:13:42Z</time>
    <extensions>
     <gpxtpx:TrackPointExtension>
      <gpxtpx:hr>125</gpxtpx:hr>
     </gpxtpx:TrackPointExtension>
    </extensions>
   </trkpt>
   <trkpt lat="51.5703770" lon="-0.0895890">
    <ele>30.7</ele>
    <time>2024-09-12T18:13:43Z</time>
    <extensions>
     <gpxtpx:TrackPointExtension>
      <gpxtpx:hr>125</gpxtpx:hr>
     </gpxtpx:TrackPointExtension>
    </extensions>
   </trkpt>
   <trkpt lat="51.5703860" lon="-0.0895720">
    <ele>30.7</ele>
    <time>2024-09-12T18:13:44Z</time>
    <extensions>
     <gpxtpx:TrackPointExtension>
      <gpxtpx:hr>126</gpxtpx:hr>
     </gpxtpx:TrackPointExtension>
    </extensions>
   </trkpt>
   <trkpt lat="51.5704140" lon="-0.0895160">
    <ele>30.7</ele>
    <time>2024-09-12T18:13:45Z</time>
    <extensions>
     <gpxtpx:TrackPointExtension>
      <gpxtpx:hr>126</gpxtpx:hr>
     </gpxtpx:TrackPointExtension>
    </extensions>
   </trkpt>
   <trkpt lat="51.5704240" lon="-0.0894950">
    <ele>30.7</ele>
    <time>2024-09-12T18:13:46Z</time>
    <extensions>
     <gpxtpx:TrackPointExtension>
      <gpxtpx:hr>126</gpxtpx:hr>
     </gpxtpx:TrackPointExtension>
    </extensions>
   </trkpt>
   <trkpt lat="51.5704350" lon="-0.0894740">
    <ele>30.7</ele>
    <time>2024-09-12T18:13:47Z</time>
    <extensions>
     <gpxtpx:TrackPointExtension>
      <gpxtpx:hr>126</gpxtpx:hr>
     </gpxtpx:TrackPointExtension>
    </extensions>
   </trkpt>
   <trkpt lat="51.5704610" lon="-0.0894310">
    <ele>30.7</ele>
    <time>2024-09-12T18:13:48Z</time>
    <extensions>
     <gpxtpx:TrackPointExtension>
      <gpxtpx:hr>124</gpxtpx:hr>
     </gpxtpx:TrackPointExtension>
    </extensions>
   </trkpt>
   <trkpt lat="51.5704700" lon="-0.0894180">
    <ele>30.7</ele>
    <time>2024-09-12T18:13:49Z</time>
    <extensions>
     <gpxtpx:TrackPointExtension>
      <gpxtpx:hr>124</gpxtpx:hr>
     </gpxtpx:TrackPointExtension>
    </extensions>
   </trkpt>
   <trkpt lat="51.5705020" lon="-0.0893770">
    <ele>30.7</ele>
    <time>2024-09-12T18:13:50Z</time>
    <extensions>
     <gpxtpx:TrackPointExtension>
      <gpxtpx:hr>124</gpxtpx:hr>
     </gpxtpx:TrackPointExtension>
    </extensions>
   </trkpt>
   <trkpt lat="51.5705160" lon="-0.0893610">
    <ele>30.7</ele>
    <time>2024-09-12T18:13:51Z</time>
    <extensions>
     <gpxtpx:TrackPointExtension>
      <gpxtpx:hr>124</gpxtpx:hr>
     </gpxtpx:TrackPointExtension>
    </extensions>
   </trkpt>
   <trkpt lat="51.5705300" lon="-0.0893450">
    <ele>30.7</ele>
    <time>2024-09-12T18:13:52Z</time>
    <extensions>
     <gpxtpx:TrackPointExtension>
      <gpxtpx:hr>124</gpxtpx:hr>
     </gpxtpx:TrackPointExtension>
    </extensions>
   </trkpt>
   <trkpt lat="51.5705670" lon="-0.0893070">
    <ele>30.7</ele>
    <time>2024-09-12T18:13:53Z</time>
    <extensions>
     <gpxtpx:TrackPointExtension>
      <gpxtpx:hr>124</gpxtpx:hr>
     </gpxtpx:TrackPointExtension>
    </extensions>
   </trkpt>
   <trkpt lat="51.5705820" lon="-0.0892930">
    <ele>30.7</ele>
    <time>2024-09-12T18:13:54Z</time>
    <extensions>
     <gpxtpx:TrackPointExtension>
      <gpxtpx:hr>124</gpxtpx:hr>
     </gpxtpx:TrackPointExtension>
    </extensions>
   </trkpt>
   <trkpt lat="51.5705970" lon="-0.0892790">
    <ele>30.7</ele>
    <time>2024-09-12T18:13:55Z</time>
    <extensions>
     <gpxtpx:TrackPointExtension>
      <gpxtpx:hr>124</gpxtpx:hr>
     </gpxtpx:TrackPointExtension>
    </extensions>
   </trkpt>
   <trkpt lat="51.5706260" lon="-0.0892420">
    <ele>30.7</ele>
    <time>2024-09-12T18:13:56Z</time>
    <extensions>
     <gpxtpx:TrackPointExtension>
      <gpxtpx:hr>124</gpxtpx:hr>
     </gpxtpx:TrackPointExtension>
    </extensions>
   </trkpt>
   <trkpt lat="51.5706360" lon="-0.0892300">
    <ele>30.7</ele>
    <time>2024-09-12T18:13:57Z</time>
    <extensions>
     <gpxtpx:TrackPointExtension>
      <gpxtpx:hr>124</gpxtpx:hr>
     </gpxtpx:TrackPointExtension>
    </extensions>
   </trkpt>
   <trkpt lat="51.5706650" lon="-0.0891870">
    <ele>30.7</ele>
    <time>2024-09-12T18:13:58Z</time>
    <extensions>
     <gpxtpx:TrackPointExtension>
      <gpxtpx:hr>124</gpxtpx:hr>
     </gpxtpx:TrackPointExtension>
    </extensions>
   </trkpt>
   <trkpt lat="51.5706760" lon="-0.0891710">
    <ele>30.7</ele>
    <time>2024-09-12T18:13:59Z</time>
    <extensions>
     <gpxtpx:TrackPointExtension>
      <gpxtpx:hr>124</gpxtpx:hr>
     </gpxtpx:TrackPointExtension>
    </extensions>
   </trkpt>
   <trkpt lat="51.5706870" lon="-0.0891550">
    <ele>30.7</ele>
    <time>2024-09-12T18:14:00Z</time>
    <extensions>
     <gpxtpx:TrackPointExtension>
      <gpxtpx:hr>124</gpxtpx:hr>
     </gpxtpx:TrackPointExtension>
    </extensions>
   </trkpt>
   <trkpt lat="51.5707120" lon="-0.0891280">
    <ele>30.7</ele>
    <time>2024-09-12T18:14:01Z</time>
    <extensions>
     <gpxtpx:TrackPointExtension>
      <gpxtpx:hr>124</gpxtpx:hr>
     </gpxtpx:TrackPointExtension>
    </extensions>
   </trkpt>
   <trkpt lat="51.5707210" lon="-0.0891210">
    <ele>30.7</ele>
    <time>2024-09-12T18:14:02Z</time>
    <extensions>
     <gpxtpx:TrackPointExtension>
      <gpxtpx:hr>124</gpxtpx:hr>
     </gpxtpx:TrackPointExtension>
    </extensions>
   </trkpt>
   <trkpt lat="51.5707510" lon="-0.0891140">
    <ele>30.8</ele>
    <time>2024-09-12T18:14:03Z</time>
    <extensions>
     <gpxtpx:TrackPointExtension>
      <gpxtpx:hr>124</gpxtpx:hr>
     </gpxtpx:TrackPointExtension>
    </extensions>
   </trkpt>
   <trkpt lat="51.5707630" lon="-0.0891140">
    <ele>30.8</ele>
    <time>2024-09-12T18:14:04Z</time>
    <extensions>
     <gpxtpx:TrackPointExtension>
      <gpxtpx:hr>124</gpxtpx:hr>
     </gpxtpx:TrackPointExtension>
    </extensions>
   </trkpt>
   <trkpt lat="51.5707750" lon="-0.0891150">
    <ele>30.8</ele>
    <time>2024-09-12T18:14:05Z</time>
    <extensions>
     <gpxtpx:TrackPointExtension>
      <gpxtpx:hr>124</gpxtpx:hr>
     </gpxtpx:TrackPointExtension>
    </extensions>
   </trkpt>
   <trkpt lat="51.5708100" lon="-0.0891310">
    <ele>30.9</ele>
    <time>2024-09-12T18:14:06Z</time>
    <extensions>
     <gpxtpx:TrackPointExtension>
      <gpxtpx:hr>124</gpxtpx:hr>
     </gpxtpx:TrackPointExtension>
    </extensions>
   </trkpt>
   <trkpt lat="51.5708220" lon="-0.0891370">
    <ele>30.9</ele>
    <time>2024-09-12T18:14:07Z</time>
    <extensions>
     <gpxtpx:TrackPointExtension>
      <gpxtpx:hr>124</gpxtpx:hr>
     </gpxtpx:TrackPointExtension>
    </extensions>
   </trkpt>
   <trkpt lat="51.5708630" lon="-0.0891590">
    <ele>30.9</ele>
    <time>2024-09-12T18:14:08Z</time>
    <extensions>
     <gpxtpx:TrackPointExtension>
      <gpxtpx:hr>124</gpxtpx:hr>
     </gpxtpx:TrackPointExtension>
    </extensions>
   </trkpt>
   <trkpt lat="51.5708800" lon="-0.0891680">
    <ele>30.9</ele>
    <time>2024-09-12T18:14:09Z</time>
    <extensions>
     <gpxtpx:TrackPointExtension>
      <gpxtpx:hr>124</gpxtpx:hr>
     </gpxtpx:TrackPointExtension>
    </extensions>
   </trkpt>
   <trkpt lat="51.5708970" lon="-0.0891760">
    <ele>30.9</ele>
    <time>2024-09-12T18:14:10Z</time>
    <extensions>
     <gpxtpx:TrackPointExtension>
      <gpxtpx:hr>124</gpxtpx:hr>
     </gpxtpx:TrackPointExtension>
    </extensions>
   </trkpt>
   <trkpt lat="51.5709340" lon="-0.0892000">
    <ele>31.0</ele>
    <time>2024-09-12T18:14:11Z</time>
    <extensions>
     <gpxtpx:TrackPointExtension>
      <gpxtpx:hr>124</gpxtpx:hr>
     </gpxtpx:TrackPointExtension>
    </extensions>
   </trkpt>
   <trkpt lat="51.5709460" lon="-0.0892080">
    <ele>31.0</ele>
    <time>2024-09-12T18:14:12Z</time>
    <extensions>
     <gpxtpx:TrackPointExtension>
      <gpxtpx:hr>122</gpxtpx:hr>
     </gpxtpx:TrackPointExtension>
    </extensions>
   </trkpt>
   <trkpt lat="51.5709830" lon="-0.0892400">
    <ele>31.0</ele>
    <time>2024-09-12T18:14:13Z</time>
    <extensions>
     <gpxtpx:TrackPointExtension>
      <gpxtpx:hr>122</gpxtpx:hr>
     </gpxtpx:TrackPointExtension>
    </extensions>
   </trkpt>
   <trkpt lat="51.5709980" lon="-0.0892530">
    <ele>31.0</ele>
    <time>2024-09-12T18:14:14Z</time>
    <extensions>
     <gpxtpx:TrackPointExtension>
      <gpxtpx:hr>122</gpxtpx:hr>
     </gpxtpx:TrackPointExtension>
    </extensions>
   </trkpt>
   <trkpt lat="51.5710120" lon="-0.0892660">
    <ele>31.0</ele>
    <time>2024-09-12T18:14:15Z</time>
    <extensions>
     <gpxtpx:TrackPointExtension>
      <gpxtpx:hr>122</gpxtpx:hr>
     </gpxtpx:TrackPointExtension>
    </extensions>
   </trkpt>
   <trkpt lat="51.5710440" lon="-0.0892970">
    <ele>31.1</ele>
    <time>2024-09-12T18:14:16Z</time>
    <extensions>
     <gpxtpx:TrackPointExtension>
      <gpxtpx:hr>122</gpxtpx:hr>
     </gpxtpx:TrackPointExtension>
    </extensions>
   </trkpt>
   <trkpt lat="51.5710540" lon="-0.0893080">
    <ele>31.1</ele>
    <time>2024-09-12T18:14:17Z</time>
    <extensions>
     <gpxtpx:TrackPointExtension>
      <gpxtpx:hr>122</gpxtpx:hr>
     </gpxtpx:TrackPointExtension>
    </extensions>
   </trkpt>
   <trkpt lat="51.5711080" lon="-0.0893640">
    <ele>31.2</ele>
    <time>2024-09-12T18:14:18Z</time>
    <extensions>
     <gpxtpx:TrackPointExtension>
      <gpxtpx:hr>122</gpxtpx:hr>
     </gpxtpx:TrackPointExtension>
    </extensions>
   </trkpt>
   <trkpt lat="51.5711220" lon="-0.0893780">
    <ele>31.2</ele>
    <time>2024-09-12T18:14:19Z</time>
    <extensions>
     <gpxtpx:TrackPointExtension>
      <gpxtpx:hr>122</gpxtpx:hr>
     </gpxtpx:TrackPointExtension>
    </extensions>
   </trkpt>
   <trkpt lat="51.5711350" lon="-0.0893920">
    <ele>31.2</ele>
    <time>2024-09-12T18:14:20Z</time>
    <extensions>
     <gpxtpx:TrackPointExtension>
      <gpxtpx:hr>122</gpxtpx:hr>
     </gpxtpx:TrackPointExtension>
    </extensions>
   </trkpt>
   <trkpt lat="51.5711700" lon="-0.0894280">
    <ele>31.3</ele>
    <time>2024-09-12T18:14:21Z</time>
    <extensions>
     <gpxtpx:TrackPointExtension>
      <gpxtpx:hr>122</gpxtpx:hr>
     </gpxtpx:TrackPointExtension>
    </extensions>
   </trkpt>
   <trkpt lat="51.5711840" lon="-0.0894420">
    <ele>31.3</ele>
    <time>2024-09-12T18:14:22Z</time>
    <extensions>
     <gpxtpx:TrackPointExtension>
      <gpxtpx:hr>122</gpxtpx:hr>
     </gpxtpx:TrackPointExtension>
    </extensions>
   </trkpt>
   <trkpt lat="51.5711970" lon="-0.0894560">
    <ele>31.3</ele>
    <time>2024-09-12T18:14:23Z</time>
    <extensions>
     <gpxtpx:TrackPointExtension>
      <gpxtpx:hr>122</gpxtpx:hr>
     </gpxtpx:TrackPointExtension>
    </extensions>
   </trkpt>
   <trkpt lat="51.5712290" lon="-0.0894890">
    <ele>31.3</ele>
    <time>2024-09-12T18:14:24Z</time>
    <extensions>
     <gpxtpx:TrackPointExtension>
      <gpxtpx:hr>122</gpxtpx:hr>
     </gpxtpx:TrackPointExtension>
    </extensions>
   </trkpt>
   <trkpt lat="51.5712400" lon="-0.0895000">
    <ele>31.3</ele>
    <time>2024-09-12T18:14:25Z</time>
    <extensions>
     <gpxtpx:TrackPointExtension>
      <gpxtpx:hr>122</gpxtpx:hr>
     </gpxtpx:TrackPointExtension>
    </extensions>
   </trkpt>
   <trkpt lat="51.5712740" lon="-0.0895350">
    <ele>31.4</ele>
    <time>2024-09-12T18:14:26Z</time>
    <extensions>
     <gpxtpx:TrackPointExtension>
      <gpxtpx:hr>122</gpxtpx:hr>
     </gpxtpx:TrackPointExtension>
    </extensions>
   </trkpt>
   <trkpt lat="51.5712880" lon="-0.0895480">
    <ele>31.4</ele>
    <time>2024-09-12T18:14:27Z</time>
    <extensions>
     <gpxtpx:TrackPointExtension>
      <gpxtpx:hr>124</gpxtpx:hr>
     </gpxtpx:TrackPointExtension>
    </extensions>
   </trkpt>
   <trkpt lat="51.5713020" lon="-0.0895620">
    <ele>31.4</ele>
    <time>2024-09-12T18:14:28Z</time>
    <extensions>
     <gpxtpx:TrackPointExtension>
      <gpxtpx:hr>124</gpxtpx:hr>
     </gpxtpx:TrackPointExtension>
    </extensions>
   </trkpt>
   <trkpt lat="51.5713320" lon="-0.0895930">
    <ele>31.5</ele>
    <time>2024-09-12T18:14:29Z</time>
    <extensions>
     <gpxtpx:TrackPointExtension>
      <gpxtpx:hr>124</gpxtpx:hr>
     </gpxtpx:TrackPointExtension>
    </extensions>
   </trkpt>
   <trkpt lat="51.5713420" lon="-0.0896030">
    <ele>31.5</ele>
    <time>2024-09-12T18:14:30Z</time>
    <extensions>
     <gpxtpx:TrackPointExtension>
      <gpxtpx:hr>124</gpxtpx:hr>
     </gpxtpx:TrackPointExtension>
    </extensions>
   </trkpt>
   <trkpt lat="51.5713760" lon="-0.0896370">
    <ele>31.5</ele>
    <time>2024-09-12T18:14:31Z</time>
    <extensions>
     <gpxtpx:TrackPointExtension>
      <gpxtpx:hr>125</gpxtpx:hr>
     </gpxtpx:TrackPointExtension>
    </extensions>
   </trkpt>
   <trkpt lat="51.5713890" lon="-0.0896510">
    <ele>31.5</ele>
    <time>2024-09-12T18:14:32Z</time>
    <extensions>
     <gpxtpx:TrackPointExtension>
      <gpxtpx:hr>125</gpxtpx:hr>
     </gpxtpx:TrackPointExtension>
    </extensions>
   </trkpt>
   <trkpt lat="51.5714030" lon="-0.0896640">
    <ele>31.6</ele>
    <time>2024-09-12T18:14:33Z</time>
    <extensions>
     <gpxtpx:TrackPointExtension>
      <gpxtpx:hr>125</gpxtpx:hr>
     </gpxtpx:TrackPointExtension>
    </extensions>
   </trkpt>
   <trkpt lat="51.5714320" lon="-0.0896940">
    <ele>31.6</ele>
    <time>2024-09-12T18:14:34Z</time>
    <extensions>
     <gpxtpx:TrackPointExtension>
      <gpxtpx:hr>125</gpxtpx:hr>
     </gpxtpx:TrackPointExtension>
    </extensions>
   </trkpt>
   <trkpt lat="51.5714420" lon="-0.0897040">
    <ele>31.6</ele>
    <time>2024-09-12T18:14:35Z</time>
    <extensions>
     <gpxtpx:TrackPointExtension>
      <gpxtpx:hr>125</gpxtpx:hr>
     </gpxtpx:TrackPointExtension>
    </extensions>
   </trkpt>
   <trkpt lat="51.5714600" lon="-0.0897220">
    <ele>31.7</ele>
    <time>2024-09-12T18:14:36Z</time>
    <extensions>
     <gpxtpx:TrackPointExtension>
      <gpxtpx:hr>125</gpxtpx:hr>
     </gpxtpx:TrackPointExtension>
    </extensions>
   </trkpt>
   <trkpt lat="51.5714770" lon="-0.0897400">
    <ele>31.7</ele>
    <time>2024-09-12T18:14:37Z</time>
    <extensions>
     <gpxtpx:TrackPointExtension>
      <gpxtpx:hr>125</gpxtpx:hr>
     </gpxtpx:TrackPointExtension>
    </extensions>
   </trkpt>
   <trkpt lat="51.5714770" lon="-0.0897400">
    <ele>31.7</ele>
    <time>2024-09-12T18:14:38Z</time>
    <extensions>
     <gpxtpx:TrackPointExtension>
      <gpxtpx:hr>125</gpxtpx:hr>
     </gpxtpx:TrackPointExtension>
    </extensions>
   </trkpt>
  </trkseg>
 </trk>
</gpx>
