<?xml version="1.0" encoding="UTF-8"?>
<gpx creator="StravaGPX" version="1.1" xmlns="http://www.topografix.com/GPX/1/1" xmlns:xsi="http://www.w3.org/2001/XMLSchema-instance" xsi:schemaLocation="http://www.topografix.com/GPX/1/1 http://www.topografix.com/GPX/1/1/gpx.xsd">
 <metadata>
  <time>2025-06-16T16:25:27Z</time>
 </metadata>
 <trk>
  <name>Evening Run</name>
  <type>running</type>
  <trkseg>
   <trkpt lat="51.5321750" lon="-0.0612710">
    <ele>15.2</ele>
    <time>2025-06-16T16:25:27Z</time>
   </trkpt>
   <trkpt lat="51.5321750" lon="-0.0612710">
    <ele>15.2</ele>
    <time>2025-06-16T16:25:33Z</time>
   </trkpt>
   <trkpt lat="51.5321970" lon="-0.0612810">
    <ele>15.2</ele>
    <time>2025-06-16T16:25:34Z</time>
   </trkpt>
   <trkpt lat="51.5322300" lon="-0.0612920">
    <ele>15.2</ele>
    <time>2025-06-16T16:25:35Z</time>
   </trkpt>
   <trkpt lat="51.5322640" lon="-0.0613050">
    <ele>15.2</ele>
    <time>2025-06-16T16:25:36Z</time>
   </trkpt>
   <trkpt lat="51.5322720" lon="-0.0613080">
    <ele>15.2</ele>
    <time>2025-06-16T16:25:37Z</time>
   </trkpt>
   <trkpt lat="51.5322970" lon="-0.0613390">
    <ele>15.1</ele>
    <time>2025-06-16T16:25:38Z</time>
   </trkpt>
   <trkpt lat="51.5323110" lon="-0.0613490">
    <ele>15.1</ele>
    <time>2025-06-16T16:25:39Z</time>
   </trkpt>
   <trkpt lat="51.5323290" lon="-0.0613590">
    <ele>15.1</ele>
    <time>2025-06-16T16:25:40Z</time>
   </trkpt>
   <trkpt lat="51.5323430" lon="-0.0613410">
    <ele>15.1</ele>
    <time>2025-06-16T16:25:41Z</time>
   </trkpt>
   <trkpt lat="51.5323590" lon="-0.0613530">
    <ele>15.1</ele>
    <time>2025-06-16T16:25:42Z</time>
   </trkpt>
   <trkpt lat="51.5323900" lon="-0.0613540">
    <ele>15.1</ele>
    <time>2025-06-16T16:25:43Z</time>
   </trkpt>
   <trkpt lat="51.5324000" lon="-0.0613530">
    <ele>15.1</ele>
    <time>2025-06-16T16:25:44Z</time>
   </trkpt>
   <trkpt lat="51.5324300" lon="-0.0613560">
    <ele>15.1</ele>
    <time>2025-06-16T16:25:45Z</time>
   </trkpt>
   <trkpt lat="51.5324570" lon="-0.0613690">
    <ele>15.1</ele>
    <time>2025-06-16T16:25:46Z</time>
   </trkpt>
   <trkpt lat="51.5324650" lon="-0.0613820">
    <ele>15.1</ele>
    <time>2025-06-16T16:25:47Z</time>
   </trkpt>
   <trkpt lat="51.5324940" lon="-0.0613900">
    <ele>15.0</ele>
    <time>2025-06-16T16:25:48Z</time>
   </trkpt>
   <trkpt lat="51.5325070" lon="-0.0613910">
    <ele>15.0</ele>
    <time>2025-06-16T16:25:49Z</time>
   </trkpt>
   <trkpt lat="51.5325360" lon="-0.0613830">
    <ele>15.0</ele>
    <time>2025-06-16T16:25:50Z</time>
   </trkpt>
   <trkpt lat="51.5325490" lon="-0.0613840">
    <ele>15.0</ele>
    <time>2025-06-16T16:25:51Z</time>
   </trkpt>
   <trkpt lat="51.5325770" lon="-0.0613920">
    <ele>15.0</ele>
    <time>2025-06-16T16:25:52Z</time>
   </trkpt>
   <trkpt lat="51.5325880" lon="-0.0614020">
    <ele>15.0</ele>
    <time>2025-06-16T16:25:53Z</time>
   </trkpt>
   <trkpt lat="51.5326210" lon="-0.0614180">
    <ele>15.0</ele>
    <time>2025-06-16T16:25:54Z</time>
   </trkpt>
   <trkpt lat="51.5326350" lon="-0.0614210">
    <ele>15.0</ele>
    <time>2025-06-16T16:25:55Z</time>
   </trkpt>
   <trkpt lat="51.5326640" lon="-0.0614030">
    <ele>15.0</ele>
    <time>2025-06-16T16:25:56Z</time>
   </trkpt>
   <trkpt lat="51.5326890" lon="-0.0614290">
    <ele>15.0</ele>
    <time>2025-06-16T16:25:57Z</time>
   </trkpt>
   <trkpt lat="51.5327270" lon="-0.0614510">
    <ele>15.0</ele>
    <time>2025-06-16T16:25:58Z</time>
   </trkpt>
   <trkpt lat="51.5327390" lon="-0.0614590">
    <ele>15.0</ele>
    <time>2025-06-16T16:25:59Z</time>
   </trkpt>
   <trkpt lat="51.5327920" lon="-0.0614970">
    <ele>15.0</ele>
    <time>2025-06-16T16:26:00Z</time>
   </trkpt>
   <trkpt lat="51.5328190" lon="-0.0615430">
    <ele>15.0</ele>
    <time>2025-06-16T16:26:01Z</time>
   </trkpt>
   <trkpt lat="51.5328440" lon="-0.0615760">
    <ele>15.0</ele>
    <time>2025-06-16T16:26:02Z</time>
   </trkpt>
   <trkpt lat="51.5328810" lon="-0.0616040">
    <ele>15.0</ele>
    <time>2025-06-16T16:26:03Z</time>
   </trkpt>
   <trkpt lat="51.5328960" lon="-0.0616120">
    <ele>15.0</ele>
    <time>2025-06-16T16:26:04Z</time>
   </trkpt>
   <trkpt lat="51.5329330" lon="-0.0616370">
    <ele>15.0</ele>
    <time>2025-06-16T16:26:05Z</time>
   </trkpt>
   <trkpt lat="51.5329470" lon="-0.0616480">
    <ele>15.0</ele>
    <time>2025-06-16T16:26:06Z</time>
   </trkpt>
   <trkpt lat="51.5329740" lon="-0.0616640">
    <ele>15.0</ele>
    <time>2025-06-16T16:26:07Z</time>
   </trkpt>
   <trkpt lat="51.5330090" lon="-0.0616810">
    <ele>14.9</ele>
    <time>2025-06-16T16:26:08Z</time>
   </trkpt>
   <trkpt lat="51.5330210" lon="-0.0616920">
    <ele>14.9</ele>
    <time>2025-06-16T16:26:09Z</time>
   </trkpt>
   <trkpt lat="51.5330450" lon="-0.0617150">
    <ele>14.9</ele>
    <time>2025-06-16T16:26:10Z</time>
   </trkpt>
   <trkpt lat="51.5330770" lon="-0.0617380">
    <ele>14.9</ele>
    <time>2025-06-16T16:26:11Z</time>
   </trkpt>
   <trkpt lat="51.5330880" lon="-0.0617460">
    <ele>14.9</ele>
    <time>2025-06-16T16:26:12Z</time>
   </trkpt>
   <trkpt lat="51.5331130" lon="-0.0617720">
    <ele>14.9</ele>
    <time>2025-06-16T16:26:13Z</time>
   </trkpt>
   <trkpt lat="51.5331200" lon="-0.0617860">
    <ele>14.9</ele>
    <time>2025-06-16T16:26:14Z</time>
   </trkpt>
   <trkpt lat="51.5331500" lon="-0.0618210">
    <ele>14.9</ele>
    <time>2025-06-16T16:26:15Z</time>
   </trkpt>
   <trkpt lat="51.5331820" lon="-0.0618540">
    <ele>14.9</ele>
    <time>2025-06-16T16:26:16Z</time>
   </trkpt>
   <trkpt lat="51.5331930" lon="-0.0618610">
    <ele>14.9</ele>
    <time>2025-06-16T16:26:17Z</time>
   </trkpt>
   <trkpt lat="51.5332120" lon="-0.0618970">
    <ele>14.8</ele>
    <time>2025-06-16T16:26:18Z</time>
   </trkpt>
   <trkpt lat="51.5332410" lon="-0.0619200">
    <ele>14.8</ele>
    <time>2025-06-16T16:26:19Z</time>
   </trkpt>
   <trkpt lat="51.5332520" lon="-0.0619240">
    <ele>14.8</ele>
    <time>2025-06-16T16:26:20Z</time>
   </trkpt>
   <trkpt lat="51.5332820" lon="-0.0619440">
    <ele>14.8</ele>
    <time>2025-06-16T16:26:21Z</time>
   </trkpt>
   <trkpt lat="51.5332920" lon="-0.0619530">
    <ele>14.8</ele>
    <time>2025-06-16T16:26:22Z</time>
   </trkpt>
   <trkpt lat="51.5333150" lon="-0.0619780">
    <ele>14.8</ele>
    <time>2025-06-16T16:26:23Z</time>
   </trkpt>
   <trkpt lat="51.5333410" lon="-0.0619970">
    <ele>14.8</ele>
    <time>2025-06-16T16:26:24Z</time>
   </trkpt>
   <trkpt lat="51.5333660" lon="-0.0620370">
    <ele>14.8</ele>
    <time>2025-06-16T16:26:25Z</time>
   </trkpt>
   <trkpt lat="51.5334000" lon="-0.0620640">
    <ele>14.8</ele>
    <time>2025-06-16T16:26:26Z</time>
   </trkpt>
   <trkpt lat="51.5334100" lon="-0.0620770">
    <ele>14.8</ele>
    <time>2025-06-16T16:26:27Z</time>
   </trkpt>
   <trkpt lat="51.5334470" lon="-0.0621020">
    <ele>14.8</ele>
    <time>2025-06-16T16:26:28Z</time>
   </trkpt>
   <trkpt lat="51.5334590" lon="-0.0621150">
    <ele>14.8</ele>
    <time>2025-06-16T16:26:29Z</time>
   </trkpt>
   <trkpt lat="51.5334870" lon="-0.0621130">
    <ele>14.8</ele>
    <time>2025-06-16T16:26:30Z</time>
   </trkpt>
   <trkpt lat="51.5335170" lon="-0.0621320">
    <ele>14.8</ele>
    <time>2025-06-16T16:26:31Z</time>
   </trkpt>
   <trkpt lat="51.5335270" lon="-0.0621400">
    <ele>14.8</ele>
    <time>2025-06-16T16:26:32Z</time>
   </trkpt>
   <trkpt lat="51.5335620" lon="-0.0621680">
    <ele>14.8</ele>
    <time>2025-06-16T16:26:33Z</time>
   </trkpt>
   <trkpt lat="51.5335760" lon="-0.0621730">
    <ele>14.8</ele>
    <time>2025-06-16T16:26:34Z</time>
   </trkpt>
   <trkpt lat="51.5336100" lon="-0.0621840">
    <ele>14.8</ele>
    <time>2025-06-16T16:26:35Z</time>
   </trkpt>
   <trkpt lat="51.5336230" lon="-0.0621820">
    <ele>14.8</ele>
    <time>2025-06-16T16:26:36Z</time>
   </trkpt>
   <trkpt lat="51.5336550" lon="-0.0621990">
    <ele>14.8</ele>
    <time>2025-06-16T16:26:37Z</time>
   </trkpt>
   <trkpt lat="51.5336660" lon="-0.0622070">
    <ele>14.8</ele>
    <time>2025-06-16T16:26:38Z</time>
   </trkpt>
   <trkpt lat="51.5337030" lon="-0.0622060">
    <ele>14.8</ele>
    <time>2025-06-16T16:26:39Z</time>
   </trkpt>
   <trkpt lat="51.5337160" lon="-0.0622040">
    <ele>14.8</ele>
    <time>2025-06-16T16:26:40Z</time>
   </trkpt>
   <trkpt lat="51.5337420" lon="-0.0622140">
    <ele>14.8</ele>
    <time>2025-06-16T16:26:41Z</time>
   </trkpt>
   <trkpt lat="51.5337690" lon="-0.0622330">
    <ele>14.8</ele>
    <time>2025-06-16T16:26:42Z</time>
   </trkpt>
   <trkpt lat="51.5337930" lon="-0.0622510">
    <ele>14.9</ele>
    <time>2025-06-16T16:26:43Z</time>
   </trkpt>
   <trkpt lat="51.5338300" lon="-0.0622660">
    <ele>14.9</ele>
    <time>2025-06-16T16:26:44Z</time>
   </trkpt>
   <trkpt lat="51.5338420" lon="-0.0622730">
    <ele>14.9</ele>
    <time>2025-06-16T16:26:45Z</time>
   </trkpt>
   <trkpt lat="51.5338780" lon="-0.0622810">
    <ele>14.9</ele>
    <time>2025-06-16T16:26:46Z</time>
   </trkpt>
   <trkpt lat="51.5338910" lon="-0.0622780">
    <ele>14.9</ele>
    <time>2025-06-16T16:26:47Z</time>
   </trkpt>
   <trkpt lat="51.5339260" lon="-0.0623040">
    <ele>14.9</ele>
    <time>2025-06-16T16:26:48Z</time>
   </trkpt>
   <trkpt lat="51.5339380" lon="-0.0623210">
    <ele>15.0</ele>
    <time>2025-06-16T16:26:49Z</time>
   </trkpt>
   <trkpt lat="51.5339750" lon="-0.0623480">
    <ele>15.0</ele>
    <time>2025-06-16T16:26:50Z</time>
   </trkpt>
   <trkpt lat="51.5339870" lon="-0.0623580">
    <ele>15.0</ele>
    <time>2025-06-16T16:26:51Z</time>
   </trkpt>
   <trkpt lat="51.5340120" lon="-0.0623720">
    <ele>15.0</ele>
    <time>2025-06-16T16:26:52Z</time>
   </trkpt>
   <trkpt lat="51.5340480" lon="-0.0623970">
    <ele>15.0</ele>
    <time>2025-06-16T16:26:53Z</time>
   </trkpt>
   <trkpt lat="51.5340600" lon="-0.0624020">
    <ele>15.0</ele>
    <time>2025-06-16T16:26:54Z</time>
   </trkpt>
   <trkpt lat="51.5340860" lon="-0.0624090">
    <ele>15.1</ele>
    <time>2025-06-16T16:26:55Z</time>
   </trkpt>
   <trkpt lat="51.5341080" lon="-0.0624720">
    <ele>15.1</ele>
    <time>2025-06-16T16:26:56Z</time>
   </trkpt>
   <trkpt lat="51.5341450" lon="-0.0624900">
    <ele>15.1</ele>
    <time>2025-06-16T16:26:57Z</time>
   </trkpt>
   <trkpt lat="51.5341580" lon="-0.0624920">
    <ele>15.1</ele>
    <time>2025-06-16T16:26:58Z</time>
   </trkpt>
   <trkpt lat="51.5341930" lon="-0.0625040">
    <ele>15.2</ele>
    <time>2025-06-16T16:26:59Z</time>
   </trkpt>
   <trkpt lat="51.5342050" lon="-0.0625050">
    <ele>15.2</ele>
    <time>2025-06-16T16:27:00Z</time>
   </trkpt>
   <trkpt lat="51.5342400" lon="-0.0626100">
    <ele>15.2</ele>
    <time>2025-06-16T16:27:01Z</time>
   </trkpt>
   <trkpt lat="51.5342700" lon="-0.0626360">
    <ele>15.3</ele>
    <time>2025-06-16T16:27:02Z</time>
   </trkpt>
   <trkpt lat="51.5342860" lon="-0.0626320">
    <ele>15.3</ele>
    <time>2025-06-16T16:27:03Z</time>
   </trkpt>
   <trkpt lat="51.5343140" lon="-0.0626360">
    <ele>15.3</ele>
    <time>2025-06-16T16:27:04Z</time>
   </trkpt>
   <trkpt lat="51.5343460" lon="-0.0626520">
    <ele>15.3</ele>
    <time>2025-06-16T16:27:05Z</time>
   </trkpt>
   <trkpt lat="51.5343800" lon="-0.0626560">
    <ele>15.4</ele>
    <time>2025-06-16T16:27:06Z</time>
   </trkpt>
   <trkpt lat="51.5343900" lon="-0.0626610">
    <ele>15.4</ele>
    <time>2025-06-16T16:27:07Z</time>
   </trkpt>
   <trkpt lat="51.5344280" lon="-0.0626650">
    <ele>15.4</ele>
    <time>2025-06-16T16:27:08Z</time>
   </trkpt>
   <trkpt lat="51.5344400" lon="-0.0626710">
    <ele>15.4</ele>
    <time>2025-06-16T16:27:09Z</time>
   </trkpt>
   <trkpt lat="51.5344670" lon="-0.0626760">
    <ele>15.5</ele>
    <time>2025-06-16T16:27:10Z</time>
   </trkpt>
   <trkpt lat="51.5345080" lon="-0.0626750">
    <ele>15.5</ele>
    <time>2025-06-16T16:27:11Z</time>
   </trkpt>
   <trkpt lat="51.5345250" lon="-0.0626710">
    <ele>15.5</ele>
    <time>2025-06-16T16:27:12Z</time>
   </trkpt>
   <trkpt lat="51.5345570" lon="-0.0626860">
    <ele>15.5</ele>
    <time>2025-06-16T16:27:13Z</time>
   </trkpt>
   <trkpt lat="51.5345970" lon="-0.0626940">
    <ele>15.6</ele>
    <time>2025-06-16T16:27:14Z</time>
   </trkpt>
   <trkpt lat="51.5346090" lon="-0.0627050">
    <ele>15.6</ele>
    <time>2025-06-16T16:27:15Z</time>
   </trkpt>
   <trkpt lat="51.5346500" lon="-0.0627110">
    <ele>15.6</ele>
    <time>2025-06-16T16:27:17Z</time>
   </trkpt>
   <trkpt lat="51.5346640" lon="-0.0627150">
    <ele>15.6</ele>
    <time>2025-06-16T16:27:18Z</time>
   </trkpt>
   <trkpt lat="51.5347000" lon="-0.0627180">
    <ele>15.7</ele>
    <time>2025-06-16T16:27:19Z</time>
   </trkpt>
   <trkpt lat="51.5347100" lon="-0.0627220">
    <ele>15.7</ele>
    <time>2025-06-16T16:27:20Z</time>
   </trkpt>
   <trkpt lat="51.5347510" lon="-0.0627180">
    <ele>15.7</ele>
    <time>2025-06-16T16:27:21Z</time>
   </trkpt>
   <trkpt lat="51.5347640" lon="-0.0627140">
    <ele>15.7</ele>
    <time>2025-06-16T16:27:22Z</time>
   </trkpt>
   <trkpt lat="51.5348000" lon="-0.0627020">
    <ele>15.8</ele>
    <time>2025-06-16T16:27:23Z</time>
   </trkpt>
   <trkpt lat="51.5348130" lon="-0.0626980">
    <ele>15.8</ele>
    <time>2025-06-16T16:27:24Z</time>
   </trkpt>
   <trkpt lat="51.5348490" lon="-0.0626870">
    <ele>15.8</ele>
    <time>2025-06-16T16:27:25Z</time>
   </trkpt>
   <trkpt lat="51.5348620" lon="-0.0626830">
    <ele>15.9</ele>
    <time>2025-06-16T16:27:26Z</time>
   </trkpt>
   <trkpt lat="51.5349020" lon="-0.0626750">
    <ele>15.9</ele>
    <time>2025-06-16T16:27:27Z</time>
   </trkpt>
   <trkpt lat="51.5349160" lon="-0.0626710">
    <ele>15.9</ele>
    <time>2025-06-16T16:27:28Z</time>
   </trkpt>
   <trkpt lat="51.5349450" lon="-0.0626720">
    <ele>16.0</ele>
    <time>2025-06-16T16:27:29Z</time>
   </trkpt>
   <trkpt lat="51.5349680" lon="-0.0626600">
    <ele>16.1</ele>
    <time>2025-06-16T16:27:30Z</time>
   </trkpt>
   <trkpt lat="51.5349800" lon="-0.0626570">
    <ele>16.1</ele>
    <time>2025-06-16T16:27:31Z</time>
   </trkpt>
   <trkpt lat="51.5350110" lon="-0.0626410">
    <ele>16.2</ele>
    <time>2025-06-16T16:27:32Z</time>
   </trkpt>
   <trkpt lat="51.5350210" lon="-0.0626340">
    <ele>16.2</ele>
    <time>2025-06-16T16:27:33Z</time>
   </trkpt>
   <trkpt lat="51.5350500" lon="-0.0626390">
    <ele>16.3</ele>
    <time>2025-06-16T16:27:34Z</time>
   </trkpt>
   <trkpt lat="51.5350820" lon="-0.0626280">
    <ele>16.4</ele>
    <time>2025-06-16T16:27:35Z</time>
   </trkpt>
   <trkpt lat="51.5350950" lon="-0.0626260">
    <ele>16.4</ele>
    <time>2025-06-16T16:27:36Z</time>
   </trkpt>
   <trkpt lat="51.5351290" lon="-0.0625930">
    <ele>16.5</ele>
    <time>2025-06-16T16:27:37Z</time>
   </trkpt>
   <trkpt lat="51.5351360" lon="-0.0625750">
    <ele>16.6</ele>
    <time>2025-06-16T16:27:38Z</time>
   </trkpt>
   <trkpt lat="51.5351580" lon="-0.0625700">
    <ele>16.6</ele>
    <time>2025-06-16T16:27:39Z</time>
   </trkpt>
   <trkpt lat="51.5351950" lon="-0.0625490">
    <ele>16.7</ele>
    <time>2025-06-16T16:27:40Z</time>
   </trkpt>
   <trkpt lat="51.5352060" lon="-0.0625390">
    <ele>16.7</ele>
    <time>2025-06-16T16:27:41Z</time>
   </trkpt>
   <trkpt lat="51.5352310" lon="-0.0625230">
    <ele>16.8</ele>
    <time>2025-06-16T16:27:42Z</time>
   </trkpt>
   <trkpt lat="51.5352580" lon="-0.0625090">
    <ele>16.9</ele>
    <time>2025-06-16T16:27:43Z</time>
   </trkpt>
   <trkpt lat="51.5352890" lon="-0.0624840">
    <ele>16.9</ele>
    <time>2025-06-16T16:27:44Z</time>
   </trkpt>
   <trkpt lat="51.5352990" lon="-0.0624730">
    <ele>16.9</ele>
    <time>2025-06-16T16:27:45Z</time>
   </trkpt>
   <trkpt lat="51.5353290" lon="-0.0624540">
    <ele>17.0</ele>
    <time>2025-06-16T16:27:46Z</time>
   </trkpt>
   <trkpt lat="51.5353410" lon="-0.0624460">
    <ele>17.0</ele>
    <time>2025-06-16T16:27:47Z</time>
   </trkpt>
   <trkpt lat="51.5353680" lon="-0.0624200">
    <ele>17.0</ele>
    <time>2025-06-16T16:27:48Z</time>
   </trkpt>
   <trkpt lat="51.5353790" lon="-0.0624110">
    <ele>17.1</ele>
    <time>2025-06-16T16:27:49Z</time>
   </trkpt>
   <trkpt lat="51.5354050" lon="-0.0623650">
    <ele>17.1</ele>
    <time>2025-06-16T16:27:50Z</time>
   </trkpt>
   <trkpt lat="51.5354330" lon="-0.0623550">
    <ele>17.1</ele>
    <time>2025-06-16T16:27:51Z</time>
   </trkpt>
   <trkpt lat="51.5354620" lon="-0.0623230">
    <ele>17.1</ele>
    <time>2025-06-16T16:27:52Z</time>
   </trkpt>
   <trkpt lat="51.5354750" lon="-0.0623120">
    <ele>17.1</ele>
    <time>2025-06-16T16:27:53Z</time>
   </trkpt>
   <trkpt lat="51.5355000" lon="-0.0622870">
    <ele>17.0</ele>
    <time>2025-06-16T16:27:54Z</time>
   </trkpt>
   <trkpt lat="51.5355350" lon="-0.0622620">
    <ele>17.0</ele>
    <time>2025-06-16T16:27:55Z</time>
   </trkpt>
   <trkpt lat="51.5355440" lon="-0.0622500">
    <ele>17.0</ele>
    <time>2025-06-16T16:27:56Z</time>
   </trkpt>
   <trkpt lat="51.5355710" lon="-0.0622150">
    <ele>16.9</ele>
    <time>2025-06-16T16:27:57Z</time>
   </trkpt>
   <trkpt lat="51.5355800" lon="-0.0622030">
    <ele>16.7</ele>
    <time>2025-06-16T16:27:58Z</time>
   </trkpt>
   <trkpt lat="51.5355840" lon="-0.0621380">
    <ele>16.5</ele>
    <time>2025-06-16T16:27:59Z</time>
   </trkpt>
   <trkpt lat="51.5355700" lon="-0.0621020">
    <ele>16.4</ele>
    <time>2025-06-16T16:28:00Z</time>
   </trkpt>
   <trkpt lat="51.5355660" lon="-0.0620510">
    <ele>16.3</ele>
    <time>2025-06-16T16:28:01Z</time>
   </trkpt>
   <trkpt lat="51.5355620" lon="-0.0620050">
    <ele>16.2</ele>
    <time>2025-06-16T16:28:02Z</time>
   </trkpt>
   <trkpt lat="51.5355570" lon="-0.0619510">
    <ele>16.0</ele>
    <time>2025-06-16T16:28:03Z</time>
   </trkpt>
   <trkpt lat="51.5355530" lon="-0.0619300">
    <ele>16.0</ele>
    <time>2025-06-16T16:28:04Z</time>
   </trkpt>
   <trkpt lat="51.5355430" lon="-0.0618720">
    <ele>15.9</ele>
    <time>2025-06-16T16:28:05Z</time>
   </trkpt>
   <trkpt lat="51.5355340" lon="-0.0618510">
    <ele>15.8</ele>
    <time>2025-06-16T16:28:06Z</time>
   </trkpt>
   <trkpt lat="51.5355170" lon="-0.0617930">
    <ele>15.7</ele>
    <time>2025-06-16T16:28:07Z</time>
   </trkpt>
   <trkpt lat="51.5355130" lon="-0.0617720">
    <ele>15.7</ele>
    <time>2025-06-16T16:28:08Z</time>
   </trkpt>
   <trkpt lat="51.5355000" lon="-0.0617140">
    <ele>15.6</ele>
    <time>2025-06-16T16:28:09Z</time>
   </trkpt>
   <trkpt lat="51.5354920" lon="-0.0616950">
    <ele>15.6</ele>
    <time>2025-06-16T16:28:10Z</time>
   </trkpt>
   <trkpt lat="51.5354820" lon="-0.0616540">
    <ele>15.5</ele>
    <time>2025-06-16T16:28:11Z</time>
   </trkpt>
   <trkpt lat="51.5354670" lon="-0.0616030">
    <ele>15.5</ele>
    <time>2025-06-16T16:28:12Z</time>
   </trkpt>
   <trkpt lat="51.5354620" lon="-0.0615880">
    <ele>15.4</ele>
    <time>2025-06-16T16:28:13Z</time>
   </trkpt>
   <trkpt lat="51.5354380" lon="-0.0615600">
    <ele>15.4</ele>
    <time>2025-06-16T16:28:14Z</time>
   </trkpt>
   <trkpt lat="51.5354120" lon="-0.0615170">
    <ele>15.4</ele>
    <time>2025-06-16T16:28:15Z</time>
   </trkpt>
   <trkpt lat="51.5354030" lon="-0.0615010">
    <ele>15.4</ele>
    <time>2025-06-16T16:28:16Z</time>
   </trkpt>
   <trkpt lat="51.5353750" lon="-0.0614600">
    <ele>15.3</ele>
    <time>2025-06-16T16:28:17Z</time>
   </trkpt>
   <trkpt lat="51.5353610" lon="-0.0614510">
    <ele>15.3</ele>
    <time>2025-06-16T16:28:18Z</time>
   </trkpt>
   <trkpt lat="51.5353330" lon="-0.0614160">
    <ele>15.3</ele>
    <time>2025-06-16T16:28:19Z</time>
   </trkpt>
   <trkpt lat="51.5353230" lon="-0.0614010">
    <ele>15.3</ele>
    <time>2025-06-16T16:28:20Z</time>
   </trkpt>
   <trkpt lat="51.5352940" lon="-0.0613660">
    <ele>15.3</ele>
    <time>2025-06-16T16:28:21Z</time>
   </trkpt>
   <trkpt lat="51.5352810" lon="-0.0613560">
    <ele>15.3</ele>
    <time>2025-06-16T16:28:22Z</time>
   </trkpt>
   <trkpt lat="51.5352550" lon="-0.0613120">
    <ele>15.3</ele>
    <time>2025-06-16T16:28:23Z</time>
   </trkpt>
   <trkpt lat="51.5352450" lon="-0.0612990">
    <ele>15.3</ele>
    <time>2025-06-16T16:28:24Z</time>
   </trkpt>
   <trkpt lat="51.5352130" lon="-0.0612630">
    <ele>15.3</ele>
    <time>2025-06-16T16:28:25Z</time>
   </trkpt>
   <trkpt lat="51.5351990" lon="-0.0612520">
    <ele>15.3</ele>
    <time>2025-06-16T16:28:26Z</time>
   </trkpt>
   <trkpt lat="51.5351760" lon="-0.0612290">
    <ele>15.3</ele>
    <time>2025-06-16T16:28:27Z</time>
   </trkpt>
   <trkpt lat="51.5351500" lon="-0.0612040">
    <ele>15.3</ele>
    <time>2025-06-16T16:28:28Z</time>
   </trkpt>
   <trkpt lat="51.5351210" lon="-0.0611690">
    <ele>15.3</ele>
    <time>2025-06-16T16:28:29Z</time>
   </trkpt>
   <trkpt lat="51.5351100" lon="-0.0611550">
    <ele>15.3</ele>
    <time>2025-06-16T16:28:30Z</time>
   </trkpt>
   <trkpt lat="51.5350820" lon="-0.0611230">
    <ele>15.2</ele>
    <time>2025-06-16T16:28:31Z</time>
   </trkpt>
   <trkpt lat="51.5350700" lon="-0.0611100">
    <ele>15.2</ele>
    <time>2025-06-16T16:28:32Z</time>
   </trkpt>
   <trkpt lat="51.5350460" lon="-0.0610890">
    <ele>15.2</ele>
    <time>2025-06-16T16:28:33Z</time>
   </trkpt>
   <trkpt lat="51.5350190" lon="-0.0610680">
    <ele>15.2</ele>
    <time>2025-06-16T16:28:34Z</time>
   </trkpt>
   <trkpt lat="51.5349850" lon="-0.0610370">
    <ele>15.2</ele>
    <time>2025-06-16T16:28:35Z</time>
   </trkpt>
   <trkpt lat="51.5349720" lon="-0.0610300">
    <ele>15.2</ele>
    <time>2025-06-16T16:28:36Z</time>
   </trkpt>
   <trkpt lat="51.5349420" lon="-0.0609950">
    <ele>15.2</ele>
    <time>2025-06-16T16:28:37Z</time>
   </trkpt>
   <trkpt lat="51.5349330" lon="-0.0609790">
    <ele>15.2</ele>
    <time>2025-06-16T16:28:38Z</time>
   </trkpt>
   <trkpt lat="51.5349020" lon="-0.0609360">
    <ele>15.2</ele>
    <time>2025-06-16T16:28:39Z</time>
   </trkpt>
   <trkpt lat="51.5348900" lon="-0.0609240">
    <ele>15.2</ele>
    <time>2025-06-16T16:28:40Z</time>
   </trkpt>
   <trkpt lat="51.5348570" lon="-0.0608830">
    <ele>15.2</ele>
    <time>2025-06-16T16:28:41Z</time>
   </trkpt>
   <trkpt lat="51.5348430" lon="-0.0608700">
    <ele>15.2</ele>
    <time>2025-06-16T16:28:42Z</time>
   </trkpt>
   <trkpt lat="51.5348200" lon="-0.0608470">
    <ele>15.2</ele>
    <time>2025-06-16T16:28:43Z</time>
   </trkpt>
   <trkpt lat="51.5347920" lon="-0.0608210">
    <ele>15.2</ele>
    <time>2025-06-16T16:28:44Z</time>
   </trkpt>
   <trkpt lat="51.5347630" lon="-0.0608020">
    <ele>15.3</ele>
    <time>2025-06-16T16:28:45Z</time>
   </trkpt>
   <trkpt lat="51.5347290" lon="-0.0607720">
    <ele>15.3</ele>
    <time>2025-06-16T16:28:46Z</time>
   </trkpt>
   <trkpt lat="51.5347090" lon="-0.0607400">
    <ele>15.3</ele>
    <time>2025-06-16T16:28:47Z</time>
   </trkpt>
   <trkpt lat="51.5346850" lon="-0.0607080">
    <ele>15.3</ele>
    <time>2025-06-16T16:28:48Z</time>
   </trkpt>
   <trkpt lat="51.5346560" lon="-0.0606680">
    <ele>15.3</ele>
    <time>2025-06-16T16:28:49Z</time>
   </trkpt>
   <trkpt lat="51.5346430" lon="-0.0606590">
    <ele>15.3</ele>
    <time>2025-06-16T16:28:50Z</time>
   </trkpt>
   <trkpt lat="51.5346140" lon="-0.0606230">
    <ele>15.4</ele>
    <time>2025-06-16T16:28:51Z</time>
   </trkpt>
   <trkpt lat="51.5346030" lon="-0.0606100">
    <ele>15.4</ele>
    <time>2025-06-16T16:28:52Z</time>
   </trkpt>
   <trkpt lat="51.5345830" lon="-0.0605540">
    <ele>15.4</ele>
    <time>2025-06-16T16:28:53Z</time>
   </trkpt>
   <trkpt lat="51.5345740" lon="-0.0605360">
    <ele>15.4</ele>
    <time>2025-06-16T16:28:54Z</time>
   </trkpt>
   <trkpt lat="51.5345500" lon="-0.0604900">
    <ele>15.4</ele>
    <time>2025-06-16T16:28:55Z</time>
   </trkpt>
   <trkpt lat="51.5345380" lon="-0.0604760">
    <ele>15.4</ele>
    <time>2025-06-16T16:28:56Z</time>
   </trkpt>
   <trkpt lat="51.5345210" lon="-0.0604400">
    <ele>15.4</ele>
    <time>2025-06-16T16:28:57Z</time>
   </trkpt>
   <trkpt lat="51.5345060" lon="-0.0603930">
    <ele>15.4</ele>
    <time>2025-06-16T16:28:58Z</time>
   </trkpt>
   <trkpt lat="51.5344860" lon="-0.0603530">
    <ele>15.4</ele>
    <time>2025-06-16T16:28:59Z</time>
   </trkpt>
   <trkpt lat="51.5344680" lon="-0.0603130">
    <ele>15.4</ele>
    <time>2025-06-16T16:29:00Z</time>
   </trkpt>
   <trkpt lat="51.5344580" lon="-0.0602570">
    <ele>15.4</ele>
    <time>2025-06-16T16:29:01Z</time>
   </trkpt>
   <trkpt lat="51.5344360" lon="-0.0602030">
    <ele>15.4</ele>
    <time>2025-06-16T16:29:02Z</time>
   </trkpt>
   <trkpt lat="51.5344280" lon="-0.0601810">
    <ele>15.4</ele>
    <time>2025-06-16T16:29:03Z</time>
   </trkpt>
   <trkpt lat="51.5344070" lon="-0.0601380">
    <ele>15.4</ele>
    <time>2025-06-16T16:29:04Z</time>
   </trkpt>
   <trkpt lat="51.5343990" lon="-0.0601290">
    <ele>15.4</ele>
    <time>2025-06-16T16:29:05Z</time>
   </trkpt>
   <trkpt lat="51.5343790" lon="-0.0600870">
    <ele>15.4</ele>
    <time>2025-06-16T16:29:06Z</time>
   </trkpt>
   <trkpt lat="51.5343730" lon="-0.0600720">
    <ele>15.4</ele>
    <time>2025-06-16T16:29:07Z</time>
   </trkpt>
   <trkpt lat="51.5343560" lon="-0.0600370">
    <ele>15.4</ele>
    <time>2025-06-16T16:29:08Z</time>
   </trkpt>
   <trkpt lat="51.5343360" lon="-0.0599760">
    <ele>15.4</ele>
    <time>2025-06-16T16:29:09Z</time>
   </trkpt>
   <trkpt lat="51.5343300" lon="-0.0599500">
    <ele>15.4</ele>
    <time>2025-06-16T16:29:10Z</time>
   </trkpt>
   <trkpt lat="51.5343160" lon="-0.0599100">
    <ele>15.4</ele>
    <time>2025-06-16T16:29:11Z</time>
   </trkpt>
   <trkpt lat="51.5342930" lon="-0.0598750">
    <ele>15.4</ele>
    <time>2025-06-16T16:29:12Z</time>
   </trkpt>
   <trkpt lat="51.5342850" lon="-0.0598620">
    <ele>15.3</ele>
    <time>2025-06-16T16:29:13Z</time>
   </trkpt>
   <trkpt lat="51.5342710" lon="-0.0598210">
    <ele>15.3</ele>
    <time>2025-06-16T16:29:14Z</time>
   </trkpt>
   <trkpt lat="51.5342670" lon="-0.0598060">
    <ele>15.3</ele>
    <time>2025-06-16T16:29:15Z</time>
   </trkpt>
   <trkpt lat="51.5342540" lon="-0.0597520">
    <ele>15.3</ele>
    <time>2025-06-16T16:29:16Z</time>
   </trkpt>
   <trkpt lat="51.5342470" lon="-0.0597350">
    <ele>15.3</ele>
    <time>2025-06-16T16:29:17Z</time>
   </trkpt>
   <trkpt lat="51.5342250" lon="-0.0597030">
    <ele>15.3</ele>
    <time>2025-06-16T16:29:18Z</time>
   </trkpt>
   <trkpt lat="51.5342170" lon="-0.0596910">
    <ele>15.3</ele>
    <time>2025-06-16T16:29:19Z</time>
   </trkpt>
   <trkpt lat="51.5342160" lon="-0.0596300">
    <ele>15.3</ele>
    <time>2025-06-16T16:29:20Z</time>
   </trkpt>
   <trkpt lat="51.5342080" lon="-0.0595690">
    <ele>15.3</ele>
    <time>2025-06-16T16:29:22Z</time>
   </trkpt>
   <trkpt lat="51.5341990" lon="-0.0595480">
    <ele>15.3</ele>
    <time>2025-06-16T16:29:23Z</time>
   </trkpt>
   <trkpt lat="51.5341770" lon="-0.0594950">
    <ele>15.3</ele>
    <time>2025-06-16T16:29:24Z</time>
   </trkpt>
   <trkpt lat="51.5341710" lon="-0.0594740">
    <ele>15.3</ele>
    <time>2025-06-16T16:29:25Z</time>
   </trkpt>
   <trkpt lat="51.5341670" lon="-0.0594180">
    <ele>15.3</ele>
    <time>2025-06-16T16:29:26Z</time>
   </trkpt>
   <trkpt lat="51.5341640" lon="-0.0593970">
    <ele>15.3</ele>
    <time>2025-06-16T16:29:27Z</time>
   </trkpt>
   <trkpt lat="51.5341480" lon="-0.0593540">
    <ele>15.3</ele>
    <time>2025-06-16T16:29:28Z</time>
   </trkpt>
   <trkpt lat="51.5341420" lon="-0.0593120">
    <ele>15.3</ele>
    <time>2025-06-16T16:29:29Z</time>
   </trkpt>
   <trkpt lat="51.5341430" lon="-0.0592580">
    <ele>15.3</ele>
    <time>2025-06-16T16:29:30Z</time>
   </trkpt>
   <trkpt lat="51.5341350" lon="-0.0592110">
    <ele>15.3</ele>
    <time>2025-06-16T16:29:31Z</time>
   </trkpt>
   <trkpt lat="51.5341340" lon="-0.0591510">
    <ele>15.3</ele>
    <time>2025-06-16T16:29:32Z</time>
   </trkpt>
   <trkpt lat="51.5341310" lon="-0.0591320">
    <ele>15.3</ele>
    <time>2025-06-16T16:29:33Z</time>
   </trkpt>
   <trkpt lat="51.5341390" lon="-0.0590840">
    <ele>15.3</ele>
    <time>2025-06-16T16:29:34Z</time>
   </trkpt>
   <trkpt lat="51.5341390" lon="-0.0590390">
    <ele>15.3</ele>
    <time>2025-06-16T16:29:35Z</time>
   </trkpt>
   <trkpt lat="51.5341480" lon="-0.0589840">
    <ele>15.4</ele>
    <time>2025-06-16T16:29:36Z</time>
   </trkpt>
   <trkpt lat="51.5341550" lon="-0.0589110">
    <ele>15.4</ele>
    <time>2025-06-16T16:29:37Z</time>
   </trkpt>
   <trkpt lat="51.5341590" lon="-0.0588650">
    <ele>15.4</ele>
    <time>2025-06-16T16:29:38Z</time>
   </trkpt>
   <trkpt lat="51.5341620" lon="-0.0587970">
    <ele>15.4</ele>
    <time>2025-06-16T16:29:39Z</time>
   </trkpt>
   <trkpt lat="51.5341670" lon="-0.0587660">
    <ele>15.4</ele>
    <time>2025-06-16T16:29:40Z</time>
   </trkpt>
   <trkpt lat="51.5341740" lon="-0.0587190">
    <ele>15.4</ele>
    <time>2025-06-16T16:29:41Z</time>
   </trkpt>
   <trkpt lat="51.5341920" lon="-0.0586620">
    <ele>15.4</ele>
    <time>2025-06-16T16:29:42Z</time>
   </trkpt>
   <trkpt lat="51.5342010" lon="-0.0585980">
    <ele>15.4</ele>
    <time>2025-06-16T16:29:43Z</time>
   </trkpt>
   <trkpt lat="51.5342100" lon="-0.0585490">
    <ele>15.4</ele>
    <time>2025-06-16T16:29:44Z</time>
   </trkpt>
   <trkpt lat="51.5342160" lon="-0.0585040">
    <ele>15.4</ele>
    <time>2025-06-16T16:29:45Z</time>
   </trkpt>
   <trkpt lat="51.5342240" lon="-0.0584390">
    <ele>15.4</ele>
    <time>2025-06-16T16:29:46Z</time>
   </trkpt>
   <trkpt lat="51.5342270" lon="-0.0584160">
    <ele>15.4</ele>
    <time>2025-06-16T16:29:47Z</time>
   </trkpt>
   <trkpt lat="51.5342290" lon="-0.0583580">
    <ele>15.4</ele>
    <time>2025-06-16T16:29:48Z</time>
   </trkpt>
   <trkpt lat="51.5342320" lon="-0.0583360">
    <ele>15.4</ele>
    <time>2025-06-16T16:29:49Z</time>
   </trkpt>
   <trkpt lat="51.5342360" lon="-0.0582780">
    <ele>15.5</ele>
    <time>2025-06-16T16:29:50Z</time>
   </trkpt>
   <trkpt lat="51.5342360" lon="-0.0582590">
    <ele>15.5</ele>
    <time>2025-06-16T16:29:51Z</time>
   </trkpt>
   <trkpt lat="51.5342530" lon="-0.0582100">
    <ele>15.5</ele>
    <time>2025-06-16T16:29:52Z</time>
   </trkpt>
   <trkpt lat="51.5342700" lon="-0.0581660">
    <ele>15.5</ele>
    <time>2025-06-16T16:29:53Z</time>
   </trkpt>
   <trkpt lat="51.5342930" lon="-0.0581030">
    <ele>15.5</ele>
    <time>2025-06-16T16:29:54Z</time>
   </trkpt>
   <trkpt lat="51.5343040" lon="-0.0580430">
    <ele>15.5</ele>
    <time>2025-06-16T16:29:55Z</time>
   </trkpt>
   <trkpt lat="51.5343070" lon="-0.0580210">
    <ele>15.5</ele>
    <time>2025-06-16T16:29:56Z</time>
   </trkpt>
   <trkpt lat="51.5343150" lon="-0.0579790">
    <ele>15.5</ele>
    <time>2025-06-16T16:29:57Z</time>
   </trkpt>
   <trkpt lat="51.5343220" lon="-0.0579320">
    <ele>15.5</ele>
    <time>2025-06-16T16:29:58Z</time>
   </trkpt>
   <trkpt lat="51.5343290" lon="-0.0578520">
    <ele>15.5</ele>
    <time>2025-06-16T16:29:59Z</time>
   </trkpt>
   <trkpt lat="51.5343300" lon="-0.0578130">
    <ele>15.5</ele>
    <time>2025-06-16T16:30:00Z</time>
   </trkpt>
   <trkpt lat="51.5343370" lon="-0.0577680">
    <ele>15.5</ele>
    <time>2025-06-16T16:30:01Z</time>
   </trkpt>
   <trkpt lat="51.5343530" lon="-0.0577240">
    <ele>15.6</ele>
    <time>2025-06-16T16:30:02Z</time>
   </trkpt>
   <trkpt lat="51.5343530" lon="-0.0576740">
    <ele>15.6</ele>
    <time>2025-06-16T16:30:03Z</time>
   </trkpt>
   <trkpt lat="51.5343530" lon="-0.0576100">
    <ele>15.6</ele>
    <time>2025-06-16T16:30:04Z</time>
   </trkpt>
   <trkpt lat="51.5343540" lon="-0.0575850">
    <ele>15.7</ele>
    <time>2025-06-16T16:30:05Z</time>
   </trkpt>
   <trkpt lat="51.5343560" lon="-0.0575240">
    <ele>15.7</ele>
    <time>2025-06-16T16:30:06Z</time>
   </trkpt>
   <trkpt lat="51.5343500" lon="-0.0575040">
    <ele>15.7</ele>
    <time>2025-06-16T16:30:07Z</time>
   </trkpt>
   <trkpt lat="51.5343610" lon="-0.0574630">
    <ele>15.7</ele>
    <time>2025-06-16T16:30:08Z</time>
   </trkpt>
   <trkpt lat="51.5343780" lon="-0.0574270">
    <ele>15.7</ele>
    <time>2025-06-16T16:30:09Z</time>
   </trkpt>
   <trkpt lat="51.5344000" lon="-0.0573750">
    <ele>15.7</ele>
    <time>2025-06-16T16:30:10Z</time>
   </trkpt>
   <trkpt lat="51.5344060" lon="-0.0573560">
    <ele>15.8</ele>
    <time>2025-06-16T16:30:11Z</time>
   </trkpt>
   <trkpt lat="51.5344170" lon="-0.0573100">
    <ele>15.8</ele>
    <time>2025-06-16T16:30:12Z</time>
   </trkpt>
   <trkpt lat="51.5344350" lon="-0.0572610">
    <ele>15.8</ele>
    <time>2025-06-16T16:30:13Z</time>
   </trkpt>
   <trkpt lat="51.5344500" lon="-0.0572040">
    <ele>15.8</ele>
    <time>2025-06-16T16:30:14Z</time>
   </trkpt>
   <trkpt lat="51.5344490" lon="-0.0571820">
    <ele>15.8</ele>
    <time>2025-06-16T16:30:15Z</time>
   </trkpt>
   <trkpt lat="51.5344410" lon="-0.0571310">
    <ele>15.8</ele>
    <time>2025-06-16T16:30:16Z</time>
   </trkpt>
   <trkpt lat="51.5344180" lon="-0.0570260">
    <ele>15.8</ele>
    <time>2025-06-16T16:30:17Z</time>
   </trkpt>
   <trkpt lat="51.5344350" lon="-0.0569870">
    <ele>15.7</ele>
    <time>2025-06-16T16:30:18Z</time>
   </trkpt>
   <trkpt lat="51.5344810" lon="-0.0569710">
    <ele>15.7</ele>
    <time>2025-06-16T16:30:19Z</time>
   </trkpt>
   <trkpt lat="51.5345050" lon="-0.0569720">
    <ele>15.7</ele>
    <time>2025-06-16T16:30:20Z</time>
   </trkpt>
   <trkpt lat="51.5345210" lon="-0.0569170">
    <ele>15.7</ele>
    <time>2025-06-16T16:30:21Z</time>
   </trkpt>
   <trkpt lat="51.5345450" lon="-0.0568770">
    <ele>15.7</ele>
    <time>2025-06-16T16:30:22Z</time>
   </trkpt>
   <trkpt lat="51.5345790" lon="-0.0568450">
    <ele>15.7</ele>
    <time>2025-06-16T16:30:23Z</time>
   </trkpt>
   <trkpt lat="51.5346070" lon="-0.0568170">
    <ele>15.7</ele>
    <time>2025-06-16T16:30:24Z</time>
   </trkpt>
   <trkpt lat="51.5346240" lon="-0.0567550">
    <ele>15.7</ele>
    <time>2025-06-16T16:30:25Z</time>
   </trkpt>
   <trkpt lat="51.5346410" lon="-0.0567150">
    <ele>15.7</ele>
    <time>2025-06-16T16:30:26Z</time>
   </trkpt>
   <trkpt lat="51.5346540" lon="-0.0566650">
    <ele>15.7</ele>
    <time>2025-06-16T16:30:27Z</time>
   </trkpt>
   <trkpt lat="51.5346710" lon="-0.0566200">
    <ele>15.6</ele>
    <time>2025-06-16T16:30:28Z</time>
   </trkpt>
   <trkpt lat="51.5346850" lon="-0.0565730">
    <ele>15.6</ele>
    <time>2025-06-16T16:30:29Z</time>
   </trkpt>
   <trkpt lat="51.5347030" lon="-0.0565370">
    <ele>15.6</ele>
    <time>2025-06-16T16:30:30Z</time>
   </trkpt>
   <trkpt lat="51.5347270" lon="-0.0565020">
    <ele>15.6</ele>
    <time>2025-06-16T16:30:31Z</time>
   </trkpt>
   <trkpt lat="51.5347500" lon="-0.0564700">
    <ele>15.6</ele>
    <time>2025-06-16T16:30:32Z</time>
   </trkpt>
   <trkpt lat="51.5347710" lon="-0.0564330">
    <ele>15.6</ele>
    <time>2025-06-16T16:30:33Z</time>
   </trkpt>
   <trkpt lat="51.5348380" lon="-0.0563090">
    <ele>15.6</ele>
    <time>2025-06-16T16:30:34Z</time>
   </trkpt>
   <trkpt lat="51.5348710" lon="-0.0562300">
    <ele>15.6</ele>
    <time>2025-06-16T16:30:39Z</time>
   </trkpt>
   <trkpt lat="51.5349040" lon="-0.0561510">
    <ele>15.6</ele>
    <time>2025-06-16T16:30:40Z</time>
   </trkpt>
   <trkpt lat="51.5349220" lon="-0.0561080">
    <ele>15.6</ele>
    <time>2025-06-16T16:30:41Z</time>
   </trkpt>
   <trkpt lat="51.5349440" lon="-0.0560690">
    <ele>15.6</ele>
    <time>2025-06-16T16:30:42Z</time>
   </trkpt>
   <trkpt lat="51.5349700" lon="-0.0560240">
    <ele>15.6</ele>
    <time>2025-06-16T16:30:43Z</time>
   </trkpt>
   <trkpt lat="51.5349740" lon="-0.0560000">
    <ele>15.6</ele>
    <time>2025-06-16T16:30:44Z</time>
   </trkpt>
   <trkpt lat="51.5349810" lon="-0.0559520">
    <ele>15.6</ele>
    <time>2025-06-16T16:30:45Z</time>
   </trkpt>
   <trkpt lat="51.5349910" lon="-0.0559080">
    <ele>15.5</ele>
    <time>2025-06-16T16:30:46Z</time>
   </trkpt>
   <trkpt lat="51.5349980" lon="-0.0558600">
    <ele>15.5</ele>
    <time>2025-06-16T16:30:47Z</time>
   </trkpt>
   <trkpt lat="51.5350210" lon="-0.0558040">
    <ele>15.5</ele>
    <time>2025-06-16T16:30:48Z</time>
   </trkpt>
   <trkpt lat="51.5350290" lon="-0.0557810">
    <ele>15.5</ele>
    <time>2025-06-16T16:30:49Z</time>
   </trkpt>
   <trkpt lat="51.5350480" lon="-0.0557450">
    <ele>15.5</ele>
    <time>2025-06-16T16:30:50Z</time>
   </trkpt>
   <trkpt lat="51.5350680" lon="-0.0556980">
    <ele>15.5</ele>
    <time>2025-06-16T16:30:51Z</time>
   </trkpt>
   <trkpt lat="51.5350850" lon="-0.0556540">
    <ele>15.5</ele>
    <time>2025-06-16T16:30:52Z</time>
   </trkpt>
   <trkpt lat="51.5350900" lon="-0.0555990">
    <ele>15.5</ele>
    <time>2025-06-16T16:30:53Z</time>
   </trkpt>
   <trkpt lat="51.5351060" lon="-0.0555390">
    <ele>15.5</ele>
    <time>2025-06-16T16:30:54Z</time>
   </trkpt>
   <trkpt lat="51.5351140" lon="-0.0555160">
    <ele>15.5</ele>
    <time>2025-06-16T16:30:55Z</time>
   </trkpt>
   <trkpt lat="51.5351210" lon="-0.0554710">
    <ele>15.5</ele>
    <time>2025-06-16T16:30:56Z</time>
   </trkpt>
   <trkpt lat="51.5351340" lon="-0.0554260">
    <ele>15.5</ele>
    <time>2025-06-16T16:30:57Z</time>
   </trkpt>
   <trkpt lat="51.5351420" lon="-0.0553840">
    <ele>15.4</ele>
    <time>2025-06-16T16:30:58Z</time>
   </trkpt>
   <trkpt lat="51.5351540" lon="-0.0553380">
    <ele>15.4</ele>
    <time>2025-06-16T16:30:59Z</time>
   </trkpt>
   <trkpt lat="51.5351620" lon="-0.0552910">
    <ele>15.4</ele>
    <time>2025-06-16T16:31:00Z</time>
   </trkpt>
   <trkpt lat="51.5351720" lon="-0.0552470">
    <ele>15.4</ele>
    <time>2025-06-16T16:31:01Z</time>
   </trkpt>
   <trkpt lat="51.5351780" lon="-0.0551980">
    <ele>15.4</ele>
    <time>2025-06-16T16:31:02Z</time>
   </trkpt>
   <trkpt lat="51.5351830" lon="-0.0551500">
    <ele>15.4</ele>
    <time>2025-06-16T16:31:03Z</time>
   </trkpt>
   <trkpt lat="51.5351930" lon="-0.0551030">
    <ele>15.4</ele>
    <time>2025-06-16T16:31:04Z</time>
   </trkpt>
   <trkpt lat="51.5351990" lon="-0.0550410">
    <ele>15.4</ele>
    <time>2025-06-16T16:31:05Z</time>
   </trkpt>
   <trkpt lat="51.5352060" lon="-0.0549950">
    <ele>15.4</ele>
    <time>2025-06-16T16:31:06Z</time>
   </trkpt>
   <trkpt lat="51.5352100" lon="-0.0549470">
    <ele>15.4</ele>
    <time>2025-06-16T16:31:07Z</time>
   </trkpt>
   <trkpt lat="51.5352250" lon="-0.0548880">
    <ele>15.4</ele>
    <time>2025-06-16T16:31:08Z</time>
   </trkpt>
   <trkpt lat="51.5352300" lon="-0.0548660">
    <ele>15.4</ele>
    <time>2025-06-16T16:31:09Z</time>
   </trkpt>
   <trkpt lat="51.5352340" lon="-0.0548020">
    <ele>15.4</ele>
    <time>2025-06-16T16:31:10Z</time>
   </trkpt>
   <trkpt lat="51.5352350" lon="-0.0547700">
    <ele>15.4</ele>
    <time>2025-06-16T16:31:11Z</time>
   </trkpt>
   <trkpt lat="51.5352410" lon="-0.0547210">
    <ele>15.4</ele>
    <time>2025-06-16T16:31:12Z</time>
   </trkpt>
   <trkpt lat="51.5352430" lon="-0.0546720">
    <ele>15.4</ele>
    <time>2025-06-16T16:31:13Z</time>
   </trkpt>
   <trkpt lat="51.5352440" lon="-0.0546280">
    <ele>15.4</ele>
    <time>2025-06-16T16:31:14Z</time>
   </trkpt>
   <trkpt lat="51.5352430" lon="-0.0545790">
    <ele>15.3</ele>
    <time>2025-06-16T16:31:15Z</time>
   </trkpt>
   <trkpt lat="51.5352470" lon="-0.0545170">
    <ele>15.3</ele>
    <time>2025-06-16T16:31:16Z</time>
   </trkpt>
   <trkpt lat="51.5352470" lon="-0.0544950">
    <ele>15.3</ele>
    <time>2025-06-16T16:31:17Z</time>
   </trkpt>
   <trkpt lat="51.5352520" lon="-0.0544510">
    <ele>15.3</ele>
    <time>2025-06-16T16:31:18Z</time>
   </trkpt>
   <trkpt lat="51.5352450" lon="-0.0544080">
    <ele>15.3</ele>
    <time>2025-06-16T16:31:19Z</time>
   </trkpt>
   <trkpt lat="51.5352370" lon="-0.0543630">
    <ele>15.3</ele>
    <time>2025-06-16T16:31:20Z</time>
   </trkpt>
   <trkpt lat="51.5352370" lon="-0.0543170">
    <ele>15.3</ele>
    <time>2025-06-16T16:31:21Z</time>
   </trkpt>
   <trkpt lat="51.5352410" lon="-0.0542730">
    <ele>15.3</ele>
    <time>2025-06-16T16:31:22Z</time>
   </trkpt>
   <trkpt lat="51.5352470" lon="-0.0542140">
    <ele>15.3</ele>
    <time>2025-06-16T16:31:23Z</time>
   </trkpt>
   <trkpt lat="51.5352460" lon="-0.0541970">
    <ele>15.3</ele>
    <time>2025-06-16T16:31:24Z</time>
   </trkpt>
   <trkpt lat="51.5352440" lon="-0.0541520">
    <ele>15.2</ele>
    <time>2025-06-16T16:31:25Z</time>
   </trkpt>
   <trkpt lat="51.5352330" lon="-0.0541060">
    <ele>15.2</ele>
    <time>2025-06-16T16:31:26Z</time>
   </trkpt>
   <trkpt lat="51.5352320" lon="-0.0540610">
    <ele>15.2</ele>
    <time>2025-06-16T16:31:28Z</time>
   </trkpt>
   <trkpt lat="51.5352250" lon="-0.0540130">
    <ele>15.2</ele>
    <time>2025-06-16T16:31:29Z</time>
   </trkpt>
   <trkpt lat="51.5352220" lon="-0.0539640">
    <ele>15.2</ele>
    <time>2025-06-16T16:31:30Z</time>
   </trkpt>
   <trkpt lat="51.5352310" lon="-0.0538580">
    <ele>15.2</ele>
    <time>2025-06-16T16:31:31Z</time>
   </trkpt>
   <trkpt lat="51.5352340" lon="-0.0538140">
    <ele>15.2</ele>
    <time>2025-06-16T16:31:32Z</time>
   </trkpt>
   <trkpt lat="51.5352320" lon="-0.0537580">
    <ele>15.2</ele>
    <time>2025-06-16T16:31:33Z</time>
   </trkpt>
   <trkpt lat="51.5352270" lon="-0.0537000">
    <ele>15.2</ele>
    <time>2025-06-16T16:31:34Z</time>
   </trkpt>
   <trkpt lat="51.5352210" lon="-0.0536810">
    <ele>15.2</ele>
    <time>2025-06-16T16:31:35Z</time>
   </trkpt>
   <trkpt lat="51.5352110" lon="-0.0536390">
    <ele>15.2</ele>
    <time>2025-06-16T16:31:36Z</time>
   </trkpt>
   <trkpt lat="51.5351990" lon="-0.0535930">
    <ele>15.2</ele>
    <time>2025-06-16T16:31:37Z</time>
   </trkpt>
   <trkpt lat="51.5351940" lon="-0.0535470">
    <ele>15.2</ele>
    <time>2025-06-16T16:31:38Z</time>
   </trkpt>
   <trkpt lat="51.5351840" lon="-0.0534990">
    <ele>15.2</ele>
    <time>2025-06-16T16:31:39Z</time>
   </trkpt>
   <trkpt lat="51.5351790" lon="-0.0534550">
    <ele>15.2</ele>
    <time>2025-06-16T16:31:40Z</time>
   </trkpt>
   <trkpt lat="51.5351690" lon="-0.0534050">
    <ele>15.2</ele>
    <time>2025-06-16T16:31:41Z</time>
   </trkpt>
   <trkpt lat="51.5351570" lon="-0.0533440">
    <ele>15.2</ele>
    <time>2025-06-16T16:31:42Z</time>
   </trkpt>
   <trkpt lat="51.5351510" lon="-0.0533210">
    <ele>15.2</ele>
    <time>2025-06-16T16:31:43Z</time>
   </trkpt>
   <trkpt lat="51.5351420" lon="-0.0532780">
    <ele>15.2</ele>
    <time>2025-06-16T16:31:44Z</time>
   </trkpt>
   <trkpt lat="51.5351330" lon="-0.0532330">
    <ele>15.2</ele>
    <time>2025-06-16T16:31:45Z</time>
   </trkpt>
   <trkpt lat="51.5351220" lon="-0.0531850">
    <ele>15.2</ele>
    <time>2025-06-16T16:31:46Z</time>
   </trkpt>
   <trkpt lat="51.5351200" lon="-0.0531370">
    <ele>15.2</ele>
    <time>2025-06-16T16:31:47Z</time>
   </trkpt>
   <trkpt lat="51.5351040" lon="-0.0530910">
    <ele>15.2</ele>
    <time>2025-06-16T16:31:48Z</time>
   </trkpt>
   <trkpt lat="51.5350860" lon="-0.0530540">
    <ele>15.2</ele>
    <time>2025-06-16T16:31:49Z</time>
   </trkpt>
   <trkpt lat="51.5350700" lon="-0.0530110">
    <ele>15.2</ele>
    <time>2025-06-16T16:31:50Z</time>
   </trkpt>
   <trkpt lat="51.5350600" lon="-0.0529660">
    <ele>15.2</ele>
    <time>2025-06-16T16:31:51Z</time>
   </trkpt>
   <trkpt lat="51.5350490" lon="-0.0529260">
    <ele>15.2</ele>
    <time>2025-06-16T16:31:52Z</time>
   </trkpt>
   <trkpt lat="51.5350450" lon="-0.0528780">
    <ele>15.2</ele>
    <time>2025-06-16T16:31:53Z</time>
   </trkpt>
   <trkpt lat="51.5350340" lon="-0.0528180">
    <ele>15.2</ele>
    <time>2025-06-16T16:31:54Z</time>
   </trkpt>
   <trkpt lat="51.5350090" lon="-0.0527340">
    <ele>15.3</ele>
    <time>2025-06-16T16:31:55Z</time>
   </trkpt>
   <trkpt lat="51.5349970" lon="-0.0526870">
    <ele>15.3</ele>
    <time>2025-06-16T16:31:56Z</time>
   </trkpt>
   <trkpt lat="51.5349880" lon="-0.0526350">
    <ele>15.3</ele>
    <time>2025-06-16T16:31:57Z</time>
   </trkpt>
   <trkpt lat="51.5349880" lon="-0.0525840">
    <ele>15.4</ele>
    <time>2025-06-16T16:31:58Z</time>
   </trkpt>
   <trkpt lat="51.5349880" lon="-0.0525380">
    <ele>15.4</ele>
    <time>2025-06-16T16:31:59Z</time>
   </trkpt>
   <trkpt lat="51.5350010" lon="-0.0524960">
    <ele>15.4</ele>
    <time>2025-06-16T16:32:00Z</time>
   </trkpt>
   <trkpt lat="51.5350200" lon="-0.0524560">
    <ele>15.5</ele>
    <time>2025-06-16T16:32:01Z</time>
   </trkpt>
   <trkpt lat="51.5350470" lon="-0.0524270">
    <ele>15.5</ele>
    <time>2025-06-16T16:32:02Z</time>
   </trkpt>
   <trkpt lat="51.5350890" lon="-0.0523960">
    <ele>15.6</ele>
    <time>2025-06-16T16:32:03Z</time>
   </trkpt>
   <trkpt lat="51.5351150" lon="-0.0523510">
    <ele>15.7</ele>
    <time>2025-06-16T16:32:04Z</time>
   </trkpt>
   <trkpt lat="51.5351190" lon="-0.0523260">
    <ele>15.7</ele>
    <time>2025-06-16T16:32:05Z</time>
   </trkpt>
   <trkpt lat="51.5351340" lon="-0.0522810">
    <ele>15.7</ele>
    <time>2025-06-16T16:32:06Z</time>
   </trkpt>
   <trkpt lat="51.5351500" lon="-0.0522380">
    <ele>15.7</ele>
    <time>2025-06-16T16:32:07Z</time>
   </trkpt>
   <trkpt lat="51.5351670" lon="-0.0521980">
    <ele>15.7</ele>
    <time>2025-06-16T16:32:08Z</time>
   </trkpt>
   <trkpt lat="51.5351840" lon="-0.0521540">
    <ele>15.7</ele>
    <time>2025-06-16T16:32:09Z</time>
   </trkpt>
   <trkpt lat="51.5351950" lon="-0.0520920">
    <ele>15.8</ele>
    <time>2025-06-16T16:32:10Z</time>
   </trkpt>
   <trkpt lat="51.5351950" lon="-0.0520660">
    <ele>15.8</ele>
    <time>2025-06-16T16:32:11Z</time>
   </trkpt>
   <trkpt lat="51.5351840" lon="-0.0520190">
    <ele>15.8</ele>
    <time>2025-06-16T16:32:12Z</time>
   </trkpt>
   <trkpt lat="51.5351680" lon="-0.0519460">
    <ele>15.8</ele>
    <time>2025-06-16T16:32:13Z</time>
   </trkpt>
   <trkpt lat="51.5351490" lon="-0.0519040">
    <ele>15.8</ele>
    <time>2025-06-16T16:32:14Z</time>
   </trkpt>
   <trkpt lat="51.5351340" lon="-0.0518580">
    <ele>15.8</ele>
    <time>2025-06-16T16:32:15Z</time>
   </trkpt>
   <trkpt lat="51.5351230" lon="-0.0518180">
    <ele>15.8</ele>
    <time>2025-06-16T16:32:16Z</time>
   </trkpt>
   <trkpt lat="51.5351050" lon="-0.0517820">
    <ele>15.8</ele>
    <time>2025-06-16T16:32:17Z</time>
   </trkpt>
   <trkpt lat="51.5350930" lon="-0.0517390">
    <ele>15.9</ele>
    <time>2025-06-16T16:32:18Z</time>
   </trkpt>
   <trkpt lat="51.5350770" lon="-0.0516950">
    <ele>15.9</ele>
    <time>2025-06-16T16:32:19Z</time>
   </trkpt>
   <trkpt lat="51.5350610" lon="-0.0516480">
    <ele>15.9</ele>
    <time>2025-06-16T16:32:20Z</time>
   </trkpt>
   <trkpt lat="51.5350470" lon="-0.0515970">
    <ele>15.8</ele>
    <time>2025-06-16T16:32:21Z</time>
   </trkpt>
   <trkpt lat="51.5350310" lon="-0.0515540">
    <ele>15.8</ele>
    <time>2025-06-16T16:32:22Z</time>
   </trkpt>
   <trkpt lat="51.5350050" lon="-0.0515200">
    <ele>15.8</ele>
    <time>2025-06-16T16:32:23Z</time>
   </trkpt>
   <trkpt lat="51.5349700" lon="-0.0514970">
    <ele>15.8</ele>
    <time>2025-06-16T16:32:24Z</time>
   </trkpt>
   <trkpt lat="51.5349590" lon="-0.0514800">
    <ele>15.8</ele>
    <time>2025-06-16T16:32:25Z</time>
   </trkpt>
   <trkpt lat="51.5349440" lon="-0.0514400">
    <ele>15.8</ele>
    <time>2025-06-16T16:32:26Z</time>
   </trkpt>
   <trkpt lat="51.5349180" lon="-0.0513980">
    <ele>15.8</ele>
    <time>2025-06-16T16:32:27Z</time>
   </trkpt>
   <trkpt lat="51.5348970" lon="-0.0513620">
    <ele>15.7</ele>
    <time>2025-06-16T16:32:28Z</time>
   </trkpt>
   <trkpt lat="51.5348760" lon="-0.0513320">
    <ele>15.7</ele>
    <time>2025-06-16T16:32:29Z</time>
   </trkpt>
   <trkpt lat="51.5348530" lon="-0.0512950">
    <ele>15.7</ele>
    <time>2025-06-16T16:32:30Z</time>
   </trkpt>
   <trkpt lat="51.5348330" lon="-0.0512500">
    <ele>15.7</ele>
    <time>2025-06-16T16:32:31Z</time>
   </trkpt>
   <trkpt lat="51.5348100" lon="-0.0512000">
    <ele>15.7</ele>
    <time>2025-06-16T16:32:32Z</time>
   </trkpt>
   <trkpt lat="51.5347950" lon="-0.0511520">
    <ele>15.7</ele>
    <time>2025-06-16T16:32:33Z</time>
   </trkpt>
   <trkpt lat="51.5347730" lon="-0.0511000">
    <ele>15.7</ele>
    <time>2025-06-16T16:32:34Z</time>
   </trkpt>
   <trkpt lat="51.5347690" lon="-0.0510690">
    <ele>15.7</ele>
    <time>2025-06-16T16:32:35Z</time>
   </trkpt>
   <trkpt lat="51.5347500" lon="-0.0510270">
    <ele>15.7</ele>
    <time>2025-06-16T16:32:36Z</time>
   </trkpt>
   <trkpt lat="51.5347270" lon="-0.0509850">
    <ele>15.7</ele>
    <time>2025-06-16T16:32:37Z</time>
   </trkpt>
   <trkpt lat="51.5347100" lon="-0.0509370">
    <ele>15.7</ele>
    <time>2025-06-16T16:32:38Z</time>
   </trkpt>
   <trkpt lat="51.5346950" lon="-0.0508980">
    <ele>15.7</ele>
    <time>2025-06-16T16:32:39Z</time>
   </trkpt>
   <trkpt lat="51.5346640" lon="-0.0508740">
    <ele>15.7</ele>
    <time>2025-06-16T16:32:40Z</time>
   </trkpt>
   <trkpt lat="51.5346480" lon="-0.0508320">
    <ele>15.7</ele>
    <time>2025-06-16T16:32:41Z</time>
   </trkpt>
   <trkpt lat="51.5346390" lon="-0.0507790">
    <ele>15.7</ele>
    <time>2025-06-16T16:32:42Z</time>
   </trkpt>
   <trkpt lat="51.5346290" lon="-0.0507320">
    <ele>15.7</ele>
    <time>2025-06-16T16:32:43Z</time>
   </trkpt>
   <trkpt lat="51.5346100" lon="-0.0506840">
    <ele>15.7</ele>
    <time>2025-06-16T16:32:44Z</time>
   </trkpt>
   <trkpt lat="51.5346040" lon="-0.0506420">
    <ele>15.7</ele>
    <time>2025-06-16T16:32:45Z</time>
   </trkpt>
   <trkpt lat="51.5345880" lon="-0.0505920">
    <ele>15.7</ele>
    <time>2025-06-16T16:32:46Z</time>
   </trkpt>
   <trkpt lat="51.5345790" lon="-0.0505500">
    <ele>15.7</ele>
    <time>2025-06-16T16:32:47Z</time>
   </trkpt>
   <trkpt lat="51.5345610" lon="-0.0505050">
    <ele>15.7</ele>
    <time>2025-06-16T16:32:48Z</time>
   </trkpt>
   <trkpt lat="51.5345410" lon="-0.0504420">
    <ele>15.7</ele>
    <time>2025-06-16T16:32:49Z</time>
   </trkpt>
   <trkpt lat="51.5345310" lon="-0.0504160">
    <ele>15.7</ele>
    <time>2025-06-16T16:32:50Z</time>
   </trkpt>
   <trkpt lat="51.5345170" lon="-0.0503720">
    <ele>15.7</ele>
    <time>2025-06-16T16:32:51Z</time>
   </trkpt>
   <trkpt lat="51.5345000" lon="-0.0503250">
    <ele>15.7</ele>
    <time>2025-06-16T16:32:52Z</time>
   </trkpt>
   <trkpt lat="51.5344860" lon="-0.0502800">
    <ele>15.8</ele>
    <time>2025-06-16T16:32:53Z</time>
   </trkpt>
   <trkpt lat="51.5344660" lon="-0.0502430">
    <ele>15.8</ele>
    <time>2025-06-16T16:32:54Z</time>
   </trkpt>
   <trkpt lat="51.5344430" lon="-0.0501940">
    <ele>15.8</ele>
    <time>2025-06-16T16:32:55Z</time>
   </trkpt>
   <trkpt lat="51.5344350" lon="-0.0501770">
    <ele>15.7</ele>
    <time>2025-06-16T16:32:56Z</time>
   </trkpt>
   <trkpt lat="51.5344120" lon="-0.0501210">
    <ele>15.7</ele>
    <time>2025-06-16T16:32:57Z</time>
   </trkpt>
   <trkpt lat="51.5344050" lon="-0.0500970">
    <ele>15.7</ele>
    <time>2025-06-16T16:32:58Z</time>
   </trkpt>
   <trkpt lat="51.5343840" lon="-0.0500640">
    <ele>15.7</ele>
    <time>2025-06-16T16:32:59Z</time>
   </trkpt>
   <trkpt lat="51.5343770" lon="-0.0500190">
    <ele>15.7</ele>
    <time>2025-06-16T16:33:00Z</time>
   </trkpt>
   <trkpt lat="51.5343670" lon="-0.0499610">
    <ele>15.7</ele>
    <time>2025-06-16T16:33:01Z</time>
   </trkpt>
   <trkpt lat="51.5343620" lon="-0.0499170">
    <ele>15.7</ele>
    <time>2025-06-16T16:33:02Z</time>
   </trkpt>
   <trkpt lat="51.5343360" lon="-0.0498720">
    <ele>15.7</ele>
    <time>2025-06-16T16:33:03Z</time>
   </trkpt>
   <trkpt lat="51.5343170" lon="-0.0498200">
    <ele>15.7</ele>
    <time>2025-06-16T16:33:04Z</time>
   </trkpt>
   <trkpt lat="51.5342950" lon="-0.0497790">
    <ele>15.8</ele>
    <time>2025-06-16T16:33:05Z</time>
   </trkpt>
   <trkpt lat="51.5342810" lon="-0.0497300">
    <ele>15.8</ele>
    <time>2025-06-16T16:33:06Z</time>
   </trkpt>
   <trkpt lat="51.5342640" lon="-0.0496840">
    <ele>15.8</ele>
    <time>2025-06-16T16:33:07Z</time>
   </trkpt>
   <trkpt lat="51.5342560" lon="-0.0496350">
    <ele>15.8</ele>
    <time>2025-06-16T16:33:08Z</time>
   </trkpt>
   <trkpt lat="51.5342420" lon="-0.0495920">
    <ele>15.8</ele>
    <time>2025-06-16T16:33:09Z</time>
   </trkpt>
   <trkpt lat="51.5342270" lon="-0.0495520">
    <ele>15.9</ele>
    <time>2025-06-16T16:33:10Z</time>
   </trkpt>
   <trkpt lat="51.5342030" lon="-0.0495260">
    <ele>15.9</ele>
    <time>2025-06-16T16:33:11Z</time>
   </trkpt>
   <trkpt lat="51.5342070" lon="-0.0494800">
    <ele>15.9</ele>
    <time>2025-06-16T16:33:12Z</time>
   </trkpt>
   <trkpt lat="51.5341910" lon="-0.0494130">
    <ele>16.0</ele>
    <time>2025-06-16T16:33:13Z</time>
   </trkpt>
   <trkpt lat="51.5341740" lon="-0.0493740">
    <ele>16.0</ele>
    <time>2025-06-16T16:33:14Z</time>
   </trkpt>
   <trkpt lat="51.5341590" lon="-0.0493200">
    <ele>16.1</ele>
    <time>2025-06-16T16:33:15Z</time>
   </trkpt>
   <trkpt lat="51.5341540" lon="-0.0492410">
    <ele>16.2</ele>
    <time>2025-06-16T16:33:16Z</time>
   </trkpt>
   <trkpt lat="51.5341320" lon="-0.0491880">
    <ele>16.2</ele>
    <time>2025-06-16T16:33:17Z</time>
   </trkpt>
   <trkpt lat="51.5341070" lon="-0.0491410">
    <ele>16.3</ele>
    <time>2025-06-16T16:33:18Z</time>
   </trkpt>
   <trkpt lat="51.5340900" lon="-0.0491020">
    <ele>16.3</ele>
    <time>2025-06-16T16:33:19Z</time>
   </trkpt>
   <trkpt lat="51.5340790" lon="-0.0490560">
    <ele>16.4</ele>
    <time>2025-06-16T16:33:20Z</time>
   </trkpt>
   <trkpt lat="51.5340810" lon="-0.0490110">
    <ele>16.4</ele>
    <time>2025-06-16T16:33:21Z</time>
   </trkpt>
   <trkpt lat="51.5340660" lon="-0.0489650">
    <ele>16.4</ele>
    <time>2025-06-16T16:33:22Z</time>
   </trkpt>
   <trkpt lat="51.5340430" lon="-0.0489310">
    <ele>16.5</ele>
    <time>2025-06-16T16:33:23Z</time>
   </trkpt>
   <trkpt lat="51.5340230" lon="-0.0488880">
    <ele>16.5</ele>
    <time>2025-06-16T16:33:24Z</time>
   </trkpt>
   <trkpt lat="51.5340110" lon="-0.0488480">
    <ele>16.5</ele>
    <time>2025-06-16T16:33:25Z</time>
   </trkpt>
   <trkpt lat="51.5339860" lon="-0.0488120">
    <ele>16.6</ele>
    <time>2025-06-16T16:33:26Z</time>
   </trkpt>
   <trkpt lat="51.5339720" lon="-0.0487720">
    <ele>16.6</ele>
    <time>2025-06-16T16:33:27Z</time>
   </trkpt>
   <trkpt lat="51.5339570" lon="-0.0487220">
    <ele>16.6</ele>
    <time>2025-06-16T16:33:28Z</time>
   </trkpt>
   <trkpt lat="51.5339490" lon="-0.0486710">
    <ele>16.5</ele>
    <time>2025-06-16T16:33:29Z</time>
   </trkpt>
   <trkpt lat="51.5339310" lon="-0.0486220">
    <ele>16.5</ele>
    <time>2025-06-16T16:33:30Z</time>
   </trkpt>
   <trkpt lat="51.5339110" lon="-0.0485790">
    <ele>16.4</ele>
    <time>2025-06-16T16:33:31Z</time>
   </trkpt>
   <trkpt lat="51.5338830" lon="-0.0485330">
    <ele>16.3</ele>
    <time>2025-06-16T16:33:32Z</time>
   </trkpt>
   <trkpt lat="51.5338670" lon="-0.0484930">
    <ele>16.3</ele>
    <time>2025-06-16T16:33:34Z</time>
   </trkpt>
   <trkpt lat="51.5338480" lon="-0.0484420">
    <ele>16.2</ele>
    <time>2025-06-16T16:33:35Z</time>
   </trkpt>
   <trkpt lat="51.5338270" lon="-0.0483920">
    <ele>16.1</ele>
    <time>2025-06-16T16:33:36Z</time>
   </trkpt>
   <trkpt lat="51.5338170" lon="-0.0483710">
    <ele>16.0</ele>
    <time>2025-06-16T16:33:37Z</time>
   </trkpt>
   <trkpt lat="51.5337990" lon="-0.0483210">
    <ele>15.9</ele>
    <time>2025-06-16T16:33:38Z</time>
   </trkpt>
   <trkpt lat="51.5337860" lon="-0.0482700">
    <ele>15.8</ele>
    <time>2025-06-16T16:33:39Z</time>
   </trkpt>
   <trkpt lat="51.5337640" lon="-0.0482200">
    <ele>15.7</ele>
    <time>2025-06-16T16:33:40Z</time>
   </trkpt>
   <trkpt lat="51.5337500" lon="-0.0481690">
    <ele>15.6</ele>
    <time>2025-06-16T16:33:41Z</time>
   </trkpt>
   <trkpt lat="51.5337370" lon="-0.0481200">
    <ele>15.5</ele>
    <time>2025-06-16T16:33:42Z</time>
   </trkpt>
   <trkpt lat="51.5337180" lon="-0.0480800">
    <ele>15.4</ele>
    <time>2025-06-16T16:33:43Z</time>
   </trkpt>
   <trkpt lat="51.5337070" lon="-0.0480260">
    <ele>15.4</ele>
    <time>2025-06-16T16:33:44Z</time>
   </trkpt>
   <trkpt lat="51.5336960" lon="-0.0479730">
    <ele>15.3</ele>
    <time>2025-06-16T16:33:45Z</time>
   </trkpt>
   <trkpt lat="51.5336820" lon="-0.0479160">
    <ele>15.2</ele>
    <time>2025-06-16T16:33:46Z</time>
   </trkpt>
   <trkpt lat="51.5336760" lon="-0.0478650">
    <ele>15.1</ele>
    <time>2025-06-16T16:33:47Z</time>
   </trkpt>
   <trkpt lat="51.5336620" lon="-0.0477930">
    <ele>15.0</ele>
    <time>2025-06-16T16:33:48Z</time>
   </trkpt>
   <trkpt lat="51.5336420" lon="-0.0477510">
    <ele>14.9</ele>
    <time>2025-06-16T16:33:49Z</time>
   </trkpt>
   <trkpt lat="51.5336280" lon="-0.0477020">
    <ele>14.8</ele>
    <time>2025-06-16T16:33:50Z</time>
   </trkpt>
   <trkpt lat="51.5336100" lon="-0.0476640">
    <ele>14.8</ele>
    <time>2025-06-16T16:33:51Z</time>
   </trkpt>
   <trkpt lat="51.5335870" lon="-0.0476080">
    <ele>14.7</ele>
    <time>2025-06-16T16:33:52Z</time>
   </trkpt>
   <trkpt lat="51.5335670" lon="-0.0475690">
    <ele>14.6</ele>
    <time>2025-06-16T16:33:53Z</time>
   </trkpt>
   <trkpt lat="51.5335540" lon="-0.0475140">
    <ele>14.6</ele>
    <time>2025-06-16T16:33:54Z</time>
   </trkpt>
   <trkpt lat="51.5335450" lon="-0.0474620">
    <ele>14.5</ele>
    <time>2025-06-16T16:33:55Z</time>
   </trkpt>
   <trkpt lat="51.5335320" lon="-0.0474180">
    <ele>14.4</ele>
    <time>2025-06-16T16:33:56Z</time>
   </trkpt>
   <trkpt lat="51.5335120" lon="-0.0473820">
    <ele>14.4</ele>
    <time>2025-06-16T16:33:57Z</time>
   </trkpt>
   <trkpt lat="51.5334970" lon="-0.0473400">
    <ele>14.3</ele>
    <time>2025-06-16T16:33:58Z</time>
   </trkpt>
   <trkpt lat="51.5334740" lon="-0.0473040">
    <ele>14.3</ele>
    <time>2025-06-16T16:33:59Z</time>
   </trkpt>
   <trkpt lat="51.5334540" lon="-0.0472620">
    <ele>14.2</ele>
    <time>2025-06-16T16:34:00Z</time>
   </trkpt>
   <trkpt lat="51.5334390" lon="-0.0472160">
    <ele>14.2</ele>
    <time>2025-06-16T16:34:01Z</time>
   </trkpt>
   <trkpt lat="51.5334260" lon="-0.0471690">
    <ele>14.1</ele>
    <time>2025-06-16T16:34:02Z</time>
   </trkpt>
   <trkpt lat="51.5334010" lon="-0.0471200">
    <ele>14.1</ele>
    <time>2025-06-16T16:34:03Z</time>
   </trkpt>
   <trkpt lat="51.5333910" lon="-0.0470520">
    <ele>14.0</ele>
    <time>2025-06-16T16:34:04Z</time>
   </trkpt>
   <trkpt lat="51.5333750" lon="-0.0470030">
    <ele>14.0</ele>
    <time>2025-06-16T16:34:05Z</time>
   </trkpt>
   <trkpt lat="51.5333620" lon="-0.0469550">
    <ele>14.0</ele>
    <time>2025-06-16T16:34:06Z</time>
   </trkpt>
   <trkpt lat="51.5333390" lon="-0.0469130">
    <ele>13.9</ele>
    <time>2025-06-16T16:34:07Z</time>
   </trkpt>
   <trkpt lat="51.5333110" lon="-0.0468310">
    <ele>13.9</ele>
    <time>2025-06-16T16:34:08Z</time>
   </trkpt>
   <trkpt lat="51.5332980" lon="-0.0467830">
    <ele>13.8</ele>
    <time>2025-06-16T16:34:09Z</time>
   </trkpt>
   <trkpt lat="51.5332890" lon="-0.0467340">
    <ele>13.8</ele>
    <time>2025-06-16T16:34:10Z</time>
   </trkpt>
   <trkpt lat="51.5332760" lon="-0.0466930">
    <ele>13.8</ele>
    <time>2025-06-16T16:34:11Z</time>
   </trkpt>
   <trkpt lat="51.5332610" lon="-0.0466470">
    <ele>13.7</ele>
    <time>2025-06-16T16:34:12Z</time>
   </trkpt>
   <trkpt lat="51.5332470" lon="-0.0465930">
    <ele>13.7</ele>
    <time>2025-06-16T16:34:13Z</time>
   </trkpt>
   <trkpt lat="51.5332380" lon="-0.0465320">
    <ele>13.7</ele>
    <time>2025-06-16T16:34:14Z</time>
   </trkpt>
   <trkpt lat="51.5332230" lon="-0.0464850">
    <ele>13.6</ele>
    <time>2025-06-16T16:34:15Z</time>
   </trkpt>
   <trkpt lat="51.5332060" lon="-0.0464480">
    <ele>13.6</ele>
    <time>2025-06-16T16:34:16Z</time>
   </trkpt>
   <trkpt lat="51.5331910" lon="-0.0463990">
    <ele>13.6</ele>
    <time>2025-06-16T16:34:17Z</time>
   </trkpt>
   <trkpt lat="51.5331800" lon="-0.0463530">
    <ele>13.5</ele>
    <time>2025-06-16T16:34:18Z</time>
   </trkpt>
   <trkpt lat="51.5331720" lon="-0.0462900">
    <ele>13.5</ele>
    <time>2025-06-16T16:34:19Z</time>
   </trkpt>
   <trkpt lat="51.5331570" lon="-0.0462460">
    <ele>13.5</ele>
    <time>2025-06-16T16:34:20Z</time>
   </trkpt>
   <trkpt lat="51.5331410" lon="-0.0461920">
    <ele>13.5</ele>
    <time>2025-06-16T16:34:21Z</time>
   </trkpt>
   <trkpt lat="51.5331320" lon="-0.0461360">
    <ele>13.4</ele>
    <time>2025-06-16T16:34:22Z</time>
   </trkpt>
   <trkpt lat="51.5331090" lon="-0.0460920">
    <ele>13.4</ele>
    <time>2025-06-16T16:34:23Z</time>
   </trkpt>
   <trkpt lat="51.5330920" lon="-0.0460520">
    <ele>13.4</ele>
    <time>2025-06-16T16:34:24Z</time>
   </trkpt>
   <trkpt lat="51.5330770" lon="-0.0459960">
    <ele>13.3</ele>
    <time>2025-06-16T16:34:25Z</time>
   </trkpt>
   <trkpt lat="51.5330610" lon="-0.0459540">
    <ele>13.3</ele>
    <time>2025-06-16T16:34:26Z</time>
   </trkpt>
   <trkpt lat="51.5330430" lon="-0.0459090">
    <ele>13.3</ele>
    <time>2025-06-16T16:34:27Z</time>
   </trkpt>
   <trkpt lat="51.5330270" lon="-0.0458670">
    <ele>13.3</ele>
    <time>2025-06-16T16:34:28Z</time>
   </trkpt>
   <trkpt lat="51.5330080" lon="-0.0458340">
    <ele>13.2</ele>
    <time>2025-06-16T16:34:29Z</time>
   </trkpt>
   <trkpt lat="51.5329870" lon="-0.0457890">
    <ele>13.2</ele>
    <time>2025-06-16T16:34:30Z</time>
   </trkpt>
   <trkpt lat="51.5329670" lon="-0.0457410">
    <ele>13.1</ele>
    <time>2025-06-16T16:34:31Z</time>
   </trkpt>
   <trkpt lat="51.5329520" lon="-0.0456950">
    <ele>13.1</ele>
    <time>2025-06-16T16:34:32Z</time>
   </trkpt>
   <trkpt lat="51.5329340" lon="-0.0456520">
    <ele>13.1</ele>
    <time>2025-06-16T16:34:33Z</time>
   </trkpt>
   <trkpt lat="51.5329140" lon="-0.0456130">
    <ele>13.0</ele>
    <time>2025-06-16T16:34:34Z</time>
   </trkpt>
   <trkpt lat="51.5328980" lon="-0.0455630">
    <ele>13.0</ele>
    <time>2025-06-16T16:34:35Z</time>
   </trkpt>
   <trkpt lat="51.5328820" lon="-0.0455200">
    <ele>13.0</ele>
    <time>2025-06-16T16:34:36Z</time>
   </trkpt>
   <trkpt lat="51.5328680" lon="-0.0454790">
    <ele>12.9</ele>
    <time>2025-06-16T16:34:37Z</time>
   </trkpt>
   <trkpt lat="51.5328520" lon="-0.0454320">
    <ele>12.9</ele>
    <time>2025-06-16T16:34:38Z</time>
   </trkpt>
   <trkpt lat="51.5328350" lon="-0.0453890">
    <ele>12.8</ele>
    <time>2025-06-16T16:34:39Z</time>
   </trkpt>
   <trkpt lat="51.5328090" lon="-0.0453480">
    <ele>12.8</ele>
    <time>2025-06-16T16:34:40Z</time>
   </trkpt>
   <trkpt lat="51.5327960" lon="-0.0453010">
    <ele>12.8</ele>
    <time>2025-06-16T16:34:41Z</time>
   </trkpt>
   <trkpt lat="51.5327820" lon="-0.0452280">
    <ele>12.8</ele>
    <time>2025-06-16T16:34:42Z</time>
   </trkpt>
   <trkpt lat="51.5327760" lon="-0.0451830">
    <ele>12.7</ele>
    <time>2025-06-16T16:34:43Z</time>
   </trkpt>
   <trkpt lat="51.5327620" lon="-0.0451380">
    <ele>12.7</ele>
    <time>2025-06-16T16:34:44Z</time>
   </trkpt>
   <trkpt lat="51.5327550" lon="-0.0450790">
    <ele>12.7</ele>
    <time>2025-06-16T16:34:45Z</time>
   </trkpt>
   <trkpt lat="51.5327360" lon="-0.0450400">
    <ele>12.6</ele>
    <time>2025-06-16T16:34:46Z</time>
   </trkpt>
   <trkpt lat="51.5327350" lon="-0.0449780">
    <ele>12.6</ele>
    <time>2025-06-16T16:34:47Z</time>
   </trkpt>
   <trkpt lat="51.5327260" lon="-0.0449300">
    <ele>12.6</ele>
    <time>2025-06-16T16:34:48Z</time>
   </trkpt>
   <trkpt lat="51.5327170" lon="-0.0448730">
    <ele>12.5</ele>
    <time>2025-06-16T16:34:49Z</time>
   </trkpt>
   <trkpt lat="51.5327080" lon="-0.0448090">
    <ele>12.5</ele>
    <time>2025-06-16T16:34:50Z</time>
   </trkpt>
   <trkpt lat="51.5326820" lon="-0.0447670">
    <ele>12.5</ele>
    <time>2025-06-16T16:34:51Z</time>
   </trkpt>
   <trkpt lat="51.5326650" lon="-0.0447180">
    <ele>12.4</ele>
    <time>2025-06-16T16:34:52Z</time>
   </trkpt>
   <trkpt lat="51.5326570" lon="-0.0446700">
    <ele>12.4</ele>
    <time>2025-06-16T16:34:53Z</time>
   </trkpt>
   <trkpt lat="51.5326560" lon="-0.0446180">
    <ele>12.4</ele>
    <time>2025-06-16T16:34:54Z</time>
   </trkpt>
   <trkpt lat="51.5326570" lon="-0.0445620">
    <ele>12.4</ele>
    <time>2025-06-16T16:34:55Z</time>
   </trkpt>
   <trkpt lat="51.5326570" lon="-0.0445100">
    <ele>12.4</ele>
    <time>2025-06-16T16:34:56Z</time>
   </trkpt>
   <trkpt lat="51.5326510" lon="-0.0444670">
    <ele>12.4</ele>
    <time>2025-06-16T16:34:57Z</time>
   </trkpt>
   <trkpt lat="51.5326530" lon="-0.0444020">
    <ele>12.4</ele>
    <time>2025-06-16T16:34:58Z</time>
   </trkpt>
   <trkpt lat="51.5326620" lon="-0.0443420">
    <ele>12.4</ele>
    <time>2025-06-16T16:34:59Z</time>
   </trkpt>
   <trkpt lat="51.5326690" lon="-0.0442950">
    <ele>12.3</ele>
    <time>2025-06-16T16:35:00Z</time>
   </trkpt>
   <trkpt lat="51.5326710" lon="-0.0442420">
    <ele>12.3</ele>
    <time>2025-06-16T16:35:01Z</time>
   </trkpt>
   <trkpt lat="51.5326770" lon="-0.0441910">
    <ele>12.3</ele>
    <time>2025-06-16T16:35:02Z</time>
   </trkpt>
   <trkpt lat="51.5326820" lon="-0.0441390">
    <ele>12.3</ele>
    <time>2025-06-16T16:35:03Z</time>
   </trkpt>
   <trkpt lat="51.5326890" lon="-0.0440710">
    <ele>12.4</ele>
    <time>2025-06-16T16:35:04Z</time>
   </trkpt>
   <trkpt lat="51.5326910" lon="-0.0440240">
    <ele>12.4</ele>
    <time>2025-06-16T16:35:05Z</time>
   </trkpt>
   <trkpt lat="51.5326980" lon="-0.0439800">
    <ele>12.4</ele>
    <time>2025-06-16T16:35:06Z</time>
   </trkpt>
   <trkpt lat="51.5327100" lon="-0.0439180">
    <ele>12.4</ele>
    <time>2025-06-16T16:35:07Z</time>
   </trkpt>
   <trkpt lat="51.5327190" lon="-0.0438760">
    <ele>12.4</ele>
    <time>2025-06-16T16:35:08Z</time>
   </trkpt>
   <trkpt lat="51.5327320" lon="-0.0438180">
    <ele>12.4</ele>
    <time>2025-06-16T16:35:09Z</time>
   </trkpt>
   <trkpt lat="51.5327480" lon="-0.0437740">
    <ele>12.4</ele>
    <time>2025-06-16T16:35:10Z</time>
   </trkpt>
   <trkpt lat="51.5327680" lon="-0.0437320">
    <ele>12.4</ele>
    <time>2025-06-16T16:35:11Z</time>
   </trkpt>
   <trkpt lat="51.5327790" lon="-0.0436870">
    <ele>12.4</ele>
    <time>2025-06-16T16:35:12Z</time>
   </trkpt>
   <trkpt lat="51.5327970" lon="-0.0436360">
    <ele>12.5</ele>
    <time>2025-06-16T16:35:13Z</time>
   </trkpt>
   <trkpt lat="51.5328110" lon="-0.0435970">
    <ele>12.5</ele>
    <time>2025-06-16T16:35:14Z</time>
   </trkpt>
   <trkpt lat="51.5328340" lon="-0.0435610">
    <ele>12.5</ele>
    <time>2025-06-16T16:35:15Z</time>
   </trkpt>
   <trkpt lat="51.5328530" lon="-0.0435210">
    <ele>12.5</ele>
    <time>2025-06-16T16:35:16Z</time>
   </trkpt>
   <trkpt lat="51.5328780" lon="-0.0434830">
    <ele>12.5</ele>
    <time>2025-06-16T16:35:17Z</time>
   </trkpt>
   <trkpt lat="51.5328970" lon="-0.0434370">
    <ele>12.5</ele>
    <time>2025-06-16T16:35:18Z</time>
   </trkpt>
   <trkpt lat="51.5329190" lon="-0.0433800">
    <ele>12.5</ele>
    <time>2025-06-16T16:35:19Z</time>
   </trkpt>
   <trkpt lat="51.5329400" lon="-0.0433370">
    <ele>12.5</ele>
    <time>2025-06-16T16:35:20Z</time>
   </trkpt>
   <trkpt lat="51.5329630" lon="-0.0433040">
    <ele>12.5</ele>
    <time>2025-06-16T16:35:21Z</time>
   </trkpt>
   <trkpt lat="51.5329780" lon="-0.0432630">
    <ele>12.5</ele>
    <time>2025-06-16T16:35:22Z</time>
   </trkpt>
   <trkpt lat="51.5329910" lon="-0.0432220">
    <ele>12.5</ele>
    <time>2025-06-16T16:35:23Z</time>
   </trkpt>
   <trkpt lat="51.5330050" lon="-0.0431680">
    <ele>12.5</ele>
    <time>2025-06-16T16:35:24Z</time>
   </trkpt>
   <trkpt lat="51.5330220" lon="-0.0431270">
    <ele>12.5</ele>
    <time>2025-06-16T16:35:25Z</time>
   </trkpt>
   <trkpt lat="51.5330370" lon="-0.0430760">
    <ele>12.5</ele>
    <time>2025-06-16T16:35:26Z</time>
   </trkpt>
   <trkpt lat="51.5330540" lon="-0.0430380">
    <ele>12.5</ele>
    <time>2025-06-16T16:35:27Z</time>
   </trkpt>
   <trkpt lat="51.5330730" lon="-0.0429850">
    <ele>12.5</ele>
    <time>2025-06-16T16:35:28Z</time>
   </trkpt>
   <trkpt lat="51.5330900" lon="-0.0429500">
    <ele>12.5</ele>
    <time>2025-06-16T16:35:29Z</time>
   </trkpt>
   <trkpt lat="51.5331060" lon="-0.0429060">
    <ele>12.6</ele>
    <time>2025-06-16T16:35:30Z</time>
   </trkpt>
   <trkpt lat="51.5331240" lon="-0.0428600">
    <ele>12.6</ele>
    <time>2025-06-16T16:35:31Z</time>
   </trkpt>
   <trkpt lat="51.5331350" lon="-0.0428060">
    <ele>12.6</ele>
    <time>2025-06-16T16:35:32Z</time>
   </trkpt>
   <trkpt lat="51.5331470" lon="-0.0427520">
    <ele>12.6</ele>
    <time>2025-06-16T16:35:33Z</time>
   </trkpt>
   <trkpt lat="51.5331590" lon="-0.0426880">
    <ele>12.6</ele>
    <time>2025-06-16T16:35:34Z</time>
   </trkpt>
   <trkpt lat="51.5331780" lon="-0.0426550">
    <ele>12.6</ele>
    <time>2025-06-16T16:35:35Z</time>
   </trkpt>
   <trkpt lat="51.5331970" lon="-0.0426130">
    <ele>12.7</ele>
    <time>2025-06-16T16:35:36Z</time>
   </trkpt>
   <trkpt lat="51.5332140" lon="-0.0425740">
    <ele>12.7</ele>
    <time>2025-06-16T16:35:37Z</time>
   </trkpt>
   <trkpt lat="51.5332290" lon="-0.0425270">
    <ele>12.8</ele>
    <time>2025-06-16T16:35:38Z</time>
   </trkpt>
   <trkpt lat="51.5332460" lon="-0.0424740">
    <ele>12.8</ele>
    <time>2025-06-16T16:35:40Z</time>
   </trkpt>
   <trkpt lat="51.5332620" lon="-0.0424300">
    <ele>12.8</ele>
    <time>2025-06-16T16:35:41Z</time>
   </trkpt>
   <trkpt lat="51.5332820" lon="-0.0423780">
    <ele>12.9</ele>
    <time>2025-06-16T16:35:42Z</time>
   </trkpt>
   <trkpt lat="51.5333000" lon="-0.0423400">
    <ele>12.9</ele>
    <time>2025-06-16T16:35:43Z</time>
   </trkpt>
   <trkpt lat="51.5333160" lon="-0.0423030">
    <ele>12.9</ele>
    <time>2025-06-16T16:35:44Z</time>
   </trkpt>
   <trkpt lat="51.5333310" lon="-0.0422670">
    <ele>12.9</ele>
    <time>2025-06-16T16:35:45Z</time>
   </trkpt>
   <trkpt lat="51.5333510" lon="-0.0422260">
    <ele>12.9</ele>
    <time>2025-06-16T16:35:46Z</time>
   </trkpt>
   <trkpt lat="51.5333810" lon="-0.0422030">
    <ele>12.9</ele>
    <time>2025-06-16T16:35:47Z</time>
   </trkpt>
   <trkpt lat="51.5334250" lon="-0.0421900">
    <ele>12.9</ele>
    <time>2025-06-16T16:35:48Z</time>
   </trkpt>
   <trkpt lat="51.5334590" lon="-0.0421810">
    <ele>12.8</ele>
    <time>2025-06-16T16:35:49Z</time>
   </trkpt>
   <trkpt lat="51.5334900" lon="-0.0421710">
    <ele>12.8</ele>
    <time>2025-06-16T16:35:50Z</time>
   </trkpt>
   <trkpt lat="51.5335190" lon="-0.0421680">
    <ele>12.8</ele>
    <time>2025-06-16T16:35:51Z</time>
   </trkpt>
   <trkpt lat="51.5335590" lon="-0.0421830">
    <ele>12.8</ele>
    <time>2025-06-16T16:35:52Z</time>
   </trkpt>
   <trkpt lat="51.5335930" lon="-0.0421770">
    <ele>12.7</ele>
    <time>2025-06-16T16:35:53Z</time>
   </trkpt>
   <trkpt lat="51.5336290" lon="-0.0421700">
    <ele>12.7</ele>
    <time>2025-06-16T16:35:54Z</time>
   </trkpt>
   <trkpt lat="51.5336550" lon="-0.0421440">
    <ele>12.7</ele>
    <time>2025-06-16T16:35:55Z</time>
   </trkpt>
   <trkpt lat="51.5336930" lon="-0.0421390">
    <ele>12.7</ele>
    <time>2025-06-16T16:35:56Z</time>
   </trkpt>
   <trkpt lat="51.5337070" lon="-0.0421380">
    <ele>12.7</ele>
    <time>2025-06-16T16:35:57Z</time>
   </trkpt>
   <trkpt lat="51.5337360" lon="-0.0421300">
    <ele>12.7</ele>
    <time>2025-06-16T16:35:58Z</time>
   </trkpt>
   <trkpt lat="51.5337640" lon="-0.0421290">
    <ele>12.7</ele>
    <time>2025-06-16T16:35:59Z</time>
   </trkpt>
   <trkpt lat="51.5338030" lon="-0.0421390">
    <ele>12.7</ele>
    <time>2025-06-16T16:36:00Z</time>
   </trkpt>
   <trkpt lat="51.5338380" lon="-0.0421570">
    <ele>12.7</ele>
    <time>2025-06-16T16:36:01Z</time>
   </trkpt>
   <trkpt lat="51.5338690" lon="-0.0421950">
    <ele>12.7</ele>
    <time>2025-06-16T16:36:02Z</time>
   </trkpt>
   <trkpt lat="51.5338950" lon="-0.0421910">
    <ele>12.7</ele>
    <time>2025-06-16T16:36:03Z</time>
   </trkpt>
   <trkpt lat="51.5339090" lon="-0.0421860">
    <ele>12.8</ele>
    <time>2025-06-16T16:36:04Z</time>
   </trkpt>
   <trkpt lat="51.5339230" lon="-0.0421810">
    <ele>12.8</ele>
    <time>2025-06-16T16:36:05Z</time>
   </trkpt>
   <trkpt lat="51.5339490" lon="-0.0421630">
    <ele>12.9</ele>
    <time>2025-06-16T16:36:06Z</time>
   </trkpt>
   <trkpt lat="51.5339760" lon="-0.0421460">
    <ele>12.9</ele>
    <time>2025-06-16T16:36:07Z</time>
   </trkpt>
   <trkpt lat="51.5340020" lon="-0.0420890">
    <ele>13.0</ele>
    <time>2025-06-16T16:36:08Z</time>
   </trkpt>
   <trkpt lat="51.5340230" lon="-0.0420560">
    <ele>13.0</ele>
    <time>2025-06-16T16:36:09Z</time>
   </trkpt>
   <trkpt lat="51.5340380" lon="-0.0420200">
    <ele>13.1</ele>
    <time>2025-06-16T16:36:10Z</time>
   </trkpt>
   <trkpt lat="51.5340610" lon="-0.0419920">
    <ele>13.1</ele>
    <time>2025-06-16T16:36:11Z</time>
   </trkpt>
   <trkpt lat="51.5340820" lon="-0.0419480">
    <ele>13.2</ele>
    <time>2025-06-16T16:36:12Z</time>
   </trkpt>
   <trkpt lat="51.5340810" lon="-0.0418910">
    <ele>13.3</ele>
    <time>2025-06-16T16:36:13Z</time>
   </trkpt>
   <trkpt lat="51.5340740" lon="-0.0418210">
    <ele>13.3</ele>
    <time>2025-06-16T16:36:14Z</time>
   </trkpt>
   <trkpt lat="51.5340650" lon="-0.0417680">
    <ele>13.3</ele>
    <time>2025-06-16T16:36:15Z</time>
   </trkpt>
   <trkpt lat="51.5340580" lon="-0.0416820">
    <ele>13.3</ele>
    <time>2025-06-16T16:36:16Z</time>
   </trkpt>
   <trkpt lat="51.5340540" lon="-0.0416400">
    <ele>13.3</ele>
    <time>2025-06-16T16:36:17Z</time>
   </trkpt>
   <trkpt lat="51.5340530" lon="-0.0415810">
    <ele>13.2</ele>
    <time>2025-06-16T16:36:18Z</time>
   </trkpt>
   <trkpt lat="51.5340400" lon="-0.0415280">
    <ele>13.2</ele>
    <time>2025-06-16T16:36:19Z</time>
   </trkpt>
   <trkpt lat="51.5340310" lon="-0.0414780">
    <ele>13.2</ele>
    <time>2025-06-16T16:36:20Z</time>
   </trkpt>
   <trkpt lat="51.5340040" lon="-0.0414140">
    <ele>13.3</ele>
    <time>2025-06-16T16:36:21Z</time>
   </trkpt>
   <trkpt lat="51.5339910" lon="-0.0413500">
    <ele>13.3</ele>
    <time>2025-06-16T16:36:22Z</time>
   </trkpt>
   <trkpt lat="51.5339920" lon="-0.0412760">
    <ele>13.3</ele>
    <time>2025-06-16T16:36:23Z</time>
   </trkpt>
   <trkpt lat="51.5339900" lon="-0.0412110">
    <ele>13.3</ele>
    <time>2025-06-16T16:36:24Z</time>
   </trkpt>
   <trkpt lat="51.5339870" lon="-0.0411880">
    <ele>13.3</ele>
    <time>2025-06-16T16:36:25Z</time>
   </trkpt>
   <trkpt lat="51.5339790" lon="-0.0411330">
    <ele>13.3</ele>
    <time>2025-06-16T16:36:26Z</time>
   </trkpt>
   <trkpt lat="51.5339650" lon="-0.0410760">
    <ele>13.3</ele>
    <time>2025-06-16T16:36:27Z</time>
   </trkpt>
   <trkpt lat="51.5339440" lon="-0.0410180">
    <ele>13.3</ele>
    <time>2025-06-16T16:36:28Z</time>
   </trkpt>
   <trkpt lat="51.5339320" lon="-0.0409740">
    <ele>13.3</ele>
    <time>2025-06-16T16:36:29Z</time>
   </trkpt>
   <trkpt lat="51.5339140" lon="-0.0409290">
    <ele>13.3</ele>
    <time>2025-06-16T16:36:30Z</time>
   </trkpt>
   <trkpt lat="51.5339000" lon="-0.0408800">
    <ele>13.3</ele>
    <time>2025-06-16T16:36:31Z</time>
   </trkpt>
   <trkpt lat="51.5338990" lon="-0.0408360">
    <ele>13.3</ele>
    <time>2025-06-16T16:36:32Z</time>
   </trkpt>
   <trkpt lat="51.5339120" lon="-0.0407760">
    <ele>13.3</ele>
    <time>2025-06-16T16:36:33Z</time>
   </trkpt>
   <trkpt lat="51.5339140" lon="-0.0407240">
    <ele>13.2</ele>
    <time>2025-06-16T16:36:34Z</time>
   </trkpt>
   <trkpt lat="51.5339200" lon="-0.0406720">
    <ele>13.2</ele>
    <time>2025-06-16T16:36:35Z</time>
   </trkpt>
   <trkpt lat="51.5339180" lon="-0.0406110">
    <ele>13.2</ele>
    <time>2025-06-16T16:36:36Z</time>
   </trkpt>
   <trkpt lat="51.5339180" lon="-0.0405630">
    <ele>13.2</ele>
    <time>2025-06-16T16:36:37Z</time>
   </trkpt>
   <trkpt lat="51.5339250" lon="-0.0405130">
    <ele>13.2</ele>
    <time>2025-06-16T16:36:38Z</time>
   </trkpt>
   <trkpt lat="51.5339390" lon="-0.0404720">
    <ele>13.2</ele>
    <time>2025-06-16T16:36:39Z</time>
   </trkpt>
   <trkpt lat="51.5339440" lon="-0.0404230">
    <ele>13.2</ele>
    <time>2025-06-16T16:36:40Z</time>
   </trkpt>
   <trkpt lat="51.5339420" lon="-0.0403750">
    <ele>13.2</ele>
    <time>2025-06-16T16:36:41Z</time>
   </trkpt>
   <trkpt lat="51.5339530" lon="-0.0403310">
    <ele>13.2</ele>
    <time>2025-06-16T16:36:42Z</time>
   </trkpt>
   <trkpt lat="51.5339600" lon="-0.0402820">
    <ele>13.2</ele>
    <time>2025-06-16T16:36:43Z</time>
   </trkpt>
   <trkpt lat="51.5339870" lon="-0.0402170">
    <ele>13.2</ele>
    <time>2025-06-16T16:36:44Z</time>
   </trkpt>
   <trkpt lat="51.5339980" lon="-0.0401740">
    <ele>13.2</ele>
    <time>2025-06-16T16:36:45Z</time>
   </trkpt>
   <trkpt lat="51.5340170" lon="-0.0401340">
    <ele>13.2</ele>
    <time>2025-06-16T16:36:46Z</time>
   </trkpt>
   <trkpt lat="51.5340240" lon="-0.0400880">
    <ele>13.2</ele>
    <time>2025-06-16T16:36:47Z</time>
   </trkpt>
   <trkpt lat="51.5340330" lon="-0.0400380">
    <ele>13.2</ele>
    <time>2025-06-16T16:36:48Z</time>
   </trkpt>
   <trkpt lat="51.5340440" lon="-0.0399920">
    <ele>13.2</ele>
    <time>2025-06-16T16:36:49Z</time>
   </trkpt>
   <trkpt lat="51.5340680" lon="-0.0399540">
    <ele>13.2</ele>
    <time>2025-06-16T16:36:50Z</time>
   </trkpt>
   <trkpt lat="51.5340740" lon="-0.0398680">
    <ele>13.2</ele>
    <time>2025-06-16T16:36:51Z</time>
   </trkpt>
   <trkpt lat="51.5340780" lon="-0.0398230">
    <ele>13.2</ele>
    <time>2025-06-16T16:36:52Z</time>
   </trkpt>
   <trkpt lat="51.5341010" lon="-0.0397670">
    <ele>13.2</ele>
    <time>2025-06-16T16:36:53Z</time>
   </trkpt>
   <trkpt lat="51.5341110" lon="-0.0397480">
    <ele>13.2</ele>
    <time>2025-06-16T16:36:54Z</time>
   </trkpt>
   <trkpt lat="51.5341310" lon="-0.0397040">
    <ele>13.2</ele>
    <time>2025-06-16T16:36:55Z</time>
   </trkpt>
   <trkpt lat="51.5341500" lon="-0.0396530">
    <ele>13.2</ele>
    <time>2025-06-16T16:36:56Z</time>
   </trkpt>
   <trkpt lat="51.5341630" lon="-0.0396060">
    <ele>13.2</ele>
    <time>2025-06-16T16:36:57Z</time>
   </trkpt>
   <trkpt lat="51.5341870" lon="-0.0395490">
    <ele>13.2</ele>
    <time>2025-06-16T16:36:58Z</time>
   </trkpt>
   <trkpt lat="51.5341900" lon="-0.0394890">
    <ele>13.2</ele>
    <time>2025-06-16T16:36:59Z</time>
   </trkpt>
   <trkpt lat="51.5342020" lon="-0.0394300">
    <ele>13.1</ele>
    <time>2025-06-16T16:37:00Z</time>
   </trkpt>
   <trkpt lat="51.5342100" lon="-0.0393860">
    <ele>13.1</ele>
    <time>2025-06-16T16:37:01Z</time>
   </trkpt>
   <trkpt lat="51.5342220" lon="-0.0393390">
    <ele>13.1</ele>
    <time>2025-06-16T16:37:02Z</time>
   </trkpt>
   <trkpt lat="51.5342410" lon="-0.0392950">
    <ele>13.1</ele>
    <time>2025-06-16T16:37:03Z</time>
   </trkpt>
   <trkpt lat="51.5342630" lon="-0.0392590">
    <ele>13.1</ele>
    <time>2025-06-16T16:37:04Z</time>
   </trkpt>
   <trkpt lat="51.5342750" lon="-0.0392050">
    <ele>13.1</ele>
    <time>2025-06-16T16:37:05Z</time>
   </trkpt>
   <trkpt lat="51.5342890" lon="-0.0391630">
    <ele>13.1</ele>
    <time>2025-06-16T16:37:06Z</time>
   </trkpt>
   <trkpt lat="51.5343030" lon="-0.0391180">
    <ele>13.1</ele>
    <time>2025-06-16T16:37:07Z</time>
   </trkpt>
   <trkpt lat="51.5343210" lon="-0.0390770">
    <ele>13.1</ele>
    <time>2025-06-16T16:37:08Z</time>
   </trkpt>
   <trkpt lat="51.5343390" lon="-0.0390180">
    <ele>13.2</ele>
    <time>2025-06-16T16:37:09Z</time>
   </trkpt>
   <trkpt lat="51.5343460" lon="-0.0389960">
    <ele>13.2</ele>
    <time>2025-06-16T16:37:10Z</time>
   </trkpt>
   <trkpt lat="51.5343550" lon="-0.0389460">
    <ele>13.2</ele>
    <time>2025-06-16T16:37:11Z</time>
   </trkpt>
   <trkpt lat="51.5343690" lon="-0.0388900">
    <ele>13.2</ele>
    <time>2025-06-16T16:37:12Z</time>
   </trkpt>
   <trkpt lat="51.5343750" lon="-0.0388700">
    <ele>13.2</ele>
    <time>2025-06-16T16:37:13Z</time>
   </trkpt>
   <trkpt lat="51.5343910" lon="-0.0388260">
    <ele>13.2</ele>
    <time>2025-06-16T16:37:14Z</time>
   </trkpt>
   <trkpt lat="51.5344050" lon="-0.0387790">
    <ele>13.2</ele>
    <time>2025-06-16T16:37:15Z</time>
   </trkpt>
   <trkpt lat="51.5344220" lon="-0.0387350">
    <ele>13.2</ele>
    <time>2025-06-16T16:37:16Z</time>
   </trkpt>
   <trkpt lat="51.5344460" lon="-0.0386940">
    <ele>13.2</ele>
    <time>2025-06-16T16:37:17Z</time>
   </trkpt>
   <trkpt lat="51.5344660" lon="-0.0386510">
    <ele>13.2</ele>
    <time>2025-06-16T16:37:18Z</time>
   </trkpt>
   <trkpt lat="51.5344880" lon="-0.0386130">
    <ele>13.2</ele>
    <time>2025-06-16T16:37:19Z</time>
   </trkpt>
   <trkpt lat="51.5345070" lon="-0.0385710">
    <ele>13.2</ele>
    <time>2025-06-16T16:37:20Z</time>
   </trkpt>
   <trkpt lat="51.5345230" lon="-0.0385300">
    <ele>13.2</ele>
    <time>2025-06-16T16:37:21Z</time>
   </trkpt>
   <trkpt lat="51.5345520" lon="-0.0384670">
    <ele>13.2</ele>
    <time>2025-06-16T16:37:22Z</time>
   </trkpt>
   <trkpt lat="51.5345780" lon="-0.0384310">
    <ele>13.2</ele>
    <time>2025-06-16T16:37:23Z</time>
   </trkpt>
   <trkpt lat="51.5346090" lon="-0.0383600">
    <ele>13.3</ele>
    <time>2025-06-16T16:37:24Z</time>
   </trkpt>
   <trkpt lat="51.5346410" lon="-0.0383230">
    <ele>13.3</ele>
    <time>2025-06-16T16:37:25Z</time>
   </trkpt>
   <trkpt lat="51.5346560" lon="-0.0382670">
    <ele>13.3</ele>
    <time>2025-06-16T16:37:26Z</time>
   </trkpt>
   <trkpt lat="51.5346730" lon="-0.0382280">
    <ele>13.3</ele>
    <time>2025-06-16T16:37:27Z</time>
   </trkpt>
   <trkpt lat="51.5346810" lon="-0.0381760">
    <ele>13.3</ele>
    <time>2025-06-16T16:37:28Z</time>
   </trkpt>
   <trkpt lat="51.5346950" lon="-0.0381160">
    <ele>13.3</ele>
    <time>2025-06-16T16:37:29Z</time>
   </trkpt>
   <trkpt lat="51.5347090" lon="-0.0380970">
    <ele>13.3</ele>
    <time>2025-06-16T16:37:30Z</time>
   </trkpt>
   <trkpt lat="51.5347360" lon="-0.0380730">
    <ele>13.3</ele>
    <time>2025-06-16T16:37:31Z</time>
   </trkpt>
   <trkpt lat="51.5347520" lon="-0.0380050">
    <ele>13.3</ele>
    <time>2025-06-16T16:37:32Z</time>
   </trkpt>
   <trkpt lat="51.5347750" lon="-0.0379720">
    <ele>13.2</ele>
    <time>2025-06-16T16:37:33Z</time>
   </trkpt>
   <trkpt lat="51.5347910" lon="-0.0379370">
    <ele>13.2</ele>
    <time>2025-06-16T16:37:34Z</time>
   </trkpt>
   <trkpt lat="51.5348010" lon="-0.0378880">
    <ele>13.2</ele>
    <time>2025-06-16T16:37:35Z</time>
   </trkpt>
   <trkpt lat="51.5348180" lon="-0.0378410">
    <ele>13.2</ele>
    <time>2025-06-16T16:37:36Z</time>
   </trkpt>
   <trkpt lat="51.5348420" lon="-0.0378060">
    <ele>13.2</ele>
    <time>2025-06-16T16:37:37Z</time>
   </trkpt>
   <trkpt lat="51.5348680" lon="-0.0377810">
    <ele>13.2</ele>
    <time>2025-06-16T16:37:38Z</time>
   </trkpt>
   <trkpt lat="51.5348770" lon="-0.0376960">
    <ele>13.2</ele>
    <time>2025-06-16T16:37:39Z</time>
   </trkpt>
   <trkpt lat="51.5348740" lon="-0.0376380">
    <ele>13.2</ele>
    <time>2025-06-16T16:37:40Z</time>
   </trkpt>
   <trkpt lat="51.5348810" lon="-0.0375920">
    <ele>13.2</ele>
    <time>2025-06-16T16:37:41Z</time>
   </trkpt>
   <trkpt lat="51.5348810" lon="-0.0375210">
    <ele>13.1</ele>
    <time>2025-06-16T16:37:42Z</time>
   </trkpt>
   <trkpt lat="51.5348860" lon="-0.0374770">
    <ele>13.1</ele>
    <time>2025-06-16T16:37:43Z</time>
   </trkpt>
   <trkpt lat="51.5348990" lon="-0.0374380">
    <ele>13.1</ele>
    <time>2025-06-16T16:37:44Z</time>
   </trkpt>
   <trkpt lat="51.5349180" lon="-0.0373990">
    <ele>13.1</ele>
    <time>2025-06-16T16:37:46Z</time>
   </trkpt>
   <trkpt lat="51.5349610" lon="-0.0373600">
    <ele>13.1</ele>
    <time>2025-06-16T16:37:47Z</time>
   </trkpt>
   <trkpt lat="51.5349790" lon="-0.0373190">
    <ele>13.0</ele>
    <time>2025-06-16T16:37:48Z</time>
   </trkpt>
   <trkpt lat="51.5350140" lon="-0.0373050">
    <ele>13.0</ele>
    <time>2025-06-16T16:37:49Z</time>
   </trkpt>
   <trkpt lat="51.5350320" lon="-0.0372690">
    <ele>13.0</ele>
    <time>2025-06-16T16:37:50Z</time>
   </trkpt>
   <trkpt lat="51.5350510" lon="-0.0372160">
    <ele>13.0</ele>
    <time>2025-06-16T16:37:51Z</time>
   </trkpt>
   <trkpt lat="51.5350550" lon="-0.0371940">
    <ele>13.0</ele>
    <time>2025-06-16T16:37:52Z</time>
   </trkpt>
   <trkpt lat="51.5350720" lon="-0.0371490">
    <ele>13.0</ele>
    <time>2025-06-16T16:37:53Z</time>
   </trkpt>
   <trkpt lat="51.5350970" lon="-0.0370700">
    <ele>12.9</ele>
    <time>2025-06-16T16:37:54Z</time>
   </trkpt>
   <trkpt lat="51.5351160" lon="-0.0370210">
    <ele>12.9</ele>
    <time>2025-06-16T16:37:55Z</time>
   </trkpt>
   <trkpt lat="51.5351280" lon="-0.0369420">
    <ele>12.9</ele>
    <time>2025-06-16T16:37:56Z</time>
   </trkpt>
   <trkpt lat="51.5351420" lon="-0.0368960">
    <ele>12.9</ele>
    <time>2025-06-16T16:37:57Z</time>
   </trkpt>
   <trkpt lat="51.5351520" lon="-0.0368430">
    <ele>12.9</ele>
    <time>2025-06-16T16:37:58Z</time>
   </trkpt>
   <trkpt lat="51.5351700" lon="-0.0368050">
    <ele>12.9</ele>
    <time>2025-06-16T16:37:59Z</time>
   </trkpt>
   <trkpt lat="51.5351960" lon="-0.0367520">
    <ele>12.9</ele>
    <time>2025-06-16T16:38:00Z</time>
   </trkpt>
   <trkpt lat="51.5352080" lon="-0.0367080">
    <ele>13.0</ele>
    <time>2025-06-16T16:38:01Z</time>
   </trkpt>
   <trkpt lat="51.5352290" lon="-0.0366410">
    <ele>13.0</ele>
    <time>2025-06-16T16:38:02Z</time>
   </trkpt>
   <trkpt lat="51.5352420" lon="-0.0366150">
    <ele>13.0</ele>
    <time>2025-06-16T16:38:03Z</time>
   </trkpt>
   <trkpt lat="51.5352700" lon="-0.0365580">
    <ele>13.0</ele>
    <time>2025-06-16T16:38:04Z</time>
   </trkpt>
   <trkpt lat="51.5352840" lon="-0.0365020">
    <ele>13.0</ele>
    <time>2025-06-16T16:38:05Z</time>
   </trkpt>
   <trkpt lat="51.5353000" lon="-0.0364560">
    <ele>13.0</ele>
    <time>2025-06-16T16:38:06Z</time>
   </trkpt>
   <trkpt lat="51.5353150" lon="-0.0364130">
    <ele>13.0</ele>
    <time>2025-06-16T16:38:07Z</time>
   </trkpt>
   <trkpt lat="51.5353360" lon="-0.0363700">
    <ele>13.0</ele>
    <time>2025-06-16T16:38:08Z</time>
   </trkpt>
   <trkpt lat="51.5353530" lon="-0.0363320">
    <ele>13.0</ele>
    <time>2025-06-16T16:38:09Z</time>
   </trkpt>
   <trkpt lat="51.5353840" lon="-0.0363220">
    <ele>13.0</ele>
    <time>2025-06-16T16:38:10Z</time>
   </trkpt>
   <trkpt lat="51.5354010" lon="-0.0362830">
    <ele>13.0</ele>
    <time>2025-06-16T16:38:11Z</time>
   </trkpt>
   <trkpt lat="51.5354180" lon="-0.0362350">
    <ele>13.0</ele>
    <time>2025-06-16T16:38:12Z</time>
   </trkpt>
   <trkpt lat="51.5354540" lon="-0.0362040">
    <ele>13.0</ele>
    <time>2025-06-16T16:38:13Z</time>
   </trkpt>
   <trkpt lat="51.5355100" lon="-0.0361340">
    <ele>13.0</ele>
    <time>2025-06-16T16:38:14Z</time>
   </trkpt>
   <trkpt lat="51.5355180" lon="-0.0360720">
    <ele>13.0</ele>
    <time>2025-06-16T16:38:15Z</time>
   </trkpt>
   <trkpt lat="51.5355240" lon="-0.0360520">
    <ele>13.0</ele>
    <time>2025-06-16T16:38:16Z</time>
   </trkpt>
   <trkpt lat="51.5355470" lon="-0.0360090">
    <ele>13.0</ele>
    <time>2025-06-16T16:38:17Z</time>
   </trkpt>
   <trkpt lat="51.5355720" lon="-0.0359730">
    <ele>13.0</ele>
    <time>2025-06-16T16:38:18Z</time>
   </trkpt>
   <trkpt lat="51.5355850" lon="-0.0359280">
    <ele>13.0</ele>
    <time>2025-06-16T16:38:19Z</time>
   </trkpt>
   <trkpt lat="51.5355970" lon="-0.0358800">
    <ele>13.0</ele>
    <time>2025-06-16T16:38:20Z</time>
   </trkpt>
   <trkpt lat="51.5356120" lon="-0.0358140">
    <ele>13.0</ele>
    <time>2025-06-16T16:38:21Z</time>
   </trkpt>
   <trkpt lat="51.5356320" lon="-0.0357710">
    <ele>13.1</ele>
    <time>2025-06-16T16:38:22Z</time>
   </trkpt>
   <trkpt lat="51.5356720" lon="-0.0357370">
    <ele>13.1</ele>
    <time>2025-06-16T16:38:23Z</time>
   </trkpt>
   <trkpt lat="51.5357060" lon="-0.0357010">
    <ele>13.1</ele>
    <time>2025-06-16T16:38:24Z</time>
   </trkpt>
   <trkpt lat="51.5357290" lon="-0.0356650">
    <ele>13.1</ele>
    <time>2025-06-16T16:38:25Z</time>
   </trkpt>
   <trkpt lat="51.5357430" lon="-0.0356180">
    <ele>13.1</ele>
    <time>2025-06-16T16:38:26Z</time>
   </trkpt>
   <trkpt lat="51.5357530" lon="-0.0355670">
    <ele>13.1</ele>
    <time>2025-06-16T16:38:27Z</time>
   </trkpt>
   <trkpt lat="51.5357670" lon="-0.0355250">
    <ele>13.1</ele>
    <time>2025-06-16T16:38:28Z</time>
   </trkpt>
   <trkpt lat="51.5358020" lon="-0.0355110">
    <ele>13.2</ele>
    <time>2025-06-16T16:38:29Z</time>
   </trkpt>
   <trkpt lat="51.5358410" lon="-0.0354780">
    <ele>13.2</ele>
    <time>2025-06-16T16:38:30Z</time>
   </trkpt>
   <trkpt lat="51.5358580" lon="-0.0354300">
    <ele>13.2</ele>
    <time>2025-06-16T16:38:31Z</time>
   </trkpt>
   <trkpt lat="51.5358740" lon="-0.0353700">
    <ele>13.3</ele>
    <time>2025-06-16T16:38:32Z</time>
   </trkpt>
   <trkpt lat="51.5358920" lon="-0.0353220">
    <ele>13.3</ele>
    <time>2025-06-16T16:38:33Z</time>
   </trkpt>
   <trkpt lat="51.5359140" lon="-0.0352730">
    <ele>13.3</ele>
    <time>2025-06-16T16:38:34Z</time>
   </trkpt>
   <trkpt lat="51.5359710" lon="-0.0352010">
    <ele>13.4</ele>
    <time>2025-06-16T16:38:35Z</time>
   </trkpt>
   <trkpt lat="51.5359860" lon="-0.0351610">
    <ele>13.5</ele>
    <time>2025-06-16T16:38:36Z</time>
   </trkpt>
   <trkpt lat="51.5360230" lon="-0.0351240">
    <ele>13.5</ele>
    <time>2025-06-16T16:38:37Z</time>
   </trkpt>
   <trkpt lat="51.5360380" lon="-0.0351060">
    <ele>13.5</ele>
    <time>2025-06-16T16:38:38Z</time>
   </trkpt>
   <trkpt lat="51.5360600" lon="-0.0350500">
    <ele>13.6</ele>
    <time>2025-06-16T16:38:39Z</time>
   </trkpt>
   <trkpt lat="51.5360710" lon="-0.0350310">
    <ele>13.6</ele>
    <time>2025-06-16T16:38:40Z</time>
   </trkpt>
   <trkpt lat="51.5360900" lon="-0.0349990">
    <ele>13.7</ele>
    <time>2025-06-16T16:38:41Z</time>
   </trkpt>
   <trkpt lat="51.5361180" lon="-0.0349580">
    <ele>13.7</ele>
    <time>2025-06-16T16:38:42Z</time>
   </trkpt>
   <trkpt lat="51.5361400" lon="-0.0349190">
    <ele>13.8</ele>
    <time>2025-06-16T16:38:43Z</time>
   </trkpt>
   <trkpt lat="51.5361730" lon="-0.0348780">
    <ele>13.9</ele>
    <time>2025-06-16T16:38:44Z</time>
   </trkpt>
   <trkpt lat="51.5362000" lon="-0.0348380">
    <ele>13.9</ele>
    <time>2025-06-16T16:38:45Z</time>
   </trkpt>
   <trkpt lat="51.5362220" lon="-0.0348030">
    <ele>14.0</ele>
    <time>2025-06-16T16:38:46Z</time>
   </trkpt>
   <trkpt lat="51.5362460" lon="-0.0347630">
    <ele>14.0</ele>
    <time>2025-06-16T16:38:47Z</time>
   </trkpt>
   <trkpt lat="51.5362670" lon="-0.0347310">
    <ele>14.0</ele>
    <time>2025-06-16T16:38:48Z</time>
   </trkpt>
   <trkpt lat="51.5362850" lon="-0.0346850">
    <ele>14.1</ele>
    <time>2025-06-16T16:38:49Z</time>
   </trkpt>
   <trkpt lat="51.5363040" lon="-0.0346440">
    <ele>14.1</ele>
    <time>2025-06-16T16:38:50Z</time>
   </trkpt>
   <trkpt lat="51.5363300" lon="-0.0345960">
    <ele>14.1</ele>
    <time>2025-06-16T16:38:51Z</time>
   </trkpt>
   <trkpt lat="51.5363580" lon="-0.0345640">
    <ele>14.1</ele>
    <time>2025-06-16T16:38:52Z</time>
   </trkpt>
   <trkpt lat="51.5363780" lon="-0.0345210">
    <ele>14.1</ele>
    <time>2025-06-16T16:38:53Z</time>
   </trkpt>
   <trkpt lat="51.5364030" lon="-0.0344710">
    <ele>14.2</ele>
    <time>2025-06-16T16:38:54Z</time>
   </trkpt>
   <trkpt lat="51.5364120" lon="-0.0344520">
    <ele>14.2</ele>
    <time>2025-06-16T16:38:55Z</time>
   </trkpt>
   <trkpt lat="51.5364330" lon="-0.0343950">
    <ele>14.2</ele>
    <time>2025-06-16T16:38:56Z</time>
   </trkpt>
   <trkpt lat="51.5364380" lon="-0.0343700">
    <ele>14.2</ele>
    <time>2025-06-16T16:38:57Z</time>
   </trkpt>
   <trkpt lat="51.5364520" lon="-0.0343310">
    <ele>14.2</ele>
    <time>2025-06-16T16:38:58Z</time>
   </trkpt>
   <trkpt lat="51.5364790" lon="-0.0342710">
    <ele>14.1</ele>
    <time>2025-06-16T16:38:59Z</time>
   </trkpt>
   <trkpt lat="51.5364930" lon="-0.0342230">
    <ele>14.1</ele>
    <time>2025-06-16T16:39:00Z</time>
   </trkpt>
   <trkpt lat="51.5365150" lon="-0.0341720">
    <ele>14.1</ele>
    <time>2025-06-16T16:39:01Z</time>
   </trkpt>
   <trkpt lat="51.5365370" lon="-0.0341310">
    <ele>14.1</ele>
    <time>2025-06-16T16:39:02Z</time>
   </trkpt>
   <trkpt lat="51.5365620" lon="-0.0341050">
    <ele>14.1</ele>
    <time>2025-06-16T16:39:03Z</time>
   </trkpt>
   <trkpt lat="51.5365780" lon="-0.0340540">
    <ele>14.1</ele>
    <time>2025-06-16T16:39:04Z</time>
   </trkpt>
   <trkpt lat="51.5365930" lon="-0.0340090">
    <ele>14.1</ele>
    <time>2025-06-16T16:39:05Z</time>
   </trkpt>
   <trkpt lat="51.5365960" lon="-0.0339640">
    <ele>14.1</ele>
    <time>2025-06-16T16:39:06Z</time>
   </trkpt>
   <trkpt lat="51.5366180" lon="-0.0339270">
    <ele>14.1</ele>
    <time>2025-06-16T16:39:07Z</time>
   </trkpt>
   <trkpt lat="51.5366280" lon="-0.0338720">
    <ele>14.0</ele>
    <time>2025-06-16T16:39:08Z</time>
   </trkpt>
   <trkpt lat="51.5366580" lon="-0.0338340">
    <ele>14.0</ele>
    <time>2025-06-16T16:39:09Z</time>
   </trkpt>
   <trkpt lat="51.5366630" lon="-0.0337650">
    <ele>14.0</ele>
    <time>2025-06-16T16:39:10Z</time>
   </trkpt>
   <trkpt lat="51.5366670" lon="-0.0337380">
    <ele>14.0</ele>
    <time>2025-06-16T16:39:11Z</time>
   </trkpt>
   <trkpt lat="51.5366820" lon="-0.0336770">
    <ele>14.0</ele>
    <time>2025-06-16T16:39:12Z</time>
   </trkpt>
   <trkpt lat="51.5366930" lon="-0.0336270">
    <ele>14.0</ele>
    <time>2025-06-16T16:39:13Z</time>
   </trkpt>
   <trkpt lat="51.5367090" lon="-0.0335780">
    <ele>14.0</ele>
    <time>2025-06-16T16:39:14Z</time>
   </trkpt>
   <trkpt lat="51.5367300" lon="-0.0335330">
    <ele>14.0</ele>
    <time>2025-06-16T16:39:15Z</time>
   </trkpt>
   <trkpt lat="51.5367500" lon="-0.0334920">
    <ele>14.0</ele>
    <time>2025-06-16T16:39:16Z</time>
   </trkpt>
   <trkpt lat="51.5367650" lon="-0.0334520">
    <ele>14.0</ele>
    <time>2025-06-16T16:39:17Z</time>
   </trkpt>
   <trkpt lat="51.5367910" lon="-0.0333960">
    <ele>14.0</ele>
    <time>2025-06-16T16:39:18Z</time>
   </trkpt>
   <trkpt lat="51.5368050" lon="-0.0333550">
    <ele>14.0</ele>
    <time>2025-06-16T16:39:19Z</time>
   </trkpt>
   <trkpt lat="51.5368170" lon="-0.0333130">
    <ele>14.0</ele>
    <time>2025-06-16T16:39:20Z</time>
   </trkpt>
   <trkpt lat="51.5368390" lon="-0.0332580">
    <ele>14.0</ele>
    <time>2025-06-16T16:39:21Z</time>
   </trkpt>
   <trkpt lat="51.5368620" lon="-0.0332150">
    <ele>14.0</ele>
    <time>2025-06-16T16:39:22Z</time>
   </trkpt>
   <trkpt lat="51.5368730" lon="-0.0331460">
    <ele>14.0</ele>
    <time>2025-06-16T16:39:23Z</time>
   </trkpt>
   <trkpt lat="51.5368860" lon="-0.0331180">
    <ele>14.0</ele>
    <time>2025-06-16T16:39:24Z</time>
   </trkpt>
   <trkpt lat="51.5369120" lon="-0.0330720">
    <ele>14.0</ele>
    <time>2025-06-16T16:39:25Z</time>
   </trkpt>
   <trkpt lat="51.5369260" lon="-0.0330300">
    <ele>14.0</ele>
    <time>2025-06-16T16:39:26Z</time>
   </trkpt>
   <trkpt lat="51.5369400" lon="-0.0329850">
    <ele>14.0</ele>
    <time>2025-06-16T16:39:27Z</time>
   </trkpt>
   <trkpt lat="51.5369570" lon="-0.0329340">
    <ele>14.0</ele>
    <time>2025-06-16T16:39:28Z</time>
   </trkpt>
   <trkpt lat="51.5369700" lon="-0.0328890">
    <ele>14.0</ele>
    <time>2025-06-16T16:39:29Z</time>
   </trkpt>
   <trkpt lat="51.5369960" lon="-0.0328510">
    <ele>14.0</ele>
    <time>2025-06-16T16:39:30Z</time>
   </trkpt>
   <trkpt lat="51.5370090" lon="-0.0328060">
    <ele>14.0</ele>
    <time>2025-06-16T16:39:31Z</time>
   </trkpt>
   <trkpt lat="51.5370520" lon="-0.0327210">
    <ele>14.0</ele>
    <time>2025-06-16T16:39:32Z</time>
   </trkpt>
   <trkpt lat="51.5370710" lon="-0.0326620">
    <ele>14.0</ele>
    <time>2025-06-16T16:39:33Z</time>
   </trkpt>
   <trkpt lat="51.5370790" lon="-0.0326400">
    <ele>14.0</ele>
    <time>2025-06-16T16:39:34Z</time>
   </trkpt>
   <trkpt lat="51.5370960" lon="-0.0325940">
    <ele>14.0</ele>
    <time>2025-06-16T16:39:35Z</time>
   </trkpt>
   <trkpt lat="51.5371020" lon="-0.0325500">
    <ele>14.0</ele>
    <time>2025-06-16T16:39:36Z</time>
   </trkpt>
   <trkpt lat="51.5371170" lon="-0.0325130">
    <ele>14.1</ele>
    <time>2025-06-16T16:39:37Z</time>
   </trkpt>
   <trkpt lat="51.5371450" lon="-0.0324720">
    <ele>14.1</ele>
    <time>2025-06-16T16:39:38Z</time>
   </trkpt>
   <trkpt lat="51.5371700" lon="-0.0324310">
    <ele>14.1</ele>
    <time>2025-06-16T16:39:39Z</time>
   </trkpt>
   <trkpt lat="51.5371930" lon="-0.0323880">
    <ele>14.1</ele>
    <time>2025-06-16T16:39:40Z</time>
   </trkpt>
   <trkpt lat="51.5372170" lon="-0.0323370">
    <ele>14.1</ele>
    <time>2025-06-16T16:39:41Z</time>
   </trkpt>
   <trkpt lat="51.5372360" lon="-0.0322920">
    <ele>14.1</ele>
    <time>2025-06-16T16:39:42Z</time>
   </trkpt>
   <trkpt lat="51.5372540" lon="-0.0322550">
    <ele>14.1</ele>
    <time>2025-06-16T16:39:43Z</time>
   </trkpt>
   <trkpt lat="51.5372760" lon="-0.0322100">
    <ele>14.1</ele>
    <time>2025-06-16T16:39:44Z</time>
   </trkpt>
   <trkpt lat="51.5372950" lon="-0.0321700">
    <ele>14.1</ele>
    <time>2025-06-16T16:39:45Z</time>
   </trkpt>
   <trkpt lat="51.5373140" lon="-0.0321170">
    <ele>14.2</ele>
    <time>2025-06-16T16:39:46Z</time>
   </trkpt>
   <trkpt lat="51.5373380" lon="-0.0320790">
    <ele>14.2</ele>
    <time>2025-06-16T16:39:47Z</time>
   </trkpt>
   <trkpt lat="51.5373550" lon="-0.0320390">
    <ele>14.2</ele>
    <time>2025-06-16T16:39:48Z</time>
   </trkpt>
   <trkpt lat="51.5373800" lon="-0.0319800">
    <ele>14.2</ele>
    <time>2025-06-16T16:39:49Z</time>
   </trkpt>
   <trkpt lat="51.5374020" lon="-0.0319360">
    <ele>14.2</ele>
    <time>2025-06-16T16:39:50Z</time>
   </trkpt>
   <trkpt lat="51.5374210" lon="-0.0318730">
    <ele>14.3</ele>
    <time>2025-06-16T16:39:51Z</time>
   </trkpt>
   <trkpt lat="51.5374320" lon="-0.0318420">
    <ele>14.3</ele>
    <time>2025-06-16T16:39:52Z</time>
   </trkpt>
   <trkpt lat="51.5374540" lon="-0.0317930">
    <ele>14.3</ele>
    <time>2025-06-16T16:39:53Z</time>
   </trkpt>
   <trkpt lat="51.5374620" lon="-0.0317720">
    <ele>14.3</ele>
    <time>2025-06-16T16:39:54Z</time>
   </trkpt>
   <trkpt lat="51.5374810" lon="-0.0317200">
    <ele>14.3</ele>
    <time>2025-06-16T16:39:55Z</time>
   </trkpt>
   <trkpt lat="51.5374980" lon="-0.0316760">
    <ele>14.3</ele>
    <time>2025-06-16T16:39:56Z</time>
   </trkpt>
   <trkpt lat="51.5375200" lon="-0.0316240">
    <ele>14.3</ele>
    <time>2025-06-16T16:39:57Z</time>
   </trkpt>
   <trkpt lat="51.5375440" lon="-0.0315830">
    <ele>14.3</ele>
    <time>2025-06-16T16:39:58Z</time>
   </trkpt>
   <trkpt lat="51.5375700" lon="-0.0315350">
    <ele>14.3</ele>
    <time>2025-06-16T16:39:59Z</time>
   </trkpt>
   <trkpt lat="51.5375950" lon="-0.0314900">
    <ele>14.3</ele>
    <time>2025-06-16T16:40:00Z</time>
   </trkpt>
   <trkpt lat="51.5376180" lon="-0.0314410">
    <ele>14.3</ele>
    <time>2025-06-16T16:40:01Z</time>
   </trkpt>
   <trkpt lat="51.5376370" lon="-0.0313960">
    <ele>14.3</ele>
    <time>2025-06-16T16:40:02Z</time>
   </trkpt>
   <trkpt lat="51.5376590" lon="-0.0313430">
    <ele>14.3</ele>
    <time>2025-06-16T16:40:03Z</time>
   </trkpt>
   <trkpt lat="51.5376820" lon="-0.0313070">
    <ele>14.3</ele>
    <time>2025-06-16T16:40:04Z</time>
   </trkpt>
   <trkpt lat="51.5377030" lon="-0.0312660">
    <ele>14.3</ele>
    <time>2025-06-16T16:40:05Z</time>
   </trkpt>
   <trkpt lat="51.5377290" lon="-0.0312500">
    <ele>14.3</ele>
    <time>2025-06-16T16:40:06Z</time>
   </trkpt>
   <trkpt lat="51.5377630" lon="-0.0311970">
    <ele>14.3</ele>
    <time>2025-06-16T16:40:07Z</time>
   </trkpt>
   <trkpt lat="51.5377900" lon="-0.0311620">
    <ele>14.3</ele>
    <time>2025-06-16T16:40:08Z</time>
   </trkpt>
   <trkpt lat="51.5378110" lon="-0.0311210">
    <ele>14.3</ele>
    <time>2025-06-16T16:40:09Z</time>
   </trkpt>
   <trkpt lat="51.5378350" lon="-0.0310820">
    <ele>14.3</ele>
    <time>2025-06-16T16:40:10Z</time>
   </trkpt>
   <trkpt lat="51.5378570" lon="-0.0310400">
    <ele>14.3</ele>
    <time>2025-06-16T16:40:11Z</time>
   </trkpt>
   <trkpt lat="51.5378900" lon="-0.0310030">
    <ele>14.3</ele>
    <time>2025-06-16T16:40:12Z</time>
   </trkpt>
   <trkpt lat="51.5379260" lon="-0.0309450">
    <ele>14.3</ele>
    <time>2025-06-16T16:40:13Z</time>
   </trkpt>
   <trkpt lat="51.5379510" lon="-0.0309110">
    <ele>14.3</ele>
    <time>2025-06-16T16:40:14Z</time>
   </trkpt>
   <trkpt lat="51.5379810" lon="-0.0308860">
    <ele>14.3</ele>
    <time>2025-06-16T16:40:15Z</time>
   </trkpt>
   <trkpt lat="51.5380060" lon="-0.0308350">
    <ele>14.3</ele>
    <time>2025-06-16T16:40:16Z</time>
   </trkpt>
   <trkpt lat="51.5380330" lon="-0.0307960">
    <ele>14.3</ele>
    <time>2025-06-16T16:40:17Z</time>
   </trkpt>
   <trkpt lat="51.5380480" lon="-0.0307710">
    <ele>14.3</ele>
    <time>2025-06-16T16:40:18Z</time>
   </trkpt>
   <trkpt lat="51.5380780" lon="-0.0307190">
    <ele>14.3</ele>
    <time>2025-06-16T16:40:19Z</time>
   </trkpt>
   <trkpt lat="51.5381090" lon="-0.0306820">
    <ele>14.3</ele>
    <time>2025-06-16T16:40:20Z</time>
   </trkpt>
   <trkpt lat="51.5381460" lon="-0.0306410">
    <ele>14.3</ele>
    <time>2025-06-16T16:40:21Z</time>
   </trkpt>
   <trkpt lat="51.5381770" lon="-0.0306190">
    <ele>14.3</ele>
    <time>2025-06-16T16:40:22Z</time>
   </trkpt>
   <trkpt lat="51.5382160" lon="-0.0305880">
    <ele>14.3</ele>
    <time>2025-06-16T16:40:23Z</time>
   </trkpt>
   <trkpt lat="51.5382370" lon="-0.0305590">
    <ele>14.2</ele>
    <time>2025-06-16T16:40:24Z</time>
   </trkpt>
   <trkpt lat="51.5382630" lon="-0.0305240">
    <ele>14.2</ele>
    <time>2025-06-16T16:40:25Z</time>
   </trkpt>
   <trkpt lat="51.5382930" lon="-0.0304840">
    <ele>14.2</ele>
    <time>2025-06-16T16:40:26Z</time>
   </trkpt>
   <trkpt lat="51.5383190" lon="-0.0304530">
    <ele>14.2</ele>
    <time>2025-06-16T16:40:27Z</time>
   </trkpt>
   <trkpt lat="51.5383420" lon="-0.0304300">
    <ele>14.2</ele>
    <time>2025-06-16T16:40:28Z</time>
   </trkpt>
   <trkpt lat="51.5383750" lon="-0.0303880">
    <ele>14.2</ele>
    <time>2025-06-16T16:40:29Z</time>
   </trkpt>
   <trkpt lat="51.5383920" lon="-0.0303740">
    <ele>14.2</ele>
    <time>2025-06-16T16:40:30Z</time>
   </trkpt>
   <trkpt lat="51.5384240" lon="-0.0303430">
    <ele>14.2</ele>
    <time>2025-06-16T16:40:31Z</time>
   </trkpt>
   <trkpt lat="51.5384510" lon="-0.0303060">
    <ele>14.2</ele>
    <time>2025-06-16T16:40:32Z</time>
   </trkpt>
   <trkpt lat="51.5384770" lon="-0.0302700">
    <ele>14.2</ele>
    <time>2025-06-16T16:40:33Z</time>
   </trkpt>
   <trkpt lat="51.5385030" lon="-0.0302420">
    <ele>14.2</ele>
    <time>2025-06-16T16:40:34Z</time>
   </trkpt>
   <trkpt lat="51.5385310" lon="-0.0301980">
    <ele>14.2</ele>
    <time>2025-06-16T16:40:35Z</time>
   </trkpt>
   <trkpt lat="51.5385560" lon="-0.0301600">
    <ele>14.2</ele>
    <time>2025-06-16T16:40:36Z</time>
   </trkpt>
   <trkpt lat="51.5385770" lon="-0.0301280">
    <ele>14.2</ele>
    <time>2025-06-16T16:40:37Z</time>
   </trkpt>
   <trkpt lat="51.5386040" lon="-0.0300990">
    <ele>14.2</ele>
    <time>2025-06-16T16:40:38Z</time>
   </trkpt>
   <trkpt lat="51.5386290" lon="-0.0300730">
    <ele>14.2</ele>
    <time>2025-06-16T16:40:39Z</time>
   </trkpt>
   <trkpt lat="51.5386610" lon="-0.0300480">
    <ele>14.2</ele>
    <time>2025-06-16T16:40:40Z</time>
   </trkpt>
   <trkpt lat="51.5386950" lon="-0.0300040">
    <ele>14.2</ele>
    <time>2025-06-16T16:40:41Z</time>
   </trkpt>
   <trkpt lat="51.5387110" lon="-0.0299900">
    <ele>14.2</ele>
    <time>2025-06-16T16:40:42Z</time>
   </trkpt>
   <trkpt lat="51.5387360" lon="-0.0299570">
    <ele>14.2</ele>
    <time>2025-06-16T16:40:43Z</time>
   </trkpt>
   <trkpt lat="51.5387660" lon="-0.0299190">
    <ele>14.2</ele>
    <time>2025-06-16T16:40:44Z</time>
   </trkpt>
   <trkpt lat="51.5387950" lon="-0.0298940">
    <ele>14.2</ele>
    <time>2025-06-16T16:40:45Z</time>
   </trkpt>
   <trkpt lat="51.5388160" lon="-0.0298640">
    <ele>14.2</ele>
    <time>2025-06-16T16:40:46Z</time>
   </trkpt>
   <trkpt lat="51.5388470" lon="-0.0298330">
    <ele>14.2</ele>
    <time>2025-06-16T16:40:47Z</time>
   </trkpt>
   <trkpt lat="51.5388870" lon="-0.0297950">
    <ele>14.2</ele>
    <time>2025-06-16T16:40:48Z</time>
   </trkpt>
   <trkpt lat="51.5389020" lon="-0.0297690">
    <ele>14.2</ele>
    <time>2025-06-16T16:40:49Z</time>
   </trkpt>
   <trkpt lat="51.5389330" lon="-0.0297520">
    <ele>14.2</ele>
    <time>2025-06-16T16:40:50Z</time>
   </trkpt>
   <trkpt lat="51.5389650" lon="-0.0297210">
    <ele>14.2</ele>
    <time>2025-06-16T16:40:51Z</time>
   </trkpt>
   <trkpt lat="51.5389910" lon="-0.0296980">
    <ele>14.2</ele>
    <time>2025-06-16T16:40:52Z</time>
   </trkpt>
   <trkpt lat="51.5390200" lon="-0.0296610">
    <ele>14.2</ele>
    <time>2025-06-16T16:40:53Z</time>
   </trkpt>
   <trkpt lat="51.5390650" lon="-0.0296440">
    <ele>14.2</ele>
    <time>2025-06-16T16:40:54Z</time>
   </trkpt>
   <trkpt lat="51.5391020" lon="-0.0296220">
    <ele>14.2</ele>
    <time>2025-06-16T16:40:55Z</time>
   </trkpt>
   <trkpt lat="51.5391350" lon="-0.0296120">
    <ele>14.2</ele>
    <time>2025-06-16T16:40:56Z</time>
   </trkpt>
   <trkpt lat="51.5391700" lon="-0.0295930">
    <ele>14.2</ele>
    <time>2025-06-16T16:40:57Z</time>
   </trkpt>
   <trkpt lat="51.5392120" lon="-0.0295670">
    <ele>14.2</ele>
    <time>2025-06-16T16:40:58Z</time>
   </trkpt>
   <trkpt lat="51.5392290" lon="-0.0295550">
    <ele>14.2</ele>
    <time>2025-06-16T16:40:59Z</time>
   </trkpt>
   <trkpt lat="51.5392600" lon="-0.0295290">
    <ele>14.2</ele>
    <time>2025-06-16T16:41:00Z</time>
   </trkpt>
   <trkpt lat="51.5392880" lon="-0.0295040">
    <ele>14.2</ele>
    <time>2025-06-16T16:41:01Z</time>
   </trkpt>
   <trkpt lat="51.5393190" lon="-0.0294830">
    <ele>14.2</ele>
    <time>2025-06-16T16:41:02Z</time>
   </trkpt>
   <trkpt lat="51.5393630" lon="-0.0294610">
    <ele>14.2</ele>
    <time>2025-06-16T16:41:03Z</time>
   </trkpt>
   <trkpt lat="51.5393950" lon="-0.0294560">
    <ele>14.2</ele>
    <time>2025-06-16T16:41:04Z</time>
   </trkpt>
   <trkpt lat="51.5394250" lon="-0.0294460">
    <ele>14.1</ele>
    <time>2025-06-16T16:41:05Z</time>
   </trkpt>
   <trkpt lat="51.5394500" lon="-0.0294270">
    <ele>14.1</ele>
    <time>2025-06-16T16:41:06Z</time>
   </trkpt>
   <trkpt lat="51.5394960" lon="-0.0293990">
    <ele>14.1</ele>
    <time>2025-06-16T16:41:07Z</time>
   </trkpt>
   <trkpt lat="51.5395260" lon="-0.0293720">
    <ele>14.1</ele>
    <time>2025-06-16T16:41:08Z</time>
   </trkpt>
   <trkpt lat="51.5395690" lon="-0.0293490">
    <ele>14.1</ele>
    <time>2025-06-16T16:41:09Z</time>
   </trkpt>
   <trkpt lat="51.5395880" lon="-0.0293410">
    <ele>14.1</ele>
    <time>2025-06-16T16:41:10Z</time>
   </trkpt>
   <trkpt lat="51.5396200" lon="-0.0293340">
    <ele>14.1</ele>
    <time>2025-06-16T16:41:11Z</time>
   </trkpt>
   <trkpt lat="51.5396570" lon="-0.0293170">
    <ele>14.1</ele>
    <time>2025-06-16T16:41:12Z</time>
   </trkpt>
   <trkpt lat="51.5396870" lon="-0.0293030">
    <ele>14.1</ele>
    <time>2025-06-16T16:41:13Z</time>
   </trkpt>
   <trkpt lat="51.5397170" lon="-0.0292870">
    <ele>14.1</ele>
    <time>2025-06-16T16:41:14Z</time>
   </trkpt>
   <trkpt lat="51.5397490" lon="-0.0292660">
    <ele>14.1</ele>
    <time>2025-06-16T16:41:15Z</time>
   </trkpt>
   <trkpt lat="51.5397740" lon="-0.0292410">
    <ele>14.1</ele>
    <time>2025-06-16T16:41:16Z</time>
   </trkpt>
   <trkpt lat="51.5398030" lon="-0.0292180">
    <ele>14.0</ele>
    <time>2025-06-16T16:41:17Z</time>
   </trkpt>
   <trkpt lat="51.5398500" lon="-0.0292070">
    <ele>14.0</ele>
    <time>2025-06-16T16:41:18Z</time>
   </trkpt>
   <trkpt lat="51.5398860" lon="-0.0292000">
    <ele>14.0</ele>
    <time>2025-06-16T16:41:19Z</time>
   </trkpt>
   <trkpt lat="51.5399260" lon="-0.0291880">
    <ele>14.0</ele>
    <time>2025-06-16T16:41:20Z</time>
   </trkpt>
   <trkpt lat="51.5399600" lon="-0.0291690">
    <ele>14.0</ele>
    <time>2025-06-16T16:41:21Z</time>
   </trkpt>
   <trkpt lat="51.5399970" lon="-0.0291560">
    <ele>13.9</ele>
    <time>2025-06-16T16:41:22Z</time>
   </trkpt>
   <trkpt lat="51.5400310" lon="-0.0291510">
    <ele>13.9</ele>
    <time>2025-06-16T16:41:23Z</time>
   </trkpt>
   <trkpt lat="51.5400660" lon="-0.0291340">
    <ele>13.9</ele>
    <time>2025-06-16T16:41:24Z</time>
   </trkpt>
   <trkpt lat="51.5400930" lon="-0.0291030">
    <ele>13.9</ele>
    <time>2025-06-16T16:41:25Z</time>
   </trkpt>
   <trkpt lat="51.5401300" lon="-0.0290850">
    <ele>13.8</ele>
    <time>2025-06-16T16:41:26Z</time>
   </trkpt>
   <trkpt lat="51.5401650" lon="-0.0290680">
    <ele>13.8</ele>
    <time>2025-06-16T16:41:27Z</time>
   </trkpt>
   <trkpt lat="51.5402000" lon="-0.0290550">
    <ele>13.8</ele>
    <time>2025-06-16T16:41:28Z</time>
   </trkpt>
   <trkpt lat="51.5402350" lon="-0.0290410">
    <ele>13.8</ele>
    <time>2025-06-16T16:41:29Z</time>
   </trkpt>
   <trkpt lat="51.5402670" lon="-0.0290170">
    <ele>13.8</ele>
    <time>2025-06-16T16:41:30Z</time>
   </trkpt>
   <trkpt lat="51.5403030" lon="-0.0290000">
    <ele>13.7</ele>
    <time>2025-06-16T16:41:31Z</time>
   </trkpt>
   <trkpt lat="51.5403430" lon="-0.0289920">
    <ele>13.7</ele>
    <time>2025-06-16T16:41:32Z</time>
   </trkpt>
   <trkpt lat="51.5403810" lon="-0.0289910">
    <ele>13.7</ele>
    <time>2025-06-16T16:41:33Z</time>
   </trkpt>
   <trkpt lat="51.5404110" lon="-0.0289850">
    <ele>13.7</ele>
    <time>2025-06-16T16:41:34Z</time>
   </trkpt>
   <trkpt lat="51.5404420" lon="-0.0289720">
    <ele>13.6</ele>
    <time>2025-06-16T16:41:35Z</time>
   </trkpt>
   <trkpt lat="51.5404740" lon="-0.0289720">
    <ele>13.6</ele>
    <time>2025-06-16T16:41:36Z</time>
   </trkpt>
   <trkpt lat="51.5405030" lon="-0.0289720">
    <ele>13.6</ele>
    <time>2025-06-16T16:41:37Z</time>
   </trkpt>
   <trkpt lat="51.5405350" lon="-0.0289710">
    <ele>13.6</ele>
    <time>2025-06-16T16:41:38Z</time>
   </trkpt>
   <trkpt lat="51.5405710" lon="-0.0289510">
    <ele>13.5</ele>
    <time>2025-06-16T16:41:39Z</time>
   </trkpt>
   <trkpt lat="51.5406080" lon="-0.0289590">
    <ele>13.5</ele>
    <time>2025-06-16T16:41:40Z</time>
   </trkpt>
   <trkpt lat="51.5406470" lon="-0.0289560">
    <ele>13.5</ele>
    <time>2025-06-16T16:41:41Z</time>
   </trkpt>
   <trkpt lat="51.5406770" lon="-0.0289720">
    <ele>13.5</ele>
    <time>2025-06-16T16:41:42Z</time>
   </trkpt>
   <trkpt lat="51.5407100" lon="-0.0289860">
    <ele>13.5</ele>
    <time>2025-06-16T16:41:43Z</time>
   </trkpt>
   <trkpt lat="51.5407400" lon="-0.0289940">
    <ele>13.5</ele>
    <time>2025-06-16T16:41:44Z</time>
   </trkpt>
   <trkpt lat="51.5407720" lon="-0.0290060">
    <ele>13.5</ele>
    <time>2025-06-16T16:41:45Z</time>
   </trkpt>
   <trkpt lat="51.5408010" lon="-0.0290230">
    <ele>13.5</ele>
    <time>2025-06-16T16:41:46Z</time>
   </trkpt>
   <trkpt lat="51.5408380" lon="-0.0290300">
    <ele>13.4</ele>
    <time>2025-06-16T16:41:47Z</time>
   </trkpt>
   <trkpt lat="51.5408770" lon="-0.0290520">
    <ele>13.4</ele>
    <time>2025-06-16T16:41:48Z</time>
   </trkpt>
   <trkpt lat="51.5409130" lon="-0.0290780">
    <ele>13.4</ele>
    <time>2025-06-16T16:41:49Z</time>
   </trkpt>
   <trkpt lat="51.5409410" lon="-0.0290830">
    <ele>13.4</ele>
    <time>2025-06-16T16:41:50Z</time>
   </trkpt>
   <trkpt lat="51.5409850" lon="-0.0290970">
    <ele>13.4</ele>
    <time>2025-06-16T16:41:51Z</time>
   </trkpt>
   <trkpt lat="51.5410230" lon="-0.0291260">
    <ele>13.4</ele>
    <time>2025-06-16T16:41:52Z</time>
   </trkpt>
   <trkpt lat="51.5410370" lon="-0.0291380">
    <ele>13.4</ele>
    <time>2025-06-16T16:41:53Z</time>
   </trkpt>
   <trkpt lat="51.5410750" lon="-0.0291650">
    <ele>13.4</ele>
    <time>2025-06-16T16:41:54Z</time>
   </trkpt>
   <trkpt lat="51.5410920" lon="-0.0291760">
    <ele>13.4</ele>
    <time>2025-06-16T16:41:55Z</time>
   </trkpt>
   <trkpt lat="51.5411220" lon="-0.0291920">
    <ele>13.4</ele>
    <time>2025-06-16T16:41:56Z</time>
   </trkpt>
   <trkpt lat="51.5411500" lon="-0.0292090">
    <ele>13.4</ele>
    <time>2025-06-16T16:41:57Z</time>
   </trkpt>
   <trkpt lat="51.5411810" lon="-0.0292270">
    <ele>13.4</ele>
    <time>2025-06-16T16:41:58Z</time>
   </trkpt>
   <trkpt lat="51.5412090" lon="-0.0292460">
    <ele>13.4</ele>
    <time>2025-06-16T16:41:59Z</time>
   </trkpt>
   <trkpt lat="51.5412390" lon="-0.0292690">
    <ele>13.4</ele>
    <time>2025-06-16T16:42:00Z</time>
   </trkpt>
   <trkpt lat="51.5412720" lon="-0.0292860">
    <ele>13.4</ele>
    <time>2025-06-16T16:42:01Z</time>
   </trkpt>
   <trkpt lat="51.5413030" lon="-0.0293090">
    <ele>13.4</ele>
    <time>2025-06-16T16:42:02Z</time>
   </trkpt>
   <trkpt lat="51.5413330" lon="-0.0293380">
    <ele>13.4</ele>
    <time>2025-06-16T16:42:03Z</time>
   </trkpt>
   <trkpt lat="51.5413680" lon="-0.0293640">
    <ele>13.5</ele>
    <time>2025-06-16T16:42:04Z</time>
   </trkpt>
   <trkpt lat="51.5413970" lon="-0.0293950">
    <ele>13.5</ele>
    <time>2025-06-16T16:42:05Z</time>
   </trkpt>
   <trkpt lat="51.5414280" lon="-0.0294080">
    <ele>13.5</ele>
    <time>2025-06-16T16:42:06Z</time>
   </trkpt>
   <trkpt lat="51.5414580" lon="-0.0294360">
    <ele>13.5</ele>
    <time>2025-06-16T16:42:07Z</time>
   </trkpt>
   <trkpt lat="51.5414860" lon="-0.0294580">
    <ele>13.5</ele>
    <time>2025-06-16T16:42:08Z</time>
   </trkpt>
   <trkpt lat="51.5415160" lon="-0.0294760">
    <ele>13.6</ele>
    <time>2025-06-16T16:42:09Z</time>
   </trkpt>
   <trkpt lat="51.5415430" lon="-0.0294960">
    <ele>13.6</ele>
    <time>2025-06-16T16:42:10Z</time>
   </trkpt>
   <trkpt lat="51.5415740" lon="-0.0295240">
    <ele>13.6</ele>
    <time>2025-06-16T16:42:11Z</time>
   </trkpt>
   <trkpt lat="51.5416100" lon="-0.0295460">
    <ele>13.6</ele>
    <time>2025-06-16T16:42:12Z</time>
   </trkpt>
   <trkpt lat="51.5416490" lon="-0.0295740">
    <ele>13.6</ele>
    <time>2025-06-16T16:42:13Z</time>
   </trkpt>
   <trkpt lat="51.5416780" lon="-0.0296070">
    <ele>13.6</ele>
    <time>2025-06-16T16:42:14Z</time>
   </trkpt>
   <trkpt lat="51.5417090" lon="-0.0296320">
    <ele>13.6</ele>
    <time>2025-06-16T16:42:15Z</time>
   </trkpt>
   <trkpt lat="51.5417400" lon="-0.0296520">
    <ele>13.6</ele>
    <time>2025-06-16T16:42:16Z</time>
   </trkpt>
   <trkpt lat="51.5417640" lon="-0.0296750">
    <ele>13.6</ele>
    <time>2025-06-16T16:42:17Z</time>
   </trkpt>
   <trkpt lat="51.5417910" lon="-0.0297030">
    <ele>13.6</ele>
    <time>2025-06-16T16:42:18Z</time>
   </trkpt>
   <trkpt lat="51.5418220" lon="-0.0297160">
    <ele>13.6</ele>
    <time>2025-06-16T16:42:19Z</time>
   </trkpt>
   <trkpt lat="51.5418590" lon="-0.0297390">
    <ele>13.7</ele>
    <time>2025-06-16T16:42:20Z</time>
   </trkpt>
   <trkpt lat="51.5418890" lon="-0.0297520">
    <ele>13.7</ele>
    <time>2025-06-16T16:42:21Z</time>
   </trkpt>
   <trkpt lat="51.5419200" lon="-0.0297710">
    <ele>13.7</ele>
    <time>2025-06-16T16:42:22Z</time>
   </trkpt>
   <trkpt lat="51.5419600" lon="-0.0298000">
    <ele>13.7</ele>
    <time>2025-06-16T16:42:23Z</time>
   </trkpt>
   <trkpt lat="51.5419770" lon="-0.0298120">
    <ele>13.7</ele>
    <time>2025-06-16T16:42:24Z</time>
   </trkpt>
   <trkpt lat="51.5420140" lon="-0.0298420">
    <ele>13.7</ele>
    <time>2025-06-16T16:42:25Z</time>
   </trkpt>
   <trkpt lat="51.5420280" lon="-0.0298530">
    <ele>13.7</ele>
    <time>2025-06-16T16:42:26Z</time>
   </trkpt>
   <trkpt lat="51.5420540" lon="-0.0298790">
    <ele>13.7</ele>
    <time>2025-06-16T16:42:27Z</time>
   </trkpt>
   <trkpt lat="51.5420880" lon="-0.0299130">
    <ele>13.7</ele>
    <time>2025-06-16T16:42:28Z</time>
   </trkpt>
   <trkpt lat="51.5421020" lon="-0.0299520">
    <ele>13.7</ele>
    <time>2025-06-16T16:42:29Z</time>
   </trkpt>
   <trkpt lat="51.5421320" lon="-0.0299740">
    <ele>13.7</ele>
    <time>2025-06-16T16:42:30Z</time>
   </trkpt>
   <trkpt lat="51.5421600" lon="-0.0299920">
    <ele>13.7</ele>
    <time>2025-06-16T16:42:31Z</time>
   </trkpt>
   <trkpt lat="51.5421960" lon="-0.0300050">
    <ele>13.7</ele>
    <time>2025-06-16T16:42:32Z</time>
   </trkpt>
   <trkpt lat="51.5422210" lon="-0.0300360">
    <ele>13.7</ele>
    <time>2025-06-16T16:42:33Z</time>
   </trkpt>
   <trkpt lat="51.5422520" lon="-0.0300600">
    <ele>13.7</ele>
    <time>2025-06-16T16:42:34Z</time>
   </trkpt>
   <trkpt lat="51.5422770" lon="-0.0300820">
    <ele>13.7</ele>
    <time>2025-06-16T16:42:35Z</time>
   </trkpt>
   <trkpt lat="51.5423110" lon="-0.0301040">
    <ele>13.6</ele>
    <time>2025-06-16T16:42:36Z</time>
   </trkpt>
   <trkpt lat="51.5423370" lon="-0.0301220">
    <ele>13.6</ele>
    <time>2025-06-16T16:42:37Z</time>
   </trkpt>
   <trkpt lat="51.5423650" lon="-0.0301530">
    <ele>13.6</ele>
    <time>2025-06-16T16:42:38Z</time>
   </trkpt>
   <trkpt lat="51.5423900" lon="-0.0301870">
    <ele>13.6</ele>
    <time>2025-06-16T16:42:39Z</time>
   </trkpt>
   <trkpt lat="51.5424170" lon="-0.0302130">
    <ele>13.6</ele>
    <time>2025-06-16T16:42:40Z</time>
   </trkpt>
   <trkpt lat="51.5424540" lon="-0.0302430">
    <ele>13.5</ele>
    <time>2025-06-16T16:42:41Z</time>
   </trkpt>
   <trkpt lat="51.5424690" lon="-0.0302560">
    <ele>13.5</ele>
    <time>2025-06-16T16:42:42Z</time>
   </trkpt>
   <trkpt lat="51.5425000" lon="-0.0302720">
    <ele>13.5</ele>
    <time>2025-06-16T16:42:43Z</time>
   </trkpt>
   <trkpt lat="51.5425270" lon="-0.0303070">
    <ele>13.4</ele>
    <time>2025-06-16T16:42:44Z</time>
   </trkpt>
   <trkpt lat="51.5425590" lon="-0.0303290">
    <ele>13.3</ele>
    <time>2025-06-16T16:42:45Z</time>
   </trkpt>
   <trkpt lat="51.5425920" lon="-0.0303620">
    <ele>13.3</ele>
    <time>2025-06-16T16:42:46Z</time>
   </trkpt>
   <trkpt lat="51.5426280" lon="-0.0304190">
    <ele>13.2</ele>
    <time>2025-06-16T16:42:47Z</time>
   </trkpt>
   <trkpt lat="51.5426590" lon="-0.0304580">
    <ele>13.1</ele>
    <time>2025-06-16T16:42:48Z</time>
   </trkpt>
   <trkpt lat="51.5426750" lon="-0.0304740">
    <ele>13.1</ele>
    <time>2025-06-16T16:42:49Z</time>
   </trkpt>
   <trkpt lat="51.5427010" lon="-0.0305030">
    <ele>13.1</ele>
    <time>2025-06-16T16:42:50Z</time>
   </trkpt>
   <trkpt lat="51.5427240" lon="-0.0305370">
    <ele>13.0</ele>
    <time>2025-06-16T16:42:51Z</time>
   </trkpt>
   <trkpt lat="51.5427680" lon="-0.0305740">
    <ele>12.9</ele>
    <time>2025-06-16T16:42:52Z</time>
   </trkpt>
   <trkpt lat="51.5427870" lon="-0.0305970">
    <ele>12.9</ele>
    <time>2025-06-16T16:42:53Z</time>
   </trkpt>
   <trkpt lat="51.5428110" lon="-0.0306260">
    <ele>12.8</ele>
    <time>2025-06-16T16:42:54Z</time>
   </trkpt>
   <trkpt lat="51.5428370" lon="-0.0306470">
    <ele>12.7</ele>
    <time>2025-06-16T16:42:55Z</time>
   </trkpt>
   <trkpt lat="51.5428710" lon="-0.0306720">
    <ele>12.7</ele>
    <time>2025-06-16T16:42:56Z</time>
   </trkpt>
   <trkpt lat="51.5428950" lon="-0.0307090">
    <ele>12.6</ele>
    <time>2025-06-16T16:42:57Z</time>
   </trkpt>
   <trkpt lat="51.5429200" lon="-0.0307430">
    <ele>12.5</ele>
    <time>2025-06-16T16:42:58Z</time>
   </trkpt>
   <trkpt lat="51.5429530" lon="-0.0307940">
    <ele>12.4</ele>
    <time>2025-06-16T16:42:59Z</time>
   </trkpt>
   <trkpt lat="51.5429720" lon="-0.0308350">
    <ele>12.4</ele>
    <time>2025-06-16T16:43:00Z</time>
   </trkpt>
   <trkpt lat="51.5429970" lon="-0.0308650">
    <ele>12.3</ele>
    <time>2025-06-16T16:43:01Z</time>
   </trkpt>
   <trkpt lat="51.5430200" lon="-0.0309110">
    <ele>12.3</ele>
    <time>2025-06-16T16:43:02Z</time>
   </trkpt>
   <trkpt lat="51.5430460" lon="-0.0309460">
    <ele>12.2</ele>
    <time>2025-06-16T16:43:03Z</time>
   </trkpt>
   <trkpt lat="51.5430690" lon="-0.0309800">
    <ele>12.1</ele>
    <time>2025-06-16T16:43:04Z</time>
   </trkpt>
   <trkpt lat="51.5430870" lon="-0.0310210">
    <ele>12.1</ele>
    <time>2025-06-16T16:43:05Z</time>
   </trkpt>
   <trkpt lat="51.5431100" lon="-0.0310780">
    <ele>12.0</ele>
    <time>2025-06-16T16:43:06Z</time>
   </trkpt>
   <trkpt lat="51.5431350" lon="-0.0311210">
    <ele>12.0</ele>
    <time>2025-06-16T16:43:07Z</time>
   </trkpt>
   <trkpt lat="51.5431560" lon="-0.0311570">
    <ele>11.9</ele>
    <time>2025-06-16T16:43:08Z</time>
   </trkpt>
   <trkpt lat="51.5431880" lon="-0.0312030">
    <ele>11.8</ele>
    <time>2025-06-16T16:43:09Z</time>
   </trkpt>
   <trkpt lat="51.5432160" lon="-0.0312240">
    <ele>11.7</ele>
    <time>2025-06-16T16:43:10Z</time>
   </trkpt>
   <trkpt lat="51.5432330" lon="-0.0312700">
    <ele>11.7</ele>
    <time>2025-06-16T16:43:11Z</time>
   </trkpt>
   <trkpt lat="51.5432520" lon="-0.0313170">
    <ele>11.6</ele>
    <time>2025-06-16T16:43:12Z</time>
   </trkpt>
   <trkpt lat="51.5432740" lon="-0.0313550">
    <ele>11.5</ele>
    <time>2025-06-16T16:43:13Z</time>
   </trkpt>
   <trkpt lat="51.5432970" lon="-0.0313890">
    <ele>11.5</ele>
    <time>2025-06-16T16:43:14Z</time>
   </trkpt>
   <trkpt lat="51.5433200" lon="-0.0314220">
    <ele>11.4</ele>
    <time>2025-06-16T16:43:15Z</time>
   </trkpt>
   <trkpt lat="51.5433360" lon="-0.0314700">
    <ele>11.3</ele>
    <time>2025-06-16T16:43:16Z</time>
   </trkpt>
   <trkpt lat="51.5433590" lon="-0.0315110">
    <ele>11.3</ele>
    <time>2025-06-16T16:43:17Z</time>
   </trkpt>
   <trkpt lat="51.5433840" lon="-0.0315610">
    <ele>11.2</ele>
    <time>2025-06-16T16:43:18Z</time>
   </trkpt>
   <trkpt lat="51.5434090" lon="-0.0315980">
    <ele>11.2</ele>
    <time>2025-06-16T16:43:19Z</time>
   </trkpt>
   <trkpt lat="51.5434320" lon="-0.0316350">
    <ele>11.1</ele>
    <time>2025-06-16T16:43:20Z</time>
   </trkpt>
   <trkpt lat="51.5434480" lon="-0.0316720">
    <ele>11.1</ele>
    <time>2025-06-16T16:43:21Z</time>
   </trkpt>
   <trkpt lat="51.5434660" lon="-0.0317050">
    <ele>11.1</ele>
    <time>2025-06-16T16:43:22Z</time>
   </trkpt>
   <trkpt lat="51.5434880" lon="-0.0317440">
    <ele>11.1</ele>
    <time>2025-06-16T16:43:23Z</time>
   </trkpt>
   <trkpt lat="51.5435160" lon="-0.0317790">
    <ele>11.1</ele>
    <time>2025-06-16T16:43:24Z</time>
   </trkpt>
   <trkpt lat="51.5436240" lon="-0.0320350">
    <ele>11.0</ele>
    <time>2025-06-16T16:43:30Z</time>
   </trkpt>
   <trkpt lat="51.5436510" lon="-0.0320700">
    <ele>11.0</ele>
    <time>2025-06-16T16:43:31Z</time>
   </trkpt>
   <trkpt lat="51.5436580" lon="-0.0320900">
    <ele>11.0</ele>
    <time>2025-06-16T16:43:32Z</time>
   </trkpt>
   <trkpt lat="51.5436660" lon="-0.0321160">
    <ele>11.0</ele>
    <time>2025-06-16T16:43:33Z</time>
   </trkpt>
   <trkpt lat="51.5436770" lon="-0.0321360">
    <ele>11.0</ele>
    <time>2025-06-16T16:43:34Z</time>
   </trkpt>
   <trkpt lat="51.5436830" lon="-0.0321610">
    <ele>11.0</ele>
    <time>2025-06-16T16:43:35Z</time>
   </trkpt>
   <trkpt lat="51.5436980" lon="-0.0321980">
    <ele>11.0</ele>
    <time>2025-06-16T16:43:36Z</time>
   </trkpt>
   <trkpt lat="51.5436990" lon="-0.0322130">
    <ele>11.0</ele>
    <time>2025-06-16T16:43:37Z</time>
   </trkpt>
   <trkpt lat="51.5437170" lon="-0.0322480">
    <ele>11.0</ele>
    <time>2025-06-16T16:43:38Z</time>
   </trkpt>
   <trkpt lat="51.5437260" lon="-0.0322570">
    <ele>11.0</ele>
    <time>2025-06-16T16:43:39Z</time>
   </trkpt>
   <trkpt lat="51.5437420" lon="-0.0322930">
    <ele>11.0</ele>
    <time>2025-06-16T16:43:40Z</time>
   </trkpt>
   <trkpt lat="51.5437480" lon="-0.0323040">
    <ele>11.0</ele>
    <time>2025-06-16T16:43:41Z</time>
   </trkpt>
   <trkpt lat="51.5437670" lon="-0.0323470">
    <ele>11.0</ele>
    <time>2025-06-16T16:43:42Z</time>
   </trkpt>
   <trkpt lat="51.5437910" lon="-0.0323940">
    <ele>11.0</ele>
    <time>2025-06-16T16:43:43Z</time>
   </trkpt>
   <trkpt lat="51.5438290" lon="-0.0324530">
    <ele>10.9</ele>
    <time>2025-06-16T16:43:44Z</time>
   </trkpt>
   <trkpt lat="51.5438580" lon="-0.0324940">
    <ele>10.9</ele>
    <time>2025-06-16T16:43:45Z</time>
   </trkpt>
   <trkpt lat="51.5439120" lon="-0.0325730">
    <ele>10.9</ele>
    <time>2025-06-16T16:43:46Z</time>
   </trkpt>
   <trkpt lat="51.5439230" lon="-0.0326150">
    <ele>10.9</ele>
    <time>2025-06-16T16:43:47Z</time>
   </trkpt>
   <trkpt lat="51.5439370" lon="-0.0326620">
    <ele>10.9</ele>
    <time>2025-06-16T16:43:48Z</time>
   </trkpt>
   <trkpt lat="51.5439440" lon="-0.0327430">
    <ele>10.9</ele>
    <time>2025-06-16T16:43:49Z</time>
   </trkpt>
   <trkpt lat="51.5439440" lon="-0.0328040">
    <ele>10.9</ele>
    <time>2025-06-16T16:43:50Z</time>
   </trkpt>
   <trkpt lat="51.5439540" lon="-0.0328570">
    <ele>10.9</ele>
    <time>2025-06-16T16:43:51Z</time>
   </trkpt>
   <trkpt lat="51.5439560" lon="-0.0329230">
    <ele>10.9</ele>
    <time>2025-06-16T16:43:52Z</time>
   </trkpt>
   <trkpt lat="51.5439530" lon="-0.0329710">
    <ele>11.0</ele>
    <time>2025-06-16T16:43:53Z</time>
   </trkpt>
   <trkpt lat="51.5439630" lon="-0.0330310">
    <ele>11.0</ele>
    <time>2025-06-16T16:43:54Z</time>
   </trkpt>
   <trkpt lat="51.5439510" lon="-0.0330800">
    <ele>11.1</ele>
    <time>2025-06-16T16:43:55Z</time>
   </trkpt>
   <trkpt lat="51.5439300" lon="-0.0331290">
    <ele>11.2</ele>
    <time>2025-06-16T16:43:56Z</time>
   </trkpt>
   <trkpt lat="51.5439100" lon="-0.0331700">
    <ele>11.2</ele>
    <time>2025-06-16T16:43:57Z</time>
   </trkpt>
   <trkpt lat="51.5438840" lon="-0.0332130">
    <ele>11.3</ele>
    <time>2025-06-16T16:43:58Z</time>
   </trkpt>
   <trkpt lat="51.5438580" lon="-0.0332380">
    <ele>11.4</ele>
    <time>2025-06-16T16:43:59Z</time>
   </trkpt>
   <trkpt lat="51.5438390" lon="-0.0332720">
    <ele>11.4</ele>
    <time>2025-06-16T16:44:00Z</time>
   </trkpt>
   <trkpt lat="51.5438240" lon="-0.0333140">
    <ele>11.5</ele>
    <time>2025-06-16T16:44:01Z</time>
   </trkpt>
   <trkpt lat="51.5438020" lon="-0.0333570">
    <ele>11.5</ele>
    <time>2025-06-16T16:44:02Z</time>
   </trkpt>
   <trkpt lat="51.5437760" lon="-0.0333810">
    <ele>11.6</ele>
    <time>2025-06-16T16:44:03Z</time>
   </trkpt>
   <trkpt lat="51.5437490" lon="-0.0334070">
    <ele>11.6</ele>
    <time>2025-06-16T16:44:04Z</time>
   </trkpt>
   <trkpt lat="51.5437270" lon="-0.0334490">
    <ele>11.7</ele>
    <time>2025-06-16T16:44:05Z</time>
   </trkpt>
   <trkpt lat="51.5436920" lon="-0.0334790">
    <ele>11.8</ele>
    <time>2025-06-16T16:44:06Z</time>
   </trkpt>
   <trkpt lat="51.5436620" lon="-0.0335250">
    <ele>11.8</ele>
    <time>2025-06-16T16:44:07Z</time>
   </trkpt>
   <trkpt lat="51.5436360" lon="-0.0335680">
    <ele>11.9</ele>
    <time>2025-06-16T16:44:08Z</time>
   </trkpt>
   <trkpt lat="51.5436040" lon="-0.0336000">
    <ele>12.0</ele>
    <time>2025-06-16T16:44:09Z</time>
   </trkpt>
   <trkpt lat="51.5435800" lon="-0.0336490">
    <ele>12.0</ele>
    <time>2025-06-16T16:44:10Z</time>
   </trkpt>
   <trkpt lat="51.5435530" lon="-0.0336890">
    <ele>12.1</ele>
    <time>2025-06-16T16:44:11Z</time>
   </trkpt>
   <trkpt lat="51.5435220" lon="-0.0337180">
    <ele>12.1</ele>
    <time>2025-06-16T16:44:12Z</time>
   </trkpt>
   <trkpt lat="51.5434910" lon="-0.0337470">
    <ele>12.2</ele>
    <time>2025-06-16T16:44:13Z</time>
   </trkpt>
   <trkpt lat="51.5434680" lon="-0.0337810">
    <ele>12.2</ele>
    <time>2025-06-16T16:44:14Z</time>
   </trkpt>
   <trkpt lat="51.5434490" lon="-0.0338240">
    <ele>12.3</ele>
    <time>2025-06-16T16:44:15Z</time>
   </trkpt>
   <trkpt lat="51.5434330" lon="-0.0338590">
    <ele>12.3</ele>
    <time>2025-06-16T16:44:16Z</time>
   </trkpt>
   <trkpt lat="51.5434300" lon="-0.0339260">
    <ele>12.4</ele>
    <time>2025-06-16T16:44:17Z</time>
   </trkpt>
   <trkpt lat="51.5434220" lon="-0.0339700">
    <ele>12.4</ele>
    <time>2025-06-16T16:44:18Z</time>
   </trkpt>
   <trkpt lat="51.5433940" lon="-0.0340040">
    <ele>12.4</ele>
    <time>2025-06-16T16:44:19Z</time>
   </trkpt>
   <trkpt lat="51.5433550" lon="-0.0340200">
    <ele>12.5</ele>
    <time>2025-06-16T16:44:20Z</time>
   </trkpt>
   <trkpt lat="51.5433220" lon="-0.0340540">
    <ele>12.5</ele>
    <time>2025-06-16T16:44:21Z</time>
   </trkpt>
   <trkpt lat="51.5432910" lon="-0.0340830">
    <ele>12.5</ele>
    <time>2025-06-16T16:44:22Z</time>
   </trkpt>
   <trkpt lat="51.5432480" lon="-0.0341260">
    <ele>12.5</ele>
    <time>2025-06-16T16:44:23Z</time>
   </trkpt>
   <trkpt lat="51.5432100" lon="-0.0341570">
    <ele>12.6</ele>
    <time>2025-06-16T16:44:24Z</time>
   </trkpt>
   <trkpt lat="51.5431930" lon="-0.0341960">
    <ele>12.6</ele>
    <time>2025-06-16T16:44:25Z</time>
   </trkpt>
   <trkpt lat="51.5431720" lon="-0.0342340">
    <ele>12.6</ele>
    <time>2025-06-16T16:44:26Z</time>
   </trkpt>
   <trkpt lat="51.5431550" lon="-0.0342830">
    <ele>12.6</ele>
    <time>2025-06-16T16:44:27Z</time>
   </trkpt>
   <trkpt lat="51.5431310" lon="-0.0343150">
    <ele>12.6</ele>
    <time>2025-06-16T16:44:28Z</time>
   </trkpt>
   <trkpt lat="51.5431090" lon="-0.0343560">
    <ele>12.6</ele>
    <time>2025-06-16T16:44:29Z</time>
   </trkpt>
   <trkpt lat="51.5430870" lon="-0.0343900">
    <ele>12.6</ele>
    <time>2025-06-16T16:44:30Z</time>
   </trkpt>
   <trkpt lat="51.5430580" lon="-0.0344240">
    <ele>12.7</ele>
    <time>2025-06-16T16:44:31Z</time>
   </trkpt>
   <trkpt lat="51.5430420" lon="-0.0344830">
    <ele>12.7</ele>
    <time>2025-06-16T16:44:32Z</time>
   </trkpt>
   <trkpt lat="51.5430330" lon="-0.0345050">
    <ele>12.7</ele>
    <time>2025-06-16T16:44:33Z</time>
   </trkpt>
   <trkpt lat="51.5430140" lon="-0.0345370">
    <ele>12.7</ele>
    <time>2025-06-16T16:44:34Z</time>
   </trkpt>
   <trkpt lat="51.5429900" lon="-0.0345730">
    <ele>12.7</ele>
    <time>2025-06-16T16:44:35Z</time>
   </trkpt>
   <trkpt lat="51.5429720" lon="-0.0346150">
    <ele>12.7</ele>
    <time>2025-06-16T16:44:36Z</time>
   </trkpt>
   <trkpt lat="51.5429270" lon="-0.0346500">
    <ele>12.7</ele>
    <time>2025-06-16T16:44:37Z</time>
   </trkpt>
   <trkpt lat="51.5429010" lon="-0.0346870">
    <ele>12.8</ele>
    <time>2025-06-16T16:44:38Z</time>
   </trkpt>
   <trkpt lat="51.5428580" lon="-0.0347150">
    <ele>12.8</ele>
    <time>2025-06-16T16:44:39Z</time>
   </trkpt>
   <trkpt lat="51.5428360" lon="-0.0347540">
    <ele>12.8</ele>
    <time>2025-06-16T16:44:40Z</time>
   </trkpt>
   <trkpt lat="51.5428310" lon="-0.0348040">
    <ele>12.8</ele>
    <time>2025-06-16T16:44:41Z</time>
   </trkpt>
   <trkpt lat="51.5428050" lon="-0.0348500">
    <ele>12.8</ele>
    <time>2025-06-16T16:44:42Z</time>
   </trkpt>
   <trkpt lat="51.5427810" lon="-0.0348820">
    <ele>12.8</ele>
    <time>2025-06-16T16:44:43Z</time>
   </trkpt>
   <trkpt lat="51.5427560" lon="-0.0349170">
    <ele>12.8</ele>
    <time>2025-06-16T16:44:44Z</time>
   </trkpt>
   <trkpt lat="51.5427320" lon="-0.0349460">
    <ele>12.8</ele>
    <time>2025-06-16T16:44:45Z</time>
   </trkpt>
   <trkpt lat="51.5427090" lon="-0.0349870">
    <ele>12.8</ele>
    <time>2025-06-16T16:44:46Z</time>
   </trkpt>
   <trkpt lat="51.5426830" lon="-0.0350150">
    <ele>12.8</ele>
    <time>2025-06-16T16:44:47Z</time>
   </trkpt>
   <trkpt lat="51.5426660" lon="-0.0350520">
    <ele>12.9</ele>
    <time>2025-06-16T16:44:48Z</time>
   </trkpt>
   <trkpt lat="51.5426450" lon="-0.0351000">
    <ele>12.9</ele>
    <time>2025-06-16T16:44:49Z</time>
   </trkpt>
   <trkpt lat="51.5426370" lon="-0.0351180">
    <ele>12.9</ele>
    <time>2025-06-16T16:44:50Z</time>
   </trkpt>
   <trkpt lat="51.5426180" lon="-0.0351520">
    <ele>12.9</ele>
    <time>2025-06-16T16:44:51Z</time>
   </trkpt>
   <trkpt lat="51.5425940" lon="-0.0351810">
    <ele>12.9</ele>
    <time>2025-06-16T16:44:52Z</time>
   </trkpt>
   <trkpt lat="51.5425690" lon="-0.0352290">
    <ele>12.9</ele>
    <time>2025-06-16T16:44:53Z</time>
   </trkpt>
   <trkpt lat="51.5425500" lon="-0.0352710">
    <ele>12.9</ele>
    <time>2025-06-16T16:44:54Z</time>
   </trkpt>
   <trkpt lat="51.5425280" lon="-0.0353100">
    <ele>12.9</ele>
    <time>2025-06-16T16:44:55Z</time>
   </trkpt>
   <trkpt lat="51.5425110" lon="-0.0353470">
    <ele>12.9</ele>
    <time>2025-06-16T16:44:56Z</time>
   </trkpt>
   <trkpt lat="51.5424850" lon="-0.0353790">
    <ele>12.9</ele>
    <time>2025-06-16T16:44:57Z</time>
   </trkpt>
   <trkpt lat="51.5424480" lon="-0.0354250">
    <ele>12.9</ele>
    <time>2025-06-16T16:44:58Z</time>
   </trkpt>
   <trkpt lat="51.5424140" lon="-0.0354730">
    <ele>12.9</ele>
    <time>2025-06-16T16:44:59Z</time>
   </trkpt>
   <trkpt lat="51.5423990" lon="-0.0354920">
    <ele>12.9</ele>
    <time>2025-06-16T16:45:00Z</time>
   </trkpt>
   <trkpt lat="51.5423720" lon="-0.0355220">
    <ele>12.9</ele>
    <time>2025-06-16T16:45:01Z</time>
   </trkpt>
   <trkpt lat="51.5423540" lon="-0.0355690">
    <ele>13.0</ele>
    <time>2025-06-16T16:45:02Z</time>
   </trkpt>
   <trkpt lat="51.5423350" lon="-0.0356070">
    <ele>13.0</ele>
    <time>2025-06-16T16:45:03Z</time>
   </trkpt>
   <trkpt lat="51.5423110" lon="-0.0356460">
    <ele>13.0</ele>
    <time>2025-06-16T16:45:04Z</time>
   </trkpt>
   <trkpt lat="51.5422870" lon="-0.0356800">
    <ele>13.0</ele>
    <time>2025-06-16T16:45:05Z</time>
   </trkpt>
   <trkpt lat="51.5422580" lon="-0.0357310">
    <ele>13.0</ele>
    <time>2025-06-16T16:45:06Z</time>
   </trkpt>
   <trkpt lat="51.5422460" lon="-0.0357500">
    <ele>13.0</ele>
    <time>2025-06-16T16:45:07Z</time>
   </trkpt>
   <trkpt lat="51.5422240" lon="-0.0357880">
    <ele>13.0</ele>
    <time>2025-06-16T16:45:08Z</time>
   </trkpt>
   <trkpt lat="51.5422000" lon="-0.0358300">
    <ele>13.0</ele>
    <time>2025-06-16T16:45:09Z</time>
   </trkpt>
   <trkpt lat="51.5421800" lon="-0.0358630">
    <ele>13.0</ele>
    <time>2025-06-16T16:45:10Z</time>
   </trkpt>
   <trkpt lat="51.5421510" lon="-0.0359000">
    <ele>13.0</ele>
    <time>2025-06-16T16:45:11Z</time>
   </trkpt>
   <trkpt lat="51.5421290" lon="-0.0359360">
    <ele>13.0</ele>
    <time>2025-06-16T16:45:12Z</time>
   </trkpt>
   <trkpt lat="51.5421080" lon="-0.0359800">
    <ele>13.0</ele>
    <time>2025-06-16T16:45:13Z</time>
   </trkpt>
   <trkpt lat="51.5420910" lon="-0.0360130">
    <ele>13.0</ele>
    <time>2025-06-16T16:45:14Z</time>
   </trkpt>
   <trkpt lat="51.5420640" lon="-0.0360420">
    <ele>13.0</ele>
    <time>2025-06-16T16:45:15Z</time>
   </trkpt>
   <trkpt lat="51.5420350" lon="-0.0360770">
    <ele>13.1</ele>
    <time>2025-06-16T16:45:16Z</time>
   </trkpt>
   <trkpt lat="51.5420050" lon="-0.0361110">
    <ele>13.1</ele>
    <time>2025-06-16T16:45:17Z</time>
   </trkpt>
   <trkpt lat="51.5419810" lon="-0.0361410">
    <ele>13.1</ele>
    <time>2025-06-16T16:45:18Z</time>
   </trkpt>
   <trkpt lat="51.5419590" lon="-0.0361730">
    <ele>13.1</ele>
    <time>2025-06-16T16:45:19Z</time>
   </trkpt>
   <trkpt lat="51.5419290" lon="-0.0362200">
    <ele>13.2</ele>
    <time>2025-06-16T16:45:20Z</time>
   </trkpt>
   <trkpt lat="51.5419190" lon="-0.0362370">
    <ele>13.2</ele>
    <time>2025-06-16T16:45:21Z</time>
   </trkpt>
   <trkpt lat="51.5418920" lon="-0.0362800">
    <ele>13.2</ele>
    <time>2025-06-16T16:45:22Z</time>
   </trkpt>
   <trkpt lat="51.5418690" lon="-0.0363270">
    <ele>13.2</ele>
    <time>2025-06-16T16:45:23Z</time>
   </trkpt>
   <trkpt lat="51.5418510" lon="-0.0363660">
    <ele>13.3</ele>
    <time>2025-06-16T16:45:24Z</time>
   </trkpt>
   <trkpt lat="51.5418260" lon="-0.0364140">
    <ele>13.3</ele>
    <time>2025-06-16T16:45:25Z</time>
   </trkpt>
   <trkpt lat="51.5418000" lon="-0.0364370">
    <ele>13.3</ele>
    <time>2025-06-16T16:45:26Z</time>
   </trkpt>
   <trkpt lat="51.5417720" lon="-0.0364760">
    <ele>13.3</ele>
    <time>2025-06-16T16:45:27Z</time>
   </trkpt>
   <trkpt lat="51.5417470" lon="-0.0365000">
    <ele>13.4</ele>
    <time>2025-06-16T16:45:28Z</time>
   </trkpt>
   <trkpt lat="51.5417300" lon="-0.0365430">
    <ele>13.4</ele>
    <time>2025-06-16T16:45:29Z</time>
   </trkpt>
   <trkpt lat="51.5417000" lon="-0.0365910">
    <ele>13.4</ele>
    <time>2025-06-16T16:45:30Z</time>
   </trkpt>
   <trkpt lat="51.5416900" lon="-0.0366110">
    <ele>13.4</ele>
    <time>2025-06-16T16:45:31Z</time>
   </trkpt>
   <trkpt lat="51.5416710" lon="-0.0366480">
    <ele>13.4</ele>
    <time>2025-06-16T16:45:32Z</time>
   </trkpt>
   <trkpt lat="51.5416500" lon="-0.0366850">
    <ele>13.4</ele>
    <time>2025-06-16T16:45:33Z</time>
   </trkpt>
   <trkpt lat="51.5416290" lon="-0.0367140">
    <ele>13.5</ele>
    <time>2025-06-16T16:45:34Z</time>
   </trkpt>
   <trkpt lat="51.5416030" lon="-0.0367530">
    <ele>13.5</ele>
    <time>2025-06-16T16:45:35Z</time>
   </trkpt>
   <trkpt lat="51.5415830" lon="-0.0367830">
    <ele>13.5</ele>
    <time>2025-06-16T16:45:36Z</time>
   </trkpt>
   <trkpt lat="51.5415650" lon="-0.0368180">
    <ele>13.5</ele>
    <time>2025-06-16T16:45:37Z</time>
   </trkpt>
   <trkpt lat="51.5415410" lon="-0.0368540">
    <ele>13.5</ele>
    <time>2025-06-16T16:45:38Z</time>
   </trkpt>
   <trkpt lat="51.5414990" lon="-0.0368910">
    <ele>13.6</ele>
    <time>2025-06-16T16:45:39Z</time>
   </trkpt>
   <trkpt lat="51.5414800" lon="-0.0369280">
    <ele>13.6</ele>
    <time>2025-06-16T16:45:40Z</time>
   </trkpt>
   <trkpt lat="51.5414620" lon="-0.0369610">
    <ele>13.6</ele>
    <time>2025-06-16T16:45:41Z</time>
   </trkpt>
   <trkpt lat="51.5414290" lon="-0.0370060">
    <ele>13.6</ele>
    <time>2025-06-16T16:45:42Z</time>
   </trkpt>
   <trkpt lat="51.5414150" lon="-0.0370260">
    <ele>13.6</ele>
    <time>2025-06-16T16:45:43Z</time>
   </trkpt>
   <trkpt lat="51.5413800" lon="-0.0370590">
    <ele>13.7</ele>
    <time>2025-06-16T16:45:44Z</time>
   </trkpt>
   <trkpt lat="51.5413390" lon="-0.0370960">
    <ele>13.7</ele>
    <time>2025-06-16T16:45:45Z</time>
   </trkpt>
   <trkpt lat="51.5413180" lon="-0.0371260">
    <ele>13.7</ele>
    <time>2025-06-16T16:45:46Z</time>
   </trkpt>
   <trkpt lat="51.5412940" lon="-0.0371630">
    <ele>13.7</ele>
    <time>2025-06-16T16:45:47Z</time>
   </trkpt>
   <trkpt lat="51.5412670" lon="-0.0372090">
    <ele>13.7</ele>
    <time>2025-06-16T16:45:48Z</time>
   </trkpt>
   <trkpt lat="51.5412550" lon="-0.0372270">
    <ele>13.7</ele>
    <time>2025-06-16T16:45:49Z</time>
   </trkpt>
   <trkpt lat="51.5412330" lon="-0.0372610">
    <ele>13.7</ele>
    <time>2025-06-16T16:45:50Z</time>
   </trkpt>
   <trkpt lat="51.5412130" lon="-0.0373010">
    <ele>13.7</ele>
    <time>2025-06-16T16:45:51Z</time>
   </trkpt>
   <trkpt lat="51.5411910" lon="-0.0373430">
    <ele>13.7</ele>
    <time>2025-06-16T16:45:52Z</time>
   </trkpt>
   <trkpt lat="51.5411610" lon="-0.0373870">
    <ele>13.7</ele>
    <time>2025-06-16T16:45:53Z</time>
   </trkpt>
   <trkpt lat="51.5411300" lon="-0.0374260">
    <ele>13.7</ele>
    <time>2025-06-16T16:45:54Z</time>
   </trkpt>
   <trkpt lat="51.5410900" lon="-0.0374610">
    <ele>13.7</ele>
    <time>2025-06-16T16:45:55Z</time>
   </trkpt>
   <trkpt lat="51.5410500" lon="-0.0374980">
    <ele>13.7</ele>
    <time>2025-06-16T16:45:56Z</time>
   </trkpt>
   <trkpt lat="51.5410230" lon="-0.0375250">
    <ele>13.7</ele>
    <time>2025-06-16T16:45:57Z</time>
   </trkpt>
   <trkpt lat="51.5409910" lon="-0.0375490">
    <ele>13.7</ele>
    <time>2025-06-16T16:45:58Z</time>
   </trkpt>
   <trkpt lat="51.5409660" lon="-0.0375750">
    <ele>13.7</ele>
    <time>2025-06-16T16:45:59Z</time>
   </trkpt>
   <trkpt lat="51.5409330" lon="-0.0376170">
    <ele>13.7</ele>
    <time>2025-06-16T16:46:00Z</time>
   </trkpt>
   <trkpt lat="51.5409200" lon="-0.0376350">
    <ele>13.8</ele>
    <time>2025-06-16T16:46:01Z</time>
   </trkpt>
   <trkpt lat="51.5408960" lon="-0.0376630">
    <ele>13.8</ele>
    <time>2025-06-16T16:46:02Z</time>
   </trkpt>
   <trkpt lat="51.5408710" lon="-0.0376910">
    <ele>13.8</ele>
    <time>2025-06-16T16:46:03Z</time>
   </trkpt>
   <trkpt lat="51.5408440" lon="-0.0377190">
    <ele>13.8</ele>
    <time>2025-06-16T16:46:04Z</time>
   </trkpt>
   <trkpt lat="51.5408080" lon="-0.0377540">
    <ele>13.8</ele>
    <time>2025-06-16T16:46:05Z</time>
   </trkpt>
   <trkpt lat="51.5407960" lon="-0.0377730">
    <ele>13.8</ele>
    <time>2025-06-16T16:46:06Z</time>
   </trkpt>
   <trkpt lat="51.5407670" lon="-0.0377790">
    <ele>13.8</ele>
    <time>2025-06-16T16:46:07Z</time>
   </trkpt>
   <trkpt lat="51.5407440" lon="-0.0378190">
    <ele>13.8</ele>
    <time>2025-06-16T16:46:08Z</time>
   </trkpt>
   <trkpt lat="51.5407070" lon="-0.0378730">
    <ele>13.8</ele>
    <time>2025-06-16T16:46:10Z</time>
   </trkpt>
   <trkpt lat="51.5406840" lon="-0.0378960">
    <ele>13.8</ele>
    <time>2025-06-16T16:46:11Z</time>
   </trkpt>
   <trkpt lat="51.5406580" lon="-0.0379220">
    <ele>13.8</ele>
    <time>2025-06-16T16:46:12Z</time>
   </trkpt>
   <trkpt lat="51.5406310" lon="-0.0379450">
    <ele>13.8</ele>
    <time>2025-06-16T16:46:13Z</time>
   </trkpt>
   <trkpt lat="51.5406030" lon="-0.0379710">
    <ele>13.8</ele>
    <time>2025-06-16T16:46:14Z</time>
   </trkpt>
   <trkpt lat="51.5405760" lon="-0.0380000">
    <ele>13.8</ele>
    <time>2025-06-16T16:46:15Z</time>
   </trkpt>
   <trkpt lat="51.5405440" lon="-0.0380320">
    <ele>13.9</ele>
    <time>2025-06-16T16:46:16Z</time>
   </trkpt>
   <trkpt lat="51.5405310" lon="-0.0380430">
    <ele>13.9</ele>
    <time>2025-06-16T16:46:17Z</time>
   </trkpt>
   <trkpt lat="51.5405040" lon="-0.0380870">
    <ele>13.9</ele>
    <time>2025-06-16T16:46:18Z</time>
   </trkpt>
   <trkpt lat="51.5404950" lon="-0.0381020">
    <ele>13.9</ele>
    <time>2025-06-16T16:46:19Z</time>
   </trkpt>
   <trkpt lat="51.5404710" lon="-0.0381340">
    <ele>13.9</ele>
    <time>2025-06-16T16:46:20Z</time>
   </trkpt>
   <trkpt lat="51.5404470" lon="-0.0381650">
    <ele>13.9</ele>
    <time>2025-06-16T16:46:21Z</time>
   </trkpt>
   <trkpt lat="51.5404210" lon="-0.0381970">
    <ele>13.9</ele>
    <time>2025-06-16T16:46:22Z</time>
   </trkpt>
   <trkpt lat="51.5403820" lon="-0.0382280">
    <ele>13.9</ele>
    <time>2025-06-16T16:46:23Z</time>
   </trkpt>
   <trkpt lat="51.5403560" lon="-0.0382800">
    <ele>13.9</ele>
    <time>2025-06-16T16:46:24Z</time>
   </trkpt>
   <trkpt lat="51.5403340" lon="-0.0382940">
    <ele>14.0</ele>
    <time>2025-06-16T16:46:25Z</time>
   </trkpt>
   <trkpt lat="51.5402980" lon="-0.0383210">
    <ele>14.0</ele>
    <time>2025-06-16T16:46:26Z</time>
   </trkpt>
   <trkpt lat="51.5402480" lon="-0.0383740">
    <ele>14.0</ele>
    <time>2025-06-16T16:46:27Z</time>
   </trkpt>
   <trkpt lat="51.5402180" lon="-0.0384040">
    <ele>14.0</ele>
    <time>2025-06-16T16:46:28Z</time>
   </trkpt>
   <trkpt lat="51.5401920" lon="-0.0384470">
    <ele>14.0</ele>
    <time>2025-06-16T16:46:29Z</time>
   </trkpt>
   <trkpt lat="51.5401670" lon="-0.0384750">
    <ele>14.0</ele>
    <time>2025-06-16T16:46:30Z</time>
   </trkpt>
   <trkpt lat="51.5401460" lon="-0.0385080">
    <ele>14.0</ele>
    <time>2025-06-16T16:46:31Z</time>
   </trkpt>
   <trkpt lat="51.5401160" lon="-0.0385300">
    <ele>14.0</ele>
    <time>2025-06-16T16:46:32Z</time>
   </trkpt>
   <trkpt lat="51.5400860" lon="-0.0385670">
    <ele>14.0</ele>
    <time>2025-06-16T16:46:33Z</time>
   </trkpt>
   <trkpt lat="51.5400580" lon="-0.0385930">
    <ele>14.0</ele>
    <time>2025-06-16T16:46:34Z</time>
   </trkpt>
   <trkpt lat="51.5400270" lon="-0.0386220">
    <ele>14.0</ele>
    <time>2025-06-16T16:46:35Z</time>
   </trkpt>
   <trkpt lat="51.5399880" lon="-0.0386560">
    <ele>14.0</ele>
    <time>2025-06-16T16:46:36Z</time>
   </trkpt>
   <trkpt lat="51.5399720" lon="-0.0386760">
    <ele>14.0</ele>
    <time>2025-06-16T16:46:37Z</time>
   </trkpt>
   <trkpt lat="51.5399430" lon="-0.0387010">
    <ele>14.0</ele>
    <time>2025-06-16T16:46:38Z</time>
   </trkpt>
   <trkpt lat="51.5399120" lon="-0.0387320">
    <ele>14.0</ele>
    <time>2025-06-16T16:46:39Z</time>
   </trkpt>
   <trkpt lat="51.5398880" lon="-0.0387590">
    <ele>14.0</ele>
    <time>2025-06-16T16:46:40Z</time>
   </trkpt>
   <trkpt lat="51.5398600" lon="-0.0387890">
    <ele>14.0</ele>
    <time>2025-06-16T16:46:41Z</time>
   </trkpt>
   <trkpt lat="51.5398310" lon="-0.0388120">
    <ele>14.0</ele>
    <time>2025-06-16T16:46:42Z</time>
   </trkpt>
   <trkpt lat="51.5398130" lon="-0.0388480">
    <ele>14.0</ele>
    <time>2025-06-16T16:46:43Z</time>
   </trkpt>
   <trkpt lat="51.5397840" lon="-0.0388800">
    <ele>14.0</ele>
    <time>2025-06-16T16:46:44Z</time>
   </trkpt>
   <trkpt lat="51.5397560" lon="-0.0389250">
    <ele>14.1</ele>
    <time>2025-06-16T16:46:45Z</time>
   </trkpt>
   <trkpt lat="51.5397330" lon="-0.0389550">
    <ele>14.1</ele>
    <time>2025-06-16T16:46:46Z</time>
   </trkpt>
   <trkpt lat="51.5397090" lon="-0.0389870">
    <ele>14.1</ele>
    <time>2025-06-16T16:46:47Z</time>
   </trkpt>
   <trkpt lat="51.5396840" lon="-0.0390150">
    <ele>14.1</ele>
    <time>2025-06-16T16:46:48Z</time>
   </trkpt>
   <trkpt lat="51.5396520" lon="-0.0390440">
    <ele>14.1</ele>
    <time>2025-06-16T16:46:49Z</time>
   </trkpt>
   <trkpt lat="51.5396230" lon="-0.0390730">
    <ele>14.1</ele>
    <time>2025-06-16T16:46:50Z</time>
   </trkpt>
   <trkpt lat="51.5395910" lon="-0.0391030">
    <ele>14.1</ele>
    <time>2025-06-16T16:46:51Z</time>
   </trkpt>
   <trkpt lat="51.5395520" lon="-0.0391340">
    <ele>14.1</ele>
    <time>2025-06-16T16:46:52Z</time>
   </trkpt>
   <trkpt lat="51.5395380" lon="-0.0391530">
    <ele>14.1</ele>
    <time>2025-06-16T16:46:53Z</time>
   </trkpt>
   <trkpt lat="51.5395100" lon="-0.0391830">
    <ele>14.1</ele>
    <time>2025-06-16T16:46:54Z</time>
   </trkpt>
   <trkpt lat="51.5394930" lon="-0.0392000">
    <ele>14.1</ele>
    <time>2025-06-16T16:46:55Z</time>
   </trkpt>
   <trkpt lat="51.5394450" lon="-0.0392260">
    <ele>14.1</ele>
    <time>2025-06-16T16:46:56Z</time>
   </trkpt>
   <trkpt lat="51.5394200" lon="-0.0392390">
    <ele>14.1</ele>
    <time>2025-06-16T16:46:57Z</time>
   </trkpt>
   <trkpt lat="51.5393820" lon="-0.0392530">
    <ele>14.1</ele>
    <time>2025-06-16T16:46:58Z</time>
   </trkpt>
   <trkpt lat="51.5393490" lon="-0.0392760">
    <ele>14.1</ele>
    <time>2025-06-16T16:46:59Z</time>
   </trkpt>
   <trkpt lat="51.5393030" lon="-0.0392920">
    <ele>14.1</ele>
    <time>2025-06-16T16:47:00Z</time>
   </trkpt>
   <trkpt lat="51.5392660" lon="-0.0392840">
    <ele>14.1</ele>
    <time>2025-06-16T16:47:01Z</time>
   </trkpt>
   <trkpt lat="51.5392520" lon="-0.0392890">
    <ele>14.1</ele>
    <time>2025-06-16T16:47:02Z</time>
   </trkpt>
   <trkpt lat="51.5392110" lon="-0.0393210">
    <ele>14.1</ele>
    <time>2025-06-16T16:47:03Z</time>
   </trkpt>
   <trkpt lat="51.5391900" lon="-0.0393380">
    <ele>14.1</ele>
    <time>2025-06-16T16:47:04Z</time>
   </trkpt>
   <trkpt lat="51.5391680" lon="-0.0393650">
    <ele>14.1</ele>
    <time>2025-06-16T16:47:05Z</time>
   </trkpt>
   <trkpt lat="51.5391510" lon="-0.0394030">
    <ele>14.1</ele>
    <time>2025-06-16T16:47:06Z</time>
   </trkpt>
   <trkpt lat="51.5391160" lon="-0.0394380">
    <ele>14.1</ele>
    <time>2025-06-16T16:47:07Z</time>
   </trkpt>
   <trkpt lat="51.5390980" lon="-0.0394480">
    <ele>14.1</ele>
    <time>2025-06-16T16:47:08Z</time>
   </trkpt>
   <trkpt lat="51.5390680" lon="-0.0394610">
    <ele>14.1</ele>
    <time>2025-06-16T16:47:09Z</time>
   </trkpt>
   <trkpt lat="51.5390400" lon="-0.0394890">
    <ele>14.1</ele>
    <time>2025-06-16T16:47:10Z</time>
   </trkpt>
   <trkpt lat="51.5390190" lon="-0.0395210">
    <ele>14.1</ele>
    <time>2025-06-16T16:47:11Z</time>
   </trkpt>
   <trkpt lat="51.5389900" lon="-0.0395620">
    <ele>14.1</ele>
    <time>2025-06-16T16:47:12Z</time>
   </trkpt>
   <trkpt lat="51.5389610" lon="-0.0395860">
    <ele>14.1</ele>
    <time>2025-06-16T16:47:13Z</time>
   </trkpt>
   <trkpt lat="51.5389350" lon="-0.0396210">
    <ele>14.1</ele>
    <time>2025-06-16T16:47:14Z</time>
   </trkpt>
   <trkpt lat="51.5389100" lon="-0.0396410">
    <ele>14.1</ele>
    <time>2025-06-16T16:47:15Z</time>
   </trkpt>
   <trkpt lat="51.5388790" lon="-0.0396730">
    <ele>14.1</ele>
    <time>2025-06-16T16:47:16Z</time>
   </trkpt>
   <trkpt lat="51.5388520" lon="-0.0397010">
    <ele>14.1</ele>
    <time>2025-06-16T16:47:17Z</time>
   </trkpt>
   <trkpt lat="51.5388160" lon="-0.0397290">
    <ele>14.1</ele>
    <time>2025-06-16T16:47:18Z</time>
   </trkpt>
   <trkpt lat="51.5387780" lon="-0.0397590">
    <ele>14.1</ele>
    <time>2025-06-16T16:47:19Z</time>
   </trkpt>
   <trkpt lat="51.5387640" lon="-0.0397730">
    <ele>14.1</ele>
    <time>2025-06-16T16:47:20Z</time>
   </trkpt>
   <trkpt lat="51.5387350" lon="-0.0398010">
    <ele>14.1</ele>
    <time>2025-06-16T16:47:21Z</time>
   </trkpt>
   <trkpt lat="51.5387060" lon="-0.0398380">
    <ele>14.1</ele>
    <time>2025-06-16T16:47:22Z</time>
   </trkpt>
   <trkpt lat="51.5386680" lon="-0.0398730">
    <ele>14.0</ele>
    <time>2025-06-16T16:47:23Z</time>
   </trkpt>
   <trkpt lat="51.5386550" lon="-0.0398930">
    <ele>14.0</ele>
    <time>2025-06-16T16:47:24Z</time>
   </trkpt>
   <trkpt lat="51.5386280" lon="-0.0399150">
    <ele>14.0</ele>
    <time>2025-06-16T16:47:25Z</time>
   </trkpt>
   <trkpt lat="51.5385940" lon="-0.0399470">
    <ele>14.0</ele>
    <time>2025-06-16T16:47:26Z</time>
   </trkpt>
   <trkpt lat="51.5385690" lon="-0.0399630">
    <ele>14.0</ele>
    <time>2025-06-16T16:47:27Z</time>
   </trkpt>
   <trkpt lat="51.5385440" lon="-0.0399970">
    <ele>14.0</ele>
    <time>2025-06-16T16:47:28Z</time>
   </trkpt>
   <trkpt lat="51.5385150" lon="-0.0400250">
    <ele>14.0</ele>
    <time>2025-06-16T16:47:29Z</time>
   </trkpt>
   <trkpt lat="51.5384980" lon="-0.0400440">
    <ele>14.0</ele>
    <time>2025-06-16T16:47:30Z</time>
   </trkpt>
   <trkpt lat="51.5384620" lon="-0.0400860">
    <ele>14.0</ele>
    <time>2025-06-16T16:47:31Z</time>
   </trkpt>
   <trkpt lat="51.5384490" lon="-0.0401080">
    <ele>14.0</ele>
    <time>2025-06-16T16:47:32Z</time>
   </trkpt>
   <trkpt lat="51.5384180" lon="-0.0401460">
    <ele>14.0</ele>
    <time>2025-06-16T16:47:33Z</time>
   </trkpt>
   <trkpt lat="51.5384060" lon="-0.0401600">
    <ele>14.0</ele>
    <time>2025-06-16T16:47:34Z</time>
   </trkpt>
   <trkpt lat="51.5383800" lon="-0.0401750">
    <ele>14.0</ele>
    <time>2025-06-16T16:47:35Z</time>
   </trkpt>
   <trkpt lat="51.5383520" lon="-0.0402150">
    <ele>14.0</ele>
    <time>2025-06-16T16:47:36Z</time>
   </trkpt>
   <trkpt lat="51.5383220" lon="-0.0402420">
    <ele>14.0</ele>
    <time>2025-06-16T16:47:37Z</time>
   </trkpt>
   <trkpt lat="51.5382930" lon="-0.0402720">
    <ele>14.0</ele>
    <time>2025-06-16T16:47:38Z</time>
   </trkpt>
   <trkpt lat="51.5382590" lon="-0.0403090">
    <ele>14.0</ele>
    <time>2025-06-16T16:47:39Z</time>
   </trkpt>
   <trkpt lat="51.5382350" lon="-0.0403470">
    <ele>13.9</ele>
    <time>2025-06-16T16:47:40Z</time>
   </trkpt>
   <trkpt lat="51.5382040" lon="-0.0403680">
    <ele>13.9</ele>
    <time>2025-06-16T16:47:41Z</time>
   </trkpt>
   <trkpt lat="51.5381780" lon="-0.0403970">
    <ele>13.9</ele>
    <time>2025-06-16T16:47:42Z</time>
   </trkpt>
   <trkpt lat="51.5381490" lon="-0.0404120">
    <ele>13.9</ele>
    <time>2025-06-16T16:47:43Z</time>
   </trkpt>
   <trkpt lat="51.5381270" lon="-0.0404470">
    <ele>13.9</ele>
    <time>2025-06-16T16:47:44Z</time>
   </trkpt>
   <trkpt lat="51.5381040" lon="-0.0404730">
    <ele>13.9</ele>
    <time>2025-06-16T16:47:45Z</time>
   </trkpt>
   <trkpt lat="51.5380810" lon="-0.0405060">
    <ele>13.8</ele>
    <time>2025-06-16T16:47:46Z</time>
   </trkpt>
   <trkpt lat="51.5380520" lon="-0.0405230">
    <ele>13.8</ele>
    <time>2025-06-16T16:47:47Z</time>
   </trkpt>
   <trkpt lat="51.5380180" lon="-0.0405480">
    <ele>13.8</ele>
    <time>2025-06-16T16:47:48Z</time>
   </trkpt>
   <trkpt lat="51.5379880" lon="-0.0405600">
    <ele>13.8</ele>
    <time>2025-06-16T16:47:49Z</time>
   </trkpt>
   <trkpt lat="51.5379570" lon="-0.0405970">
    <ele>13.8</ele>
    <time>2025-06-16T16:47:50Z</time>
   </trkpt>
   <trkpt lat="51.5379280" lon="-0.0406330">
    <ele>13.8</ele>
    <time>2025-06-16T16:47:51Z</time>
   </trkpt>
   <trkpt lat="51.5379060" lon="-0.0406640">
    <ele>13.8</ele>
    <time>2025-06-16T16:47:52Z</time>
   </trkpt>
   <trkpt lat="51.5378860" lon="-0.0407110">
    <ele>13.8</ele>
    <time>2025-06-16T16:47:53Z</time>
   </trkpt>
   <trkpt lat="51.5378510" lon="-0.0407580">
    <ele>13.7</ele>
    <time>2025-06-16T16:47:54Z</time>
   </trkpt>
   <trkpt lat="51.5378370" lon="-0.0407780">
    <ele>13.7</ele>
    <time>2025-06-16T16:47:55Z</time>
   </trkpt>
   <trkpt lat="51.5378090" lon="-0.0408050">
    <ele>13.7</ele>
    <time>2025-06-16T16:47:56Z</time>
   </trkpt>
   <trkpt lat="51.5377890" lon="-0.0408460">
    <ele>13.7</ele>
    <time>2025-06-16T16:47:57Z</time>
   </trkpt>
   <trkpt lat="51.5377570" lon="-0.0408780">
    <ele>13.7</ele>
    <time>2025-06-16T16:47:58Z</time>
   </trkpt>
   <trkpt lat="51.5377430" lon="-0.0409350">
    <ele>13.7</ele>
    <time>2025-06-16T16:47:59Z</time>
   </trkpt>
   <trkpt lat="51.5377220" lon="-0.0409750">
    <ele>13.7</ele>
    <time>2025-06-16T16:48:00Z</time>
   </trkpt>
   <trkpt lat="51.5376960" lon="-0.0410210">
    <ele>13.7</ele>
    <time>2025-06-16T16:48:01Z</time>
   </trkpt>
   <trkpt lat="51.5376710" lon="-0.0410540">
    <ele>13.7</ele>
    <time>2025-06-16T16:48:02Z</time>
   </trkpt>
   <trkpt lat="51.5376490" lon="-0.0410940">
    <ele>13.7</ele>
    <time>2025-06-16T16:48:03Z</time>
   </trkpt>
   <trkpt lat="51.5376200" lon="-0.0411310">
    <ele>13.7</ele>
    <time>2025-06-16T16:48:04Z</time>
   </trkpt>
   <trkpt lat="51.5375990" lon="-0.0411650">
    <ele>13.7</ele>
    <time>2025-06-16T16:48:05Z</time>
   </trkpt>
   <trkpt lat="51.5375710" lon="-0.0411880">
    <ele>13.7</ele>
    <time>2025-06-16T16:48:06Z</time>
   </trkpt>
   <trkpt lat="51.5375340" lon="-0.0412230">
    <ele>13.7</ele>
    <time>2025-06-16T16:48:07Z</time>
   </trkpt>
   <trkpt lat="51.5375090" lon="-0.0412610">
    <ele>13.7</ele>
    <time>2025-06-16T16:48:08Z</time>
   </trkpt>
   <trkpt lat="51.5374840" lon="-0.0412880">
    <ele>13.7</ele>
    <time>2025-06-16T16:48:09Z</time>
   </trkpt>
   <trkpt lat="51.5374560" lon="-0.0413350">
    <ele>13.7</ele>
    <time>2025-06-16T16:48:10Z</time>
   </trkpt>
   <trkpt lat="51.5374310" lon="-0.0413660">
    <ele>13.7</ele>
    <time>2025-06-16T16:48:11Z</time>
   </trkpt>
   <trkpt lat="51.5373990" lon="-0.0414140">
    <ele>13.7</ele>
    <time>2025-06-16T16:48:12Z</time>
   </trkpt>
   <trkpt lat="51.5373670" lon="-0.0414610">
    <ele>13.7</ele>
    <time>2025-06-16T16:48:13Z</time>
   </trkpt>
   <trkpt lat="51.5373550" lon="-0.0414770">
    <ele>13.7</ele>
    <time>2025-06-16T16:48:14Z</time>
   </trkpt>
   <trkpt lat="51.5373410" lon="-0.0415170">
    <ele>13.7</ele>
    <time>2025-06-16T16:48:16Z</time>
   </trkpt>
   <trkpt lat="51.5373210" lon="-0.0415650">
    <ele>13.7</ele>
    <time>2025-06-16T16:48:17Z</time>
   </trkpt>
   <trkpt lat="51.5373000" lon="-0.0416080">
    <ele>13.8</ele>
    <time>2025-06-16T16:48:18Z</time>
   </trkpt>
   <trkpt lat="51.5372830" lon="-0.0416510">
    <ele>13.8</ele>
    <time>2025-06-16T16:48:19Z</time>
   </trkpt>
   <trkpt lat="51.5372750" lon="-0.0416620">
    <ele>13.8</ele>
    <time>2025-06-16T16:48:20Z</time>
   </trkpt>
   <trkpt lat="51.5372550" lon="-0.0416940">
    <ele>13.8</ele>
    <time>2025-06-16T16:48:21Z</time>
   </trkpt>
   <trkpt lat="51.5372320" lon="-0.0417390">
    <ele>13.8</ele>
    <time>2025-06-16T16:48:22Z</time>
   </trkpt>
   <trkpt lat="51.5371800" lon="-0.0419090">
    <ele>13.8</ele>
    <time>2025-06-16T16:48:25Z</time>
   </trkpt>
   <trkpt lat="51.5371620" lon="-0.0419440">
    <ele>13.9</ele>
    <time>2025-06-16T16:48:26Z</time>
   </trkpt>
   <trkpt lat="51.5371420" lon="-0.0419770">
    <ele>13.9</ele>
    <time>2025-06-16T16:48:27Z</time>
   </trkpt>
   <trkpt lat="51.5371110" lon="-0.0420290">
    <ele>13.9</ele>
    <time>2025-06-16T16:48:28Z</time>
   </trkpt>
   <trkpt lat="51.5370990" lon="-0.0420530">
    <ele>13.9</ele>
    <time>2025-06-16T16:48:29Z</time>
   </trkpt>
   <trkpt lat="51.5369740" lon="-0.0423650">
    <ele>14.0</ele>
    <time>2025-06-16T16:48:35Z</time>
   </trkpt>
   <trkpt lat="51.5369470" lon="-0.0424070">
    <ele>14.0</ele>
    <time>2025-06-16T16:48:36Z</time>
   </trkpt>
   <trkpt lat="51.5369210" lon="-0.0424440">
    <ele>14.0</ele>
    <time>2025-06-16T16:48:37Z</time>
   </trkpt>
   <trkpt lat="51.5369030" lon="-0.0424890">
    <ele>14.0</ele>
    <time>2025-06-16T16:48:38Z</time>
   </trkpt>
   <trkpt lat="51.5368840" lon="-0.0425390">
    <ele>14.0</ele>
    <time>2025-06-16T16:48:39Z</time>
   </trkpt>
   <trkpt lat="51.5368610" lon="-0.0425840">
    <ele>14.0</ele>
    <time>2025-06-16T16:48:40Z</time>
   </trkpt>
   <trkpt lat="51.5368370" lon="-0.0426260">
    <ele>14.0</ele>
    <time>2025-06-16T16:48:41Z</time>
   </trkpt>
   <trkpt lat="51.5368170" lon="-0.0426550">
    <ele>14.0</ele>
    <time>2025-06-16T16:48:42Z</time>
   </trkpt>
   <trkpt lat="51.5367950" lon="-0.0427150">
    <ele>14.0</ele>
    <time>2025-06-16T16:48:43Z</time>
   </trkpt>
   <trkpt lat="51.5367690" lon="-0.0427790">
    <ele>14.1</ele>
    <time>2025-06-16T16:48:44Z</time>
   </trkpt>
   <trkpt lat="51.5367560" lon="-0.0428090">
    <ele>14.1</ele>
    <time>2025-06-16T16:48:45Z</time>
   </trkpt>
   <trkpt lat="51.5367350" lon="-0.0428590">
    <ele>14.1</ele>
    <time>2025-06-16T16:48:46Z</time>
   </trkpt>
   <trkpt lat="51.5367210" lon="-0.0429100">
    <ele>14.1</ele>
    <time>2025-06-16T16:48:47Z</time>
   </trkpt>
   <trkpt lat="51.5367040" lon="-0.0429490">
    <ele>14.1</ele>
    <time>2025-06-16T16:48:48Z</time>
   </trkpt>
   <trkpt lat="51.5366890" lon="-0.0430000">
    <ele>14.2</ele>
    <time>2025-06-16T16:48:49Z</time>
   </trkpt>
   <trkpt lat="51.5366700" lon="-0.0430390">
    <ele>14.2</ele>
    <time>2025-06-16T16:48:50Z</time>
   </trkpt>
   <trkpt lat="51.5366550" lon="-0.0430850">
    <ele>14.2</ele>
    <time>2025-06-16T16:48:51Z</time>
   </trkpt>
   <trkpt lat="51.5366360" lon="-0.0431200">
    <ele>14.2</ele>
    <time>2025-06-16T16:48:52Z</time>
   </trkpt>
   <trkpt lat="51.5366180" lon="-0.0431670">
    <ele>14.2</ele>
    <time>2025-06-16T16:48:53Z</time>
   </trkpt>
   <trkpt lat="51.5365950" lon="-0.0432070">
    <ele>14.3</ele>
    <time>2025-06-16T16:48:54Z</time>
   </trkpt>
   <trkpt lat="51.5365700" lon="-0.0432490">
    <ele>14.3</ele>
    <time>2025-06-16T16:48:55Z</time>
   </trkpt>
   <trkpt lat="51.5365450" lon="-0.0432740">
    <ele>14.3</ele>
    <time>2025-06-16T16:48:56Z</time>
   </trkpt>
   <trkpt lat="51.5365140" lon="-0.0433100">
    <ele>14.3</ele>
    <time>2025-06-16T16:48:57Z</time>
   </trkpt>
   <trkpt lat="51.5364960" lon="-0.0433190">
    <ele>14.3</ele>
    <time>2025-06-16T16:48:58Z</time>
   </trkpt>
   <trkpt lat="51.5364720" lon="-0.0433600">
    <ele>14.3</ele>
    <time>2025-06-16T16:48:59Z</time>
   </trkpt>
   <trkpt lat="51.5364440" lon="-0.0433910">
    <ele>14.3</ele>
    <time>2025-06-16T16:49:00Z</time>
   </trkpt>
   <trkpt lat="51.5364260" lon="-0.0434390">
    <ele>14.4</ele>
    <time>2025-06-16T16:49:01Z</time>
   </trkpt>
   <trkpt lat="51.5364070" lon="-0.0434870">
    <ele>14.4</ele>
    <time>2025-06-16T16:49:02Z</time>
   </trkpt>
   <trkpt lat="51.5364080" lon="-0.0435550">
    <ele>14.4</ele>
    <time>2025-06-16T16:49:03Z</time>
   </trkpt>
   <trkpt lat="51.5363790" lon="-0.0435930">
    <ele>14.4</ele>
    <time>2025-06-16T16:49:04Z</time>
   </trkpt>
   <trkpt lat="51.5363680" lon="-0.0436000">
    <ele>14.4</ele>
    <time>2025-06-16T16:49:05Z</time>
   </trkpt>
   <trkpt lat="51.5363370" lon="-0.0436210">
    <ele>14.4</ele>
    <time>2025-06-16T16:49:06Z</time>
   </trkpt>
   <trkpt lat="51.5363130" lon="-0.0436650">
    <ele>14.4</ele>
    <time>2025-06-16T16:49:07Z</time>
   </trkpt>
   <trkpt lat="51.5362760" lon="-0.0436830">
    <ele>14.4</ele>
    <time>2025-06-16T16:49:08Z</time>
   </trkpt>
   <trkpt lat="51.5362400" lon="-0.0437150">
    <ele>14.4</ele>
    <time>2025-06-16T16:49:09Z</time>
   </trkpt>
   <trkpt lat="51.5362270" lon="-0.0437250">
    <ele>14.4</ele>
    <time>2025-06-16T16:49:10Z</time>
   </trkpt>
   <trkpt lat="51.5362050" lon="-0.0437760">
    <ele>14.5</ele>
    <time>2025-06-16T16:49:11Z</time>
   </trkpt>
   <trkpt lat="51.5361950" lon="-0.0437900">
    <ele>14.5</ele>
    <time>2025-06-16T16:49:12Z</time>
   </trkpt>
   <trkpt lat="51.5361770" lon="-0.0438330">
    <ele>14.5</ele>
    <time>2025-06-16T16:49:13Z</time>
   </trkpt>
   <trkpt lat="51.5361470" lon="-0.0438730">
    <ele>14.5</ele>
    <time>2025-06-16T16:49:14Z</time>
   </trkpt>
   <trkpt lat="51.5361260" lon="-0.0439130">
    <ele>14.5</ele>
    <time>2025-06-16T16:49:15Z</time>
   </trkpt>
   <trkpt lat="51.5360850" lon="-0.0439340">
    <ele>14.6</ele>
    <time>2025-06-16T16:49:16Z</time>
   </trkpt>
   <trkpt lat="51.5360610" lon="-0.0439730">
    <ele>14.6</ele>
    <time>2025-06-16T16:49:17Z</time>
   </trkpt>
   <trkpt lat="51.5360370" lon="-0.0440030">
    <ele>14.6</ele>
    <time>2025-06-16T16:49:18Z</time>
   </trkpt>
   <trkpt lat="51.5360160" lon="-0.0440350">
    <ele>14.6</ele>
    <time>2025-06-16T16:49:19Z</time>
   </trkpt>
   <trkpt lat="51.5359860" lon="-0.0440600">
    <ele>14.6</ele>
    <time>2025-06-16T16:49:20Z</time>
   </trkpt>
   <trkpt lat="51.5359610" lon="-0.0440950">
    <ele>14.6</ele>
    <time>2025-06-16T16:49:21Z</time>
   </trkpt>
   <trkpt lat="51.5359320" lon="-0.0441240">
    <ele>14.6</ele>
    <time>2025-06-16T16:49:22Z</time>
   </trkpt>
   <trkpt lat="51.5359060" lon="-0.0441650">
    <ele>14.6</ele>
    <time>2025-06-16T16:49:23Z</time>
   </trkpt>
   <trkpt lat="51.5358720" lon="-0.0441880">
    <ele>14.7</ele>
    <time>2025-06-16T16:49:24Z</time>
   </trkpt>
   <trkpt lat="51.5358520" lon="-0.0442320">
    <ele>14.7</ele>
    <time>2025-06-16T16:49:25Z</time>
   </trkpt>
   <trkpt lat="51.5358260" lon="-0.0442530">
    <ele>14.7</ele>
    <time>2025-06-16T16:49:26Z</time>
   </trkpt>
   <trkpt lat="51.5358070" lon="-0.0442970">
    <ele>14.7</ele>
    <time>2025-06-16T16:49:27Z</time>
   </trkpt>
   <trkpt lat="51.5357840" lon="-0.0443250">
    <ele>14.7</ele>
    <time>2025-06-16T16:49:28Z</time>
   </trkpt>
   <trkpt lat="51.5357610" lon="-0.0443560">
    <ele>14.7</ele>
    <time>2025-06-16T16:49:29Z</time>
   </trkpt>
   <trkpt lat="51.5357370" lon="-0.0443920">
    <ele>14.7</ele>
    <time>2025-06-16T16:49:30Z</time>
   </trkpt>
   <trkpt lat="51.5357110" lon="-0.0444230">
    <ele>14.7</ele>
    <time>2025-06-16T16:49:31Z</time>
   </trkpt>
   <trkpt lat="51.5356920" lon="-0.0444680">
    <ele>14.7</ele>
    <time>2025-06-16T16:49:32Z</time>
   </trkpt>
   <trkpt lat="51.5356690" lon="-0.0445020">
    <ele>14.7</ele>
    <time>2025-06-16T16:49:33Z</time>
   </trkpt>
   <trkpt lat="51.5356440" lon="-0.0445370">
    <ele>14.7</ele>
    <time>2025-06-16T16:49:34Z</time>
   </trkpt>
   <trkpt lat="51.5356270" lon="-0.0445910">
    <ele>14.7</ele>
    <time>2025-06-16T16:49:35Z</time>
   </trkpt>
   <trkpt lat="51.5356090" lon="-0.0446370">
    <ele>14.7</ele>
    <time>2025-06-16T16:49:36Z</time>
   </trkpt>
   <trkpt lat="51.5355870" lon="-0.0446710">
    <ele>14.8</ele>
    <time>2025-06-16T16:49:37Z</time>
   </trkpt>
   <trkpt lat="51.5355750" lon="-0.0447170">
    <ele>14.8</ele>
    <time>2025-06-16T16:49:38Z</time>
   </trkpt>
   <trkpt lat="51.5355550" lon="-0.0447620">
    <ele>14.8</ele>
    <time>2025-06-16T16:49:39Z</time>
   </trkpt>
   <trkpt lat="51.5355440" lon="-0.0448180">
    <ele>14.8</ele>
    <time>2025-06-16T16:49:40Z</time>
   </trkpt>
   <trkpt lat="51.5355280" lon="-0.0448590">
    <ele>14.8</ele>
    <time>2025-06-16T16:49:41Z</time>
   </trkpt>
   <trkpt lat="51.5355230" lon="-0.0449160">
    <ele>14.8</ele>
    <time>2025-06-16T16:49:42Z</time>
   </trkpt>
   <trkpt lat="51.5355050" lon="-0.0449620">
    <ele>14.8</ele>
    <time>2025-06-16T16:49:43Z</time>
   </trkpt>
   <trkpt lat="51.5354970" lon="-0.0450110">
    <ele>14.8</ele>
    <time>2025-06-16T16:49:44Z</time>
   </trkpt>
   <trkpt lat="51.5354860" lon="-0.0450640">
    <ele>14.8</ele>
    <time>2025-06-16T16:49:45Z</time>
   </trkpt>
   <trkpt lat="51.5354840" lon="-0.0451200">
    <ele>14.8</ele>
    <time>2025-06-16T16:49:46Z</time>
   </trkpt>
   <trkpt lat="51.5354730" lon="-0.0451730">
    <ele>14.8</ele>
    <time>2025-06-16T16:49:47Z</time>
   </trkpt>
   <trkpt lat="51.5354640" lon="-0.0452240">
    <ele>14.8</ele>
    <time>2025-06-16T16:49:48Z</time>
   </trkpt>
   <trkpt lat="51.5354490" lon="-0.0452780">
    <ele>14.8</ele>
    <time>2025-06-16T16:49:49Z</time>
   </trkpt>
   <trkpt lat="51.5354450" lon="-0.0453290">
    <ele>14.8</ele>
    <time>2025-06-16T16:49:50Z</time>
   </trkpt>
   <trkpt lat="51.5354270" lon="-0.0453760">
    <ele>14.8</ele>
    <time>2025-06-16T16:49:51Z</time>
   </trkpt>
   <trkpt lat="51.5354220" lon="-0.0454280">
    <ele>14.8</ele>
    <time>2025-06-16T16:49:52Z</time>
   </trkpt>
   <trkpt lat="51.5354070" lon="-0.0454740">
    <ele>14.8</ele>
    <time>2025-06-16T16:49:53Z</time>
   </trkpt>
   <trkpt lat="51.5354030" lon="-0.0455350">
    <ele>14.8</ele>
    <time>2025-06-16T16:49:54Z</time>
   </trkpt>
   <trkpt lat="51.5353880" lon="-0.0455880">
    <ele>14.8</ele>
    <time>2025-06-16T16:49:55Z</time>
   </trkpt>
   <trkpt lat="51.5353880" lon="-0.0456360">
    <ele>14.8</ele>
    <time>2025-06-16T16:49:56Z</time>
   </trkpt>
   <trkpt lat="51.5353760" lon="-0.0456860">
    <ele>14.8</ele>
    <time>2025-06-16T16:49:57Z</time>
   </trkpt>
   <trkpt lat="51.5353690" lon="-0.0457340">
    <ele>14.8</ele>
    <time>2025-06-16T16:49:58Z</time>
   </trkpt>
   <trkpt lat="51.5353560" lon="-0.0457840">
    <ele>14.8</ele>
    <time>2025-06-16T16:49:59Z</time>
   </trkpt>
   <trkpt lat="51.5353350" lon="-0.0458310">
    <ele>14.8</ele>
    <time>2025-06-16T16:50:00Z</time>
   </trkpt>
   <trkpt lat="51.5353210" lon="-0.0458730">
    <ele>14.8</ele>
    <time>2025-06-16T16:50:01Z</time>
   </trkpt>
   <trkpt lat="51.5353040" lon="-0.0459180">
    <ele>14.8</ele>
    <time>2025-06-16T16:50:02Z</time>
   </trkpt>
   <trkpt lat="51.5352950" lon="-0.0459710">
    <ele>14.8</ele>
    <time>2025-06-16T16:50:03Z</time>
   </trkpt>
   <trkpt lat="51.5352870" lon="-0.0460160">
    <ele>14.8</ele>
    <time>2025-06-16T16:50:04Z</time>
   </trkpt>
   <trkpt lat="51.5352720" lon="-0.0460700">
    <ele>14.8</ele>
    <time>2025-06-16T16:50:05Z</time>
   </trkpt>
   <trkpt lat="51.5352610" lon="-0.0461130">
    <ele>14.8</ele>
    <time>2025-06-16T16:50:06Z</time>
   </trkpt>
   <trkpt lat="51.5352510" lon="-0.0461610">
    <ele>14.8</ele>
    <time>2025-06-16T16:50:07Z</time>
   </trkpt>
   <trkpt lat="51.5352350" lon="-0.0462170">
    <ele>14.9</ele>
    <time>2025-06-16T16:50:08Z</time>
   </trkpt>
   <trkpt lat="51.5352230" lon="-0.0462620">
    <ele>14.9</ele>
    <time>2025-06-16T16:50:09Z</time>
   </trkpt>
   <trkpt lat="51.5352060" lon="-0.0463100">
    <ele>14.9</ele>
    <time>2025-06-16T16:50:10Z</time>
   </trkpt>
   <trkpt lat="51.5351990" lon="-0.0463660">
    <ele>14.9</ele>
    <time>2025-06-16T16:50:11Z</time>
   </trkpt>
   <trkpt lat="51.5351830" lon="-0.0464080">
    <ele>14.9</ele>
    <time>2025-06-16T16:50:12Z</time>
   </trkpt>
   <trkpt lat="51.5351770" lon="-0.0464650">
    <ele>14.9</ele>
    <time>2025-06-16T16:50:13Z</time>
   </trkpt>
   <trkpt lat="51.5351590" lon="-0.0465050">
    <ele>14.9</ele>
    <time>2025-06-16T16:50:14Z</time>
   </trkpt>
   <trkpt lat="51.5351480" lon="-0.0465600">
    <ele>14.9</ele>
    <time>2025-06-16T16:50:15Z</time>
   </trkpt>
   <trkpt lat="51.5351310" lon="-0.0465950">
    <ele>14.9</ele>
    <time>2025-06-16T16:50:16Z</time>
   </trkpt>
   <trkpt lat="51.5351200" lon="-0.0466480">
    <ele>14.9</ele>
    <time>2025-06-16T16:50:17Z</time>
   </trkpt>
   <trkpt lat="51.5351090" lon="-0.0466900">
    <ele>14.9</ele>
    <time>2025-06-16T16:50:18Z</time>
   </trkpt>
   <trkpt lat="51.5351010" lon="-0.0467410">
    <ele>14.9</ele>
    <time>2025-06-16T16:50:19Z</time>
   </trkpt>
   <trkpt lat="51.5350780" lon="-0.0467960">
    <ele>14.9</ele>
    <time>2025-06-16T16:50:20Z</time>
   </trkpt>
   <trkpt lat="51.5350610" lon="-0.0468440">
    <ele>14.9</ele>
    <time>2025-06-16T16:50:22Z</time>
   </trkpt>
   <trkpt lat="51.5350390" lon="-0.0468870">
    <ele>14.9</ele>
    <time>2025-06-16T16:50:23Z</time>
   </trkpt>
   <trkpt lat="51.5350380" lon="-0.0469480">
    <ele>14.9</ele>
    <time>2025-06-16T16:50:24Z</time>
   </trkpt>
   <trkpt lat="51.5350220" lon="-0.0469910">
    <ele>14.9</ele>
    <time>2025-06-16T16:50:25Z</time>
   </trkpt>
   <trkpt lat="51.5350160" lon="-0.0470470">
    <ele>14.9</ele>
    <time>2025-06-16T16:50:26Z</time>
   </trkpt>
   <trkpt lat="51.5350060" lon="-0.0471030">
    <ele>14.9</ele>
    <time>2025-06-16T16:50:27Z</time>
   </trkpt>
   <trkpt lat="51.5349970" lon="-0.0471570">
    <ele>15.0</ele>
    <time>2025-06-16T16:50:28Z</time>
   </trkpt>
   <trkpt lat="51.5350010" lon="-0.0472220">
    <ele>15.0</ele>
    <time>2025-06-16T16:50:29Z</time>
   </trkpt>
   <trkpt lat="51.5350000" lon="-0.0472740">
    <ele>15.0</ele>
    <time>2025-06-16T16:50:30Z</time>
   </trkpt>
   <trkpt lat="51.5350030" lon="-0.0473270">
    <ele>15.0</ele>
    <time>2025-06-16T16:50:31Z</time>
   </trkpt>
   <trkpt lat="51.5350100" lon="-0.0473840">
    <ele>15.0</ele>
    <time>2025-06-16T16:50:32Z</time>
   </trkpt>
   <trkpt lat="51.5350300" lon="-0.0474360">
    <ele>15.0</ele>
    <time>2025-06-16T16:50:33Z</time>
   </trkpt>
   <trkpt lat="51.5350470" lon="-0.0474930">
    <ele>15.0</ele>
    <time>2025-06-16T16:50:34Z</time>
   </trkpt>
   <trkpt lat="51.5350650" lon="-0.0475430">
    <ele>15.0</ele>
    <time>2025-06-16T16:50:35Z</time>
   </trkpt>
   <trkpt lat="51.5350850" lon="-0.0475930">
    <ele>15.0</ele>
    <time>2025-06-16T16:50:36Z</time>
   </trkpt>
   <trkpt lat="51.5351050" lon="-0.0476380">
    <ele>15.0</ele>
    <time>2025-06-16T16:50:37Z</time>
   </trkpt>
   <trkpt lat="51.5351260" lon="-0.0476890">
    <ele>14.9</ele>
    <time>2025-06-16T16:50:38Z</time>
   </trkpt>
   <trkpt lat="51.5351420" lon="-0.0477320">
    <ele>14.9</ele>
    <time>2025-06-16T16:50:39Z</time>
   </trkpt>
   <trkpt lat="51.5351630" lon="-0.0477850">
    <ele>14.9</ele>
    <time>2025-06-16T16:50:40Z</time>
   </trkpt>
   <trkpt lat="51.5351810" lon="-0.0478310">
    <ele>14.9</ele>
    <time>2025-06-16T16:50:41Z</time>
   </trkpt>
   <trkpt lat="51.5351980" lon="-0.0478790">
    <ele>14.9</ele>
    <time>2025-06-16T16:50:42Z</time>
   </trkpt>
   <trkpt lat="51.5352120" lon="-0.0479310">
    <ele>14.8</ele>
    <time>2025-06-16T16:50:43Z</time>
   </trkpt>
   <trkpt lat="51.5352230" lon="-0.0479830">
    <ele>14.8</ele>
    <time>2025-06-16T16:50:44Z</time>
   </trkpt>
   <trkpt lat="51.5352440" lon="-0.0480230">
    <ele>14.8</ele>
    <time>2025-06-16T16:50:45Z</time>
   </trkpt>
   <trkpt lat="51.5352630" lon="-0.0480720">
    <ele>14.8</ele>
    <time>2025-06-16T16:50:46Z</time>
   </trkpt>
   <trkpt lat="51.5352900" lon="-0.0481010">
    <ele>14.7</ele>
    <time>2025-06-16T16:50:47Z</time>
   </trkpt>
   <trkpt lat="51.5353730" lon="-0.0483400">
    <ele>14.7</ele>
    <time>2025-06-16T16:50:52Z</time>
   </trkpt>
   <trkpt lat="51.5353990" lon="-0.0483800">
    <ele>14.8</ele>
    <time>2025-06-16T16:50:53Z</time>
   </trkpt>
   <trkpt lat="51.5354200" lon="-0.0484310">
    <ele>14.8</ele>
    <time>2025-06-16T16:50:54Z</time>
   </trkpt>
   <trkpt lat="51.5354390" lon="-0.0484750">
    <ele>14.8</ele>
    <time>2025-06-16T16:50:55Z</time>
   </trkpt>
   <trkpt lat="51.5354610" lon="-0.0485640">
    <ele>14.8</ele>
    <time>2025-06-16T16:50:56Z</time>
   </trkpt>
   <trkpt lat="51.5354760" lon="-0.0486020">
    <ele>14.8</ele>
    <time>2025-06-16T16:50:57Z</time>
   </trkpt>
   <trkpt lat="51.5354960" lon="-0.0486390">
    <ele>14.8</ele>
    <time>2025-06-16T16:50:58Z</time>
   </trkpt>
   <trkpt lat="51.5355080" lon="-0.0486830">
    <ele>14.8</ele>
    <time>2025-06-16T16:50:59Z</time>
   </trkpt>
   <trkpt lat="51.5355340" lon="-0.0487120">
    <ele>14.8</ele>
    <time>2025-06-16T16:51:00Z</time>
   </trkpt>
   <trkpt lat="51.5355550" lon="-0.0487460">
    <ele>14.8</ele>
    <time>2025-06-16T16:51:01Z</time>
   </trkpt>
   <trkpt lat="51.5355740" lon="-0.0487840">
    <ele>14.8</ele>
    <time>2025-06-16T16:51:02Z</time>
   </trkpt>
   <trkpt lat="51.5355880" lon="-0.0488360">
    <ele>14.8</ele>
    <time>2025-06-16T16:51:03Z</time>
   </trkpt>
   <trkpt lat="51.5356090" lon="-0.0488720">
    <ele>14.9</ele>
    <time>2025-06-16T16:51:04Z</time>
   </trkpt>
   <trkpt lat="51.5356280" lon="-0.0489160">
    <ele>14.9</ele>
    <time>2025-06-16T16:51:05Z</time>
   </trkpt>
   <trkpt lat="51.5356440" lon="-0.0489580">
    <ele>14.9</ele>
    <time>2025-06-16T16:51:06Z</time>
   </trkpt>
   <trkpt lat="51.5356640" lon="-0.0490160">
    <ele>14.9</ele>
    <time>2025-06-16T16:51:07Z</time>
   </trkpt>
   <trkpt lat="51.5356770" lon="-0.0490680">
    <ele>14.9</ele>
    <time>2025-06-16T16:51:08Z</time>
   </trkpt>
   <trkpt lat="51.5356850" lon="-0.0491090">
    <ele>14.9</ele>
    <time>2025-06-16T16:51:09Z</time>
   </trkpt>
   <trkpt lat="51.5357040" lon="-0.0491530">
    <ele>15.0</ele>
    <time>2025-06-16T16:51:10Z</time>
   </trkpt>
   <trkpt lat="51.5357280" lon="-0.0491980">
    <ele>15.0</ele>
    <time>2025-06-16T16:51:11Z</time>
   </trkpt>
   <trkpt lat="51.5357440" lon="-0.0492530">
    <ele>15.0</ele>
    <time>2025-06-16T16:51:12Z</time>
   </trkpt>
   <trkpt lat="51.5357620" lon="-0.0492970">
    <ele>15.1</ele>
    <time>2025-06-16T16:51:13Z</time>
   </trkpt>
   <trkpt lat="51.5357870" lon="-0.0493400">
    <ele>15.1</ele>
    <time>2025-06-16T16:51:14Z</time>
   </trkpt>
   <trkpt lat="51.5358000" lon="-0.0493850">
    <ele>15.1</ele>
    <time>2025-06-16T16:51:15Z</time>
   </trkpt>
   <trkpt lat="51.5358200" lon="-0.0494360">
    <ele>15.2</ele>
    <time>2025-06-16T16:51:16Z</time>
   </trkpt>
   <trkpt lat="51.5358330" lon="-0.0494860">
    <ele>15.2</ele>
    <time>2025-06-16T16:51:17Z</time>
   </trkpt>
   <trkpt lat="51.5358370" lon="-0.0495360">
    <ele>15.2</ele>
    <time>2025-06-16T16:51:18Z</time>
   </trkpt>
   <trkpt lat="51.5358540" lon="-0.0496030">
    <ele>15.3</ele>
    <time>2025-06-16T16:51:19Z</time>
   </trkpt>
   <trkpt lat="51.5358660" lon="-0.0496290">
    <ele>15.3</ele>
    <time>2025-06-16T16:51:20Z</time>
   </trkpt>
   <trkpt lat="51.5358860" lon="-0.0496800">
    <ele>15.3</ele>
    <time>2025-06-16T16:51:21Z</time>
   </trkpt>
   <trkpt lat="51.5358950" lon="-0.0497320">
    <ele>15.3</ele>
    <time>2025-06-16T16:51:22Z</time>
   </trkpt>
   <trkpt lat="51.5359120" lon="-0.0497700">
    <ele>15.3</ele>
    <time>2025-06-16T16:51:23Z</time>
   </trkpt>
   <trkpt lat="51.5359160" lon="-0.0498410">
    <ele>15.4</ele>
    <time>2025-06-16T16:51:24Z</time>
   </trkpt>
   <trkpt lat="51.5359310" lon="-0.0499000">
    <ele>15.4</ele>
    <time>2025-06-16T16:51:25Z</time>
   </trkpt>
   <trkpt lat="51.5359360" lon="-0.0499250">
    <ele>15.4</ele>
    <time>2025-06-16T16:51:26Z</time>
   </trkpt>
   <trkpt lat="51.5359560" lon="-0.0499880">
    <ele>15.5</ele>
    <time>2025-06-16T16:51:27Z</time>
   </trkpt>
   <trkpt lat="51.5359610" lon="-0.0500170">
    <ele>15.5</ele>
    <time>2025-06-16T16:51:28Z</time>
   </trkpt>
   <trkpt lat="51.5359680" lon="-0.0500640">
    <ele>15.5</ele>
    <time>2025-06-16T16:51:29Z</time>
   </trkpt>
   <trkpt lat="51.5359680" lon="-0.0501320">
    <ele>15.5</ele>
    <time>2025-06-16T16:51:30Z</time>
   </trkpt>
   <trkpt lat="51.5359570" lon="-0.0502050">
    <ele>15.5</ele>
    <time>2025-06-16T16:51:31Z</time>
   </trkpt>
   <trkpt lat="51.5359540" lon="-0.0502380">
    <ele>15.5</ele>
    <time>2025-06-16T16:51:32Z</time>
   </trkpt>
   <trkpt lat="51.5359530" lon="-0.0502830">
    <ele>15.6</ele>
    <time>2025-06-16T16:51:33Z</time>
   </trkpt>
   <trkpt lat="51.5359510" lon="-0.0503450">
    <ele>15.6</ele>
    <time>2025-06-16T16:51:34Z</time>
   </trkpt>
   <trkpt lat="51.5359530" lon="-0.0503990">
    <ele>15.6</ele>
    <time>2025-06-16T16:51:35Z</time>
   </trkpt>
   <trkpt lat="51.5359410" lon="-0.0504670">
    <ele>15.6</ele>
    <time>2025-06-16T16:51:36Z</time>
   </trkpt>
   <trkpt lat="51.5359380" lon="-0.0505120">
    <ele>15.6</ele>
    <time>2025-06-16T16:51:37Z</time>
   </trkpt>
   <trkpt lat="51.5359270" lon="-0.0505620">
    <ele>15.6</ele>
    <time>2025-06-16T16:51:38Z</time>
   </trkpt>
   <trkpt lat="51.5359270" lon="-0.0506080">
    <ele>15.7</ele>
    <time>2025-06-16T16:51:39Z</time>
   </trkpt>
   <trkpt lat="51.5359220" lon="-0.0506630">
    <ele>15.7</ele>
    <time>2025-06-16T16:51:40Z</time>
   </trkpt>
   <trkpt lat="51.5359300" lon="-0.0507140">
    <ele>15.7</ele>
    <time>2025-06-16T16:51:41Z</time>
   </trkpt>
   <trkpt lat="51.5359270" lon="-0.0507670">
    <ele>15.7</ele>
    <time>2025-06-16T16:51:42Z</time>
   </trkpt>
   <trkpt lat="51.5359070" lon="-0.0508110">
    <ele>15.7</ele>
    <time>2025-06-16T16:51:43Z</time>
   </trkpt>
   <trkpt lat="51.5359000" lon="-0.0508300">
    <ele>15.7</ele>
    <time>2025-06-16T16:51:44Z</time>
   </trkpt>
   <trkpt lat="51.5358810" lon="-0.0508830">
    <ele>15.8</ele>
    <time>2025-06-16T16:51:45Z</time>
   </trkpt>
   <trkpt lat="51.5358550" lon="-0.0509290">
    <ele>15.8</ele>
    <time>2025-06-16T16:51:46Z</time>
   </trkpt>
   <trkpt lat="51.5358440" lon="-0.0509780">
    <ele>15.8</ele>
    <time>2025-06-16T16:51:47Z</time>
   </trkpt>
   <trkpt lat="51.5358210" lon="-0.0510180">
    <ele>15.8</ele>
    <time>2025-06-16T16:51:48Z</time>
   </trkpt>
   <trkpt lat="51.5357980" lon="-0.0510620">
    <ele>15.8</ele>
    <time>2025-06-16T16:51:49Z</time>
   </trkpt>
   <trkpt lat="51.5357750" lon="-0.0510950">
    <ele>15.8</ele>
    <time>2025-06-16T16:51:50Z</time>
   </trkpt>
   <trkpt lat="51.5357600" lon="-0.0511450">
    <ele>15.8</ele>
    <time>2025-06-16T16:51:51Z</time>
   </trkpt>
   <trkpt lat="51.5357360" lon="-0.0511760">
    <ele>15.8</ele>
    <time>2025-06-16T16:51:52Z</time>
   </trkpt>
   <trkpt lat="51.5357070" lon="-0.0512190">
    <ele>15.8</ele>
    <time>2025-06-16T16:51:53Z</time>
   </trkpt>
   <trkpt lat="51.5356860" lon="-0.0512580">
    <ele>15.8</ele>
    <time>2025-06-16T16:51:54Z</time>
   </trkpt>
   <trkpt lat="51.5356530" lon="-0.0513070">
    <ele>15.7</ele>
    <time>2025-06-16T16:51:55Z</time>
   </trkpt>
   <trkpt lat="51.5356230" lon="-0.0513380">
    <ele>15.7</ele>
    <time>2025-06-16T16:51:56Z</time>
   </trkpt>
   <trkpt lat="51.5356050" lon="-0.0513390">
    <ele>15.7</ele>
    <time>2025-06-16T16:51:57Z</time>
   </trkpt>
   <trkpt lat="51.5355860" lon="-0.0513730">
    <ele>15.7</ele>
    <time>2025-06-16T16:51:58Z</time>
   </trkpt>
   <trkpt lat="51.5355440" lon="-0.0513940">
    <ele>15.7</ele>
    <time>2025-06-16T16:51:59Z</time>
   </trkpt>
   <trkpt lat="51.5355200" lon="-0.0514240">
    <ele>15.7</ele>
    <time>2025-06-16T16:52:00Z</time>
   </trkpt>
   <trkpt lat="51.5354830" lon="-0.0514470">
    <ele>15.6</ele>
    <time>2025-06-16T16:52:01Z</time>
   </trkpt>
   <trkpt lat="51.5354450" lon="-0.0514650">
    <ele>15.6</ele>
    <time>2025-06-16T16:52:02Z</time>
   </trkpt>
   <trkpt lat="51.5354270" lon="-0.0514680">
    <ele>15.6</ele>
    <time>2025-06-16T16:52:03Z</time>
   </trkpt>
   <trkpt lat="51.5353870" lon="-0.0514930">
    <ele>15.6</ele>
    <time>2025-06-16T16:52:04Z</time>
   </trkpt>
   <trkpt lat="51.5353690" lon="-0.0514960">
    <ele>15.7</ele>
    <time>2025-06-16T16:52:05Z</time>
   </trkpt>
   <trkpt lat="51.5353360" lon="-0.0515070">
    <ele>15.7</ele>
    <time>2025-06-16T16:52:06Z</time>
   </trkpt>
   <trkpt lat="51.5352980" lon="-0.0514960">
    <ele>15.7</ele>
    <time>2025-06-16T16:52:07Z</time>
   </trkpt>
   <trkpt lat="51.5352700" lon="-0.0515010">
    <ele>15.7</ele>
    <time>2025-06-16T16:52:08Z</time>
   </trkpt>
   <trkpt lat="51.5352420" lon="-0.0514880">
    <ele>15.7</ele>
    <time>2025-06-16T16:52:09Z</time>
   </trkpt>
   <trkpt lat="51.5352120" lon="-0.0514960">
    <ele>15.7</ele>
    <time>2025-06-16T16:52:10Z</time>
   </trkpt>
   <trkpt lat="51.5351780" lon="-0.0514780">
    <ele>15.7</ele>
    <time>2025-06-16T16:52:11Z</time>
   </trkpt>
   <trkpt lat="51.5351440" lon="-0.0514700">
    <ele>15.7</ele>
    <time>2025-06-16T16:52:12Z</time>
   </trkpt>
   <trkpt lat="51.5351120" lon="-0.0514670">
    <ele>15.7</ele>
    <time>2025-06-16T16:52:13Z</time>
   </trkpt>
   <trkpt lat="51.5350750" lon="-0.0514550">
    <ele>15.7</ele>
    <time>2025-06-16T16:52:14Z</time>
   </trkpt>
   <trkpt lat="51.5350420" lon="-0.0514560">
    <ele>15.7</ele>
    <time>2025-06-16T16:52:15Z</time>
   </trkpt>
   <trkpt lat="51.5350120" lon="-0.0514430">
    <ele>15.8</ele>
    <time>2025-06-16T16:52:16Z</time>
   </trkpt>
   <trkpt lat="51.5349790" lon="-0.0514230">
    <ele>15.8</ele>
    <time>2025-06-16T16:52:17Z</time>
   </trkpt>
   <trkpt lat="51.5349430" lon="-0.0514110">
    <ele>15.8</ele>
    <time>2025-06-16T16:52:18Z</time>
   </trkpt>
   <trkpt lat="51.5349150" lon="-0.0513820">
    <ele>15.8</ele>
    <time>2025-06-16T16:52:19Z</time>
   </trkpt>
   <trkpt lat="51.5348790" lon="-0.0513620">
    <ele>15.7</ele>
    <time>2025-06-16T16:52:20Z</time>
   </trkpt>
   <trkpt lat="51.5348540" lon="-0.0513300">
    <ele>15.7</ele>
    <time>2025-06-16T16:52:21Z</time>
   </trkpt>
   <trkpt lat="51.5348210" lon="-0.0512920">
    <ele>15.7</ele>
    <time>2025-06-16T16:52:22Z</time>
   </trkpt>
   <trkpt lat="51.5348020" lon="-0.0512490">
    <ele>15.7</ele>
    <time>2025-06-16T16:52:23Z</time>
   </trkpt>
   <trkpt lat="51.5347830" lon="-0.0512020">
    <ele>15.7</ele>
    <time>2025-06-16T16:52:24Z</time>
   </trkpt>
   <trkpt lat="51.5347650" lon="-0.0511590">
    <ele>15.7</ele>
    <time>2025-06-16T16:52:25Z</time>
   </trkpt>
   <trkpt lat="51.5347440" lon="-0.0511170">
    <ele>15.7</ele>
    <time>2025-06-16T16:52:26Z</time>
   </trkpt>
   <trkpt lat="51.5347290" lon="-0.0510750">
    <ele>15.7</ele>
    <time>2025-06-16T16:52:28Z</time>
   </trkpt>
   <trkpt lat="51.5347110" lon="-0.0510310">
    <ele>15.7</ele>
    <time>2025-06-16T16:52:29Z</time>
   </trkpt>
   <trkpt lat="51.5346990" lon="-0.0509760">
    <ele>15.7</ele>
    <time>2025-06-16T16:52:30Z</time>
   </trkpt>
   <trkpt lat="51.5346810" lon="-0.0509360">
    <ele>15.7</ele>
    <time>2025-06-16T16:52:31Z</time>
   </trkpt>
   <trkpt lat="51.5346690" lon="-0.0508890">
    <ele>15.7</ele>
    <time>2025-06-16T16:52:32Z</time>
   </trkpt>
   <trkpt lat="51.5346540" lon="-0.0508430">
    <ele>15.7</ele>
    <time>2025-06-16T16:52:33Z</time>
   </trkpt>
   <trkpt lat="51.5346410" lon="-0.0507810">
    <ele>15.7</ele>
    <time>2025-06-16T16:52:34Z</time>
   </trkpt>
   <trkpt lat="51.5346270" lon="-0.0507350">
    <ele>15.7</ele>
    <time>2025-06-16T16:52:35Z</time>
   </trkpt>
   <trkpt lat="51.5346090" lon="-0.0506940">
    <ele>15.7</ele>
    <time>2025-06-16T16:52:36Z</time>
   </trkpt>
   <trkpt lat="51.5345930" lon="-0.0506340">
    <ele>15.7</ele>
    <time>2025-06-16T16:52:37Z</time>
   </trkpt>
   <trkpt lat="51.5345830" lon="-0.0505800">
    <ele>15.7</ele>
    <time>2025-06-16T16:52:38Z</time>
   </trkpt>
   <trkpt lat="51.5345700" lon="-0.0505290">
    <ele>15.7</ele>
    <time>2025-06-16T16:52:39Z</time>
   </trkpt>
   <trkpt lat="51.5345570" lon="-0.0504780">
    <ele>15.7</ele>
    <time>2025-06-16T16:52:40Z</time>
   </trkpt>
   <trkpt lat="51.5345460" lon="-0.0504360">
    <ele>15.7</ele>
    <time>2025-06-16T16:52:41Z</time>
   </trkpt>
   <trkpt lat="51.5345210" lon="-0.0503900">
    <ele>15.7</ele>
    <time>2025-06-16T16:52:42Z</time>
   </trkpt>
   <trkpt lat="51.5344970" lon="-0.0503440">
    <ele>15.7</ele>
    <time>2025-06-16T16:52:43Z</time>
   </trkpt>
   <trkpt lat="51.5344790" lon="-0.0502940">
    <ele>15.8</ele>
    <time>2025-06-16T16:52:44Z</time>
   </trkpt>
   <trkpt lat="51.5344680" lon="-0.0502450">
    <ele>15.8</ele>
    <time>2025-06-16T16:52:45Z</time>
   </trkpt>
   <trkpt lat="51.5344530" lon="-0.0501970">
    <ele>15.8</ele>
    <time>2025-06-16T16:52:46Z</time>
   </trkpt>
   <trkpt lat="51.5344420" lon="-0.0501530">
    <ele>15.7</ele>
    <time>2025-06-16T16:52:47Z</time>
   </trkpt>
   <trkpt lat="51.5344230" lon="-0.0501050">
    <ele>15.7</ele>
    <time>2025-06-16T16:52:48Z</time>
   </trkpt>
   <trkpt lat="51.5344090" lon="-0.0500550">
    <ele>15.7</ele>
    <time>2025-06-16T16:52:49Z</time>
   </trkpt>
   <trkpt lat="51.5343810" lon="-0.0500190">
    <ele>15.7</ele>
    <time>2025-06-16T16:52:50Z</time>
   </trkpt>
   <trkpt lat="51.5343730" lon="-0.0499630">
    <ele>15.7</ele>
    <time>2025-06-16T16:52:51Z</time>
   </trkpt>
   <trkpt lat="51.5343670" lon="-0.0499040">
    <ele>15.7</ele>
    <time>2025-06-16T16:52:52Z</time>
   </trkpt>
   <trkpt lat="51.5343480" lon="-0.0498610">
    <ele>15.7</ele>
    <time>2025-06-16T16:52:53Z</time>
   </trkpt>
   <trkpt lat="51.5343300" lon="-0.0498180">
    <ele>15.7</ele>
    <time>2025-06-16T16:52:54Z</time>
   </trkpt>
   <trkpt lat="51.5343100" lon="-0.0497750">
    <ele>15.8</ele>
    <time>2025-06-16T16:52:55Z</time>
   </trkpt>
   <trkpt lat="51.5342970" lon="-0.0497280">
    <ele>15.8</ele>
    <time>2025-06-16T16:52:56Z</time>
   </trkpt>
   <trkpt lat="51.5342810" lon="-0.0496860">
    <ele>15.8</ele>
    <time>2025-06-16T16:52:57Z</time>
   </trkpt>
   <trkpt lat="51.5342660" lon="-0.0496500">
    <ele>15.8</ele>
    <time>2025-06-16T16:52:58Z</time>
   </trkpt>
   <trkpt lat="51.5342490" lon="-0.0495930">
    <ele>15.8</ele>
    <time>2025-06-16T16:52:59Z</time>
   </trkpt>
   <trkpt lat="51.5342280" lon="-0.0495460">
    <ele>15.9</ele>
    <time>2025-06-16T16:53:00Z</time>
   </trkpt>
   <trkpt lat="51.5342110" lon="-0.0495030">
    <ele>15.9</ele>
    <time>2025-06-16T16:53:01Z</time>
   </trkpt>
   <trkpt lat="51.5341980" lon="-0.0494610">
    <ele>15.9</ele>
    <time>2025-06-16T16:53:02Z</time>
   </trkpt>
   <trkpt lat="51.5341810" lon="-0.0494160">
    <ele>16.0</ele>
    <time>2025-06-16T16:53:03Z</time>
   </trkpt>
   <trkpt lat="51.5341660" lon="-0.0493700">
    <ele>16.0</ele>
    <time>2025-06-16T16:53:04Z</time>
   </trkpt>
   <trkpt lat="51.5341480" lon="-0.0493260">
    <ele>16.1</ele>
    <time>2025-06-16T16:53:05Z</time>
   </trkpt>
   <trkpt lat="51.5341280" lon="-0.0492740">
    <ele>16.1</ele>
    <time>2025-06-16T16:53:06Z</time>
   </trkpt>
   <trkpt lat="51.5341090" lon="-0.0492260">
    <ele>16.2</ele>
    <time>2025-06-16T16:53:07Z</time>
   </trkpt>
   <trkpt lat="51.5341020" lon="-0.0491800">
    <ele>16.2</ele>
    <time>2025-06-16T16:53:08Z</time>
   </trkpt>
   <trkpt lat="51.5340800" lon="-0.0490970">
    <ele>16.3</ele>
    <time>2025-06-16T16:53:09Z</time>
   </trkpt>
   <trkpt lat="51.5340590" lon="-0.0490620">
    <ele>16.4</ele>
    <time>2025-06-16T16:53:10Z</time>
   </trkpt>
   <trkpt lat="51.5340470" lon="-0.0490160">
    <ele>16.4</ele>
    <time>2025-06-16T16:53:11Z</time>
   </trkpt>
   <trkpt lat="51.5340390" lon="-0.0489550">
    <ele>16.5</ele>
    <time>2025-06-16T16:53:12Z</time>
   </trkpt>
   <trkpt lat="51.5340210" lon="-0.0489050">
    <ele>16.5</ele>
    <time>2025-06-16T16:53:13Z</time>
   </trkpt>
   <trkpt lat="51.5340150" lon="-0.0488610">
    <ele>16.5</ele>
    <time>2025-06-16T16:53:14Z</time>
   </trkpt>
   <trkpt lat="51.5340080" lon="-0.0488050">
    <ele>16.6</ele>
    <time>2025-06-16T16:53:15Z</time>
   </trkpt>
   <trkpt lat="51.5339890" lon="-0.0487510">
    <ele>16.6</ele>
    <time>2025-06-16T16:53:16Z</time>
   </trkpt>
   <trkpt lat="51.5339770" lon="-0.0486960">
    <ele>16.6</ele>
    <time>2025-06-16T16:53:17Z</time>
   </trkpt>
   <trkpt lat="51.5339600" lon="-0.0486430">
    <ele>16.5</ele>
    <time>2025-06-16T16:53:18Z</time>
   </trkpt>
   <trkpt lat="51.5339360" lon="-0.0486020">
    <ele>16.5</ele>
    <time>2025-06-16T16:53:19Z</time>
   </trkpt>
   <trkpt lat="51.5339190" lon="-0.0485660">
    <ele>16.4</ele>
    <time>2025-06-16T16:53:20Z</time>
   </trkpt>
   <trkpt lat="51.5338980" lon="-0.0485080">
    <ele>16.3</ele>
    <time>2025-06-16T16:53:21Z</time>
   </trkpt>
   <trkpt lat="51.5338840" lon="-0.0484590">
    <ele>16.2</ele>
    <time>2025-06-16T16:53:22Z</time>
   </trkpt>
   <trkpt lat="51.5338620" lon="-0.0484080">
    <ele>16.1</ele>
    <time>2025-06-16T16:53:23Z</time>
   </trkpt>
   <trkpt lat="51.5338400" lon="-0.0483560">
    <ele>16.0</ele>
    <time>2025-06-16T16:53:24Z</time>
   </trkpt>
   <trkpt lat="51.5338220" lon="-0.0483130">
    <ele>15.9</ele>
    <time>2025-06-16T16:53:25Z</time>
   </trkpt>
   <trkpt lat="51.5338070" lon="-0.0482550">
    <ele>15.8</ele>
    <time>2025-06-16T16:53:26Z</time>
   </trkpt>
   <trkpt lat="51.5337860" lon="-0.0482040">
    <ele>15.7</ele>
    <time>2025-06-16T16:53:27Z</time>
   </trkpt>
   <trkpt lat="51.5337740" lon="-0.0481510">
    <ele>15.6</ele>
    <time>2025-06-16T16:53:28Z</time>
   </trkpt>
   <trkpt lat="51.5337550" lon="-0.0481070">
    <ele>15.5</ele>
    <time>2025-06-16T16:53:29Z</time>
   </trkpt>
   <trkpt lat="51.5337420" lon="-0.0480570">
    <ele>15.4</ele>
    <time>2025-06-16T16:53:30Z</time>
   </trkpt>
   <trkpt lat="51.5337310" lon="-0.0480000">
    <ele>15.3</ele>
    <time>2025-06-16T16:53:31Z</time>
   </trkpt>
   <trkpt lat="51.5337220" lon="-0.0479520">
    <ele>15.3</ele>
    <time>2025-06-16T16:53:32Z</time>
   </trkpt>
   <trkpt lat="51.5337050" lon="-0.0479000">
    <ele>15.2</ele>
    <time>2025-06-16T16:53:33Z</time>
   </trkpt>
   <trkpt lat="51.5336880" lon="-0.0478500">
    <ele>15.1</ele>
    <time>2025-06-16T16:53:34Z</time>
   </trkpt>
   <trkpt lat="51.5336710" lon="-0.0478000">
    <ele>15.0</ele>
    <time>2025-06-16T16:53:35Z</time>
   </trkpt>
   <trkpt lat="51.5336450" lon="-0.0477600">
    <ele>14.9</ele>
    <time>2025-06-16T16:53:36Z</time>
   </trkpt>
   <trkpt lat="51.5336240" lon="-0.0477110">
    <ele>14.8</ele>
    <time>2025-06-16T16:53:37Z</time>
   </trkpt>
   <trkpt lat="51.5336100" lon="-0.0476530">
    <ele>14.8</ele>
    <time>2025-06-16T16:53:38Z</time>
   </trkpt>
   <trkpt lat="51.5336030" lon="-0.0475910">
    <ele>14.7</ele>
    <time>2025-06-16T16:53:39Z</time>
   </trkpt>
   <trkpt lat="51.5335930" lon="-0.0475420">
    <ele>14.6</ele>
    <time>2025-06-16T16:53:40Z</time>
   </trkpt>
   <trkpt lat="51.5335790" lon="-0.0475010">
    <ele>14.6</ele>
    <time>2025-06-16T16:53:41Z</time>
   </trkpt>
   <trkpt lat="51.5335650" lon="-0.0474520">
    <ele>14.5</ele>
    <time>2025-06-16T16:53:42Z</time>
   </trkpt>
   <trkpt lat="51.5335560" lon="-0.0474020">
    <ele>14.4</ele>
    <time>2025-06-16T16:53:43Z</time>
   </trkpt>
   <trkpt lat="51.5335390" lon="-0.0473530">
    <ele>14.4</ele>
    <time>2025-06-16T16:53:44Z</time>
   </trkpt>
   <trkpt lat="51.5335160" lon="-0.0473030">
    <ele>14.3</ele>
    <time>2025-06-16T16:53:45Z</time>
   </trkpt>
   <trkpt lat="51.5334990" lon="-0.0472670">
    <ele>14.3</ele>
    <time>2025-06-16T16:53:46Z</time>
   </trkpt>
   <trkpt lat="51.5334850" lon="-0.0472180">
    <ele>14.2</ele>
    <time>2025-06-16T16:53:47Z</time>
   </trkpt>
   <trkpt lat="51.5334630" lon="-0.0471810">
    <ele>14.1</ele>
    <time>2025-06-16T16:53:48Z</time>
   </trkpt>
   <trkpt lat="51.5334530" lon="-0.0471370">
    <ele>14.1</ele>
    <time>2025-06-16T16:53:49Z</time>
   </trkpt>
   <trkpt lat="51.5334340" lon="-0.0470970">
    <ele>14.1</ele>
    <time>2025-06-16T16:53:50Z</time>
   </trkpt>
   <trkpt lat="51.5334220" lon="-0.0470540">
    <ele>14.0</ele>
    <time>2025-06-16T16:53:51Z</time>
   </trkpt>
   <trkpt lat="51.5334080" lon="-0.0470170">
    <ele>14.0</ele>
    <time>2025-06-16T16:53:52Z</time>
   </trkpt>
   <trkpt lat="51.5333900" lon="-0.0469700">
    <ele>14.0</ele>
    <time>2025-06-16T16:53:53Z</time>
   </trkpt>
   <trkpt lat="51.5333780" lon="-0.0469300">
    <ele>14.0</ele>
    <time>2025-06-16T16:53:54Z</time>
   </trkpt>
   <trkpt lat="51.5333600" lon="-0.0468820">
    <ele>13.9</ele>
    <time>2025-06-16T16:53:55Z</time>
   </trkpt>
   <trkpt lat="51.5333480" lon="-0.0468400">
    <ele>13.9</ele>
    <time>2025-06-16T16:53:56Z</time>
   </trkpt>
   <trkpt lat="51.5333290" lon="-0.0467890">
    <ele>13.9</ele>
    <time>2025-06-16T16:53:57Z</time>
   </trkpt>
   <trkpt lat="51.5333160" lon="-0.0467370">
    <ele>13.8</ele>
    <time>2025-06-16T16:53:58Z</time>
   </trkpt>
   <trkpt lat="51.5333070" lon="-0.0466930">
    <ele>13.8</ele>
    <time>2025-06-16T16:53:59Z</time>
   </trkpt>
   <trkpt lat="51.5332890" lon="-0.0466540">
    <ele>13.8</ele>
    <time>2025-06-16T16:54:00Z</time>
   </trkpt>
   <trkpt lat="51.5332640" lon="-0.0465890">
    <ele>13.7</ele>
    <time>2025-06-16T16:54:01Z</time>
   </trkpt>
   <trkpt lat="51.5332550" lon="-0.0465570">
    <ele>13.7</ele>
    <time>2025-06-16T16:54:02Z</time>
   </trkpt>
   <trkpt lat="51.5332340" lon="-0.0465300">
    <ele>13.7</ele>
    <time>2025-06-16T16:54:03Z</time>
   </trkpt>
   <trkpt lat="51.5332160" lon="-0.0464890">
    <ele>13.6</ele>
    <time>2025-06-16T16:54:04Z</time>
   </trkpt>
   <trkpt lat="51.5332040" lon="-0.0464390">
    <ele>13.6</ele>
    <time>2025-06-16T16:54:05Z</time>
   </trkpt>
   <trkpt lat="51.5331810" lon="-0.0463810">
    <ele>13.6</ele>
    <time>2025-06-16T16:54:06Z</time>
   </trkpt>
   <trkpt lat="51.5331740" lon="-0.0463580">
    <ele>13.5</ele>
    <time>2025-06-16T16:54:07Z</time>
   </trkpt>
   <trkpt lat="51.5331580" lon="-0.0463120">
    <ele>13.5</ele>
    <time>2025-06-16T16:54:08Z</time>
   </trkpt>
   <trkpt lat="51.5331490" lon="-0.0462570">
    <ele>13.5</ele>
    <time>2025-06-16T16:54:09Z</time>
   </trkpt>
   <trkpt lat="51.5331280" lon="-0.0462190">
    <ele>13.5</ele>
    <time>2025-06-16T16:54:10Z</time>
   </trkpt>
   <trkpt lat="51.5331080" lon="-0.0461640">
    <ele>13.4</ele>
    <time>2025-06-16T16:54:11Z</time>
   </trkpt>
   <trkpt lat="51.5330990" lon="-0.0461150">
    <ele>13.4</ele>
    <time>2025-06-16T16:54:12Z</time>
   </trkpt>
   <trkpt lat="51.5330860" lon="-0.0460720">
    <ele>13.4</ele>
    <time>2025-06-16T16:54:13Z</time>
   </trkpt>
   <trkpt lat="51.5330690" lon="-0.0460200">
    <ele>13.3</ele>
    <time>2025-06-16T16:54:14Z</time>
   </trkpt>
   <trkpt lat="51.5330510" lon="-0.0459780">
    <ele>13.3</ele>
    <time>2025-06-16T16:54:15Z</time>
   </trkpt>
   <trkpt lat="51.5330320" lon="-0.0459300">
    <ele>13.3</ele>
    <time>2025-06-16T16:54:16Z</time>
   </trkpt>
   <trkpt lat="51.5330090" lon="-0.0458920">
    <ele>13.3</ele>
    <time>2025-06-16T16:54:17Z</time>
   </trkpt>
   <trkpt lat="51.5329910" lon="-0.0458490">
    <ele>13.2</ele>
    <time>2025-06-16T16:54:18Z</time>
   </trkpt>
   <trkpt lat="51.5329730" lon="-0.0458020">
    <ele>13.2</ele>
    <time>2025-06-16T16:54:19Z</time>
   </trkpt>
   <trkpt lat="51.5329580" lon="-0.0457580">
    <ele>13.2</ele>
    <time>2025-06-16T16:54:20Z</time>
   </trkpt>
   <trkpt lat="51.5329460" lon="-0.0457120">
    <ele>13.1</ele>
    <time>2025-06-16T16:54:21Z</time>
   </trkpt>
   <trkpt lat="51.5329320" lon="-0.0456630">
    <ele>13.1</ele>
    <time>2025-06-16T16:54:22Z</time>
   </trkpt>
   <trkpt lat="51.5329150" lon="-0.0456100">
    <ele>13.0</ele>
    <time>2025-06-16T16:54:23Z</time>
   </trkpt>
   <trkpt lat="51.5328960" lon="-0.0455580">
    <ele>13.0</ele>
    <time>2025-06-16T16:54:24Z</time>
   </trkpt>
   <trkpt lat="51.5328750" lon="-0.0455170">
    <ele>13.0</ele>
    <time>2025-06-16T16:54:25Z</time>
   </trkpt>
   <trkpt lat="51.5328640" lon="-0.0454560">
    <ele>12.9</ele>
    <time>2025-06-16T16:54:26Z</time>
   </trkpt>
   <trkpt lat="51.5328490" lon="-0.0454120">
    <ele>12.9</ele>
    <time>2025-06-16T16:54:27Z</time>
   </trkpt>
   <trkpt lat="51.5328340" lon="-0.0453650">
    <ele>12.8</ele>
    <time>2025-06-16T16:54:28Z</time>
   </trkpt>
   <trkpt lat="51.5328220" lon="-0.0453180">
    <ele>12.8</ele>
    <time>2025-06-16T16:54:29Z</time>
   </trkpt>
   <trkpt lat="51.5328070" lon="-0.0452660">
    <ele>12.8</ele>
    <time>2025-06-16T16:54:30Z</time>
   </trkpt>
   <trkpt lat="51.5327940" lon="-0.0452240">
    <ele>12.8</ele>
    <time>2025-06-16T16:54:31Z</time>
   </trkpt>
   <trkpt lat="51.5327840" lon="-0.0451790">
    <ele>12.7</ele>
    <time>2025-06-16T16:54:32Z</time>
   </trkpt>
   <trkpt lat="51.5327720" lon="-0.0451320">
    <ele>12.7</ele>
    <time>2025-06-16T16:54:34Z</time>
   </trkpt>
   <trkpt lat="51.5327490" lon="-0.0450970">
    <ele>12.7</ele>
    <time>2025-06-16T16:54:35Z</time>
   </trkpt>
   <trkpt lat="51.5327310" lon="-0.0450550">
    <ele>12.7</ele>
    <time>2025-06-16T16:54:36Z</time>
   </trkpt>
   <trkpt lat="51.5327130" lon="-0.0450090">
    <ele>12.6</ele>
    <time>2025-06-16T16:54:37Z</time>
   </trkpt>
   <trkpt lat="51.5326980" lon="-0.0449620">
    <ele>12.6</ele>
    <time>2025-06-16T16:54:38Z</time>
   </trkpt>
   <trkpt lat="51.5326910" lon="-0.0449070">
    <ele>12.6</ele>
    <time>2025-06-16T16:54:39Z</time>
   </trkpt>
   <trkpt lat="51.5326820" lon="-0.0448560">
    <ele>12.5</ele>
    <time>2025-06-16T16:54:40Z</time>
   </trkpt>
   <trkpt lat="51.5326780" lon="-0.0448030">
    <ele>12.5</ele>
    <time>2025-06-16T16:54:41Z</time>
   </trkpt>
   <trkpt lat="51.5326770" lon="-0.0447580">
    <ele>12.5</ele>
    <time>2025-06-16T16:54:42Z</time>
   </trkpt>
   <trkpt lat="51.5326780" lon="-0.0447050">
    <ele>12.4</ele>
    <time>2025-06-16T16:54:43Z</time>
   </trkpt>
   <trkpt lat="51.5326760" lon="-0.0446510">
    <ele>12.4</ele>
    <time>2025-06-16T16:54:44Z</time>
   </trkpt>
   <trkpt lat="51.5326780" lon="-0.0445730">
    <ele>12.4</ele>
    <time>2025-06-16T16:54:45Z</time>
   </trkpt>
   <trkpt lat="51.5326790" lon="-0.0445190">
    <ele>12.4</ele>
    <time>2025-06-16T16:54:46Z</time>
   </trkpt>
   <trkpt lat="51.5326830" lon="-0.0444620">
    <ele>12.4</ele>
    <time>2025-06-16T16:54:47Z</time>
   </trkpt>
   <trkpt lat="51.5326750" lon="-0.0444170">
    <ele>12.4</ele>
    <time>2025-06-16T16:54:48Z</time>
   </trkpt>
   <trkpt lat="51.5326840" lon="-0.0443640">
    <ele>12.4</ele>
    <time>2025-06-16T16:54:49Z</time>
   </trkpt>
   <trkpt lat="51.5326860" lon="-0.0443170">
    <ele>12.3</ele>
    <time>2025-06-16T16:54:50Z</time>
   </trkpt>
   <trkpt lat="51.5326910" lon="-0.0442580">
    <ele>12.3</ele>
    <time>2025-06-16T16:54:51Z</time>
   </trkpt>
   <trkpt lat="51.5326940" lon="-0.0442080">
    <ele>12.3</ele>
    <time>2025-06-16T16:54:52Z</time>
   </trkpt>
   <trkpt lat="51.5327030" lon="-0.0441540">
    <ele>12.3</ele>
    <time>2025-06-16T16:54:53Z</time>
   </trkpt>
   <trkpt lat="51.5327030" lon="-0.0440990">
    <ele>12.3</ele>
    <time>2025-06-16T16:54:54Z</time>
   </trkpt>
   <trkpt lat="51.5327210" lon="-0.0440490">
    <ele>12.4</ele>
    <time>2025-06-16T16:54:55Z</time>
   </trkpt>
   <trkpt lat="51.5327340" lon="-0.0440040">
    <ele>12.4</ele>
    <time>2025-06-16T16:54:56Z</time>
   </trkpt>
   <trkpt lat="51.5327510" lon="-0.0439570">
    <ele>12.4</ele>
    <time>2025-06-16T16:54:57Z</time>
   </trkpt>
   <trkpt lat="51.5327640" lon="-0.0439140">
    <ele>12.4</ele>
    <time>2025-06-16T16:54:58Z</time>
   </trkpt>
   <trkpt lat="51.5327810" lon="-0.0438550">
    <ele>12.4</ele>
    <time>2025-06-16T16:54:59Z</time>
   </trkpt>
   <trkpt lat="51.5327900" lon="-0.0438130">
    <ele>12.4</ele>
    <time>2025-06-16T16:55:00Z</time>
   </trkpt>
   <trkpt lat="51.5328110" lon="-0.0437700">
    <ele>12.4</ele>
    <time>2025-06-16T16:55:01Z</time>
   </trkpt>
   <trkpt lat="51.5328230" lon="-0.0437270">
    <ele>12.4</ele>
    <time>2025-06-16T16:55:02Z</time>
   </trkpt>
   <trkpt lat="51.5328350" lon="-0.0436760">
    <ele>12.5</ele>
    <time>2025-06-16T16:55:03Z</time>
   </trkpt>
   <trkpt lat="51.5328450" lon="-0.0436360">
    <ele>12.5</ele>
    <time>2025-06-16T16:55:04Z</time>
   </trkpt>
   <trkpt lat="51.5328550" lon="-0.0435810">
    <ele>12.5</ele>
    <time>2025-06-16T16:55:05Z</time>
   </trkpt>
   <trkpt lat="51.5328650" lon="-0.0435320">
    <ele>12.5</ele>
    <time>2025-06-16T16:55:06Z</time>
   </trkpt>
   <trkpt lat="51.5328800" lon="-0.0434860">
    <ele>12.5</ele>
    <time>2025-06-16T16:55:07Z</time>
   </trkpt>
   <trkpt lat="51.5328940" lon="-0.0434400">
    <ele>12.5</ele>
    <time>2025-06-16T16:55:08Z</time>
   </trkpt>
   <trkpt lat="51.5329110" lon="-0.0433950">
    <ele>12.5</ele>
    <time>2025-06-16T16:55:09Z</time>
   </trkpt>
   <trkpt lat="51.5329310" lon="-0.0433610">
    <ele>12.5</ele>
    <time>2025-06-16T16:55:10Z</time>
   </trkpt>
   <trkpt lat="51.5329530" lon="-0.0433160">
    <ele>12.5</ele>
    <time>2025-06-16T16:55:11Z</time>
   </trkpt>
   <trkpt lat="51.5329720" lon="-0.0432750">
    <ele>12.5</ele>
    <time>2025-06-16T16:55:12Z</time>
   </trkpt>
   <trkpt lat="51.5329950" lon="-0.0432360">
    <ele>12.5</ele>
    <time>2025-06-16T16:55:13Z</time>
   </trkpt>
   <trkpt lat="51.5330150" lon="-0.0431980">
    <ele>12.5</ele>
    <time>2025-06-16T16:55:14Z</time>
   </trkpt>
   <trkpt lat="51.5330260" lon="-0.0431420">
    <ele>12.5</ele>
    <time>2025-06-16T16:55:15Z</time>
   </trkpt>
   <trkpt lat="51.5330380" lon="-0.0430950">
    <ele>12.5</ele>
    <time>2025-06-16T16:55:16Z</time>
   </trkpt>
   <trkpt lat="51.5330550" lon="-0.0430410">
    <ele>12.5</ele>
    <time>2025-06-16T16:55:17Z</time>
   </trkpt>
   <trkpt lat="51.5330730" lon="-0.0430030">
    <ele>12.5</ele>
    <time>2025-06-16T16:55:18Z</time>
   </trkpt>
   <trkpt lat="51.5330980" lon="-0.0429620">
    <ele>12.5</ele>
    <time>2025-06-16T16:55:19Z</time>
   </trkpt>
   <trkpt lat="51.5331100" lon="-0.0429190">
    <ele>12.6</ele>
    <time>2025-06-16T16:55:20Z</time>
   </trkpt>
   <trkpt lat="51.5331390" lon="-0.0428260">
    <ele>12.6</ele>
    <time>2025-06-16T16:55:21Z</time>
   </trkpt>
   <trkpt lat="51.5331570" lon="-0.0427790">
    <ele>12.6</ele>
    <time>2025-06-16T16:55:22Z</time>
   </trkpt>
   <trkpt lat="51.5331720" lon="-0.0427330">
    <ele>12.6</ele>
    <time>2025-06-16T16:55:23Z</time>
   </trkpt>
   <trkpt lat="51.5331950" lon="-0.0426840">
    <ele>12.6</ele>
    <time>2025-06-16T16:55:24Z</time>
   </trkpt>
   <trkpt lat="51.5332100" lon="-0.0426380">
    <ele>12.7</ele>
    <time>2025-06-16T16:55:25Z</time>
   </trkpt>
   <trkpt lat="51.5332250" lon="-0.0425930">
    <ele>12.7</ele>
    <time>2025-06-16T16:55:26Z</time>
   </trkpt>
   <trkpt lat="51.5332390" lon="-0.0425510">
    <ele>12.7</ele>
    <time>2025-06-16T16:55:27Z</time>
   </trkpt>
   <trkpt lat="51.5332640" lon="-0.0425120">
    <ele>12.8</ele>
    <time>2025-06-16T16:55:28Z</time>
   </trkpt>
   <trkpt lat="51.5332790" lon="-0.0424700">
    <ele>12.8</ele>
    <time>2025-06-16T16:55:29Z</time>
   </trkpt>
   <trkpt lat="51.5333010" lon="-0.0424260">
    <ele>12.8</ele>
    <time>2025-06-16T16:55:30Z</time>
   </trkpt>
   <trkpt lat="51.5333110" lon="-0.0423790">
    <ele>12.9</ele>
    <time>2025-06-16T16:55:31Z</time>
   </trkpt>
   <trkpt lat="51.5333310" lon="-0.0423340">
    <ele>12.9</ele>
    <time>2025-06-16T16:55:32Z</time>
   </trkpt>
   <trkpt lat="51.5333550" lon="-0.0422970">
    <ele>12.9</ele>
    <time>2025-06-16T16:55:33Z</time>
   </trkpt>
   <trkpt lat="51.5333870" lon="-0.0422630">
    <ele>12.9</ele>
    <time>2025-06-16T16:55:34Z</time>
   </trkpt>
   <trkpt lat="51.5334120" lon="-0.0422370">
    <ele>12.9</ele>
    <time>2025-06-16T16:55:35Z</time>
   </trkpt>
   <trkpt lat="51.5334500" lon="-0.0422270">
    <ele>12.9</ele>
    <time>2025-06-16T16:55:36Z</time>
   </trkpt>
   <trkpt lat="51.5334920" lon="-0.0422240">
    <ele>12.9</ele>
    <time>2025-06-16T16:55:37Z</time>
   </trkpt>
   <trkpt lat="51.5335320" lon="-0.0422270">
    <ele>12.8</ele>
    <time>2025-06-16T16:55:38Z</time>
   </trkpt>
   <trkpt lat="51.5335710" lon="-0.0422420">
    <ele>12.8</ele>
    <time>2025-06-16T16:55:39Z</time>
   </trkpt>
   <trkpt lat="51.5336020" lon="-0.0422510">
    <ele>12.8</ele>
    <time>2025-06-16T16:55:40Z</time>
   </trkpt>
   <trkpt lat="51.5336360" lon="-0.0422470">
    <ele>12.7</ele>
    <time>2025-06-16T16:55:41Z</time>
   </trkpt>
   <trkpt lat="51.5336730" lon="-0.0422530">
    <ele>12.7</ele>
    <time>2025-06-16T16:55:42Z</time>
   </trkpt>
   <trkpt lat="51.5337010" lon="-0.0422430">
    <ele>12.7</ele>
    <time>2025-06-16T16:55:43Z</time>
   </trkpt>
   <trkpt lat="51.5337310" lon="-0.0422330">
    <ele>12.7</ele>
    <time>2025-06-16T16:55:44Z</time>
   </trkpt>
   <trkpt lat="51.5337620" lon="-0.0422340">
    <ele>12.7</ele>
    <time>2025-06-16T16:55:45Z</time>
   </trkpt>
   <trkpt lat="51.5337920" lon="-0.0422440">
    <ele>12.7</ele>
    <time>2025-06-16T16:55:46Z</time>
   </trkpt>
   <trkpt lat="51.5338220" lon="-0.0422550">
    <ele>12.7</ele>
    <time>2025-06-16T16:55:47Z</time>
   </trkpt>
   <trkpt lat="51.5338530" lon="-0.0422700">
    <ele>12.7</ele>
    <time>2025-06-16T16:55:48Z</time>
   </trkpt>
   <trkpt lat="51.5338840" lon="-0.0423030">
    <ele>12.7</ele>
    <time>2025-06-16T16:55:49Z</time>
   </trkpt>
   <trkpt lat="51.5339120" lon="-0.0423000">
    <ele>12.8</ele>
    <time>2025-06-16T16:55:50Z</time>
   </trkpt>
   <trkpt lat="51.5339360" lon="-0.0422700">
    <ele>12.9</ele>
    <time>2025-06-16T16:55:51Z</time>
   </trkpt>
   <trkpt lat="51.5339510" lon="-0.0422180">
    <ele>12.9</ele>
    <time>2025-06-16T16:55:52Z</time>
   </trkpt>
   <trkpt lat="51.5339650" lon="-0.0421780">
    <ele>13.0</ele>
    <time>2025-06-16T16:55:53Z</time>
   </trkpt>
   <trkpt lat="51.5339940" lon="-0.0421430">
    <ele>13.1</ele>
    <time>2025-06-16T16:55:54Z</time>
   </trkpt>
   <trkpt lat="51.5340070" lon="-0.0421370">
    <ele>13.1</ele>
    <time>2025-06-16T16:55:55Z</time>
   </trkpt>
   <trkpt lat="51.5340260" lon="-0.0420930">
    <ele>13.1</ele>
    <time>2025-06-16T16:55:56Z</time>
   </trkpt>
   <trkpt lat="51.5340380" lon="-0.0420380">
    <ele>13.2</ele>
    <time>2025-06-16T16:55:57Z</time>
   </trkpt>
   <trkpt lat="51.5340370" lon="-0.0420180">
    <ele>13.2</ele>
    <time>2025-06-16T16:55:58Z</time>
   </trkpt>
   <trkpt lat="51.5340450" lon="-0.0419510">
    <ele>13.3</ele>
    <time>2025-06-16T16:55:59Z</time>
   </trkpt>
   <trkpt lat="51.5340520" lon="-0.0419270">
    <ele>13.3</ele>
    <time>2025-06-16T16:56:00Z</time>
   </trkpt>
   <trkpt lat="51.5340630" lon="-0.0418770">
    <ele>13.3</ele>
    <time>2025-06-16T16:56:01Z</time>
   </trkpt>
   <trkpt lat="51.5340580" lon="-0.0418270">
    <ele>13.3</ele>
    <time>2025-06-16T16:56:02Z</time>
   </trkpt>
   <trkpt lat="51.5340590" lon="-0.0417790">
    <ele>13.3</ele>
    <time>2025-06-16T16:56:03Z</time>
   </trkpt>
   <trkpt lat="51.5340550" lon="-0.0417310">
    <ele>13.3</ele>
    <time>2025-06-16T16:56:04Z</time>
   </trkpt>
   <trkpt lat="51.5340440" lon="-0.0416840">
    <ele>13.2</ele>
    <time>2025-06-16T16:56:05Z</time>
   </trkpt>
   <trkpt lat="51.5340390" lon="-0.0416310">
    <ele>13.2</ele>
    <time>2025-06-16T16:56:06Z</time>
   </trkpt>
   <trkpt lat="51.5340300" lon="-0.0415890">
    <ele>13.2</ele>
    <time>2025-06-16T16:56:07Z</time>
   </trkpt>
   <trkpt lat="51.5340240" lon="-0.0415410">
    <ele>13.2</ele>
    <time>2025-06-16T16:56:08Z</time>
   </trkpt>
   <trkpt lat="51.5340210" lon="-0.0414820">
    <ele>13.2</ele>
    <time>2025-06-16T16:56:09Z</time>
   </trkpt>
   <trkpt lat="51.5340120" lon="-0.0414190">
    <ele>13.3</ele>
    <time>2025-06-16T16:56:10Z</time>
   </trkpt>
   <trkpt lat="51.5340000" lon="-0.0413700">
    <ele>13.3</ele>
    <time>2025-06-16T16:56:11Z</time>
   </trkpt>
   <trkpt lat="51.5339790" lon="-0.0413300">
    <ele>13.3</ele>
    <time>2025-06-16T16:56:12Z</time>
   </trkpt>
   <trkpt lat="51.5339720" lon="-0.0412780">
    <ele>13.3</ele>
    <time>2025-06-16T16:56:13Z</time>
   </trkpt>
   <trkpt lat="51.5339620" lon="-0.0412150">
    <ele>13.3</ele>
    <time>2025-06-16T16:56:14Z</time>
   </trkpt>
   <trkpt lat="51.5339550" lon="-0.0411950">
    <ele>13.3</ele>
    <time>2025-06-16T16:56:15Z</time>
   </trkpt>
   <trkpt lat="51.5339390" lon="-0.0411530">
    <ele>13.3</ele>
    <time>2025-06-16T16:56:16Z</time>
   </trkpt>
   <trkpt lat="51.5339210" lon="-0.0411140">
    <ele>13.3</ele>
    <time>2025-06-16T16:56:17Z</time>
   </trkpt>
   <trkpt lat="51.5339020" lon="-0.0410780">
    <ele>13.3</ele>
    <time>2025-06-16T16:56:18Z</time>
   </trkpt>
   <trkpt lat="51.5338960" lon="-0.0410330">
    <ele>13.3</ele>
    <time>2025-06-16T16:56:19Z</time>
   </trkpt>
   <trkpt lat="51.5338830" lon="-0.0409920">
    <ele>13.3</ele>
    <time>2025-06-16T16:56:20Z</time>
   </trkpt>
   <trkpt lat="51.5338800" lon="-0.0409330">
    <ele>13.3</ele>
    <time>2025-06-16T16:56:21Z</time>
   </trkpt>
   <trkpt lat="51.5338910" lon="-0.0408560">
    <ele>13.3</ele>
    <time>2025-06-16T16:56:22Z</time>
   </trkpt>
   <trkpt lat="51.5339010" lon="-0.0408200">
    <ele>13.3</ele>
    <time>2025-06-16T16:56:23Z</time>
   </trkpt>
   <trkpt lat="51.5339180" lon="-0.0407730">
    <ele>13.3</ele>
    <time>2025-06-16T16:56:24Z</time>
   </trkpt>
   <trkpt lat="51.5339300" lon="-0.0407180">
    <ele>13.2</ele>
    <time>2025-06-16T16:56:25Z</time>
   </trkpt>
   <trkpt lat="51.5339320" lon="-0.0406580">
    <ele>13.2</ele>
    <time>2025-06-16T16:56:26Z</time>
   </trkpt>
   <trkpt lat="51.5339370" lon="-0.0405940">
    <ele>13.2</ele>
    <time>2025-06-16T16:56:27Z</time>
   </trkpt>
   <trkpt lat="51.5339380" lon="-0.0405440">
    <ele>13.2</ele>
    <time>2025-06-16T16:56:28Z</time>
   </trkpt>
   <trkpt lat="51.5339430" lon="-0.0404920">
    <ele>13.2</ele>
    <time>2025-06-16T16:56:29Z</time>
   </trkpt>
   <trkpt lat="51.5339610" lon="-0.0404290">
    <ele>13.2</ele>
    <time>2025-06-16T16:56:30Z</time>
   </trkpt>
   <trkpt lat="51.5339660" lon="-0.0404040">
    <ele>13.2</ele>
    <time>2025-06-16T16:56:31Z</time>
   </trkpt>
   <trkpt lat="51.5339720" lon="-0.0403620">
    <ele>13.2</ele>
    <time>2025-06-16T16:56:32Z</time>
   </trkpt>
   <trkpt lat="51.5339860" lon="-0.0403220">
    <ele>13.2</ele>
    <time>2025-06-16T16:56:33Z</time>
   </trkpt>
   <trkpt lat="51.5340040" lon="-0.0402650">
    <ele>13.2</ele>
    <time>2025-06-16T16:56:34Z</time>
   </trkpt>
   <trkpt lat="51.5340120" lon="-0.0402430">
    <ele>13.2</ele>
    <time>2025-06-16T16:56:35Z</time>
   </trkpt>
   <trkpt lat="51.5340210" lon="-0.0402030">
    <ele>13.2</ele>
    <time>2025-06-16T16:56:36Z</time>
   </trkpt>
   <trkpt lat="51.5340360" lon="-0.0401570">
    <ele>13.2</ele>
    <time>2025-06-16T16:56:37Z</time>
   </trkpt>
   <trkpt lat="51.5340490" lon="-0.0401130">
    <ele>13.2</ele>
    <time>2025-06-16T16:56:38Z</time>
   </trkpt>
   <trkpt lat="51.5340730" lon="-0.0400300">
    <ele>13.2</ele>
    <time>2025-06-16T16:56:40Z</time>
   </trkpt>
   <trkpt lat="51.5340810" lon="-0.0399980">
    <ele>13.2</ele>
    <time>2025-06-16T16:56:41Z</time>
   </trkpt>
   <trkpt lat="51.5340900" lon="-0.0399660">
    <ele>13.2</ele>
    <time>2025-06-16T16:56:42Z</time>
   </trkpt>
   <trkpt lat="51.5341100" lon="-0.0398990">
    <ele>13.2</ele>
    <time>2025-06-16T16:56:43Z</time>
   </trkpt>
   <trkpt lat="51.5341210" lon="-0.0398720">
    <ele>13.2</ele>
    <time>2025-06-16T16:56:44Z</time>
   </trkpt>
   <trkpt lat="51.5341370" lon="-0.0398240">
    <ele>13.2</ele>
    <time>2025-06-16T16:56:45Z</time>
   </trkpt>
   <trkpt lat="51.5341520" lon="-0.0397820">
    <ele>13.2</ele>
    <time>2025-06-16T16:56:46Z</time>
   </trkpt>
   <trkpt lat="51.5341510" lon="-0.0397280">
    <ele>13.2</ele>
    <time>2025-06-16T16:56:47Z</time>
   </trkpt>
   <trkpt lat="51.5341590" lon="-0.0396750">
    <ele>13.2</ele>
    <time>2025-06-16T16:56:48Z</time>
   </trkpt>
   <trkpt lat="51.5341660" lon="-0.0396290">
    <ele>13.2</ele>
    <time>2025-06-16T16:56:49Z</time>
   </trkpt>
   <trkpt lat="51.5341810" lon="-0.0395690">
    <ele>13.2</ele>
    <time>2025-06-16T16:56:50Z</time>
   </trkpt>
   <trkpt lat="51.5341970" lon="-0.0395320">
    <ele>13.2</ele>
    <time>2025-06-16T16:56:51Z</time>
   </trkpt>
   <trkpt lat="51.5342010" lon="-0.0394860">
    <ele>13.2</ele>
    <time>2025-06-16T16:56:52Z</time>
   </trkpt>
   <trkpt lat="51.5342130" lon="-0.0394420">
    <ele>13.1</ele>
    <time>2025-06-16T16:56:53Z</time>
   </trkpt>
   <trkpt lat="51.5342270" lon="-0.0393850">
    <ele>13.1</ele>
    <time>2025-06-16T16:56:54Z</time>
   </trkpt>
   <trkpt lat="51.5342500" lon="-0.0393320">
    <ele>13.1</ele>
    <time>2025-06-16T16:56:55Z</time>
   </trkpt>
   <trkpt lat="51.5342570" lon="-0.0392750">
    <ele>13.1</ele>
    <time>2025-06-16T16:56:56Z</time>
   </trkpt>
   <trkpt lat="51.5342750" lon="-0.0392350">
    <ele>13.1</ele>
    <time>2025-06-16T16:56:57Z</time>
   </trkpt>
   <trkpt lat="51.5343010" lon="-0.0391820">
    <ele>13.1</ele>
    <time>2025-06-16T16:56:58Z</time>
   </trkpt>
   <trkpt lat="51.5343120" lon="-0.0391230">
    <ele>13.1</ele>
    <time>2025-06-16T16:56:59Z</time>
   </trkpt>
   <trkpt lat="51.5343270" lon="-0.0390700">
    <ele>13.2</ele>
    <time>2025-06-16T16:57:00Z</time>
   </trkpt>
   <trkpt lat="51.5343300" lon="-0.0390150">
    <ele>13.2</ele>
    <time>2025-06-16T16:57:01Z</time>
   </trkpt>
   <trkpt lat="51.5343520" lon="-0.0389690">
    <ele>13.2</ele>
    <time>2025-06-16T16:57:02Z</time>
   </trkpt>
   <trkpt lat="51.5343670" lon="-0.0389220">
    <ele>13.2</ele>
    <time>2025-06-16T16:57:03Z</time>
   </trkpt>
   <trkpt lat="51.5343920" lon="-0.0388800">
    <ele>13.2</ele>
    <time>2025-06-16T16:57:04Z</time>
   </trkpt>
   <trkpt lat="51.5344170" lon="-0.0388490">
    <ele>13.2</ele>
    <time>2025-06-16T16:57:05Z</time>
   </trkpt>
   <trkpt lat="51.5344330" lon="-0.0387920">
    <ele>13.2</ele>
    <time>2025-06-16T16:57:06Z</time>
   </trkpt>
   <trkpt lat="51.5344450" lon="-0.0387510">
    <ele>13.2</ele>
    <time>2025-06-16T16:57:07Z</time>
   </trkpt>
   <trkpt lat="51.5344670" lon="-0.0387070">
    <ele>13.2</ele>
    <time>2025-06-16T16:57:08Z</time>
   </trkpt>
   <trkpt lat="51.5344950" lon="-0.0386550">
    <ele>13.2</ele>
    <time>2025-06-16T16:57:09Z</time>
   </trkpt>
   <trkpt lat="51.5345110" lon="-0.0386310">
    <ele>13.2</ele>
    <time>2025-06-16T16:57:10Z</time>
   </trkpt>
   <trkpt lat="51.5345240" lon="-0.0385830">
    <ele>13.2</ele>
    <time>2025-06-16T16:57:11Z</time>
   </trkpt>
   <trkpt lat="51.5345410" lon="-0.0385430">
    <ele>13.2</ele>
    <time>2025-06-16T16:57:12Z</time>
   </trkpt>
   <trkpt lat="51.5345490" lon="-0.0384980">
    <ele>13.2</ele>
    <time>2025-06-16T16:57:13Z</time>
   </trkpt>
   <trkpt lat="51.5345720" lon="-0.0384460">
    <ele>13.2</ele>
    <time>2025-06-16T16:57:14Z</time>
   </trkpt>
   <trkpt lat="51.5345930" lon="-0.0383890">
    <ele>13.3</ele>
    <time>2025-06-16T16:57:15Z</time>
   </trkpt>
   <trkpt lat="51.5346020" lon="-0.0383680">
    <ele>13.3</ele>
    <time>2025-06-16T16:57:16Z</time>
   </trkpt>
   <trkpt lat="51.5346180" lon="-0.0383320">
    <ele>13.3</ele>
    <time>2025-06-16T16:57:17Z</time>
   </trkpt>
   <trkpt lat="51.5346430" lon="-0.0382770">
    <ele>13.3</ele>
    <time>2025-06-16T16:57:18Z</time>
   </trkpt>
   <trkpt lat="51.5346570" lon="-0.0382380">
    <ele>13.3</ele>
    <time>2025-06-16T16:57:19Z</time>
   </trkpt>
   <trkpt lat="51.5346710" lon="-0.0381730">
    <ele>13.3</ele>
    <time>2025-06-16T16:57:20Z</time>
   </trkpt>
   <trkpt lat="51.5346720" lon="-0.0381440">
    <ele>13.3</ele>
    <time>2025-06-16T16:57:21Z</time>
   </trkpt>
   <trkpt lat="51.5346910" lon="-0.0380710">
    <ele>13.3</ele>
    <time>2025-06-16T16:57:22Z</time>
   </trkpt>
   <trkpt lat="51.5347000" lon="-0.0380290">
    <ele>13.3</ele>
    <time>2025-06-16T16:57:23Z</time>
   </trkpt>
   <trkpt lat="51.5347160" lon="-0.0379840">
    <ele>13.3</ele>
    <time>2025-06-16T16:57:24Z</time>
   </trkpt>
   <trkpt lat="51.5347250" lon="-0.0379370">
    <ele>13.2</ele>
    <time>2025-06-16T16:57:25Z</time>
   </trkpt>
   <trkpt lat="51.5347450" lon="-0.0379020">
    <ele>13.2</ele>
    <time>2025-06-16T16:57:26Z</time>
   </trkpt>
   <trkpt lat="51.5347640" lon="-0.0378700">
    <ele>13.2</ele>
    <time>2025-06-16T16:57:27Z</time>
   </trkpt>
   <trkpt lat="51.5347810" lon="-0.0378260">
    <ele>13.2</ele>
    <time>2025-06-16T16:57:28Z</time>
   </trkpt>
   <trkpt lat="51.5347960" lon="-0.0377650">
    <ele>13.2</ele>
    <time>2025-06-16T16:57:29Z</time>
   </trkpt>
   <trkpt lat="51.5347990" lon="-0.0377410">
    <ele>13.2</ele>
    <time>2025-06-16T16:57:30Z</time>
   </trkpt>
   <trkpt lat="51.5348350" lon="-0.0376420">
    <ele>13.2</ele>
    <time>2025-06-16T16:57:31Z</time>
   </trkpt>
   <trkpt lat="51.5348660" lon="-0.0375830">
    <ele>13.2</ele>
    <time>2025-06-16T16:57:32Z</time>
   </trkpt>
   <trkpt lat="51.5348860" lon="-0.0375260">
    <ele>13.1</ele>
    <time>2025-06-16T16:57:33Z</time>
   </trkpt>
   <trkpt lat="51.5349170" lon="-0.0374900">
    <ele>13.1</ele>
    <time>2025-06-16T16:57:34Z</time>
   </trkpt>
   <trkpt lat="51.5349290" lon="-0.0374190">
    <ele>13.1</ele>
    <time>2025-06-16T16:57:35Z</time>
   </trkpt>
   <trkpt lat="51.5349480" lon="-0.0373580">
    <ele>13.1</ele>
    <time>2025-06-16T16:57:36Z</time>
   </trkpt>
   <trkpt lat="51.5349570" lon="-0.0373330">
    <ele>13.0</ele>
    <time>2025-06-16T16:57:37Z</time>
   </trkpt>
   <trkpt lat="51.5349730" lon="-0.0372940">
    <ele>13.0</ele>
    <time>2025-06-16T16:57:38Z</time>
   </trkpt>
   <trkpt lat="51.5349860" lon="-0.0372490">
    <ele>13.0</ele>
    <time>2025-06-16T16:57:39Z</time>
   </trkpt>
   <trkpt lat="51.5350000" lon="-0.0372040">
    <ele>13.0</ele>
    <time>2025-06-16T16:57:40Z</time>
   </trkpt>
   <trkpt lat="51.5350190" lon="-0.0371450">
    <ele>13.0</ele>
    <time>2025-06-16T16:57:41Z</time>
   </trkpt>
   <trkpt lat="51.5350410" lon="-0.0370950">
    <ele>13.0</ele>
    <time>2025-06-16T16:57:42Z</time>
   </trkpt>
   <trkpt lat="51.5350590" lon="-0.0370430">
    <ele>12.9</ele>
    <time>2025-06-16T16:57:43Z</time>
   </trkpt>
   <trkpt lat="51.5350750" lon="-0.0370010">
    <ele>12.9</ele>
    <time>2025-06-16T16:57:44Z</time>
   </trkpt>
   <trkpt lat="51.5350920" lon="-0.0369360">
    <ele>12.9</ele>
    <time>2025-06-16T16:57:45Z</time>
   </trkpt>
   <trkpt lat="51.5350980" lon="-0.0369100">
    <ele>12.9</ele>
    <time>2025-06-16T16:57:46Z</time>
   </trkpt>
   <trkpt lat="51.5351070" lon="-0.0368670">
    <ele>12.9</ele>
    <time>2025-06-16T16:57:47Z</time>
   </trkpt>
   <trkpt lat="51.5351230" lon="-0.0368270">
    <ele>12.9</ele>
    <time>2025-06-16T16:57:48Z</time>
   </trkpt>
   <trkpt lat="51.5351430" lon="-0.0367740">
    <ele>12.9</ele>
    <time>2025-06-16T16:57:49Z</time>
   </trkpt>
   <trkpt lat="51.5351580" lon="-0.0367370">
    <ele>12.9</ele>
    <time>2025-06-16T16:57:50Z</time>
   </trkpt>
   <trkpt lat="51.5351750" lon="-0.0366840">
    <ele>13.0</ele>
    <time>2025-06-16T16:57:51Z</time>
   </trkpt>
   <trkpt lat="51.5351940" lon="-0.0366450">
    <ele>13.0</ele>
    <time>2025-06-16T16:57:52Z</time>
   </trkpt>
   <trkpt lat="51.5352050" lon="-0.0365910">
    <ele>13.0</ele>
    <time>2025-06-16T16:57:53Z</time>
   </trkpt>
   <trkpt lat="51.5352180" lon="-0.0365440">
    <ele>13.0</ele>
    <time>2025-06-16T16:57:54Z</time>
   </trkpt>
   <trkpt lat="51.5352350" lon="-0.0365040">
    <ele>13.0</ele>
    <time>2025-06-16T16:57:55Z</time>
   </trkpt>
   <trkpt lat="51.5352580" lon="-0.0364750">
    <ele>13.0</ele>
    <time>2025-06-16T16:57:56Z</time>
   </trkpt>
   <trkpt lat="51.5352820" lon="-0.0364230">
    <ele>13.0</ele>
    <time>2025-06-16T16:57:57Z</time>
   </trkpt>
   <trkpt lat="51.5353120" lon="-0.0363590">
    <ele>13.0</ele>
    <time>2025-06-16T16:57:58Z</time>
   </trkpt>
   <trkpt lat="51.5353340" lon="-0.0363180">
    <ele>13.0</ele>
    <time>2025-06-16T16:57:59Z</time>
   </trkpt>
   <trkpt lat="51.5353850" lon="-0.0362800">
    <ele>13.0</ele>
    <time>2025-06-16T16:58:00Z</time>
   </trkpt>
   <trkpt lat="51.5354010" lon="-0.0362230">
    <ele>13.0</ele>
    <time>2025-06-16T16:58:01Z</time>
   </trkpt>
   <trkpt lat="51.5354060" lon="-0.0361990">
    <ele>13.0</ele>
    <time>2025-06-16T16:58:02Z</time>
   </trkpt>
   <trkpt lat="51.5354250" lon="-0.0361560">
    <ele>13.0</ele>
    <time>2025-06-16T16:58:03Z</time>
   </trkpt>
   <trkpt lat="51.5354480" lon="-0.0361220">
    <ele>13.0</ele>
    <time>2025-06-16T16:58:04Z</time>
   </trkpt>
   <trkpt lat="51.5354710" lon="-0.0360810">
    <ele>13.0</ele>
    <time>2025-06-16T16:58:05Z</time>
   </trkpt>
   <trkpt lat="51.5355020" lon="-0.0360250">
    <ele>13.0</ele>
    <time>2025-06-16T16:58:06Z</time>
   </trkpt>
   <trkpt lat="51.5355320" lon="-0.0359740">
    <ele>13.0</ele>
    <time>2025-06-16T16:58:07Z</time>
   </trkpt>
   <trkpt lat="51.5355530" lon="-0.0359360">
    <ele>13.0</ele>
    <time>2025-06-16T16:58:08Z</time>
   </trkpt>
   <trkpt lat="51.5355690" lon="-0.0358930">
    <ele>13.0</ele>
    <time>2025-06-16T16:58:09Z</time>
   </trkpt>
   <trkpt lat="51.5355890" lon="-0.0358540">
    <ele>13.0</ele>
    <time>2025-06-16T16:58:10Z</time>
   </trkpt>
   <trkpt lat="51.5356100" lon="-0.0358110">
    <ele>13.0</ele>
    <time>2025-06-16T16:58:11Z</time>
   </trkpt>
   <trkpt lat="51.5356390" lon="-0.0357570">
    <ele>13.1</ele>
    <time>2025-06-16T16:58:12Z</time>
   </trkpt>
   <trkpt lat="51.5356550" lon="-0.0356990">
    <ele>13.1</ele>
    <time>2025-06-16T16:58:13Z</time>
   </trkpt>
   <trkpt lat="51.5356910" lon="-0.0356490">
    <ele>13.1</ele>
    <time>2025-06-16T16:58:14Z</time>
   </trkpt>
   <trkpt lat="51.5357060" lon="-0.0356250">
    <ele>13.1</ele>
    <time>2025-06-16T16:58:15Z</time>
   </trkpt>
   <trkpt lat="51.5357440" lon="-0.0355860">
    <ele>13.1</ele>
    <time>2025-06-16T16:58:16Z</time>
   </trkpt>
   <trkpt lat="51.5357670" lon="-0.0355400">
    <ele>13.1</ele>
    <time>2025-06-16T16:58:17Z</time>
   </trkpt>
   <trkpt lat="51.5357910" lon="-0.0355110">
    <ele>13.2</ele>
    <time>2025-06-16T16:58:18Z</time>
   </trkpt>
   <trkpt lat="51.5358060" lon="-0.0354640">
    <ele>13.2</ele>
    <time>2025-06-16T16:58:19Z</time>
   </trkpt>
   <trkpt lat="51.5358340" lon="-0.0354430">
    <ele>13.2</ele>
    <time>2025-06-16T16:58:20Z</time>
   </trkpt>
   <trkpt lat="51.5358570" lon="-0.0354110">
    <ele>13.2</ele>
    <time>2025-06-16T16:58:21Z</time>
   </trkpt>
   <trkpt lat="51.5358890" lon="-0.0353660">
    <ele>13.3</ele>
    <time>2025-06-16T16:58:22Z</time>
   </trkpt>
   <trkpt lat="51.5359170" lon="-0.0353150">
    <ele>13.3</ele>
    <time>2025-06-16T16:58:23Z</time>
   </trkpt>
   <trkpt lat="51.5359410" lon="-0.0352830">
    <ele>13.4</ele>
    <time>2025-06-16T16:58:24Z</time>
   </trkpt>
   <trkpt lat="51.5359590" lon="-0.0352390">
    <ele>13.4</ele>
    <time>2025-06-16T16:58:25Z</time>
   </trkpt>
   <trkpt lat="51.5359880" lon="-0.0351960">
    <ele>13.4</ele>
    <time>2025-06-16T16:58:26Z</time>
   </trkpt>
   <trkpt lat="51.5360150" lon="-0.0351430">
    <ele>13.5</ele>
    <time>2025-06-16T16:58:27Z</time>
   </trkpt>
   <trkpt lat="51.5360460" lon="-0.0351180">
    <ele>13.5</ele>
    <time>2025-06-16T16:58:28Z</time>
   </trkpt>
   <trkpt lat="51.5360690" lon="-0.0350810">
    <ele>13.6</ele>
    <time>2025-06-16T16:58:29Z</time>
   </trkpt>
   <trkpt lat="51.5360930" lon="-0.0350520">
    <ele>13.6</ele>
    <time>2025-06-16T16:58:30Z</time>
   </trkpt>
   <trkpt lat="51.5361140" lon="-0.0350080">
    <ele>13.7</ele>
    <time>2025-06-16T16:58:31Z</time>
   </trkpt>
   <trkpt lat="51.5361370" lon="-0.0349730">
    <ele>13.7</ele>
    <time>2025-06-16T16:58:32Z</time>
   </trkpt>
   <trkpt lat="51.5361720" lon="-0.0349130">
    <ele>13.8</ele>
    <time>2025-06-16T16:58:33Z</time>
   </trkpt>
   <trkpt lat="51.5361960" lon="-0.0348660">
    <ele>13.9</ele>
    <time>2025-06-16T16:58:34Z</time>
   </trkpt>
   <trkpt lat="51.5362240" lon="-0.0348180">
    <ele>14.0</ele>
    <time>2025-06-16T16:58:35Z</time>
   </trkpt>
   <trkpt lat="51.5362490" lon="-0.0347760">
    <ele>14.0</ele>
    <time>2025-06-16T16:58:36Z</time>
   </trkpt>
   <trkpt lat="51.5362690" lon="-0.0347330">
    <ele>14.0</ele>
    <time>2025-06-16T16:58:37Z</time>
   </trkpt>
   <trkpt lat="51.5362950" lon="-0.0346950">
    <ele>14.1</ele>
    <time>2025-06-16T16:58:38Z</time>
   </trkpt>
   <trkpt lat="51.5363250" lon="-0.0346660">
    <ele>14.1</ele>
    <time>2025-06-16T16:58:39Z</time>
   </trkpt>
   <trkpt lat="51.5363480" lon="-0.0346240">
    <ele>14.1</ele>
    <time>2025-06-16T16:58:40Z</time>
   </trkpt>
   <trkpt lat="51.5363650" lon="-0.0345780">
    <ele>14.1</ele>
    <time>2025-06-16T16:58:41Z</time>
   </trkpt>
   <trkpt lat="51.5363840" lon="-0.0345380">
    <ele>14.1</ele>
    <time>2025-06-16T16:58:42Z</time>
   </trkpt>
   <trkpt lat="51.5364030" lon="-0.0344920">
    <ele>14.2</ele>
    <time>2025-06-16T16:58:43Z</time>
   </trkpt>
   <trkpt lat="51.5364230" lon="-0.0344540">
    <ele>14.2</ele>
    <time>2025-06-16T16:58:44Z</time>
   </trkpt>
   <trkpt lat="51.5364420" lon="-0.0344090">
    <ele>14.2</ele>
    <time>2025-06-16T16:58:46Z</time>
   </trkpt>
   <trkpt lat="51.5364720" lon="-0.0343420">
    <ele>14.2</ele>
    <time>2025-06-16T16:58:47Z</time>
   </trkpt>
   <trkpt lat="51.5364970" lon="-0.0342760">
    <ele>14.1</ele>
    <time>2025-06-16T16:58:48Z</time>
   </trkpt>
   <trkpt lat="51.5365170" lon="-0.0342310">
    <ele>14.1</ele>
    <time>2025-06-16T16:58:49Z</time>
   </trkpt>
   <trkpt lat="51.5365330" lon="-0.0341820">
    <ele>14.1</ele>
    <time>2025-06-16T16:58:50Z</time>
   </trkpt>
   <trkpt lat="51.5365550" lon="-0.0341450">
    <ele>14.1</ele>
    <time>2025-06-16T16:58:51Z</time>
   </trkpt>
   <trkpt lat="51.5365700" lon="-0.0340910">
    <ele>14.1</ele>
    <time>2025-06-16T16:58:52Z</time>
   </trkpt>
   <trkpt lat="51.5365890" lon="-0.0340450">
    <ele>14.1</ele>
    <time>2025-06-16T16:58:53Z</time>
   </trkpt>
   <trkpt lat="51.5366020" lon="-0.0339990">
    <ele>14.1</ele>
    <time>2025-06-16T16:58:54Z</time>
   </trkpt>
   <trkpt lat="51.5366280" lon="-0.0339390">
    <ele>14.1</ele>
    <time>2025-06-16T16:58:55Z</time>
   </trkpt>
   <trkpt lat="51.5366430" lon="-0.0338840">
    <ele>14.0</ele>
    <time>2025-06-16T16:58:56Z</time>
   </trkpt>
   <trkpt lat="51.5366610" lon="-0.0338280">
    <ele>14.0</ele>
    <time>2025-06-16T16:58:57Z</time>
   </trkpt>
   <trkpt lat="51.5366780" lon="-0.0337820">
    <ele>14.0</ele>
    <time>2025-06-16T16:58:58Z</time>
   </trkpt>
   <trkpt lat="51.5367060" lon="-0.0337400">
    <ele>14.0</ele>
    <time>2025-06-16T16:58:59Z</time>
   </trkpt>
   <trkpt lat="51.5367160" lon="-0.0336920">
    <ele>14.0</ele>
    <time>2025-06-16T16:59:00Z</time>
   </trkpt>
   <trkpt lat="51.5367290" lon="-0.0336430">
    <ele>14.0</ele>
    <time>2025-06-16T16:59:01Z</time>
   </trkpt>
   <trkpt lat="51.5367350" lon="-0.0335830">
    <ele>14.0</ele>
    <time>2025-06-16T16:59:02Z</time>
   </trkpt>
   <trkpt lat="51.5367580" lon="-0.0335290">
    <ele>14.0</ele>
    <time>2025-06-16T16:59:03Z</time>
   </trkpt>
   <trkpt lat="51.5367840" lon="-0.0334760">
    <ele>14.0</ele>
    <time>2025-06-16T16:59:04Z</time>
   </trkpt>
   <trkpt lat="51.5368250" lon="-0.0334010">
    <ele>14.0</ele>
    <time>2025-06-16T16:59:05Z</time>
   </trkpt>
   <trkpt lat="51.5368390" lon="-0.0333560">
    <ele>14.0</ele>
    <time>2025-06-16T16:59:06Z</time>
   </trkpt>
   <trkpt lat="51.5368510" lon="-0.0332970">
    <ele>14.0</ele>
    <time>2025-06-16T16:59:07Z</time>
   </trkpt>
   <trkpt lat="51.5368710" lon="-0.0332540">
    <ele>14.0</ele>
    <time>2025-06-16T16:59:08Z</time>
   </trkpt>
   <trkpt lat="51.5368890" lon="-0.0332010">
    <ele>14.0</ele>
    <time>2025-06-16T16:59:09Z</time>
   </trkpt>
   <trkpt lat="51.5369080" lon="-0.0331590">
    <ele>14.0</ele>
    <time>2025-06-16T16:59:10Z</time>
   </trkpt>
   <trkpt lat="51.5369320" lon="-0.0331040">
    <ele>14.0</ele>
    <time>2025-06-16T16:59:11Z</time>
   </trkpt>
   <trkpt lat="51.5369570" lon="-0.0330400">
    <ele>14.0</ele>
    <time>2025-06-16T16:59:12Z</time>
   </trkpt>
   <trkpt lat="51.5369670" lon="-0.0330110">
    <ele>14.0</ele>
    <time>2025-06-16T16:59:13Z</time>
   </trkpt>
   <trkpt lat="51.5369870" lon="-0.0329620">
    <ele>14.0</ele>
    <time>2025-06-16T16:59:14Z</time>
   </trkpt>
   <trkpt lat="51.5370040" lon="-0.0329100">
    <ele>14.0</ele>
    <time>2025-06-16T16:59:15Z</time>
   </trkpt>
   <trkpt lat="51.5370230" lon="-0.0328630">
    <ele>14.0</ele>
    <time>2025-06-16T16:59:16Z</time>
   </trkpt>
   <trkpt lat="51.5370390" lon="-0.0328180">
    <ele>14.0</ele>
    <time>2025-06-16T16:59:17Z</time>
   </trkpt>
   <trkpt lat="51.5370680" lon="-0.0327710">
    <ele>14.0</ele>
    <time>2025-06-16T16:59:18Z</time>
   </trkpt>
   <trkpt lat="51.5370760" lon="-0.0327210">
    <ele>14.0</ele>
    <time>2025-06-16T16:59:19Z</time>
   </trkpt>
   <trkpt lat="51.5371000" lon="-0.0326730">
    <ele>14.0</ele>
    <time>2025-06-16T16:59:20Z</time>
   </trkpt>
   <trkpt lat="51.5371070" lon="-0.0326500">
    <ele>14.0</ele>
    <time>2025-06-16T16:59:21Z</time>
   </trkpt>
   <trkpt lat="51.5371330" lon="-0.0326000">
    <ele>14.0</ele>
    <time>2025-06-16T16:59:22Z</time>
   </trkpt>
   <trkpt lat="51.5371410" lon="-0.0325820">
    <ele>14.0</ele>
    <time>2025-06-16T16:59:23Z</time>
   </trkpt>
   <trkpt lat="51.5371560" lon="-0.0325190">
    <ele>14.1</ele>
    <time>2025-06-16T16:59:24Z</time>
   </trkpt>
   <trkpt lat="51.5371650" lon="-0.0324910">
    <ele>14.1</ele>
    <time>2025-06-16T16:59:25Z</time>
   </trkpt>
   <trkpt lat="51.5371830" lon="-0.0324410">
    <ele>14.1</ele>
    <time>2025-06-16T16:59:26Z</time>
   </trkpt>
   <trkpt lat="51.5372120" lon="-0.0323900">
    <ele>14.1</ele>
    <time>2025-06-16T16:59:27Z</time>
   </trkpt>
   <trkpt lat="51.5372210" lon="-0.0323390">
    <ele>14.1</ele>
    <time>2025-06-16T16:59:28Z</time>
   </trkpt>
   <trkpt lat="51.5372480" lon="-0.0322820">
    <ele>14.1</ele>
    <time>2025-06-16T16:59:29Z</time>
   </trkpt>
   <trkpt lat="51.5372760" lon="-0.0322300">
    <ele>14.1</ele>
    <time>2025-06-16T16:59:30Z</time>
   </trkpt>
   <trkpt lat="51.5372890" lon="-0.0322130">
    <ele>14.1</ele>
    <time>2025-06-16T16:59:31Z</time>
   </trkpt>
   <trkpt lat="51.5373210" lon="-0.0321560">
    <ele>14.2</ele>
    <time>2025-06-16T16:59:32Z</time>
   </trkpt>
   <trkpt lat="51.5373360" lon="-0.0321140">
    <ele>14.2</ele>
    <time>2025-06-16T16:59:33Z</time>
   </trkpt>
   <trkpt lat="51.5373580" lon="-0.0320770">
    <ele>14.2</ele>
    <time>2025-06-16T16:59:34Z</time>
   </trkpt>
   <trkpt lat="51.5373750" lon="-0.0320360">
    <ele>14.2</ele>
    <time>2025-06-16T16:59:35Z</time>
   </trkpt>
   <trkpt lat="51.5373990" lon="-0.0319960">
    <ele>14.2</ele>
    <time>2025-06-16T16:59:36Z</time>
   </trkpt>
   <trkpt lat="51.5374170" lon="-0.0319570">
    <ele>14.2</ele>
    <time>2025-06-16T16:59:37Z</time>
   </trkpt>
   <trkpt lat="51.5374350" lon="-0.0319070">
    <ele>14.2</ele>
    <time>2025-06-16T16:59:38Z</time>
   </trkpt>
   <trkpt lat="51.5374600" lon="-0.0318570">
    <ele>14.3</ele>
    <time>2025-06-16T16:59:39Z</time>
   </trkpt>
   <trkpt lat="51.5374680" lon="-0.0318390">
    <ele>14.3</ele>
    <time>2025-06-16T16:59:40Z</time>
   </trkpt>
   <trkpt lat="51.5374990" lon="-0.0317840">
    <ele>14.3</ele>
    <time>2025-06-16T16:59:41Z</time>
   </trkpt>
   <trkpt lat="51.5375140" lon="-0.0317380">
    <ele>14.3</ele>
    <time>2025-06-16T16:59:42Z</time>
   </trkpt>
   <trkpt lat="51.5375330" lon="-0.0316980">
    <ele>14.3</ele>
    <time>2025-06-16T16:59:43Z</time>
   </trkpt>
   <trkpt lat="51.5375460" lon="-0.0316590">
    <ele>14.3</ele>
    <time>2025-06-16T16:59:44Z</time>
   </trkpt>
   <trkpt lat="51.5375670" lon="-0.0316170">
    <ele>14.3</ele>
    <time>2025-06-16T16:59:45Z</time>
   </trkpt>
   <trkpt lat="51.5375870" lon="-0.0315610">
    <ele>14.3</ele>
    <time>2025-06-16T16:59:46Z</time>
   </trkpt>
   <trkpt lat="51.5376280" lon="-0.0315150">
    <ele>14.3</ele>
    <time>2025-06-16T16:59:47Z</time>
   </trkpt>
   <trkpt lat="51.5376530" lon="-0.0314640">
    <ele>14.3</ele>
    <time>2025-06-16T16:59:48Z</time>
   </trkpt>
   <trkpt lat="51.5376790" lon="-0.0314080">
    <ele>14.3</ele>
    <time>2025-06-16T16:59:49Z</time>
   </trkpt>
   <trkpt lat="51.5376920" lon="-0.0313850">
    <ele>14.3</ele>
    <time>2025-06-16T16:59:50Z</time>
   </trkpt>
   <trkpt lat="51.5377120" lon="-0.0313430">
    <ele>14.3</ele>
    <time>2025-06-16T16:59:51Z</time>
   </trkpt>
   <trkpt lat="51.5377340" lon="-0.0312990">
    <ele>14.3</ele>
    <time>2025-06-16T16:59:52Z</time>
   </trkpt>
   <trkpt lat="51.5377580" lon="-0.0312690">
    <ele>14.3</ele>
    <time>2025-06-16T16:59:53Z</time>
   </trkpt>
   <trkpt lat="51.5377860" lon="-0.0312280">
    <ele>14.3</ele>
    <time>2025-06-16T16:59:54Z</time>
   </trkpt>
   <trkpt lat="51.5378080" lon="-0.0311890">
    <ele>14.3</ele>
    <time>2025-06-16T16:59:55Z</time>
   </trkpt>
   <trkpt lat="51.5378310" lon="-0.0311480">
    <ele>14.3</ele>
    <time>2025-06-16T16:59:56Z</time>
   </trkpt>
   <trkpt lat="51.5378590" lon="-0.0311110">
    <ele>14.3</ele>
    <time>2025-06-16T16:59:57Z</time>
   </trkpt>
   <trkpt lat="51.5378820" lon="-0.0310680">
    <ele>14.3</ele>
    <time>2025-06-16T16:59:58Z</time>
   </trkpt>
   <trkpt lat="51.5379050" lon="-0.0310410">
    <ele>14.3</ele>
    <time>2025-06-16T16:59:59Z</time>
   </trkpt>
   <trkpt lat="51.5379240" lon="-0.0310020">
    <ele>14.3</ele>
    <time>2025-06-16T17:00:00Z</time>
   </trkpt>
   <trkpt lat="51.5379490" lon="-0.0309730">
    <ele>14.3</ele>
    <time>2025-06-16T17:00:01Z</time>
   </trkpt>
   <trkpt lat="51.5379730" lon="-0.0309310">
    <ele>14.3</ele>
    <time>2025-06-16T17:00:02Z</time>
   </trkpt>
   <trkpt lat="51.5379910" lon="-0.0308910">
    <ele>14.3</ele>
    <time>2025-06-16T17:00:03Z</time>
   </trkpt>
   <trkpt lat="51.5380230" lon="-0.0308460">
    <ele>14.3</ele>
    <time>2025-06-16T17:00:04Z</time>
   </trkpt>
   <trkpt lat="51.5380350" lon="-0.0308300">
    <ele>14.3</ele>
    <time>2025-06-16T17:00:05Z</time>
   </trkpt>
   <trkpt lat="51.5380560" lon="-0.0307990">
    <ele>14.3</ele>
    <time>2025-06-16T17:00:06Z</time>
   </trkpt>
   <trkpt lat="51.5380930" lon="-0.0307970">
    <ele>14.3</ele>
    <time>2025-06-16T17:00:07Z</time>
   </trkpt>
   <trkpt lat="51.5381200" lon="-0.0307650">
    <ele>14.3</ele>
    <time>2025-06-16T17:00:08Z</time>
   </trkpt>
   <trkpt lat="51.5381440" lon="-0.0307290">
    <ele>14.3</ele>
    <time>2025-06-16T17:00:09Z</time>
   </trkpt>
   <trkpt lat="51.5381630" lon="-0.0306850">
    <ele>14.3</ele>
    <time>2025-06-16T17:00:10Z</time>
   </trkpt>
   <trkpt lat="51.5381870" lon="-0.0306500">
    <ele>14.3</ele>
    <time>2025-06-16T17:00:11Z</time>
   </trkpt>
   <trkpt lat="51.5382070" lon="-0.0306130">
    <ele>14.3</ele>
    <time>2025-06-16T17:00:12Z</time>
   </trkpt>
   <trkpt lat="51.5382340" lon="-0.0305760">
    <ele>14.3</ele>
    <time>2025-06-16T17:00:13Z</time>
   </trkpt>
   <trkpt lat="51.5382560" lon="-0.0305440">
    <ele>14.2</ele>
    <time>2025-06-16T17:00:14Z</time>
   </trkpt>
   <trkpt lat="51.5382830" lon="-0.0304880">
    <ele>14.2</ele>
    <time>2025-06-16T17:00:15Z</time>
   </trkpt>
   <trkpt lat="51.5382960" lon="-0.0304660">
    <ele>14.2</ele>
    <time>2025-06-16T17:00:16Z</time>
   </trkpt>
   <trkpt lat="51.5383380" lon="-0.0304500">
    <ele>14.2</ele>
    <time>2025-06-16T17:00:17Z</time>
   </trkpt>
   <trkpt lat="51.5383630" lon="-0.0304200">
    <ele>14.2</ele>
    <time>2025-06-16T17:00:18Z</time>
   </trkpt>
   <trkpt lat="51.5383940" lon="-0.0303800">
    <ele>14.2</ele>
    <time>2025-06-16T17:00:19Z</time>
   </trkpt>
   <trkpt lat="51.5384180" lon="-0.0303480">
    <ele>14.2</ele>
    <time>2025-06-16T17:00:20Z</time>
   </trkpt>
   <trkpt lat="51.5384450" lon="-0.0303050">
    <ele>14.2</ele>
    <time>2025-06-16T17:00:21Z</time>
   </trkpt>
   <trkpt lat="51.5384820" lon="-0.0302880">
    <ele>14.2</ele>
    <time>2025-06-16T17:00:22Z</time>
   </trkpt>
   <trkpt lat="51.5385050" lon="-0.0302570">
    <ele>14.2</ele>
    <time>2025-06-16T17:00:23Z</time>
   </trkpt>
   <trkpt lat="51.5385330" lon="-0.0302210">
    <ele>14.2</ele>
    <time>2025-06-16T17:00:24Z</time>
   </trkpt>
   <trkpt lat="51.5385600" lon="-0.0301910">
    <ele>14.2</ele>
    <time>2025-06-16T17:00:25Z</time>
   </trkpt>
   <trkpt lat="51.5385870" lon="-0.0301570">
    <ele>14.2</ele>
    <time>2025-06-16T17:00:26Z</time>
   </trkpt>
   <trkpt lat="51.5386120" lon="-0.0301310">
    <ele>14.2</ele>
    <time>2025-06-16T17:00:27Z</time>
   </trkpt>
   <trkpt lat="51.5386460" lon="-0.0300980">
    <ele>14.2</ele>
    <time>2025-06-16T17:00:28Z</time>
   </trkpt>
   <trkpt lat="51.5386700" lon="-0.0300740">
    <ele>14.2</ele>
    <time>2025-06-16T17:00:29Z</time>
   </trkpt>
   <trkpt lat="51.5387080" lon="-0.0300610">
    <ele>14.2</ele>
    <time>2025-06-16T17:00:30Z</time>
   </trkpt>
   <trkpt lat="51.5387300" lon="-0.0300360">
    <ele>14.2</ele>
    <time>2025-06-16T17:00:31Z</time>
   </trkpt>
   <trkpt lat="51.5387600" lon="-0.0299990">
    <ele>14.2</ele>
    <time>2025-06-16T17:00:32Z</time>
   </trkpt>
   <trkpt lat="51.5387850" lon="-0.0299730">
    <ele>14.2</ele>
    <time>2025-06-16T17:00:33Z</time>
   </trkpt>
   <trkpt lat="51.5388100" lon="-0.0299440">
    <ele>14.2</ele>
    <time>2025-06-16T17:00:34Z</time>
   </trkpt>
   <trkpt lat="51.5388320" lon="-0.0299130">
    <ele>14.2</ele>
    <time>2025-06-16T17:00:35Z</time>
   </trkpt>
   <trkpt lat="51.5388640" lon="-0.0298890">
    <ele>14.2</ele>
    <time>2025-06-16T17:00:36Z</time>
   </trkpt>
   <trkpt lat="51.5388870" lon="-0.0298650">
    <ele>14.2</ele>
    <time>2025-06-16T17:00:37Z</time>
   </trkpt>
   <trkpt lat="51.5389140" lon="-0.0298350">
    <ele>14.2</ele>
    <time>2025-06-16T17:00:38Z</time>
   </trkpt>
   <trkpt lat="51.5389410" lon="-0.0298110">
    <ele>14.2</ele>
    <time>2025-06-16T17:00:39Z</time>
   </trkpt>
   <trkpt lat="51.5389710" lon="-0.0297870">
    <ele>14.2</ele>
    <time>2025-06-16T17:00:40Z</time>
   </trkpt>
   <trkpt lat="51.5389960" lon="-0.0297670">
    <ele>14.2</ele>
    <time>2025-06-16T17:00:41Z</time>
   </trkpt>
   <trkpt lat="51.5390230" lon="-0.0297340">
    <ele>14.2</ele>
    <time>2025-06-16T17:00:42Z</time>
   </trkpt>
   <trkpt lat="51.5390500" lon="-0.0296990">
    <ele>14.2</ele>
    <time>2025-06-16T17:00:43Z</time>
   </trkpt>
   <trkpt lat="51.5390730" lon="-0.0296620">
    <ele>14.2</ele>
    <time>2025-06-16T17:00:44Z</time>
   </trkpt>
   <trkpt lat="51.5391060" lon="-0.0296450">
    <ele>14.2</ele>
    <time>2025-06-16T17:00:45Z</time>
   </trkpt>
   <trkpt lat="51.5391390" lon="-0.0296200">
    <ele>14.2</ele>
    <time>2025-06-16T17:00:46Z</time>
   </trkpt>
   <trkpt lat="51.5391680" lon="-0.0295990">
    <ele>14.2</ele>
    <time>2025-06-16T17:00:47Z</time>
   </trkpt>
   <trkpt lat="51.5392000" lon="-0.0295760">
    <ele>14.2</ele>
    <time>2025-06-16T17:00:48Z</time>
   </trkpt>
   <trkpt lat="51.5392300" lon="-0.0295600">
    <ele>14.2</ele>
    <time>2025-06-16T17:00:49Z</time>
   </trkpt>
   <trkpt lat="51.5392550" lon="-0.0295380">
    <ele>14.2</ele>
    <time>2025-06-16T17:00:50Z</time>
   </trkpt>
   <trkpt lat="51.5392880" lon="-0.0295320">
    <ele>14.2</ele>
    <time>2025-06-16T17:00:51Z</time>
   </trkpt>
   <trkpt lat="51.5393170" lon="-0.0295120">
    <ele>14.2</ele>
    <time>2025-06-16T17:00:52Z</time>
   </trkpt>
   <trkpt lat="51.5393460" lon="-0.0294880">
    <ele>14.2</ele>
    <time>2025-06-16T17:00:53Z</time>
   </trkpt>
   <trkpt lat="51.5393740" lon="-0.0294660">
    <ele>14.2</ele>
    <time>2025-06-16T17:00:54Z</time>
   </trkpt>
   <trkpt lat="51.5394170" lon="-0.0294390">
    <ele>14.2</ele>
    <time>2025-06-16T17:00:55Z</time>
   </trkpt>
   <trkpt lat="51.5394480" lon="-0.0294240">
    <ele>14.1</ele>
    <time>2025-06-16T17:00:56Z</time>
   </trkpt>
   <trkpt lat="51.5394840" lon="-0.0294250">
    <ele>14.1</ele>
    <time>2025-06-16T17:00:57Z</time>
   </trkpt>
   <trkpt lat="51.5395200" lon="-0.0294110">
    <ele>14.1</ele>
    <time>2025-06-16T17:00:58Z</time>
   </trkpt>
   <trkpt lat="51.5395460" lon="-0.0293920">
    <ele>14.1</ele>
    <time>2025-06-16T17:00:59Z</time>
   </trkpt>
   <trkpt lat="51.5395780" lon="-0.0293830">
    <ele>14.1</ele>
    <time>2025-06-16T17:01:00Z</time>
   </trkpt>
   <trkpt lat="51.5396070" lon="-0.0293750">
    <ele>14.1</ele>
    <time>2025-06-16T17:01:01Z</time>
   </trkpt>
   <trkpt lat="51.5396350" lon="-0.0293620">
    <ele>14.1</ele>
    <time>2025-06-16T17:01:02Z</time>
   </trkpt>
   <trkpt lat="51.5396630" lon="-0.0293460">
    <ele>14.1</ele>
    <time>2025-06-16T17:01:03Z</time>
   </trkpt>
   <trkpt lat="51.5397010" lon="-0.0293280">
    <ele>14.1</ele>
    <time>2025-06-16T17:01:04Z</time>
   </trkpt>
   <trkpt lat="51.5397280" lon="-0.0293050">
    <ele>14.1</ele>
    <time>2025-06-16T17:01:05Z</time>
   </trkpt>
   <trkpt lat="51.5397570" lon="-0.0292890">
    <ele>14.1</ele>
    <time>2025-06-16T17:01:06Z</time>
   </trkpt>
   <trkpt lat="51.5397950" lon="-0.0292810">
    <ele>14.1</ele>
    <time>2025-06-16T17:01:07Z</time>
   </trkpt>
   <trkpt lat="51.5398270" lon="-0.0292710">
    <ele>14.0</ele>
    <time>2025-06-16T17:01:08Z</time>
   </trkpt>
   <trkpt lat="51.5398600" lon="-0.0292540">
    <ele>14.0</ele>
    <time>2025-06-16T17:01:09Z</time>
   </trkpt>
   <trkpt lat="51.5398860" lon="-0.0292410">
    <ele>14.0</ele>
    <time>2025-06-16T17:01:10Z</time>
   </trkpt>
   <trkpt lat="51.5399380" lon="-0.0292240">
    <ele>14.0</ele>
    <time>2025-06-16T17:01:11Z</time>
   </trkpt>
   <trkpt lat="51.5399790" lon="-0.0292000">
    <ele>14.0</ele>
    <time>2025-06-16T17:01:12Z</time>
   </trkpt>
   <trkpt lat="51.5400030" lon="-0.0291780">
    <ele>13.9</ele>
    <time>2025-06-16T17:01:13Z</time>
   </trkpt>
   <trkpt lat="51.5400280" lon="-0.0291600">
    <ele>13.9</ele>
    <time>2025-06-16T17:01:14Z</time>
   </trkpt>
   <trkpt lat="51.5400600" lon="-0.0291430">
    <ele>13.9</ele>
    <time>2025-06-16T17:01:15Z</time>
   </trkpt>
   <trkpt lat="51.5400950" lon="-0.0291270">
    <ele>13.9</ele>
    <time>2025-06-16T17:01:16Z</time>
   </trkpt>
   <trkpt lat="51.5401330" lon="-0.0291150">
    <ele>13.9</ele>
    <time>2025-06-16T17:01:17Z</time>
   </trkpt>
   <trkpt lat="51.5401590" lon="-0.0290950">
    <ele>13.8</ele>
    <time>2025-06-16T17:01:18Z</time>
   </trkpt>
   <trkpt lat="51.5401920" lon="-0.0290760">
    <ele>13.8</ele>
    <time>2025-06-16T17:01:19Z</time>
   </trkpt>
   <trkpt lat="51.5402340" lon="-0.0290550">
    <ele>13.8</ele>
    <time>2025-06-16T17:01:20Z</time>
   </trkpt>
   <trkpt lat="51.5402500" lon="-0.0290490">
    <ele>13.8</ele>
    <time>2025-06-16T17:01:21Z</time>
   </trkpt>
   <trkpt lat="51.5402770" lon="-0.0290360">
    <ele>13.8</ele>
    <time>2025-06-16T17:01:22Z</time>
   </trkpt>
   <trkpt lat="51.5403100" lon="-0.0290280">
    <ele>13.7</ele>
    <time>2025-06-16T17:01:23Z</time>
   </trkpt>
   <trkpt lat="51.5403420" lon="-0.0290250">
    <ele>13.7</ele>
    <time>2025-06-16T17:01:24Z</time>
   </trkpt>
   <trkpt lat="51.5403740" lon="-0.0290190">
    <ele>13.7</ele>
    <time>2025-06-16T17:01:25Z</time>
   </trkpt>
   <trkpt lat="51.5404100" lon="-0.0290130">
    <ele>13.7</ele>
    <time>2025-06-16T17:01:26Z</time>
   </trkpt>
   <trkpt lat="51.5404480" lon="-0.0290190">
    <ele>13.6</ele>
    <time>2025-06-16T17:01:27Z</time>
   </trkpt>
   <trkpt lat="51.5404860" lon="-0.0290040">
    <ele>13.6</ele>
    <time>2025-06-16T17:01:28Z</time>
   </trkpt>
   <trkpt lat="51.5405130" lon="-0.0289920">
    <ele>13.6</ele>
    <time>2025-06-16T17:01:29Z</time>
   </trkpt>
   <trkpt lat="51.5405440" lon="-0.0289920">
    <ele>13.6</ele>
    <time>2025-06-16T17:01:30Z</time>
   </trkpt>
   <trkpt lat="51.5405730" lon="-0.0289920">
    <ele>13.5</ele>
    <time>2025-06-16T17:01:31Z</time>
   </trkpt>
   <trkpt lat="51.5406080" lon="-0.0289840">
    <ele>13.5</ele>
    <time>2025-06-16T17:01:32Z</time>
   </trkpt>
   <trkpt lat="51.5406390" lon="-0.0289820">
    <ele>13.5</ele>
    <time>2025-06-16T17:01:33Z</time>
   </trkpt>
   <trkpt lat="51.5406680" lon="-0.0289800">
    <ele>13.5</ele>
    <time>2025-06-16T17:01:34Z</time>
   </trkpt>
   <trkpt lat="51.5407080" lon="-0.0289770">
    <ele>13.5</ele>
    <time>2025-06-16T17:01:35Z</time>
   </trkpt>
   <trkpt lat="51.5407240" lon="-0.0289900">
    <ele>13.5</ele>
    <time>2025-06-16T17:01:36Z</time>
   </trkpt>
   <trkpt lat="51.5407490" lon="-0.0290080">
    <ele>13.5</ele>
    <time>2025-06-16T17:01:37Z</time>
   </trkpt>
   <trkpt lat="51.5407790" lon="-0.0290220">
    <ele>13.5</ele>
    <time>2025-06-16T17:01:38Z</time>
   </trkpt>
   <trkpt lat="51.5408100" lon="-0.0290260">
    <ele>13.5</ele>
    <time>2025-06-16T17:01:39Z</time>
   </trkpt>
   <trkpt lat="51.5408490" lon="-0.0290410">
    <ele>13.4</ele>
    <time>2025-06-16T17:01:40Z</time>
   </trkpt>
   <trkpt lat="51.5408800" lon="-0.0290480">
    <ele>13.4</ele>
    <time>2025-06-16T17:01:41Z</time>
   </trkpt>
   <trkpt lat="51.5409180" lon="-0.0290720">
    <ele>13.4</ele>
    <time>2025-06-16T17:01:42Z</time>
   </trkpt>
   <trkpt lat="51.5409460" lon="-0.0290850">
    <ele>13.4</ele>
    <time>2025-06-16T17:01:43Z</time>
   </trkpt>
   <trkpt lat="51.5409760" lon="-0.0291090">
    <ele>13.4</ele>
    <time>2025-06-16T17:01:44Z</time>
   </trkpt>
   <trkpt lat="51.5410050" lon="-0.0291210">
    <ele>13.4</ele>
    <time>2025-06-16T17:01:45Z</time>
   </trkpt>
   <trkpt lat="51.5410330" lon="-0.0291300">
    <ele>13.4</ele>
    <time>2025-06-16T17:01:46Z</time>
   </trkpt>
   <trkpt lat="51.5410620" lon="-0.0291500">
    <ele>13.4</ele>
    <time>2025-06-16T17:01:47Z</time>
   </trkpt>
   <trkpt lat="51.5410940" lon="-0.0291680">
    <ele>13.4</ele>
    <time>2025-06-16T17:01:48Z</time>
   </trkpt>
   <trkpt lat="51.5411350" lon="-0.0291840">
    <ele>13.4</ele>
    <time>2025-06-16T17:01:49Z</time>
   </trkpt>
   <trkpt lat="51.5411520" lon="-0.0291880">
    <ele>13.4</ele>
    <time>2025-06-16T17:01:50Z</time>
   </trkpt>
   <trkpt lat="51.5411840" lon="-0.0292090">
    <ele>13.4</ele>
    <time>2025-06-16T17:01:51Z</time>
   </trkpt>
   <trkpt lat="51.5412120" lon="-0.0292580">
    <ele>13.4</ele>
    <time>2025-06-16T17:01:52Z</time>
   </trkpt>
   <trkpt lat="51.5412460" lon="-0.0292730">
    <ele>13.4</ele>
    <time>2025-06-16T17:01:53Z</time>
   </trkpt>
   <trkpt lat="51.5412710" lon="-0.0292930">
    <ele>13.4</ele>
    <time>2025-06-16T17:01:54Z</time>
   </trkpt>
   <trkpt lat="51.5413010" lon="-0.0293190">
    <ele>13.4</ele>
    <time>2025-06-16T17:01:55Z</time>
   </trkpt>
   <trkpt lat="51.5413300" lon="-0.0293410">
    <ele>13.4</ele>
    <time>2025-06-16T17:01:56Z</time>
   </trkpt>
   <trkpt lat="51.5413560" lon="-0.0293640">
    <ele>13.5</ele>
    <time>2025-06-16T17:01:57Z</time>
   </trkpt>
   <trkpt lat="51.5413890" lon="-0.0293800">
    <ele>13.5</ele>
    <time>2025-06-16T17:01:58Z</time>
   </trkpt>
   <trkpt lat="51.5414170" lon="-0.0293970">
    <ele>13.5</ele>
    <time>2025-06-16T17:01:59Z</time>
   </trkpt>
   <trkpt lat="51.5414460" lon="-0.0294130">
    <ele>13.5</ele>
    <time>2025-06-16T17:02:00Z</time>
   </trkpt>
   <trkpt lat="51.5414780" lon="-0.0294310">
    <ele>13.5</ele>
    <time>2025-06-16T17:02:01Z</time>
   </trkpt>
   <trkpt lat="51.5415130" lon="-0.0294490">
    <ele>13.5</ele>
    <time>2025-06-16T17:02:02Z</time>
   </trkpt>
   <trkpt lat="51.5415390" lon="-0.0294790">
    <ele>13.6</ele>
    <time>2025-06-16T17:02:03Z</time>
   </trkpt>
   <trkpt lat="51.5415740" lon="-0.0295030">
    <ele>13.6</ele>
    <time>2025-06-16T17:02:04Z</time>
   </trkpt>
   <trkpt lat="51.5415890" lon="-0.0295120">
    <ele>13.6</ele>
    <time>2025-06-16T17:02:05Z</time>
   </trkpt>
   <trkpt lat="51.5416190" lon="-0.0295410">
    <ele>13.6</ele>
    <time>2025-06-16T17:02:06Z</time>
   </trkpt>
   <trkpt lat="51.5416590" lon="-0.0295740">
    <ele>13.6</ele>
    <time>2025-06-16T17:02:07Z</time>
   </trkpt>
   <trkpt lat="51.5416880" lon="-0.0295890">
    <ele>13.6</ele>
    <time>2025-06-16T17:02:08Z</time>
   </trkpt>
   <trkpt lat="51.5417160" lon="-0.0296080">
    <ele>13.6</ele>
    <time>2025-06-16T17:02:09Z</time>
   </trkpt>
   <trkpt lat="51.5417410" lon="-0.0296290">
    <ele>13.6</ele>
    <time>2025-06-16T17:02:10Z</time>
   </trkpt>
   <trkpt lat="51.5417670" lon="-0.0296640">
    <ele>13.6</ele>
    <time>2025-06-16T17:02:11Z</time>
   </trkpt>
   <trkpt lat="51.5417940" lon="-0.0296840">
    <ele>13.6</ele>
    <time>2025-06-16T17:02:12Z</time>
   </trkpt>
   <trkpt lat="51.5418260" lon="-0.0297170">
    <ele>13.6</ele>
    <time>2025-06-16T17:02:13Z</time>
   </trkpt>
   <trkpt lat="51.5418620" lon="-0.0297340">
    <ele>13.7</ele>
    <time>2025-06-16T17:02:14Z</time>
   </trkpt>
   <trkpt lat="51.5418870" lon="-0.0297600">
    <ele>13.7</ele>
    <time>2025-06-16T17:02:15Z</time>
   </trkpt>
   <trkpt lat="51.5419210" lon="-0.0297880">
    <ele>13.7</ele>
    <time>2025-06-16T17:02:16Z</time>
   </trkpt>
   <trkpt lat="51.5419520" lon="-0.0298020">
    <ele>13.7</ele>
    <time>2025-06-16T17:02:17Z</time>
   </trkpt>
   <trkpt lat="51.5419820" lon="-0.0298160">
    <ele>13.7</ele>
    <time>2025-06-16T17:02:18Z</time>
   </trkpt>
   <trkpt lat="51.5420080" lon="-0.0298340">
    <ele>13.7</ele>
    <time>2025-06-16T17:02:19Z</time>
   </trkpt>
   <trkpt lat="51.5420360" lon="-0.0298500">
    <ele>13.7</ele>
    <time>2025-06-16T17:02:20Z</time>
   </trkpt>
   <trkpt lat="51.5420610" lon="-0.0298690">
    <ele>13.7</ele>
    <time>2025-06-16T17:02:21Z</time>
   </trkpt>
   <trkpt lat="51.5420930" lon="-0.0298880">
    <ele>13.7</ele>
    <time>2025-06-16T17:02:22Z</time>
   </trkpt>
   <trkpt lat="51.5421190" lon="-0.0299130">
    <ele>13.7</ele>
    <time>2025-06-16T17:02:23Z</time>
   </trkpt>
   <trkpt lat="51.5421510" lon="-0.0299320">
    <ele>13.7</ele>
    <time>2025-06-16T17:02:24Z</time>
   </trkpt>
   <trkpt lat="51.5421850" lon="-0.0299690">
    <ele>13.7</ele>
    <time>2025-06-16T17:02:25Z</time>
   </trkpt>
   <trkpt lat="51.5422000" lon="-0.0299810">
    <ele>13.7</ele>
    <time>2025-06-16T17:02:26Z</time>
   </trkpt>
   <trkpt lat="51.5422280" lon="-0.0300110">
    <ele>13.7</ele>
    <time>2025-06-16T17:02:27Z</time>
   </trkpt>
   <trkpt lat="51.5422620" lon="-0.0300420">
    <ele>13.7</ele>
    <time>2025-06-16T17:02:28Z</time>
   </trkpt>
   <trkpt lat="51.5422990" lon="-0.0300810">
    <ele>13.7</ele>
    <time>2025-06-16T17:02:29Z</time>
   </trkpt>
   <trkpt lat="51.5423160" lon="-0.0300930">
    <ele>13.6</ele>
    <time>2025-06-16T17:02:30Z</time>
   </trkpt>
   <trkpt lat="51.5423440" lon="-0.0301260">
    <ele>13.6</ele>
    <time>2025-06-16T17:02:31Z</time>
   </trkpt>
   <trkpt lat="51.5423710" lon="-0.0301220">
    <ele>13.6</ele>
    <time>2025-06-16T17:02:32Z</time>
   </trkpt>
   <trkpt lat="51.5423990" lon="-0.0301690">
    <ele>13.6</ele>
    <time>2025-06-16T17:02:33Z</time>
   </trkpt>
   <trkpt lat="51.5424370" lon="-0.0302050">
    <ele>13.5</ele>
    <time>2025-06-16T17:02:34Z</time>
   </trkpt>
   <trkpt lat="51.5424660" lon="-0.0302400">
    <ele>13.5</ele>
    <time>2025-06-16T17:02:35Z</time>
   </trkpt>
   <trkpt lat="51.5425030" lon="-0.0302760">
    <ele>13.4</ele>
    <time>2025-06-16T17:02:36Z</time>
   </trkpt>
   <trkpt lat="51.5425330" lon="-0.0303120">
    <ele>13.4</ele>
    <time>2025-06-16T17:02:37Z</time>
   </trkpt>
   <trkpt lat="51.5425710" lon="-0.0303390">
    <ele>13.3</ele>
    <time>2025-06-16T17:02:38Z</time>
   </trkpt>
   <trkpt lat="51.5425970" lon="-0.0303760">
    <ele>13.3</ele>
    <time>2025-06-16T17:02:39Z</time>
   </trkpt>
   <trkpt lat="51.5426340" lon="-0.0304120">
    <ele>13.2</ele>
    <time>2025-06-16T17:02:40Z</time>
   </trkpt>
   <trkpt lat="51.5426530" lon="-0.0304430">
    <ele>13.2</ele>
    <time>2025-06-16T17:02:41Z</time>
   </trkpt>
   <trkpt lat="51.5426860" lon="-0.0304800">
    <ele>13.1</ele>
    <time>2025-06-16T17:02:42Z</time>
   </trkpt>
   <trkpt lat="51.5427170" lon="-0.0305020">
    <ele>13.0</ele>
    <time>2025-06-16T17:02:43Z</time>
   </trkpt>
   <trkpt lat="51.5427310" lon="-0.0305130">
    <ele>13.0</ele>
    <time>2025-06-16T17:02:44Z</time>
   </trkpt>
   <trkpt lat="51.5427580" lon="-0.0305500">
    <ele>12.9</ele>
    <time>2025-06-16T17:02:45Z</time>
   </trkpt>
   <trkpt lat="51.5427900" lon="-0.0305870">
    <ele>12.9</ele>
    <time>2025-06-16T17:02:46Z</time>
   </trkpt>
   <trkpt lat="51.5428180" lon="-0.0306280">
    <ele>12.8</ele>
    <time>2025-06-16T17:02:47Z</time>
   </trkpt>
   <trkpt lat="51.5428450" lon="-0.0306650">
    <ele>12.7</ele>
    <time>2025-06-16T17:02:48Z</time>
   </trkpt>
   <trkpt lat="51.5428720" lon="-0.0307230">
    <ele>12.6</ele>
    <time>2025-06-16T17:02:49Z</time>
   </trkpt>
   <trkpt lat="51.5429020" lon="-0.0307560">
    <ele>12.5</ele>
    <time>2025-06-16T17:02:50Z</time>
   </trkpt>
   <trkpt lat="51.5429250" lon="-0.0307910">
    <ele>12.5</ele>
    <time>2025-06-16T17:02:51Z</time>
   </trkpt>
   <trkpt lat="51.5429560" lon="-0.0308250">
    <ele>12.4</ele>
    <time>2025-06-16T17:02:52Z</time>
   </trkpt>
   <trkpt lat="51.5429780" lon="-0.0308690">
    <ele>12.4</ele>
    <time>2025-06-16T17:02:53Z</time>
   </trkpt>
   <trkpt lat="51.5430010" lon="-0.0309000">
    <ele>12.3</ele>
    <time>2025-06-16T17:02:54Z</time>
   </trkpt>
   <trkpt lat="51.5430230" lon="-0.0309450">
    <ele>12.2</ele>
    <time>2025-06-16T17:02:55Z</time>
   </trkpt>
   <trkpt lat="51.5430470" lon="-0.0309850">
    <ele>12.2</ele>
    <time>2025-06-16T17:02:56Z</time>
   </trkpt>
   <trkpt lat="51.5430790" lon="-0.0310280">
    <ele>12.1</ele>
    <time>2025-06-16T17:02:57Z</time>
   </trkpt>
   <trkpt lat="51.5430960" lon="-0.0310660">
    <ele>12.0</ele>
    <time>2025-06-16T17:02:58Z</time>
   </trkpt>
   <trkpt lat="51.5431200" lon="-0.0311000">
    <ele>12.0</ele>
    <time>2025-06-16T17:02:59Z</time>
   </trkpt>
   <trkpt lat="51.5431510" lon="-0.0311390">
    <ele>11.9</ele>
    <time>2025-06-16T17:03:00Z</time>
   </trkpt>
   <trkpt lat="51.5431700" lon="-0.0311890">
    <ele>11.8</ele>
    <time>2025-06-16T17:03:01Z</time>
   </trkpt>
   <trkpt lat="51.5432000" lon="-0.0312260">
    <ele>11.8</ele>
    <time>2025-06-16T17:03:02Z</time>
   </trkpt>
   <trkpt lat="51.5432170" lon="-0.0312740">
    <ele>11.7</ele>
    <time>2025-06-16T17:03:03Z</time>
   </trkpt>
   <trkpt lat="51.5432400" lon="-0.0313050">
    <ele>11.6</ele>
    <time>2025-06-16T17:03:04Z</time>
   </trkpt>
   <trkpt lat="51.5432580" lon="-0.0313500">
    <ele>11.6</ele>
    <time>2025-06-16T17:03:05Z</time>
   </trkpt>
   <trkpt lat="51.5432850" lon="-0.0313840">
    <ele>11.5</ele>
    <time>2025-06-16T17:03:06Z</time>
   </trkpt>
   <trkpt lat="51.5433050" lon="-0.0314140">
    <ele>11.4</ele>
    <time>2025-06-16T17:03:07Z</time>
   </trkpt>
   <trkpt lat="51.5433260" lon="-0.0314550">
    <ele>11.4</ele>
    <time>2025-06-16T17:03:08Z</time>
   </trkpt>
   <trkpt lat="51.5433480" lon="-0.0315060">
    <ele>11.3</ele>
    <time>2025-06-16T17:03:09Z</time>
   </trkpt>
   <trkpt lat="51.5433730" lon="-0.0315430">
    <ele>11.2</ele>
    <time>2025-06-16T17:03:10Z</time>
   </trkpt>
   <trkpt lat="51.5433970" lon="-0.0315880">
    <ele>11.2</ele>
    <time>2025-06-16T17:03:11Z</time>
   </trkpt>
   <trkpt lat="51.5434150" lon="-0.0316290">
    <ele>11.1</ele>
    <time>2025-06-16T17:03:12Z</time>
   </trkpt>
   <trkpt lat="51.5434350" lon="-0.0316750">
    <ele>11.1</ele>
    <time>2025-06-16T17:03:13Z</time>
   </trkpt>
   <trkpt lat="51.5434550" lon="-0.0317090">
    <ele>11.1</ele>
    <time>2025-06-16T17:03:14Z</time>
   </trkpt>
   <trkpt lat="51.5434760" lon="-0.0317640">
    <ele>11.1</ele>
    <time>2025-06-16T17:03:15Z</time>
   </trkpt>
   <trkpt lat="51.5435040" lon="-0.0318100">
    <ele>11.1</ele>
    <time>2025-06-16T17:03:16Z</time>
   </trkpt>
   <trkpt lat="51.5435300" lon="-0.0318570">
    <ele>11.1</ele>
    <time>2025-06-16T17:03:17Z</time>
   </trkpt>
   <trkpt lat="51.5435530" lon="-0.0318970">
    <ele>11.0</ele>
    <time>2025-06-16T17:03:18Z</time>
   </trkpt>
   <trkpt lat="51.5435690" lon="-0.0319530">
    <ele>11.0</ele>
    <time>2025-06-16T17:03:19Z</time>
   </trkpt>
   <trkpt lat="51.5435920" lon="-0.0319890">
    <ele>11.0</ele>
    <time>2025-06-16T17:03:20Z</time>
   </trkpt>
   <trkpt lat="51.5436130" lon="-0.0320330">
    <ele>11.0</ele>
    <time>2025-06-16T17:03:21Z</time>
   </trkpt>
   <trkpt lat="51.5436370" lon="-0.0320700">
    <ele>11.0</ele>
    <time>2025-06-16T17:03:22Z</time>
   </trkpt>
   <trkpt lat="51.5436590" lon="-0.0321080">
    <ele>11.0</ele>
    <time>2025-06-16T17:03:23Z</time>
   </trkpt>
   <trkpt lat="51.5436800" lon="-0.0321490">
    <ele>11.0</ele>
    <time>2025-06-16T17:03:24Z</time>
   </trkpt>
   <trkpt lat="51.5437030" lon="-0.0321790">
    <ele>11.0</ele>
    <time>2025-06-16T17:03:25Z</time>
   </trkpt>
   <trkpt lat="51.5437230" lon="-0.0322140">
    <ele>11.0</ele>
    <time>2025-06-16T17:03:26Z</time>
   </trkpt>
   <trkpt lat="51.5437370" lon="-0.0322600">
    <ele>11.0</ele>
    <time>2025-06-16T17:03:27Z</time>
   </trkpt>
   <trkpt lat="51.5437610" lon="-0.0323140">
    <ele>11.0</ele>
    <time>2025-06-16T17:03:28Z</time>
   </trkpt>
   <trkpt lat="51.5437680" lon="-0.0323360">
    <ele>11.0</ele>
    <time>2025-06-16T17:03:29Z</time>
   </trkpt>
   <trkpt lat="51.5437930" lon="-0.0323660">
    <ele>11.0</ele>
    <time>2025-06-16T17:03:30Z</time>
   </trkpt>
   <trkpt lat="51.5438110" lon="-0.0324160">
    <ele>11.0</ele>
    <time>2025-06-16T17:03:31Z</time>
   </trkpt>
   <trkpt lat="51.5438390" lon="-0.0324520">
    <ele>10.9</ele>
    <time>2025-06-16T17:03:32Z</time>
   </trkpt>
   <trkpt lat="51.5438560" lon="-0.0324990">
    <ele>10.9</ele>
    <time>2025-06-16T17:03:33Z</time>
   </trkpt>
   <trkpt lat="51.5438730" lon="-0.0325380">
    <ele>10.9</ele>
    <time>2025-06-16T17:03:34Z</time>
   </trkpt>
   <trkpt lat="51.5438940" lon="-0.0325850">
    <ele>10.9</ele>
    <time>2025-06-16T17:03:35Z</time>
   </trkpt>
   <trkpt lat="51.5439100" lon="-0.0326340">
    <ele>10.9</ele>
    <time>2025-06-16T17:03:36Z</time>
   </trkpt>
   <trkpt lat="51.5439270" lon="-0.0326880">
    <ele>10.9</ele>
    <time>2025-06-16T17:03:37Z</time>
   </trkpt>
   <trkpt lat="51.5439470" lon="-0.0327310">
    <ele>10.9</ele>
    <time>2025-06-16T17:03:38Z</time>
   </trkpt>
   <trkpt lat="51.5439650" lon="-0.0327720">
    <ele>10.9</ele>
    <time>2025-06-16T17:03:39Z</time>
   </trkpt>
   <trkpt lat="51.5439770" lon="-0.0328230">
    <ele>10.9</ele>
    <time>2025-06-16T17:03:40Z</time>
   </trkpt>
   <trkpt lat="51.5439860" lon="-0.0328810">
    <ele>10.9</ele>
    <time>2025-06-16T17:03:41Z</time>
   </trkpt>
   <trkpt lat="51.5440140" lon="-0.0329330">
    <ele>10.9</ele>
    <time>2025-06-16T17:03:42Z</time>
   </trkpt>
   <trkpt lat="51.5440080" lon="-0.0329880">
    <ele>10.9</ele>
    <time>2025-06-16T17:03:43Z</time>
   </trkpt>
   <trkpt lat="51.5440040" lon="-0.0330430">
    <ele>11.0</ele>
    <time>2025-06-16T17:03:44Z</time>
   </trkpt>
   <trkpt lat="51.5439870" lon="-0.0331010">
    <ele>11.1</ele>
    <time>2025-06-16T17:03:45Z</time>
   </trkpt>
   <trkpt lat="51.5439730" lon="-0.0331410">
    <ele>11.1</ele>
    <time>2025-06-16T17:03:46Z</time>
   </trkpt>
   <trkpt lat="51.5439470" lon="-0.0331760">
    <ele>11.2</ele>
    <time>2025-06-16T17:03:47Z</time>
   </trkpt>
   <trkpt lat="51.5439220" lon="-0.0332090">
    <ele>11.3</ele>
    <time>2025-06-16T17:03:48Z</time>
   </trkpt>
   <trkpt lat="51.5438930" lon="-0.0332410">
    <ele>11.3</ele>
    <time>2025-06-16T17:03:49Z</time>
   </trkpt>
   <trkpt lat="51.5438790" lon="-0.0332480">
    <ele>11.3</ele>
    <time>2025-06-16T17:03:50Z</time>
   </trkpt>
   <trkpt lat="51.5438640" lon="-0.0332910">
    <ele>11.4</ele>
    <time>2025-06-16T17:03:51Z</time>
   </trkpt>
   <trkpt lat="51.5438370" lon="-0.0333310">
    <ele>11.5</ele>
    <time>2025-06-16T17:03:52Z</time>
   </trkpt>
   <trkpt lat="51.5437980" lon="-0.0333660">
    <ele>11.6</ele>
    <time>2025-06-16T17:03:53Z</time>
   </trkpt>
   <trkpt lat="51.5437680" lon="-0.0333990">
    <ele>11.6</ele>
    <time>2025-06-16T17:03:54Z</time>
   </trkpt>
   <trkpt lat="51.5437450" lon="-0.0334300">
    <ele>11.7</ele>
    <time>2025-06-16T17:03:55Z</time>
   </trkpt>
   <trkpt lat="51.5437160" lon="-0.0334740">
    <ele>11.8</ele>
    <time>2025-06-16T17:03:56Z</time>
   </trkpt>
   <trkpt lat="51.5436870" lon="-0.0335150">
    <ele>11.8</ele>
    <time>2025-06-16T17:03:57Z</time>
   </trkpt>
   <trkpt lat="51.5436650" lon="-0.0335660">
    <ele>11.9</ele>
    <time>2025-06-16T17:03:58Z</time>
   </trkpt>
   <trkpt lat="51.5436360" lon="-0.0335980">
    <ele>12.0</ele>
    <time>2025-06-16T17:03:59Z</time>
   </trkpt>
   <trkpt lat="51.5436160" lon="-0.0336340">
    <ele>12.0</ele>
    <time>2025-06-16T17:04:00Z</time>
   </trkpt>
   <trkpt lat="51.5435940" lon="-0.0336640">
    <ele>12.0</ele>
    <time>2025-06-16T17:04:01Z</time>
   </trkpt>
   <trkpt lat="51.5435710" lon="-0.0336930">
    <ele>12.1</ele>
    <time>2025-06-16T17:04:02Z</time>
   </trkpt>
   <trkpt lat="51.5435400" lon="-0.0337250">
    <ele>12.1</ele>
    <time>2025-06-16T17:04:03Z</time>
   </trkpt>
   <trkpt lat="51.5435100" lon="-0.0337650">
    <ele>12.2</ele>
    <time>2025-06-16T17:04:04Z</time>
   </trkpt>
   <trkpt lat="51.5434770" lon="-0.0337910">
    <ele>12.3</ele>
    <time>2025-06-16T17:04:05Z</time>
   </trkpt>
   <trkpt lat="51.5434540" lon="-0.0338230">
    <ele>12.3</ele>
    <time>2025-06-16T17:04:06Z</time>
   </trkpt>
   <trkpt lat="51.5434290" lon="-0.0338460">
    <ele>12.3</ele>
    <time>2025-06-16T17:04:07Z</time>
   </trkpt>
   <trkpt lat="51.5434100" lon="-0.0338810">
    <ele>12.4</ele>
    <time>2025-06-16T17:04:08Z</time>
   </trkpt>
   <trkpt lat="51.5433830" lon="-0.0339210">
    <ele>12.4</ele>
    <time>2025-06-16T17:04:09Z</time>
   </trkpt>
   <trkpt lat="51.5433560" lon="-0.0339630">
    <ele>12.4</ele>
    <time>2025-06-16T17:04:10Z</time>
   </trkpt>
   <trkpt lat="51.5433360" lon="-0.0339930">
    <ele>12.5</ele>
    <time>2025-06-16T17:04:11Z</time>
   </trkpt>
   <trkpt lat="51.5433150" lon="-0.0340330">
    <ele>12.5</ele>
    <time>2025-06-16T17:04:12Z</time>
   </trkpt>
   <trkpt lat="51.5432920" lon="-0.0340570">
    <ele>12.5</ele>
    <time>2025-06-16T17:04:13Z</time>
   </trkpt>
   <trkpt lat="51.5432650" lon="-0.0340890">
    <ele>12.5</ele>
    <time>2025-06-16T17:04:14Z</time>
   </trkpt>
   <trkpt lat="51.5432490" lon="-0.0341350">
    <ele>12.5</ele>
    <time>2025-06-16T17:04:15Z</time>
   </trkpt>
   <trkpt lat="51.5432260" lon="-0.0341810">
    <ele>12.6</ele>
    <time>2025-06-16T17:04:16Z</time>
   </trkpt>
   <trkpt lat="51.5431960" lon="-0.0342180">
    <ele>12.6</ele>
    <time>2025-06-16T17:04:17Z</time>
   </trkpt>
   <trkpt lat="51.5431710" lon="-0.0342570">
    <ele>12.6</ele>
    <time>2025-06-16T17:04:18Z</time>
   </trkpt>
   <trkpt lat="51.5431470" lon="-0.0342920">
    <ele>12.6</ele>
    <time>2025-06-16T17:04:19Z</time>
   </trkpt>
   <trkpt lat="51.5431210" lon="-0.0343310">
    <ele>12.6</ele>
    <time>2025-06-16T17:04:20Z</time>
   </trkpt>
   <trkpt lat="51.5430970" lon="-0.0343680">
    <ele>12.6</ele>
    <time>2025-06-16T17:04:21Z</time>
   </trkpt>
   <trkpt lat="51.5430720" lon="-0.0344040">
    <ele>12.7</ele>
    <time>2025-06-16T17:04:22Z</time>
   </trkpt>
   <trkpt lat="51.5430500" lon="-0.0344360">
    <ele>12.7</ele>
    <time>2025-06-16T17:04:23Z</time>
   </trkpt>
   <trkpt lat="51.5430290" lon="-0.0344710">
    <ele>12.7</ele>
    <time>2025-06-16T17:04:24Z</time>
   </trkpt>
   <trkpt lat="51.5430060" lon="-0.0345120">
    <ele>12.7</ele>
    <time>2025-06-16T17:04:25Z</time>
   </trkpt>
   <trkpt lat="51.5429820" lon="-0.0345560">
    <ele>12.7</ele>
    <time>2025-06-16T17:04:26Z</time>
   </trkpt>
   <trkpt lat="51.5429560" lon="-0.0345940">
    <ele>12.7</ele>
    <time>2025-06-16T17:04:27Z</time>
   </trkpt>
   <trkpt lat="51.5429210" lon="-0.0346310">
    <ele>12.7</ele>
    <time>2025-06-16T17:04:28Z</time>
   </trkpt>
   <trkpt lat="51.5428860" lon="-0.0346650">
    <ele>12.8</ele>
    <time>2025-06-16T17:04:29Z</time>
   </trkpt>
   <trkpt lat="51.5428690" lon="-0.0347090">
    <ele>12.8</ele>
    <time>2025-06-16T17:04:30Z</time>
   </trkpt>
   <trkpt lat="51.5428540" lon="-0.0347460">
    <ele>12.8</ele>
    <time>2025-06-16T17:04:31Z</time>
   </trkpt>
   <trkpt lat="51.5428260" lon="-0.0347850">
    <ele>12.8</ele>
    <time>2025-06-16T17:04:32Z</time>
   </trkpt>
   <trkpt lat="51.5427960" lon="-0.0348350">
    <ele>12.8</ele>
    <time>2025-06-16T17:04:33Z</time>
   </trkpt>
   <trkpt lat="51.5427840" lon="-0.0348560">
    <ele>12.8</ele>
    <time>2025-06-16T17:04:34Z</time>
   </trkpt>
   <trkpt lat="51.5427630" lon="-0.0348880">
    <ele>12.8</ele>
    <time>2025-06-16T17:04:35Z</time>
   </trkpt>
   <trkpt lat="51.5427370" lon="-0.0349240">
    <ele>12.8</ele>
    <time>2025-06-16T17:04:36Z</time>
   </trkpt>
   <trkpt lat="51.5427070" lon="-0.0349780">
    <ele>12.8</ele>
    <time>2025-06-16T17:04:37Z</time>
   </trkpt>
   <trkpt lat="51.5426960" lon="-0.0349990">
    <ele>12.8</ele>
    <time>2025-06-16T17:04:38Z</time>
   </trkpt>
   <trkpt lat="51.5426740" lon="-0.0350320">
    <ele>12.8</ele>
    <time>2025-06-16T17:04:39Z</time>
   </trkpt>
   <trkpt lat="51.5426520" lon="-0.0350780">
    <ele>12.9</ele>
    <time>2025-06-16T17:04:40Z</time>
   </trkpt>
   <trkpt lat="51.5426270" lon="-0.0351160">
    <ele>12.9</ele>
    <time>2025-06-16T17:04:41Z</time>
   </trkpt>
   <trkpt lat="51.5426060" lon="-0.0351480">
    <ele>12.9</ele>
    <time>2025-06-16T17:04:42Z</time>
   </trkpt>
   <trkpt lat="51.5425880" lon="-0.0351910">
    <ele>12.9</ele>
    <time>2025-06-16T17:04:43Z</time>
   </trkpt>
   <trkpt lat="51.5425660" lon="-0.0352200">
    <ele>12.9</ele>
    <time>2025-06-16T17:04:44Z</time>
   </trkpt>
   <trkpt lat="51.5425430" lon="-0.0352540">
    <ele>12.9</ele>
    <time>2025-06-16T17:04:45Z</time>
   </trkpt>
   <trkpt lat="51.5425230" lon="-0.0352860">
    <ele>12.9</ele>
    <time>2025-06-16T17:04:46Z</time>
   </trkpt>
   <trkpt lat="51.5424980" lon="-0.0353240">
    <ele>12.9</ele>
    <time>2025-06-16T17:04:47Z</time>
   </trkpt>
   <trkpt lat="51.5424590" lon="-0.0353620">
    <ele>12.9</ele>
    <time>2025-06-16T17:04:48Z</time>
   </trkpt>
   <trkpt lat="51.5424230" lon="-0.0353990">
    <ele>12.9</ele>
    <time>2025-06-16T17:04:49Z</time>
   </trkpt>
   <trkpt lat="51.5424020" lon="-0.0354400">
    <ele>12.9</ele>
    <time>2025-06-16T17:04:50Z</time>
   </trkpt>
   <trkpt lat="51.5423790" lon="-0.0354740">
    <ele>12.9</ele>
    <time>2025-06-16T17:04:51Z</time>
   </trkpt>
   <trkpt lat="51.5423550" lon="-0.0355150">
    <ele>12.9</ele>
    <time>2025-06-16T17:04:52Z</time>
   </trkpt>
   <trkpt lat="51.5423500" lon="-0.0355640">
    <ele>13.0</ele>
    <time>2025-06-16T17:04:53Z</time>
   </trkpt>
   <trkpt lat="51.5423340" lon="-0.0356010">
    <ele>13.0</ele>
    <time>2025-06-16T17:04:54Z</time>
   </trkpt>
   <trkpt lat="51.5423100" lon="-0.0356360">
    <ele>13.0</ele>
    <time>2025-06-16T17:04:55Z</time>
   </trkpt>
   <trkpt lat="51.5422910" lon="-0.0356760">
    <ele>13.0</ele>
    <time>2025-06-16T17:04:56Z</time>
   </trkpt>
   <trkpt lat="51.5422600" lon="-0.0357130">
    <ele>13.0</ele>
    <time>2025-06-16T17:04:57Z</time>
   </trkpt>
   <trkpt lat="51.5422440" lon="-0.0357510">
    <ele>13.0</ele>
    <time>2025-06-16T17:04:58Z</time>
   </trkpt>
   <trkpt lat="51.5422220" lon="-0.0357870">
    <ele>13.0</ele>
    <time>2025-06-16T17:04:59Z</time>
   </trkpt>
   <trkpt lat="51.5421950" lon="-0.0358310">
    <ele>13.0</ele>
    <time>2025-06-16T17:05:00Z</time>
   </trkpt>
   <trkpt lat="51.5421710" lon="-0.0358660">
    <ele>13.0</ele>
    <time>2025-06-16T17:05:01Z</time>
   </trkpt>
   <trkpt lat="51.5421450" lon="-0.0358990">
    <ele>13.0</ele>
    <time>2025-06-16T17:05:02Z</time>
   </trkpt>
   <trkpt lat="51.5421170" lon="-0.0359380">
    <ele>13.0</ele>
    <time>2025-06-16T17:05:03Z</time>
   </trkpt>
   <trkpt lat="51.5420960" lon="-0.0359790">
    <ele>13.0</ele>
    <time>2025-06-16T17:05:04Z</time>
   </trkpt>
   <trkpt lat="51.5420680" lon="-0.0360170">
    <ele>13.0</ele>
    <time>2025-06-16T17:05:05Z</time>
   </trkpt>
   <trkpt lat="51.5420450" lon="-0.0360580">
    <ele>13.1</ele>
    <time>2025-06-16T17:05:06Z</time>
   </trkpt>
   <trkpt lat="51.5420280" lon="-0.0360990">
    <ele>13.1</ele>
    <time>2025-06-16T17:05:07Z</time>
   </trkpt>
   <trkpt lat="51.5420040" lon="-0.0361410">
    <ele>13.1</ele>
    <time>2025-06-16T17:05:08Z</time>
   </trkpt>
   <trkpt lat="51.5419820" lon="-0.0361720">
    <ele>13.1</ele>
    <time>2025-06-16T17:05:09Z</time>
   </trkpt>
   <trkpt lat="51.5419540" lon="-0.0362090">
    <ele>13.2</ele>
    <time>2025-06-16T17:05:10Z</time>
   </trkpt>
   <trkpt lat="51.5419230" lon="-0.0362310">
    <ele>13.2</ele>
    <time>2025-06-16T17:05:11Z</time>
   </trkpt>
   <trkpt lat="51.5418960" lon="-0.0362710">
    <ele>13.2</ele>
    <time>2025-06-16T17:05:12Z</time>
   </trkpt>
   <trkpt lat="51.5418750" lon="-0.0363040">
    <ele>13.2</ele>
    <time>2025-06-16T17:05:13Z</time>
   </trkpt>
   <trkpt lat="51.5418510" lon="-0.0363390">
    <ele>13.2</ele>
    <time>2025-06-16T17:05:14Z</time>
   </trkpt>
   <trkpt lat="51.5418220" lon="-0.0363710">
    <ele>13.3</ele>
    <time>2025-06-16T17:05:15Z</time>
   </trkpt>
   <trkpt lat="51.5418090" lon="-0.0364150">
    <ele>13.3</ele>
    <time>2025-06-16T17:05:16Z</time>
   </trkpt>
   <trkpt lat="51.5417900" lon="-0.0364520">
    <ele>13.3</ele>
    <time>2025-06-16T17:05:17Z</time>
   </trkpt>
   <trkpt lat="51.5417440" lon="-0.0364930">
    <ele>13.4</ele>
    <time>2025-06-16T17:05:18Z</time>
   </trkpt>
   <trkpt lat="51.5417140" lon="-0.0365290">
    <ele>13.4</ele>
    <time>2025-06-16T17:05:19Z</time>
   </trkpt>
   <trkpt lat="51.5416840" lon="-0.0365670">
    <ele>13.4</ele>
    <time>2025-06-16T17:05:20Z</time>
   </trkpt>
   <trkpt lat="51.5415500" lon="-0.0367890">
    <ele>13.5</ele>
    <time>2025-06-16T17:05:26Z</time>
   </trkpt>
   <trkpt lat="51.5415250" lon="-0.0368200">
    <ele>13.5</ele>
    <time>2025-06-16T17:05:27Z</time>
   </trkpt>
   <trkpt lat="51.5415000" lon="-0.0368560">
    <ele>13.5</ele>
    <time>2025-06-16T17:05:28Z</time>
   </trkpt>
   <trkpt lat="51.5414890" lon="-0.0368720">
    <ele>13.6</ele>
    <time>2025-06-16T17:05:29Z</time>
   </trkpt>
   <trkpt lat="51.5414600" lon="-0.0369090">
    <ele>13.6</ele>
    <time>2025-06-16T17:05:30Z</time>
   </trkpt>
   <trkpt lat="51.5414490" lon="-0.0369250">
    <ele>13.6</ele>
    <time>2025-06-16T17:05:31Z</time>
   </trkpt>
   <trkpt lat="51.5414210" lon="-0.0369570">
    <ele>13.6</ele>
    <time>2025-06-16T17:05:32Z</time>
   </trkpt>
   <trkpt lat="51.5413910" lon="-0.0370010">
    <ele>13.6</ele>
    <time>2025-06-16T17:05:33Z</time>
   </trkpt>
   <trkpt lat="51.5413780" lon="-0.0370190">
    <ele>13.7</ele>
    <time>2025-06-16T17:05:34Z</time>
   </trkpt>
   <trkpt lat="51.5413570" lon="-0.0370540">
    <ele>13.7</ele>
    <time>2025-06-16T17:05:35Z</time>
   </trkpt>
   <trkpt lat="51.5413360" lon="-0.0370920">
    <ele>13.7</ele>
    <time>2025-06-16T17:05:36Z</time>
   </trkpt>
   <trkpt lat="51.5413160" lon="-0.0371290">
    <ele>13.7</ele>
    <time>2025-06-16T17:05:37Z</time>
   </trkpt>
   <trkpt lat="51.5413000" lon="-0.0371690">
    <ele>13.7</ele>
    <time>2025-06-16T17:05:38Z</time>
   </trkpt>
   <trkpt lat="51.5412810" lon="-0.0372060">
    <ele>13.7</ele>
    <time>2025-06-16T17:05:39Z</time>
   </trkpt>
   <trkpt lat="51.5412600" lon="-0.0372430">
    <ele>13.7</ele>
    <time>2025-06-16T17:05:40Z</time>
   </trkpt>
   <trkpt lat="51.5412360" lon="-0.0372770">
    <ele>13.7</ele>
    <time>2025-06-16T17:05:41Z</time>
   </trkpt>
   <trkpt lat="51.5412130" lon="-0.0373130">
    <ele>13.7</ele>
    <time>2025-06-16T17:05:42Z</time>
   </trkpt>
   <trkpt lat="51.5411910" lon="-0.0373430">
    <ele>13.7</ele>
    <time>2025-06-16T17:05:43Z</time>
   </trkpt>
   <trkpt lat="51.5411640" lon="-0.0373720">
    <ele>13.7</ele>
    <time>2025-06-16T17:05:44Z</time>
   </trkpt>
   <trkpt lat="51.5411470" lon="-0.0374070">
    <ele>13.7</ele>
    <time>2025-06-16T17:05:45Z</time>
   </trkpt>
   <trkpt lat="51.5411200" lon="-0.0374370">
    <ele>13.7</ele>
    <time>2025-06-16T17:05:46Z</time>
   </trkpt>
   <trkpt lat="51.5410940" lon="-0.0374680">
    <ele>13.7</ele>
    <time>2025-06-16T17:05:47Z</time>
   </trkpt>
   <trkpt lat="51.5410700" lon="-0.0374980">
    <ele>13.7</ele>
    <time>2025-06-16T17:05:48Z</time>
   </trkpt>
   <trkpt lat="51.5410430" lon="-0.0375260">
    <ele>13.7</ele>
    <time>2025-06-16T17:05:49Z</time>
   </trkpt>
   <trkpt lat="51.5410060" lon="-0.0375710">
    <ele>13.7</ele>
    <time>2025-06-16T17:05:50Z</time>
   </trkpt>
   <trkpt lat="51.5409600" lon="-0.0376130">
    <ele>13.7</ele>
    <time>2025-06-16T17:05:51Z</time>
   </trkpt>
   <trkpt lat="51.5409310" lon="-0.0376420">
    <ele>13.7</ele>
    <time>2025-06-16T17:05:52Z</time>
   </trkpt>
   <trkpt lat="51.5408980" lon="-0.0376620">
    <ele>13.8</ele>
    <time>2025-06-16T17:05:53Z</time>
   </trkpt>
   <trkpt lat="51.5408650" lon="-0.0376790">
    <ele>13.8</ele>
    <time>2025-06-16T17:05:54Z</time>
   </trkpt>
   <trkpt lat="51.5408410" lon="-0.0377180">
    <ele>13.8</ele>
    <time>2025-06-16T17:05:55Z</time>
   </trkpt>
   <trkpt lat="51.5408150" lon="-0.0377500">
    <ele>13.8</ele>
    <time>2025-06-16T17:05:56Z</time>
   </trkpt>
   <trkpt lat="51.5407830" lon="-0.0377870">
    <ele>13.8</ele>
    <time>2025-06-16T17:05:57Z</time>
   </trkpt>
   <trkpt lat="51.5407570" lon="-0.0378170">
    <ele>13.8</ele>
    <time>2025-06-16T17:05:58Z</time>
   </trkpt>
   <trkpt lat="51.5407320" lon="-0.0378530">
    <ele>13.8</ele>
    <time>2025-06-16T17:05:59Z</time>
   </trkpt>
   <trkpt lat="51.5407080" lon="-0.0378990">
    <ele>13.8</ele>
    <time>2025-06-16T17:06:00Z</time>
   </trkpt>
   <trkpt lat="51.5406710" lon="-0.0379450">
    <ele>13.8</ele>
    <time>2025-06-16T17:06:01Z</time>
   </trkpt>
   <trkpt lat="51.5406500" lon="-0.0379580">
    <ele>13.8</ele>
    <time>2025-06-16T17:06:02Z</time>
   </trkpt>
   <trkpt lat="51.5406220" lon="-0.0379910">
    <ele>13.8</ele>
    <time>2025-06-16T17:06:03Z</time>
   </trkpt>
   <trkpt lat="51.5406010" lon="-0.0380250">
    <ele>13.8</ele>
    <time>2025-06-16T17:06:04Z</time>
   </trkpt>
   <trkpt lat="51.5405800" lon="-0.0380550">
    <ele>13.9</ele>
    <time>2025-06-16T17:06:05Z</time>
   </trkpt>
   <trkpt lat="51.5405530" lon="-0.0380940">
    <ele>13.9</ele>
    <time>2025-06-16T17:06:06Z</time>
   </trkpt>
   <trkpt lat="51.5405250" lon="-0.0381280">
    <ele>13.9</ele>
    <time>2025-06-16T17:06:07Z</time>
   </trkpt>
   <trkpt lat="51.5404850" lon="-0.0381730">
    <ele>13.9</ele>
    <time>2025-06-16T17:06:08Z</time>
   </trkpt>
   <trkpt lat="51.5404570" lon="-0.0382060">
    <ele>13.9</ele>
    <time>2025-06-16T17:06:09Z</time>
   </trkpt>
   <trkpt lat="51.5404310" lon="-0.0382350">
    <ele>13.9</ele>
    <time>2025-06-16T17:06:10Z</time>
   </trkpt>
   <trkpt lat="51.5403980" lon="-0.0382640">
    <ele>13.9</ele>
    <time>2025-06-16T17:06:11Z</time>
   </trkpt>
   <trkpt lat="51.5403710" lon="-0.0383000">
    <ele>13.9</ele>
    <time>2025-06-16T17:06:12Z</time>
   </trkpt>
   <trkpt lat="51.5403340" lon="-0.0383260">
    <ele>14.0</ele>
    <time>2025-06-16T17:06:13Z</time>
   </trkpt>
   <trkpt lat="51.5402980" lon="-0.0383640">
    <ele>14.0</ele>
    <time>2025-06-16T17:06:14Z</time>
   </trkpt>
   <trkpt lat="51.5402700" lon="-0.0384020">
    <ele>14.0</ele>
    <time>2025-06-16T17:06:15Z</time>
   </trkpt>
   <trkpt lat="51.5402440" lon="-0.0384380">
    <ele>14.0</ele>
    <time>2025-06-16T17:06:16Z</time>
   </trkpt>
   <trkpt lat="51.5401940" lon="-0.0384760">
    <ele>14.0</ele>
    <time>2025-06-16T17:06:17Z</time>
   </trkpt>
   <trkpt lat="51.5401670" lon="-0.0385060">
    <ele>14.0</ele>
    <time>2025-06-16T17:06:18Z</time>
   </trkpt>
   <trkpt lat="51.5401130" lon="-0.0385330">
    <ele>14.0</ele>
    <time>2025-06-16T17:06:19Z</time>
   </trkpt>
   <trkpt lat="51.5400760" lon="-0.0385480">
    <ele>14.0</ele>
    <time>2025-06-16T17:06:20Z</time>
   </trkpt>
   <trkpt lat="51.5400480" lon="-0.0385910">
    <ele>14.0</ele>
    <time>2025-06-16T17:06:21Z</time>
   </trkpt>
   <trkpt lat="51.5400070" lon="-0.0386180">
    <ele>14.0</ele>
    <time>2025-06-16T17:06:22Z</time>
   </trkpt>
   <trkpt lat="51.5399730" lon="-0.0386500">
    <ele>14.0</ele>
    <time>2025-06-16T17:06:23Z</time>
   </trkpt>
   <trkpt lat="51.5399310" lon="-0.0386780">
    <ele>14.0</ele>
    <time>2025-06-16T17:06:24Z</time>
   </trkpt>
   <trkpt lat="51.5399020" lon="-0.0387140">
    <ele>14.0</ele>
    <time>2025-06-16T17:06:25Z</time>
   </trkpt>
   <trkpt lat="51.5398650" lon="-0.0387540">
    <ele>14.0</ele>
    <time>2025-06-16T17:06:26Z</time>
   </trkpt>
   <trkpt lat="51.5398330" lon="-0.0387840">
    <ele>14.0</ele>
    <time>2025-06-16T17:06:27Z</time>
   </trkpt>
   <trkpt lat="51.5398030" lon="-0.0388120">
    <ele>14.0</ele>
    <time>2025-06-16T17:06:28Z</time>
   </trkpt>
   <trkpt lat="51.5397660" lon="-0.0388460">
    <ele>14.0</ele>
    <time>2025-06-16T17:06:29Z</time>
   </trkpt>
   <trkpt lat="51.5397330" lon="-0.0388760">
    <ele>14.1</ele>
    <time>2025-06-16T17:06:30Z</time>
   </trkpt>
   <trkpt lat="51.5397040" lon="-0.0389140">
    <ele>14.1</ele>
    <time>2025-06-16T17:06:31Z</time>
   </trkpt>
   <trkpt lat="51.5396710" lon="-0.0389380">
    <ele>14.1</ele>
    <time>2025-06-16T17:06:32Z</time>
   </trkpt>
   <trkpt lat="51.5396440" lon="-0.0389840">
    <ele>14.1</ele>
    <time>2025-06-16T17:06:33Z</time>
   </trkpt>
   <trkpt lat="51.5396070" lon="-0.0390170">
    <ele>14.1</ele>
    <time>2025-06-16T17:06:34Z</time>
   </trkpt>
   <trkpt lat="51.5395860" lon="-0.0390660">
    <ele>14.1</ele>
    <time>2025-06-16T17:06:35Z</time>
   </trkpt>
   <trkpt lat="51.5395620" lon="-0.0390860">
    <ele>14.1</ele>
    <time>2025-06-16T17:06:36Z</time>
   </trkpt>
   <trkpt lat="51.5395360" lon="-0.0391280">
    <ele>14.1</ele>
    <time>2025-06-16T17:06:37Z</time>
   </trkpt>
   <trkpt lat="51.5395020" lon="-0.0391560">
    <ele>14.1</ele>
    <time>2025-06-16T17:06:38Z</time>
   </trkpt>
   <trkpt lat="51.5394770" lon="-0.0391950">
    <ele>14.1</ele>
    <time>2025-06-16T17:06:39Z</time>
   </trkpt>
   <trkpt lat="51.5394400" lon="-0.0392160">
    <ele>14.1</ele>
    <time>2025-06-16T17:06:40Z</time>
   </trkpt>
   <trkpt lat="51.5394160" lon="-0.0392610">
    <ele>14.1</ele>
    <time>2025-06-16T17:06:41Z</time>
   </trkpt>
   <trkpt lat="51.5393870" lon="-0.0392960">
    <ele>14.1</ele>
    <time>2025-06-16T17:06:42Z</time>
   </trkpt>
   <trkpt lat="51.5393540" lon="-0.0393230">
    <ele>14.1</ele>
    <time>2025-06-16T17:06:43Z</time>
   </trkpt>
   <trkpt lat="51.5392990" lon="-0.0393450">
    <ele>14.1</ele>
    <time>2025-06-16T17:06:44Z</time>
   </trkpt>
   <trkpt lat="51.5392750" lon="-0.0393750">
    <ele>14.1</ele>
    <time>2025-06-16T17:06:45Z</time>
   </trkpt>
   <trkpt lat="51.5392410" lon="-0.0394040">
    <ele>14.1</ele>
    <time>2025-06-16T17:06:46Z</time>
   </trkpt>
   <trkpt lat="51.5392010" lon="-0.0394520">
    <ele>14.1</ele>
    <time>2025-06-16T17:06:47Z</time>
   </trkpt>
   <trkpt lat="51.5391670" lon="-0.0394750">
    <ele>14.1</ele>
    <time>2025-06-16T17:06:48Z</time>
   </trkpt>
   <trkpt lat="51.5391410" lon="-0.0395140">
    <ele>14.1</ele>
    <time>2025-06-16T17:06:49Z</time>
   </trkpt>
   <trkpt lat="51.5391060" lon="-0.0395420">
    <ele>14.1</ele>
    <time>2025-06-16T17:06:50Z</time>
   </trkpt>
   <trkpt lat="51.5390710" lon="-0.0395730">
    <ele>14.1</ele>
    <time>2025-06-16T17:06:51Z</time>
   </trkpt>
   <trkpt lat="51.5390430" lon="-0.0396100">
    <ele>14.1</ele>
    <time>2025-06-16T17:06:52Z</time>
   </trkpt>
   <trkpt lat="51.5390130" lon="-0.0396440">
    <ele>14.1</ele>
    <time>2025-06-16T17:06:53Z</time>
   </trkpt>
   <trkpt lat="51.5389900" lon="-0.0396980">
    <ele>14.1</ele>
    <time>2025-06-16T17:06:54Z</time>
   </trkpt>
   <trkpt lat="51.5389440" lon="-0.0397460">
    <ele>14.1</ele>
    <time>2025-06-16T17:06:55Z</time>
   </trkpt>
   <trkpt lat="51.5389170" lon="-0.0397860">
    <ele>14.1</ele>
    <time>2025-06-16T17:06:56Z</time>
   </trkpt>
   <trkpt lat="51.5388750" lon="-0.0398230">
    <ele>14.1</ele>
    <time>2025-06-16T17:06:57Z</time>
   </trkpt>
   <trkpt lat="51.5388440" lon="-0.0398520">
    <ele>14.1</ele>
    <time>2025-06-16T17:06:58Z</time>
   </trkpt>
   <trkpt lat="51.5388080" lon="-0.0398890">
    <ele>14.1</ele>
    <time>2025-06-16T17:06:59Z</time>
   </trkpt>
   <trkpt lat="51.5387800" lon="-0.0399210">
    <ele>14.1</ele>
    <time>2025-06-16T17:07:00Z</time>
   </trkpt>
   <trkpt lat="51.5387420" lon="-0.0399570">
    <ele>14.1</ele>
    <time>2025-06-16T17:07:01Z</time>
   </trkpt>
   <trkpt lat="51.5387080" lon="-0.0399970">
    <ele>14.0</ele>
    <time>2025-06-16T17:07:02Z</time>
   </trkpt>
   <trkpt lat="51.5386770" lon="-0.0400320">
    <ele>14.0</ele>
    <time>2025-06-16T17:07:03Z</time>
   </trkpt>
   <trkpt lat="51.5386470" lon="-0.0400700">
    <ele>14.0</ele>
    <time>2025-06-16T17:07:04Z</time>
   </trkpt>
   <trkpt lat="51.5386120" lon="-0.0400940">
    <ele>14.0</ele>
    <time>2025-06-16T17:07:05Z</time>
   </trkpt>
   <trkpt lat="51.5385790" lon="-0.0401410">
    <ele>14.0</ele>
    <time>2025-06-16T17:07:06Z</time>
   </trkpt>
   <trkpt lat="51.5385400" lon="-0.0401660">
    <ele>14.0</ele>
    <time>2025-06-16T17:07:07Z</time>
   </trkpt>
   <trkpt lat="51.5385110" lon="-0.0402060">
    <ele>14.0</ele>
    <time>2025-06-16T17:07:08Z</time>
   </trkpt>
   <trkpt lat="51.5384770" lon="-0.0402330">
    <ele>14.0</ele>
    <time>2025-06-16T17:07:09Z</time>
   </trkpt>
   <trkpt lat="51.5384440" lon="-0.0402720">
    <ele>14.0</ele>
    <time>2025-06-16T17:07:10Z</time>
   </trkpt>
   <trkpt lat="51.5384120" lon="-0.0403090">
    <ele>14.0</ele>
    <time>2025-06-16T17:07:11Z</time>
   </trkpt>
   <trkpt lat="51.5383810" lon="-0.0403460">
    <ele>14.0</ele>
    <time>2025-06-16T17:07:12Z</time>
   </trkpt>
   <trkpt lat="51.5383510" lon="-0.0403810">
    <ele>14.0</ele>
    <time>2025-06-16T17:07:13Z</time>
   </trkpt>
   <trkpt lat="51.5383170" lon="-0.0404190">
    <ele>14.0</ele>
    <time>2025-06-16T17:07:14Z</time>
   </trkpt>
   <trkpt lat="51.5382850" lon="-0.0404660">
    <ele>13.9</ele>
    <time>2025-06-16T17:07:15Z</time>
   </trkpt>
   <trkpt lat="51.5382490" lon="-0.0405060">
    <ele>13.9</ele>
    <time>2025-06-16T17:07:16Z</time>
   </trkpt>
   <trkpt lat="51.5382100" lon="-0.0405330">
    <ele>13.9</ele>
    <time>2025-06-16T17:07:17Z</time>
   </trkpt>
   <trkpt lat="51.5381820" lon="-0.0405690">
    <ele>13.9</ele>
    <time>2025-06-16T17:07:18Z</time>
   </trkpt>
   <trkpt lat="51.5381560" lon="-0.0406100">
    <ele>13.9</ele>
    <time>2025-06-16T17:07:19Z</time>
   </trkpt>
   <trkpt lat="51.5381130" lon="-0.0406350">
    <ele>13.8</ele>
    <time>2025-06-16T17:07:20Z</time>
   </trkpt>
   <trkpt lat="51.5380820" lon="-0.0406770">
    <ele>13.8</ele>
    <time>2025-06-16T17:07:21Z</time>
   </trkpt>
   <trkpt lat="51.5380390" lon="-0.0407130">
    <ele>13.8</ele>
    <time>2025-06-16T17:07:22Z</time>
   </trkpt>
   <trkpt lat="51.5380070" lon="-0.0407540">
    <ele>13.8</ele>
    <time>2025-06-16T17:07:23Z</time>
   </trkpt>
   <trkpt lat="51.5379710" lon="-0.0407770">
    <ele>13.8</ele>
    <time>2025-06-16T17:07:24Z</time>
   </trkpt>
   <trkpt lat="51.5379320" lon="-0.0408020">
    <ele>13.8</ele>
    <time>2025-06-16T17:07:25Z</time>
   </trkpt>
   <trkpt lat="51.5379050" lon="-0.0408320">
    <ele>13.7</ele>
    <time>2025-06-16T17:07:26Z</time>
   </trkpt>
   <trkpt lat="51.5378750" lon="-0.0408650">
    <ele>13.7</ele>
    <time>2025-06-16T17:07:27Z</time>
   </trkpt>
   <trkpt lat="51.5378500" lon="-0.0408970">
    <ele>13.7</ele>
    <time>2025-06-16T17:07:28Z</time>
   </trkpt>
   <trkpt lat="51.5378090" lon="-0.0409400">
    <ele>13.7</ele>
    <time>2025-06-16T17:07:29Z</time>
   </trkpt>
   <trkpt lat="51.5377720" lon="-0.0409660">
    <ele>13.7</ele>
    <time>2025-06-16T17:07:30Z</time>
   </trkpt>
   <trkpt lat="51.5377400" lon="-0.0409990">
    <ele>13.7</ele>
    <time>2025-06-16T17:07:31Z</time>
   </trkpt>
   <trkpt lat="51.5377110" lon="-0.0410310">
    <ele>13.7</ele>
    <time>2025-06-16T17:07:32Z</time>
   </trkpt>
   <trkpt lat="51.5376780" lon="-0.0410600">
    <ele>13.7</ele>
    <time>2025-06-16T17:07:33Z</time>
   </trkpt>
   <trkpt lat="51.5376480" lon="-0.0410920">
    <ele>13.7</ele>
    <time>2025-06-16T17:07:34Z</time>
   </trkpt>
   <trkpt lat="51.5376240" lon="-0.0411320">
    <ele>13.7</ele>
    <time>2025-06-16T17:07:35Z</time>
   </trkpt>
   <trkpt lat="51.5375820" lon="-0.0411680">
    <ele>13.7</ele>
    <time>2025-06-16T17:07:36Z</time>
   </trkpt>
   <trkpt lat="51.5375460" lon="-0.0411970">
    <ele>13.7</ele>
    <time>2025-06-16T17:07:37Z</time>
   </trkpt>
   <trkpt lat="51.5375190" lon="-0.0412530">
    <ele>13.7</ele>
    <time>2025-06-16T17:07:38Z</time>
   </trkpt>
   <trkpt lat="51.5375020" lon="-0.0412700">
    <ele>13.7</ele>
    <time>2025-06-16T17:07:39Z</time>
   </trkpt>
   <trkpt lat="51.5374840" lon="-0.0413240">
    <ele>13.7</ele>
    <time>2025-06-16T17:07:40Z</time>
   </trkpt>
   <trkpt lat="51.5374440" lon="-0.0413600">
    <ele>13.7</ele>
    <time>2025-06-16T17:07:41Z</time>
   </trkpt>
   <trkpt lat="51.5374170" lon="-0.0414060">
    <ele>13.7</ele>
    <time>2025-06-16T17:07:42Z</time>
   </trkpt>
   <trkpt lat="51.5373890" lon="-0.0414520">
    <ele>13.7</ele>
    <time>2025-06-16T17:07:43Z</time>
   </trkpt>
   <trkpt lat="51.5373620" lon="-0.0415060">
    <ele>13.7</ele>
    <time>2025-06-16T17:07:44Z</time>
   </trkpt>
   <trkpt lat="51.5373330" lon="-0.0415550">
    <ele>13.7</ele>
    <time>2025-06-16T17:07:45Z</time>
   </trkpt>
   <trkpt lat="51.5373030" lon="-0.0416190">
    <ele>13.8</ele>
    <time>2025-06-16T17:07:46Z</time>
   </trkpt>
   <trkpt lat="51.5372760" lon="-0.0416630">
    <ele>13.8</ele>
    <time>2025-06-16T17:07:47Z</time>
   </trkpt>
   <trkpt lat="51.5372470" lon="-0.0417070">
    <ele>13.8</ele>
    <time>2025-06-16T17:07:48Z</time>
   </trkpt>
   <trkpt lat="51.5372200" lon="-0.0417560">
    <ele>13.8</ele>
    <time>2025-06-16T17:07:49Z</time>
   </trkpt>
   <trkpt lat="51.5371970" lon="-0.0418130">
    <ele>13.8</ele>
    <time>2025-06-16T17:07:50Z</time>
   </trkpt>
   <trkpt lat="51.5371660" lon="-0.0418690">
    <ele>13.8</ele>
    <time>2025-06-16T17:07:51Z</time>
   </trkpt>
   <trkpt lat="51.5371410" lon="-0.0419310">
    <ele>13.9</ele>
    <time>2025-06-16T17:07:52Z</time>
   </trkpt>
   <trkpt lat="51.5371240" lon="-0.0419770">
    <ele>13.9</ele>
    <time>2025-06-16T17:07:53Z</time>
   </trkpt>
   <trkpt lat="51.5371080" lon="-0.0420440">
    <ele>13.9</ele>
    <time>2025-06-16T17:07:54Z</time>
   </trkpt>
   <trkpt lat="51.5370800" lon="-0.0420860">
    <ele>13.9</ele>
    <time>2025-06-16T17:07:55Z</time>
   </trkpt>
   <trkpt lat="51.5370590" lon="-0.0421140">
    <ele>13.9</ele>
    <time>2025-06-16T17:07:56Z</time>
   </trkpt>
   <trkpt lat="51.5370390" lon="-0.0421650">
    <ele>13.9</ele>
    <time>2025-06-16T17:07:57Z</time>
   </trkpt>
   <trkpt lat="51.5370210" lon="-0.0422140">
    <ele>13.9</ele>
    <time>2025-06-16T17:07:58Z</time>
   </trkpt>
   <trkpt lat="51.5370020" lon="-0.0422630">
    <ele>14.0</ele>
    <time>2025-06-16T17:07:59Z</time>
   </trkpt>
   <trkpt lat="51.5369720" lon="-0.0423240">
    <ele>14.0</ele>
    <time>2025-06-16T17:08:00Z</time>
   </trkpt>
   <trkpt lat="51.5369410" lon="-0.0423780">
    <ele>14.0</ele>
    <time>2025-06-16T17:08:01Z</time>
   </trkpt>
   <trkpt lat="51.5369230" lon="-0.0424320">
    <ele>14.0</ele>
    <time>2025-06-16T17:08:02Z</time>
   </trkpt>
   <trkpt lat="51.5369060" lon="-0.0424920">
    <ele>14.0</ele>
    <time>2025-06-16T17:08:03Z</time>
   </trkpt>
   <trkpt lat="51.5368730" lon="-0.0425330">
    <ele>14.0</ele>
    <time>2025-06-16T17:08:04Z</time>
   </trkpt>
   <trkpt lat="51.5368550" lon="-0.0425750">
    <ele>14.0</ele>
    <time>2025-06-16T17:08:05Z</time>
   </trkpt>
   <trkpt lat="51.5368310" lon="-0.0426120">
    <ele>14.0</ele>
    <time>2025-06-16T17:08:06Z</time>
   </trkpt>
   <trkpt lat="51.5368100" lon="-0.0426560">
    <ele>14.0</ele>
    <time>2025-06-16T17:08:07Z</time>
   </trkpt>
   <trkpt lat="51.5367940" lon="-0.0427030">
    <ele>14.0</ele>
    <time>2025-06-16T17:08:08Z</time>
   </trkpt>
   <trkpt lat="51.5367820" lon="-0.0427640">
    <ele>14.1</ele>
    <time>2025-06-16T17:08:09Z</time>
   </trkpt>
   <trkpt lat="51.5367780" lon="-0.0427900">
    <ele>14.1</ele>
    <time>2025-06-16T17:08:10Z</time>
   </trkpt>
   <trkpt lat="51.5367520" lon="-0.0428640">
    <ele>14.1</ele>
    <time>2025-06-16T17:08:11Z</time>
   </trkpt>
   <trkpt lat="51.5367280" lon="-0.0428920">
    <ele>14.1</ele>
    <time>2025-06-16T17:08:12Z</time>
   </trkpt>
   <trkpt lat="51.5367050" lon="-0.0429350">
    <ele>14.1</ele>
    <time>2025-06-16T17:08:13Z</time>
   </trkpt>
   <trkpt lat="51.5366890" lon="-0.0429850">
    <ele>14.1</ele>
    <time>2025-06-16T17:08:14Z</time>
   </trkpt>
   <trkpt lat="51.5366690" lon="-0.0430340">
    <ele>14.2</ele>
    <time>2025-06-16T17:08:15Z</time>
   </trkpt>
   <trkpt lat="51.5366360" lon="-0.0430890">
    <ele>14.2</ele>
    <time>2025-06-16T17:08:16Z</time>
   </trkpt>
   <trkpt lat="51.5366150" lon="-0.0431460">
    <ele>14.2</ele>
    <time>2025-06-16T17:08:17Z</time>
   </trkpt>
   <trkpt lat="51.5365920" lon="-0.0432090">
    <ele>14.3</ele>
    <time>2025-06-16T17:08:18Z</time>
   </trkpt>
   <trkpt lat="51.5365790" lon="-0.0432600">
    <ele>14.3</ele>
    <time>2025-06-16T17:08:19Z</time>
   </trkpt>
   <trkpt lat="51.5365550" lon="-0.0433140">
    <ele>14.3</ele>
    <time>2025-06-16T17:08:20Z</time>
   </trkpt>
   <trkpt lat="51.5365190" lon="-0.0433660">
    <ele>14.3</ele>
    <time>2025-06-16T17:08:21Z</time>
   </trkpt>
   <trkpt lat="51.5364740" lon="-0.0433980">
    <ele>14.3</ele>
    <time>2025-06-16T17:08:22Z</time>
   </trkpt>
   <trkpt lat="51.5364370" lon="-0.0433860">
    <ele>14.3</ele>
    <time>2025-06-16T17:08:23Z</time>
   </trkpt>
   <trkpt lat="51.5364040" lon="-0.0433740">
    <ele>14.4</ele>
    <time>2025-06-16T17:08:24Z</time>
   </trkpt>
   <trkpt lat="51.5363750" lon="-0.0434100">
    <ele>14.4</ele>
    <time>2025-06-16T17:08:25Z</time>
   </trkpt>
   <trkpt lat="51.5363430" lon="-0.0434370">
    <ele>14.4</ele>
    <time>2025-06-16T17:08:26Z</time>
   </trkpt>
   <trkpt lat="51.5363100" lon="-0.0435080">
    <ele>14.4</ele>
    <time>2025-06-16T17:08:27Z</time>
   </trkpt>
   <trkpt lat="51.5362810" lon="-0.0435480">
    <ele>14.4</ele>
    <time>2025-06-16T17:08:28Z</time>
   </trkpt>
   <trkpt lat="51.5362670" lon="-0.0436030">
    <ele>14.4</ele>
    <time>2025-06-16T17:08:29Z</time>
   </trkpt>
   <trkpt lat="51.5362460" lon="-0.0436390">
    <ele>14.4</ele>
    <time>2025-06-16T17:08:30Z</time>
   </trkpt>
   <trkpt lat="51.5362200" lon="-0.0436860">
    <ele>14.4</ele>
    <time>2025-06-16T17:08:31Z</time>
   </trkpt>
   <trkpt lat="51.5361940" lon="-0.0437240">
    <ele>14.5</ele>
    <time>2025-06-16T17:08:32Z</time>
   </trkpt>
   <trkpt lat="51.5361710" lon="-0.0437870">
    <ele>14.5</ele>
    <time>2025-06-16T17:08:33Z</time>
   </trkpt>
   <trkpt lat="51.5361400" lon="-0.0438250">
    <ele>14.5</ele>
    <time>2025-06-16T17:08:34Z</time>
   </trkpt>
   <trkpt lat="51.5361090" lon="-0.0438820">
    <ele>14.5</ele>
    <time>2025-06-16T17:08:35Z</time>
   </trkpt>
   <trkpt lat="51.5360830" lon="-0.0439260">
    <ele>14.5</ele>
    <time>2025-06-16T17:08:36Z</time>
   </trkpt>
   <trkpt lat="51.5360590" lon="-0.0439790">
    <ele>14.6</ele>
    <time>2025-06-16T17:08:37Z</time>
   </trkpt>
   <trkpt lat="51.5360350" lon="-0.0440060">
    <ele>14.6</ele>
    <time>2025-06-16T17:08:38Z</time>
   </trkpt>
   <trkpt lat="51.5360050" lon="-0.0440430">
    <ele>14.6</ele>
    <time>2025-06-16T17:08:39Z</time>
   </trkpt>
   <trkpt lat="51.5359660" lon="-0.0440840">
    <ele>14.6</ele>
    <time>2025-06-16T17:08:40Z</time>
   </trkpt>
   <trkpt lat="51.5359410" lon="-0.0441250">
    <ele>14.6</ele>
    <time>2025-06-16T17:08:41Z</time>
   </trkpt>
   <trkpt lat="51.5359140" lon="-0.0441540">
    <ele>14.6</ele>
    <time>2025-06-16T17:08:42Z</time>
   </trkpt>
   <trkpt lat="51.5358740" lon="-0.0441950">
    <ele>14.7</ele>
    <time>2025-06-16T17:08:43Z</time>
   </trkpt>
   <trkpt lat="51.5358530" lon="-0.0442360">
    <ele>14.7</ele>
    <time>2025-06-16T17:08:44Z</time>
   </trkpt>
   <trkpt lat="51.5358120" lon="-0.0442920">
    <ele>14.7</ele>
    <time>2025-06-16T17:08:45Z</time>
   </trkpt>
   <trkpt lat="51.5357780" lon="-0.0443340">
    <ele>14.7</ele>
    <time>2025-06-16T17:08:46Z</time>
   </trkpt>
   <trkpt lat="51.5357580" lon="-0.0443640">
    <ele>14.7</ele>
    <time>2025-06-16T17:08:47Z</time>
   </trkpt>
   <trkpt lat="51.5357150" lon="-0.0443940">
    <ele>14.7</ele>
    <time>2025-06-16T17:08:48Z</time>
   </trkpt>
   <trkpt lat="51.5356900" lon="-0.0444400">
    <ele>14.7</ele>
    <time>2025-06-16T17:08:49Z</time>
   </trkpt>
   <trkpt lat="51.5356600" lon="-0.0444740">
    <ele>14.7</ele>
    <time>2025-06-16T17:08:50Z</time>
   </trkpt>
   <trkpt lat="51.5356360" lon="-0.0445230">
    <ele>14.7</ele>
    <time>2025-06-16T17:08:51Z</time>
   </trkpt>
   <trkpt lat="51.5356200" lon="-0.0445720">
    <ele>14.7</ele>
    <time>2025-06-16T17:08:52Z</time>
   </trkpt>
   <trkpt lat="51.5355910" lon="-0.0446150">
    <ele>14.7</ele>
    <time>2025-06-16T17:08:53Z</time>
   </trkpt>
   <trkpt lat="51.5355630" lon="-0.0446510">
    <ele>14.7</ele>
    <time>2025-06-16T17:08:54Z</time>
   </trkpt>
   <trkpt lat="51.5355410" lon="-0.0447100">
    <ele>14.8</ele>
    <time>2025-06-16T17:08:55Z</time>
   </trkpt>
   <trkpt lat="51.5355240" lon="-0.0447490">
    <ele>14.8</ele>
    <time>2025-06-16T17:08:56Z</time>
   </trkpt>
   <trkpt lat="51.5355040" lon="-0.0447790">
    <ele>14.8</ele>
    <time>2025-06-16T17:08:57Z</time>
   </trkpt>
   <trkpt lat="51.5355080" lon="-0.0448290">
    <ele>14.8</ele>
    <time>2025-06-16T17:08:58Z</time>
   </trkpt>
   <trkpt lat="51.5354910" lon="-0.0448840">
    <ele>14.8</ele>
    <time>2025-06-16T17:08:59Z</time>
   </trkpt>
   <trkpt lat="51.5354670" lon="-0.0449400">
    <ele>14.8</ele>
    <time>2025-06-16T17:09:00Z</time>
   </trkpt>
   <trkpt lat="51.5354640" lon="-0.0450090">
    <ele>14.8</ele>
    <time>2025-06-16T17:09:01Z</time>
   </trkpt>
   <trkpt lat="51.5354600" lon="-0.0450680">
    <ele>14.8</ele>
    <time>2025-06-16T17:09:02Z</time>
   </trkpt>
   <trkpt lat="51.5354850" lon="-0.0451320">
    <ele>14.8</ele>
    <time>2025-06-16T17:09:03Z</time>
   </trkpt>
   <trkpt lat="51.5354770" lon="-0.0451800">
    <ele>14.8</ele>
    <time>2025-06-16T17:09:04Z</time>
   </trkpt>
   <trkpt lat="51.5354540" lon="-0.0452470">
    <ele>14.8</ele>
    <time>2025-06-16T17:09:05Z</time>
   </trkpt>
   <trkpt lat="51.5354360" lon="-0.0453040">
    <ele>14.8</ele>
    <time>2025-06-16T17:09:06Z</time>
   </trkpt>
   <trkpt lat="51.5354260" lon="-0.0453720">
    <ele>14.8</ele>
    <time>2025-06-16T17:09:07Z</time>
   </trkpt>
   <trkpt lat="51.5354110" lon="-0.0454240">
    <ele>14.8</ele>
    <time>2025-06-16T17:09:08Z</time>
   </trkpt>
   <trkpt lat="51.5354040" lon="-0.0454810">
    <ele>14.8</ele>
    <time>2025-06-16T17:09:09Z</time>
   </trkpt>
   <trkpt lat="51.5353930" lon="-0.0455370">
    <ele>14.8</ele>
    <time>2025-06-16T17:09:10Z</time>
   </trkpt>
   <trkpt lat="51.5353840" lon="-0.0456000">
    <ele>14.8</ele>
    <time>2025-06-16T17:09:11Z</time>
   </trkpt>
   <trkpt lat="51.5353680" lon="-0.0456550">
    <ele>14.8</ele>
    <time>2025-06-16T17:09:12Z</time>
   </trkpt>
   <trkpt lat="51.5353590" lon="-0.0457160">
    <ele>14.8</ele>
    <time>2025-06-16T17:09:13Z</time>
   </trkpt>
   <trkpt lat="51.5353410" lon="-0.0457730">
    <ele>14.8</ele>
    <time>2025-06-16T17:09:14Z</time>
   </trkpt>
   <trkpt lat="51.5353290" lon="-0.0458310">
    <ele>14.8</ele>
    <time>2025-06-16T17:09:15Z</time>
   </trkpt>
   <trkpt lat="51.5353100" lon="-0.0458820">
    <ele>14.8</ele>
    <time>2025-06-16T17:09:16Z</time>
   </trkpt>
   <trkpt lat="51.5353000" lon="-0.0459390">
    <ele>14.8</ele>
    <time>2025-06-16T17:09:17Z</time>
   </trkpt>
   <trkpt lat="51.5352900" lon="-0.0460060">
    <ele>14.8</ele>
    <time>2025-06-16T17:09:18Z</time>
   </trkpt>
   <trkpt lat="51.5352700" lon="-0.0460670">
    <ele>14.8</ele>
    <time>2025-06-16T17:09:19Z</time>
   </trkpt>
   <trkpt lat="51.5352570" lon="-0.0461200">
    <ele>14.8</ele>
    <time>2025-06-16T17:09:20Z</time>
   </trkpt>
   <trkpt lat="51.5352470" lon="-0.0461780">
    <ele>14.8</ele>
    <time>2025-06-16T17:09:21Z</time>
   </trkpt>
   <trkpt lat="51.5352260" lon="-0.0462260">
    <ele>14.9</ele>
    <time>2025-06-16T17:09:22Z</time>
   </trkpt>
   <trkpt lat="51.5352170" lon="-0.0462850">
    <ele>14.9</ele>
    <time>2025-06-16T17:09:23Z</time>
   </trkpt>
   <trkpt lat="51.5352010" lon="-0.0463290">
    <ele>14.9</ele>
    <time>2025-06-16T17:09:24Z</time>
   </trkpt>
   <trkpt lat="51.5351880" lon="-0.0463800">
    <ele>14.9</ele>
    <time>2025-06-16T17:09:25Z</time>
   </trkpt>
   <trkpt lat="51.5351690" lon="-0.0464330">
    <ele>14.9</ele>
    <time>2025-06-16T17:09:26Z</time>
   </trkpt>
   <trkpt lat="51.5351510" lon="-0.0464980">
    <ele>14.9</ele>
    <time>2025-06-16T17:09:27Z</time>
   </trkpt>
   <trkpt lat="51.5351500" lon="-0.0465550">
    <ele>14.9</ele>
    <time>2025-06-16T17:09:28Z</time>
   </trkpt>
   <trkpt lat="51.5351410" lon="-0.0466110">
    <ele>14.9</ele>
    <time>2025-06-16T17:09:29Z</time>
   </trkpt>
   <trkpt lat="51.5351260" lon="-0.0466590">
    <ele>14.9</ele>
    <time>2025-06-16T17:09:30Z</time>
   </trkpt>
   <trkpt lat="51.5351160" lon="-0.0467170">
    <ele>14.9</ele>
    <time>2025-06-16T17:09:31Z</time>
   </trkpt>
   <trkpt lat="51.5351000" lon="-0.0467640">
    <ele>14.9</ele>
    <time>2025-06-16T17:09:32Z</time>
   </trkpt>
   <trkpt lat="51.5350900" lon="-0.0468160">
    <ele>14.9</ele>
    <time>2025-06-16T17:09:33Z</time>
   </trkpt>
   <trkpt lat="51.5350790" lon="-0.0468680">
    <ele>14.9</ele>
    <time>2025-06-16T17:09:34Z</time>
   </trkpt>
   <trkpt lat="51.5350630" lon="-0.0469290">
    <ele>14.9</ele>
    <time>2025-06-16T17:09:35Z</time>
   </trkpt>
   <trkpt lat="51.5350430" lon="-0.0469840">
    <ele>14.9</ele>
    <time>2025-06-16T17:09:36Z</time>
   </trkpt>
   <trkpt lat="51.5350280" lon="-0.0470440">
    <ele>14.9</ele>
    <time>2025-06-16T17:09:37Z</time>
   </trkpt>
   <trkpt lat="51.5350190" lon="-0.0470920">
    <ele>14.9</ele>
    <time>2025-06-16T17:09:38Z</time>
   </trkpt>
   <trkpt lat="51.5350160" lon="-0.0471480">
    <ele>14.9</ele>
    <time>2025-06-16T17:09:39Z</time>
   </trkpt>
   <trkpt lat="51.5350090" lon="-0.0472000">
    <ele>15.0</ele>
    <time>2025-06-16T17:09:40Z</time>
   </trkpt>
   <trkpt lat="51.5350080" lon="-0.0472610">
    <ele>15.0</ele>
    <time>2025-06-16T17:09:41Z</time>
   </trkpt>
   <trkpt lat="51.5350070" lon="-0.0473200">
    <ele>15.0</ele>
    <time>2025-06-16T17:09:42Z</time>
   </trkpt>
   <trkpt lat="51.5350090" lon="-0.0473790">
    <ele>15.0</ele>
    <time>2025-06-16T17:09:43Z</time>
   </trkpt>
   <trkpt lat="51.5350180" lon="-0.0474350">
    <ele>15.0</ele>
    <time>2025-06-16T17:09:44Z</time>
   </trkpt>
   <trkpt lat="51.5350440" lon="-0.0474940">
    <ele>15.0</ele>
    <time>2025-06-16T17:09:45Z</time>
   </trkpt>
   <trkpt lat="51.5350590" lon="-0.0475460">
    <ele>15.0</ele>
    <time>2025-06-16T17:09:46Z</time>
   </trkpt>
   <trkpt lat="51.5350880" lon="-0.0475960">
    <ele>15.0</ele>
    <time>2025-06-16T17:09:47Z</time>
   </trkpt>
   <trkpt lat="51.5351110" lon="-0.0476420">
    <ele>15.0</ele>
    <time>2025-06-16T17:09:48Z</time>
   </trkpt>
   <trkpt lat="51.5351350" lon="-0.0476870">
    <ele>14.9</ele>
    <time>2025-06-16T17:09:49Z</time>
   </trkpt>
   <trkpt lat="51.5351460" lon="-0.0477470">
    <ele>14.9</ele>
    <time>2025-06-16T17:09:50Z</time>
   </trkpt>
   <trkpt lat="51.5351590" lon="-0.0477930">
    <ele>14.9</ele>
    <time>2025-06-16T17:09:51Z</time>
   </trkpt>
   <trkpt lat="51.5351740" lon="-0.0478530">
    <ele>14.9</ele>
    <time>2025-06-16T17:09:52Z</time>
   </trkpt>
   <trkpt lat="51.5351990" lon="-0.0479070">
    <ele>14.9</ele>
    <time>2025-06-16T17:09:53Z</time>
   </trkpt>
   <trkpt lat="51.5352200" lon="-0.0479600">
    <ele>14.8</ele>
    <time>2025-06-16T17:09:54Z</time>
   </trkpt>
   <trkpt lat="51.5352410" lon="-0.0480090">
    <ele>14.8</ele>
    <time>2025-06-16T17:09:55Z</time>
   </trkpt>
   <trkpt lat="51.5352630" lon="-0.0480620">
    <ele>14.8</ele>
    <time>2025-06-16T17:09:56Z</time>
   </trkpt>
   <trkpt lat="51.5352860" lon="-0.0481110">
    <ele>14.7</ele>
    <time>2025-06-16T17:09:57Z</time>
   </trkpt>
   <trkpt lat="51.5353070" lon="-0.0481620">
    <ele>14.7</ele>
    <time>2025-06-16T17:09:58Z</time>
   </trkpt>
   <trkpt lat="51.5353280" lon="-0.0482110">
    <ele>14.7</ele>
    <time>2025-06-16T17:09:59Z</time>
   </trkpt>
   <trkpt lat="51.5353460" lon="-0.0482680">
    <ele>14.7</ele>
    <time>2025-06-16T17:10:00Z</time>
   </trkpt>
   <trkpt lat="51.5353710" lon="-0.0483230">
    <ele>14.7</ele>
    <time>2025-06-16T17:10:01Z</time>
   </trkpt>
   <trkpt lat="51.5353790" lon="-0.0483530">
    <ele>14.7</ele>
    <time>2025-06-16T17:10:02Z</time>
   </trkpt>
   <trkpt lat="51.5354030" lon="-0.0484070">
    <ele>14.8</ele>
    <time>2025-06-16T17:10:03Z</time>
   </trkpt>
   <trkpt lat="51.5354210" lon="-0.0484550">
    <ele>14.8</ele>
    <time>2025-06-16T17:10:04Z</time>
   </trkpt>
   <trkpt lat="51.5354480" lon="-0.0484990">
    <ele>14.8</ele>
    <time>2025-06-16T17:10:05Z</time>
   </trkpt>
   <trkpt lat="51.5354710" lon="-0.0485570">
    <ele>14.8</ele>
    <time>2025-06-16T17:10:06Z</time>
   </trkpt>
   <trkpt lat="51.5354940" lon="-0.0486010">
    <ele>14.8</ele>
    <time>2025-06-16T17:10:07Z</time>
   </trkpt>
   <trkpt lat="51.5355170" lon="-0.0486490">
    <ele>14.8</ele>
    <time>2025-06-16T17:10:08Z</time>
   </trkpt>
   <trkpt lat="51.5355320" lon="-0.0486900">
    <ele>14.8</ele>
    <time>2025-06-16T17:10:09Z</time>
   </trkpt>
   <trkpt lat="51.5355500" lon="-0.0487420">
    <ele>14.8</ele>
    <time>2025-06-16T17:10:10Z</time>
   </trkpt>
   <trkpt lat="51.5355710" lon="-0.0487850">
    <ele>14.8</ele>
    <time>2025-06-16T17:10:11Z</time>
   </trkpt>
   <trkpt lat="51.5355850" lon="-0.0488400">
    <ele>14.8</ele>
    <time>2025-06-16T17:10:12Z</time>
   </trkpt>
   <trkpt lat="51.5356080" lon="-0.0488810">
    <ele>14.9</ele>
    <time>2025-06-16T17:10:13Z</time>
   </trkpt>
   <trkpt lat="51.5356280" lon="-0.0489180">
    <ele>14.9</ele>
    <time>2025-06-16T17:10:14Z</time>
   </trkpt>
   <trkpt lat="51.5356410" lon="-0.0489640">
    <ele>14.9</ele>
    <time>2025-06-16T17:10:15Z</time>
   </trkpt>
   <trkpt lat="51.5356650" lon="-0.0490100">
    <ele>14.9</ele>
    <time>2025-06-16T17:10:16Z</time>
   </trkpt>
   <trkpt lat="51.5356790" lon="-0.0490670">
    <ele>14.9</ele>
    <time>2025-06-16T17:10:17Z</time>
   </trkpt>
   <trkpt lat="51.5356870" lon="-0.0491220">
    <ele>15.0</ele>
    <time>2025-06-16T17:10:18Z</time>
   </trkpt>
   <trkpt lat="51.5357050" lon="-0.0491670">
    <ele>15.0</ele>
    <time>2025-06-16T17:10:19Z</time>
   </trkpt>
   <trkpt lat="51.5357230" lon="-0.0492150">
    <ele>15.0</ele>
    <time>2025-06-16T17:10:20Z</time>
   </trkpt>
   <trkpt lat="51.5357400" lon="-0.0492630">
    <ele>15.0</ele>
    <time>2025-06-16T17:10:21Z</time>
   </trkpt>
   <trkpt lat="51.5357580" lon="-0.0493160">
    <ele>15.1</ele>
    <time>2025-06-16T17:10:22Z</time>
   </trkpt>
   <trkpt lat="51.5357690" lon="-0.0493640">
    <ele>15.1</ele>
    <time>2025-06-16T17:10:23Z</time>
   </trkpt>
   <trkpt lat="51.5357830" lon="-0.0494120">
    <ele>15.1</ele>
    <time>2025-06-16T17:10:24Z</time>
   </trkpt>
   <trkpt lat="51.5357970" lon="-0.0494630">
    <ele>15.2</ele>
    <time>2025-06-16T17:10:25Z</time>
   </trkpt>
   <trkpt lat="51.5358130" lon="-0.0495140">
    <ele>15.2</ele>
    <time>2025-06-16T17:10:26Z</time>
   </trkpt>
   <trkpt lat="51.5358340" lon="-0.0495560">
    <ele>15.2</ele>
    <time>2025-06-16T17:10:27Z</time>
   </trkpt>
   <trkpt lat="51.5358520" lon="-0.0496000">
    <ele>15.3</ele>
    <time>2025-06-16T17:10:28Z</time>
   </trkpt>
   <trkpt lat="51.5358720" lon="-0.0496470">
    <ele>15.3</ele>
    <time>2025-06-16T17:10:29Z</time>
   </trkpt>
   <trkpt lat="51.5358850" lon="-0.0497020">
    <ele>15.3</ele>
    <time>2025-06-16T17:10:30Z</time>
   </trkpt>
   <trkpt lat="51.5359020" lon="-0.0497510">
    <ele>15.3</ele>
    <time>2025-06-16T17:10:31Z</time>
   </trkpt>
   <trkpt lat="51.5359130" lon="-0.0498140">
    <ele>15.4</ele>
    <time>2025-06-16T17:10:32Z</time>
   </trkpt>
   <trkpt lat="51.5359270" lon="-0.0498640">
    <ele>15.4</ele>
    <time>2025-06-16T17:10:33Z</time>
   </trkpt>
   <trkpt lat="51.5359390" lon="-0.0499250">
    <ele>15.4</ele>
    <time>2025-06-16T17:10:34Z</time>
   </trkpt>
   <trkpt lat="51.5359570" lon="-0.0499790">
    <ele>15.4</ele>
    <time>2025-06-16T17:10:35Z</time>
   </trkpt>
   <trkpt lat="51.5359720" lon="-0.0500370">
    <ele>15.5</ele>
    <time>2025-06-16T17:10:36Z</time>
   </trkpt>
   <trkpt lat="51.5359860" lon="-0.0500880">
    <ele>15.5</ele>
    <time>2025-06-16T17:10:37Z</time>
   </trkpt>
   <trkpt lat="51.5359820" lon="-0.0501440">
    <ele>15.5</ele>
    <time>2025-06-16T17:10:38Z</time>
   </trkpt>
   <trkpt lat="51.5359790" lon="-0.0502040">
    <ele>15.5</ele>
    <time>2025-06-16T17:10:39Z</time>
   </trkpt>
   <trkpt lat="51.5359700" lon="-0.0502760">
    <ele>15.5</ele>
    <time>2025-06-16T17:10:40Z</time>
   </trkpt>
   <trkpt lat="51.5359790" lon="-0.0503330">
    <ele>15.6</ele>
    <time>2025-06-16T17:10:41Z</time>
   </trkpt>
   <trkpt lat="51.5359840" lon="-0.0503930">
    <ele>15.6</ele>
    <time>2025-06-16T17:10:42Z</time>
   </trkpt>
   <trkpt lat="51.5359880" lon="-0.0504490">
    <ele>15.6</ele>
    <time>2025-06-16T17:10:43Z</time>
   </trkpt>
   <trkpt lat="51.5359770" lon="-0.0505130">
    <ele>15.6</ele>
    <time>2025-06-16T17:10:44Z</time>
   </trkpt>
   <trkpt lat="51.5359660" lon="-0.0505650">
    <ele>15.6</ele>
    <time>2025-06-16T17:10:45Z</time>
   </trkpt>
   <trkpt lat="51.5359560" lon="-0.0506260">
    <ele>15.7</ele>
    <time>2025-06-16T17:10:46Z</time>
   </trkpt>
   <trkpt lat="51.5359510" lon="-0.0506870">
    <ele>15.7</ele>
    <time>2025-06-16T17:10:47Z</time>
   </trkpt>
   <trkpt lat="51.5359420" lon="-0.0507430">
    <ele>15.7</ele>
    <time>2025-06-16T17:10:48Z</time>
   </trkpt>
   <trkpt lat="51.5359390" lon="-0.0507970">
    <ele>15.7</ele>
    <time>2025-06-16T17:10:49Z</time>
   </trkpt>
   <trkpt lat="51.5359310" lon="-0.0508500">
    <ele>15.7</ele>
    <time>2025-06-16T17:10:50Z</time>
   </trkpt>
   <trkpt lat="51.5359210" lon="-0.0509110">
    <ele>15.8</ele>
    <time>2025-06-16T17:10:51Z</time>
   </trkpt>
   <trkpt lat="51.5359030" lon="-0.0509640">
    <ele>15.8</ele>
    <time>2025-06-16T17:10:52Z</time>
   </trkpt>
   <trkpt lat="51.5358750" lon="-0.0510110">
    <ele>15.8</ele>
    <time>2025-06-16T17:10:53Z</time>
   </trkpt>
   <trkpt lat="51.5358580" lon="-0.0510550">
    <ele>15.8</ele>
    <time>2025-06-16T17:10:54Z</time>
   </trkpt>
   <trkpt lat="51.5358360" lon="-0.0510950">
    <ele>15.8</ele>
    <time>2025-06-16T17:10:55Z</time>
   </trkpt>
   <trkpt lat="51.5358070" lon="-0.0511530">
    <ele>15.8</ele>
    <time>2025-06-16T17:10:56Z</time>
   </trkpt>
   <trkpt lat="51.5357930" lon="-0.0511760">
    <ele>15.8</ele>
    <time>2025-06-16T17:10:57Z</time>
   </trkpt>
   <trkpt lat="51.5357650" lon="-0.0512230">
    <ele>15.8</ele>
    <time>2025-06-16T17:10:58Z</time>
   </trkpt>
   <trkpt lat="51.5357330" lon="-0.0512700">
    <ele>15.8</ele>
    <time>2025-06-16T17:10:59Z</time>
   </trkpt>
   <trkpt lat="51.5357090" lon="-0.0513050">
    <ele>15.8</ele>
    <time>2025-06-16T17:11:00Z</time>
   </trkpt>
   <trkpt lat="51.5356730" lon="-0.0513460">
    <ele>15.7</ele>
    <time>2025-06-16T17:11:01Z</time>
   </trkpt>
   <trkpt lat="51.5356420" lon="-0.0513890">
    <ele>15.7</ele>
    <time>2025-06-16T17:11:02Z</time>
   </trkpt>
   <trkpt lat="51.5356100" lon="-0.0514270">
    <ele>15.7</ele>
    <time>2025-06-16T17:11:03Z</time>
   </trkpt>
   <trkpt lat="51.5355760" lon="-0.0514560">
    <ele>15.7</ele>
    <time>2025-06-16T17:11:04Z</time>
   </trkpt>
   <trkpt lat="51.5355400" lon="-0.0514820">
    <ele>15.7</ele>
    <time>2025-06-16T17:11:05Z</time>
   </trkpt>
   <trkpt lat="51.5355090" lon="-0.0515020">
    <ele>15.7</ele>
    <time>2025-06-16T17:11:06Z</time>
   </trkpt>
   <trkpt lat="51.5354640" lon="-0.0515090">
    <ele>15.6</ele>
    <time>2025-06-16T17:11:07Z</time>
   </trkpt>
   <trkpt lat="51.5354230" lon="-0.0515200">
    <ele>15.6</ele>
    <time>2025-06-16T17:11:08Z</time>
   </trkpt>
   <trkpt lat="51.5353810" lon="-0.0515450">
    <ele>15.6</ele>
    <time>2025-06-16T17:11:09Z</time>
   </trkpt>
   <trkpt lat="51.5353430" lon="-0.0515510">
    <ele>15.7</ele>
    <time>2025-06-16T17:11:10Z</time>
   </trkpt>
   <trkpt lat="51.5353060" lon="-0.0515550">
    <ele>15.7</ele>
    <time>2025-06-16T17:11:11Z</time>
   </trkpt>
   <trkpt lat="51.5352680" lon="-0.0515630">
    <ele>15.7</ele>
    <time>2025-06-16T17:11:12Z</time>
   </trkpt>
   <trkpt lat="51.5352260" lon="-0.0515740">
    <ele>15.7</ele>
    <time>2025-06-16T17:11:13Z</time>
   </trkpt>
   <trkpt lat="51.5351820" lon="-0.0515740">
    <ele>15.7</ele>
    <time>2025-06-16T17:11:14Z</time>
   </trkpt>
   <trkpt lat="51.5351430" lon="-0.0515720">
    <ele>15.7</ele>
    <time>2025-06-16T17:11:15Z</time>
   </trkpt>
   <trkpt lat="51.5351040" lon="-0.0515670">
    <ele>15.7</ele>
    <time>2025-06-16T17:11:16Z</time>
   </trkpt>
   <trkpt lat="51.5350710" lon="-0.0515590">
    <ele>15.7</ele>
    <time>2025-06-16T17:11:17Z</time>
   </trkpt>
   <trkpt lat="51.5350310" lon="-0.0515470">
    <ele>15.7</ele>
    <time>2025-06-16T17:11:18Z</time>
   </trkpt>
   <trkpt lat="51.5350150" lon="-0.0515460">
    <ele>15.7</ele>
    <time>2025-06-16T17:11:19Z</time>
   </trkpt>
   <trkpt lat="51.5349840" lon="-0.0515270">
    <ele>15.8</ele>
    <time>2025-06-16T17:11:20Z</time>
   </trkpt>
   <trkpt lat="51.5349450" lon="-0.0515020">
    <ele>15.8</ele>
    <time>2025-06-16T17:11:22Z</time>
   </trkpt>
   <trkpt lat="51.5349110" lon="-0.0514780">
    <ele>15.8</ele>
    <time>2025-06-16T17:11:23Z</time>
   </trkpt>
   <trkpt lat="51.5348710" lon="-0.0514620">
    <ele>15.7</ele>
    <time>2025-06-16T17:11:24Z</time>
   </trkpt>
   <trkpt lat="51.5348400" lon="-0.0514270">
    <ele>15.7</ele>
    <time>2025-06-16T17:11:25Z</time>
   </trkpt>
   <trkpt lat="51.5348180" lon="-0.0513710">
    <ele>15.7</ele>
    <time>2025-06-16T17:11:26Z</time>
   </trkpt>
   <trkpt lat="51.5348020" lon="-0.0513110">
    <ele>15.7</ele>
    <time>2025-06-16T17:11:27Z</time>
   </trkpt>
   <trkpt lat="51.5347830" lon="-0.0512550">
    <ele>15.7</ele>
    <time>2025-06-16T17:11:28Z</time>
   </trkpt>
   <trkpt lat="51.5347620" lon="-0.0512090">
    <ele>15.7</ele>
    <time>2025-06-16T17:11:29Z</time>
   </trkpt>
   <trkpt lat="51.5347360" lon="-0.0511770">
    <ele>15.7</ele>
    <time>2025-06-16T17:11:30Z</time>
   </trkpt>
   <trkpt lat="51.5347250" lon="-0.0511230">
    <ele>15.7</ele>
    <time>2025-06-16T17:11:31Z</time>
   </trkpt>
   <trkpt lat="51.5347190" lon="-0.0510320">
    <ele>15.7</ele>
    <time>2025-06-16T17:11:32Z</time>
   </trkpt>
   <trkpt lat="51.5347070" lon="-0.0509660">
    <ele>15.7</ele>
    <time>2025-06-16T17:11:33Z</time>
   </trkpt>
   <trkpt lat="51.5346930" lon="-0.0509230">
    <ele>15.7</ele>
    <time>2025-06-16T17:11:34Z</time>
   </trkpt>
   <trkpt lat="51.5346590" lon="-0.0508870">
    <ele>15.7</ele>
    <time>2025-06-16T17:11:35Z</time>
   </trkpt>
   <trkpt lat="51.5346440" lon="-0.0508400">
    <ele>15.7</ele>
    <time>2025-06-16T17:11:36Z</time>
   </trkpt>
   <trkpt lat="51.5346290" lon="-0.0507830">
    <ele>15.7</ele>
    <time>2025-06-16T17:11:37Z</time>
   </trkpt>
   <trkpt lat="51.5346250" lon="-0.0507260">
    <ele>15.7</ele>
    <time>2025-06-16T17:11:38Z</time>
   </trkpt>
   <trkpt lat="51.5346090" lon="-0.0506740">
    <ele>15.7</ele>
    <time>2025-06-16T17:11:39Z</time>
   </trkpt>
   <trkpt lat="51.5346060" lon="-0.0506180">
    <ele>15.7</ele>
    <time>2025-06-16T17:11:40Z</time>
   </trkpt>
   <trkpt lat="51.5345900" lon="-0.0505750">
    <ele>15.7</ele>
    <time>2025-06-16T17:11:41Z</time>
   </trkpt>
   <trkpt lat="51.5345720" lon="-0.0505310">
    <ele>15.7</ele>
    <time>2025-06-16T17:11:42Z</time>
   </trkpt>
   <trkpt lat="51.5345500" lon="-0.0504870">
    <ele>15.7</ele>
    <time>2025-06-16T17:11:43Z</time>
   </trkpt>
   <trkpt lat="51.5345360" lon="-0.0504400">
    <ele>15.7</ele>
    <time>2025-06-16T17:11:44Z</time>
   </trkpt>
   <trkpt lat="51.5345190" lon="-0.0503920">
    <ele>15.7</ele>
    <time>2025-06-16T17:11:45Z</time>
   </trkpt>
   <trkpt lat="51.5345000" lon="-0.0503430">
    <ele>15.7</ele>
    <time>2025-06-16T17:11:46Z</time>
   </trkpt>
   <trkpt lat="51.5344860" lon="-0.0502840">
    <ele>15.8</ele>
    <time>2025-06-16T17:11:47Z</time>
   </trkpt>
   <trkpt lat="51.5344760" lon="-0.0502310">
    <ele>15.8</ele>
    <time>2025-06-16T17:11:48Z</time>
   </trkpt>
   <trkpt lat="51.5344660" lon="-0.0501890">
    <ele>15.8</ele>
    <time>2025-06-16T17:11:49Z</time>
   </trkpt>
   <trkpt lat="51.5344400" lon="-0.0501530">
    <ele>15.7</ele>
    <time>2025-06-16T17:11:50Z</time>
   </trkpt>
   <trkpt lat="51.5344160" lon="-0.0501110">
    <ele>15.7</ele>
    <time>2025-06-16T17:11:51Z</time>
   </trkpt>
   <trkpt lat="51.5343890" lon="-0.0500730">
    <ele>15.7</ele>
    <time>2025-06-16T17:11:52Z</time>
   </trkpt>
   <trkpt lat="51.5343690" lon="-0.0499800">
    <ele>15.7</ele>
    <time>2025-06-16T17:11:53Z</time>
   </trkpt>
   <trkpt lat="51.5343410" lon="-0.0499380">
    <ele>15.7</ele>
    <time>2025-06-16T17:11:54Z</time>
   </trkpt>
   <trkpt lat="51.5343220" lon="-0.0499010">
    <ele>15.7</ele>
    <time>2025-06-16T17:11:55Z</time>
   </trkpt>
   <trkpt lat="51.5343080" lon="-0.0498500">
    <ele>15.7</ele>
    <time>2025-06-16T17:11:56Z</time>
   </trkpt>
   <trkpt lat="51.5342890" lon="-0.0498040">
    <ele>15.8</ele>
    <time>2025-06-16T17:11:57Z</time>
   </trkpt>
   <trkpt lat="51.5342640" lon="-0.0497570">
    <ele>15.8</ele>
    <time>2025-06-16T17:11:58Z</time>
   </trkpt>
   <trkpt lat="51.5342580" lon="-0.0496760">
    <ele>15.8</ele>
    <time>2025-06-16T17:11:59Z</time>
   </trkpt>
   <trkpt lat="51.5342440" lon="-0.0496340">
    <ele>15.8</ele>
    <time>2025-06-16T17:12:00Z</time>
   </trkpt>
   <trkpt lat="51.5342220" lon="-0.0496010">
    <ele>15.8</ele>
    <time>2025-06-16T17:12:01Z</time>
   </trkpt>
   <trkpt lat="51.5342030" lon="-0.0495520">
    <ele>15.9</ele>
    <time>2025-06-16T17:12:02Z</time>
   </trkpt>
   <trkpt lat="51.5341900" lon="-0.0494990">
    <ele>15.9</ele>
    <time>2025-06-16T17:12:03Z</time>
   </trkpt>
   <trkpt lat="51.5341820" lon="-0.0494560">
    <ele>15.9</ele>
    <time>2025-06-16T17:12:04Z</time>
   </trkpt>
   <trkpt lat="51.5341800" lon="-0.0493960">
    <ele>16.0</ele>
    <time>2025-06-16T17:12:05Z</time>
   </trkpt>
   <trkpt lat="51.5341480" lon="-0.0493500">
    <ele>16.1</ele>
    <time>2025-06-16T17:12:06Z</time>
   </trkpt>
   <trkpt lat="51.5341370" lon="-0.0492940">
    <ele>16.1</ele>
    <time>2025-06-16T17:12:07Z</time>
   </trkpt>
   <trkpt lat="51.5341230" lon="-0.0492230">
    <ele>16.2</ele>
    <time>2025-06-16T17:12:08Z</time>
   </trkpt>
   <trkpt lat="51.5341110" lon="-0.0491720">
    <ele>16.2</ele>
    <time>2025-06-16T17:12:09Z</time>
   </trkpt>
   <trkpt lat="51.5340910" lon="-0.0491140">
    <ele>16.3</ele>
    <time>2025-06-16T17:12:10Z</time>
   </trkpt>
   <trkpt lat="51.5340760" lon="-0.0490650">
    <ele>16.4</ele>
    <time>2025-06-16T17:12:11Z</time>
   </trkpt>
   <trkpt lat="51.5340620" lon="-0.0490160">
    <ele>16.4</ele>
    <time>2025-06-16T17:12:12Z</time>
   </trkpt>
   <trkpt lat="51.5340410" lon="-0.0489700">
    <ele>16.4</ele>
    <time>2025-06-16T17:12:13Z</time>
   </trkpt>
   <trkpt lat="51.5340220" lon="-0.0489220">
    <ele>16.5</ele>
    <time>2025-06-16T17:12:14Z</time>
   </trkpt>
   <trkpt lat="51.5340050" lon="-0.0488780">
    <ele>16.5</ele>
    <time>2025-06-16T17:12:15Z</time>
   </trkpt>
   <trkpt lat="51.5339900" lon="-0.0488170">
    <ele>16.6</ele>
    <time>2025-06-16T17:12:16Z</time>
   </trkpt>
   <trkpt lat="51.5339710" lon="-0.0487560">
    <ele>16.6</ele>
    <time>2025-06-16T17:12:17Z</time>
   </trkpt>
   <trkpt lat="51.5339630" lon="-0.0487310">
    <ele>16.6</ele>
    <time>2025-06-16T17:12:18Z</time>
   </trkpt>
   <trkpt lat="51.5339450" lon="-0.0486590">
    <ele>16.5</ele>
    <time>2025-06-16T17:12:19Z</time>
   </trkpt>
   <trkpt lat="51.5338490" lon="-0.0483540">
    <ele>16.0</ele>
    <time>2025-06-16T17:12:25Z</time>
   </trkpt>
   <trkpt lat="51.5338260" lon="-0.0483220">
    <ele>16.0</ele>
    <time>2025-06-16T17:12:26Z</time>
   </trkpt>
   <trkpt lat="51.5338020" lon="-0.0482600">
    <ele>15.8</ele>
    <time>2025-06-16T17:12:27Z</time>
   </trkpt>
   <trkpt lat="51.5337850" lon="-0.0482010">
    <ele>15.7</ele>
    <time>2025-06-16T17:12:28Z</time>
   </trkpt>
   <trkpt lat="51.5337800" lon="-0.0481550">
    <ele>15.6</ele>
    <time>2025-06-16T17:12:29Z</time>
   </trkpt>
   <trkpt lat="51.5337690" lon="-0.0481100">
    <ele>15.6</ele>
    <time>2025-06-16T17:12:30Z</time>
   </trkpt>
   <trkpt lat="51.5337500" lon="-0.0480710">
    <ele>15.5</ele>
    <time>2025-06-16T17:12:31Z</time>
   </trkpt>
   <trkpt lat="51.5337330" lon="-0.0480290">
    <ele>15.4</ele>
    <time>2025-06-16T17:12:32Z</time>
   </trkpt>
   <trkpt lat="51.5337160" lon="-0.0479790">
    <ele>15.3</ele>
    <time>2025-06-16T17:12:33Z</time>
   </trkpt>
   <trkpt lat="51.5337000" lon="-0.0479420">
    <ele>15.2</ele>
    <time>2025-06-16T17:12:34Z</time>
   </trkpt>
   <trkpt lat="51.5336810" lon="-0.0478900">
    <ele>15.1</ele>
    <time>2025-06-16T17:12:35Z</time>
   </trkpt>
   <trkpt lat="51.5336700" lon="-0.0478440">
    <ele>15.1</ele>
    <time>2025-06-16T17:12:36Z</time>
   </trkpt>
   <trkpt lat="51.5336520" lon="-0.0477900">
    <ele>15.0</ele>
    <time>2025-06-16T17:12:37Z</time>
   </trkpt>
   <trkpt lat="51.5336370" lon="-0.0477450">
    <ele>14.9</ele>
    <time>2025-06-16T17:12:38Z</time>
   </trkpt>
   <trkpt lat="51.5336230" lon="-0.0476880">
    <ele>14.8</ele>
    <time>2025-06-16T17:12:39Z</time>
   </trkpt>
   <trkpt lat="51.5336110" lon="-0.0476380">
    <ele>14.7</ele>
    <time>2025-06-16T17:12:40Z</time>
   </trkpt>
   <trkpt lat="51.5335910" lon="-0.0475870">
    <ele>14.7</ele>
    <time>2025-06-16T17:12:41Z</time>
   </trkpt>
   <trkpt lat="51.5335740" lon="-0.0475470">
    <ele>14.6</ele>
    <time>2025-06-16T17:12:42Z</time>
   </trkpt>
   <trkpt lat="51.5335560" lon="-0.0475090">
    <ele>14.6</ele>
    <time>2025-06-16T17:12:43Z</time>
   </trkpt>
   <trkpt lat="51.5335380" lon="-0.0474690">
    <ele>14.5</ele>
    <time>2025-06-16T17:12:44Z</time>
   </trkpt>
   <trkpt lat="51.5335220" lon="-0.0474060">
    <ele>14.4</ele>
    <time>2025-06-16T17:12:45Z</time>
   </trkpt>
   <trkpt lat="51.5335060" lon="-0.0473590">
    <ele>14.4</ele>
    <time>2025-06-16T17:12:46Z</time>
   </trkpt>
   <trkpt lat="51.5334870" lon="-0.0473100">
    <ele>14.3</ele>
    <time>2025-06-16T17:12:47Z</time>
   </trkpt>
   <trkpt lat="51.5334670" lon="-0.0472590">
    <ele>14.2</ele>
    <time>2025-06-16T17:12:48Z</time>
   </trkpt>
   <trkpt lat="51.5334530" lon="-0.0472010">
    <ele>14.1</ele>
    <time>2025-06-16T17:12:49Z</time>
   </trkpt>
   <trkpt lat="51.5334360" lon="-0.0471330">
    <ele>14.1</ele>
    <time>2025-06-16T17:12:50Z</time>
   </trkpt>
   <trkpt lat="51.5334120" lon="-0.0470800">
    <ele>14.0</ele>
    <time>2025-06-16T17:12:51Z</time>
   </trkpt>
   <trkpt lat="51.5333970" lon="-0.0470360">
    <ele>14.0</ele>
    <time>2025-06-16T17:12:52Z</time>
   </trkpt>
   <trkpt lat="51.5333830" lon="-0.0469770">
    <ele>14.0</ele>
    <time>2025-06-16T17:12:53Z</time>
   </trkpt>
   <trkpt lat="51.5333750" lon="-0.0469240">
    <ele>13.9</ele>
    <time>2025-06-16T17:12:54Z</time>
   </trkpt>
   <trkpt lat="51.5333480" lon="-0.0468760">
    <ele>13.9</ele>
    <time>2025-06-16T17:12:55Z</time>
   </trkpt>
   <trkpt lat="51.5333290" lon="-0.0468230">
    <ele>13.9</ele>
    <time>2025-06-16T17:12:56Z</time>
   </trkpt>
   <trkpt lat="51.5333110" lon="-0.0467700">
    <ele>13.8</ele>
    <time>2025-06-16T17:12:57Z</time>
   </trkpt>
   <trkpt lat="51.5332990" lon="-0.0467130">
    <ele>13.8</ele>
    <time>2025-06-16T17:12:58Z</time>
   </trkpt>
   <trkpt lat="51.5332720" lon="-0.0466580">
    <ele>13.8</ele>
    <time>2025-06-16T17:12:59Z</time>
   </trkpt>
   <trkpt lat="51.5332620" lon="-0.0466120">
    <ele>13.7</ele>
    <time>2025-06-16T17:13:00Z</time>
   </trkpt>
   <trkpt lat="51.5332410" lon="-0.0465600">
    <ele>13.7</ele>
    <time>2025-06-16T17:13:01Z</time>
   </trkpt>
   <trkpt lat="51.5332370" lon="-0.0465110">
    <ele>13.7</ele>
    <time>2025-06-16T17:13:02Z</time>
   </trkpt>
   <trkpt lat="51.5332080" lon="-0.0464590">
    <ele>13.6</ele>
    <time>2025-06-16T17:13:03Z</time>
   </trkpt>
   <trkpt lat="51.5331880" lon="-0.0464190">
    <ele>13.6</ele>
    <time>2025-06-16T17:13:04Z</time>
   </trkpt>
   <trkpt lat="51.5331660" lon="-0.0463820">
    <ele>13.6</ele>
    <time>2025-06-16T17:13:05Z</time>
   </trkpt>
   <trkpt lat="51.5331470" lon="-0.0463350">
    <ele>13.5</ele>
    <time>2025-06-16T17:13:06Z</time>
   </trkpt>
   <trkpt lat="51.5331330" lon="-0.0462710">
    <ele>13.5</ele>
    <time>2025-06-16T17:13:07Z</time>
   </trkpt>
   <trkpt lat="51.5331090" lon="-0.0462090">
    <ele>13.5</ele>
    <time>2025-06-16T17:13:08Z</time>
   </trkpt>
   <trkpt lat="51.5330920" lon="-0.0461530">
    <ele>13.4</ele>
    <time>2025-06-16T17:13:09Z</time>
   </trkpt>
   <trkpt lat="51.5330790" lon="-0.0460930">
    <ele>13.4</ele>
    <time>2025-06-16T17:13:10Z</time>
   </trkpt>
   <trkpt lat="51.5330520" lon="-0.0460440">
    <ele>13.3</ele>
    <time>2025-06-16T17:13:11Z</time>
   </trkpt>
   <trkpt lat="51.5330400" lon="-0.0459840">
    <ele>13.3</ele>
    <time>2025-06-16T17:13:12Z</time>
   </trkpt>
   <trkpt lat="51.5330310" lon="-0.0459280">
    <ele>13.3</ele>
    <time>2025-06-16T17:13:13Z</time>
   </trkpt>
   <trkpt lat="51.5330170" lon="-0.0458620">
    <ele>13.2</ele>
    <time>2025-06-16T17:13:14Z</time>
   </trkpt>
   <trkpt lat="51.5329920" lon="-0.0458010">
    <ele>13.2</ele>
    <time>2025-06-16T17:13:15Z</time>
   </trkpt>
   <trkpt lat="51.5329770" lon="-0.0457460">
    <ele>13.2</ele>
    <time>2025-06-16T17:13:16Z</time>
   </trkpt>
   <trkpt lat="51.5329550" lon="-0.0456860">
    <ele>13.1</ele>
    <time>2025-06-16T17:13:17Z</time>
   </trkpt>
   <trkpt lat="51.5329370" lon="-0.0456430">
    <ele>13.1</ele>
    <time>2025-06-16T17:13:18Z</time>
   </trkpt>
   <trkpt lat="51.5329180" lon="-0.0455880">
    <ele>13.0</ele>
    <time>2025-06-16T17:13:19Z</time>
   </trkpt>
   <trkpt lat="51.5329010" lon="-0.0455310">
    <ele>13.0</ele>
    <time>2025-06-16T17:13:20Z</time>
   </trkpt>
   <trkpt lat="51.5328840" lon="-0.0454820">
    <ele>12.9</ele>
    <time>2025-06-16T17:13:21Z</time>
   </trkpt>
   <trkpt lat="51.5328710" lon="-0.0454150">
    <ele>12.9</ele>
    <time>2025-06-16T17:13:22Z</time>
   </trkpt>
   <trkpt lat="51.5328560" lon="-0.0453570">
    <ele>12.8</ele>
    <time>2025-06-16T17:13:23Z</time>
   </trkpt>
   <trkpt lat="51.5328450" lon="-0.0453050">
    <ele>12.8</ele>
    <time>2025-06-16T17:13:24Z</time>
   </trkpt>
   <trkpt lat="51.5328220" lon="-0.0452500">
    <ele>12.8</ele>
    <time>2025-06-16T17:13:25Z</time>
   </trkpt>
   <trkpt lat="51.5328020" lon="-0.0451970">
    <ele>12.7</ele>
    <time>2025-06-16T17:13:27Z</time>
   </trkpt>
   <trkpt lat="51.5327840" lon="-0.0451470">
    <ele>12.7</ele>
    <time>2025-06-16T17:13:28Z</time>
   </trkpt>
   <trkpt lat="51.5327660" lon="-0.0450880">
    <ele>12.7</ele>
    <time>2025-06-16T17:13:29Z</time>
   </trkpt>
   <trkpt lat="51.5327500" lon="-0.0450340">
    <ele>12.6</ele>
    <time>2025-06-16T17:13:30Z</time>
   </trkpt>
   <trkpt lat="51.5327380" lon="-0.0449710">
    <ele>12.6</ele>
    <time>2025-06-16T17:13:31Z</time>
   </trkpt>
   <trkpt lat="51.5327260" lon="-0.0449220">
    <ele>12.6</ele>
    <time>2025-06-16T17:13:32Z</time>
   </trkpt>
   <trkpt lat="51.5327090" lon="-0.0448730">
    <ele>12.5</ele>
    <time>2025-06-16T17:13:33Z</time>
   </trkpt>
   <trkpt lat="51.5327050" lon="-0.0448180">
    <ele>12.5</ele>
    <time>2025-06-16T17:13:34Z</time>
   </trkpt>
   <trkpt lat="51.5326950" lon="-0.0447630">
    <ele>12.5</ele>
    <time>2025-06-16T17:13:35Z</time>
   </trkpt>
   <trkpt lat="51.5326910" lon="-0.0447040">
    <ele>12.4</ele>
    <time>2025-06-16T17:13:36Z</time>
   </trkpt>
   <trkpt lat="51.5326940" lon="-0.0446340">
    <ele>12.4</ele>
    <time>2025-06-16T17:13:37Z</time>
   </trkpt>
   <trkpt lat="51.5326890" lon="-0.0445680">
    <ele>12.4</ele>
    <time>2025-06-16T17:13:38Z</time>
   </trkpt>
   <trkpt lat="51.5326750" lon="-0.0445150">
    <ele>12.4</ele>
    <time>2025-06-16T17:13:39Z</time>
   </trkpt>
   <trkpt lat="51.5326750" lon="-0.0444550">
    <ele>12.4</ele>
    <time>2025-06-16T17:13:40Z</time>
   </trkpt>
   <trkpt lat="51.5326750" lon="-0.0443920">
    <ele>12.4</ele>
    <time>2025-06-16T17:13:41Z</time>
   </trkpt>
   <trkpt lat="51.5326780" lon="-0.0443320">
    <ele>12.4</ele>
    <time>2025-06-16T17:13:42Z</time>
   </trkpt>
   <trkpt lat="51.5326790" lon="-0.0442720">
    <ele>12.3</ele>
    <time>2025-06-16T17:13:43Z</time>
   </trkpt>
   <trkpt lat="51.5326900" lon="-0.0442100">
    <ele>12.3</ele>
    <time>2025-06-16T17:13:44Z</time>
   </trkpt>
   <trkpt lat="51.5326950" lon="-0.0441580">
    <ele>12.3</ele>
    <time>2025-06-16T17:13:45Z</time>
   </trkpt>
   <trkpt lat="51.5327090" lon="-0.0441050">
    <ele>12.3</ele>
    <time>2025-06-16T17:13:46Z</time>
   </trkpt>
   <trkpt lat="51.5327150" lon="-0.0440370">
    <ele>12.4</ele>
    <time>2025-06-16T17:13:47Z</time>
   </trkpt>
   <trkpt lat="51.5327210" lon="-0.0440090">
    <ele>12.4</ele>
    <time>2025-06-16T17:13:48Z</time>
   </trkpt>
   <trkpt lat="51.5327280" lon="-0.0439510">
    <ele>12.4</ele>
    <time>2025-06-16T17:13:49Z</time>
   </trkpt>
   <trkpt lat="51.5327470" lon="-0.0439010">
    <ele>12.4</ele>
    <time>2025-06-16T17:13:50Z</time>
   </trkpt>
   <trkpt lat="51.5327650" lon="-0.0438410">
    <ele>12.4</ele>
    <time>2025-06-16T17:13:51Z</time>
   </trkpt>
   <trkpt lat="51.5327870" lon="-0.0437900">
    <ele>12.4</ele>
    <time>2025-06-16T17:13:52Z</time>
   </trkpt>
   <trkpt lat="51.5328010" lon="-0.0437280">
    <ele>12.4</ele>
    <time>2025-06-16T17:13:53Z</time>
   </trkpt>
   <trkpt lat="51.5328280" lon="-0.0436720">
    <ele>12.5</ele>
    <time>2025-06-16T17:13:54Z</time>
   </trkpt>
   <trkpt lat="51.5328430" lon="-0.0436260">
    <ele>12.5</ele>
    <time>2025-06-16T17:13:55Z</time>
   </trkpt>
   <trkpt lat="51.5328630" lon="-0.0435790">
    <ele>12.5</ele>
    <time>2025-06-16T17:13:56Z</time>
   </trkpt>
   <trkpt lat="51.5328710" lon="-0.0435280">
    <ele>12.5</ele>
    <time>2025-06-16T17:13:57Z</time>
   </trkpt>
   <trkpt lat="51.5328850" lon="-0.0434760">
    <ele>12.5</ele>
    <time>2025-06-16T17:13:58Z</time>
   </trkpt>
   <trkpt lat="51.5328990" lon="-0.0434270">
    <ele>12.5</ele>
    <time>2025-06-16T17:13:59Z</time>
   </trkpt>
   <trkpt lat="51.5329220" lon="-0.0433790">
    <ele>12.5</ele>
    <time>2025-06-16T17:14:00Z</time>
   </trkpt>
   <trkpt lat="51.5329410" lon="-0.0433350">
    <ele>12.5</ele>
    <time>2025-06-16T17:14:01Z</time>
   </trkpt>
   <trkpt lat="51.5329650" lon="-0.0432750">
    <ele>12.5</ele>
    <time>2025-06-16T17:14:02Z</time>
   </trkpt>
   <trkpt lat="51.5329830" lon="-0.0432210">
    <ele>12.5</ele>
    <time>2025-06-16T17:14:03Z</time>
   </trkpt>
   <trkpt lat="51.5330110" lon="-0.0431770">
    <ele>12.5</ele>
    <time>2025-06-16T17:14:04Z</time>
   </trkpt>
   <trkpt lat="51.5330360" lon="-0.0431230">
    <ele>12.5</ele>
    <time>2025-06-16T17:14:05Z</time>
   </trkpt>
   <trkpt lat="51.5330720" lon="-0.0430130">
    <ele>12.5</ele>
    <time>2025-06-16T17:14:06Z</time>
   </trkpt>
   <trkpt lat="51.5330930" lon="-0.0429720">
    <ele>12.5</ele>
    <time>2025-06-16T17:14:07Z</time>
   </trkpt>
   <trkpt lat="51.5331100" lon="-0.0429210">
    <ele>12.6</ele>
    <time>2025-06-16T17:14:08Z</time>
   </trkpt>
   <trkpt lat="51.5331180" lon="-0.0428680">
    <ele>12.6</ele>
    <time>2025-06-16T17:14:09Z</time>
   </trkpt>
   <trkpt lat="51.5331430" lon="-0.0428240">
    <ele>12.6</ele>
    <time>2025-06-16T17:14:10Z</time>
   </trkpt>
   <trkpt lat="51.5331660" lon="-0.0427950">
    <ele>12.6</ele>
    <time>2025-06-16T17:14:11Z</time>
   </trkpt>
   <trkpt lat="51.5331890" lon="-0.0427530">
    <ele>12.6</ele>
    <time>2025-06-16T17:14:12Z</time>
   </trkpt>
   <trkpt lat="51.5332040" lon="-0.0427120">
    <ele>12.6</ele>
    <time>2025-06-16T17:14:13Z</time>
   </trkpt>
   <trkpt lat="51.5332200" lon="-0.0426630">
    <ele>12.7</ele>
    <time>2025-06-16T17:14:14Z</time>
   </trkpt>
   <trkpt lat="51.5332350" lon="-0.0426130">
    <ele>12.7</ele>
    <time>2025-06-16T17:14:15Z</time>
   </trkpt>
   <trkpt lat="51.5332580" lon="-0.0425670">
    <ele>12.8</ele>
    <time>2025-06-16T17:14:16Z</time>
   </trkpt>
   <trkpt lat="51.5332740" lon="-0.0425290">
    <ele>12.8</ele>
    <time>2025-06-16T17:14:17Z</time>
   </trkpt>
   <trkpt lat="51.5332910" lon="-0.0424860">
    <ele>12.9</ele>
    <time>2025-06-16T17:14:18Z</time>
   </trkpt>
   <trkpt lat="51.5333130" lon="-0.0424470">
    <ele>12.9</ele>
    <time>2025-06-16T17:14:19Z</time>
   </trkpt>
   <trkpt lat="51.5333310" lon="-0.0424040">
    <ele>12.9</ele>
    <time>2025-06-16T17:14:20Z</time>
   </trkpt>
   <trkpt lat="51.5333440" lon="-0.0423630">
    <ele>12.9</ele>
    <time>2025-06-16T17:14:21Z</time>
   </trkpt>
   <trkpt lat="51.5333710" lon="-0.0423220">
    <ele>12.9</ele>
    <time>2025-06-16T17:14:22Z</time>
   </trkpt>
   <trkpt lat="51.5333980" lon="-0.0422940">
    <ele>12.9</ele>
    <time>2025-06-16T17:14:23Z</time>
   </trkpt>
   <trkpt lat="51.5334250" lon="-0.0422720">
    <ele>12.9</ele>
    <time>2025-06-16T17:14:24Z</time>
   </trkpt>
   <trkpt lat="51.5334560" lon="-0.0422410">
    <ele>12.8</ele>
    <time>2025-06-16T17:14:25Z</time>
   </trkpt>
   <trkpt lat="51.5334860" lon="-0.0422220">
    <ele>12.8</ele>
    <time>2025-06-16T17:14:26Z</time>
   </trkpt>
   <trkpt lat="51.5335260" lon="-0.0422190">
    <ele>12.8</ele>
    <time>2025-06-16T17:14:27Z</time>
   </trkpt>
   <trkpt lat="51.5335580" lon="-0.0422160">
    <ele>12.8</ele>
    <time>2025-06-16T17:14:28Z</time>
   </trkpt>
   <trkpt lat="51.5336030" lon="-0.0422360">
    <ele>12.7</ele>
    <time>2025-06-16T17:14:29Z</time>
   </trkpt>
   <trkpt lat="51.5336320" lon="-0.0422280">
    <ele>12.7</ele>
    <time>2025-06-16T17:14:30Z</time>
   </trkpt>
   <trkpt lat="51.5336590" lon="-0.0422210">
    <ele>12.7</ele>
    <time>2025-06-16T17:14:31Z</time>
   </trkpt>
   <trkpt lat="51.5336900" lon="-0.0422160">
    <ele>12.7</ele>
    <time>2025-06-16T17:14:32Z</time>
   </trkpt>
   <trkpt lat="51.5337180" lon="-0.0421920">
    <ele>12.7</ele>
    <time>2025-06-16T17:14:33Z</time>
   </trkpt>
   <trkpt lat="51.5337450" lon="-0.0422010">
    <ele>12.7</ele>
    <time>2025-06-16T17:14:34Z</time>
   </trkpt>
   <trkpt lat="51.5337790" lon="-0.0422170">
    <ele>12.7</ele>
    <time>2025-06-16T17:14:35Z</time>
   </trkpt>
   <trkpt lat="51.5338180" lon="-0.0422420">
    <ele>12.8</ele>
    <time>2025-06-16T17:14:36Z</time>
   </trkpt>
   <trkpt lat="51.5338580" lon="-0.0422370">
    <ele>12.8</ele>
    <time>2025-06-16T17:14:37Z</time>
   </trkpt>
   <trkpt lat="51.5338920" lon="-0.0422390">
    <ele>12.9</ele>
    <time>2025-06-16T17:14:38Z</time>
   </trkpt>
   <trkpt lat="51.5339240" lon="-0.0422310">
    <ele>12.9</ele>
    <time>2025-06-16T17:14:39Z</time>
   </trkpt>
   <trkpt lat="51.5339580" lon="-0.0422350">
    <ele>13.0</ele>
    <time>2025-06-16T17:14:40Z</time>
   </trkpt>
   <trkpt lat="51.5339900" lon="-0.0422210">
    <ele>13.0</ele>
    <time>2025-06-16T17:14:41Z</time>
   </trkpt>
   <trkpt lat="51.5340190" lon="-0.0422210">
    <ele>13.1</ele>
    <time>2025-06-16T17:14:42Z</time>
   </trkpt>
   <trkpt lat="51.5340420" lon="-0.0421960">
    <ele>13.1</ele>
    <time>2025-06-16T17:14:43Z</time>
   </trkpt>
   <trkpt lat="51.5340410" lon="-0.0422010">
    <ele>13.1</ele>
    <time>2025-06-16T17:14:44Z</time>
   </trkpt>
   <trkpt lat="51.5340580" lon="-0.0421520">
    <ele>13.1</ele>
    <time>2025-06-16T17:14:45Z</time>
   </trkpt>
   <trkpt lat="51.5340710" lon="-0.0421050">
    <ele>13.1</ele>
    <time>2025-06-16T17:14:46Z</time>
   </trkpt>
   <trkpt lat="51.5341060" lon="-0.0420680">
    <ele>13.2</ele>
    <time>2025-06-16T17:14:47Z</time>
   </trkpt>
   <trkpt lat="51.5341200" lon="-0.0420530">
    <ele>13.2</ele>
    <time>2025-06-16T17:14:48Z</time>
   </trkpt>
   <trkpt lat="51.5341450" lon="-0.0420100">
    <ele>13.3</ele>
    <time>2025-06-16T17:14:49Z</time>
   </trkpt>
   <trkpt lat="51.5341530" lon="-0.0419610">
    <ele>13.3</ele>
    <time>2025-06-16T17:14:50Z</time>
   </trkpt>
   <trkpt lat="51.5341300" lon="-0.0419010">
    <ele>13.3</ele>
    <time>2025-06-16T17:14:51Z</time>
   </trkpt>
   <trkpt lat="51.5341070" lon="-0.0418390">
    <ele>13.3</ele>
    <time>2025-06-16T17:14:52Z</time>
   </trkpt>
   <trkpt lat="51.5340790" lon="-0.0418150">
    <ele>13.3</ele>
    <time>2025-06-16T17:14:53Z</time>
   </trkpt>
   <trkpt lat="51.5340790" lon="-0.0417540">
    <ele>13.3</ele>
    <time>2025-06-16T17:14:54Z</time>
   </trkpt>
   <trkpt lat="51.5340790" lon="-0.0417040">
    <ele>13.2</ele>
    <time>2025-06-16T17:14:55Z</time>
   </trkpt>
   <trkpt lat="51.5340850" lon="-0.0416500">
    <ele>13.2</ele>
    <time>2025-06-16T17:14:56Z</time>
   </trkpt>
   <trkpt lat="51.5340800" lon="-0.0416000">
    <ele>13.2</ele>
    <time>2025-06-16T17:14:57Z</time>
   </trkpt>
   <trkpt lat="51.5340710" lon="-0.0415530">
    <ele>13.2</ele>
    <time>2025-06-16T17:14:58Z</time>
   </trkpt>
   <trkpt lat="51.5340690" lon="-0.0414890">
    <ele>13.2</ele>
    <time>2025-06-16T17:14:59Z</time>
   </trkpt>
   <trkpt lat="51.5340670" lon="-0.0414670">
    <ele>13.2</ele>
    <time>2025-06-16T17:15:00Z</time>
   </trkpt>
   <trkpt lat="51.5340590" lon="-0.0414150">
    <ele>13.3</ele>
    <time>2025-06-16T17:15:01Z</time>
   </trkpt>
   <trkpt lat="51.5340300" lon="-0.0413640">
    <ele>13.3</ele>
    <time>2025-06-16T17:15:02Z</time>
   </trkpt>
   <trkpt lat="51.5340150" lon="-0.0413110">
    <ele>13.3</ele>
    <time>2025-06-16T17:15:03Z</time>
   </trkpt>
   <trkpt lat="51.5340020" lon="-0.0412320">
    <ele>13.3</ele>
    <time>2025-06-16T17:15:04Z</time>
   </trkpt>
   <trkpt lat="51.5339940" lon="-0.0411260">
    <ele>13.3</ele>
    <time>2025-06-16T17:15:05Z</time>
   </trkpt>
   <trkpt lat="51.5339840" lon="-0.0410540">
    <ele>13.3</ele>
    <time>2025-06-16T17:15:06Z</time>
   </trkpt>
   <trkpt lat="51.5339660" lon="-0.0409830">
    <ele>13.3</ele>
    <time>2025-06-16T17:15:07Z</time>
   </trkpt>
   <trkpt lat="51.5339320" lon="-0.0409300">
    <ele>13.3</ele>
    <time>2025-06-16T17:15:08Z</time>
   </trkpt>
   <trkpt lat="51.5339010" lon="-0.0408840">
    <ele>13.3</ele>
    <time>2025-06-16T17:15:09Z</time>
   </trkpt>
   <trkpt lat="51.5338980" lon="-0.0408270">
    <ele>13.3</ele>
    <time>2025-06-16T17:15:10Z</time>
   </trkpt>
   <trkpt lat="51.5339210" lon="-0.0407830">
    <ele>13.3</ele>
    <time>2025-06-16T17:15:11Z</time>
   </trkpt>
   <trkpt lat="51.5339320" lon="-0.0407250">
    <ele>13.2</ele>
    <time>2025-06-16T17:15:12Z</time>
   </trkpt>
   <trkpt lat="51.5339420" lon="-0.0406730">
    <ele>13.2</ele>
    <time>2025-06-16T17:15:13Z</time>
   </trkpt>
   <trkpt lat="51.5339280" lon="-0.0406210">
    <ele>13.2</ele>
    <time>2025-06-16T17:15:14Z</time>
   </trkpt>
   <trkpt lat="51.5339250" lon="-0.0405770">
    <ele>13.2</ele>
    <time>2025-06-16T17:15:15Z</time>
   </trkpt>
   <trkpt lat="51.5339290" lon="-0.0405210">
    <ele>13.2</ele>
    <time>2025-06-16T17:15:16Z</time>
   </trkpt>
   <trkpt lat="51.5339320" lon="-0.0405030">
    <ele>13.2</ele>
    <time>2025-06-16T17:15:17Z</time>
   </trkpt>
   <trkpt lat="51.5339370" lon="-0.0404360">
    <ele>13.2</ele>
    <time>2025-06-16T17:15:18Z</time>
   </trkpt>
   <trkpt lat="51.5339420" lon="-0.0403930">
    <ele>13.2</ele>
    <time>2025-06-16T17:15:19Z</time>
   </trkpt>
   <trkpt lat="51.5339570" lon="-0.0403170">
    <ele>13.2</ele>
    <time>2025-06-16T17:15:20Z</time>
   </trkpt>
   <trkpt lat="51.5339590" lon="-0.0402780">
    <ele>13.2</ele>
    <time>2025-06-16T17:15:21Z</time>
   </trkpt>
   <trkpt lat="51.5339690" lon="-0.0402290">
    <ele>13.2</ele>
    <time>2025-06-16T17:15:22Z</time>
   </trkpt>
   <trkpt lat="51.5339970" lon="-0.0401470">
    <ele>13.2</ele>
    <time>2025-06-16T17:15:23Z</time>
   </trkpt>
   <trkpt lat="51.5340170" lon="-0.0401050">
    <ele>13.2</ele>
    <time>2025-06-16T17:15:24Z</time>
   </trkpt>
   <trkpt lat="51.5340290" lon="-0.0400590">
    <ele>13.2</ele>
    <time>2025-06-16T17:15:25Z</time>
   </trkpt>
   <trkpt lat="51.5340400" lon="-0.0400040">
    <ele>13.2</ele>
    <time>2025-06-16T17:15:26Z</time>
   </trkpt>
   <trkpt lat="51.5340510" lon="-0.0399470">
    <ele>13.2</ele>
    <time>2025-06-16T17:15:27Z</time>
   </trkpt>
   <trkpt lat="51.5340820" lon="-0.0398760">
    <ele>13.2</ele>
    <time>2025-06-16T17:15:28Z</time>
   </trkpt>
   <trkpt lat="51.5341030" lon="-0.0398190">
    <ele>13.2</ele>
    <time>2025-06-16T17:15:29Z</time>
   </trkpt>
   <trkpt lat="51.5341120" lon="-0.0397970">
    <ele>13.2</ele>
    <time>2025-06-16T17:15:30Z</time>
   </trkpt>
   <trkpt lat="51.5341220" lon="-0.0397440">
    <ele>13.2</ele>
    <time>2025-06-16T17:15:31Z</time>
   </trkpt>
   <trkpt lat="51.5341420" lon="-0.0396890">
    <ele>13.2</ele>
    <time>2025-06-16T17:15:33Z</time>
   </trkpt>
   <trkpt lat="51.5341550" lon="-0.0396290">
    <ele>13.2</ele>
    <time>2025-06-16T17:15:34Z</time>
   </trkpt>
   <trkpt lat="51.5341730" lon="-0.0395950">
    <ele>13.2</ele>
    <time>2025-06-16T17:15:35Z</time>
   </trkpt>
   <trkpt lat="51.5341900" lon="-0.0395460">
    <ele>13.2</ele>
    <time>2025-06-16T17:15:36Z</time>
   </trkpt>
   <trkpt lat="51.5342040" lon="-0.0395060">
    <ele>13.2</ele>
    <time>2025-06-16T17:15:37Z</time>
   </trkpt>
   <trkpt lat="51.5342140" lon="-0.0394550">
    <ele>13.1</ele>
    <time>2025-06-16T17:15:38Z</time>
   </trkpt>
   <trkpt lat="51.5342290" lon="-0.0394060">
    <ele>13.1</ele>
    <time>2025-06-16T17:15:39Z</time>
   </trkpt>
   <trkpt lat="51.5342520" lon="-0.0393300">
    <ele>13.1</ele>
    <time>2025-06-16T17:15:40Z</time>
   </trkpt>
   <trkpt lat="51.5342740" lon="-0.0392800">
    <ele>13.1</ele>
    <time>2025-06-16T17:15:41Z</time>
   </trkpt>
   <trkpt lat="51.5342990" lon="-0.0392210">
    <ele>13.1</ele>
    <time>2025-06-16T17:15:42Z</time>
   </trkpt>
   <trkpt lat="51.5343270" lon="-0.0391840">
    <ele>13.1</ele>
    <time>2025-06-16T17:15:43Z</time>
   </trkpt>
   <trkpt lat="51.5343580" lon="-0.0391550">
    <ele>13.1</ele>
    <time>2025-06-16T17:15:44Z</time>
   </trkpt>
   <trkpt lat="51.5343780" lon="-0.0391090">
    <ele>13.2</ele>
    <time>2025-06-16T17:15:45Z</time>
   </trkpt>
   <trkpt lat="51.5343950" lon="-0.0390640">
    <ele>13.2</ele>
    <time>2025-06-16T17:15:46Z</time>
   </trkpt>
   <trkpt lat="51.5344060" lon="-0.0390130">
    <ele>13.2</ele>
    <time>2025-06-16T17:15:47Z</time>
   </trkpt>
   <trkpt lat="51.5344240" lon="-0.0389590">
    <ele>13.2</ele>
    <time>2025-06-16T17:15:48Z</time>
   </trkpt>
   <trkpt lat="51.5344400" lon="-0.0389110">
    <ele>13.2</ele>
    <time>2025-06-16T17:15:49Z</time>
   </trkpt>
   <trkpt lat="51.5344620" lon="-0.0388580">
    <ele>13.2</ele>
    <time>2025-06-16T17:15:50Z</time>
   </trkpt>
   <trkpt lat="51.5344730" lon="-0.0388370">
    <ele>13.2</ele>
    <time>2025-06-16T17:15:51Z</time>
   </trkpt>
   <trkpt lat="51.5344950" lon="-0.0387890">
    <ele>13.2</ele>
    <time>2025-06-16T17:15:52Z</time>
   </trkpt>
   <trkpt lat="51.5345130" lon="-0.0387360">
    <ele>13.2</ele>
    <time>2025-06-16T17:15:53Z</time>
   </trkpt>
   <trkpt lat="51.5345350" lon="-0.0386790">
    <ele>13.2</ele>
    <time>2025-06-16T17:15:54Z</time>
   </trkpt>
   <trkpt lat="51.5345520" lon="-0.0386350">
    <ele>13.2</ele>
    <time>2025-06-16T17:15:55Z</time>
   </trkpt>
   <trkpt lat="51.5345710" lon="-0.0385850">
    <ele>13.2</ele>
    <time>2025-06-16T17:15:56Z</time>
   </trkpt>
   <trkpt lat="51.5345840" lon="-0.0385360">
    <ele>13.2</ele>
    <time>2025-06-16T17:15:57Z</time>
   </trkpt>
   <trkpt lat="51.5345990" lon="-0.0384860">
    <ele>13.2</ele>
    <time>2025-06-16T17:15:58Z</time>
   </trkpt>
   <trkpt lat="51.5346200" lon="-0.0384380">
    <ele>13.2</ele>
    <time>2025-06-16T17:15:59Z</time>
   </trkpt>
   <trkpt lat="51.5346530" lon="-0.0383930">
    <ele>13.3</ele>
    <time>2025-06-16T17:16:00Z</time>
   </trkpt>
   <trkpt lat="51.5346680" lon="-0.0383440">
    <ele>13.3</ele>
    <time>2025-06-16T17:16:01Z</time>
   </trkpt>
   <trkpt lat="51.5346870" lon="-0.0382910">
    <ele>13.3</ele>
    <time>2025-06-16T17:16:02Z</time>
   </trkpt>
   <trkpt lat="51.5347110" lon="-0.0382470">
    <ele>13.3</ele>
    <time>2025-06-16T17:16:03Z</time>
   </trkpt>
   <trkpt lat="51.5347310" lon="-0.0382010">
    <ele>13.3</ele>
    <time>2025-06-16T17:16:04Z</time>
   </trkpt>
   <trkpt lat="51.5347570" lon="-0.0380790">
    <ele>13.3</ele>
    <time>2025-06-16T17:16:05Z</time>
   </trkpt>
   <trkpt lat="51.5347770" lon="-0.0380340">
    <ele>13.3</ele>
    <time>2025-06-16T17:16:06Z</time>
   </trkpt>
   <trkpt lat="51.5347990" lon="-0.0379870">
    <ele>13.2</ele>
    <time>2025-06-16T17:16:07Z</time>
   </trkpt>
   <trkpt lat="51.5348170" lon="-0.0379250">
    <ele>13.2</ele>
    <time>2025-06-16T17:16:08Z</time>
   </trkpt>
   <trkpt lat="51.5348380" lon="-0.0378890">
    <ele>13.2</ele>
    <time>2025-06-16T17:16:09Z</time>
   </trkpt>
   <trkpt lat="51.5348540" lon="-0.0378350">
    <ele>13.2</ele>
    <time>2025-06-16T17:16:10Z</time>
   </trkpt>
   <trkpt lat="51.5348770" lon="-0.0377860">
    <ele>13.2</ele>
    <time>2025-06-16T17:16:11Z</time>
   </trkpt>
   <trkpt lat="51.5348830" lon="-0.0377330">
    <ele>13.2</ele>
    <time>2025-06-16T17:16:12Z</time>
   </trkpt>
   <trkpt lat="51.5348970" lon="-0.0376840">
    <ele>13.2</ele>
    <time>2025-06-16T17:16:13Z</time>
   </trkpt>
   <trkpt lat="51.5349160" lon="-0.0376270">
    <ele>13.2</ele>
    <time>2025-06-16T17:16:14Z</time>
   </trkpt>
   <trkpt lat="51.5349250" lon="-0.0376090">
    <ele>13.2</ele>
    <time>2025-06-16T17:16:15Z</time>
   </trkpt>
   <trkpt lat="51.5349430" lon="-0.0375690">
    <ele>13.1</ele>
    <time>2025-06-16T17:16:16Z</time>
   </trkpt>
   <trkpt lat="51.5349670" lon="-0.0374900">
    <ele>13.1</ele>
    <time>2025-06-16T17:16:17Z</time>
   </trkpt>
   <trkpt lat="51.5349810" lon="-0.0374380">
    <ele>13.1</ele>
    <time>2025-06-16T17:16:18Z</time>
   </trkpt>
   <trkpt lat="51.5350070" lon="-0.0373820">
    <ele>13.1</ele>
    <time>2025-06-16T17:16:19Z</time>
   </trkpt>
   <trkpt lat="51.5350310" lon="-0.0373470">
    <ele>13.0</ele>
    <time>2025-06-16T17:16:20Z</time>
   </trkpt>
   <trkpt lat="51.5350420" lon="-0.0372970">
    <ele>13.0</ele>
    <time>2025-06-16T17:16:21Z</time>
   </trkpt>
   <trkpt lat="51.5350800" lon="-0.0372120">
    <ele>13.0</ele>
    <time>2025-06-16T17:16:22Z</time>
   </trkpt>
   <trkpt lat="51.5351000" lon="-0.0371750">
    <ele>13.0</ele>
    <time>2025-06-16T17:16:23Z</time>
   </trkpt>
   <trkpt lat="51.5351180" lon="-0.0371240">
    <ele>12.9</ele>
    <time>2025-06-16T17:16:24Z</time>
   </trkpt>
   <trkpt lat="51.5351360" lon="-0.0370720">
    <ele>12.9</ele>
    <time>2025-06-16T17:16:25Z</time>
   </trkpt>
   <trkpt lat="51.5351530" lon="-0.0370060">
    <ele>12.9</ele>
    <time>2025-06-16T17:16:26Z</time>
   </trkpt>
   <trkpt lat="51.5351540" lon="-0.0369370">
    <ele>12.9</ele>
    <time>2025-06-16T17:16:27Z</time>
   </trkpt>
   <trkpt lat="51.5351760" lon="-0.0368790">
    <ele>12.9</ele>
    <time>2025-06-16T17:16:28Z</time>
   </trkpt>
   <trkpt lat="51.5351910" lon="-0.0368290">
    <ele>12.9</ele>
    <time>2025-06-16T17:16:29Z</time>
   </trkpt>
   <trkpt lat="51.5352050" lon="-0.0367820">
    <ele>12.9</ele>
    <time>2025-06-16T17:16:30Z</time>
   </trkpt>
   <trkpt lat="51.5352400" lon="-0.0367420">
    <ele>13.0</ele>
    <time>2025-06-16T17:16:31Z</time>
   </trkpt>
   <trkpt lat="51.5352670" lon="-0.0367010">
    <ele>13.0</ele>
    <time>2025-06-16T17:16:32Z</time>
   </trkpt>
   <trkpt lat="51.5352800" lon="-0.0366510">
    <ele>13.0</ele>
    <time>2025-06-16T17:16:33Z</time>
   </trkpt>
   <trkpt lat="51.5352880" lon="-0.0365940">
    <ele>13.0</ele>
    <time>2025-06-16T17:16:34Z</time>
   </trkpt>
   <trkpt lat="51.5352990" lon="-0.0365400">
    <ele>13.0</ele>
    <time>2025-06-16T17:16:35Z</time>
   </trkpt>
   <trkpt lat="51.5353110" lon="-0.0364900">
    <ele>13.0</ele>
    <time>2025-06-16T17:16:36Z</time>
   </trkpt>
   <trkpt lat="51.5353240" lon="-0.0364270">
    <ele>13.0</ele>
    <time>2025-06-16T17:16:37Z</time>
   </trkpt>
   <trkpt lat="51.5353420" lon="-0.0363750">
    <ele>13.0</ele>
    <time>2025-06-16T17:16:38Z</time>
   </trkpt>
   <trkpt lat="51.5353520" lon="-0.0363270">
    <ele>13.0</ele>
    <time>2025-06-16T17:16:39Z</time>
   </trkpt>
   <trkpt lat="51.5353700" lon="-0.0362810">
    <ele>13.0</ele>
    <time>2025-06-16T17:16:40Z</time>
   </trkpt>
   <trkpt lat="51.5353880" lon="-0.0362430">
    <ele>13.0</ele>
    <time>2025-06-16T17:16:41Z</time>
   </trkpt>
   <trkpt lat="51.5354010" lon="-0.0361850">
    <ele>13.0</ele>
    <time>2025-06-16T17:16:42Z</time>
   </trkpt>
   <trkpt lat="51.5354090" lon="-0.0361600">
    <ele>13.0</ele>
    <time>2025-06-16T17:16:43Z</time>
   </trkpt>
   <trkpt lat="51.5354260" lon="-0.0361230">
    <ele>13.0</ele>
    <time>2025-06-16T17:16:44Z</time>
   </trkpt>
   <trkpt lat="51.5354480" lon="-0.0360830">
    <ele>13.0</ele>
    <time>2025-06-16T17:16:45Z</time>
   </trkpt>
   <trkpt lat="51.5354730" lon="-0.0360390">
    <ele>13.0</ele>
    <time>2025-06-16T17:16:46Z</time>
   </trkpt>
   <trkpt lat="51.5354900" lon="-0.0360010">
    <ele>13.0</ele>
    <time>2025-06-16T17:16:47Z</time>
   </trkpt>
   <trkpt lat="51.5355110" lon="-0.0359680">
    <ele>13.0</ele>
    <time>2025-06-16T17:16:48Z</time>
   </trkpt>
   <trkpt lat="51.5355370" lon="-0.0359160">
    <ele>13.0</ele>
    <time>2025-06-16T17:16:49Z</time>
   </trkpt>
   <trkpt lat="51.5355570" lon="-0.0358630">
    <ele>13.0</ele>
    <time>2025-06-16T17:16:50Z</time>
   </trkpt>
   <trkpt lat="51.5355890" lon="-0.0357960">
    <ele>13.0</ele>
    <time>2025-06-16T17:16:51Z</time>
   </trkpt>
   <trkpt lat="51.5356150" lon="-0.0357400">
    <ele>13.1</ele>
    <time>2025-06-16T17:16:52Z</time>
   </trkpt>
   <trkpt lat="51.5356360" lon="-0.0357060">
    <ele>13.1</ele>
    <time>2025-06-16T17:16:53Z</time>
   </trkpt>
   <trkpt lat="51.5356530" lon="-0.0356570">
    <ele>13.1</ele>
    <time>2025-06-16T17:16:54Z</time>
   </trkpt>
   <trkpt lat="51.5356840" lon="-0.0356310">
    <ele>13.1</ele>
    <time>2025-06-16T17:16:55Z</time>
   </trkpt>
   <trkpt lat="51.5357030" lon="-0.0355880">
    <ele>13.1</ele>
    <time>2025-06-16T17:16:56Z</time>
   </trkpt>
   <trkpt lat="51.5357360" lon="-0.0355580">
    <ele>13.1</ele>
    <time>2025-06-16T17:16:57Z</time>
   </trkpt>
   <trkpt lat="51.5357630" lon="-0.0355210">
    <ele>13.1</ele>
    <time>2025-06-16T17:16:58Z</time>
   </trkpt>
   <trkpt lat="51.5357890" lon="-0.0354850">
    <ele>13.2</ele>
    <time>2025-06-16T17:16:59Z</time>
   </trkpt>
   <trkpt lat="51.5358140" lon="-0.0354420">
    <ele>13.2</ele>
    <time>2025-06-16T17:17:00Z</time>
   </trkpt>
   <trkpt lat="51.5358480" lon="-0.0354040">
    <ele>13.2</ele>
    <time>2025-06-16T17:17:01Z</time>
   </trkpt>
   <trkpt lat="51.5358740" lon="-0.0353670">
    <ele>13.3</ele>
    <time>2025-06-16T17:17:02Z</time>
   </trkpt>
   <trkpt lat="51.5359070" lon="-0.0353300">
    <ele>13.3</ele>
    <time>2025-06-16T17:17:03Z</time>
   </trkpt>
   <trkpt lat="51.5359240" lon="-0.0352820">
    <ele>13.3</ele>
    <time>2025-06-16T17:17:04Z</time>
   </trkpt>
   <trkpt lat="51.5359480" lon="-0.0352540">
    <ele>13.4</ele>
    <time>2025-06-16T17:17:05Z</time>
   </trkpt>
   <trkpt lat="51.5359670" lon="-0.0352090">
    <ele>13.4</ele>
    <time>2025-06-16T17:17:06Z</time>
   </trkpt>
   <trkpt lat="51.5359970" lon="-0.0351740">
    <ele>13.5</ele>
    <time>2025-06-16T17:17:07Z</time>
   </trkpt>
   <trkpt lat="51.5360280" lon="-0.0351340">
    <ele>13.5</ele>
    <time>2025-06-16T17:17:08Z</time>
   </trkpt>
   <trkpt lat="51.5360620" lon="-0.0350960">
    <ele>13.6</ele>
    <time>2025-06-16T17:17:09Z</time>
   </trkpt>
   <trkpt lat="51.5360860" lon="-0.0350460">
    <ele>13.6</ele>
    <time>2025-06-16T17:17:10Z</time>
   </trkpt>
   <trkpt lat="51.5361070" lon="-0.0350120">
    <ele>13.7</ele>
    <time>2025-06-16T17:17:11Z</time>
   </trkpt>
   <trkpt lat="51.5361290" lon="-0.0349780">
    <ele>13.7</ele>
    <time>2025-06-16T17:17:12Z</time>
   </trkpt>
   <trkpt lat="51.5361600" lon="-0.0349330">
    <ele>13.8</ele>
    <time>2025-06-16T17:17:13Z</time>
   </trkpt>
   <trkpt lat="51.5361860" lon="-0.0348920">
    <ele>13.9</ele>
    <time>2025-06-16T17:17:14Z</time>
   </trkpt>
   <trkpt lat="51.5362080" lon="-0.0348480">
    <ele>13.9</ele>
    <time>2025-06-16T17:17:15Z</time>
   </trkpt>
   <trkpt lat="51.5362330" lon="-0.0348080">
    <ele>14.0</ele>
    <time>2025-06-16T17:17:16Z</time>
   </trkpt>
   <trkpt lat="51.5362540" lon="-0.0347660">
    <ele>14.0</ele>
    <time>2025-06-16T17:17:17Z</time>
   </trkpt>
   <trkpt lat="51.5362710" lon="-0.0347190">
    <ele>14.1</ele>
    <time>2025-06-16T17:17:18Z</time>
   </trkpt>
   <trkpt lat="51.5362930" lon="-0.0346660">
    <ele>14.1</ele>
    <time>2025-06-16T17:17:19Z</time>
   </trkpt>
   <trkpt lat="51.5363220" lon="-0.0346310">
    <ele>14.1</ele>
    <time>2025-06-16T17:17:20Z</time>
   </trkpt>
   <trkpt lat="51.5363490" lon="-0.0345880">
    <ele>14.1</ele>
    <time>2025-06-16T17:17:21Z</time>
   </trkpt>
   <trkpt lat="51.5363730" lon="-0.0345400">
    <ele>14.1</ele>
    <time>2025-06-16T17:17:22Z</time>
   </trkpt>
   <trkpt lat="51.5363970" lon="-0.0344940">
    <ele>14.2</ele>
    <time>2025-06-16T17:17:23Z</time>
   </trkpt>
   <trkpt lat="51.5364230" lon="-0.0344380">
    <ele>14.2</ele>
    <time>2025-06-16T17:17:24Z</time>
   </trkpt>
   <trkpt lat="51.5364320" lon="-0.0344140">
    <ele>14.2</ele>
    <time>2025-06-16T17:17:25Z</time>
   </trkpt>
   <trkpt lat="51.5364570" lon="-0.0343700">
    <ele>14.2</ele>
    <time>2025-06-16T17:17:26Z</time>
   </trkpt>
   <trkpt lat="51.5364830" lon="-0.0343310">
    <ele>14.2</ele>
    <time>2025-06-16T17:17:27Z</time>
   </trkpt>
   <trkpt lat="51.5365050" lon="-0.0342830">
    <ele>14.1</ele>
    <time>2025-06-16T17:17:28Z</time>
   </trkpt>
   <trkpt lat="51.5365330" lon="-0.0342460">
    <ele>14.1</ele>
    <time>2025-06-16T17:17:29Z</time>
   </trkpt>
   <trkpt lat="51.5365620" lon="-0.0342110">
    <ele>14.1</ele>
    <time>2025-06-16T17:17:30Z</time>
   </trkpt>
   <trkpt lat="51.5365700" lon="-0.0341450">
    <ele>14.1</ele>
    <time>2025-06-16T17:17:31Z</time>
   </trkpt>
   <trkpt lat="51.5365930" lon="-0.0341110">
    <ele>14.1</ele>
    <time>2025-06-16T17:17:32Z</time>
   </trkpt>
   <trkpt lat="51.5366000" lon="-0.0340410">
    <ele>14.1</ele>
    <time>2025-06-16T17:17:33Z</time>
   </trkpt>
   <trkpt lat="51.5366270" lon="-0.0340030">
    <ele>14.1</ele>
    <time>2025-06-16T17:17:34Z</time>
   </trkpt>
   <trkpt lat="51.5366480" lon="-0.0339590">
    <ele>14.1</ele>
    <time>2025-06-16T17:17:35Z</time>
   </trkpt>
   <trkpt lat="51.5366710" lon="-0.0338820">
    <ele>14.0</ele>
    <time>2025-06-16T17:17:36Z</time>
   </trkpt>
   <trkpt lat="51.5366880" lon="-0.0338290">
    <ele>14.0</ele>
    <time>2025-06-16T17:17:37Z</time>
   </trkpt>
   <trkpt lat="51.5367140" lon="-0.0337890">
    <ele>14.0</ele>
    <time>2025-06-16T17:17:39Z</time>
   </trkpt>
   <trkpt lat="51.5367310" lon="-0.0337440">
    <ele>14.0</ele>
    <time>2025-06-16T17:17:40Z</time>
   </trkpt>
   <trkpt lat="51.5367540" lon="-0.0336960">
    <ele>14.0</ele>
    <time>2025-06-16T17:17:41Z</time>
   </trkpt>
   <trkpt lat="51.5367260" lon="-0.0336510">
    <ele>14.0</ele>
    <time>2025-06-16T17:17:42Z</time>
   </trkpt>
   <trkpt lat="51.5367480" lon="-0.0335930">
    <ele>14.0</ele>
    <time>2025-06-16T17:17:43Z</time>
   </trkpt>
   <trkpt lat="51.5367740" lon="-0.0335420">
    <ele>14.0</ele>
    <time>2025-06-16T17:17:44Z</time>
   </trkpt>
   <trkpt lat="51.5367980" lon="-0.0335020">
    <ele>14.0</ele>
    <time>2025-06-16T17:17:45Z</time>
   </trkpt>
   <trkpt lat="51.5368190" lon="-0.0334460">
    <ele>14.0</ele>
    <time>2025-06-16T17:17:46Z</time>
   </trkpt>
   <trkpt lat="51.5368340" lon="-0.0334050">
    <ele>14.0</ele>
    <time>2025-06-16T17:17:47Z</time>
   </trkpt>
   <trkpt lat="51.5368600" lon="-0.0333750">
    <ele>14.0</ele>
    <time>2025-06-16T17:17:48Z</time>
   </trkpt>
   <trkpt lat="51.5368900" lon="-0.0333320">
    <ele>14.0</ele>
    <time>2025-06-16T17:17:49Z</time>
   </trkpt>
   <trkpt lat="51.5369080" lon="-0.0332700">
    <ele>14.0</ele>
    <time>2025-06-16T17:17:50Z</time>
   </trkpt>
   <trkpt lat="51.5369310" lon="-0.0332180">
    <ele>14.0</ele>
    <time>2025-06-16T17:17:51Z</time>
   </trkpt>
   <trkpt lat="51.5369460" lon="-0.0331660">
    <ele>14.0</ele>
    <time>2025-06-16T17:17:52Z</time>
   </trkpt>
   <trkpt lat="51.5369630" lon="-0.0331240">
    <ele>14.0</ele>
    <time>2025-06-16T17:17:53Z</time>
   </trkpt>
   <trkpt lat="51.5369700" lon="-0.0330710">
    <ele>14.0</ele>
    <time>2025-06-16T17:17:54Z</time>
   </trkpt>
   <trkpt lat="51.5369580" lon="-0.0330190">
    <ele>14.0</ele>
    <time>2025-06-16T17:17:55Z</time>
   </trkpt>
   <trkpt lat="51.5369790" lon="-0.0329770">
    <ele>14.0</ele>
    <time>2025-06-16T17:17:56Z</time>
   </trkpt>
   <trkpt lat="51.5370000" lon="-0.0329340">
    <ele>14.0</ele>
    <time>2025-06-16T17:17:57Z</time>
   </trkpt>
   <trkpt lat="51.5370140" lon="-0.0328840">
    <ele>14.0</ele>
    <time>2025-06-16T17:17:58Z</time>
   </trkpt>
   <trkpt lat="51.5370260" lon="-0.0328280">
    <ele>14.0</ele>
    <time>2025-06-16T17:17:59Z</time>
   </trkpt>
   <trkpt lat="51.5370450" lon="-0.0327720">
    <ele>14.0</ele>
    <time>2025-06-16T17:18:00Z</time>
   </trkpt>
   <trkpt lat="51.5370650" lon="-0.0327320">
    <ele>14.0</ele>
    <time>2025-06-16T17:18:01Z</time>
   </trkpt>
   <trkpt lat="51.5370830" lon="-0.0326810">
    <ele>14.0</ele>
    <time>2025-06-16T17:18:02Z</time>
   </trkpt>
   <trkpt lat="51.5371040" lon="-0.0326370">
    <ele>14.0</ele>
    <time>2025-06-16T17:18:03Z</time>
   </trkpt>
   <trkpt lat="51.5371190" lon="-0.0325890">
    <ele>14.1</ele>
    <time>2025-06-16T17:18:04Z</time>
   </trkpt>
   <trkpt lat="51.5371360" lon="-0.0325520">
    <ele>14.1</ele>
    <time>2025-06-16T17:18:05Z</time>
   </trkpt>
   <trkpt lat="51.5371550" lon="-0.0325000">
    <ele>14.1</ele>
    <time>2025-06-16T17:18:06Z</time>
   </trkpt>
   <trkpt lat="51.5371680" lon="-0.0324490">
    <ele>14.1</ele>
    <time>2025-06-16T17:18:07Z</time>
   </trkpt>
   <trkpt lat="51.5371800" lon="-0.0324290">
    <ele>14.1</ele>
    <time>2025-06-16T17:18:08Z</time>
   </trkpt>
   <trkpt lat="51.5372130" lon="-0.0323840">
    <ele>14.1</ele>
    <time>2025-06-16T17:18:09Z</time>
   </trkpt>
   <trkpt lat="51.5372230" lon="-0.0323610">
    <ele>14.1</ele>
    <time>2025-06-16T17:18:10Z</time>
   </trkpt>
   <trkpt lat="51.5372340" lon="-0.0322780">
    <ele>14.1</ele>
    <time>2025-06-16T17:18:11Z</time>
   </trkpt>
   <trkpt lat="51.5372500" lon="-0.0322380">
    <ele>14.1</ele>
    <time>2025-06-16T17:18:12Z</time>
   </trkpt>
   <trkpt lat="51.5372670" lon="-0.0321930">
    <ele>14.1</ele>
    <time>2025-06-16T17:18:13Z</time>
   </trkpt>
   <trkpt lat="51.5372890" lon="-0.0321420">
    <ele>14.2</ele>
    <time>2025-06-16T17:18:14Z</time>
   </trkpt>
   <trkpt lat="51.5373080" lon="-0.0320910">
    <ele>14.2</ele>
    <time>2025-06-16T17:18:15Z</time>
   </trkpt>
   <trkpt lat="51.5373250" lon="-0.0320370">
    <ele>14.2</ele>
    <time>2025-06-16T17:18:16Z</time>
   </trkpt>
   <trkpt lat="51.5373470" lon="-0.0319880">
    <ele>14.2</ele>
    <time>2025-06-16T17:18:17Z</time>
   </trkpt>
   <trkpt lat="51.5373670" lon="-0.0319480">
    <ele>14.2</ele>
    <time>2025-06-16T17:18:18Z</time>
   </trkpt>
   <trkpt lat="51.5373890" lon="-0.0318980">
    <ele>14.2</ele>
    <time>2025-06-16T17:18:19Z</time>
   </trkpt>
   <trkpt lat="51.5374110" lon="-0.0318480">
    <ele>14.3</ele>
    <time>2025-06-16T17:18:20Z</time>
   </trkpt>
   <trkpt lat="51.5374400" lon="-0.0317760">
    <ele>14.3</ele>
    <time>2025-06-16T17:18:21Z</time>
   </trkpt>
   <trkpt lat="51.5374710" lon="-0.0317330">
    <ele>14.3</ele>
    <time>2025-06-16T17:18:22Z</time>
   </trkpt>
   <trkpt lat="51.5374960" lon="-0.0316950">
    <ele>14.3</ele>
    <time>2025-06-16T17:18:23Z</time>
   </trkpt>
   <trkpt lat="51.5375170" lon="-0.0316640">
    <ele>14.3</ele>
    <time>2025-06-16T17:18:24Z</time>
   </trkpt>
   <trkpt lat="51.5375400" lon="-0.0316170">
    <ele>14.3</ele>
    <time>2025-06-16T17:18:25Z</time>
   </trkpt>
   <trkpt lat="51.5375710" lon="-0.0315830">
    <ele>14.3</ele>
    <time>2025-06-16T17:18:26Z</time>
   </trkpt>
   <trkpt lat="51.5375960" lon="-0.0315380">
    <ele>14.3</ele>
    <time>2025-06-16T17:18:27Z</time>
   </trkpt>
   <trkpt lat="51.5376320" lon="-0.0314630">
    <ele>14.3</ele>
    <time>2025-06-16T17:18:28Z</time>
   </trkpt>
   <trkpt lat="51.5376560" lon="-0.0314180">
    <ele>14.3</ele>
    <time>2025-06-16T17:18:29Z</time>
   </trkpt>
   <trkpt lat="51.5376850" lon="-0.0313830">
    <ele>14.3</ele>
    <time>2025-06-16T17:18:30Z</time>
   </trkpt>
   <trkpt lat="51.5377110" lon="-0.0313300">
    <ele>14.3</ele>
    <time>2025-06-16T17:18:31Z</time>
   </trkpt>
   <trkpt lat="51.5377360" lon="-0.0312850">
    <ele>14.3</ele>
    <time>2025-06-16T17:18:32Z</time>
   </trkpt>
   <trkpt lat="51.5377600" lon="-0.0312480">
    <ele>14.3</ele>
    <time>2025-06-16T17:18:33Z</time>
   </trkpt>
   <trkpt lat="51.5377960" lon="-0.0311990">
    <ele>14.3</ele>
    <time>2025-06-16T17:18:34Z</time>
   </trkpt>
   <trkpt lat="51.5378150" lon="-0.0311420">
    <ele>14.3</ele>
    <time>2025-06-16T17:18:35Z</time>
   </trkpt>
   <trkpt lat="51.5378450" lon="-0.0311040">
    <ele>14.3</ele>
    <time>2025-06-16T17:18:36Z</time>
   </trkpt>
   <trkpt lat="51.5378860" lon="-0.0310810">
    <ele>14.3</ele>
    <time>2025-06-16T17:18:37Z</time>
   </trkpt>
   <trkpt lat="51.5379220" lon="-0.0310520">
    <ele>14.3</ele>
    <time>2025-06-16T17:18:38Z</time>
   </trkpt>
   <trkpt lat="51.5379430" lon="-0.0310020">
    <ele>14.3</ele>
    <time>2025-06-16T17:18:39Z</time>
   </trkpt>
   <trkpt lat="51.5379700" lon="-0.0309560">
    <ele>14.3</ele>
    <time>2025-06-16T17:18:40Z</time>
   </trkpt>
   <trkpt lat="51.5379950" lon="-0.0309190">
    <ele>14.3</ele>
    <time>2025-06-16T17:18:41Z</time>
   </trkpt>
   <trkpt lat="51.5380190" lon="-0.0308750">
    <ele>14.3</ele>
    <time>2025-06-16T17:18:42Z</time>
   </trkpt>
   <trkpt lat="51.5380390" lon="-0.0308430">
    <ele>14.3</ele>
    <time>2025-06-16T17:18:43Z</time>
   </trkpt>
   <trkpt lat="51.5380610" lon="-0.0308070">
    <ele>14.3</ele>
    <time>2025-06-16T17:18:44Z</time>
   </trkpt>
   <trkpt lat="51.5380900" lon="-0.0307790">
    <ele>14.3</ele>
    <time>2025-06-16T17:18:45Z</time>
   </trkpt>
   <trkpt lat="51.5381050" lon="-0.0307220">
    <ele>14.3</ele>
    <time>2025-06-16T17:18:46Z</time>
   </trkpt>
   <trkpt lat="51.5381360" lon="-0.0306970">
    <ele>14.3</ele>
    <time>2025-06-16T17:18:47Z</time>
   </trkpt>
   <trkpt lat="51.5381690" lon="-0.0306480">
    <ele>14.3</ele>
    <time>2025-06-16T17:18:48Z</time>
   </trkpt>
   <trkpt lat="51.5381860" lon="-0.0306310">
    <ele>14.3</ele>
    <time>2025-06-16T17:18:49Z</time>
   </trkpt>
   <trkpt lat="51.5382180" lon="-0.0306050">
    <ele>14.3</ele>
    <time>2025-06-16T17:18:50Z</time>
   </trkpt>
   <trkpt lat="51.5382480" lon="-0.0305750">
    <ele>14.2</ele>
    <time>2025-06-16T17:18:51Z</time>
   </trkpt>
   <trkpt lat="51.5382760" lon="-0.0305320">
    <ele>14.2</ele>
    <time>2025-06-16T17:18:52Z</time>
   </trkpt>
   <trkpt lat="51.5383070" lon="-0.0305010">
    <ele>14.2</ele>
    <time>2025-06-16T17:18:53Z</time>
   </trkpt>
   <trkpt lat="51.5383350" lon="-0.0304640">
    <ele>14.2</ele>
    <time>2025-06-16T17:18:54Z</time>
   </trkpt>
   <trkpt lat="51.5383800" lon="-0.0304030">
    <ele>14.2</ele>
    <time>2025-06-16T17:18:55Z</time>
   </trkpt>
   <trkpt lat="51.5384020" lon="-0.0303680">
    <ele>14.2</ele>
    <time>2025-06-16T17:18:56Z</time>
   </trkpt>
   <trkpt lat="51.5384310" lon="-0.0303540">
    <ele>14.2</ele>
    <time>2025-06-16T17:18:57Z</time>
   </trkpt>
   <trkpt lat="51.5384650" lon="-0.0303170">
    <ele>14.2</ele>
    <time>2025-06-16T17:18:58Z</time>
   </trkpt>
   <trkpt lat="51.5384960" lon="-0.0302910">
    <ele>14.2</ele>
    <time>2025-06-16T17:18:59Z</time>
   </trkpt>
   <trkpt lat="51.5385240" lon="-0.0302550">
    <ele>14.2</ele>
    <time>2025-06-16T17:19:00Z</time>
   </trkpt>
   <trkpt lat="51.5385540" lon="-0.0302280">
    <ele>14.2</ele>
    <time>2025-06-16T17:19:01Z</time>
   </trkpt>
   <trkpt lat="51.5385800" lon="-0.0301910">
    <ele>14.2</ele>
    <time>2025-06-16T17:19:02Z</time>
   </trkpt>
   <trkpt lat="51.5386110" lon="-0.0301680">
    <ele>14.2</ele>
    <time>2025-06-16T17:19:03Z</time>
   </trkpt>
   <trkpt lat="51.5386320" lon="-0.0301260">
    <ele>14.2</ele>
    <time>2025-06-16T17:19:04Z</time>
   </trkpt>
   <trkpt lat="51.5386590" lon="-0.0300950">
    <ele>14.2</ele>
    <time>2025-06-16T17:19:05Z</time>
   </trkpt>
   <trkpt lat="51.5386880" lon="-0.0300650">
    <ele>14.2</ele>
    <time>2025-06-16T17:19:06Z</time>
   </trkpt>
   <trkpt lat="51.5387230" lon="-0.0300410">
    <ele>14.3</ele>
    <time>2025-06-16T17:19:07Z</time>
   </trkpt>
   <trkpt lat="51.5387490" lon="-0.0300030">
    <ele>14.2</ele>
    <time>2025-06-16T17:19:08Z</time>
   </trkpt>
   <trkpt lat="51.5387720" lon="-0.0299730">
    <ele>14.2</ele>
    <time>2025-06-16T17:19:09Z</time>
   </trkpt>
   <trkpt lat="51.5388000" lon="-0.0299510">
    <ele>14.2</ele>
    <time>2025-06-16T17:19:10Z</time>
   </trkpt>
   <trkpt lat="51.5388130" lon="-0.0299380">
    <ele>14.2</ele>
    <time>2025-06-16T17:19:11Z</time>
   </trkpt>
   <trkpt lat="51.5388340" lon="-0.0299000">
    <ele>14.2</ele>
    <time>2025-06-16T17:19:12Z</time>
   </trkpt>
   <trkpt lat="51.5388680" lon="-0.0298610">
    <ele>14.2</ele>
    <time>2025-06-16T17:19:13Z</time>
   </trkpt>
   <trkpt lat="51.5388790" lon="-0.0298410">
    <ele>14.2</ele>
    <time>2025-06-16T17:19:14Z</time>
   </trkpt>
   <trkpt lat="51.5389090" lon="-0.0298030">
    <ele>14.2</ele>
    <time>2025-06-16T17:19:15Z</time>
   </trkpt>
   <trkpt lat="51.5389540" lon="-0.0297610">
    <ele>14.2</ele>
    <time>2025-06-16T17:19:16Z</time>
   </trkpt>
   <trkpt lat="51.5389800" lon="-0.0297430">
    <ele>14.2</ele>
    <time>2025-06-16T17:19:17Z</time>
   </trkpt>
   <trkpt lat="51.5390080" lon="-0.0297180">
    <ele>14.2</ele>
    <time>2025-06-16T17:19:18Z</time>
   </trkpt>
   <trkpt lat="51.5390360" lon="-0.0297080">
    <ele>14.2</ele>
    <time>2025-06-16T17:19:19Z</time>
   </trkpt>
   <trkpt lat="51.5390690" lon="-0.0296880">
    <ele>14.2</ele>
    <time>2025-06-16T17:19:20Z</time>
   </trkpt>
   <trkpt lat="51.5391100" lon="-0.0296720">
    <ele>14.2</ele>
    <time>2025-06-16T17:19:21Z</time>
   </trkpt>
   <trkpt lat="51.5391470" lon="-0.0296450">
    <ele>14.2</ele>
    <time>2025-06-16T17:19:22Z</time>
   </trkpt>
   <trkpt lat="51.5391890" lon="-0.0296240">
    <ele>14.2</ele>
    <time>2025-06-16T17:19:23Z</time>
   </trkpt>
   <trkpt lat="51.5392230" lon="-0.0295940">
    <ele>14.2</ele>
    <time>2025-06-16T17:19:24Z</time>
   </trkpt>
   <trkpt lat="51.5392610" lon="-0.0295730">
    <ele>14.2</ele>
    <time>2025-06-16T17:19:25Z</time>
   </trkpt>
   <trkpt lat="51.5392870" lon="-0.0295570">
    <ele>14.2</ele>
    <time>2025-06-16T17:19:26Z</time>
   </trkpt>
   <trkpt lat="51.5393210" lon="-0.0295280">
    <ele>14.2</ele>
    <time>2025-06-16T17:19:27Z</time>
   </trkpt>
   <trkpt lat="51.5393500" lon="-0.0294990">
    <ele>14.2</ele>
    <time>2025-06-16T17:19:28Z</time>
   </trkpt>
   <trkpt lat="51.5393790" lon="-0.0294840">
    <ele>14.2</ele>
    <time>2025-06-16T17:19:29Z</time>
   </trkpt>
   <trkpt lat="51.5394100" lon="-0.0294660">
    <ele>14.2</ele>
    <time>2025-06-16T17:19:30Z</time>
   </trkpt>
   <trkpt lat="51.5394450" lon="-0.0294750">
    <ele>14.1</ele>
    <time>2025-06-16T17:19:31Z</time>
   </trkpt>
   <trkpt lat="51.5394790" lon="-0.0294610">
    <ele>14.1</ele>
    <time>2025-06-16T17:19:32Z</time>
   </trkpt>
   <trkpt lat="51.5395150" lon="-0.0294450">
    <ele>14.1</ele>
    <time>2025-06-16T17:19:33Z</time>
   </trkpt>
   <trkpt lat="51.5395460" lon="-0.0294150">
    <ele>14.1</ele>
    <time>2025-06-16T17:19:34Z</time>
   </trkpt>
   <trkpt lat="51.5395920" lon="-0.0293990">
    <ele>14.1</ele>
    <time>2025-06-16T17:19:35Z</time>
   </trkpt>
   <trkpt lat="51.5396270" lon="-0.0293790">
    <ele>14.1</ele>
    <time>2025-06-16T17:19:36Z</time>
   </trkpt>
   <trkpt lat="51.5396660" lon="-0.0293680">
    <ele>14.1</ele>
    <time>2025-06-16T17:19:37Z</time>
   </trkpt>
   <trkpt lat="51.5397050" lon="-0.0293440">
    <ele>14.1</ele>
    <time>2025-06-16T17:19:38Z</time>
   </trkpt>
   <trkpt lat="51.5397430" lon="-0.0293370">
    <ele>14.1</ele>
    <time>2025-06-16T17:19:39Z</time>
   </trkpt>
   <trkpt lat="51.5397790" lon="-0.0293340">
    <ele>14.1</ele>
    <time>2025-06-16T17:19:40Z</time>
   </trkpt>
   <trkpt lat="51.5398150" lon="-0.0293180">
    <ele>14.0</ele>
    <time>2025-06-16T17:19:41Z</time>
   </trkpt>
   <trkpt lat="51.5398500" lon="-0.0293020">
    <ele>14.0</ele>
    <time>2025-06-16T17:19:42Z</time>
   </trkpt>
   <trkpt lat="51.5398870" lon="-0.0292730">
    <ele>14.0</ele>
    <time>2025-06-16T17:19:43Z</time>
   </trkpt>
   <trkpt lat="51.5399220" lon="-0.0292540">
    <ele>14.0</ele>
    <time>2025-06-16T17:19:44Z</time>
   </trkpt>
   <trkpt lat="51.5399460" lon="-0.0292080">
    <ele>14.0</ele>
    <time>2025-06-16T17:19:45Z</time>
   </trkpt>
   <trkpt lat="51.5399770" lon="-0.0291890">
    <ele>14.0</ele>
    <time>2025-06-16T17:19:46Z</time>
   </trkpt>
   <trkpt lat="51.5400050" lon="-0.0291690">
    <ele>13.9</ele>
    <time>2025-06-16T17:19:47Z</time>
   </trkpt>
   <trkpt lat="51.5400380" lon="-0.0291560">
    <ele>13.9</ele>
    <time>2025-06-16T17:19:48Z</time>
   </trkpt>
   <trkpt lat="51.5400750" lon="-0.0291440">
    <ele>13.9</ele>
    <time>2025-06-16T17:19:49Z</time>
   </trkpt>
   <trkpt lat="51.5401020" lon="-0.0291210">
    <ele>13.9</ele>
    <time>2025-06-16T17:19:50Z</time>
   </trkpt>
   <trkpt lat="51.5401340" lon="-0.0290980">
    <ele>13.8</ele>
    <time>2025-06-16T17:19:51Z</time>
   </trkpt>
   <trkpt lat="51.5401700" lon="-0.0290780">
    <ele>13.8</ele>
    <time>2025-06-16T17:19:52Z</time>
   </trkpt>
   <trkpt lat="51.5402060" lon="-0.0290630">
    <ele>13.8</ele>
    <time>2025-06-16T17:19:53Z</time>
   </trkpt>
   <trkpt lat="51.5402450" lon="-0.0290530">
    <ele>13.8</ele>
    <time>2025-06-16T17:19:54Z</time>
   </trkpt>
   <trkpt lat="51.5402850" lon="-0.0290430">
    <ele>13.7</ele>
    <time>2025-06-16T17:19:55Z</time>
   </trkpt>
   <trkpt lat="51.5403220" lon="-0.0290420">
    <ele>13.7</ele>
    <time>2025-06-16T17:19:56Z</time>
   </trkpt>
   <trkpt lat="51.5403570" lon="-0.0290300">
    <ele>13.7</ele>
    <time>2025-06-16T17:19:57Z</time>
   </trkpt>
   <trkpt lat="51.5403870" lon="-0.0290070">
    <ele>13.7</ele>
    <time>2025-06-16T17:19:58Z</time>
   </trkpt>
   <trkpt lat="51.5404150" lon="-0.0289920">
    <ele>13.6</ele>
    <time>2025-06-16T17:19:59Z</time>
   </trkpt>
   <trkpt lat="51.5404480" lon="-0.0289990">
    <ele>13.6</ele>
    <time>2025-06-16T17:20:00Z</time>
   </trkpt>
   <trkpt lat="51.5404850" lon="-0.0289810">
    <ele>13.6</ele>
    <time>2025-06-16T17:20:01Z</time>
   </trkpt>
   <trkpt lat="51.5405220" lon="-0.0289670">
    <ele>13.6</ele>
    <time>2025-06-16T17:20:02Z</time>
   </trkpt>
   <trkpt lat="51.5405570" lon="-0.0289630">
    <ele>13.5</ele>
    <time>2025-06-16T17:20:03Z</time>
   </trkpt>
   <trkpt lat="51.5405910" lon="-0.0289580">
    <ele>13.5</ele>
    <time>2025-06-16T17:20:04Z</time>
   </trkpt>
   <trkpt lat="51.5406290" lon="-0.0289550">
    <ele>13.5</ele>
    <time>2025-06-16T17:20:05Z</time>
   </trkpt>
   <trkpt lat="51.5406610" lon="-0.0289570">
    <ele>13.5</ele>
    <time>2025-06-16T17:20:06Z</time>
   </trkpt>
   <trkpt lat="51.5406960" lon="-0.0289650">
    <ele>13.5</ele>
    <time>2025-06-16T17:20:07Z</time>
   </trkpt>
   <trkpt lat="51.5407240" lon="-0.0289640">
    <ele>13.5</ele>
    <time>2025-06-16T17:20:08Z</time>
   </trkpt>
   <trkpt lat="51.5407590" lon="-0.0289700">
    <ele>13.5</ele>
    <time>2025-06-16T17:20:09Z</time>
   </trkpt>
   <trkpt lat="51.5408010" lon="-0.0289960">
    <ele>13.5</ele>
    <time>2025-06-16T17:20:10Z</time>
   </trkpt>
   <trkpt lat="51.5408390" lon="-0.0290020">
    <ele>13.4</ele>
    <time>2025-06-16T17:20:11Z</time>
   </trkpt>
   <trkpt lat="51.5408830" lon="-0.0290110">
    <ele>13.4</ele>
    <time>2025-06-16T17:20:12Z</time>
   </trkpt>
   <trkpt lat="51.5409250" lon="-0.0290310">
    <ele>13.4</ele>
    <time>2025-06-16T17:20:13Z</time>
   </trkpt>
   <trkpt lat="51.5409620" lon="-0.0290520">
    <ele>13.4</ele>
    <time>2025-06-16T17:20:14Z</time>
   </trkpt>
   <trkpt lat="51.5409950" lon="-0.0290700">
    <ele>13.4</ele>
    <time>2025-06-16T17:20:15Z</time>
   </trkpt>
   <trkpt lat="51.5410270" lon="-0.0290920">
    <ele>13.4</ele>
    <time>2025-06-16T17:20:16Z</time>
   </trkpt>
   <trkpt lat="51.5410580" lon="-0.0291110">
    <ele>13.4</ele>
    <time>2025-06-16T17:20:17Z</time>
   </trkpt>
   <trkpt lat="51.5410900" lon="-0.0291230">
    <ele>13.4</ele>
    <time>2025-06-16T17:20:18Z</time>
   </trkpt>
   <trkpt lat="51.5411230" lon="-0.0291330">
    <ele>13.4</ele>
    <time>2025-06-16T17:20:19Z</time>
   </trkpt>
   <trkpt lat="51.5411470" lon="-0.0291840">
    <ele>13.4</ele>
    <time>2025-06-16T17:20:20Z</time>
   </trkpt>
   <trkpt lat="51.5411780" lon="-0.0292050">
    <ele>13.4</ele>
    <time>2025-06-16T17:20:21Z</time>
   </trkpt>
   <trkpt lat="51.5412120" lon="-0.0292240">
    <ele>13.4</ele>
    <time>2025-06-16T17:20:22Z</time>
   </trkpt>
   <trkpt lat="51.5412440" lon="-0.0292450">
    <ele>13.4</ele>
    <time>2025-06-16T17:20:23Z</time>
   </trkpt>
   <trkpt lat="51.5412830" lon="-0.0292760">
    <ele>13.4</ele>
    <time>2025-06-16T17:20:24Z</time>
   </trkpt>
   <trkpt lat="51.5413110" lon="-0.0293000">
    <ele>13.4</ele>
    <time>2025-06-16T17:20:25Z</time>
   </trkpt>
   <trkpt lat="51.5413550" lon="-0.0293250">
    <ele>13.5</ele>
    <time>2025-06-16T17:20:26Z</time>
   </trkpt>
   <trkpt lat="51.5413740" lon="-0.0293370">
    <ele>13.5</ele>
    <time>2025-06-16T17:20:27Z</time>
   </trkpt>
   <trkpt lat="51.5414080" lon="-0.0293600">
    <ele>13.5</ele>
    <time>2025-06-16T17:20:28Z</time>
   </trkpt>
   <trkpt lat="51.5414510" lon="-0.0293880">
    <ele>13.5</ele>
    <time>2025-06-16T17:20:29Z</time>
   </trkpt>
   <trkpt lat="51.5414710" lon="-0.0294010">
    <ele>13.5</ele>
    <time>2025-06-16T17:20:30Z</time>
   </trkpt>
   <trkpt lat="51.5415100" lon="-0.0294300">
    <ele>13.5</ele>
    <time>2025-06-16T17:20:31Z</time>
   </trkpt>
   <trkpt lat="51.5415460" lon="-0.0294640">
    <ele>13.6</ele>
    <time>2025-06-16T17:20:32Z</time>
   </trkpt>
   <trkpt lat="51.5415790" lon="-0.0294910">
    <ele>13.6</ele>
    <time>2025-06-16T17:20:33Z</time>
   </trkpt>
   <trkpt lat="51.5416140" lon="-0.0295270">
    <ele>13.6</ele>
    <time>2025-06-16T17:20:34Z</time>
   </trkpt>
   <trkpt lat="51.5416480" lon="-0.0295540">
    <ele>13.6</ele>
    <time>2025-06-16T17:20:35Z</time>
   </trkpt>
   <trkpt lat="51.5416790" lon="-0.0295780">
    <ele>13.6</ele>
    <time>2025-06-16T17:20:36Z</time>
   </trkpt>
   <trkpt lat="51.5417080" lon="-0.0295940">
    <ele>13.6</ele>
    <time>2025-06-16T17:20:37Z</time>
   </trkpt>
   <trkpt lat="51.5417420" lon="-0.0296080">
    <ele>13.6</ele>
    <time>2025-06-16T17:20:38Z</time>
   </trkpt>
   <trkpt lat="51.5417720" lon="-0.0296310">
    <ele>13.6</ele>
    <time>2025-06-16T17:20:39Z</time>
   </trkpt>
   <trkpt lat="51.5418020" lon="-0.0296630">
    <ele>13.6</ele>
    <time>2025-06-16T17:20:40Z</time>
   </trkpt>
   <trkpt lat="51.5418330" lon="-0.0296820">
    <ele>13.6</ele>
    <time>2025-06-16T17:20:41Z</time>
   </trkpt>
   <trkpt lat="51.5418640" lon="-0.0297040">
    <ele>13.7</ele>
    <time>2025-06-16T17:20:42Z</time>
   </trkpt>
   <trkpt lat="51.5418900" lon="-0.0297350">
    <ele>13.7</ele>
    <time>2025-06-16T17:20:43Z</time>
   </trkpt>
   <trkpt lat="51.5419220" lon="-0.0297530">
    <ele>13.7</ele>
    <time>2025-06-16T17:20:44Z</time>
   </trkpt>
   <trkpt lat="51.5419510" lon="-0.0297870">
    <ele>13.7</ele>
    <time>2025-06-16T17:20:45Z</time>
   </trkpt>
   <trkpt lat="51.5419860" lon="-0.0298190">
    <ele>13.7</ele>
    <time>2025-06-16T17:20:46Z</time>
   </trkpt>
   <trkpt lat="51.5420140" lon="-0.0298500">
    <ele>13.7</ele>
    <time>2025-06-16T17:20:47Z</time>
   </trkpt>
   <trkpt lat="51.5420480" lon="-0.0298790">
    <ele>13.7</ele>
    <time>2025-06-16T17:20:48Z</time>
   </trkpt>
   <trkpt lat="51.5420770" lon="-0.0299060">
    <ele>13.7</ele>
    <time>2025-06-16T17:20:49Z</time>
   </trkpt>
   <trkpt lat="51.5421100" lon="-0.0299120">
    <ele>13.7</ele>
    <time>2025-06-16T17:20:50Z</time>
   </trkpt>
   <trkpt lat="51.5421370" lon="-0.0299360">
    <ele>13.7</ele>
    <time>2025-06-16T17:20:51Z</time>
   </trkpt>
   <trkpt lat="51.5421610" lon="-0.0299600">
    <ele>13.7</ele>
    <time>2025-06-16T17:20:52Z</time>
   </trkpt>
   <trkpt lat="51.5421870" lon="-0.0299820">
    <ele>13.7</ele>
    <time>2025-06-16T17:20:53Z</time>
   </trkpt>
   <trkpt lat="51.5422200" lon="-0.0300200">
    <ele>13.7</ele>
    <time>2025-06-16T17:20:54Z</time>
   </trkpt>
   <trkpt lat="51.5422500" lon="-0.0300580">
    <ele>13.7</ele>
    <time>2025-06-16T17:20:55Z</time>
   </trkpt>
   <trkpt lat="51.5422790" lon="-0.0300810">
    <ele>13.7</ele>
    <time>2025-06-16T17:20:56Z</time>
   </trkpt>
   <trkpt lat="51.5423120" lon="-0.0301130">
    <ele>13.6</ele>
    <time>2025-06-16T17:20:57Z</time>
   </trkpt>
   <trkpt lat="51.5423660" lon="-0.0301400">
    <ele>13.6</ele>
    <time>2025-06-16T17:20:58Z</time>
   </trkpt>
   <trkpt lat="51.5423930" lon="-0.0301610">
    <ele>13.6</ele>
    <time>2025-06-16T17:20:59Z</time>
   </trkpt>
   <trkpt lat="51.5424250" lon="-0.0301800">
    <ele>13.6</ele>
    <time>2025-06-16T17:21:00Z</time>
   </trkpt>
   <trkpt lat="51.5424520" lon="-0.0302210">
    <ele>13.5</ele>
    <time>2025-06-16T17:21:01Z</time>
   </trkpt>
   <trkpt lat="51.5424780" lon="-0.0302600">
    <ele>13.5</ele>
    <time>2025-06-16T17:21:02Z</time>
   </trkpt>
   <trkpt lat="51.5425120" lon="-0.0303000">
    <ele>13.4</ele>
    <time>2025-06-16T17:21:03Z</time>
   </trkpt>
   <trkpt lat="51.5425510" lon="-0.0303160">
    <ele>13.4</ele>
    <time>2025-06-16T17:21:04Z</time>
   </trkpt>
   <trkpt lat="51.5425910" lon="-0.0303340">
    <ele>13.3</ele>
    <time>2025-06-16T17:21:05Z</time>
   </trkpt>
   <trkpt lat="51.5426300" lon="-0.0303640">
    <ele>13.2</ele>
    <time>2025-06-16T17:21:06Z</time>
   </trkpt>
   <trkpt lat="51.5426580" lon="-0.0304200">
    <ele>13.2</ele>
    <time>2025-06-16T17:21:07Z</time>
   </trkpt>
   <trkpt lat="51.5426900" lon="-0.0304590">
    <ele>13.1</ele>
    <time>2025-06-16T17:21:08Z</time>
   </trkpt>
   <trkpt lat="51.5427220" lon="-0.0305060">
    <ele>13.0</ele>
    <time>2025-06-16T17:21:09Z</time>
   </trkpt>
   <trkpt lat="51.5427520" lon="-0.0305420">
    <ele>13.0</ele>
    <time>2025-06-16T17:21:10Z</time>
   </trkpt>
   <trkpt lat="51.5427770" lon="-0.0305800">
    <ele>12.9</ele>
    <time>2025-06-16T17:21:11Z</time>
   </trkpt>
   <trkpt lat="51.5428000" lon="-0.0306210">
    <ele>12.8</ele>
    <time>2025-06-16T17:21:12Z</time>
   </trkpt>
   <trkpt lat="51.5428230" lon="-0.0306610">
    <ele>12.8</ele>
    <time>2025-06-16T17:21:13Z</time>
   </trkpt>
   <trkpt lat="51.5428460" lon="-0.0307110">
    <ele>12.7</ele>
    <time>2025-06-16T17:21:14Z</time>
   </trkpt>
   <trkpt lat="51.5428630" lon="-0.0307340">
    <ele>12.6</ele>
    <time>2025-06-16T17:21:15Z</time>
   </trkpt>
   <trkpt lat="51.5429050" lon="-0.0307800">
    <ele>12.5</ele>
    <time>2025-06-16T17:21:16Z</time>
   </trkpt>
   <trkpt lat="51.5429300" lon="-0.0308250">
    <ele>12.4</ele>
    <time>2025-06-16T17:21:17Z</time>
   </trkpt>
   <trkpt lat="51.5429670" lon="-0.0308630">
    <ele>12.4</ele>
    <time>2025-06-16T17:21:18Z</time>
   </trkpt>
   <trkpt lat="51.5429910" lon="-0.0309000">
    <ele>12.3</ele>
    <time>2025-06-16T17:21:19Z</time>
   </trkpt>
   <trkpt lat="51.5430220" lon="-0.0309360">
    <ele>12.2</ele>
    <time>2025-06-16T17:21:20Z</time>
   </trkpt>
   <trkpt lat="51.5430440" lon="-0.0309810">
    <ele>12.2</ele>
    <time>2025-06-16T17:21:21Z</time>
   </trkpt>
   <trkpt lat="51.5430660" lon="-0.0310200">
    <ele>12.1</ele>
    <time>2025-06-16T17:21:22Z</time>
   </trkpt>
   <trkpt lat="51.5430900" lon="-0.0310670">
    <ele>12.1</ele>
    <time>2025-06-16T17:21:23Z</time>
   </trkpt>
   <trkpt lat="51.5431250" lon="-0.0311090">
    <ele>12.0</ele>
    <time>2025-06-16T17:21:24Z</time>
   </trkpt>
   <trkpt lat="51.5431510" lon="-0.0311440">
    <ele>11.9</ele>
    <time>2025-06-16T17:21:25Z</time>
   </trkpt>
   <trkpt lat="51.5431880" lon="-0.0311990">
    <ele>11.8</ele>
    <time>2025-06-16T17:21:26Z</time>
   </trkpt>
   <trkpt lat="51.5432160" lon="-0.0312440">
    <ele>11.7</ele>
    <time>2025-06-16T17:21:27Z</time>
   </trkpt>
   <trkpt lat="51.5432410" lon="-0.0312840">
    <ele>11.6</ele>
    <time>2025-06-16T17:21:28Z</time>
   </trkpt>
   <trkpt lat="51.5432710" lon="-0.0313450">
    <ele>11.5</ele>
    <time>2025-06-16T17:21:29Z</time>
   </trkpt>
   <trkpt lat="51.5432890" lon="-0.0313980">
    <ele>11.5</ele>
    <time>2025-06-16T17:21:30Z</time>
   </trkpt>
   <trkpt lat="51.5433170" lon="-0.0314410">
    <ele>11.4</ele>
    <time>2025-06-16T17:21:31Z</time>
   </trkpt>
   <trkpt lat="51.5433240" lon="-0.0314680">
    <ele>11.3</ele>
    <time>2025-06-16T17:21:32Z</time>
   </trkpt>
   <trkpt lat="51.5433390" lon="-0.0315260">
    <ele>11.3</ele>
    <time>2025-06-16T17:21:33Z</time>
   </trkpt>
   <trkpt lat="51.5433630" lon="-0.0315700">
    <ele>11.2</ele>
    <time>2025-06-16T17:21:34Z</time>
   </trkpt>
   <trkpt lat="51.5433890" lon="-0.0316010">
    <ele>11.2</ele>
    <time>2025-06-16T17:21:35Z</time>
   </trkpt>
   <trkpt lat="51.5434080" lon="-0.0316630">
    <ele>11.1</ele>
    <time>2025-06-16T17:21:36Z</time>
   </trkpt>
   <trkpt lat="51.5434360" lon="-0.0317040">
    <ele>11.1</ele>
    <time>2025-06-16T17:21:37Z</time>
   </trkpt>
   <trkpt lat="51.5434590" lon="-0.0317410">
    <ele>11.1</ele>
    <time>2025-06-16T17:21:38Z</time>
   </trkpt>
   <trkpt lat="51.5434880" lon="-0.0317890">
    <ele>11.1</ele>
    <time>2025-06-16T17:21:39Z</time>
   </trkpt>
   <trkpt lat="51.5435140" lon="-0.0318330">
    <ele>11.1</ele>
    <time>2025-06-16T17:21:40Z</time>
   </trkpt>
   <trkpt lat="51.5435360" lon="-0.0318750">
    <ele>11.1</ele>
    <time>2025-06-16T17:21:41Z</time>
   </trkpt>
   <trkpt lat="51.5435590" lon="-0.0319160">
    <ele>11.0</ele>
    <time>2025-06-16T17:21:42Z</time>
   </trkpt>
   <trkpt lat="51.5435870" lon="-0.0319510">
    <ele>11.0</ele>
    <time>2025-06-16T17:21:43Z</time>
   </trkpt>
   <trkpt lat="51.5436150" lon="-0.0319870">
    <ele>11.0</ele>
    <time>2025-06-16T17:21:44Z</time>
   </trkpt>
   <trkpt lat="51.5436450" lon="-0.0320170">
    <ele>11.0</ele>
    <time>2025-06-16T17:21:45Z</time>
   </trkpt>
   <trkpt lat="51.5436610" lon="-0.0320660">
    <ele>11.0</ele>
    <time>2025-06-16T17:21:46Z</time>
   </trkpt>
   <trkpt lat="51.5436760" lon="-0.0321250">
    <ele>11.0</ele>
    <time>2025-06-16T17:21:47Z</time>
   </trkpt>
   <trkpt lat="51.5436790" lon="-0.0321480">
    <ele>11.0</ele>
    <time>2025-06-16T17:21:48Z</time>
   </trkpt>
   <trkpt lat="51.5437040" lon="-0.0321920">
    <ele>11.0</ele>
    <time>2025-06-16T17:21:49Z</time>
   </trkpt>
   <trkpt lat="51.5437310" lon="-0.0322520">
    <ele>11.0</ele>
    <time>2025-06-16T17:21:50Z</time>
   </trkpt>
   <trkpt lat="51.5437550" lon="-0.0322950">
    <ele>11.0</ele>
    <time>2025-06-16T17:21:51Z</time>
   </trkpt>
   <trkpt lat="51.5437800" lon="-0.0323320">
    <ele>11.0</ele>
    <time>2025-06-16T17:21:52Z</time>
   </trkpt>
   <trkpt lat="51.5437980" lon="-0.0323720">
    <ele>11.0</ele>
    <time>2025-06-16T17:21:53Z</time>
   </trkpt>
   <trkpt lat="51.5438240" lon="-0.0324080">
    <ele>11.0</ele>
    <time>2025-06-16T17:21:54Z</time>
   </trkpt>
   <trkpt lat="51.5438450" lon="-0.0324430">
    <ele>10.9</ele>
    <time>2025-06-16T17:21:55Z</time>
   </trkpt>
   <trkpt lat="51.5438750" lon="-0.0324730">
    <ele>10.9</ele>
    <time>2025-06-16T17:21:56Z</time>
   </trkpt>
   <trkpt lat="51.5438940" lon="-0.0325180">
    <ele>10.9</ele>
    <time>2025-06-16T17:21:57Z</time>
   </trkpt>
   <trkpt lat="51.5439150" lon="-0.0325620">
    <ele>10.9</ele>
    <time>2025-06-16T17:21:58Z</time>
   </trkpt>
   <trkpt lat="51.5439330" lon="-0.0326100">
    <ele>10.9</ele>
    <time>2025-06-16T17:21:59Z</time>
   </trkpt>
   <trkpt lat="51.5439510" lon="-0.0326520">
    <ele>10.9</ele>
    <time>2025-06-16T17:22:00Z</time>
   </trkpt>
   <trkpt lat="51.5439560" lon="-0.0326980">
    <ele>10.9</ele>
    <time>2025-06-16T17:22:01Z</time>
   </trkpt>
   <trkpt lat="51.5439640" lon="-0.0327510">
    <ele>10.9</ele>
    <time>2025-06-16T17:22:02Z</time>
   </trkpt>
   <trkpt lat="51.5439820" lon="-0.0327980">
    <ele>10.9</ele>
    <time>2025-06-16T17:22:03Z</time>
   </trkpt>
   <trkpt lat="51.5440190" lon="-0.0328420">
    <ele>10.9</ele>
    <time>2025-06-16T17:22:04Z</time>
   </trkpt>
   <trkpt lat="51.5440210" lon="-0.0329110">
    <ele>10.9</ele>
    <time>2025-06-16T17:22:05Z</time>
   </trkpt>
   <trkpt lat="51.5440280" lon="-0.0329810">
    <ele>10.9</ele>
    <time>2025-06-16T17:22:06Z</time>
   </trkpt>
   <trkpt lat="51.5440250" lon="-0.0330350">
    <ele>11.0</ele>
    <time>2025-06-16T17:22:07Z</time>
   </trkpt>
   <trkpt lat="51.5440230" lon="-0.0330910">
    <ele>11.0</ele>
    <time>2025-06-16T17:22:08Z</time>
   </trkpt>
   <trkpt lat="51.5440160" lon="-0.0331440">
    <ele>11.1</ele>
    <time>2025-06-16T17:22:09Z</time>
   </trkpt>
   <trkpt lat="51.5440150" lon="-0.0331950">
    <ele>11.1</ele>
    <time>2025-06-16T17:22:10Z</time>
   </trkpt>
   <trkpt lat="51.5440050" lon="-0.0332400">
    <ele>11.2</ele>
    <time>2025-06-16T17:22:11Z</time>
   </trkpt>
   <trkpt lat="51.5440000" lon="-0.0332890">
    <ele>11.2</ele>
    <time>2025-06-16T17:22:12Z</time>
   </trkpt>
   <trkpt lat="51.5439180" lon="-0.0332700">
    <ele>11.4</ele>
    <time>2025-06-16T17:22:13Z</time>
   </trkpt>
   <trkpt lat="51.5438840" lon="-0.0332820">
    <ele>11.5</ele>
    <time>2025-06-16T17:22:14Z</time>
   </trkpt>
   <trkpt lat="51.5438680" lon="-0.0333230">
    <ele>11.5</ele>
    <time>2025-06-16T17:22:15Z</time>
   </trkpt>
   <trkpt lat="51.5438570" lon="-0.0333770">
    <ele>11.6</ele>
    <time>2025-06-16T17:22:16Z</time>
   </trkpt>
   <trkpt lat="51.5438470" lon="-0.0334260">
    <ele>11.6</ele>
    <time>2025-06-16T17:22:17Z</time>
   </trkpt>
   <trkpt lat="51.5437800" lon="-0.0334360">
    <ele>11.7</ele>
    <time>2025-06-16T17:22:18Z</time>
   </trkpt>
   <trkpt lat="51.5437540" lon="-0.0334910">
    <ele>11.8</ele>
    <time>2025-06-16T17:22:19Z</time>
   </trkpt>
   <trkpt lat="51.5437380" lon="-0.0335110">
    <ele>11.8</ele>
    <time>2025-06-16T17:22:20Z</time>
   </trkpt>
   <trkpt lat="51.5437250" lon="-0.0335520">
    <ele>11.9</ele>
    <time>2025-06-16T17:22:21Z</time>
   </trkpt>
   <trkpt lat="51.5436860" lon="-0.0336100">
    <ele>12.0</ele>
    <time>2025-06-16T17:22:22Z</time>
   </trkpt>
   <trkpt lat="51.5436550" lon="-0.0336350">
    <ele>12.0</ele>
    <time>2025-06-16T17:22:23Z</time>
   </trkpt>
   <trkpt lat="51.5436410" lon="-0.0336780">
    <ele>12.1</ele>
    <time>2025-06-16T17:22:24Z</time>
   </trkpt>
   <trkpt lat="51.5436060" lon="-0.0337040">
    <ele>12.1</ele>
    <time>2025-06-16T17:22:25Z</time>
   </trkpt>
   <trkpt lat="51.5435900" lon="-0.0337470">
    <ele>12.1</ele>
    <time>2025-06-16T17:22:26Z</time>
   </trkpt>
   <trkpt lat="51.5435660" lon="-0.0337850">
    <ele>12.2</ele>
    <time>2025-06-16T17:22:27Z</time>
   </trkpt>
   <trkpt lat="51.5435350" lon="-0.0338090">
    <ele>12.2</ele>
    <time>2025-06-16T17:22:28Z</time>
   </trkpt>
   <trkpt lat="51.5435100" lon="-0.0338520">
    <ele>12.3</ele>
    <time>2025-06-16T17:22:29Z</time>
   </trkpt>
   <trkpt lat="51.5434940" lon="-0.0339020">
    <ele>12.3</ele>
    <time>2025-06-16T17:22:30Z</time>
   </trkpt>
   <trkpt lat="51.5434690" lon="-0.0339380">
    <ele>12.4</ele>
    <time>2025-06-16T17:22:31Z</time>
   </trkpt>
   <trkpt lat="51.5434430" lon="-0.0339780">
    <ele>12.4</ele>
    <time>2025-06-16T17:22:32Z</time>
   </trkpt>
   <trkpt lat="51.5434200" lon="-0.0340170">
    <ele>12.4</ele>
    <time>2025-06-16T17:22:33Z</time>
   </trkpt>
   <trkpt lat="51.5433990" lon="-0.0340620">
    <ele>12.5</ele>
    <time>2025-06-16T17:22:34Z</time>
   </trkpt>
   <trkpt lat="51.5433710" lon="-0.0341000">
    <ele>12.5</ele>
    <time>2025-06-16T17:22:35Z</time>
   </trkpt>
   <trkpt lat="51.5433570" lon="-0.0341490">
    <ele>12.5</ele>
    <time>2025-06-16T17:22:36Z</time>
   </trkpt>
   <trkpt lat="51.5433340" lon="-0.0342070">
    <ele>12.5</ele>
    <time>2025-06-16T17:22:37Z</time>
   </trkpt>
   <trkpt lat="51.5433170" lon="-0.0342660">
    <ele>12.6</ele>
    <time>2025-06-16T17:22:38Z</time>
   </trkpt>
   <trkpt lat="51.5433000" lon="-0.0343120">
    <ele>12.6</ele>
    <time>2025-06-16T17:22:39Z</time>
   </trkpt>
   <trkpt lat="51.5432700" lon="-0.0343470">
    <ele>12.6</ele>
    <time>2025-06-16T17:22:40Z</time>
   </trkpt>
   <trkpt lat="51.5432610" lon="-0.0343910">
    <ele>12.6</ele>
    <time>2025-06-16T17:22:41Z</time>
   </trkpt>
   <trkpt lat="51.5432550" lon="-0.0344510">
    <ele>12.6</ele>
    <time>2025-06-16T17:22:42Z</time>
   </trkpt>
   <trkpt lat="51.5432250" lon="-0.0344710">
    <ele>12.6</ele>
    <time>2025-06-16T17:22:43Z</time>
   </trkpt>
   <trkpt lat="51.5432100" lon="-0.0345200">
    <ele>12.6</ele>
    <time>2025-06-16T17:22:44Z</time>
   </trkpt>
   <trkpt lat="51.5431850" lon="-0.0345470">
    <ele>12.6</ele>
    <time>2025-06-16T17:22:45Z</time>
   </trkpt>
   <trkpt lat="51.5431410" lon="-0.0345710">
    <ele>12.7</ele>
    <time>2025-06-16T17:22:46Z</time>
   </trkpt>
   <trkpt lat="51.5430790" lon="-0.0345750">
    <ele>12.7</ele>
    <time>2025-06-16T17:22:47Z</time>
   </trkpt>
   <trkpt lat="51.5430420" lon="-0.0346030">
    <ele>12.7</ele>
    <time>2025-06-16T17:22:48Z</time>
   </trkpt>
   <trkpt lat="51.5430290" lon="-0.0346440">
    <ele>12.7</ele>
    <time>2025-06-16T17:22:49Z</time>
   </trkpt>
   <trkpt lat="51.5429990" lon="-0.0346910">
    <ele>12.7</ele>
    <time>2025-06-16T17:22:50Z</time>
   </trkpt>
   <trkpt lat="51.5429690" lon="-0.0347380">
    <ele>12.7</ele>
    <time>2025-06-16T17:22:51Z</time>
   </trkpt>
   <trkpt lat="51.5429440" lon="-0.0347920">
    <ele>12.8</ele>
    <time>2025-06-16T17:22:52Z</time>
   </trkpt>
   <trkpt lat="51.5429120" lon="-0.0348340">
    <ele>12.8</ele>
    <time>2025-06-16T17:22:53Z</time>
   </trkpt>
   <trkpt lat="51.5428860" lon="-0.0348790">
    <ele>12.8</ele>
    <time>2025-06-16T17:22:54Z</time>
   </trkpt>
   <trkpt lat="51.5428630" lon="-0.0349230">
    <ele>12.8</ele>
    <time>2025-06-16T17:22:55Z</time>
   </trkpt>
   <trkpt lat="51.5428400" lon="-0.0349600">
    <ele>12.8</ele>
    <time>2025-06-16T17:22:56Z</time>
   </trkpt>
   <trkpt lat="51.5428130" lon="-0.0349980">
    <ele>12.8</ele>
    <time>2025-06-16T17:22:57Z</time>
   </trkpt>
   <trkpt lat="51.5427780" lon="-0.0350320">
    <ele>12.8</ele>
    <time>2025-06-16T17:22:58Z</time>
   </trkpt>
   <trkpt lat="51.5427440" lon="-0.0350590">
    <ele>12.8</ele>
    <time>2025-06-16T17:22:59Z</time>
   </trkpt>
   <trkpt lat="51.5427110" lon="-0.0350870">
    <ele>12.8</ele>
    <time>2025-06-16T17:23:00Z</time>
   </trkpt>
   <trkpt lat="51.5426840" lon="-0.0351110">
    <ele>12.9</ele>
    <time>2025-06-16T17:23:01Z</time>
   </trkpt>
   <trkpt lat="51.5426590" lon="-0.0351460">
    <ele>12.9</ele>
    <time>2025-06-16T17:23:02Z</time>
   </trkpt>
   <trkpt lat="51.5426350" lon="-0.0351880">
    <ele>12.9</ele>
    <time>2025-06-16T17:23:03Z</time>
   </trkpt>
   <trkpt lat="51.5426110" lon="-0.0352310">
    <ele>12.9</ele>
    <time>2025-06-16T17:23:04Z</time>
   </trkpt>
   <trkpt lat="51.5425860" lon="-0.0352590">
    <ele>12.9</ele>
    <time>2025-06-16T17:23:05Z</time>
   </trkpt>
   <trkpt lat="51.5425560" lon="-0.0353090">
    <ele>12.9</ele>
    <time>2025-06-16T17:23:06Z</time>
   </trkpt>
   <trkpt lat="51.5425310" lon="-0.0353480">
    <ele>12.9</ele>
    <time>2025-06-16T17:23:07Z</time>
   </trkpt>
   <trkpt lat="51.5425040" lon="-0.0354110">
    <ele>12.9</ele>
    <time>2025-06-16T17:23:08Z</time>
   </trkpt>
   <trkpt lat="51.5424840" lon="-0.0354650">
    <ele>12.9</ele>
    <time>2025-06-16T17:23:09Z</time>
   </trkpt>
   <trkpt lat="51.5424710" lon="-0.0355270">
    <ele>12.9</ele>
    <time>2025-06-16T17:23:10Z</time>
   </trkpt>
   <trkpt lat="51.5424540" lon="-0.0355850">
    <ele>12.9</ele>
    <time>2025-06-16T17:23:11Z</time>
   </trkpt>
   <trkpt lat="51.5424200" lon="-0.0356350">
    <ele>13.0</ele>
    <time>2025-06-16T17:23:12Z</time>
   </trkpt>
   <trkpt lat="51.5424050" lon="-0.0356720">
    <ele>13.0</ele>
    <time>2025-06-16T17:23:13Z</time>
   </trkpt>
   <trkpt lat="51.5423720" lon="-0.0357110">
    <ele>13.0</ele>
    <time>2025-06-16T17:23:14Z</time>
   </trkpt>
   <trkpt lat="51.5423430" lon="-0.0357470">
    <ele>13.0</ele>
    <time>2025-06-16T17:23:15Z</time>
   </trkpt>
   <trkpt lat="51.5423160" lon="-0.0357860">
    <ele>13.0</ele>
    <time>2025-06-16T17:23:16Z</time>
   </trkpt>
   <trkpt lat="51.5422990" lon="-0.0358270">
    <ele>13.0</ele>
    <time>2025-06-16T17:23:17Z</time>
   </trkpt>
   <trkpt lat="51.5422800" lon="-0.0358680">
    <ele>13.0</ele>
    <time>2025-06-16T17:23:18Z</time>
   </trkpt>
   <trkpt lat="51.5422590" lon="-0.0359070">
    <ele>13.0</ele>
    <time>2025-06-16T17:23:19Z</time>
   </trkpt>
   <trkpt lat="51.5422470" lon="-0.0359210">
    <ele>13.0</ele>
    <time>2025-06-16T17:23:20Z</time>
   </trkpt>
   <trkpt lat="51.5422230" lon="-0.0359530">
    <ele>13.0</ele>
    <time>2025-06-16T17:23:21Z</time>
   </trkpt>
   <trkpt lat="51.5421900" lon="-0.0359890">
    <ele>13.0</ele>
    <time>2025-06-16T17:23:22Z</time>
   </trkpt>
   <trkpt lat="51.5421540" lon="-0.0360270">
    <ele>13.0</ele>
    <time>2025-06-16T17:23:23Z</time>
   </trkpt>
   <trkpt lat="51.5421400" lon="-0.0360480">
    <ele>13.0</ele>
    <time>2025-06-16T17:23:24Z</time>
   </trkpt>
   <trkpt lat="51.5421240" lon="-0.0360910">
    <ele>13.0</ele>
    <time>2025-06-16T17:23:25Z</time>
   </trkpt>
   <trkpt lat="51.5420860" lon="-0.0361350">
    <ele>13.1</ele>
    <time>2025-06-16T17:23:26Z</time>
   </trkpt>
   <trkpt lat="51.5420650" lon="-0.0361690">
    <ele>13.1</ele>
    <time>2025-06-16T17:23:27Z</time>
   </trkpt>
   <trkpt lat="51.5420260" lon="-0.0362080">
    <ele>13.1</ele>
    <time>2025-06-16T17:23:28Z</time>
   </trkpt>
   <trkpt lat="51.5419800" lon="-0.0362410">
    <ele>13.2</ele>
    <time>2025-06-16T17:23:29Z</time>
   </trkpt>
   <trkpt lat="51.5419550" lon="-0.0362840">
    <ele>13.2</ele>
    <time>2025-06-16T17:23:30Z</time>
   </trkpt>
   <trkpt lat="51.5419270" lon="-0.0363160">
    <ele>13.2</ele>
    <time>2025-06-16T17:23:31Z</time>
   </trkpt>
   <trkpt lat="51.5419050" lon="-0.0363640">
    <ele>13.2</ele>
    <time>2025-06-16T17:23:32Z</time>
   </trkpt>
   <trkpt lat="51.5418820" lon="-0.0364040">
    <ele>13.3</ele>
    <time>2025-06-16T17:23:33Z</time>
   </trkpt>
   <trkpt lat="51.5418620" lon="-0.0364490">
    <ele>13.3</ele>
    <time>2025-06-16T17:23:34Z</time>
   </trkpt>
   <trkpt lat="51.5418390" lon="-0.0364780">
    <ele>13.3</ele>
    <time>2025-06-16T17:23:35Z</time>
   </trkpt>
   <trkpt lat="51.5418150" lon="-0.0365160">
    <ele>13.3</ele>
    <time>2025-06-16T17:23:36Z</time>
   </trkpt>
   <trkpt lat="51.5417910" lon="-0.0365440">
    <ele>13.3</ele>
    <time>2025-06-16T17:23:37Z</time>
   </trkpt>
   <trkpt lat="51.5417680" lon="-0.0365710">
    <ele>13.4</ele>
    <time>2025-06-16T17:23:38Z</time>
   </trkpt>
   <trkpt lat="51.5417450" lon="-0.0366080">
    <ele>13.4</ele>
    <time>2025-06-16T17:23:39Z</time>
   </trkpt>
   <trkpt lat="51.5417200" lon="-0.0366390">
    <ele>13.4</ele>
    <time>2025-06-16T17:23:40Z</time>
   </trkpt>
   <trkpt lat="51.5416880" lon="-0.0366620">
    <ele>13.4</ele>
    <time>2025-06-16T17:23:41Z</time>
   </trkpt>
   <trkpt lat="51.5416560" lon="-0.0367080">
    <ele>13.4</ele>
    <time>2025-06-16T17:23:42Z</time>
   </trkpt>
   <trkpt lat="51.5416440" lon="-0.0367260">
    <ele>13.5</ele>
    <time>2025-06-16T17:23:43Z</time>
   </trkpt>
   <trkpt lat="51.5416150" lon="-0.0367470">
    <ele>13.5</ele>
    <time>2025-06-16T17:23:44Z</time>
   </trkpt>
   <trkpt lat="51.5415880" lon="-0.0367700">
    <ele>13.5</ele>
    <time>2025-06-16T17:23:45Z</time>
   </trkpt>
   <trkpt lat="51.5415660" lon="-0.0368000">
    <ele>13.5</ele>
    <time>2025-06-16T17:23:46Z</time>
   </trkpt>
   <trkpt lat="51.5415410" lon="-0.0368320">
    <ele>13.5</ele>
    <time>2025-06-16T17:23:47Z</time>
   </trkpt>
   <trkpt lat="51.5415230" lon="-0.0368720">
    <ele>13.5</ele>
    <time>2025-06-16T17:23:48Z</time>
   </trkpt>
   <trkpt lat="51.5415010" lon="-0.0369090">
    <ele>13.6</ele>
    <time>2025-06-16T17:23:49Z</time>
   </trkpt>
   <trkpt lat="51.5414790" lon="-0.0369380">
    <ele>13.6</ele>
    <time>2025-06-16T17:23:50Z</time>
   </trkpt>
   <trkpt lat="51.5414420" lon="-0.0369680">
    <ele>13.6</ele>
    <time>2025-06-16T17:23:51Z</time>
   </trkpt>
   <trkpt lat="51.5414240" lon="-0.0369780">
    <ele>13.6</ele>
    <time>2025-06-16T17:23:52Z</time>
   </trkpt>
   <trkpt lat="51.5413870" lon="-0.0370010">
    <ele>13.6</ele>
    <time>2025-06-16T17:23:53Z</time>
   </trkpt>
   <trkpt lat="51.5413410" lon="-0.0370590">
    <ele>13.7</ele>
    <time>2025-06-16T17:23:54Z</time>
   </trkpt>
   <trkpt lat="51.5413210" lon="-0.0371020">
    <ele>13.7</ele>
    <time>2025-06-16T17:23:55Z</time>
   </trkpt>
   <trkpt lat="51.5412940" lon="-0.0371250">
    <ele>13.7</ele>
    <time>2025-06-16T17:23:56Z</time>
   </trkpt>
   <trkpt lat="51.5412630" lon="-0.0371520">
    <ele>13.7</ele>
    <time>2025-06-16T17:23:57Z</time>
   </trkpt>
   <trkpt lat="51.5412480" lon="-0.0371890">
    <ele>13.7</ele>
    <time>2025-06-16T17:23:58Z</time>
   </trkpt>
   <trkpt lat="51.5412200" lon="-0.0372110">
    <ele>13.7</ele>
    <time>2025-06-16T17:23:59Z</time>
   </trkpt>
   <trkpt lat="51.5411890" lon="-0.0372550">
    <ele>13.7</ele>
    <time>2025-06-16T17:24:00Z</time>
   </trkpt>
   <trkpt lat="51.5411750" lon="-0.0372690">
    <ele>13.7</ele>
    <time>2025-06-16T17:24:01Z</time>
   </trkpt>
   <trkpt lat="51.5411490" lon="-0.0372990">
    <ele>13.7</ele>
    <time>2025-06-16T17:24:02Z</time>
   </trkpt>
   <trkpt lat="51.5411190" lon="-0.0373490">
    <ele>13.7</ele>
    <time>2025-06-16T17:24:03Z</time>
   </trkpt>
   <trkpt lat="51.5411030" lon="-0.0373640">
    <ele>13.7</ele>
    <time>2025-06-16T17:24:04Z</time>
   </trkpt>
   <trkpt lat="51.5410580" lon="-0.0373940">
    <ele>13.7</ele>
    <time>2025-06-16T17:24:05Z</time>
   </trkpt>
   <trkpt lat="51.5410360" lon="-0.0374310">
    <ele>13.7</ele>
    <time>2025-06-16T17:24:06Z</time>
   </trkpt>
   <trkpt lat="51.5410120" lon="-0.0374700">
    <ele>13.7</ele>
    <time>2025-06-16T17:24:07Z</time>
   </trkpt>
   <trkpt lat="51.5409880" lon="-0.0375000">
    <ele>13.7</ele>
    <time>2025-06-16T17:24:08Z</time>
   </trkpt>
   <trkpt lat="51.5409470" lon="-0.0375370">
    <ele>13.7</ele>
    <time>2025-06-16T17:24:09Z</time>
   </trkpt>
   <trkpt lat="51.5409230" lon="-0.0375450">
    <ele>13.7</ele>
    <time>2025-06-16T17:24:10Z</time>
   </trkpt>
   <trkpt lat="51.5408930" lon="-0.0375700">
    <ele>13.8</ele>
    <time>2025-06-16T17:24:11Z</time>
   </trkpt>
   <trkpt lat="51.5408730" lon="-0.0376120">
    <ele>13.8</ele>
    <time>2025-06-16T17:24:12Z</time>
   </trkpt>
   <trkpt lat="51.5407260" lon="-0.0377830">
    <ele>13.8</ele>
    <time>2025-06-16T17:24:18Z</time>
   </trkpt>
   <trkpt lat="51.5407190" lon="-0.0377840">
    <ele>13.8</ele>
    <time>2025-06-16T17:24:19Z</time>
   </trkpt>
   <trkpt lat="51.5406950" lon="-0.0378030">
    <ele>13.8</ele>
    <time>2025-06-16T17:24:20Z</time>
   </trkpt>
   <trkpt lat="51.5406550" lon="-0.0378350">
    <ele>13.8</ele>
    <time>2025-06-16T17:24:21Z</time>
   </trkpt>
   <trkpt lat="51.5406330" lon="-0.0378570">
    <ele>13.8</ele>
    <time>2025-06-16T17:24:22Z</time>
   </trkpt>
   <trkpt lat="51.5406280" lon="-0.0378710">
    <ele>13.8</ele>
    <time>2025-06-16T17:24:23Z</time>
   </trkpt>
   <trkpt lat="51.5406080" lon="-0.0378940">
    <ele>13.8</ele>
    <time>2025-06-16T17:24:24Z</time>
   </trkpt>
   <trkpt lat="51.5405810" lon="-0.0379210">
    <ele>13.8</ele>
    <time>2025-06-16T17:24:25Z</time>
   </trkpt>
   <trkpt lat="51.5405540" lon="-0.0379450">
    <ele>13.8</ele>
    <time>2025-06-16T17:24:26Z</time>
   </trkpt>
   <trkpt lat="51.5405430" lon="-0.0379510">
    <ele>13.8</ele>
    <time>2025-06-16T17:24:27Z</time>
   </trkpt>
   <trkpt lat="51.5405170" lon="-0.0379760">
    <ele>13.9</ele>
    <time>2025-06-16T17:24:28Z</time>
   </trkpt>
   <trkpt lat="51.5404860" lon="-0.0380090">
    <ele>13.9</ele>
    <time>2025-06-16T17:24:29Z</time>
   </trkpt>
   <trkpt lat="51.5404690" lon="-0.0380320">
    <ele>13.9</ele>
    <time>2025-06-16T17:24:30Z</time>
   </trkpt>
   <trkpt lat="51.5404380" lon="-0.0380580">
    <ele>13.9</ele>
    <time>2025-06-16T17:24:31Z</time>
   </trkpt>
   <trkpt lat="51.5404040" lon="-0.0380950">
    <ele>13.9</ele>
    <time>2025-06-16T17:24:32Z</time>
   </trkpt>
   <trkpt lat="51.5403690" lon="-0.0381180">
    <ele>13.9</ele>
    <time>2025-06-16T17:24:33Z</time>
   </trkpt>
   <trkpt lat="51.5403360" lon="-0.0381590">
    <ele>13.9</ele>
    <time>2025-06-16T17:24:34Z</time>
   </trkpt>
   <trkpt lat="51.5403090" lon="-0.0381810">
    <ele>13.9</ele>
    <time>2025-06-16T17:24:35Z</time>
   </trkpt>
   <trkpt lat="51.5402780" lon="-0.0382140">
    <ele>14.0</ele>
    <time>2025-06-16T17:24:36Z</time>
   </trkpt>
   <trkpt lat="51.5402510" lon="-0.0382410">
    <ele>14.0</ele>
    <time>2025-06-16T17:24:37Z</time>
   </trkpt>
   <trkpt lat="51.5402170" lon="-0.0382880">
    <ele>14.0</ele>
    <time>2025-06-16T17:24:38Z</time>
   </trkpt>
   <trkpt lat="51.5401790" lon="-0.0383140">
    <ele>14.0</ele>
    <time>2025-06-16T17:24:39Z</time>
   </trkpt>
   <trkpt lat="51.5401620" lon="-0.0383240">
    <ele>14.0</ele>
    <time>2025-06-16T17:24:40Z</time>
   </trkpt>
   <trkpt lat="51.5401360" lon="-0.0383550">
    <ele>14.0</ele>
    <time>2025-06-16T17:24:41Z</time>
   </trkpt>
   <trkpt lat="51.5401090" lon="-0.0383990">
    <ele>14.0</ele>
    <time>2025-06-16T17:24:42Z</time>
   </trkpt>
   <trkpt lat="51.5400810" lon="-0.0384170">
    <ele>14.0</ele>
    <time>2025-06-16T17:24:43Z</time>
   </trkpt>
   <trkpt lat="51.5400530" lon="-0.0384450">
    <ele>14.0</ele>
    <time>2025-06-16T17:24:44Z</time>
   </trkpt>
   <trkpt lat="51.5400250" lon="-0.0384790">
    <ele>14.0</ele>
    <time>2025-06-16T17:24:45Z</time>
   </trkpt>
   <trkpt lat="51.5399930" lon="-0.0385260">
    <ele>14.0</ele>
    <time>2025-06-16T17:24:46Z</time>
   </trkpt>
   <trkpt lat="51.5399600" lon="-0.0385580">
    <ele>14.0</ele>
    <time>2025-06-16T17:24:47Z</time>
   </trkpt>
   <trkpt lat="51.5399330" lon="-0.0385950">
    <ele>14.0</ele>
    <time>2025-06-16T17:24:48Z</time>
   </trkpt>
   <trkpt lat="51.5399250" lon="-0.0386070">
    <ele>14.0</ele>
    <time>2025-06-16T17:24:49Z</time>
   </trkpt>
   <trkpt lat="51.5398960" lon="-0.0386480">
    <ele>14.0</ele>
    <time>2025-06-16T17:24:50Z</time>
   </trkpt>
   <trkpt lat="51.5398640" lon="-0.0386800">
    <ele>14.0</ele>
    <time>2025-06-16T17:24:51Z</time>
   </trkpt>
   <trkpt lat="51.5398320" lon="-0.0387220">
    <ele>14.0</ele>
    <time>2025-06-16T17:24:52Z</time>
   </trkpt>
   <trkpt lat="51.5398040" lon="-0.0387430">
    <ele>14.0</ele>
    <time>2025-06-16T17:24:53Z</time>
   </trkpt>
   <trkpt lat="51.5397770" lon="-0.0387850">
    <ele>14.0</ele>
    <time>2025-06-16T17:24:54Z</time>
   </trkpt>
   <trkpt lat="51.5397430" lon="-0.0388230">
    <ele>14.0</ele>
    <time>2025-06-16T17:24:55Z</time>
   </trkpt>
   <trkpt lat="51.5397110" lon="-0.0388550">
    <ele>14.1</ele>
    <time>2025-06-16T17:24:56Z</time>
   </trkpt>
   <trkpt lat="51.5396730" lon="-0.0388780">
    <ele>14.1</ele>
    <time>2025-06-16T17:24:57Z</time>
   </trkpt>
   <trkpt lat="51.5396600" lon="-0.0388910">
    <ele>14.1</ele>
    <time>2025-06-16T17:24:58Z</time>
   </trkpt>
   <trkpt lat="51.5396370" lon="-0.0389140">
    <ele>14.1</ele>
    <time>2025-06-16T17:24:59Z</time>
   </trkpt>
   <trkpt lat="51.5396090" lon="-0.0389450">
    <ele>14.1</ele>
    <time>2025-06-16T17:25:00Z</time>
   </trkpt>
   <trkpt lat="51.5395760" lon="-0.0389590">
    <ele>14.1</ele>
    <time>2025-06-16T17:25:01Z</time>
   </trkpt>
   <trkpt lat="51.5395440" lon="-0.0389910">
    <ele>14.1</ele>
    <time>2025-06-16T17:25:02Z</time>
   </trkpt>
   <trkpt lat="51.5395060" lon="-0.0390000">
    <ele>14.1</ele>
    <time>2025-06-16T17:25:03Z</time>
   </trkpt>
   <trkpt lat="51.5394920" lon="-0.0390060">
    <ele>14.1</ele>
    <time>2025-06-16T17:25:04Z</time>
   </trkpt>
   <trkpt lat="51.5394530" lon="-0.0390180">
    <ele>14.1</ele>
    <time>2025-06-16T17:25:05Z</time>
   </trkpt>
   <trkpt lat="51.5394370" lon="-0.0390270">
    <ele>14.1</ele>
    <time>2025-06-16T17:25:06Z</time>
   </trkpt>
   <trkpt lat="51.5394110" lon="-0.0390520">
    <ele>14.1</ele>
    <time>2025-06-16T17:25:07Z</time>
   </trkpt>
   <trkpt lat="51.5393900" lon="-0.0390860">
    <ele>14.1</ele>
    <time>2025-06-16T17:25:08Z</time>
   </trkpt>
   <trkpt lat="51.5393690" lon="-0.0391360">
    <ele>14.1</ele>
    <time>2025-06-16T17:25:09Z</time>
   </trkpt>
   <trkpt lat="51.5393490" lon="-0.0391670">
    <ele>14.1</ele>
    <time>2025-06-16T17:25:10Z</time>
   </trkpt>
   <trkpt lat="51.5393190" lon="-0.0392060">
    <ele>14.1</ele>
    <time>2025-06-16T17:25:11Z</time>
   </trkpt>
   <trkpt lat="51.5393080" lon="-0.0392190">
    <ele>14.1</ele>
    <time>2025-06-16T17:25:12Z</time>
   </trkpt>
   <trkpt lat="51.5392810" lon="-0.0392490">
    <ele>14.1</ele>
    <time>2025-06-16T17:25:13Z</time>
   </trkpt>
   <trkpt lat="51.5392480" lon="-0.0392910">
    <ele>14.1</ele>
    <time>2025-06-16T17:25:14Z</time>
   </trkpt>
   <trkpt lat="51.5392320" lon="-0.0393030">
    <ele>14.1</ele>
    <time>2025-06-16T17:25:15Z</time>
   </trkpt>
   <trkpt lat="51.5392030" lon="-0.0393280">
    <ele>14.1</ele>
    <time>2025-06-16T17:25:16Z</time>
   </trkpt>
   <trkpt lat="51.5391690" lon="-0.0393520">
    <ele>14.1</ele>
    <time>2025-06-16T17:25:17Z</time>
   </trkpt>
   <trkpt lat="51.5391470" lon="-0.0393800">
    <ele>14.1</ele>
    <time>2025-06-16T17:25:18Z</time>
   </trkpt>
   <trkpt lat="51.5391190" lon="-0.0394020">
    <ele>14.1</ele>
    <time>2025-06-16T17:25:19Z</time>
   </trkpt>
   <trkpt lat="51.5390940" lon="-0.0394370">
    <ele>14.1</ele>
    <time>2025-06-16T17:25:20Z</time>
   </trkpt>
   <trkpt lat="51.5390640" lon="-0.0394610">
    <ele>14.1</ele>
    <time>2025-06-16T17:25:21Z</time>
   </trkpt>
   <trkpt lat="51.5390340" lon="-0.0394890">
    <ele>14.1</ele>
    <time>2025-06-16T17:25:22Z</time>
   </trkpt>
   <trkpt lat="51.5389970" lon="-0.0395080">
    <ele>14.1</ele>
    <time>2025-06-16T17:25:23Z</time>
   </trkpt>
   <trkpt lat="51.5389750" lon="-0.0395390">
    <ele>14.1</ele>
    <time>2025-06-16T17:25:24Z</time>
   </trkpt>
   <trkpt lat="51.5389460" lon="-0.0395660">
    <ele>14.1</ele>
    <time>2025-06-16T17:25:25Z</time>
   </trkpt>
   <trkpt lat="51.5389170" lon="-0.0396040">
    <ele>14.1</ele>
    <time>2025-06-16T17:25:26Z</time>
   </trkpt>
   <trkpt lat="51.5388940" lon="-0.0396320">
    <ele>14.1</ele>
    <time>2025-06-16T17:25:27Z</time>
   </trkpt>
   <trkpt lat="51.5388680" lon="-0.0396710">
    <ele>14.1</ele>
    <time>2025-06-16T17:25:28Z</time>
   </trkpt>
   <trkpt lat="51.5388540" lon="-0.0396810">
    <ele>14.1</ele>
    <time>2025-06-16T17:25:29Z</time>
   </trkpt>
   <trkpt lat="51.5388280" lon="-0.0397140">
    <ele>14.1</ele>
    <time>2025-06-16T17:25:30Z</time>
   </trkpt>
   <trkpt lat="51.5388010" lon="-0.0397410">
    <ele>14.1</ele>
    <time>2025-06-16T17:25:31Z</time>
   </trkpt>
   <trkpt lat="51.5387760" lon="-0.0397740">
    <ele>14.1</ele>
    <time>2025-06-16T17:25:32Z</time>
   </trkpt>
   <trkpt lat="51.5387510" lon="-0.0397940">
    <ele>14.1</ele>
    <time>2025-06-16T17:25:33Z</time>
   </trkpt>
   <trkpt lat="51.5387130" lon="-0.0398100">
    <ele>14.1</ele>
    <time>2025-06-16T17:25:34Z</time>
   </trkpt>
   <trkpt lat="51.5386880" lon="-0.0398420">
    <ele>14.1</ele>
    <time>2025-06-16T17:25:35Z</time>
   </trkpt>
   <trkpt lat="51.5386650" lon="-0.0398740">
    <ele>14.0</ele>
    <time>2025-06-16T17:25:36Z</time>
   </trkpt>
   <trkpt lat="51.5386390" lon="-0.0398960">
    <ele>14.0</ele>
    <time>2025-06-16T17:25:37Z</time>
   </trkpt>
   <trkpt lat="51.5386160" lon="-0.0399190">
    <ele>14.0</ele>
    <time>2025-06-16T17:25:38Z</time>
   </trkpt>
   <trkpt lat="51.5385850" lon="-0.0399410">
    <ele>14.0</ele>
    <time>2025-06-16T17:25:39Z</time>
   </trkpt>
   <trkpt lat="51.5385570" lon="-0.0399740">
    <ele>14.0</ele>
    <time>2025-06-16T17:25:40Z</time>
   </trkpt>
   <trkpt lat="51.5385310" lon="-0.0399960">
    <ele>14.0</ele>
    <time>2025-06-16T17:25:41Z</time>
   </trkpt>
   <trkpt lat="51.5385050" lon="-0.0400280">
    <ele>14.0</ele>
    <time>2025-06-16T17:25:42Z</time>
   </trkpt>
   <trkpt lat="51.5384780" lon="-0.0400610">
    <ele>14.0</ele>
    <time>2025-06-16T17:25:43Z</time>
   </trkpt>
   <trkpt lat="51.5384460" lon="-0.0401050">
    <ele>14.0</ele>
    <time>2025-06-16T17:25:44Z</time>
   </trkpt>
   <trkpt lat="51.5383630" lon="-0.0401670">
    <ele>14.0</ele>
    <time>2025-06-16T17:25:45Z</time>
   </trkpt>
   <trkpt lat="51.5383220" lon="-0.0402090">
    <ele>14.0</ele>
    <time>2025-06-16T17:25:46Z</time>
   </trkpt>
   <trkpt lat="51.5382810" lon="-0.0402520">
    <ele>14.0</ele>
    <time>2025-06-16T17:25:53Z</time>
   </trkpt>
   <trkpt lat="51.5382390" lon="-0.0402940">
    <ele>14.0</ele>
    <time>2025-06-16T17:25:54Z</time>
   </trkpt>
   <trkpt lat="51.5381980" lon="-0.0403360">
    <ele>13.9</ele>
    <time>2025-06-16T17:25:55Z</time>
   </trkpt>
   <trkpt lat="51.5381570" lon="-0.0403780">
    <ele>13.9</ele>
    <time>2025-06-16T17:25:56Z</time>
   </trkpt>
   <trkpt lat="51.5381280" lon="-0.0404210">
    <ele>13.9</ele>
    <time>2025-06-16T17:25:57Z</time>
   </trkpt>
   <trkpt lat="51.5381040" lon="-0.0404500">
    <ele>13.9</ele>
    <time>2025-06-16T17:25:58Z</time>
   </trkpt>
   <trkpt lat="51.5380900" lon="-0.0404710">
    <ele>13.9</ele>
    <time>2025-06-16T17:25:59Z</time>
   </trkpt>
   <trkpt lat="51.5380560" lon="-0.0405060">
    <ele>13.8</ele>
    <time>2025-06-16T17:26:00Z</time>
   </trkpt>
   <trkpt lat="51.5380260" lon="-0.0405380">
    <ele>13.8</ele>
    <time>2025-06-16T17:26:01Z</time>
   </trkpt>
   <trkpt lat="51.5380090" lon="-0.0405520">
    <ele>13.8</ele>
    <time>2025-06-16T17:26:02Z</time>
   </trkpt>
   <trkpt lat="51.5379860" lon="-0.0405970">
    <ele>13.8</ele>
    <time>2025-06-16T17:26:03Z</time>
   </trkpt>
   <trkpt lat="51.5379710" lon="-0.0406360">
    <ele>13.8</ele>
    <time>2025-06-16T17:26:04Z</time>
   </trkpt>
   <trkpt lat="51.5379570" lon="-0.0406770">
    <ele>13.8</ele>
    <time>2025-06-16T17:26:05Z</time>
   </trkpt>
   <trkpt lat="51.5379510" lon="-0.0406880">
    <ele>13.8</ele>
    <time>2025-06-16T17:26:06Z</time>
   </trkpt>
   <trkpt lat="51.5379230" lon="-0.0407090">
    <ele>13.8</ele>
    <time>2025-06-16T17:26:07Z</time>
   </trkpt>
   <trkpt lat="51.5379160" lon="-0.0407210">
    <ele>13.8</ele>
    <time>2025-06-16T17:26:08Z</time>
   </trkpt>
   <trkpt lat="51.5378920" lon="-0.0407690">
    <ele>13.8</ele>
    <time>2025-06-16T17:26:09Z</time>
   </trkpt>
   <trkpt lat="51.5378840" lon="-0.0407860">
    <ele>13.7</ele>
    <time>2025-06-16T17:26:10Z</time>
   </trkpt>
   <trkpt lat="51.5378760" lon="-0.0408300">
    <ele>13.7</ele>
    <time>2025-06-16T17:26:11Z</time>
   </trkpt>
   <trkpt lat="51.5378500" lon="-0.0408810">
    <ele>13.7</ele>
    <time>2025-06-16T17:26:12Z</time>
   </trkpt>
   <trkpt lat="51.5378420" lon="-0.0409010">
    <ele>13.7</ele>
    <time>2025-06-16T17:26:13Z</time>
   </trkpt>
   <trkpt lat="51.5377990" lon="-0.0409480">
    <ele>13.7</ele>
    <time>2025-06-16T17:26:14Z</time>
   </trkpt>
   <trkpt lat="51.5377550" lon="-0.0409960">
    <ele>13.7</ele>
    <time>2025-06-16T17:26:15Z</time>
   </trkpt>
   <trkpt lat="51.5377260" lon="-0.0410250">
    <ele>13.7</ele>
    <time>2025-06-16T17:26:16Z</time>
   </trkpt>
   <trkpt lat="51.5376960" lon="-0.0410730">
    <ele>13.7</ele>
    <time>2025-06-16T17:26:17Z</time>
   </trkpt>
   <trkpt lat="51.5376580" lon="-0.0411130">
    <ele>13.7</ele>
    <time>2025-06-16T17:26:18Z</time>
   </trkpt>
   <trkpt lat="51.5376110" lon="-0.0411420">
    <ele>13.7</ele>
    <time>2025-06-16T17:26:19Z</time>
   </trkpt>
   <trkpt lat="51.5375780" lon="-0.0411670">
    <ele>13.7</ele>
    <time>2025-06-16T17:26:20Z</time>
   </trkpt>
   <trkpt lat="51.5375430" lon="-0.0411990">
    <ele>13.7</ele>
    <time>2025-06-16T17:26:21Z</time>
   </trkpt>
   <trkpt lat="51.5375040" lon="-0.0412360">
    <ele>13.7</ele>
    <time>2025-06-16T17:26:22Z</time>
   </trkpt>
   <trkpt lat="51.5374790" lon="-0.0412710">
    <ele>13.7</ele>
    <time>2025-06-16T17:26:23Z</time>
   </trkpt>
   <trkpt lat="51.5374460" lon="-0.0413100">
    <ele>13.7</ele>
    <time>2025-06-16T17:26:24Z</time>
   </trkpt>
   <trkpt lat="51.5374230" lon="-0.0413450">
    <ele>13.7</ele>
    <time>2025-06-16T17:26:25Z</time>
   </trkpt>
   <trkpt lat="51.5374000" lon="-0.0413820">
    <ele>13.7</ele>
    <time>2025-06-16T17:26:26Z</time>
   </trkpt>
   <trkpt lat="51.5373850" lon="-0.0414210">
    <ele>13.7</ele>
    <time>2025-06-16T17:26:27Z</time>
   </trkpt>
   <trkpt lat="51.5373710" lon="-0.0414590">
    <ele>13.7</ele>
    <time>2025-06-16T17:26:28Z</time>
   </trkpt>
   <trkpt lat="51.5373530" lon="-0.0415160">
    <ele>13.7</ele>
    <time>2025-06-16T17:26:29Z</time>
   </trkpt>
   <trkpt lat="51.5373460" lon="-0.0415350">
    <ele>13.7</ele>
    <time>2025-06-16T17:26:30Z</time>
   </trkpt>
   <trkpt lat="51.5373300" lon="-0.0415790">
    <ele>13.7</ele>
    <time>2025-06-16T17:26:31Z</time>
   </trkpt>
   <trkpt lat="51.5372940" lon="-0.0416170">
    <ele>13.8</ele>
    <time>2025-06-16T17:26:32Z</time>
   </trkpt>
   <trkpt lat="51.5372740" lon="-0.0416580">
    <ele>13.8</ele>
    <time>2025-06-16T17:26:33Z</time>
   </trkpt>
   <trkpt lat="51.5372520" lon="-0.0416940">
    <ele>13.8</ele>
    <time>2025-06-16T17:26:34Z</time>
   </trkpt>
   <trkpt lat="51.5372220" lon="-0.0417310">
    <ele>13.8</ele>
    <time>2025-06-16T17:26:35Z</time>
   </trkpt>
   <trkpt lat="51.5372000" lon="-0.0417720">
    <ele>13.8</ele>
    <time>2025-06-16T17:26:36Z</time>
   </trkpt>
   <trkpt lat="51.5371770" lon="-0.0418160">
    <ele>13.8</ele>
    <time>2025-06-16T17:26:37Z</time>
   </trkpt>
   <trkpt lat="51.5371530" lon="-0.0418520">
    <ele>13.8</ele>
    <time>2025-06-16T17:26:38Z</time>
   </trkpt>
   <trkpt lat="51.5371340" lon="-0.0418970">
    <ele>13.8</ele>
    <time>2025-06-16T17:26:39Z</time>
   </trkpt>
   <trkpt lat="51.5371100" lon="-0.0419420">
    <ele>13.9</ele>
    <time>2025-06-16T17:26:40Z</time>
   </trkpt>
   <trkpt lat="51.5370870" lon="-0.0419830">
    <ele>13.9</ele>
    <time>2025-06-16T17:26:41Z</time>
   </trkpt>
   <trkpt lat="51.5370580" lon="-0.0420190">
    <ele>13.9</ele>
    <time>2025-06-16T17:26:42Z</time>
   </trkpt>
   <trkpt lat="51.5370500" lon="-0.0420320">
    <ele>13.9</ele>
    <time>2025-06-16T17:26:43Z</time>
   </trkpt>
   <trkpt lat="51.5370230" lon="-0.0420670">
    <ele>13.9</ele>
    <time>2025-06-16T17:26:44Z</time>
   </trkpt>
   <trkpt lat="51.5370190" lon="-0.0421330">
    <ele>13.9</ele>
    <time>2025-06-16T17:26:45Z</time>
   </trkpt>
   <trkpt lat="51.5369970" lon="-0.0421750">
    <ele>13.9</ele>
    <time>2025-06-16T17:26:46Z</time>
   </trkpt>
   <trkpt lat="51.5369840" lon="-0.0422210">
    <ele>14.0</ele>
    <time>2025-06-16T17:26:47Z</time>
   </trkpt>
   <trkpt lat="51.5369570" lon="-0.0422510">
    <ele>14.0</ele>
    <time>2025-06-16T17:26:48Z</time>
   </trkpt>
   <trkpt lat="51.5369510" lon="-0.0423170">
    <ele>14.0</ele>
    <time>2025-06-16T17:26:49Z</time>
   </trkpt>
   <trkpt lat="51.5369470" lon="-0.0423880">
    <ele>14.0</ele>
    <time>2025-06-16T17:26:50Z</time>
   </trkpt>
   <trkpt lat="51.5369220" lon="-0.0424180">
    <ele>14.0</ele>
    <time>2025-06-16T17:26:51Z</time>
   </trkpt>
   <trkpt lat="51.5368960" lon="-0.0424480">
    <ele>14.0</ele>
    <time>2025-06-16T17:26:52Z</time>
   </trkpt>
   <trkpt lat="51.5368720" lon="-0.0424840">
    <ele>14.0</ele>
    <time>2025-06-16T17:26:53Z</time>
   </trkpt>
   <trkpt lat="51.5368430" lon="-0.0425110">
    <ele>14.0</ele>
    <time>2025-06-16T17:26:54Z</time>
   </trkpt>
   <trkpt lat="51.5368290" lon="-0.0425640">
    <ele>14.0</ele>
    <time>2025-06-16T17:26:55Z</time>
   </trkpt>
   <trkpt lat="51.5368090" lon="-0.0425970">
    <ele>14.0</ele>
    <time>2025-06-16T17:26:56Z</time>
   </trkpt>
   <trkpt lat="51.5367860" lon="-0.0426450">
    <ele>14.0</ele>
    <time>2025-06-16T17:26:57Z</time>
   </trkpt>
   <trkpt lat="51.5367640" lon="-0.0426940">
    <ele>14.1</ele>
    <time>2025-06-16T17:26:58Z</time>
   </trkpt>
   <trkpt lat="51.5367520" lon="-0.0427130">
    <ele>14.1</ele>
    <time>2025-06-16T17:26:59Z</time>
   </trkpt>
   <trkpt lat="51.5367280" lon="-0.0427450">
    <ele>14.1</ele>
    <time>2025-06-16T17:27:00Z</time>
   </trkpt>
   <trkpt lat="51.5367100" lon="-0.0427800">
    <ele>14.1</ele>
    <time>2025-06-16T17:27:01Z</time>
   </trkpt>
   <trkpt lat="51.5367050" lon="-0.0428360">
    <ele>14.1</ele>
    <time>2025-06-16T17:27:02Z</time>
   </trkpt>
   <trkpt lat="51.5366740" lon="-0.0428760">
    <ele>14.1</ele>
    <time>2025-06-16T17:27:03Z</time>
   </trkpt>
   <trkpt lat="51.5366540" lon="-0.0429250">
    <ele>14.1</ele>
    <time>2025-06-16T17:27:04Z</time>
   </trkpt>
   <trkpt lat="51.5366270" lon="-0.0429660">
    <ele>14.2</ele>
    <time>2025-06-16T17:27:05Z</time>
   </trkpt>
   <trkpt lat="51.5366150" lon="-0.0430280">
    <ele>14.2</ele>
    <time>2025-06-16T17:27:06Z</time>
   </trkpt>
   <trkpt lat="51.5365920" lon="-0.0430770">
    <ele>14.2</ele>
    <time>2025-06-16T17:27:07Z</time>
   </trkpt>
   <trkpt lat="51.5365700" lon="-0.0431100">
    <ele>14.2</ele>
    <time>2025-06-16T17:27:08Z</time>
   </trkpt>
   <trkpt lat="51.5365600" lon="-0.0431540">
    <ele>14.3</ele>
    <time>2025-06-16T17:27:09Z</time>
   </trkpt>
   <trkpt lat="51.5365630" lon="-0.0432060">
    <ele>14.3</ele>
    <time>2025-06-16T17:27:10Z</time>
   </trkpt>
   <trkpt lat="51.5365460" lon="-0.0432480">
    <ele>14.3</ele>
    <time>2025-06-16T17:27:11Z</time>
   </trkpt>
   <trkpt lat="51.5365250" lon="-0.0432830">
    <ele>14.3</ele>
    <time>2025-06-16T17:27:12Z</time>
   </trkpt>
   <trkpt lat="51.5364970" lon="-0.0433210">
    <ele>14.3</ele>
    <time>2025-06-16T17:27:13Z</time>
   </trkpt>
   <trkpt lat="51.5364940" lon="-0.0433440">
    <ele>14.3</ele>
    <time>2025-06-16T17:27:14Z</time>
   </trkpt>
   <trkpt lat="51.5364740" lon="-0.0433750">
    <ele>14.3</ele>
    <time>2025-06-16T17:27:15Z</time>
   </trkpt>
   <trkpt lat="51.5364560" lon="-0.0434220">
    <ele>14.3</ele>
    <time>2025-06-16T17:27:16Z</time>
   </trkpt>
   <trkpt lat="51.5364340" lon="-0.0434640">
    <ele>14.4</ele>
    <time>2025-06-16T17:27:17Z</time>
   </trkpt>
   <trkpt lat="51.5364050" lon="-0.0435080">
    <ele>14.4</ele>
    <time>2025-06-16T17:27:18Z</time>
   </trkpt>
   <trkpt lat="51.5363820" lon="-0.0435480">
    <ele>14.4</ele>
    <time>2025-06-16T17:27:19Z</time>
   </trkpt>
   <trkpt lat="51.5363580" lon="-0.0435840">
    <ele>14.4</ele>
    <time>2025-06-16T17:27:20Z</time>
   </trkpt>
   <trkpt lat="51.5363390" lon="-0.0436210">
    <ele>14.4</ele>
    <time>2025-06-16T17:27:21Z</time>
   </trkpt>
   <trkpt lat="51.5363190" lon="-0.0436820">
    <ele>14.4</ele>
    <time>2025-06-16T17:27:22Z</time>
   </trkpt>
   <trkpt lat="51.5362730" lon="-0.0437070">
    <ele>14.4</ele>
    <time>2025-06-16T17:27:23Z</time>
   </trkpt>
   <trkpt lat="51.5362500" lon="-0.0437310">
    <ele>14.4</ele>
    <time>2025-06-16T17:27:24Z</time>
   </trkpt>
   <trkpt lat="51.5362240" lon="-0.0437650">
    <ele>14.4</ele>
    <time>2025-06-16T17:27:25Z</time>
   </trkpt>
   <trkpt lat="51.5362010" lon="-0.0437960">
    <ele>14.5</ele>
    <time>2025-06-16T17:27:26Z</time>
   </trkpt>
   <trkpt lat="51.5361830" lon="-0.0438440">
    <ele>14.5</ele>
    <time>2025-06-16T17:27:27Z</time>
   </trkpt>
   <trkpt lat="51.5361650" lon="-0.0438760">
    <ele>14.5</ele>
    <time>2025-06-16T17:27:28Z</time>
   </trkpt>
   <trkpt lat="51.5361430" lon="-0.0439060">
    <ele>14.5</ele>
    <time>2025-06-16T17:27:29Z</time>
   </trkpt>
   <trkpt lat="51.5361160" lon="-0.0439350">
    <ele>14.5</ele>
    <time>2025-06-16T17:27:30Z</time>
   </trkpt>
   <trkpt lat="51.5360840" lon="-0.0439680">
    <ele>14.6</ele>
    <time>2025-06-16T17:27:31Z</time>
   </trkpt>
   <trkpt lat="51.5360720" lon="-0.0439800">
    <ele>14.6</ele>
    <time>2025-06-16T17:27:32Z</time>
   </trkpt>
   <trkpt lat="51.5360500" lon="-0.0440160">
    <ele>14.6</ele>
    <time>2025-06-16T17:27:33Z</time>
   </trkpt>
   <trkpt lat="51.5360220" lon="-0.0440520">
    <ele>14.6</ele>
    <time>2025-06-16T17:27:34Z</time>
   </trkpt>
   <trkpt lat="51.5359920" lon="-0.0440780">
    <ele>14.6</ele>
    <time>2025-06-16T17:27:35Z</time>
   </trkpt>
   <trkpt lat="51.5359670" lon="-0.0441260">
    <ele>14.6</ele>
    <time>2025-06-16T17:27:36Z</time>
   </trkpt>
   <trkpt lat="51.5359530" lon="-0.0441410">
    <ele>14.6</ele>
    <time>2025-06-16T17:27:37Z</time>
   </trkpt>
   <trkpt lat="51.5359280" lon="-0.0441670">
    <ele>14.6</ele>
    <time>2025-06-16T17:27:38Z</time>
   </trkpt>
   <trkpt lat="51.5359030" lon="-0.0441980">
    <ele>14.7</ele>
    <time>2025-06-16T17:27:39Z</time>
   </trkpt>
   <trkpt lat="51.5358800" lon="-0.0442300">
    <ele>14.7</ele>
    <time>2025-06-16T17:27:40Z</time>
   </trkpt>
   <trkpt lat="51.5358480" lon="-0.0442630">
    <ele>14.7</ele>
    <time>2025-06-16T17:27:41Z</time>
   </trkpt>
   <trkpt lat="51.5358350" lon="-0.0442740">
    <ele>14.7</ele>
    <time>2025-06-16T17:27:42Z</time>
   </trkpt>
   <trkpt lat="51.5358240" lon="-0.0443220">
    <ele>14.7</ele>
    <time>2025-06-16T17:27:43Z</time>
   </trkpt>
   <trkpt lat="51.5357990" lon="-0.0443650">
    <ele>14.7</ele>
    <time>2025-06-16T17:27:44Z</time>
   </trkpt>
   <trkpt lat="51.5357660" lon="-0.0443880">
    <ele>14.7</ele>
    <time>2025-06-16T17:27:45Z</time>
   </trkpt>
   <trkpt lat="51.5357340" lon="-0.0444200">
    <ele>14.7</ele>
    <time>2025-06-16T17:27:46Z</time>
   </trkpt>
   <trkpt lat="51.5357150" lon="-0.0444680">
    <ele>14.7</ele>
    <time>2025-06-16T17:27:47Z</time>
   </trkpt>
   <trkpt lat="51.5357010" lon="-0.0445100">
    <ele>14.7</ele>
    <time>2025-06-16T17:27:48Z</time>
   </trkpt>
   <trkpt lat="51.5356780" lon="-0.0445450">
    <ele>14.7</ele>
    <time>2025-06-16T17:27:49Z</time>
   </trkpt>
   <trkpt lat="51.5356520" lon="-0.0445860">
    <ele>14.7</ele>
    <time>2025-06-16T17:27:50Z</time>
   </trkpt>
   <trkpt lat="51.5356440" lon="-0.0445970">
    <ele>14.7</ele>
    <time>2025-06-16T17:27:51Z</time>
   </trkpt>
   <trkpt lat="51.5356210" lon="-0.0446370">
    <ele>14.7</ele>
    <time>2025-06-16T17:27:52Z</time>
   </trkpt>
   <trkpt lat="51.5356060" lon="-0.0446800">
    <ele>14.7</ele>
    <time>2025-06-16T17:27:53Z</time>
   </trkpt>
   <trkpt lat="51.5355780" lon="-0.0447240">
    <ele>14.8</ele>
    <time>2025-06-16T17:27:54Z</time>
   </trkpt>
   <trkpt lat="51.5355640" lon="-0.0447770">
    <ele>14.8</ele>
    <time>2025-06-16T17:27:55Z</time>
   </trkpt>
   <trkpt lat="51.5355540" lon="-0.0448330">
    <ele>14.8</ele>
    <time>2025-06-16T17:27:56Z</time>
   </trkpt>
   <trkpt lat="51.5355370" lon="-0.0448790">
    <ele>14.8</ele>
    <time>2025-06-16T17:27:57Z</time>
   </trkpt>
   <trkpt lat="51.5355250" lon="-0.0449350">
    <ele>14.8</ele>
    <time>2025-06-16T17:27:58Z</time>
   </trkpt>
   <trkpt lat="51.5355190" lon="-0.0449950">
    <ele>14.8</ele>
    <time>2025-06-16T17:27:59Z</time>
   </trkpt>
   <trkpt lat="51.5355160" lon="-0.0450520">
    <ele>14.8</ele>
    <time>2025-06-16T17:28:00Z</time>
   </trkpt>
   <trkpt lat="51.5355220" lon="-0.0451000">
    <ele>14.8</ele>
    <time>2025-06-16T17:28:01Z</time>
   </trkpt>
   <trkpt lat="51.5355110" lon="-0.0451500">
    <ele>14.8</ele>
    <time>2025-06-16T17:28:02Z</time>
   </trkpt>
   <trkpt lat="51.5355000" lon="-0.0451970">
    <ele>14.8</ele>
    <time>2025-06-16T17:28:03Z</time>
   </trkpt>
   <trkpt lat="51.5354900" lon="-0.0452540">
    <ele>14.8</ele>
    <time>2025-06-16T17:28:04Z</time>
   </trkpt>
   <trkpt lat="51.5354750" lon="-0.0452920">
    <ele>14.8</ele>
    <time>2025-06-16T17:28:05Z</time>
   </trkpt>
   <trkpt lat="51.5354650" lon="-0.0453380">
    <ele>14.8</ele>
    <time>2025-06-16T17:28:06Z</time>
   </trkpt>
   <trkpt lat="51.5354480" lon="-0.0453790">
    <ele>14.8</ele>
    <time>2025-06-16T17:28:07Z</time>
   </trkpt>
   <trkpt lat="51.5354380" lon="-0.0454240">
    <ele>14.8</ele>
    <time>2025-06-16T17:28:09Z</time>
   </trkpt>
   <trkpt lat="51.5354240" lon="-0.0454710">
    <ele>14.8</ele>
    <time>2025-06-16T17:28:10Z</time>
   </trkpt>
   <trkpt lat="51.5354210" lon="-0.0455230">
    <ele>14.8</ele>
    <time>2025-06-16T17:28:11Z</time>
   </trkpt>
   <trkpt lat="51.5354150" lon="-0.0455680">
    <ele>14.8</ele>
    <time>2025-06-16T17:28:12Z</time>
   </trkpt>
   <trkpt lat="51.5354040" lon="-0.0456190">
    <ele>14.8</ele>
    <time>2025-06-16T17:28:13Z</time>
   </trkpt>
   <trkpt lat="51.5353940" lon="-0.0456700">
    <ele>14.8</ele>
    <time>2025-06-16T17:28:14Z</time>
   </trkpt>
   <trkpt lat="51.5353790" lon="-0.0457250">
    <ele>14.8</ele>
    <time>2025-06-16T17:28:15Z</time>
   </trkpt>
   <trkpt lat="51.5353710" lon="-0.0457730">
    <ele>14.8</ele>
    <time>2025-06-16T17:28:16Z</time>
   </trkpt>
   <trkpt lat="51.5353630" lon="-0.0458200">
    <ele>14.8</ele>
    <time>2025-06-16T17:28:17Z</time>
   </trkpt>
   <trkpt lat="51.5353430" lon="-0.0458800">
    <ele>14.8</ele>
    <time>2025-06-16T17:28:18Z</time>
   </trkpt>
   <trkpt lat="51.5353280" lon="-0.0458980">
    <ele>14.8</ele>
    <time>2025-06-16T17:28:19Z</time>
   </trkpt>
   <trkpt lat="51.5353200" lon="-0.0459640">
    <ele>14.8</ele>
    <time>2025-06-16T17:28:20Z</time>
   </trkpt>
   <trkpt lat="51.5353200" lon="-0.0459900">
    <ele>14.8</ele>
    <time>2025-06-16T17:28:21Z</time>
   </trkpt>
   <trkpt lat="51.5353070" lon="-0.0460460">
    <ele>14.8</ele>
    <time>2025-06-16T17:28:22Z</time>
   </trkpt>
   <trkpt lat="51.5353020" lon="-0.0460920">
    <ele>14.8</ele>
    <time>2025-06-16T17:28:23Z</time>
   </trkpt>
   <trkpt lat="51.5352860" lon="-0.0461480">
    <ele>14.8</ele>
    <time>2025-06-16T17:28:24Z</time>
   </trkpt>
   <trkpt lat="51.5352710" lon="-0.0462010">
    <ele>14.8</ele>
    <time>2025-06-16T17:28:25Z</time>
   </trkpt>
   <trkpt lat="51.5352500" lon="-0.0462650">
    <ele>14.9</ele>
    <time>2025-06-16T17:28:26Z</time>
   </trkpt>
   <trkpt lat="51.5352400" lon="-0.0462920">
    <ele>14.9</ele>
    <time>2025-06-16T17:28:27Z</time>
   </trkpt>
   <trkpt lat="51.5352290" lon="-0.0463380">
    <ele>14.9</ele>
    <time>2025-06-16T17:28:28Z</time>
   </trkpt>
   <trkpt lat="51.5352260" lon="-0.0464050">
    <ele>14.9</ele>
    <time>2025-06-16T17:28:29Z</time>
   </trkpt>
   <trkpt lat="51.5351770" lon="-0.0464830">
    <ele>14.9</ele>
    <time>2025-06-16T17:28:30Z</time>
   </trkpt>
   <trkpt lat="51.5351630" lon="-0.0465430">
    <ele>14.9</ele>
    <time>2025-06-16T17:28:31Z</time>
   </trkpt>
   <trkpt lat="51.5351550" lon="-0.0465660">
    <ele>14.9</ele>
    <time>2025-06-16T17:28:32Z</time>
   </trkpt>
   <trkpt lat="51.5351350" lon="-0.0465990">
    <ele>14.9</ele>
    <time>2025-06-16T17:28:33Z</time>
   </trkpt>
   <trkpt lat="51.5351140" lon="-0.0466560">
    <ele>14.9</ele>
    <time>2025-06-16T17:28:34Z</time>
   </trkpt>
   <trkpt lat="51.5351080" lon="-0.0466770">
    <ele>14.9</ele>
    <time>2025-06-16T17:28:35Z</time>
   </trkpt>
   <trkpt lat="51.5350980" lon="-0.0467270">
    <ele>14.9</ele>
    <time>2025-06-16T17:28:36Z</time>
   </trkpt>
   <trkpt lat="51.5350830" lon="-0.0467650">
    <ele>14.9</ele>
    <time>2025-06-16T17:28:37Z</time>
   </trkpt>
   <trkpt lat="51.5350690" lon="-0.0468170">
    <ele>14.9</ele>
    <time>2025-06-16T17:28:38Z</time>
   </trkpt>
   <trkpt lat="51.5350470" lon="-0.0468600">
    <ele>14.9</ele>
    <time>2025-06-16T17:28:39Z</time>
   </trkpt>
   <trkpt lat="51.5350510" lon="-0.0469030">
    <ele>14.9</ele>
    <time>2025-06-16T17:28:40Z</time>
   </trkpt>
   <trkpt lat="51.5350400" lon="-0.0469440">
    <ele>14.9</ele>
    <time>2025-06-16T17:28:41Z</time>
   </trkpt>
   <trkpt lat="51.5350350" lon="-0.0469990">
    <ele>14.9</ele>
    <time>2025-06-16T17:28:42Z</time>
   </trkpt>
   <trkpt lat="51.5350250" lon="-0.0470520">
    <ele>14.9</ele>
    <time>2025-06-16T17:28:43Z</time>
   </trkpt>
   <trkpt lat="51.5350180" lon="-0.0471050">
    <ele>14.9</ele>
    <time>2025-06-16T17:28:44Z</time>
   </trkpt>
   <trkpt lat="51.5350120" lon="-0.0471490">
    <ele>15.0</ele>
    <time>2025-06-16T17:28:45Z</time>
   </trkpt>
   <trkpt lat="51.5350110" lon="-0.0472040">
    <ele>15.0</ele>
    <time>2025-06-16T17:28:46Z</time>
   </trkpt>
   <trkpt lat="51.5350120" lon="-0.0472540">
    <ele>15.0</ele>
    <time>2025-06-16T17:28:47Z</time>
   </trkpt>
   <trkpt lat="51.5350210" lon="-0.0473070">
    <ele>15.0</ele>
    <time>2025-06-16T17:28:48Z</time>
   </trkpt>
   <trkpt lat="51.5350190" lon="-0.0473600">
    <ele>15.0</ele>
    <time>2025-06-16T17:28:49Z</time>
   </trkpt>
   <trkpt lat="51.5350210" lon="-0.0474150">
    <ele>15.0</ele>
    <time>2025-06-16T17:28:50Z</time>
   </trkpt>
   <trkpt lat="51.5350320" lon="-0.0474640">
    <ele>15.0</ele>
    <time>2025-06-16T17:28:51Z</time>
   </trkpt>
   <trkpt lat="51.5350520" lon="-0.0475080">
    <ele>15.0</ele>
    <time>2025-06-16T17:28:52Z</time>
   </trkpt>
   <trkpt lat="51.5350730" lon="-0.0475660">
    <ele>15.0</ele>
    <time>2025-06-16T17:28:53Z</time>
   </trkpt>
   <trkpt lat="51.5350820" lon="-0.0475860">
    <ele>15.0</ele>
    <time>2025-06-16T17:28:54Z</time>
   </trkpt>
   <trkpt lat="51.5350980" lon="-0.0476360">
    <ele>15.0</ele>
    <time>2025-06-16T17:28:55Z</time>
   </trkpt>
   <trkpt lat="51.5351150" lon="-0.0476760">
    <ele>14.9</ele>
    <time>2025-06-16T17:28:56Z</time>
   </trkpt>
   <trkpt lat="51.5351370" lon="-0.0477200">
    <ele>14.9</ele>
    <time>2025-06-16T17:28:57Z</time>
   </trkpt>
   <trkpt lat="51.5351560" lon="-0.0477700">
    <ele>14.9</ele>
    <time>2025-06-16T17:28:58Z</time>
   </trkpt>
   <trkpt lat="51.5351800" lon="-0.0478120">
    <ele>14.9</ele>
    <time>2025-06-16T17:28:59Z</time>
   </trkpt>
   <trkpt lat="51.5351980" lon="-0.0478540">
    <ele>14.9</ele>
    <time>2025-06-16T17:29:00Z</time>
   </trkpt>
   <trkpt lat="51.5352080" lon="-0.0478970">
    <ele>14.9</ele>
    <time>2025-06-16T17:29:01Z</time>
   </trkpt>
   <trkpt lat="51.5352280" lon="-0.0479490">
    <ele>14.8</ele>
    <time>2025-06-16T17:29:02Z</time>
   </trkpt>
   <trkpt lat="51.5352430" lon="-0.0479960">
    <ele>14.8</ele>
    <time>2025-06-16T17:29:03Z</time>
   </trkpt>
   <trkpt lat="51.5352650" lon="-0.0480410">
    <ele>14.8</ele>
    <time>2025-06-16T17:29:04Z</time>
   </trkpt>
   <trkpt lat="51.5352830" lon="-0.0480840">
    <ele>14.8</ele>
    <time>2025-06-16T17:29:05Z</time>
   </trkpt>
   <trkpt lat="51.5353040" lon="-0.0481340">
    <ele>14.7</ele>
    <time>2025-06-16T17:29:06Z</time>
   </trkpt>
   <trkpt lat="51.5353130" lon="-0.0481840">
    <ele>14.7</ele>
    <time>2025-06-16T17:29:07Z</time>
   </trkpt>
   <trkpt lat="51.5353300" lon="-0.0482270">
    <ele>14.7</ele>
    <time>2025-06-16T17:29:08Z</time>
   </trkpt>
   <trkpt lat="51.5353490" lon="-0.0482730">
    <ele>14.7</ele>
    <time>2025-06-16T17:29:09Z</time>
   </trkpt>
   <trkpt lat="51.5353700" lon="-0.0483130">
    <ele>14.7</ele>
    <time>2025-06-16T17:29:10Z</time>
   </trkpt>
   <trkpt lat="51.5353910" lon="-0.0483560">
    <ele>14.8</ele>
    <time>2025-06-16T17:29:11Z</time>
   </trkpt>
   <trkpt lat="51.5354100" lon="-0.0484010">
    <ele>14.8</ele>
    <time>2025-06-16T17:29:12Z</time>
   </trkpt>
   <trkpt lat="51.5354320" lon="-0.0484470">
    <ele>14.8</ele>
    <time>2025-06-16T17:29:13Z</time>
   </trkpt>
   <trkpt lat="51.5354490" lon="-0.0484950">
    <ele>14.8</ele>
    <time>2025-06-16T17:29:14Z</time>
   </trkpt>
   <trkpt lat="51.5354710" lon="-0.0485390">
    <ele>14.8</ele>
    <time>2025-06-16T17:29:15Z</time>
   </trkpt>
   <trkpt lat="51.5354870" lon="-0.0485940">
    <ele>14.8</ele>
    <time>2025-06-16T17:29:16Z</time>
   </trkpt>
   <trkpt lat="51.5355080" lon="-0.0486390">
    <ele>14.8</ele>
    <time>2025-06-16T17:29:17Z</time>
   </trkpt>
   <trkpt lat="51.5355270" lon="-0.0486860">
    <ele>14.8</ele>
    <time>2025-06-16T17:29:18Z</time>
   </trkpt>
   <trkpt lat="51.5355370" lon="-0.0487310">
    <ele>14.8</ele>
    <time>2025-06-16T17:29:19Z</time>
   </trkpt>
   <trkpt lat="51.5355550" lon="-0.0487740">
    <ele>14.8</ele>
    <time>2025-06-16T17:29:20Z</time>
   </trkpt>
   <trkpt lat="51.5355750" lon="-0.0488130">
    <ele>14.8</ele>
    <time>2025-06-16T17:29:21Z</time>
   </trkpt>
   <trkpt lat="51.5355940" lon="-0.0488540">
    <ele>14.8</ele>
    <time>2025-06-16T17:29:22Z</time>
   </trkpt>
   <trkpt lat="51.5356200" lon="-0.0489050">
    <ele>14.9</ele>
    <time>2025-06-16T17:29:23Z</time>
   </trkpt>
   <trkpt lat="51.5356400" lon="-0.0489450">
    <ele>14.9</ele>
    <time>2025-06-16T17:29:24Z</time>
   </trkpt>
   <trkpt lat="51.5356600" lon="-0.0489850">
    <ele>14.9</ele>
    <time>2025-06-16T17:29:25Z</time>
   </trkpt>
   <trkpt lat="51.5356770" lon="-0.0490240">
    <ele>14.9</ele>
    <time>2025-06-16T17:29:26Z</time>
   </trkpt>
   <trkpt lat="51.5356990" lon="-0.0490840">
    <ele>14.9</ele>
    <time>2025-06-16T17:29:27Z</time>
   </trkpt>
   <trkpt lat="51.5357060" lon="-0.0491080">
    <ele>15.0</ele>
    <time>2025-06-16T17:29:28Z</time>
   </trkpt>
   <trkpt lat="51.5357210" lon="-0.0491550">
    <ele>15.0</ele>
    <time>2025-06-16T17:29:29Z</time>
   </trkpt>
   <trkpt lat="51.5357310" lon="-0.0492020">
    <ele>15.0</ele>
    <time>2025-06-16T17:29:30Z</time>
   </trkpt>
   <trkpt lat="51.5357520" lon="-0.0492410">
    <ele>15.0</ele>
    <time>2025-06-16T17:29:31Z</time>
   </trkpt>
   <trkpt lat="51.5357650" lon="-0.0492910">
    <ele>15.0</ele>
    <time>2025-06-16T17:29:32Z</time>
   </trkpt>
   <trkpt lat="51.5357890" lon="-0.0493460">
    <ele>15.1</ele>
    <time>2025-06-16T17:29:33Z</time>
   </trkpt>
   <trkpt lat="51.5357950" lon="-0.0493700">
    <ele>15.1</ele>
    <time>2025-06-16T17:29:34Z</time>
   </trkpt>
   <trkpt lat="51.5358180" lon="-0.0494110">
    <ele>15.1</ele>
    <time>2025-06-16T17:29:35Z</time>
   </trkpt>
   <trkpt lat="51.5358320" lon="-0.0494690">
    <ele>15.2</ele>
    <time>2025-06-16T17:29:36Z</time>
   </trkpt>
   <trkpt lat="51.5358530" lon="-0.0495180">
    <ele>15.2</ele>
    <time>2025-06-16T17:29:37Z</time>
   </trkpt>
   <trkpt lat="51.5358630" lon="-0.0495660">
    <ele>15.2</ele>
    <time>2025-06-16T17:29:38Z</time>
   </trkpt>
   <trkpt lat="51.5358770" lon="-0.0496060">
    <ele>15.3</ele>
    <time>2025-06-16T17:29:39Z</time>
   </trkpt>
   <trkpt lat="51.5358810" lon="-0.0496540">
    <ele>15.3</ele>
    <time>2025-06-16T17:29:40Z</time>
   </trkpt>
   <trkpt lat="51.5358930" lon="-0.0497000">
    <ele>15.3</ele>
    <time>2025-06-16T17:29:41Z</time>
   </trkpt>
   <trkpt lat="51.5359030" lon="-0.0497510">
    <ele>15.3</ele>
    <time>2025-06-16T17:29:42Z</time>
   </trkpt>
   <trkpt lat="51.5359200" lon="-0.0497950">
    <ele>15.4</ele>
    <time>2025-06-16T17:29:43Z</time>
   </trkpt>
   <trkpt lat="51.5359290" lon="-0.0498430">
    <ele>15.4</ele>
    <time>2025-06-16T17:29:44Z</time>
   </trkpt>
   <trkpt lat="51.5359420" lon="-0.0499120">
    <ele>15.4</ele>
    <time>2025-06-16T17:29:45Z</time>
   </trkpt>
   <trkpt lat="51.5359450" lon="-0.0499400">
    <ele>15.4</ele>
    <time>2025-06-16T17:29:46Z</time>
   </trkpt>
   <trkpt lat="51.5359600" lon="-0.0499870">
    <ele>15.4</ele>
    <time>2025-06-16T17:29:47Z</time>
   </trkpt>
   <trkpt lat="51.5359660" lon="-0.0500430">
    <ele>15.5</ele>
    <time>2025-06-16T17:29:48Z</time>
   </trkpt>
   <trkpt lat="51.5359760" lon="-0.0500930">
    <ele>15.5</ele>
    <time>2025-06-16T17:29:49Z</time>
   </trkpt>
   <trkpt lat="51.5359720" lon="-0.0501420">
    <ele>15.5</ele>
    <time>2025-06-16T17:29:50Z</time>
   </trkpt>
   <trkpt lat="51.5359710" lon="-0.0501980">
    <ele>15.5</ele>
    <time>2025-06-16T17:29:51Z</time>
   </trkpt>
   <trkpt lat="51.5359660" lon="-0.0502470">
    <ele>15.5</ele>
    <time>2025-06-16T17:29:52Z</time>
   </trkpt>
   <trkpt lat="51.5359720" lon="-0.0503020">
    <ele>15.6</ele>
    <time>2025-06-16T17:29:53Z</time>
   </trkpt>
   <trkpt lat="51.5359750" lon="-0.0503510">
    <ele>15.6</ele>
    <time>2025-06-16T17:29:54Z</time>
   </trkpt>
   <trkpt lat="51.5359820" lon="-0.0504040">
    <ele>15.6</ele>
    <time>2025-06-16T17:29:55Z</time>
   </trkpt>
   <trkpt lat="51.5359820" lon="-0.0504590">
    <ele>15.6</ele>
    <time>2025-06-16T17:29:56Z</time>
   </trkpt>
   <trkpt lat="51.5359830" lon="-0.0505140">
    <ele>15.6</ele>
    <time>2025-06-16T17:29:57Z</time>
   </trkpt>
   <trkpt lat="51.5359820" lon="-0.0505680">
    <ele>15.6</ele>
    <time>2025-06-16T17:29:58Z</time>
   </trkpt>
   <trkpt lat="51.5359910" lon="-0.0506210">
    <ele>15.7</ele>
    <time>2025-06-16T17:29:59Z</time>
   </trkpt>
   <trkpt lat="51.5360060" lon="-0.0506760">
    <ele>15.7</ele>
    <time>2025-06-16T17:30:00Z</time>
   </trkpt>
   <trkpt lat="51.5360120" lon="-0.0507250">
    <ele>15.7</ele>
    <time>2025-06-16T17:30:01Z</time>
   </trkpt>
   <trkpt lat="51.5360160" lon="-0.0507720">
    <ele>15.7</ele>
    <time>2025-06-16T17:30:02Z</time>
   </trkpt>
   <trkpt lat="51.5360150" lon="-0.0507960">
    <ele>15.7</ele>
    <time>2025-06-16T17:30:03Z</time>
   </trkpt>
   <trkpt lat="51.5360170" lon="-0.0508100">
    <ele>15.7</ele>
    <time>2025-06-16T17:30:04Z</time>
   </trkpt>
   <trkpt lat="51.5360210" lon="-0.0508190">
    <ele>15.7</ele>
    <time>2025-06-16T17:30:05Z</time>
   </trkpt>
   <trkpt lat="51.5359510" lon="-0.0510220">
    <ele>15.8</ele>
    <time>2025-06-16T17:30:27Z</time>
   </trkpt>
   <trkpt lat="51.5359440" lon="-0.0510740">
    <ele>15.8</ele>
    <time>2025-06-16T17:30:28Z</time>
   </trkpt>
   <trkpt lat="51.5359350" lon="-0.0511170">
    <ele>15.8</ele>
    <time>2025-06-16T17:30:29Z</time>
   </trkpt>
   <trkpt lat="51.5359310" lon="-0.0511290">
    <ele>15.8</ele>
    <time>2025-06-16T17:30:30Z</time>
   </trkpt>
   <trkpt lat="51.5359160" lon="-0.0511870">
    <ele>15.9</ele>
    <time>2025-06-16T17:30:31Z</time>
   </trkpt>
   <trkpt lat="51.5359140" lon="-0.0512070">
    <ele>15.9</ele>
    <time>2025-06-16T17:30:32Z</time>
   </trkpt>
   <trkpt lat="51.5358850" lon="-0.0512590">
    <ele>15.9</ele>
    <time>2025-06-16T17:30:33Z</time>
   </trkpt>
   <trkpt lat="51.5358740" lon="-0.0512780">
    <ele>15.9</ele>
    <time>2025-06-16T17:30:34Z</time>
   </trkpt>
   <trkpt lat="51.5358560" lon="-0.0513280">
    <ele>15.9</ele>
    <time>2025-06-16T17:30:35Z</time>
   </trkpt>
   <trkpt lat="51.5358320" lon="-0.0513810">
    <ele>15.9</ele>
    <time>2025-06-16T17:30:36Z</time>
   </trkpt>
   <trkpt lat="51.5357990" lon="-0.0514080">
    <ele>15.8</ele>
    <time>2025-06-16T17:30:37Z</time>
   </trkpt>
   <trkpt lat="51.5357520" lon="-0.0514720">
    <ele>15.8</ele>
    <time>2025-06-16T17:30:38Z</time>
   </trkpt>
   <trkpt lat="51.5357140" lon="-0.0515130">
    <ele>15.8</ele>
    <time>2025-06-16T17:30:39Z</time>
   </trkpt>
   <trkpt lat="51.5356720" lon="-0.0515440">
    <ele>15.8</ele>
    <time>2025-06-16T17:30:40Z</time>
   </trkpt>
   <trkpt lat="51.5356420" lon="-0.0515810">
    <ele>15.8</ele>
    <time>2025-06-16T17:30:41Z</time>
   </trkpt>
   <trkpt lat="51.5356290" lon="-0.0515910">
    <ele>15.8</ele>
    <time>2025-06-16T17:30:42Z</time>
   </trkpt>
   <trkpt lat="51.5355990" lon="-0.0516140">
    <ele>15.7</ele>
    <time>2025-06-16T17:30:43Z</time>
   </trkpt>
   <trkpt lat="51.5355720" lon="-0.0516400">
    <ele>15.7</ele>
    <time>2025-06-16T17:30:44Z</time>
   </trkpt>
   <trkpt lat="51.5355400" lon="-0.0516710">
    <ele>15.7</ele>
    <time>2025-06-16T17:30:45Z</time>
   </trkpt>
   <trkpt lat="51.5355160" lon="-0.0517050">
    <ele>15.7</ele>
    <time>2025-06-16T17:30:46Z</time>
   </trkpt>
   <trkpt lat="51.5355010" lon="-0.0517440">
    <ele>15.7</ele>
    <time>2025-06-16T17:30:47Z</time>
   </trkpt>
   <trkpt lat="51.5354910" lon="-0.0517950">
    <ele>15.7</ele>
    <time>2025-06-16T17:30:48Z</time>
   </trkpt>
   <trkpt lat="51.5354810" lon="-0.0518410">
    <ele>15.7</ele>
    <time>2025-06-16T17:30:49Z</time>
   </trkpt>
   <trkpt lat="51.5354720" lon="-0.0518890">
    <ele>15.7</ele>
    <time>2025-06-16T17:30:50Z</time>
   </trkpt>
   <trkpt lat="51.5354690" lon="-0.0519340">
    <ele>15.7</ele>
    <time>2025-06-16T17:30:51Z</time>
   </trkpt>
   <trkpt lat="51.5354510" lon="-0.0519900">
    <ele>15.7</ele>
    <time>2025-06-16T17:30:52Z</time>
   </trkpt>
   <trkpt lat="51.5354430" lon="-0.0520090">
    <ele>15.7</ele>
    <time>2025-06-16T17:30:53Z</time>
   </trkpt>
   <trkpt lat="51.5354430" lon="-0.0520570">
    <ele>15.7</ele>
    <time>2025-06-16T17:30:54Z</time>
   </trkpt>
   <trkpt lat="51.5354400" lon="-0.0521180">
    <ele>15.7</ele>
    <time>2025-06-16T17:30:55Z</time>
   </trkpt>
   <trkpt lat="51.5354270" lon="-0.0521700">
    <ele>15.7</ele>
    <time>2025-06-16T17:30:56Z</time>
   </trkpt>
   <trkpt lat="51.5354180" lon="-0.0522160">
    <ele>15.7</ele>
    <time>2025-06-16T17:30:57Z</time>
   </trkpt>
   <trkpt lat="51.5354030" lon="-0.0522730">
    <ele>15.7</ele>
    <time>2025-06-16T17:30:58Z</time>
   </trkpt>
   <trkpt lat="51.5353970" lon="-0.0522910">
    <ele>15.7</ele>
    <time>2025-06-16T17:30:59Z</time>
   </trkpt>
   <trkpt lat="51.5353690" lon="-0.0523300">
    <ele>15.7</ele>
    <time>2025-06-16T17:31:00Z</time>
   </trkpt>
   <trkpt lat="51.5353570" lon="-0.0523480">
    <ele>15.7</ele>
    <time>2025-06-16T17:31:01Z</time>
   </trkpt>
   <trkpt lat="51.5353270" lon="-0.0523650">
    <ele>15.7</ele>
    <time>2025-06-16T17:31:02Z</time>
   </trkpt>
   <trkpt lat="51.5352960" lon="-0.0523760">
    <ele>15.7</ele>
    <time>2025-06-16T17:31:03Z</time>
   </trkpt>
   <trkpt lat="51.5353100" lon="-0.0524240">
    <ele>15.7</ele>
    <time>2025-06-16T17:31:04Z</time>
   </trkpt>
   <trkpt lat="51.5352660" lon="-0.0523930">
    <ele>15.7</ele>
    <time>2025-06-16T17:31:05Z</time>
   </trkpt>
   <trkpt lat="51.5352280" lon="-0.0523640">
    <ele>15.7</ele>
    <time>2025-06-16T17:31:06Z</time>
   </trkpt>
   <trkpt lat="51.5351950" lon="-0.0523490">
    <ele>15.7</ele>
    <time>2025-06-16T17:31:07Z</time>
   </trkpt>
   <trkpt lat="51.5351620" lon="-0.0523290">
    <ele>15.7</ele>
    <time>2025-06-16T17:31:08Z</time>
   </trkpt>
   <trkpt lat="51.5351510" lon="-0.0523110">
    <ele>15.7</ele>
    <time>2025-06-16T17:31:09Z</time>
   </trkpt>
   <trkpt lat="51.5351210" lon="-0.0523260">
    <ele>15.7</ele>
    <time>2025-06-16T17:31:10Z</time>
   </trkpt>
   <trkpt lat="51.5350910" lon="-0.0523210">
    <ele>15.6</ele>
    <time>2025-06-16T17:31:11Z</time>
   </trkpt>
   <trkpt lat="51.5350610" lon="-0.0523260">
    <ele>15.6</ele>
    <time>2025-06-16T17:31:12Z</time>
   </trkpt>
   <trkpt lat="51.5350370" lon="-0.0523590">
    <ele>15.6</ele>
    <time>2025-06-16T17:31:13Z</time>
   </trkpt>
   <trkpt lat="51.5350230" lon="-0.0524260">
    <ele>15.5</ele>
    <time>2025-06-16T17:31:14Z</time>
   </trkpt>
   <trkpt lat="51.5350150" lon="-0.0524520">
    <ele>15.5</ele>
    <time>2025-06-16T17:31:15Z</time>
   </trkpt>
   <trkpt lat="51.5349980" lon="-0.0524870">
    <ele>15.4</ele>
    <time>2025-06-16T17:31:16Z</time>
   </trkpt>
   <trkpt lat="51.5349690" lon="-0.0525060">
    <ele>15.4</ele>
    <time>2025-06-16T17:31:17Z</time>
   </trkpt>
   <trkpt lat="51.5349480" lon="-0.0525450">
    <ele>15.4</ele>
    <time>2025-06-16T17:31:18Z</time>
   </trkpt>
   <trkpt lat="51.5349590" lon="-0.0526040">
    <ele>15.3</ele>
    <time>2025-06-16T17:31:19Z</time>
   </trkpt>
   <trkpt lat="51.5349790" lon="-0.0526570">
    <ele>15.3</ele>
    <time>2025-06-16T17:31:20Z</time>
   </trkpt>
   <trkpt lat="51.5349820" lon="-0.0527050">
    <ele>15.3</ele>
    <time>2025-06-16T17:31:21Z</time>
   </trkpt>
   <trkpt lat="51.5349880" lon="-0.0527490">
    <ele>15.2</ele>
    <time>2025-06-16T17:31:22Z</time>
   </trkpt>
   <trkpt lat="51.5349930" lon="-0.0528130">
    <ele>15.2</ele>
    <time>2025-06-16T17:31:23Z</time>
   </trkpt>
   <trkpt lat="51.5350010" lon="-0.0528370">
    <ele>15.2</ele>
    <time>2025-06-16T17:31:24Z</time>
   </trkpt>
   <trkpt lat="51.5350230" lon="-0.0528910">
    <ele>15.2</ele>
    <time>2025-06-16T17:31:25Z</time>
   </trkpt>
   <trkpt lat="51.5350450" lon="-0.0529400">
    <ele>15.2</ele>
    <time>2025-06-16T17:31:26Z</time>
   </trkpt>
   <trkpt lat="51.5350680" lon="-0.0529840">
    <ele>15.2</ele>
    <time>2025-06-16T17:31:27Z</time>
   </trkpt>
   <trkpt lat="51.5350900" lon="-0.0530300">
    <ele>15.2</ele>
    <time>2025-06-16T17:31:28Z</time>
   </trkpt>
   <trkpt lat="51.5350990" lon="-0.0530720">
    <ele>15.2</ele>
    <time>2025-06-16T17:31:29Z</time>
   </trkpt>
   <trkpt lat="51.5351040" lon="-0.0531180">
    <ele>15.2</ele>
    <time>2025-06-16T17:31:30Z</time>
   </trkpt>
   <trkpt lat="51.5351170" lon="-0.0531620">
    <ele>15.2</ele>
    <time>2025-06-16T17:31:31Z</time>
   </trkpt>
   <trkpt lat="51.5351370" lon="-0.0532100">
    <ele>15.2</ele>
    <time>2025-06-16T17:31:32Z</time>
   </trkpt>
   <trkpt lat="51.5351490" lon="-0.0532600">
    <ele>15.2</ele>
    <time>2025-06-16T17:31:33Z</time>
   </trkpt>
   <trkpt lat="51.5351630" lon="-0.0533100">
    <ele>15.2</ele>
    <time>2025-06-16T17:31:34Z</time>
   </trkpt>
   <trkpt lat="51.5351810" lon="-0.0533710">
    <ele>15.2</ele>
    <time>2025-06-16T17:31:35Z</time>
   </trkpt>
   <trkpt lat="51.5351850" lon="-0.0533960">
    <ele>15.2</ele>
    <time>2025-06-16T17:31:36Z</time>
   </trkpt>
   <trkpt lat="51.5351940" lon="-0.0534440">
    <ele>15.2</ele>
    <time>2025-06-16T17:31:37Z</time>
   </trkpt>
   <trkpt lat="51.5352040" lon="-0.0535090">
    <ele>15.2</ele>
    <time>2025-06-16T17:31:38Z</time>
   </trkpt>
   <trkpt lat="51.5352100" lon="-0.0535330">
    <ele>15.2</ele>
    <time>2025-06-16T17:31:39Z</time>
   </trkpt>
   <trkpt lat="51.5352230" lon="-0.0535840">
    <ele>15.2</ele>
    <time>2025-06-16T17:31:40Z</time>
   </trkpt>
   <trkpt lat="51.5352210" lon="-0.0536320">
    <ele>15.2</ele>
    <time>2025-06-16T17:31:41Z</time>
   </trkpt>
   <trkpt lat="51.5352220" lon="-0.0536760">
    <ele>15.2</ele>
    <time>2025-06-16T17:31:42Z</time>
   </trkpt>
   <trkpt lat="51.5352190" lon="-0.0537240">
    <ele>15.2</ele>
    <time>2025-06-16T17:31:43Z</time>
   </trkpt>
   <trkpt lat="51.5352230" lon="-0.0537710">
    <ele>15.2</ele>
    <time>2025-06-16T17:31:44Z</time>
   </trkpt>
   <trkpt lat="51.5352330" lon="-0.0538200">
    <ele>15.2</ele>
    <time>2025-06-16T17:31:45Z</time>
   </trkpt>
   <trkpt lat="51.5352340" lon="-0.0538660">
    <ele>15.2</ele>
    <time>2025-06-16T17:31:46Z</time>
   </trkpt>
   <trkpt lat="51.5352400" lon="-0.0539260">
    <ele>15.2</ele>
    <time>2025-06-16T17:31:47Z</time>
   </trkpt>
   <trkpt lat="51.5352520" lon="-0.0539710">
    <ele>15.2</ele>
    <time>2025-06-16T17:31:48Z</time>
   </trkpt>
   <trkpt lat="51.5352870" lon="-0.0539950">
    <ele>15.2</ele>
    <time>2025-06-16T17:31:49Z</time>
   </trkpt>
   <trkpt lat="51.5352820" lon="-0.0540550">
    <ele>15.2</ele>
    <time>2025-06-16T17:31:50Z</time>
   </trkpt>
   <trkpt lat="51.5352850" lon="-0.0541160">
    <ele>15.2</ele>
    <time>2025-06-16T17:31:51Z</time>
   </trkpt>
   <trkpt lat="51.5352770" lon="-0.0541680">
    <ele>15.3</ele>
    <time>2025-06-16T17:31:52Z</time>
   </trkpt>
   <trkpt lat="51.5352710" lon="-0.0542210">
    <ele>15.3</ele>
    <time>2025-06-16T17:31:53Z</time>
   </trkpt>
   <trkpt lat="51.5352660" lon="-0.0542910">
    <ele>15.3</ele>
    <time>2025-06-16T17:31:54Z</time>
   </trkpt>
   <trkpt lat="51.5352650" lon="-0.0543510">
    <ele>15.3</ele>
    <time>2025-06-16T17:31:55Z</time>
   </trkpt>
   <trkpt lat="51.5352650" lon="-0.0544060">
    <ele>15.3</ele>
    <time>2025-06-16T17:31:56Z</time>
   </trkpt>
   <trkpt lat="51.5352640" lon="-0.0544660">
    <ele>15.3</ele>
    <time>2025-06-16T17:31:57Z</time>
   </trkpt>
   <trkpt lat="51.5352640" lon="-0.0545190">
    <ele>15.3</ele>
    <time>2025-06-16T17:31:58Z</time>
   </trkpt>
   <trkpt lat="51.5352660" lon="-0.0545750">
    <ele>15.3</ele>
    <time>2025-06-16T17:31:59Z</time>
   </trkpt>
   <trkpt lat="51.5352540" lon="-0.0546180">
    <ele>15.4</ele>
    <time>2025-06-16T17:32:00Z</time>
   </trkpt>
   <trkpt lat="51.5352520" lon="-0.0546660">
    <ele>15.4</ele>
    <time>2025-06-16T17:32:01Z</time>
   </trkpt>
   <trkpt lat="51.5352480" lon="-0.0547120">
    <ele>15.4</ele>
    <time>2025-06-16T17:32:02Z</time>
   </trkpt>
   <trkpt lat="51.5352450" lon="-0.0547710">
    <ele>15.4</ele>
    <time>2025-06-16T17:32:03Z</time>
   </trkpt>
   <trkpt lat="51.5352430" lon="-0.0548260">
    <ele>15.4</ele>
    <time>2025-06-16T17:32:04Z</time>
   </trkpt>
   <trkpt lat="51.5352360" lon="-0.0548830">
    <ele>15.4</ele>
    <time>2025-06-16T17:32:05Z</time>
   </trkpt>
   <trkpt lat="51.5352270" lon="-0.0549270">
    <ele>15.4</ele>
    <time>2025-06-16T17:32:06Z</time>
   </trkpt>
   <trkpt lat="51.5352180" lon="-0.0549770">
    <ele>15.4</ele>
    <time>2025-06-16T17:32:07Z</time>
   </trkpt>
   <trkpt lat="51.5352140" lon="-0.0550470">
    <ele>15.4</ele>
    <time>2025-06-16T17:32:08Z</time>
   </trkpt>
   <trkpt lat="51.5352110" lon="-0.0550740">
    <ele>15.4</ele>
    <time>2025-06-16T17:32:09Z</time>
   </trkpt>
   <trkpt lat="51.5352050" lon="-0.0551260">
    <ele>15.4</ele>
    <time>2025-06-16T17:32:10Z</time>
   </trkpt>
   <trkpt lat="51.5352070" lon="-0.0551710">
    <ele>15.4</ele>
    <time>2025-06-16T17:32:11Z</time>
   </trkpt>
   <trkpt lat="51.5351960" lon="-0.0552230">
    <ele>15.4</ele>
    <time>2025-06-16T17:32:12Z</time>
   </trkpt>
   <trkpt lat="51.5351830" lon="-0.0552690">
    <ele>15.4</ele>
    <time>2025-06-16T17:32:13Z</time>
   </trkpt>
   <trkpt lat="51.5351770" lon="-0.0553310">
    <ele>15.4</ele>
    <time>2025-06-16T17:32:14Z</time>
   </trkpt>
   <trkpt lat="51.5351770" lon="-0.0553550">
    <ele>15.4</ele>
    <time>2025-06-16T17:32:15Z</time>
   </trkpt>
   <trkpt lat="51.5351840" lon="-0.0554020">
    <ele>15.4</ele>
    <time>2025-06-16T17:32:16Z</time>
   </trkpt>
   <trkpt lat="51.5351730" lon="-0.0554440">
    <ele>15.4</ele>
    <time>2025-06-16T17:32:17Z</time>
   </trkpt>
   <trkpt lat="51.5351580" lon="-0.0555000">
    <ele>15.5</ele>
    <time>2025-06-16T17:32:18Z</time>
   </trkpt>
   <trkpt lat="51.5351460" lon="-0.0555500">
    <ele>15.5</ele>
    <time>2025-06-16T17:32:19Z</time>
   </trkpt>
   <trkpt lat="51.5351290" lon="-0.0555920">
    <ele>15.5</ele>
    <time>2025-06-16T17:32:21Z</time>
   </trkpt>
   <trkpt lat="51.5351110" lon="-0.0556310">
    <ele>15.5</ele>
    <time>2025-06-16T17:32:22Z</time>
   </trkpt>
   <trkpt lat="51.5351000" lon="-0.0556800">
    <ele>15.5</ele>
    <time>2025-06-16T17:32:23Z</time>
   </trkpt>
   <trkpt lat="51.5350830" lon="-0.0557150">
    <ele>15.5</ele>
    <time>2025-06-16T17:32:24Z</time>
   </trkpt>
   <trkpt lat="51.5350610" lon="-0.0557680">
    <ele>15.5</ele>
    <time>2025-06-16T17:32:25Z</time>
   </trkpt>
   <trkpt lat="51.5350530" lon="-0.0557870">
    <ele>15.5</ele>
    <time>2025-06-16T17:32:26Z</time>
   </trkpt>
   <trkpt lat="51.5350380" lon="-0.0558330">
    <ele>15.5</ele>
    <time>2025-06-16T17:32:27Z</time>
   </trkpt>
   <trkpt lat="51.5350250" lon="-0.0558770">
    <ele>15.5</ele>
    <time>2025-06-16T17:32:28Z</time>
   </trkpt>
   <trkpt lat="51.5350080" lon="-0.0559260">
    <ele>15.5</ele>
    <time>2025-06-16T17:32:29Z</time>
   </trkpt>
   <trkpt lat="51.5349900" lon="-0.0559660">
    <ele>15.5</ele>
    <time>2025-06-16T17:32:30Z</time>
   </trkpt>
   <trkpt lat="51.5349690" lon="-0.0560040">
    <ele>15.6</ele>
    <time>2025-06-16T17:32:31Z</time>
   </trkpt>
   <trkpt lat="51.5349580" lon="-0.0560440">
    <ele>15.6</ele>
    <time>2025-06-16T17:32:32Z</time>
   </trkpt>
   <trkpt lat="51.5349420" lon="-0.0560980">
    <ele>15.6</ele>
    <time>2025-06-16T17:32:33Z</time>
   </trkpt>
   <trkpt lat="51.5349220" lon="-0.0561360">
    <ele>15.6</ele>
    <time>2025-06-16T17:32:34Z</time>
   </trkpt>
   <trkpt lat="51.5349020" lon="-0.0561770">
    <ele>15.6</ele>
    <time>2025-06-16T17:32:35Z</time>
   </trkpt>
   <trkpt lat="51.5348840" lon="-0.0562180">
    <ele>15.6</ele>
    <time>2025-06-16T17:32:36Z</time>
   </trkpt>
   <trkpt lat="51.5348700" lon="-0.0562650">
    <ele>15.6</ele>
    <time>2025-06-16T17:32:37Z</time>
   </trkpt>
   <trkpt lat="51.5348580" lon="-0.0563100">
    <ele>15.6</ele>
    <time>2025-06-16T17:32:38Z</time>
   </trkpt>
   <trkpt lat="51.5348440" lon="-0.0563570">
    <ele>15.6</ele>
    <time>2025-06-16T17:32:39Z</time>
   </trkpt>
   <trkpt lat="51.5348350" lon="-0.0564010">
    <ele>15.6</ele>
    <time>2025-06-16T17:32:40Z</time>
   </trkpt>
   <trkpt lat="51.5348150" lon="-0.0564470">
    <ele>15.6</ele>
    <time>2025-06-16T17:32:41Z</time>
   </trkpt>
   <trkpt lat="51.5347940" lon="-0.0564900">
    <ele>15.6</ele>
    <time>2025-06-16T17:32:42Z</time>
   </trkpt>
   <trkpt lat="51.5347740" lon="-0.0565430">
    <ele>15.6</ele>
    <time>2025-06-16T17:32:43Z</time>
   </trkpt>
   <trkpt lat="51.5347660" lon="-0.0565860">
    <ele>15.6</ele>
    <time>2025-06-16T17:32:44Z</time>
   </trkpt>
   <trkpt lat="51.5347450" lon="-0.0566380">
    <ele>15.6</ele>
    <time>2025-06-16T17:32:45Z</time>
   </trkpt>
   <trkpt lat="51.5347250" lon="-0.0566850">
    <ele>15.6</ele>
    <time>2025-06-16T17:32:46Z</time>
   </trkpt>
   <trkpt lat="51.5347550" lon="-0.0567970">
    <ele>15.7</ele>
    <time>2025-06-16T17:32:47Z</time>
   </trkpt>
   <trkpt lat="51.5347370" lon="-0.0568490">
    <ele>15.7</ele>
    <time>2025-06-16T17:32:48Z</time>
   </trkpt>
   <trkpt lat="51.5347290" lon="-0.0569030">
    <ele>15.7</ele>
    <time>2025-06-16T17:32:49Z</time>
   </trkpt>
   <trkpt lat="51.5347070" lon="-0.0569350">
    <ele>15.7</ele>
    <time>2025-06-16T17:32:50Z</time>
   </trkpt>
   <trkpt lat="51.5346930" lon="-0.0569780">
    <ele>15.7</ele>
    <time>2025-06-16T17:32:51Z</time>
   </trkpt>
   <trkpt lat="51.5346770" lon="-0.0570140">
    <ele>15.7</ele>
    <time>2025-06-16T17:32:52Z</time>
   </trkpt>
   <trkpt lat="51.5346620" lon="-0.0570620">
    <ele>15.7</ele>
    <time>2025-06-16T17:32:53Z</time>
   </trkpt>
   <trkpt lat="51.5346360" lon="-0.0571390">
    <ele>15.7</ele>
    <time>2025-06-16T17:32:54Z</time>
   </trkpt>
   <trkpt lat="51.5346240" lon="-0.0571800">
    <ele>15.7</ele>
    <time>2025-06-16T17:32:55Z</time>
   </trkpt>
   <trkpt lat="51.5346010" lon="-0.0572240">
    <ele>15.7</ele>
    <time>2025-06-16T17:32:56Z</time>
   </trkpt>
   <trkpt lat="51.5345700" lon="-0.0572480">
    <ele>15.8</ele>
    <time>2025-06-16T17:32:57Z</time>
   </trkpt>
   <trkpt lat="51.5345350" lon="-0.0572790">
    <ele>15.8</ele>
    <time>2025-06-16T17:32:58Z</time>
   </trkpt>
   <trkpt lat="51.5345200" lon="-0.0573200">
    <ele>15.8</ele>
    <time>2025-06-16T17:32:59Z</time>
   </trkpt>
   <trkpt lat="51.5345150" lon="-0.0573730">
    <ele>15.8</ele>
    <time>2025-06-16T17:33:00Z</time>
   </trkpt>
   <trkpt lat="51.5345140" lon="-0.0574310">
    <ele>15.8</ele>
    <time>2025-06-16T17:33:01Z</time>
   </trkpt>
   <trkpt lat="51.5344980" lon="-0.0574790">
    <ele>15.8</ele>
    <time>2025-06-16T17:33:02Z</time>
   </trkpt>
   <trkpt lat="51.5345110" lon="-0.0575420">
    <ele>15.7</ele>
    <time>2025-06-16T17:33:03Z</time>
   </trkpt>
   <trkpt lat="51.5344840" lon="-0.0576430">
    <ele>15.7</ele>
    <time>2025-06-16T17:33:04Z</time>
   </trkpt>
   <trkpt lat="51.5344860" lon="-0.0576890">
    <ele>15.7</ele>
    <time>2025-06-16T17:33:05Z</time>
   </trkpt>
   <trkpt lat="51.5344490" lon="-0.0576990">
    <ele>15.6</ele>
    <time>2025-06-16T17:33:06Z</time>
   </trkpt>
   <trkpt lat="51.5344370" lon="-0.0577120">
    <ele>15.6</ele>
    <time>2025-06-16T17:33:07Z</time>
   </trkpt>
   <trkpt lat="51.5344170" lon="-0.0577530">
    <ele>15.6</ele>
    <time>2025-06-16T17:33:08Z</time>
   </trkpt>
   <trkpt lat="51.5344060" lon="-0.0578120">
    <ele>15.5</ele>
    <time>2025-06-16T17:33:09Z</time>
   </trkpt>
   <trkpt lat="51.5343870" lon="-0.0578460">
    <ele>15.5</ele>
    <time>2025-06-16T17:33:10Z</time>
   </trkpt>
   <trkpt lat="51.5343810" lon="-0.0579020">
    <ele>15.5</ele>
    <time>2025-06-16T17:33:11Z</time>
   </trkpt>
   <trkpt lat="51.5343700" lon="-0.0579460">
    <ele>15.5</ele>
    <time>2025-06-16T17:33:12Z</time>
   </trkpt>
   <trkpt lat="51.5343600" lon="-0.0579960">
    <ele>15.5</ele>
    <time>2025-06-16T17:33:13Z</time>
   </trkpt>
   <trkpt lat="51.5343480" lon="-0.0580440">
    <ele>15.5</ele>
    <time>2025-06-16T17:33:14Z</time>
   </trkpt>
   <trkpt lat="51.5343440" lon="-0.0580960">
    <ele>15.5</ele>
    <time>2025-06-16T17:33:15Z</time>
   </trkpt>
   <trkpt lat="51.5343390" lon="-0.0581460">
    <ele>15.5</ele>
    <time>2025-06-16T17:33:16Z</time>
   </trkpt>
   <trkpt lat="51.5343470" lon="-0.0582520">
    <ele>15.5</ele>
    <time>2025-06-16T17:33:17Z</time>
   </trkpt>
   <trkpt lat="51.5343380" lon="-0.0583240">
    <ele>15.5</ele>
    <time>2025-06-16T17:33:18Z</time>
   </trkpt>
   <trkpt lat="51.5342850" lon="-0.0583060">
    <ele>15.4</ele>
    <time>2025-06-16T17:33:19Z</time>
   </trkpt>
   <trkpt lat="51.5342620" lon="-0.0583460">
    <ele>15.4</ele>
    <time>2025-06-16T17:33:20Z</time>
   </trkpt>
   <trkpt lat="51.5342140" lon="-0.0585140">
    <ele>15.4</ele>
    <time>2025-06-16T17:33:24Z</time>
   </trkpt>
   <trkpt lat="51.5342100" lon="-0.0585730">
    <ele>15.4</ele>
    <time>2025-06-16T17:33:25Z</time>
   </trkpt>
   <trkpt lat="51.5342110" lon="-0.0586340">
    <ele>15.4</ele>
    <time>2025-06-16T17:33:26Z</time>
   </trkpt>
   <trkpt lat="51.5342030" lon="-0.0586770">
    <ele>15.4</ele>
    <time>2025-06-16T17:33:27Z</time>
   </trkpt>
   <trkpt lat="51.5341910" lon="-0.0587310">
    <ele>15.4</ele>
    <time>2025-06-16T17:33:28Z</time>
   </trkpt>
   <trkpt lat="51.5341900" lon="-0.0587910">
    <ele>15.4</ele>
    <time>2025-06-16T17:33:29Z</time>
   </trkpt>
   <trkpt lat="51.5341870" lon="-0.0588130">
    <ele>15.4</ele>
    <time>2025-06-16T17:33:30Z</time>
   </trkpt>
   <trkpt lat="51.5341830" lon="-0.0588610">
    <ele>15.4</ele>
    <time>2025-06-16T17:33:31Z</time>
   </trkpt>
   <trkpt lat="51.5341830" lon="-0.0589160">
    <ele>15.4</ele>
    <time>2025-06-16T17:33:32Z</time>
   </trkpt>
   <trkpt lat="51.5341790" lon="-0.0589790">
    <ele>15.4</ele>
    <time>2025-06-16T17:33:33Z</time>
   </trkpt>
   <trkpt lat="51.5341810" lon="-0.0590040">
    <ele>15.3</ele>
    <time>2025-06-16T17:33:34Z</time>
   </trkpt>
   <trkpt lat="51.5341780" lon="-0.0590500">
    <ele>15.3</ele>
    <time>2025-06-16T17:33:35Z</time>
   </trkpt>
   <trkpt lat="51.5341770" lon="-0.0590960">
    <ele>15.3</ele>
    <time>2025-06-16T17:33:36Z</time>
   </trkpt>
   <trkpt lat="51.5341840" lon="-0.0591380">
    <ele>15.3</ele>
    <time>2025-06-16T17:33:37Z</time>
   </trkpt>
   <trkpt lat="51.5341910" lon="-0.0591570">
    <ele>15.3</ele>
    <time>2025-06-16T17:33:38Z</time>
   </trkpt>
   <trkpt lat="51.5341910" lon="-0.0592140">
    <ele>15.3</ele>
    <time>2025-06-16T17:33:39Z</time>
   </trkpt>
   <trkpt lat="51.5341950" lon="-0.0592340">
    <ele>15.3</ele>
    <time>2025-06-16T17:33:40Z</time>
   </trkpt>
   <trkpt lat="51.5342020" lon="-0.0592870">
    <ele>15.3</ele>
    <time>2025-06-16T17:33:41Z</time>
   </trkpt>
   <trkpt lat="51.5342090" lon="-0.0593320">
    <ele>15.3</ele>
    <time>2025-06-16T17:33:42Z</time>
   </trkpt>
   <trkpt lat="51.5342090" lon="-0.0593950">
    <ele>15.3</ele>
    <time>2025-06-16T17:33:43Z</time>
   </trkpt>
   <trkpt lat="51.5342140" lon="-0.0594160">
    <ele>15.3</ele>
    <time>2025-06-16T17:33:44Z</time>
   </trkpt>
   <trkpt lat="51.5342260" lon="-0.0594700">
    <ele>15.3</ele>
    <time>2025-06-16T17:33:45Z</time>
   </trkpt>
   <trkpt lat="51.5342270" lon="-0.0594880">
    <ele>15.3</ele>
    <time>2025-06-16T17:33:46Z</time>
   </trkpt>
   <trkpt lat="51.5342370" lon="-0.0595460">
    <ele>15.3</ele>
    <time>2025-06-16T17:33:47Z</time>
   </trkpt>
   <trkpt lat="51.5342380" lon="-0.0595720">
    <ele>15.3</ele>
    <time>2025-06-16T17:33:48Z</time>
   </trkpt>
   <trkpt lat="51.5342440" lon="-0.0596260">
    <ele>15.3</ele>
    <time>2025-06-16T17:33:49Z</time>
   </trkpt>
   <trkpt lat="51.5342480" lon="-0.0596800">
    <ele>15.3</ele>
    <time>2025-06-16T17:33:50Z</time>
   </trkpt>
   <trkpt lat="51.5342430" lon="-0.0597510">
    <ele>15.3</ele>
    <time>2025-06-16T17:33:51Z</time>
   </trkpt>
   <trkpt lat="51.5342600" lon="-0.0597990">
    <ele>15.3</ele>
    <time>2025-06-16T17:33:52Z</time>
   </trkpt>
   <trkpt lat="51.5342660" lon="-0.0598130">
    <ele>15.3</ele>
    <time>2025-06-16T17:33:53Z</time>
   </trkpt>
   <trkpt lat="51.5342730" lon="-0.0598650">
    <ele>15.3</ele>
    <time>2025-06-16T17:33:54Z</time>
   </trkpt>
   <trkpt lat="51.5342750" lon="-0.0598760">
    <ele>15.3</ele>
    <time>2025-06-16T17:33:55Z</time>
   </trkpt>
   <trkpt lat="51.5342810" lon="-0.0599180">
    <ele>15.3</ele>
    <time>2025-06-16T17:33:56Z</time>
   </trkpt>
   <trkpt lat="51.5342840" lon="-0.0599340">
    <ele>15.4</ele>
    <time>2025-06-16T17:33:57Z</time>
   </trkpt>
   <trkpt lat="51.5343140" lon="-0.0599720">
    <ele>15.4</ele>
    <time>2025-06-16T17:33:58Z</time>
   </trkpt>
   <trkpt lat="51.5343250" lon="-0.0599970">
    <ele>15.4</ele>
    <time>2025-06-16T17:33:59Z</time>
   </trkpt>
   <trkpt lat="51.5343380" lon="-0.0600410">
    <ele>15.4</ele>
    <time>2025-06-16T17:34:00Z</time>
   </trkpt>
   <trkpt lat="51.5343520" lon="-0.0600860">
    <ele>15.4</ele>
    <time>2025-06-16T17:34:01Z</time>
   </trkpt>
   <trkpt lat="51.5343700" lon="-0.0601380">
    <ele>15.4</ele>
    <time>2025-06-16T17:34:02Z</time>
   </trkpt>
   <trkpt lat="51.5343770" lon="-0.0601570">
    <ele>15.4</ele>
    <time>2025-06-16T17:34:03Z</time>
   </trkpt>
   <trkpt lat="51.5343970" lon="-0.0601920">
    <ele>15.4</ele>
    <time>2025-06-16T17:34:04Z</time>
   </trkpt>
   <trkpt lat="51.5344170" lon="-0.0602310">
    <ele>15.4</ele>
    <time>2025-06-16T17:34:05Z</time>
   </trkpt>
   <trkpt lat="51.5344390" lon="-0.0602670">
    <ele>15.4</ele>
    <time>2025-06-16T17:34:06Z</time>
   </trkpt>
   <trkpt lat="51.5344670" lon="-0.0603250">
    <ele>15.4</ele>
    <time>2025-06-16T17:34:07Z</time>
   </trkpt>
   <trkpt lat="51.5344760" lon="-0.0603520">
    <ele>15.4</ele>
    <time>2025-06-16T17:34:08Z</time>
   </trkpt>
   <trkpt lat="51.5345050" lon="-0.0603740">
    <ele>15.4</ele>
    <time>2025-06-16T17:34:09Z</time>
   </trkpt>
   <trkpt lat="51.5345390" lon="-0.0604090">
    <ele>15.4</ele>
    <time>2025-06-16T17:34:10Z</time>
   </trkpt>
   <trkpt lat="51.5345690" lon="-0.0604460">
    <ele>15.4</ele>
    <time>2025-06-16T17:34:11Z</time>
   </trkpt>
   <trkpt lat="51.5345780" lon="-0.0604610">
    <ele>15.4</ele>
    <time>2025-06-16T17:34:12Z</time>
   </trkpt>
   <trkpt lat="51.5345990" lon="-0.0605060">
    <ele>15.4</ele>
    <time>2025-06-16T17:34:13Z</time>
   </trkpt>
   <trkpt lat="51.5346040" lon="-0.0605310">
    <ele>15.4</ele>
    <time>2025-06-16T17:34:14Z</time>
   </trkpt>
   <trkpt lat="51.5346110" lon="-0.0605930">
    <ele>15.4</ele>
    <time>2025-06-16T17:34:15Z</time>
   </trkpt>
   <trkpt lat="51.5346160" lon="-0.0606130">
    <ele>15.4</ele>
    <time>2025-06-16T17:34:16Z</time>
   </trkpt>
   <trkpt lat="51.5346460" lon="-0.0606480">
    <ele>15.3</ele>
    <time>2025-06-16T17:34:17Z</time>
   </trkpt>
   <trkpt lat="51.5346580" lon="-0.0606570">
    <ele>15.3</ele>
    <time>2025-06-16T17:34:18Z</time>
   </trkpt>
   <trkpt lat="51.5346840" lon="-0.0606990">
    <ele>15.3</ele>
    <time>2025-06-16T17:34:19Z</time>
   </trkpt>
   <trkpt lat="51.5346970" lon="-0.0607140">
    <ele>15.3</ele>
    <time>2025-06-16T17:34:20Z</time>
   </trkpt>
   <trkpt lat="51.5347260" lon="-0.0607450">
    <ele>15.3</ele>
    <time>2025-06-16T17:34:21Z</time>
   </trkpt>
   <trkpt lat="51.5347330" lon="-0.0607570">
    <ele>15.3</ele>
    <time>2025-06-16T17:34:22Z</time>
   </trkpt>
   <trkpt lat="51.5347600" lon="-0.0607820">
    <ele>15.3</ele>
    <time>2025-06-16T17:34:23Z</time>
   </trkpt>
   <trkpt lat="51.5347830" lon="-0.0608070">
    <ele>15.3</ele>
    <time>2025-06-16T17:34:24Z</time>
   </trkpt>
   <trkpt lat="51.5348170" lon="-0.0608310">
    <ele>15.2</ele>
    <time>2025-06-16T17:34:25Z</time>
   </trkpt>
   <trkpt lat="51.5348540" lon="-0.0608510">
    <ele>15.2</ele>
    <time>2025-06-16T17:34:27Z</time>
   </trkpt>
   <trkpt lat="51.5348670" lon="-0.0608590">
    <ele>15.2</ele>
    <time>2025-06-16T17:34:28Z</time>
   </trkpt>
   <trkpt lat="51.5348930" lon="-0.0608940">
    <ele>15.2</ele>
    <time>2025-06-16T17:34:29Z</time>
   </trkpt>
   <trkpt lat="51.5349000" lon="-0.0609040">
    <ele>15.2</ele>
    <time>2025-06-16T17:34:30Z</time>
   </trkpt>
   <trkpt lat="51.5349330" lon="-0.0609350">
    <ele>15.2</ele>
    <time>2025-06-16T17:34:31Z</time>
   </trkpt>
   <trkpt lat="51.5349420" lon="-0.0609490">
    <ele>15.2</ele>
    <time>2025-06-16T17:34:32Z</time>
   </trkpt>
   <trkpt lat="51.5349810" lon="-0.0609530">
    <ele>15.2</ele>
    <time>2025-06-16T17:34:33Z</time>
   </trkpt>
   <trkpt lat="51.5350080" lon="-0.0609670">
    <ele>15.2</ele>
    <time>2025-06-16T17:34:34Z</time>
   </trkpt>
   <trkpt lat="51.5350370" lon="-0.0609980">
    <ele>15.2</ele>
    <time>2025-06-16T17:34:35Z</time>
   </trkpt>
   <trkpt lat="51.5350570" lon="-0.0610390">
    <ele>15.2</ele>
    <time>2025-06-16T17:34:36Z</time>
   </trkpt>
   <trkpt lat="51.5350620" lon="-0.0610490">
    <ele>15.2</ele>
    <time>2025-06-16T17:34:37Z</time>
   </trkpt>
   <trkpt lat="51.5350840" lon="-0.0610880">
    <ele>15.2</ele>
    <time>2025-06-16T17:34:38Z</time>
   </trkpt>
   <trkpt lat="51.5351080" lon="-0.0611310">
    <ele>15.2</ele>
    <time>2025-06-16T17:34:39Z</time>
   </trkpt>
   <trkpt lat="51.5351260" lon="-0.0611670">
    <ele>15.2</ele>
    <time>2025-06-16T17:34:40Z</time>
   </trkpt>
   <trkpt lat="51.5351560" lon="-0.0611730">
    <ele>15.3</ele>
    <time>2025-06-16T17:34:41Z</time>
   </trkpt>
   <trkpt lat="51.5351840" lon="-0.0611930">
    <ele>15.3</ele>
    <time>2025-06-16T17:34:42Z</time>
   </trkpt>
   <trkpt lat="51.5352190" lon="-0.0612260">
    <ele>15.3</ele>
    <time>2025-06-16T17:34:43Z</time>
   </trkpt>
   <trkpt lat="51.5352310" lon="-0.0612360">
    <ele>15.3</ele>
    <time>2025-06-16T17:34:44Z</time>
   </trkpt>
   <trkpt lat="51.5352560" lon="-0.0612520">
    <ele>15.3</ele>
    <time>2025-06-16T17:34:45Z</time>
   </trkpt>
   <trkpt lat="51.5352930" lon="-0.0612800">
    <ele>15.3</ele>
    <time>2025-06-16T17:34:46Z</time>
   </trkpt>
   <trkpt lat="51.5353060" lon="-0.0612920">
    <ele>15.3</ele>
    <time>2025-06-16T17:34:47Z</time>
   </trkpt>
   <trkpt lat="51.5353310" lon="-0.0613260">
    <ele>15.3</ele>
    <time>2025-06-16T17:34:48Z</time>
   </trkpt>
   <trkpt lat="51.5353570" lon="-0.0613510">
    <ele>15.3</ele>
    <time>2025-06-16T17:34:49Z</time>
   </trkpt>
   <trkpt lat="51.5353830" lon="-0.0613670">
    <ele>15.3</ele>
    <time>2025-06-16T17:34:50Z</time>
   </trkpt>
   <trkpt lat="51.5354150" lon="-0.0613990">
    <ele>15.3</ele>
    <time>2025-06-16T17:34:51Z</time>
   </trkpt>
   <trkpt lat="51.5354220" lon="-0.0614220">
    <ele>15.3</ele>
    <time>2025-06-16T17:34:52Z</time>
   </trkpt>
   <trkpt lat="51.5354410" lon="-0.0614530">
    <ele>15.3</ele>
    <time>2025-06-16T17:34:53Z</time>
   </trkpt>
   <trkpt lat="51.5354690" lon="-0.0614800">
    <ele>15.4</ele>
    <time>2025-06-16T17:34:54Z</time>
   </trkpt>
   <trkpt lat="51.5354740" lon="-0.0614870">
    <ele>15.4</ele>
    <time>2025-06-16T17:34:55Z</time>
   </trkpt>
   <trkpt lat="51.5354970" lon="-0.0615390">
    <ele>15.4</ele>
    <time>2025-06-16T17:34:56Z</time>
   </trkpt>
   <trkpt lat="51.5355090" lon="-0.0615550">
    <ele>15.4</ele>
    <time>2025-06-16T17:34:57Z</time>
   </trkpt>
   <trkpt lat="51.5355420" lon="-0.0615740">
    <ele>15.5</ele>
    <time>2025-06-16T17:34:58Z</time>
   </trkpt>
   <trkpt lat="51.5355530" lon="-0.0616240">
    <ele>15.5</ele>
    <time>2025-06-16T17:34:59Z</time>
   </trkpt>
   <trkpt lat="51.5355820" lon="-0.0616630">
    <ele>15.6</ele>
    <time>2025-06-16T17:35:00Z</time>
   </trkpt>
   <trkpt lat="51.5355890" lon="-0.0616780">
    <ele>15.6</ele>
    <time>2025-06-16T17:35:01Z</time>
   </trkpt>
   <trkpt lat="51.5355920" lon="-0.0617280">
    <ele>15.6</ele>
    <time>2025-06-16T17:35:02Z</time>
   </trkpt>
   <trkpt lat="51.5355980" lon="-0.0617770">
    <ele>15.7</ele>
    <time>2025-06-16T17:35:03Z</time>
   </trkpt>
   <trkpt lat="51.5356040" lon="-0.0617900">
    <ele>15.7</ele>
    <time>2025-06-16T17:35:04Z</time>
   </trkpt>
   <trkpt lat="51.5356210" lon="-0.0618320">
    <ele>15.8</ele>
    <time>2025-06-16T17:35:05Z</time>
   </trkpt>
   <trkpt lat="51.5356330" lon="-0.0618740">
    <ele>15.9</ele>
    <time>2025-06-16T17:35:06Z</time>
   </trkpt>
   <trkpt lat="51.5356350" lon="-0.0619200">
    <ele>16.0</ele>
    <time>2025-06-16T17:35:07Z</time>
   </trkpt>
   <trkpt lat="51.5356310" lon="-0.0619660">
    <ele>16.1</ele>
    <time>2025-06-16T17:35:08Z</time>
   </trkpt>
  </trkseg>
 </trk>
</gpx>
