<?xml version="1.0" encoding="UTF-8"?>
<gpx creator="StravaGPX" version="1.1" xmlns="http://www.topografix.com/GPX/1/1" xmlns:xsi="http://www.w3.org/2001/XMLSchema-instance" xsi:schemaLocation="http://www.topografix.com/GPX/1/1 http://www.topografix.com/GPX/1/1/gpx.xsd">
 <metadata>
  <time>2022-07-09T11:48:00Z</time>
 </metadata>
 <trk>
  <name>Mont Joly descent </name>
  <type>running</type>
  <trkseg>
   <trkpt lat="45.8259210" lon="6.6928100">
    <ele>2491.4</ele>
    <time>2022-07-09T11:48:00Z</time>
   </trkpt>
   <trkpt lat="45.8259190" lon="6.6928160">
    <ele>2491.4</ele>
    <time>2022-07-09T11:48:01Z</time>
   </trkpt>
   <trkpt lat="45.8259130" lon="6.6928130">
    <ele>2491.3</ele>
    <time>2022-07-09T11:48:02Z</time>
   </trkpt>
   <trkpt lat="45.8259070" lon="6.6928090">
    <ele>2491.3</ele>
    <time>2022-07-09T11:48:03Z</time>
   </trkpt>
   <trkpt lat="45.8259000" lon="6.6928050">
    <ele>2491.3</ele>
    <time>2022-07-09T11:48:04Z</time>
   </trkpt>
   <trkpt lat="45.8258940" lon="6.6928020">
    <ele>2491.3</ele>
    <time>2022-07-09T11:48:05Z</time>
   </trkpt>
   <trkpt lat="45.8258880" lon="6.6927980">
    <ele>2491.2</ele>
    <time>2022-07-09T11:48:06Z</time>
   </trkpt>
   <trkpt lat="45.8258810" lon="6.6927950">
    <ele>2491.2</ele>
    <time>2022-07-09T11:48:07Z</time>
   </trkpt>
   <trkpt lat="45.8258490" lon="6.6927850">
    <ele>2491.0</ele>
    <time>2022-07-09T11:48:08Z</time>
   </trkpt>
   <trkpt lat="45.8258430" lon="6.6927730">
    <ele>2490.9</ele>
    <time>2022-07-09T11:48:09Z</time>
   </trkpt>
   <trkpt lat="45.8258310" lon="6.6927550">
    <ele>2490.7</ele>
    <time>2022-07-09T11:48:10Z</time>
   </trkpt>
   <trkpt lat="45.8258140" lon="6.6927620">
    <ele>2490.6</ele>
    <time>2022-07-09T11:48:11Z</time>
   </trkpt>
   <trkpt lat="45.8257970" lon="6.6927290">
    <ele>2490.3</ele>
    <time>2022-07-09T11:48:12Z</time>
   </trkpt>
   <trkpt lat="45.8257730" lon="6.6926800">
    <ele>2489.8</ele>
    <time>2022-07-09T11:48:13Z</time>
   </trkpt>
   <trkpt lat="45.8257570" lon="6.6926540">
    <ele>2489.5</ele>
    <time>2022-07-09T11:48:14Z</time>
   </trkpt>
   <trkpt lat="45.8257250" lon="6.6926360">
    <ele>2489.0</ele>
    <time>2022-07-09T11:48:15Z</time>
   </trkpt>
   <trkpt lat="45.8256900" lon="6.6926130">
    <ele>2488.5</ele>
    <time>2022-07-09T11:48:16Z</time>
   </trkpt>
   <trkpt lat="45.8256790" lon="6.6926080">
    <ele>2488.4</ele>
    <time>2022-07-09T11:48:17Z</time>
   </trkpt>
   <trkpt lat="45.8256550" lon="6.6925690">
    <ele>2487.9</ele>
    <time>2022-07-09T11:48:18Z</time>
   </trkpt>
   <trkpt lat="45.8256460" lon="6.6925540">
    <ele>2487.7</ele>
    <time>2022-07-09T11:48:19Z</time>
   </trkpt>
   <trkpt lat="45.8256160" lon="6.6925240">
    <ele>2487.1</ele>
    <time>2022-07-09T11:48:20Z</time>
   </trkpt>
   <trkpt lat="45.8256050" lon="6.6925110">
    <ele>2486.9</ele>
    <time>2022-07-09T11:48:21Z</time>
   </trkpt>
   <trkpt lat="45.8255760" lon="6.6924910">
    <ele>2486.4</ele>
    <time>2022-07-09T11:48:22Z</time>
   </trkpt>
   <trkpt lat="45.8255450" lon="6.6924570">
    <ele>2485.6</ele>
    <time>2022-07-09T11:48:23Z</time>
   </trkpt>
   <trkpt lat="45.8255330" lon="6.6924500">
    <ele>2485.3</ele>
    <time>2022-07-09T11:48:24Z</time>
   </trkpt>
   <trkpt lat="45.8255090" lon="6.6924300">
    <ele>2484.5</ele>
    <time>2022-07-09T11:48:25Z</time>
   </trkpt>
   <trkpt lat="45.8255000" lon="6.6924250">
    <ele>2484.3</ele>
    <time>2022-07-09T11:48:26Z</time>
   </trkpt>
   <trkpt lat="45.8254740" lon="6.6923960">
    <ele>2483.4</ele>
    <time>2022-07-09T11:48:27Z</time>
   </trkpt>
   <trkpt lat="45.8254580" lon="6.6923840">
    <ele>2482.8</ele>
    <time>2022-07-09T11:48:28Z</time>
   </trkpt>
   <trkpt lat="45.8254480" lon="6.6923750">
    <ele>2482.5</ele>
    <time>2022-07-09T11:48:29Z</time>
   </trkpt>
   <trkpt lat="45.8254470" lon="6.6923650">
    <ele>2482.3</ele>
    <time>2022-07-09T11:48:30Z</time>
   </trkpt>
   <trkpt lat="45.8254550" lon="6.6923660">
    <ele>2482.0</ele>
    <time>2022-07-09T11:48:31Z</time>
   </trkpt>
   <trkpt lat="45.8254600" lon="6.6923660">
    <ele>2481.8</ele>
    <time>2022-07-09T11:48:32Z</time>
   </trkpt>
   <trkpt lat="45.8254630" lon="6.6923570">
    <ele>2481.6</ele>
    <time>2022-07-09T11:48:33Z</time>
   </trkpt>
   <trkpt lat="45.8254660" lon="6.6923420">
    <ele>2481.2</ele>
    <time>2022-07-09T11:48:34Z</time>
   </trkpt>
   <trkpt lat="45.8254770" lon="6.6923320">
    <ele>2480.8</ele>
    <time>2022-07-09T11:48:35Z</time>
   </trkpt>
   <trkpt lat="45.8254790" lon="6.6923290">
    <ele>2480.7</ele>
    <time>2022-07-09T11:48:36Z</time>
   </trkpt>
   <trkpt lat="45.8254810" lon="6.6923260">
    <ele>2480.5</ele>
    <time>2022-07-09T11:48:37Z</time>
   </trkpt>
   <trkpt lat="45.8254830" lon="6.6923240">
    <ele>2480.5</ele>
    <time>2022-07-09T11:48:38Z</time>
   </trkpt>
   <trkpt lat="45.8254850" lon="6.6923210">
    <ele>2480.4</ele>
    <time>2022-07-09T11:48:39Z</time>
   </trkpt>
   <trkpt lat="45.8254870" lon="6.6923180">
    <ele>2480.2</ele>
    <time>2022-07-09T11:48:40Z</time>
   </trkpt>
   <trkpt lat="45.8254900" lon="6.6923150">
    <ele>2480.1</ele>
    <time>2022-07-09T11:48:41Z</time>
   </trkpt>
   <trkpt lat="45.8254920" lon="6.6923120">
    <ele>2480.0</ele>
    <time>2022-07-09T11:48:42Z</time>
   </trkpt>
   <trkpt lat="45.8254940" lon="6.6923090">
    <ele>2479.9</ele>
    <time>2022-07-09T11:48:43Z</time>
   </trkpt>
   <trkpt lat="45.8255250" lon="6.6923080">
    <ele>2478.7</ele>
    <time>2022-07-09T11:48:44Z</time>
   </trkpt>
   <trkpt lat="45.8255340" lon="6.6923100">
    <ele>2478.3</ele>
    <time>2022-07-09T11:48:45Z</time>
   </trkpt>
   <trkpt lat="45.8255240" lon="6.6923030">
    <ele>2477.9</ele>
    <time>2022-07-09T11:48:46Z</time>
   </trkpt>
   <trkpt lat="45.8255090" lon="6.6922940">
    <ele>2477.3</ele>
    <time>2022-07-09T11:48:47Z</time>
   </trkpt>
   <trkpt lat="45.8254940" lon="6.6922860">
    <ele>2476.7</ele>
    <time>2022-07-09T11:48:48Z</time>
   </trkpt>
   <trkpt lat="45.8254780" lon="6.6922810">
    <ele>2476.1</ele>
    <time>2022-07-09T11:48:49Z</time>
   </trkpt>
   <trkpt lat="45.8254720" lon="6.6922740">
    <ele>2475.8</ele>
    <time>2022-07-09T11:48:50Z</time>
   </trkpt>
   <trkpt lat="45.8254630" lon="6.6922640">
    <ele>2475.3</ele>
    <time>2022-07-09T11:48:51Z</time>
   </trkpt>
   <trkpt lat="45.8254540" lon="6.6922470">
    <ele>2474.7</ele>
    <time>2022-07-09T11:48:52Z</time>
   </trkpt>
   <trkpt lat="45.8254480" lon="6.6922320">
    <ele>2474.3</ele>
    <time>2022-07-09T11:48:53Z</time>
   </trkpt>
   <trkpt lat="45.8254420" lon="6.6922380">
    <ele>2474.1</ele>
    <time>2022-07-09T11:48:54Z</time>
   </trkpt>
   <trkpt lat="45.8254360" lon="6.6922310">
    <ele>2473.8</ele>
    <time>2022-07-09T11:48:55Z</time>
   </trkpt>
   <trkpt lat="45.8254290" lon="6.6922230">
    <ele>2473.5</ele>
    <time>2022-07-09T11:48:56Z</time>
   </trkpt>
   <trkpt lat="45.8254230" lon="6.6922160">
    <ele>2473.2</ele>
    <time>2022-07-09T11:48:57Z</time>
   </trkpt>
   <trkpt lat="45.8254170" lon="6.6922080">
    <ele>2472.9</ele>
    <time>2022-07-09T11:48:58Z</time>
   </trkpt>
   <trkpt lat="45.8254100" lon="6.6922010">
    <ele>2472.6</ele>
    <time>2022-07-09T11:48:59Z</time>
   </trkpt>
   <trkpt lat="45.8253880" lon="6.6921800">
    <ele>2471.8</ele>
    <time>2022-07-09T11:49:00Z</time>
   </trkpt>
   <trkpt lat="45.8253780" lon="6.6921710">
    <ele>2471.4</ele>
    <time>2022-07-09T11:49:01Z</time>
   </trkpt>
   <trkpt lat="45.8253680" lon="6.6921650">
    <ele>2471.1</ele>
    <time>2022-07-09T11:49:02Z</time>
   </trkpt>
   <trkpt lat="45.8253490" lon="6.6921560">
    <ele>2470.4</ele>
    <time>2022-07-09T11:49:03Z</time>
   </trkpt>
   <trkpt lat="45.8253320" lon="6.6921490">
    <ele>2469.9</ele>
    <time>2022-07-09T11:49:04Z</time>
   </trkpt>
   <trkpt lat="45.8253190" lon="6.6921420">
    <ele>2469.5</ele>
    <time>2022-07-09T11:49:05Z</time>
   </trkpt>
   <trkpt lat="45.8253000" lon="6.6921200">
    <ele>2468.8</ele>
    <time>2022-07-09T11:49:06Z</time>
   </trkpt>
   <trkpt lat="45.8252950" lon="6.6921110">
    <ele>2468.6</ele>
    <time>2022-07-09T11:49:07Z</time>
   </trkpt>
   <trkpt lat="45.8252890" lon="6.6921030">
    <ele>2468.4</ele>
    <time>2022-07-09T11:49:08Z</time>
   </trkpt>
   <trkpt lat="45.8252730" lon="6.6920940">
    <ele>2467.9</ele>
    <time>2022-07-09T11:49:09Z</time>
   </trkpt>
   <trkpt lat="45.8252680" lon="6.6920810">
    <ele>2467.6</ele>
    <time>2022-07-09T11:49:10Z</time>
   </trkpt>
   <trkpt lat="45.8252610" lon="6.6920740">
    <ele>2467.4</ele>
    <time>2022-07-09T11:49:11Z</time>
   </trkpt>
   <trkpt lat="45.8252920" lon="6.6920580">
    <ele>2466.6</ele>
    <time>2022-07-09T11:49:13Z</time>
   </trkpt>
   <trkpt lat="45.8253030" lon="6.6920470">
    <ele>2466.3</ele>
    <time>2022-07-09T11:49:14Z</time>
   </trkpt>
   <trkpt lat="45.8252910" lon="6.6920300">
    <ele>2465.9</ele>
    <time>2022-07-09T11:49:15Z</time>
   </trkpt>
   <trkpt lat="45.8252780" lon="6.6920230">
    <ele>2465.7</ele>
    <time>2022-07-09T11:49:16Z</time>
   </trkpt>
   <trkpt lat="45.8252640" lon="6.6920150">
    <ele>2465.4</ele>
    <time>2022-07-09T11:49:17Z</time>
   </trkpt>
   <trkpt lat="45.8252340" lon="6.6919900">
    <ele>2464.7</ele>
    <time>2022-07-09T11:49:18Z</time>
   </trkpt>
   <trkpt lat="45.8252180" lon="6.6919770">
    <ele>2464.4</ele>
    <time>2022-07-09T11:49:19Z</time>
   </trkpt>
   <trkpt lat="45.8251980" lon="6.6919600">
    <ele>2464.1</ele>
    <time>2022-07-09T11:49:20Z</time>
   </trkpt>
   <trkpt lat="45.8251880" lon="6.6919490">
    <ele>2463.9</ele>
    <time>2022-07-09T11:49:21Z</time>
   </trkpt>
   <trkpt lat="45.8251600" lon="6.6919290">
    <ele>2463.5</ele>
    <time>2022-07-09T11:49:22Z</time>
   </trkpt>
   <trkpt lat="45.8251510" lon="6.6919220">
    <ele>2463.4</ele>
    <time>2022-07-09T11:49:23Z</time>
   </trkpt>
   <trkpt lat="45.8251200" lon="6.6919250">
    <ele>2463.1</ele>
    <time>2022-07-09T11:49:24Z</time>
   </trkpt>
   <trkpt lat="45.8251110" lon="6.6919250">
    <ele>2463.0</ele>
    <time>2022-07-09T11:49:25Z</time>
   </trkpt>
   <trkpt lat="45.8250970" lon="6.6919100">
    <ele>2462.8</ele>
    <time>2022-07-09T11:49:26Z</time>
   </trkpt>
   <trkpt lat="45.8250770" lon="6.6919140">
    <ele>2462.6</ele>
    <time>2022-07-09T11:49:27Z</time>
   </trkpt>
   <trkpt lat="45.8250460" lon="6.6919270">
    <ele>2462.2</ele>
    <time>2022-07-09T11:49:28Z</time>
   </trkpt>
   <trkpt lat="45.8250350" lon="6.6919260">
    <ele>2462.1</ele>
    <time>2022-07-09T11:49:29Z</time>
   </trkpt>
   <trkpt lat="45.8250050" lon="6.6919240">
    <ele>2461.7</ele>
    <time>2022-07-09T11:49:30Z</time>
   </trkpt>
   <trkpt lat="45.8249950" lon="6.6919260">
    <ele>2461.6</ele>
    <time>2022-07-09T11:49:31Z</time>
   </trkpt>
   <trkpt lat="45.8249770" lon="6.6919220">
    <ele>2461.4</ele>
    <time>2022-07-09T11:49:32Z</time>
   </trkpt>
   <trkpt lat="45.8249660" lon="6.6919130">
    <ele>2461.3</ele>
    <time>2022-07-09T11:49:33Z</time>
   </trkpt>
   <trkpt lat="45.8249540" lon="6.6919020">
    <ele>2461.1</ele>
    <time>2022-07-09T11:49:34Z</time>
   </trkpt>
   <trkpt lat="45.8249390" lon="6.6918980">
    <ele>2460.9</ele>
    <time>2022-07-09T11:49:35Z</time>
   </trkpt>
   <trkpt lat="45.8249240" lon="6.6918950">
    <ele>2460.8</ele>
    <time>2022-07-09T11:49:36Z</time>
   </trkpt>
   <trkpt lat="45.8248870" lon="6.6918950">
    <ele>2460.4</ele>
    <time>2022-07-09T11:49:37Z</time>
   </trkpt>
   <trkpt lat="45.8248740" lon="6.6919020">
    <ele>2460.3</ele>
    <time>2022-07-09T11:49:38Z</time>
   </trkpt>
   <trkpt lat="45.8248440" lon="6.6919110">
    <ele>2460.0</ele>
    <time>2022-07-09T11:49:39Z</time>
   </trkpt>
   <trkpt lat="45.8248290" lon="6.6919140">
    <ele>2459.9</ele>
    <time>2022-07-09T11:49:40Z</time>
   </trkpt>
   <trkpt lat="45.8247910" lon="6.6919150">
    <ele>2459.7</ele>
    <time>2022-07-09T11:49:41Z</time>
   </trkpt>
   <trkpt lat="45.8247680" lon="6.6919220">
    <ele>2459.5</ele>
    <time>2022-07-09T11:49:42Z</time>
   </trkpt>
   <trkpt lat="45.8247560" lon="6.6919280">
    <ele>2459.4</ele>
    <time>2022-07-09T11:49:43Z</time>
   </trkpt>
   <trkpt lat="45.8247300" lon="6.6919440">
    <ele>2459.3</ele>
    <time>2022-07-09T11:49:44Z</time>
   </trkpt>
   <trkpt lat="45.8247200" lon="6.6919480">
    <ele>2459.2</ele>
    <time>2022-07-09T11:49:45Z</time>
   </trkpt>
   <trkpt lat="45.8246850" lon="6.6919430">
    <ele>2459.0</ele>
    <time>2022-07-09T11:49:46Z</time>
   </trkpt>
   <trkpt lat="45.8246740" lon="6.6919430">
    <ele>2458.9</ele>
    <time>2022-07-09T11:49:47Z</time>
   </trkpt>
   <trkpt lat="45.8246420" lon="6.6919420">
    <ele>2458.7</ele>
    <time>2022-07-09T11:49:48Z</time>
   </trkpt>
   <trkpt lat="45.8246320" lon="6.6919440">
    <ele>2458.6</ele>
    <time>2022-07-09T11:49:49Z</time>
   </trkpt>
   <trkpt lat="45.8245980" lon="6.6919630">
    <ele>2458.4</ele>
    <time>2022-07-09T11:49:50Z</time>
   </trkpt>
   <trkpt lat="45.8245860" lon="6.6919640">
    <ele>2458.3</ele>
    <time>2022-07-09T11:49:51Z</time>
   </trkpt>
   <trkpt lat="45.8245510" lon="6.6919780">
    <ele>2458.1</ele>
    <time>2022-07-09T11:49:52Z</time>
   </trkpt>
   <trkpt lat="45.8245380" lon="6.6919820">
    <ele>2458.0</ele>
    <time>2022-07-09T11:49:53Z</time>
   </trkpt>
   <trkpt lat="45.8245020" lon="6.6919720">
    <ele>2457.7</ele>
    <time>2022-07-09T11:49:54Z</time>
   </trkpt>
   <trkpt lat="45.8244900" lon="6.6919690">
    <ele>2457.7</ele>
    <time>2022-07-09T11:49:55Z</time>
   </trkpt>
   <trkpt lat="45.8244530" lon="6.6919630">
    <ele>2457.4</ele>
    <time>2022-07-09T11:49:56Z</time>
   </trkpt>
   <trkpt lat="45.8244410" lon="6.6919580">
    <ele>2457.4</ele>
    <time>2022-07-09T11:49:57Z</time>
   </trkpt>
   <trkpt lat="45.8244090" lon="6.6919560">
    <ele>2457.2</ele>
    <time>2022-07-09T11:49:58Z</time>
   </trkpt>
   <trkpt lat="45.8243590" lon="6.6919650">
    <ele>2456.9</ele>
    <time>2022-07-09T11:49:59Z</time>
   </trkpt>
   <trkpt lat="45.8243200" lon="6.6919540">
    <ele>2456.8</ele>
    <time>2022-07-09T11:50:00Z</time>
   </trkpt>
   <trkpt lat="45.8242940" lon="6.6919440">
    <ele>2456.7</ele>
    <time>2022-07-09T11:50:01Z</time>
   </trkpt>
   <trkpt lat="45.8242640" lon="6.6919350">
    <ele>2456.6</ele>
    <time>2022-07-09T11:50:02Z</time>
   </trkpt>
   <trkpt lat="45.8242260" lon="6.6919260">
    <ele>2456.6</ele>
    <time>2022-07-09T11:50:03Z</time>
   </trkpt>
   <trkpt lat="45.8242130" lon="6.6919250">
    <ele>2456.5</ele>
    <time>2022-07-09T11:50:04Z</time>
   </trkpt>
   <trkpt lat="45.8241790" lon="6.6919130">
    <ele>2456.5</ele>
    <time>2022-07-09T11:50:05Z</time>
   </trkpt>
   <trkpt lat="45.8241520" lon="6.6919160">
    <ele>2456.5</ele>
    <time>2022-07-09T11:50:06Z</time>
   </trkpt>
   <trkpt lat="45.8241170" lon="6.6919120">
    <ele>2456.6</ele>
    <time>2022-07-09T11:50:07Z</time>
   </trkpt>
   <trkpt lat="45.8240870" lon="6.6919080">
    <ele>2456.7</ele>
    <time>2022-07-09T11:50:08Z</time>
   </trkpt>
   <trkpt lat="45.8240450" lon="6.6919140">
    <ele>2456.8</ele>
    <time>2022-07-09T11:50:09Z</time>
   </trkpt>
   <trkpt lat="45.8240280" lon="6.6919200">
    <ele>2456.8</ele>
    <time>2022-07-09T11:50:10Z</time>
   </trkpt>
   <trkpt lat="45.8240010" lon="6.6919040">
    <ele>2456.9</ele>
    <time>2022-07-09T11:50:11Z</time>
   </trkpt>
   <trkpt lat="45.8239920" lon="6.6918930">
    <ele>2457.0</ele>
    <time>2022-07-09T11:50:12Z</time>
   </trkpt>
   <trkpt lat="45.8239520" lon="6.6918930">
    <ele>2457.2</ele>
    <time>2022-07-09T11:50:13Z</time>
   </trkpt>
   <trkpt lat="45.8239380" lon="6.6918960">
    <ele>2457.2</ele>
    <time>2022-07-09T11:50:14Z</time>
   </trkpt>
   <trkpt lat="45.8238830" lon="6.6918870">
    <ele>2457.5</ele>
    <time>2022-07-09T11:50:15Z</time>
   </trkpt>
   <trkpt lat="45.8238550" lon="6.6918780">
    <ele>2457.6</ele>
    <time>2022-07-09T11:50:16Z</time>
   </trkpt>
   <trkpt lat="45.8238310" lon="6.6918810">
    <ele>2457.7</ele>
    <time>2022-07-09T11:50:17Z</time>
   </trkpt>
   <trkpt lat="45.8238100" lon="6.6918640">
    <ele>2457.8</ele>
    <time>2022-07-09T11:50:19Z</time>
   </trkpt>
   <trkpt lat="45.8237720" lon="6.6918660">
    <ele>2458.0</ele>
    <time>2022-07-09T11:50:20Z</time>
   </trkpt>
   <trkpt lat="45.8237580" lon="6.6918640">
    <ele>2458.1</ele>
    <time>2022-07-09T11:50:21Z</time>
   </trkpt>
   <trkpt lat="45.8237260" lon="6.6918740">
    <ele>2458.2</ele>
    <time>2022-07-09T11:50:22Z</time>
   </trkpt>
   <trkpt lat="45.8236970" lon="6.6918870">
    <ele>2458.3</ele>
    <time>2022-07-09T11:50:23Z</time>
   </trkpt>
   <trkpt lat="45.8236660" lon="6.6918820">
    <ele>2458.5</ele>
    <time>2022-07-09T11:50:24Z</time>
   </trkpt>
   <trkpt lat="45.8236330" lon="6.6918760">
    <ele>2458.7</ele>
    <time>2022-07-09T11:50:25Z</time>
   </trkpt>
   <trkpt lat="45.8236200" lon="6.6918800">
    <ele>2458.8</ele>
    <time>2022-07-09T11:50:26Z</time>
   </trkpt>
   <trkpt lat="45.8235900" lon="6.6918780">
    <ele>2459.0</ele>
    <time>2022-07-09T11:50:27Z</time>
   </trkpt>
   <trkpt lat="45.8235820" lon="6.6918760">
    <ele>2459.1</ele>
    <time>2022-07-09T11:50:28Z</time>
   </trkpt>
   <trkpt lat="45.8235530" lon="6.6918560">
    <ele>2459.3</ele>
    <time>2022-07-09T11:50:29Z</time>
   </trkpt>
   <trkpt lat="45.8235410" lon="6.6918480">
    <ele>2459.4</ele>
    <time>2022-07-09T11:50:30Z</time>
   </trkpt>
   <trkpt lat="45.8235060" lon="6.6918490">
    <ele>2459.7</ele>
    <time>2022-07-09T11:50:31Z</time>
   </trkpt>
   <trkpt lat="45.8234920" lon="6.6918520">
    <ele>2459.8</ele>
    <time>2022-07-09T11:50:32Z</time>
   </trkpt>
   <trkpt lat="45.8234600" lon="6.6918430">
    <ele>2460.1</ele>
    <time>2022-07-09T11:50:33Z</time>
   </trkpt>
   <trkpt lat="45.8234490" lon="6.6918420">
    <ele>2460.2</ele>
    <time>2022-07-09T11:50:34Z</time>
   </trkpt>
   <trkpt lat="45.8234210" lon="6.6918460">
    <ele>2460.4</ele>
    <time>2022-07-09T11:50:35Z</time>
   </trkpt>
   <trkpt lat="45.8234110" lon="6.6918430">
    <ele>2460.5</ele>
    <time>2022-07-09T11:50:36Z</time>
   </trkpt>
   <trkpt lat="45.8233790" lon="6.6918260">
    <ele>2460.8</ele>
    <time>2022-07-09T11:50:37Z</time>
   </trkpt>
   <trkpt lat="45.8233670" lon="6.6918200">
    <ele>2460.9</ele>
    <time>2022-07-09T11:50:38Z</time>
   </trkpt>
   <trkpt lat="45.8233430" lon="6.6917990">
    <ele>2461.1</ele>
    <time>2022-07-09T11:50:39Z</time>
   </trkpt>
   <trkpt lat="45.8233340" lon="6.6917940">
    <ele>2461.1</ele>
    <time>2022-07-09T11:50:40Z</time>
   </trkpt>
   <trkpt lat="45.8233060" lon="6.6917880">
    <ele>2461.3</ele>
    <time>2022-07-09T11:50:41Z</time>
   </trkpt>
   <trkpt lat="45.8232780" lon="6.6917830">
    <ele>2461.5</ele>
    <time>2022-07-09T11:50:42Z</time>
   </trkpt>
   <trkpt lat="45.8232510" lon="6.6917900">
    <ele>2461.6</ele>
    <time>2022-07-09T11:50:43Z</time>
   </trkpt>
   <trkpt lat="45.8232120" lon="6.6917850">
    <ele>2461.8</ele>
    <time>2022-07-09T11:50:44Z</time>
   </trkpt>
   <trkpt lat="45.8231980" lon="6.6917840">
    <ele>2461.8</ele>
    <time>2022-07-09T11:50:45Z</time>
   </trkpt>
   <trkpt lat="45.8231670" lon="6.6917790">
    <ele>2462.0</ele>
    <time>2022-07-09T11:50:46Z</time>
   </trkpt>
   <trkpt lat="45.8231310" lon="6.6917580">
    <ele>2462.1</ele>
    <time>2022-07-09T11:50:47Z</time>
   </trkpt>
   <trkpt lat="45.8231200" lon="6.6917470">
    <ele>2462.2</ele>
    <time>2022-07-09T11:50:48Z</time>
   </trkpt>
   <trkpt lat="45.8230930" lon="6.6917210">
    <ele>2462.3</ele>
    <time>2022-07-09T11:50:49Z</time>
   </trkpt>
   <trkpt lat="45.8230730" lon="6.6917070">
    <ele>2462.4</ele>
    <time>2022-07-09T11:50:50Z</time>
   </trkpt>
   <trkpt lat="45.8230680" lon="6.6917050">
    <ele>2462.4</ele>
    <time>2022-07-09T11:50:51Z</time>
   </trkpt>
   <trkpt lat="45.8230530" lon="6.6917030">
    <ele>2462.5</ele>
    <time>2022-07-09T11:50:52Z</time>
   </trkpt>
   <trkpt lat="45.8230430" lon="6.6916890">
    <ele>2462.6</ele>
    <time>2022-07-09T11:50:53Z</time>
   </trkpt>
   <trkpt lat="45.8230320" lon="6.6916740">
    <ele>2462.6</ele>
    <time>2022-07-09T11:50:54Z</time>
   </trkpt>
   <trkpt lat="45.8230200" lon="6.6916620">
    <ele>2462.7</ele>
    <time>2022-07-09T11:50:55Z</time>
   </trkpt>
   <trkpt lat="45.8230130" lon="6.6916630">
    <ele>2462.7</ele>
    <time>2022-07-09T11:50:56Z</time>
   </trkpt>
   <trkpt lat="45.8230070" lon="6.6916600">
    <ele>2462.8</ele>
    <time>2022-07-09T11:50:57Z</time>
   </trkpt>
   <trkpt lat="45.8230070" lon="6.6916600">
    <ele>2462.8</ele>
    <time>2022-07-09T11:50:58Z</time>
   </trkpt>
   <trkpt lat="45.8230020" lon="6.6916580">
    <ele>2462.8</ele>
    <time>2022-07-09T11:50:59Z</time>
   </trkpt>
   <trkpt lat="45.8229960" lon="6.6916530">
    <ele>2462.8</ele>
    <time>2022-07-09T11:51:00Z</time>
   </trkpt>
   <trkpt lat="45.8229900" lon="6.6916470">
    <ele>2462.9</ele>
    <time>2022-07-09T11:51:01Z</time>
   </trkpt>
   <trkpt lat="45.8229770" lon="6.6916380">
    <ele>2463.0</ele>
    <time>2022-07-09T11:51:02Z</time>
   </trkpt>
   <trkpt lat="45.8229690" lon="6.6916290">
    <ele>2463.0</ele>
    <time>2022-07-09T11:51:03Z</time>
   </trkpt>
   <trkpt lat="45.8229680" lon="6.6916230">
    <ele>2463.0</ele>
    <time>2022-07-09T11:51:04Z</time>
   </trkpt>
   <trkpt lat="45.8229600" lon="6.6916140">
    <ele>2463.1</ele>
    <time>2022-07-09T11:51:05Z</time>
   </trkpt>
   <trkpt lat="45.8229590" lon="6.6916130">
    <ele>2463.1</ele>
    <time>2022-07-09T11:51:06Z</time>
   </trkpt>
   <trkpt lat="45.8229570" lon="6.6916120">
    <ele>2463.1</ele>
    <time>2022-07-09T11:51:07Z</time>
   </trkpt>
   <trkpt lat="45.8229560" lon="6.6916120">
    <ele>2463.1</ele>
    <time>2022-07-09T11:51:08Z</time>
   </trkpt>
   <trkpt lat="45.8229540" lon="6.6916110">
    <ele>2463.1</ele>
    <time>2022-07-09T11:51:09Z</time>
   </trkpt>
   <trkpt lat="45.8229530" lon="6.6916110">
    <ele>2463.1</ele>
    <time>2022-07-09T11:51:10Z</time>
   </trkpt>
   <trkpt lat="45.8229510" lon="6.6916100">
    <ele>2463.1</ele>
    <time>2022-07-09T11:51:11Z</time>
   </trkpt>
   <trkpt lat="45.8229500" lon="6.6916100">
    <ele>2463.1</ele>
    <time>2022-07-09T11:51:12Z</time>
   </trkpt>
   <trkpt lat="45.8229490" lon="6.6916090">
    <ele>2463.1</ele>
    <time>2022-07-09T11:51:13Z</time>
   </trkpt>
   <trkpt lat="45.8229470" lon="6.6916080">
    <ele>2463.2</ele>
    <time>2022-07-09T11:51:14Z</time>
   </trkpt>
   <trkpt lat="45.8229460" lon="6.6916080">
    <ele>2463.2</ele>
    <time>2022-07-09T11:51:15Z</time>
   </trkpt>
   <trkpt lat="45.8229440" lon="6.6916070">
    <ele>2463.2</ele>
    <time>2022-07-09T11:51:16Z</time>
   </trkpt>
   <trkpt lat="45.8229430" lon="6.6916070">
    <ele>2463.2</ele>
    <time>2022-07-09T11:51:17Z</time>
   </trkpt>
   <trkpt lat="45.8229410" lon="6.6916060">
    <ele>2463.2</ele>
    <time>2022-07-09T11:51:18Z</time>
   </trkpt>
   <trkpt lat="45.8229400" lon="6.6916050">
    <ele>2463.2</ele>
    <time>2022-07-09T11:51:19Z</time>
   </trkpt>
   <trkpt lat="45.8229380" lon="6.6916050">
    <ele>2463.2</ele>
    <time>2022-07-09T11:51:20Z</time>
   </trkpt>
   <trkpt lat="45.8229370" lon="6.6916040">
    <ele>2463.2</ele>
    <time>2022-07-09T11:51:21Z</time>
   </trkpt>
   <trkpt lat="45.8229350" lon="6.6916040">
    <ele>2463.2</ele>
    <time>2022-07-09T11:51:22Z</time>
   </trkpt>
   <trkpt lat="45.8229340" lon="6.6916030">
    <ele>2463.2</ele>
    <time>2022-07-09T11:51:23Z</time>
   </trkpt>
   <trkpt lat="45.8229030" lon="6.6915820">
    <ele>2463.4</ele>
    <time>2022-07-09T11:51:24Z</time>
   </trkpt>
   <trkpt lat="45.8228930" lon="6.6915670">
    <ele>2463.4</ele>
    <time>2022-07-09T11:51:25Z</time>
   </trkpt>
   <trkpt lat="45.8228660" lon="6.6915310">
    <ele>2463.6</ele>
    <time>2022-07-09T11:51:26Z</time>
   </trkpt>
   <trkpt lat="45.8228300" lon="6.6915050">
    <ele>2463.7</ele>
    <time>2022-07-09T11:51:27Z</time>
   </trkpt>
   <trkpt lat="45.8228150" lon="6.6914950">
    <ele>2463.7</ele>
    <time>2022-07-09T11:51:28Z</time>
   </trkpt>
   <trkpt lat="45.8227770" lon="6.6914790">
    <ele>2463.8</ele>
    <time>2022-07-09T11:51:29Z</time>
   </trkpt>
   <trkpt lat="45.8227620" lon="6.6914740">
    <ele>2463.8</ele>
    <time>2022-07-09T11:51:30Z</time>
   </trkpt>
   <trkpt lat="45.8227370" lon="6.6914600">
    <ele>2463.9</ele>
    <time>2022-07-09T11:51:31Z</time>
   </trkpt>
   <trkpt lat="45.8227080" lon="6.6914380">
    <ele>2463.9</ele>
    <time>2022-07-09T11:51:32Z</time>
   </trkpt>
   <trkpt lat="45.8226840" lon="6.6914160">
    <ele>2464.0</ele>
    <time>2022-07-09T11:51:33Z</time>
   </trkpt>
   <trkpt lat="45.8226750" lon="6.6914090">
    <ele>2464.0</ele>
    <time>2022-07-09T11:51:34Z</time>
   </trkpt>
   <trkpt lat="45.8226430" lon="6.6913910">
    <ele>2464.1</ele>
    <time>2022-07-09T11:51:35Z</time>
   </trkpt>
   <trkpt lat="45.8226290" lon="6.6913820">
    <ele>2464.1</ele>
    <time>2022-07-09T11:51:36Z</time>
   </trkpt>
   <trkpt lat="45.8225970" lon="6.6913760">
    <ele>2464.2</ele>
    <time>2022-07-09T11:51:37Z</time>
   </trkpt>
   <trkpt lat="45.8225720" lon="6.6913550">
    <ele>2464.3</ele>
    <time>2022-07-09T11:51:38Z</time>
   </trkpt>
   <trkpt lat="45.8225390" lon="6.6913330">
    <ele>2464.5</ele>
    <time>2022-07-09T11:51:39Z</time>
   </trkpt>
   <trkpt lat="45.8225300" lon="6.6913260">
    <ele>2464.5</ele>
    <time>2022-07-09T11:51:40Z</time>
   </trkpt>
   <trkpt lat="45.8225100" lon="6.6912910">
    <ele>2464.7</ele>
    <time>2022-07-09T11:51:41Z</time>
   </trkpt>
   <trkpt lat="45.8224830" lon="6.6912710">
    <ele>2464.9</ele>
    <time>2022-07-09T11:51:42Z</time>
   </trkpt>
   <trkpt lat="45.8224580" lon="6.6912400">
    <ele>2465.1</ele>
    <time>2022-07-09T11:51:43Z</time>
   </trkpt>
   <trkpt lat="45.8224530" lon="6.6912310">
    <ele>2465.2</ele>
    <time>2022-07-09T11:51:44Z</time>
   </trkpt>
   <trkpt lat="45.8224370" lon="6.6911940">
    <ele>2465.4</ele>
    <time>2022-07-09T11:51:45Z</time>
   </trkpt>
   <trkpt lat="45.8224200" lon="6.6911520">
    <ele>2465.7</ele>
    <time>2022-07-09T11:51:46Z</time>
   </trkpt>
   <trkpt lat="45.8224160" lon="6.6911380">
    <ele>2465.7</ele>
    <time>2022-07-09T11:51:47Z</time>
   </trkpt>
   <trkpt lat="45.8224010" lon="6.6910970">
    <ele>2466.0</ele>
    <time>2022-07-09T11:51:48Z</time>
   </trkpt>
   <trkpt lat="45.8223970" lon="6.6910830">
    <ele>2466.0</ele>
    <time>2022-07-09T11:51:49Z</time>
   </trkpt>
   <trkpt lat="45.8223640" lon="6.6910610">
    <ele>2466.3</ele>
    <time>2022-07-09T11:51:50Z</time>
   </trkpt>
   <trkpt lat="45.8223530" lon="6.6910530">
    <ele>2466.3</ele>
    <time>2022-07-09T11:51:51Z</time>
   </trkpt>
   <trkpt lat="45.8223310" lon="6.6910300">
    <ele>2466.5</ele>
    <time>2022-07-09T11:51:52Z</time>
   </trkpt>
   <trkpt lat="45.8223080" lon="6.6909920">
    <ele>2466.7</ele>
    <time>2022-07-09T11:51:53Z</time>
   </trkpt>
   <trkpt lat="45.8223030" lon="6.6909760">
    <ele>2466.7</ele>
    <time>2022-07-09T11:51:54Z</time>
   </trkpt>
   <trkpt lat="45.8222840" lon="6.6909480">
    <ele>2466.9</ele>
    <time>2022-07-09T11:51:55Z</time>
   </trkpt>
   <trkpt lat="45.8222760" lon="6.6909350">
    <ele>2466.9</ele>
    <time>2022-07-09T11:51:56Z</time>
   </trkpt>
   <trkpt lat="45.8222680" lon="6.6909220">
    <ele>2467.0</ele>
    <time>2022-07-09T11:51:57Z</time>
   </trkpt>
   <trkpt lat="45.8222520" lon="6.6908910">
    <ele>2467.2</ele>
    <time>2022-07-09T11:51:58Z</time>
   </trkpt>
   <trkpt lat="45.8222360" lon="6.6908570">
    <ele>2467.3</ele>
    <time>2022-07-09T11:51:59Z</time>
   </trkpt>
   <trkpt lat="45.8222190" lon="6.6908240">
    <ele>2467.5</ele>
    <time>2022-07-09T11:52:00Z</time>
   </trkpt>
   <trkpt lat="45.8221890" lon="6.6907920">
    <ele>2467.6</ele>
    <time>2022-07-09T11:52:01Z</time>
   </trkpt>
   <trkpt lat="45.8221790" lon="6.6907830">
    <ele>2467.7</ele>
    <time>2022-07-09T11:52:02Z</time>
   </trkpt>
   <trkpt lat="45.8221580" lon="6.6907470">
    <ele>2467.9</ele>
    <time>2022-07-09T11:52:03Z</time>
   </trkpt>
   <trkpt lat="45.8221510" lon="6.6907390">
    <ele>2467.9</ele>
    <time>2022-07-09T11:52:04Z</time>
   </trkpt>
   <trkpt lat="45.8221290" lon="6.6907130">
    <ele>2468.0</ele>
    <time>2022-07-09T11:52:05Z</time>
   </trkpt>
   <trkpt lat="45.8220970" lon="6.6906900">
    <ele>2468.1</ele>
    <time>2022-07-09T11:52:06Z</time>
   </trkpt>
   <trkpt lat="45.8220870" lon="6.6906860">
    <ele>2468.2</ele>
    <time>2022-07-09T11:52:07Z</time>
   </trkpt>
   <trkpt lat="45.8220730" lon="6.6906470">
    <ele>2468.2</ele>
    <time>2022-07-09T11:52:08Z</time>
   </trkpt>
   <trkpt lat="45.8220730" lon="6.6906300">
    <ele>2468.2</ele>
    <time>2022-07-09T11:52:09Z</time>
   </trkpt>
   <trkpt lat="45.8220630" lon="6.6905810">
    <ele>2468.2</ele>
    <time>2022-07-09T11:52:10Z</time>
   </trkpt>
   <trkpt lat="45.8220540" lon="6.6905590">
    <ele>2468.0</ele>
    <time>2022-07-09T11:52:11Z</time>
   </trkpt>
   <trkpt lat="45.8220320" lon="6.6905270">
    <ele>2468.2</ele>
    <time>2022-07-09T11:52:12Z</time>
   </trkpt>
   <trkpt lat="45.8220250" lon="6.6905190">
    <ele>2468.2</ele>
    <time>2022-07-09T11:52:13Z</time>
   </trkpt>
   <trkpt lat="45.8220160" lon="6.6905220">
    <ele>2468.2</ele>
    <time>2022-07-09T11:52:14Z</time>
   </trkpt>
   <trkpt lat="45.8220200" lon="6.6905250">
    <ele>2468.2</ele>
    <time>2022-07-09T11:52:15Z</time>
   </trkpt>
   <trkpt lat="45.8220290" lon="6.6905290">
    <ele>2468.2</ele>
    <time>2022-07-09T11:52:16Z</time>
   </trkpt>
   <trkpt lat="45.8220290" lon="6.6905300">
    <ele>2468.2</ele>
    <time>2022-07-09T11:52:17Z</time>
   </trkpt>
   <trkpt lat="45.8220290" lon="6.6905300">
    <ele>2468.2</ele>
    <time>2022-07-09T11:52:18Z</time>
   </trkpt>
   <trkpt lat="45.8220290" lon="6.6905290">
    <ele>2468.2</ele>
    <time>2022-07-09T11:52:19Z</time>
   </trkpt>
   <trkpt lat="45.8220300" lon="6.6905320">
    <ele>2468.2</ele>
    <time>2022-07-09T11:52:20Z</time>
   </trkpt>
   <trkpt lat="45.8220260" lon="6.6905310">
    <ele>2468.2</ele>
    <time>2022-07-09T11:52:21Z</time>
   </trkpt>
   <trkpt lat="45.8220280" lon="6.6905260">
    <ele>2468.2</ele>
    <time>2022-07-09T11:52:22Z</time>
   </trkpt>
   <trkpt lat="45.8220240" lon="6.6904980">
    <ele>2468.2</ele>
    <time>2022-07-09T11:52:23Z</time>
   </trkpt>
   <trkpt lat="45.8220260" lon="6.6904960">
    <ele>2468.2</ele>
    <time>2022-07-09T11:52:24Z</time>
   </trkpt>
   <trkpt lat="45.8220280" lon="6.6905070">
    <ele>2468.2</ele>
    <time>2022-07-09T11:52:25Z</time>
   </trkpt>
   <trkpt lat="45.8220280" lon="6.6905090">
    <ele>2468.2</ele>
    <time>2022-07-09T11:52:26Z</time>
   </trkpt>
   <trkpt lat="45.8220270" lon="6.6905100">
    <ele>2468.2</ele>
    <time>2022-07-09T11:52:27Z</time>
   </trkpt>
   <trkpt lat="45.8220270" lon="6.6905100">
    <ele>2468.2</ele>
    <time>2022-07-09T11:52:28Z</time>
   </trkpt>
   <trkpt lat="45.8220270" lon="6.6905100">
    <ele>2468.2</ele>
    <time>2022-07-09T11:52:29Z</time>
   </trkpt>
   <trkpt lat="45.8220270" lon="6.6905100">
    <ele>2468.2</ele>
    <time>2022-07-09T11:52:30Z</time>
   </trkpt>
   <trkpt lat="45.8220290" lon="6.6905220">
    <ele>2468.2</ele>
    <time>2022-07-09T11:52:31Z</time>
   </trkpt>
   <trkpt lat="45.8220290" lon="6.6905280">
    <ele>2468.2</ele>
    <time>2022-07-09T11:52:32Z</time>
   </trkpt>
   <trkpt lat="45.8220350" lon="6.6905390">
    <ele>2468.1</ele>
    <time>2022-07-09T11:52:33Z</time>
   </trkpt>
   <trkpt lat="45.8220440" lon="6.6905510">
    <ele>2468.1</ele>
    <time>2022-07-09T11:52:34Z</time>
   </trkpt>
   <trkpt lat="45.8220530" lon="6.6905650">
    <ele>2468.0</ele>
    <time>2022-07-09T11:52:35Z</time>
   </trkpt>
   <trkpt lat="45.8220590" lon="6.6905750">
    <ele>2468.0</ele>
    <time>2022-07-09T11:52:36Z</time>
   </trkpt>
   <trkpt lat="45.8220630" lon="6.6905860">
    <ele>2468.0</ele>
    <time>2022-07-09T11:52:37Z</time>
   </trkpt>
   <trkpt lat="45.8220780" lon="6.6906170">
    <ele>2467.9</ele>
    <time>2022-07-09T11:52:38Z</time>
   </trkpt>
   <trkpt lat="45.8220820" lon="6.6906310">
    <ele>2467.8</ele>
    <time>2022-07-09T11:52:39Z</time>
   </trkpt>
   <trkpt lat="45.8220850" lon="6.6906590">
    <ele>2467.7</ele>
    <time>2022-07-09T11:52:40Z</time>
   </trkpt>
   <trkpt lat="45.8220870" lon="6.6906700">
    <ele>2467.7</ele>
    <time>2022-07-09T11:52:41Z</time>
   </trkpt>
   <trkpt lat="45.8220840" lon="6.6906610">
    <ele>2467.7</ele>
    <time>2022-07-09T11:52:42Z</time>
   </trkpt>
   <trkpt lat="45.8220840" lon="6.6906610">
    <ele>2467.7</ele>
    <time>2022-07-09T11:52:43Z</time>
   </trkpt>
   <trkpt lat="45.8220840" lon="6.6906610">
    <ele>2467.7</ele>
    <time>2022-07-09T11:52:44Z</time>
   </trkpt>
   <trkpt lat="45.8220840" lon="6.6906680">
    <ele>2467.6</ele>
    <time>2022-07-09T11:52:45Z</time>
   </trkpt>
   <trkpt lat="45.8220840" lon="6.6906730">
    <ele>2467.6</ele>
    <time>2022-07-09T11:52:46Z</time>
   </trkpt>
   <trkpt lat="45.8220870" lon="6.6906790">
    <ele>2467.6</ele>
    <time>2022-07-09T11:52:47Z</time>
   </trkpt>
   <trkpt lat="45.8220880" lon="6.6906750">
    <ele>2467.6</ele>
    <time>2022-07-09T11:52:48Z</time>
   </trkpt>
   <trkpt lat="45.8220900" lon="6.6906720">
    <ele>2467.6</ele>
    <time>2022-07-09T11:52:49Z</time>
   </trkpt>
   <trkpt lat="45.8220920" lon="6.6906740">
    <ele>2467.5</ele>
    <time>2022-07-09T11:52:50Z</time>
   </trkpt>
   <trkpt lat="45.8220950" lon="6.6906700">
    <ele>2467.5</ele>
    <time>2022-07-09T11:52:51Z</time>
   </trkpt>
   <trkpt lat="45.8220960" lon="6.6906690">
    <ele>2467.5</ele>
    <time>2022-07-09T11:52:52Z</time>
   </trkpt>
   <trkpt lat="45.8220950" lon="6.6906700">
    <ele>2467.5</ele>
    <time>2022-07-09T11:52:53Z</time>
   </trkpt>
   <trkpt lat="45.8220950" lon="6.6906700">
    <ele>2467.5</ele>
    <time>2022-07-09T11:52:54Z</time>
   </trkpt>
   <trkpt lat="45.8220950" lon="6.6906700">
    <ele>2467.5</ele>
    <time>2022-07-09T11:52:55Z</time>
   </trkpt>
   <trkpt lat="45.8220950" lon="6.6906700">
    <ele>2467.5</ele>
    <time>2022-07-09T11:52:56Z</time>
   </trkpt>
   <trkpt lat="45.8220950" lon="6.6906700">
    <ele>2467.5</ele>
    <time>2022-07-09T11:52:57Z</time>
   </trkpt>
   <trkpt lat="45.8220940" lon="6.6906740">
    <ele>2467.5</ele>
    <time>2022-07-09T11:52:59Z</time>
   </trkpt>
   <trkpt lat="45.8220940" lon="6.6906740">
    <ele>2467.5</ele>
    <time>2022-07-09T11:53:00Z</time>
   </trkpt>
   <trkpt lat="45.8220930" lon="6.6906830">
    <ele>2467.5</ele>
    <time>2022-07-09T11:53:01Z</time>
   </trkpt>
   <trkpt lat="45.8220930" lon="6.6906920">
    <ele>2467.4</ele>
    <time>2022-07-09T11:53:02Z</time>
   </trkpt>
   <trkpt lat="45.8220990" lon="6.6907120">
    <ele>2467.3</ele>
    <time>2022-07-09T11:53:03Z</time>
   </trkpt>
   <trkpt lat="45.8221140" lon="6.6907240">
    <ele>2467.3</ele>
    <time>2022-07-09T11:53:04Z</time>
   </trkpt>
   <trkpt lat="45.8221320" lon="6.6907300">
    <ele>2467.2</ele>
    <time>2022-07-09T11:53:05Z</time>
   </trkpt>
   <trkpt lat="45.8221560" lon="6.6907520">
    <ele>2467.0</ele>
    <time>2022-07-09T11:53:06Z</time>
   </trkpt>
   <trkpt lat="45.8221670" lon="6.6907630">
    <ele>2466.9</ele>
    <time>2022-07-09T11:53:07Z</time>
   </trkpt>
   <trkpt lat="45.8221920" lon="6.6907850">
    <ele>2466.8</ele>
    <time>2022-07-09T11:53:08Z</time>
   </trkpt>
   <trkpt lat="45.8222110" lon="6.6908330">
    <ele>2466.6</ele>
    <time>2022-07-09T11:53:09Z</time>
   </trkpt>
   <trkpt lat="45.8222180" lon="6.6908490">
    <ele>2466.5</ele>
    <time>2022-07-09T11:53:10Z</time>
   </trkpt>
   <trkpt lat="45.8222410" lon="6.6908750">
    <ele>2466.3</ele>
    <time>2022-07-09T11:53:11Z</time>
   </trkpt>
   <trkpt lat="45.8222550" lon="6.6909140">
    <ele>2466.1</ele>
    <time>2022-07-09T11:53:12Z</time>
   </trkpt>
   <trkpt lat="45.8222850" lon="6.6909460">
    <ele>2465.9</ele>
    <time>2022-07-09T11:53:13Z</time>
   </trkpt>
   <trkpt lat="45.8223040" lon="6.6909760">
    <ele>2465.7</ele>
    <time>2022-07-09T11:53:14Z</time>
   </trkpt>
   <trkpt lat="45.8223220" lon="6.6910110">
    <ele>2465.5</ele>
    <time>2022-07-09T11:53:15Z</time>
   </trkpt>
   <trkpt lat="45.8223480" lon="6.6910390">
    <ele>2465.2</ele>
    <time>2022-07-09T11:53:16Z</time>
   </trkpt>
   <trkpt lat="45.8223840" lon="6.6910730">
    <ele>2464.9</ele>
    <time>2022-07-09T11:53:17Z</time>
   </trkpt>
   <trkpt lat="45.8224130" lon="6.6910900">
    <ele>2464.7</ele>
    <time>2022-07-09T11:53:18Z</time>
   </trkpt>
   <trkpt lat="45.8224400" lon="6.6911280">
    <ele>2464.5</ele>
    <time>2022-07-09T11:53:19Z</time>
   </trkpt>
   <trkpt lat="45.8224500" lon="6.6911410">
    <ele>2464.4</ele>
    <time>2022-07-09T11:53:20Z</time>
   </trkpt>
   <trkpt lat="45.8224590" lon="6.6911890">
    <ele>2464.3</ele>
    <time>2022-07-09T11:53:21Z</time>
   </trkpt>
   <trkpt lat="45.8224780" lon="6.6912260">
    <ele>2464.2</ele>
    <time>2022-07-09T11:53:22Z</time>
   </trkpt>
   <trkpt lat="45.8225010" lon="6.6912560">
    <ele>2464.1</ele>
    <time>2022-07-09T11:53:23Z</time>
   </trkpt>
   <trkpt lat="45.8225330" lon="6.6912820">
    <ele>2464.0</ele>
    <time>2022-07-09T11:53:24Z</time>
   </trkpt>
   <trkpt lat="45.8225680" lon="6.6912990">
    <ele>2463.9</ele>
    <time>2022-07-09T11:53:25Z</time>
   </trkpt>
   <trkpt lat="45.8225950" lon="6.6913200">
    <ele>2463.9</ele>
    <time>2022-07-09T11:53:26Z</time>
   </trkpt>
   <trkpt lat="45.8226250" lon="6.6913390">
    <ele>2463.8</ele>
    <time>2022-07-09T11:53:27Z</time>
   </trkpt>
   <trkpt lat="45.8226520" lon="6.6913510">
    <ele>2463.8</ele>
    <time>2022-07-09T11:53:28Z</time>
   </trkpt>
   <trkpt lat="45.8226850" lon="6.6913830">
    <ele>2463.7</ele>
    <time>2022-07-09T11:53:29Z</time>
   </trkpt>
   <trkpt lat="45.8226980" lon="6.6913890">
    <ele>2463.7</ele>
    <time>2022-07-09T11:53:30Z</time>
   </trkpt>
   <trkpt lat="45.8227250" lon="6.6914190">
    <ele>2463.6</ele>
    <time>2022-07-09T11:53:31Z</time>
   </trkpt>
   <trkpt lat="45.8227620" lon="6.6914310">
    <ele>2463.4</ele>
    <time>2022-07-09T11:53:32Z</time>
   </trkpt>
   <trkpt lat="45.8227880" lon="6.6914590">
    <ele>2463.3</ele>
    <time>2022-07-09T11:53:33Z</time>
   </trkpt>
   <trkpt lat="45.8228220" lon="6.6914770">
    <ele>2463.1</ele>
    <time>2022-07-09T11:53:34Z</time>
   </trkpt>
   <trkpt lat="45.8228530" lon="6.6914870">
    <ele>2462.9</ele>
    <time>2022-07-09T11:53:35Z</time>
   </trkpt>
   <trkpt lat="45.8228920" lon="6.6915100">
    <ele>2462.7</ele>
    <time>2022-07-09T11:53:36Z</time>
   </trkpt>
   <trkpt lat="45.8229240" lon="6.6915320">
    <ele>2462.5</ele>
    <time>2022-07-09T11:53:37Z</time>
   </trkpt>
   <trkpt lat="45.8229440" lon="6.6915670">
    <ele>2462.4</ele>
    <time>2022-07-09T11:53:38Z</time>
   </trkpt>
   <trkpt lat="45.8229690" lon="6.6916130">
    <ele>2462.2</ele>
    <time>2022-07-09T11:53:39Z</time>
   </trkpt>
   <trkpt lat="45.8230100" lon="6.6916270">
    <ele>2462.1</ele>
    <time>2022-07-09T11:53:40Z</time>
   </trkpt>
   <trkpt lat="45.8230250" lon="6.6916290">
    <ele>2462.0</ele>
    <time>2022-07-09T11:53:41Z</time>
   </trkpt>
   <trkpt lat="45.8230530" lon="6.6916470">
    <ele>2461.9</ele>
    <time>2022-07-09T11:53:42Z</time>
   </trkpt>
   <trkpt lat="45.8230910" lon="6.6916700">
    <ele>2461.7</ele>
    <time>2022-07-09T11:53:43Z</time>
   </trkpt>
   <trkpt lat="45.8231050" lon="6.6916780">
    <ele>2461.6</ele>
    <time>2022-07-09T11:53:44Z</time>
   </trkpt>
   <trkpt lat="45.8231360" lon="6.6916990">
    <ele>2461.4</ele>
    <time>2022-07-09T11:53:45Z</time>
   </trkpt>
   <trkpt lat="45.8231710" lon="6.6917140">
    <ele>2461.2</ele>
    <time>2022-07-09T11:53:46Z</time>
   </trkpt>
   <trkpt lat="45.8231920" lon="6.6917430">
    <ele>2461.1</ele>
    <time>2022-07-09T11:53:47Z</time>
   </trkpt>
   <trkpt lat="45.8232280" lon="6.6917660">
    <ele>2460.8</ele>
    <time>2022-07-09T11:53:48Z</time>
   </trkpt>
   <trkpt lat="45.8232640" lon="6.6917640">
    <ele>2460.5</ele>
    <time>2022-07-09T11:53:49Z</time>
   </trkpt>
   <trkpt lat="45.8232950" lon="6.6917550">
    <ele>2460.2</ele>
    <time>2022-07-09T11:53:50Z</time>
   </trkpt>
   <trkpt lat="45.8233310" lon="6.6917490">
    <ele>2459.9</ele>
    <time>2022-07-09T11:53:51Z</time>
   </trkpt>
   <trkpt lat="45.8233730" lon="6.6917640">
    <ele>2459.5</ele>
    <time>2022-07-09T11:53:52Z</time>
   </trkpt>
   <trkpt lat="45.8233890" lon="6.6917730">
    <ele>2459.4</ele>
    <time>2022-07-09T11:53:53Z</time>
   </trkpt>
   <trkpt lat="45.8234210" lon="6.6918040">
    <ele>2459.1</ele>
    <time>2022-07-09T11:53:54Z</time>
   </trkpt>
   <trkpt lat="45.8234320" lon="6.6918140">
    <ele>2459.0</ele>
    <time>2022-07-09T11:53:55Z</time>
   </trkpt>
   <trkpt lat="45.8234670" lon="6.6918240">
    <ele>2458.8</ele>
    <time>2022-07-09T11:53:56Z</time>
   </trkpt>
   <trkpt lat="45.8234810" lon="6.6918260">
    <ele>2458.7</ele>
    <time>2022-07-09T11:53:57Z</time>
   </trkpt>
   <trkpt lat="45.8235090" lon="6.6918240">
    <ele>2458.5</ele>
    <time>2022-07-09T11:53:58Z</time>
   </trkpt>
   <trkpt lat="45.8235510" lon="6.6918340">
    <ele>2458.3</ele>
    <time>2022-07-09T11:53:59Z</time>
   </trkpt>
   <trkpt lat="45.8235690" lon="6.6918370">
    <ele>2458.2</ele>
    <time>2022-07-09T11:54:00Z</time>
   </trkpt>
   <trkpt lat="45.8236070" lon="6.6918270">
    <ele>2458.0</ele>
    <time>2022-07-09T11:54:01Z</time>
   </trkpt>
   <trkpt lat="45.8236340" lon="6.6918480">
    <ele>2457.9</ele>
    <time>2022-07-09T11:54:02Z</time>
   </trkpt>
   <trkpt lat="45.8236610" lon="6.6918600">
    <ele>2457.8</ele>
    <time>2022-07-09T11:54:03Z</time>
   </trkpt>
   <trkpt lat="45.8236970" lon="6.6918520">
    <ele>2457.6</ele>
    <time>2022-07-09T11:54:04Z</time>
   </trkpt>
   <trkpt lat="45.8237150" lon="6.6918500">
    <ele>2457.5</ele>
    <time>2022-07-09T11:54:05Z</time>
   </trkpt>
   <trkpt lat="45.8237420" lon="6.6918420">
    <ele>2457.4</ele>
    <time>2022-07-09T11:54:06Z</time>
   </trkpt>
   <trkpt lat="45.8237760" lon="6.6918410">
    <ele>2457.2</ele>
    <time>2022-07-09T11:54:07Z</time>
   </trkpt>
   <trkpt lat="45.8238140" lon="6.6918440">
    <ele>2457.1</ele>
    <time>2022-07-09T11:54:08Z</time>
   </trkpt>
   <trkpt lat="45.8238290" lon="6.6918430">
    <ele>2457.0</ele>
    <time>2022-07-09T11:54:09Z</time>
   </trkpt>
   <trkpt lat="45.8238560" lon="6.6918450">
    <ele>2456.9</ele>
    <time>2022-07-09T11:54:10Z</time>
   </trkpt>
   <trkpt lat="45.8238880" lon="6.6918500">
    <ele>2456.8</ele>
    <time>2022-07-09T11:54:11Z</time>
   </trkpt>
   <trkpt lat="45.8239310" lon="6.6918600">
    <ele>2456.7</ele>
    <time>2022-07-09T11:54:12Z</time>
   </trkpt>
   <trkpt lat="45.8239490" lon="6.6918610">
    <ele>2456.6</ele>
    <time>2022-07-09T11:54:13Z</time>
   </trkpt>
   <trkpt lat="45.8239790" lon="6.6918650">
    <ele>2456.6</ele>
    <time>2022-07-09T11:54:14Z</time>
   </trkpt>
   <trkpt lat="45.8240190" lon="6.6918730">
    <ele>2456.5</ele>
    <time>2022-07-09T11:54:15Z</time>
   </trkpt>
   <trkpt lat="45.8240340" lon="6.6918760">
    <ele>2456.5</ele>
    <time>2022-07-09T11:54:16Z</time>
   </trkpt>
   <trkpt lat="45.8240720" lon="6.6918890">
    <ele>2456.6</ele>
    <time>2022-07-09T11:54:17Z</time>
   </trkpt>
   <trkpt lat="45.8240840" lon="6.6918920">
    <ele>2456.6</ele>
    <time>2022-07-09T11:54:18Z</time>
   </trkpt>
   <trkpt lat="45.8241140" lon="6.6918920">
    <ele>2456.6</ele>
    <time>2022-07-09T11:54:19Z</time>
   </trkpt>
   <trkpt lat="45.8241510" lon="6.6918800">
    <ele>2456.7</ele>
    <time>2022-07-09T11:54:20Z</time>
   </trkpt>
   <trkpt lat="45.8241820" lon="6.6918770">
    <ele>2456.8</ele>
    <time>2022-07-09T11:54:21Z</time>
   </trkpt>
   <trkpt lat="45.8242160" lon="6.6918870">
    <ele>2457.0</ele>
    <time>2022-07-09T11:54:22Z</time>
   </trkpt>
   <trkpt lat="45.8242440" lon="6.6919030">
    <ele>2457.1</ele>
    <time>2022-07-09T11:54:23Z</time>
   </trkpt>
   <trkpt lat="45.8242760" lon="6.6919180">
    <ele>2457.3</ele>
    <time>2022-07-09T11:54:24Z</time>
   </trkpt>
   <trkpt lat="45.8242890" lon="6.6919230">
    <ele>2457.4</ele>
    <time>2022-07-09T11:54:25Z</time>
   </trkpt>
   <trkpt lat="45.8243250" lon="6.6919470">
    <ele>2457.6</ele>
    <time>2022-07-09T11:54:26Z</time>
   </trkpt>
   <trkpt lat="45.8243370" lon="6.6919540">
    <ele>2457.7</ele>
    <time>2022-07-09T11:54:27Z</time>
   </trkpt>
   <trkpt lat="45.8243650" lon="6.6919630">
    <ele>2457.9</ele>
    <time>2022-07-09T11:54:28Z</time>
   </trkpt>
   <trkpt lat="45.8243960" lon="6.6919540">
    <ele>2458.1</ele>
    <time>2022-07-09T11:54:29Z</time>
   </trkpt>
   <trkpt lat="45.8244050" lon="6.6919510">
    <ele>2458.2</ele>
    <time>2022-07-09T11:54:30Z</time>
   </trkpt>
   <trkpt lat="45.8244350" lon="6.6919620">
    <ele>2458.4</ele>
    <time>2022-07-09T11:54:31Z</time>
   </trkpt>
   <trkpt lat="45.8244450" lon="6.6919650">
    <ele>2458.4</ele>
    <time>2022-07-09T11:54:32Z</time>
   </trkpt>
   <trkpt lat="45.8244660" lon="6.6919740">
    <ele>2458.6</ele>
    <time>2022-07-09T11:54:33Z</time>
   </trkpt>
   <trkpt lat="45.8244730" lon="6.6919790">
    <ele>2458.6</ele>
    <time>2022-07-09T11:54:34Z</time>
   </trkpt>
   <trkpt lat="45.8244790" lon="6.6919840">
    <ele>2458.7</ele>
    <time>2022-07-09T11:54:35Z</time>
   </trkpt>
   <trkpt lat="45.8244930" lon="6.6919950">
    <ele>2458.8</ele>
    <time>2022-07-09T11:54:36Z</time>
   </trkpt>
   <trkpt lat="45.8244990" lon="6.6919960">
    <ele>2458.8</ele>
    <time>2022-07-09T11:54:37Z</time>
   </trkpt>
   <trkpt lat="45.8245080" lon="6.6919980">
    <ele>2458.9</ele>
    <time>2022-07-09T11:54:38Z</time>
   </trkpt>
   <trkpt lat="45.8245170" lon="6.6920040">
    <ele>2459.0</ele>
    <time>2022-07-09T11:54:39Z</time>
   </trkpt>
   <trkpt lat="45.8245260" lon="6.6920000">
    <ele>2459.0</ele>
    <time>2022-07-09T11:54:40Z</time>
   </trkpt>
   <trkpt lat="45.8245330" lon="6.6920050">
    <ele>2459.1</ele>
    <time>2022-07-09T11:54:41Z</time>
   </trkpt>
   <trkpt lat="45.8245430" lon="6.6920050">
    <ele>2459.1</ele>
    <time>2022-07-09T11:54:42Z</time>
   </trkpt>
   <trkpt lat="45.8245490" lon="6.6920080">
    <ele>2459.2</ele>
    <time>2022-07-09T11:54:43Z</time>
   </trkpt>
   <trkpt lat="45.8245580" lon="6.6920030">
    <ele>2459.2</ele>
    <time>2022-07-09T11:54:44Z</time>
   </trkpt>
   <trkpt lat="45.8245640" lon="6.6919940">
    <ele>2459.3</ele>
    <time>2022-07-09T11:54:45Z</time>
   </trkpt>
   <trkpt lat="45.8245720" lon="6.6919850">
    <ele>2459.4</ele>
    <time>2022-07-09T11:54:46Z</time>
   </trkpt>
   <trkpt lat="45.8245930" lon="6.6919740">
    <ele>2459.5</ele>
    <time>2022-07-09T11:54:47Z</time>
   </trkpt>
   <trkpt lat="45.8246000" lon="6.6919710">
    <ele>2459.5</ele>
    <time>2022-07-09T11:54:48Z</time>
   </trkpt>
   <trkpt lat="45.8246070" lon="6.6919690">
    <ele>2459.6</ele>
    <time>2022-07-09T11:54:49Z</time>
   </trkpt>
   <trkpt lat="45.8246230" lon="6.6919660">
    <ele>2459.7</ele>
    <time>2022-07-09T11:54:50Z</time>
   </trkpt>
   <trkpt lat="45.8246300" lon="6.6919640">
    <ele>2459.8</ele>
    <time>2022-07-09T11:54:51Z</time>
   </trkpt>
   <trkpt lat="45.8246380" lon="6.6919630">
    <ele>2459.8</ele>
    <time>2022-07-09T11:54:52Z</time>
   </trkpt>
   <trkpt lat="45.8246460" lon="6.6919610">
    <ele>2459.9</ele>
    <time>2022-07-09T11:54:53Z</time>
   </trkpt>
   <trkpt lat="45.8246540" lon="6.6919640">
    <ele>2459.9</ele>
    <time>2022-07-09T11:54:54Z</time>
   </trkpt>
   <trkpt lat="45.8246610" lon="6.6919680">
    <ele>2460.0</ele>
    <time>2022-07-09T11:54:55Z</time>
   </trkpt>
   <trkpt lat="45.8246760" lon="6.6919670">
    <ele>2460.1</ele>
    <time>2022-07-09T11:54:56Z</time>
   </trkpt>
   <trkpt lat="45.8246820" lon="6.6919640">
    <ele>2460.1</ele>
    <time>2022-07-09T11:54:57Z</time>
   </trkpt>
   <trkpt lat="45.8247010" lon="6.6919630">
    <ele>2460.3</ele>
    <time>2022-07-09T11:54:58Z</time>
   </trkpt>
   <trkpt lat="45.8247100" lon="6.6919580">
    <ele>2460.4</ele>
    <time>2022-07-09T11:54:59Z</time>
   </trkpt>
   <trkpt lat="45.8247290" lon="6.6919460">
    <ele>2460.6</ele>
    <time>2022-07-09T11:55:00Z</time>
   </trkpt>
   <trkpt lat="45.8247370" lon="6.6919370">
    <ele>2460.7</ele>
    <time>2022-07-09T11:55:01Z</time>
   </trkpt>
   <trkpt lat="45.8247460" lon="6.6919290">
    <ele>2460.8</ele>
    <time>2022-07-09T11:55:02Z</time>
   </trkpt>
   <trkpt lat="45.8247650" lon="6.6919190">
    <ele>2461.0</ele>
    <time>2022-07-09T11:55:03Z</time>
   </trkpt>
   <trkpt lat="45.8247800" lon="6.6919190">
    <ele>2461.2</ele>
    <time>2022-07-09T11:55:04Z</time>
   </trkpt>
   <trkpt lat="45.8248070" lon="6.6919100">
    <ele>2461.5</ele>
    <time>2022-07-09T11:55:05Z</time>
   </trkpt>
   <trkpt lat="45.8248390" lon="6.6919040">
    <ele>2461.9</ele>
    <time>2022-07-09T11:55:06Z</time>
   </trkpt>
   <trkpt lat="45.8248560" lon="6.6919000">
    <ele>2462.1</ele>
    <time>2022-07-09T11:55:07Z</time>
   </trkpt>
   <trkpt lat="45.8248700" lon="6.6918930">
    <ele>2462.2</ele>
    <time>2022-07-09T11:55:08Z</time>
   </trkpt>
   <trkpt lat="45.8248780" lon="6.6918860">
    <ele>2462.3</ele>
    <time>2022-07-09T11:55:09Z</time>
   </trkpt>
   <trkpt lat="45.8248860" lon="6.6918780">
    <ele>2462.4</ele>
    <time>2022-07-09T11:55:10Z</time>
   </trkpt>
   <trkpt lat="45.8248940" lon="6.6918700">
    <ele>2462.6</ele>
    <time>2022-07-09T11:55:11Z</time>
   </trkpt>
   <trkpt lat="45.8249240" lon="6.6918800">
    <ele>2462.9</ele>
    <time>2022-07-09T11:55:12Z</time>
   </trkpt>
   <trkpt lat="45.8249330" lon="6.6918850">
    <ele>2463.0</ele>
    <time>2022-07-09T11:55:13Z</time>
   </trkpt>
   <trkpt lat="45.8249470" lon="6.6918910">
    <ele>2463.2</ele>
    <time>2022-07-09T11:55:14Z</time>
   </trkpt>
   <trkpt lat="45.8249560" lon="6.6918940">
    <ele>2463.3</ele>
    <time>2022-07-09T11:55:15Z</time>
   </trkpt>
   <trkpt lat="45.8249640" lon="6.6919020">
    <ele>2463.4</ele>
    <time>2022-07-09T11:55:16Z</time>
   </trkpt>
   <trkpt lat="45.8249600" lon="6.6919020">
    <ele>2463.4</ele>
    <time>2022-07-09T11:55:17Z</time>
   </trkpt>
   <trkpt lat="45.8249670" lon="6.6919080">
    <ele>2463.5</ele>
    <time>2022-07-09T11:55:18Z</time>
   </trkpt>
   <trkpt lat="45.8249760" lon="6.6919120">
    <ele>2463.6</ele>
    <time>2022-07-09T11:55:19Z</time>
   </trkpt>
   <trkpt lat="45.8249790" lon="6.6919180">
    <ele>2463.7</ele>
    <time>2022-07-09T11:55:20Z</time>
   </trkpt>
   <trkpt lat="45.8249890" lon="6.6919190">
    <ele>2463.8</ele>
    <time>2022-07-09T11:55:21Z</time>
   </trkpt>
   <trkpt lat="45.8249950" lon="6.6919090">
    <ele>2464.0</ele>
    <time>2022-07-09T11:55:22Z</time>
   </trkpt>
   <trkpt lat="45.8250070" lon="6.6919150">
    <ele>2464.1</ele>
    <time>2022-07-09T11:55:23Z</time>
   </trkpt>
   <trkpt lat="45.8250190" lon="6.6919230">
    <ele>2464.3</ele>
    <time>2022-07-09T11:55:24Z</time>
   </trkpt>
   <trkpt lat="45.8250330" lon="6.6919180">
    <ele>2464.5</ele>
    <time>2022-07-09T11:55:25Z</time>
   </trkpt>
   <trkpt lat="45.8250450" lon="6.6919100">
    <ele>2464.8</ele>
    <time>2022-07-09T11:55:26Z</time>
   </trkpt>
   <trkpt lat="45.8250530" lon="6.6919100">
    <ele>2464.9</ele>
    <time>2022-07-09T11:55:27Z</time>
   </trkpt>
   <trkpt lat="45.8250750" lon="6.6919210">
    <ele>2465.3</ele>
    <time>2022-07-09T11:55:28Z</time>
   </trkpt>
   <trkpt lat="45.8250830" lon="6.6919230">
    <ele>2465.5</ele>
    <time>2022-07-09T11:55:29Z</time>
   </trkpt>
   <trkpt lat="45.8250910" lon="6.6919240">
    <ele>2465.6</ele>
    <time>2022-07-09T11:55:30Z</time>
   </trkpt>
   <trkpt lat="45.8251090" lon="6.6919270">
    <ele>2466.0</ele>
    <time>2022-07-09T11:55:31Z</time>
   </trkpt>
   <trkpt lat="45.8251160" lon="6.6919280">
    <ele>2466.1</ele>
    <time>2022-07-09T11:55:32Z</time>
   </trkpt>
   <trkpt lat="45.8251240" lon="6.6919290">
    <ele>2466.3</ele>
    <time>2022-07-09T11:55:33Z</time>
   </trkpt>
   <trkpt lat="45.8251320" lon="6.6919310">
    <ele>2466.5</ele>
    <time>2022-07-09T11:55:34Z</time>
   </trkpt>
   <trkpt lat="45.8251500" lon="6.6919410">
    <ele>2467.0</ele>
    <time>2022-07-09T11:55:35Z</time>
   </trkpt>
   <trkpt lat="45.8251570" lon="6.6919440">
    <ele>2467.1</ele>
    <time>2022-07-09T11:55:36Z</time>
   </trkpt>
   <trkpt lat="45.8251630" lon="6.6919460">
    <ele>2467.3</ele>
    <time>2022-07-09T11:55:37Z</time>
   </trkpt>
   <trkpt lat="45.8251700" lon="6.6919490">
    <ele>2467.5</ele>
    <time>2022-07-09T11:55:38Z</time>
   </trkpt>
   <trkpt lat="45.8251800" lon="6.6919520">
    <ele>2467.8</ele>
    <time>2022-07-09T11:55:39Z</time>
   </trkpt>
   <trkpt lat="45.8251930" lon="6.6919590">
    <ele>2468.1</ele>
    <time>2022-07-09T11:55:40Z</time>
   </trkpt>
   <trkpt lat="45.8252020" lon="6.6919670">
    <ele>2468.4</ele>
    <time>2022-07-09T11:55:41Z</time>
   </trkpt>
   <trkpt lat="45.8252100" lon="6.6919710">
    <ele>2468.7</ele>
    <time>2022-07-09T11:55:42Z</time>
   </trkpt>
   <trkpt lat="45.8252160" lon="6.6919810">
    <ele>2468.9</ele>
    <time>2022-07-09T11:55:43Z</time>
   </trkpt>
   <trkpt lat="45.8252250" lon="6.6919920">
    <ele>2469.3</ele>
    <time>2022-07-09T11:55:44Z</time>
   </trkpt>
   <trkpt lat="45.8252390" lon="6.6920050">
    <ele>2469.7</ele>
    <time>2022-07-09T11:55:45Z</time>
   </trkpt>
   <trkpt lat="45.8252540" lon="6.6920110">
    <ele>2470.2</ele>
    <time>2022-07-09T11:55:46Z</time>
   </trkpt>
   <trkpt lat="45.8252780" lon="6.6920120">
    <ele>2470.9</ele>
    <time>2022-07-09T11:55:47Z</time>
   </trkpt>
   <trkpt lat="45.8252870" lon="6.6920110">
    <ele>2471.2</ele>
    <time>2022-07-09T11:55:48Z</time>
   </trkpt>
   <trkpt lat="45.8252950" lon="6.6920090">
    <ele>2471.5</ele>
    <time>2022-07-09T11:55:49Z</time>
   </trkpt>
   <trkpt lat="45.8253010" lon="6.6920140">
    <ele>2471.7</ele>
    <time>2022-07-09T11:55:50Z</time>
   </trkpt>
   <trkpt lat="45.8253120" lon="6.6920170">
    <ele>2472.1</ele>
    <time>2022-07-09T11:55:51Z</time>
   </trkpt>
   <trkpt lat="45.8253190" lon="6.6920220">
    <ele>2472.3</ele>
    <time>2022-07-09T11:55:52Z</time>
   </trkpt>
   <trkpt lat="45.8253240" lon="6.6920360">
    <ele>2472.7</ele>
    <time>2022-07-09T11:55:53Z</time>
   </trkpt>
   <trkpt lat="45.8253320" lon="6.6920470">
    <ele>2473.0</ele>
    <time>2022-07-09T11:55:54Z</time>
   </trkpt>
   <trkpt lat="45.8253390" lon="6.6920550">
    <ele>2473.4</ele>
    <time>2022-07-09T11:55:55Z</time>
   </trkpt>
   <trkpt lat="45.8253470" lon="6.6920610">
    <ele>2473.7</ele>
    <time>2022-07-09T11:55:56Z</time>
   </trkpt>
   <trkpt lat="45.8253570" lon="6.6920630">
    <ele>2474.0</ele>
    <time>2022-07-09T11:55:57Z</time>
   </trkpt>
   <trkpt lat="45.8253630" lon="6.6920720">
    <ele>2474.4</ele>
    <time>2022-07-09T11:55:58Z</time>
   </trkpt>
   <trkpt lat="45.8253690" lon="6.6920860">
    <ele>2474.8</ele>
    <time>2022-07-09T11:55:59Z</time>
   </trkpt>
   <trkpt lat="45.8253730" lon="6.6920950">
    <ele>2475.1</ele>
    <time>2022-07-09T11:56:00Z</time>
   </trkpt>
   <trkpt lat="45.8253790" lon="6.6921040">
    <ele>2475.4</ele>
    <time>2022-07-09T11:56:01Z</time>
   </trkpt>
   <trkpt lat="45.8253800" lon="6.6921110">
    <ele>2475.6</ele>
    <time>2022-07-09T11:56:02Z</time>
   </trkpt>
   <trkpt lat="45.8253870" lon="6.6921210">
    <ele>2476.0</ele>
    <time>2022-07-09T11:56:03Z</time>
   </trkpt>
   <trkpt lat="45.8253900" lon="6.6921190">
    <ele>2476.1</ele>
    <time>2022-07-09T11:56:04Z</time>
   </trkpt>
   <trkpt lat="45.8254040" lon="6.6921300">
    <ele>2476.7</ele>
    <time>2022-07-09T11:56:05Z</time>
   </trkpt>
   <trkpt lat="45.8254080" lon="6.6921350">
    <ele>2476.9</ele>
    <time>2022-07-09T11:56:06Z</time>
   </trkpt>
   <trkpt lat="45.8254130" lon="6.6921410">
    <ele>2477.2</ele>
    <time>2022-07-09T11:56:07Z</time>
   </trkpt>
   <trkpt lat="45.8254200" lon="6.6921490">
    <ele>2477.5</ele>
    <time>2022-07-09T11:56:08Z</time>
   </trkpt>
   <trkpt lat="45.8254320" lon="6.6921610">
    <ele>2478.1</ele>
    <time>2022-07-09T11:56:09Z</time>
   </trkpt>
   <trkpt lat="45.8254420" lon="6.6921670">
    <ele>2478.5</ele>
    <time>2022-07-09T11:56:10Z</time>
   </trkpt>
   <trkpt lat="45.8254460" lon="6.6921700">
    <ele>2478.7</ele>
    <time>2022-07-09T11:56:11Z</time>
   </trkpt>
   <trkpt lat="45.8254550" lon="6.6921720">
    <ele>2479.0</ele>
    <time>2022-07-09T11:56:12Z</time>
   </trkpt>
   <trkpt lat="45.8254730" lon="6.6921840">
    <ele>2479.8</ele>
    <time>2022-07-09T11:56:13Z</time>
   </trkpt>
   <trkpt lat="45.8254790" lon="6.6921870">
    <ele>2480.0</ele>
    <time>2022-07-09T11:56:14Z</time>
   </trkpt>
   <trkpt lat="45.8254880" lon="6.6921890">
    <ele>2480.4</ele>
    <time>2022-07-09T11:56:15Z</time>
   </trkpt>
   <trkpt lat="45.8254930" lon="6.6921960">
    <ele>2480.6</ele>
    <time>2022-07-09T11:56:16Z</time>
   </trkpt>
   <trkpt lat="45.8254980" lon="6.6922030">
    <ele>2480.9</ele>
    <time>2022-07-09T11:56:17Z</time>
   </trkpt>
   <trkpt lat="45.8255040" lon="6.6922160">
    <ele>2481.3</ele>
    <time>2022-07-09T11:56:18Z</time>
   </trkpt>
   <trkpt lat="45.8255010" lon="6.6922170">
    <ele>2481.4</ele>
    <time>2022-07-09T11:56:19Z</time>
   </trkpt>
   <trkpt lat="45.8255080" lon="6.6922200">
    <ele>2481.6</ele>
    <time>2022-07-09T11:56:20Z</time>
   </trkpt>
   <trkpt lat="45.8255130" lon="6.6922250">
    <ele>2481.8</ele>
    <time>2022-07-09T11:56:21Z</time>
   </trkpt>
   <trkpt lat="45.8255230" lon="6.6922380">
    <ele>2482.3</ele>
    <time>2022-07-09T11:56:22Z</time>
   </trkpt>
   <trkpt lat="45.8255300" lon="6.6922410">
    <ele>2481.1</ele>
    <time>2022-07-09T11:56:23Z</time>
   </trkpt>
   <trkpt lat="45.8255350" lon="6.6922450">
    <ele>2481.0</ele>
    <time>2022-07-09T11:56:24Z</time>
   </trkpt>
   <trkpt lat="45.8255420" lon="6.6922580">
    <ele>2480.8</ele>
    <time>2022-07-09T11:56:25Z</time>
   </trkpt>
   <trkpt lat="45.8255490" lon="6.6922560">
    <ele>2480.7</ele>
    <time>2022-07-09T11:56:26Z</time>
   </trkpt>
   <trkpt lat="45.8255460" lon="6.6922540">
    <ele>2480.6</ele>
    <time>2022-07-09T11:56:27Z</time>
   </trkpt>
   <trkpt lat="45.8255510" lon="6.6922540">
    <ele>2480.6</ele>
    <time>2022-07-09T11:56:28Z</time>
   </trkpt>
   <trkpt lat="45.8255540" lon="6.6922560">
    <ele>2480.5</ele>
    <time>2022-07-09T11:56:29Z</time>
   </trkpt>
   <trkpt lat="45.8255540" lon="6.6922530">
    <ele>2480.5</ele>
    <time>2022-07-09T11:56:30Z</time>
   </trkpt>
   <trkpt lat="45.8255540" lon="6.6922530">
    <ele>2480.5</ele>
    <time>2022-07-09T11:56:31Z</time>
   </trkpt>
   <trkpt lat="45.8255540" lon="6.6922530">
    <ele>2480.5</ele>
    <time>2022-07-09T11:56:32Z</time>
   </trkpt>
   <trkpt lat="45.8255490" lon="6.6922470">
    <ele>2480.4</ele>
    <time>2022-07-09T11:56:33Z</time>
   </trkpt>
   <trkpt lat="45.8255500" lon="6.6922430">
    <ele>2480.3</ele>
    <time>2022-07-09T11:56:34Z</time>
   </trkpt>
   <trkpt lat="45.8255480" lon="6.6922430">
    <ele>2480.3</ele>
    <time>2022-07-09T11:56:35Z</time>
   </trkpt>
   <trkpt lat="45.8255500" lon="6.6922380">
    <ele>2480.2</ele>
    <time>2022-07-09T11:56:36Z</time>
   </trkpt>
   <trkpt lat="45.8255580" lon="6.6922500">
    <ele>2480.0</ele>
    <time>2022-07-09T11:56:37Z</time>
   </trkpt>
   <trkpt lat="45.8255550" lon="6.6922460">
    <ele>2480.0</ele>
    <time>2022-07-09T11:56:38Z</time>
   </trkpt>
   <trkpt lat="45.8255610" lon="6.6922450">
    <ele>2479.9</ele>
    <time>2022-07-09T11:56:39Z</time>
   </trkpt>
   <trkpt lat="45.8255760" lon="6.6922330">
    <ele>2479.6</ele>
    <time>2022-07-09T11:56:40Z</time>
   </trkpt>
   <trkpt lat="45.8255850" lon="6.6922320">
    <ele>2479.5</ele>
    <time>2022-07-09T11:56:41Z</time>
   </trkpt>
   <trkpt lat="45.8255920" lon="6.6922250">
    <ele>2479.4</ele>
    <time>2022-07-09T11:56:42Z</time>
   </trkpt>
   <trkpt lat="45.8256100" lon="6.6922240">
    <ele>2479.1</ele>
    <time>2022-07-09T11:56:43Z</time>
   </trkpt>
   <trkpt lat="45.8256130" lon="6.6922200">
    <ele>2479.1</ele>
    <time>2022-07-09T11:56:44Z</time>
   </trkpt>
   <trkpt lat="45.8256170" lon="6.6922020">
    <ele>2478.9</ele>
    <time>2022-07-09T11:56:45Z</time>
   </trkpt>
   <trkpt lat="45.8256220" lon="6.6922010">
    <ele>2478.8</ele>
    <time>2022-07-09T11:56:46Z</time>
   </trkpt>
   <trkpt lat="45.8256190" lon="6.6922090">
    <ele>2478.8</ele>
    <time>2022-07-09T11:56:47Z</time>
   </trkpt>
   <trkpt lat="45.8256270" lon="6.6922060">
    <ele>2478.7</ele>
    <time>2022-07-09T11:56:48Z</time>
   </trkpt>
   <trkpt lat="45.8256370" lon="6.6922040">
    <ele>2478.5</ele>
    <time>2022-07-09T11:56:49Z</time>
   </trkpt>
   <trkpt lat="45.8256520" lon="6.6922100">
    <ele>2478.4</ele>
    <time>2022-07-09T11:56:50Z</time>
   </trkpt>
   <trkpt lat="45.8256560" lon="6.6922110">
    <ele>2478.3</ele>
    <time>2022-07-09T11:56:51Z</time>
   </trkpt>
   <trkpt lat="45.8256600" lon="6.6922120">
    <ele>2478.3</ele>
    <time>2022-07-09T11:56:52Z</time>
   </trkpt>
   <trkpt lat="45.8256640" lon="6.6922130">
    <ele>2478.2</ele>
    <time>2022-07-09T11:56:53Z</time>
   </trkpt>
   <trkpt lat="45.8256680" lon="6.6922140">
    <ele>2478.2</ele>
    <time>2022-07-09T11:56:54Z</time>
   </trkpt>
   <trkpt lat="45.8256720" lon="6.6922140">
    <ele>2478.1</ele>
    <time>2022-07-09T11:56:55Z</time>
   </trkpt>
   <trkpt lat="45.8256760" lon="6.6922150">
    <ele>2478.1</ele>
    <time>2022-07-09T11:56:56Z</time>
   </trkpt>
   <trkpt lat="45.8256790" lon="6.6922160">
    <ele>2478.0</ele>
    <time>2022-07-09T11:56:57Z</time>
   </trkpt>
   <trkpt lat="45.8256990" lon="6.6922090">
    <ele>2477.8</ele>
    <time>2022-07-09T11:56:58Z</time>
   </trkpt>
   <trkpt lat="45.8257110" lon="6.6922130">
    <ele>2477.7</ele>
    <time>2022-07-09T11:56:59Z</time>
   </trkpt>
   <trkpt lat="45.8257290" lon="6.6922170">
    <ele>2477.4</ele>
    <time>2022-07-09T11:57:00Z</time>
   </trkpt>
   <trkpt lat="45.8257420" lon="6.6922180">
    <ele>2477.3</ele>
    <time>2022-07-09T11:57:01Z</time>
   </trkpt>
   <trkpt lat="45.8257520" lon="6.6922240">
    <ele>2477.2</ele>
    <time>2022-07-09T11:57:02Z</time>
   </trkpt>
   <trkpt lat="45.8257670" lon="6.6922350">
    <ele>2477.0</ele>
    <time>2022-07-09T11:57:03Z</time>
   </trkpt>
   <trkpt lat="45.8258000" lon="6.6922370">
    <ele>2476.6</ele>
    <time>2022-07-09T11:57:04Z</time>
   </trkpt>
   <trkpt lat="45.8258130" lon="6.6922320">
    <ele>2476.4</ele>
    <time>2022-07-09T11:57:05Z</time>
   </trkpt>
   <trkpt lat="45.8258410" lon="6.6922480">
    <ele>2476.0</ele>
    <time>2022-07-09T11:57:06Z</time>
   </trkpt>
   <trkpt lat="45.8258500" lon="6.6922550">
    <ele>2475.9</ele>
    <time>2022-07-09T11:57:07Z</time>
   </trkpt>
   <trkpt lat="45.8258700" lon="6.6922540">
    <ele>2475.6</ele>
    <time>2022-07-09T11:57:08Z</time>
   </trkpt>
   <trkpt lat="45.8258860" lon="6.6922580">
    <ele>2475.4</ele>
    <time>2022-07-09T11:57:09Z</time>
   </trkpt>
   <trkpt lat="45.8259020" lon="6.6922560">
    <ele>2475.2</ele>
    <time>2022-07-09T11:57:10Z</time>
   </trkpt>
   <trkpt lat="45.8259150" lon="6.6922570">
    <ele>2475.0</ele>
    <time>2022-07-09T11:57:11Z</time>
   </trkpt>
   <trkpt lat="45.8259480" lon="6.6922570">
    <ele>2474.5</ele>
    <time>2022-07-09T11:57:12Z</time>
   </trkpt>
   <trkpt lat="45.8259550" lon="6.6922610">
    <ele>2474.4</ele>
    <time>2022-07-09T11:57:13Z</time>
   </trkpt>
   <trkpt lat="45.8259870" lon="6.6922720">
    <ele>2473.8</ele>
    <time>2022-07-09T11:57:14Z</time>
   </trkpt>
   <trkpt lat="45.8259990" lon="6.6922800">
    <ele>2473.6</ele>
    <time>2022-07-09T11:57:15Z</time>
   </trkpt>
   <trkpt lat="45.8260270" lon="6.6922910">
    <ele>2473.0</ele>
    <time>2022-07-09T11:57:16Z</time>
   </trkpt>
   <trkpt lat="45.8260440" lon="6.6922980">
    <ele>2472.7</ele>
    <time>2022-07-09T11:57:17Z</time>
   </trkpt>
   <trkpt lat="45.8260560" lon="6.6923080">
    <ele>2472.4</ele>
    <time>2022-07-09T11:57:18Z</time>
   </trkpt>
   <trkpt lat="45.8260740" lon="6.6923060">
    <ele>2472.1</ele>
    <time>2022-07-09T11:57:19Z</time>
   </trkpt>
   <trkpt lat="45.8261060" lon="6.6922990">
    <ele>2471.4</ele>
    <time>2022-07-09T11:57:20Z</time>
   </trkpt>
   <trkpt lat="45.8261190" lon="6.6922970">
    <ele>2471.1</ele>
    <time>2022-07-09T11:57:21Z</time>
   </trkpt>
   <trkpt lat="45.8261290" lon="6.6923090">
    <ele>2470.9</ele>
    <time>2022-07-09T11:57:22Z</time>
   </trkpt>
   <trkpt lat="45.8261420" lon="6.6922970">
    <ele>2470.6</ele>
    <time>2022-07-09T11:57:23Z</time>
   </trkpt>
   <trkpt lat="45.8261500" lon="6.6922900">
    <ele>2470.4</ele>
    <time>2022-07-09T11:57:24Z</time>
   </trkpt>
   <trkpt lat="45.8261620" lon="6.6922880">
    <ele>2470.1</ele>
    <time>2022-07-09T11:57:25Z</time>
   </trkpt>
   <trkpt lat="45.8261840" lon="6.6922910">
    <ele>2469.7</ele>
    <time>2022-07-09T11:57:26Z</time>
   </trkpt>
   <trkpt lat="45.8261990" lon="6.6922880">
    <ele>2469.4</ele>
    <time>2022-07-09T11:57:27Z</time>
   </trkpt>
   <trkpt lat="45.8262080" lon="6.6922830">
    <ele>2469.2</ele>
    <time>2022-07-09T11:57:28Z</time>
   </trkpt>
   <trkpt lat="45.8262170" lon="6.6922850">
    <ele>2469.0</ele>
    <time>2022-07-09T11:57:29Z</time>
   </trkpt>
   <trkpt lat="45.8262300" lon="6.6922840">
    <ele>2468.8</ele>
    <time>2022-07-09T11:57:30Z</time>
   </trkpt>
   <trkpt lat="45.8262440" lon="6.6922870">
    <ele>2468.5</ele>
    <time>2022-07-09T11:57:31Z</time>
   </trkpt>
   <trkpt lat="45.8262610" lon="6.6922790">
    <ele>2468.2</ele>
    <time>2022-07-09T11:57:32Z</time>
   </trkpt>
   <trkpt lat="45.8262710" lon="6.6922700">
    <ele>2468.0</ele>
    <time>2022-07-09T11:57:33Z</time>
   </trkpt>
   <trkpt lat="45.8263030" lon="6.6922740">
    <ele>2467.4</ele>
    <time>2022-07-09T11:57:34Z</time>
   </trkpt>
   <trkpt lat="45.8263130" lon="6.6922810">
    <ele>2467.2</ele>
    <time>2022-07-09T11:57:35Z</time>
   </trkpt>
   <trkpt lat="45.8263360" lon="6.6922880">
    <ele>2466.8</ele>
    <time>2022-07-09T11:57:36Z</time>
   </trkpt>
   <trkpt lat="45.8263470" lon="6.6922870">
    <ele>2466.7</ele>
    <time>2022-07-09T11:57:37Z</time>
   </trkpt>
   <trkpt lat="45.8263590" lon="6.6922870">
    <ele>2466.5</ele>
    <time>2022-07-09T11:57:38Z</time>
   </trkpt>
   <trkpt lat="45.8263960" lon="6.6922800">
    <ele>2465.9</ele>
    <time>2022-07-09T11:57:39Z</time>
   </trkpt>
   <trkpt lat="45.8264080" lon="6.6922760">
    <ele>2465.8</ele>
    <time>2022-07-09T11:57:40Z</time>
   </trkpt>
   <trkpt lat="45.8264380" lon="6.6922860">
    <ele>2465.3</ele>
    <time>2022-07-09T11:57:41Z</time>
   </trkpt>
   <trkpt lat="45.8264490" lon="6.6922890">
    <ele>2465.2</ele>
    <time>2022-07-09T11:57:42Z</time>
   </trkpt>
   <trkpt lat="45.8264620" lon="6.6922850">
    <ele>2465.0</ele>
    <time>2022-07-09T11:57:43Z</time>
   </trkpt>
   <trkpt lat="45.8264850" lon="6.6922880">
    <ele>2464.7</ele>
    <time>2022-07-09T11:57:44Z</time>
   </trkpt>
   <trkpt lat="45.8265240" lon="6.6922900">
    <ele>2464.2</ele>
    <time>2022-07-09T11:57:45Z</time>
   </trkpt>
   <trkpt lat="45.8265380" lon="6.6922950">
    <ele>2464.0</ele>
    <time>2022-07-09T11:57:46Z</time>
   </trkpt>
   <trkpt lat="45.8265650" lon="6.6923050">
    <ele>2463.7</ele>
    <time>2022-07-09T11:57:47Z</time>
   </trkpt>
   <trkpt lat="45.8265910" lon="6.6923260">
    <ele>2463.3</ele>
    <time>2022-07-09T11:57:48Z</time>
   </trkpt>
   <trkpt lat="45.8266210" lon="6.6923500">
    <ele>2462.9</ele>
    <time>2022-07-09T11:57:49Z</time>
   </trkpt>
   <trkpt lat="45.8266330" lon="6.6923570">
    <ele>2462.7</ele>
    <time>2022-07-09T11:57:50Z</time>
   </trkpt>
   <trkpt lat="45.8266470" lon="6.6923680">
    <ele>2462.5</ele>
    <time>2022-07-09T11:57:51Z</time>
   </trkpt>
   <trkpt lat="45.8266630" lon="6.6923760">
    <ele>2462.3</ele>
    <time>2022-07-09T11:57:52Z</time>
   </trkpt>
   <trkpt lat="45.8266930" lon="6.6923810">
    <ele>2461.8</ele>
    <time>2022-07-09T11:57:53Z</time>
   </trkpt>
   <trkpt lat="45.8266990" lon="6.6923870">
    <ele>2461.7</ele>
    <time>2022-07-09T11:57:54Z</time>
   </trkpt>
   <trkpt lat="45.8267160" lon="6.6923810">
    <ele>2461.4</ele>
    <time>2022-07-09T11:57:55Z</time>
   </trkpt>
   <trkpt lat="45.8267300" lon="6.6923770">
    <ele>2461.2</ele>
    <time>2022-07-09T11:57:56Z</time>
   </trkpt>
   <trkpt lat="45.8267570" lon="6.6923850">
    <ele>2460.8</ele>
    <time>2022-07-09T11:57:57Z</time>
   </trkpt>
   <trkpt lat="45.8267820" lon="6.6924100">
    <ele>2460.2</ele>
    <time>2022-07-09T11:57:58Z</time>
   </trkpt>
   <trkpt lat="45.8267970" lon="6.6924130">
    <ele>2460.0</ele>
    <time>2022-07-09T11:57:59Z</time>
   </trkpt>
   <trkpt lat="45.8268200" lon="6.6924360">
    <ele>2459.5</ele>
    <time>2022-07-09T11:58:00Z</time>
   </trkpt>
   <trkpt lat="45.8268420" lon="6.6924580">
    <ele>2459.0</ele>
    <time>2022-07-09T11:58:01Z</time>
   </trkpt>
   <trkpt lat="45.8268710" lon="6.6924540">
    <ele>2458.4</ele>
    <time>2022-07-09T11:58:02Z</time>
   </trkpt>
   <trkpt lat="45.8268820" lon="6.6924410">
    <ele>2458.2</ele>
    <time>2022-07-09T11:58:03Z</time>
   </trkpt>
   <trkpt lat="45.8268920" lon="6.6924280">
    <ele>2457.9</ele>
    <time>2022-07-09T11:58:04Z</time>
   </trkpt>
   <trkpt lat="45.8269010" lon="6.6924310">
    <ele>2457.5</ele>
    <time>2022-07-09T11:58:05Z</time>
   </trkpt>
   <trkpt lat="45.8269200" lon="6.6924450">
    <ele>2456.6</ele>
    <time>2022-07-09T11:58:06Z</time>
   </trkpt>
   <trkpt lat="45.8269410" lon="6.6924760">
    <ele>2455.4</ele>
    <time>2022-07-09T11:58:07Z</time>
   </trkpt>
   <trkpt lat="45.8269510" lon="6.6924790">
    <ele>2454.9</ele>
    <time>2022-07-09T11:58:08Z</time>
   </trkpt>
   <trkpt lat="45.8269800" lon="6.6924800">
    <ele>2453.7</ele>
    <time>2022-07-09T11:58:09Z</time>
   </trkpt>
   <trkpt lat="45.8269900" lon="6.6924810">
    <ele>2453.2</ele>
    <time>2022-07-09T11:58:10Z</time>
   </trkpt>
   <trkpt lat="45.8270050" lon="6.6924930">
    <ele>2452.4</ele>
    <time>2022-07-09T11:58:11Z</time>
   </trkpt>
   <trkpt lat="45.8270190" lon="6.6925050">
    <ele>2451.7</ele>
    <time>2022-07-09T11:58:12Z</time>
   </trkpt>
   <trkpt lat="45.8270360" lon="6.6925010">
    <ele>2450.9</ele>
    <time>2022-07-09T11:58:13Z</time>
   </trkpt>
   <trkpt lat="45.8270490" lon="6.6924990">
    <ele>2450.3</ele>
    <time>2022-07-09T11:58:14Z</time>
   </trkpt>
   <trkpt lat="45.8270770" lon="6.6925140">
    <ele>2448.9</ele>
    <time>2022-07-09T11:58:15Z</time>
   </trkpt>
   <trkpt lat="45.8270860" lon="6.6925150">
    <ele>2448.5</ele>
    <time>2022-07-09T11:58:16Z</time>
   </trkpt>
   <trkpt lat="45.8271130" lon="6.6925200">
    <ele>2447.2</ele>
    <time>2022-07-09T11:58:17Z</time>
   </trkpt>
   <trkpt lat="45.8271230" lon="6.6925240">
    <ele>2446.7</ele>
    <time>2022-07-09T11:58:18Z</time>
   </trkpt>
   <trkpt lat="45.8271530" lon="6.6925310">
    <ele>2445.3</ele>
    <time>2022-07-09T11:58:19Z</time>
   </trkpt>
   <trkpt lat="45.8271640" lon="6.6925310">
    <ele>2444.8</ele>
    <time>2022-07-09T11:58:20Z</time>
   </trkpt>
   <trkpt lat="45.8271950" lon="6.6925550">
    <ele>2443.2</ele>
    <time>2022-07-09T11:58:21Z</time>
   </trkpt>
   <trkpt lat="45.8272040" lon="6.6925620">
    <ele>2442.7</ele>
    <time>2022-07-09T11:58:22Z</time>
   </trkpt>
   <trkpt lat="45.8272390" lon="6.6925800">
    <ele>2441.0</ele>
    <time>2022-07-09T11:58:23Z</time>
   </trkpt>
   <trkpt lat="45.8272520" lon="6.6925860">
    <ele>2440.4</ele>
    <time>2022-07-09T11:58:24Z</time>
   </trkpt>
   <trkpt lat="45.8272660" lon="6.6925820">
    <ele>2439.7</ele>
    <time>2022-07-09T11:58:25Z</time>
   </trkpt>
   <trkpt lat="45.8272780" lon="6.6925800">
    <ele>2439.2</ele>
    <time>2022-07-09T11:58:26Z</time>
   </trkpt>
   <trkpt lat="45.8272780" lon="6.6925650">
    <ele>2438.7</ele>
    <time>2022-07-09T11:58:27Z</time>
   </trkpt>
   <trkpt lat="45.8272900" lon="6.6925660">
    <ele>2438.2</ele>
    <time>2022-07-09T11:58:28Z</time>
   </trkpt>
   <trkpt lat="45.8273100" lon="6.6925890">
    <ele>2437.1</ele>
    <time>2022-07-09T11:58:29Z</time>
   </trkpt>
   <trkpt lat="45.8273290" lon="6.6926170">
    <ele>2435.9</ele>
    <time>2022-07-09T11:58:30Z</time>
   </trkpt>
   <trkpt lat="45.8273370" lon="6.6926280">
    <ele>2435.4</ele>
    <time>2022-07-09T11:58:31Z</time>
   </trkpt>
   <trkpt lat="45.8273640" lon="6.6926440">
    <ele>2434.2</ele>
    <time>2022-07-09T11:58:32Z</time>
   </trkpt>
   <trkpt lat="45.8273720" lon="6.6926480">
    <ele>2433.9</ele>
    <time>2022-07-09T11:58:33Z</time>
   </trkpt>
   <trkpt lat="45.8273850" lon="6.6926280">
    <ele>2433.1</ele>
    <time>2022-07-09T11:58:34Z</time>
   </trkpt>
   <trkpt lat="45.8273900" lon="6.6926130">
    <ele>2432.6</ele>
    <time>2022-07-09T11:58:35Z</time>
   </trkpt>
   <trkpt lat="45.8273960" lon="6.6926070">
    <ele>2432.3</ele>
    <time>2022-07-09T11:58:36Z</time>
   </trkpt>
   <trkpt lat="45.8274100" lon="6.6926110">
    <ele>2431.7</ele>
    <time>2022-07-09T11:58:37Z</time>
   </trkpt>
   <trkpt lat="45.8274150" lon="6.6926170">
    <ele>2431.4</ele>
    <time>2022-07-09T11:58:38Z</time>
   </trkpt>
   <trkpt lat="45.8274210" lon="6.6926130">
    <ele>2431.2</ele>
    <time>2022-07-09T11:58:39Z</time>
   </trkpt>
   <trkpt lat="45.8274390" lon="6.6926150">
    <ele>2430.5</ele>
    <time>2022-07-09T11:58:40Z</time>
   </trkpt>
   <trkpt lat="45.8274550" lon="6.6926160">
    <ele>2429.8</ele>
    <time>2022-07-09T11:58:41Z</time>
   </trkpt>
   <trkpt lat="45.8274720" lon="6.6926240">
    <ele>2429.1</ele>
    <time>2022-07-09T11:58:42Z</time>
   </trkpt>
   <trkpt lat="45.8274880" lon="6.6926200">
    <ele>2428.4</ele>
    <time>2022-07-09T11:58:43Z</time>
   </trkpt>
   <trkpt lat="45.8275040" lon="6.6926230">
    <ele>2427.8</ele>
    <time>2022-07-09T11:58:44Z</time>
   </trkpt>
   <trkpt lat="45.8275200" lon="6.6926420">
    <ele>2426.9</ele>
    <time>2022-07-09T11:58:45Z</time>
   </trkpt>
   <trkpt lat="45.8275350" lon="6.6926400">
    <ele>2426.3</ele>
    <time>2022-07-09T11:58:46Z</time>
   </trkpt>
   <trkpt lat="45.8275460" lon="6.6926290">
    <ele>2425.8</ele>
    <time>2022-07-09T11:58:47Z</time>
   </trkpt>
   <trkpt lat="45.8275660" lon="6.6926290">
    <ele>2425.0</ele>
    <time>2022-07-09T11:58:48Z</time>
   </trkpt>
   <trkpt lat="45.8275760" lon="6.6926330">
    <ele>2424.6</ele>
    <time>2022-07-09T11:58:49Z</time>
   </trkpt>
   <trkpt lat="45.8275860" lon="6.6926380">
    <ele>2424.2</ele>
    <time>2022-07-09T11:58:50Z</time>
   </trkpt>
   <trkpt lat="45.8276070" lon="6.6926450">
    <ele>2423.3</ele>
    <time>2022-07-09T11:58:51Z</time>
   </trkpt>
   <trkpt lat="45.8276180" lon="6.6926430">
    <ele>2422.9</ele>
    <time>2022-07-09T11:58:52Z</time>
   </trkpt>
   <trkpt lat="45.8276280" lon="6.6926400">
    <ele>2422.5</ele>
    <time>2022-07-09T11:58:53Z</time>
   </trkpt>
   <trkpt lat="45.8276430" lon="6.6926490">
    <ele>2421.9</ele>
    <time>2022-07-09T11:58:54Z</time>
   </trkpt>
   <trkpt lat="45.8276600" lon="6.6926590">
    <ele>2421.2</ele>
    <time>2022-07-09T11:58:55Z</time>
   </trkpt>
   <trkpt lat="45.8276810" lon="6.6926850">
    <ele>2420.1</ele>
    <time>2022-07-09T11:58:56Z</time>
   </trkpt>
   <trkpt lat="45.8276900" lon="6.6926900">
    <ele>2419.7</ele>
    <time>2022-07-09T11:58:57Z</time>
   </trkpt>
   <trkpt lat="45.8277070" lon="6.6926880">
    <ele>2419.0</ele>
    <time>2022-07-09T11:58:58Z</time>
   </trkpt>
   <trkpt lat="45.8277230" lon="6.6926870">
    <ele>2418.4</ele>
    <time>2022-07-09T11:58:59Z</time>
   </trkpt>
   <trkpt lat="45.8277440" lon="6.6927140">
    <ele>2417.2</ele>
    <time>2022-07-09T11:59:00Z</time>
   </trkpt>
   <trkpt lat="45.8277500" lon="6.6927230">
    <ele>2416.9</ele>
    <time>2022-07-09T11:59:01Z</time>
   </trkpt>
   <trkpt lat="45.8277630" lon="6.6927270">
    <ele>2416.4</ele>
    <time>2022-07-09T11:59:02Z</time>
   </trkpt>
   <trkpt lat="45.8277730" lon="6.6927240">
    <ele>2415.9</ele>
    <time>2022-07-09T11:59:03Z</time>
   </trkpt>
   <trkpt lat="45.8277810" lon="6.6927310">
    <ele>2415.6</ele>
    <time>2022-07-09T11:59:04Z</time>
   </trkpt>
   <trkpt lat="45.8278030" lon="6.6927410">
    <ele>2414.6</ele>
    <time>2022-07-09T11:59:05Z</time>
   </trkpt>
   <trkpt lat="45.8278140" lon="6.6927400">
    <ele>2414.2</ele>
    <time>2022-07-09T11:59:06Z</time>
   </trkpt>
   <trkpt lat="45.8278250" lon="6.6927390">
    <ele>2413.8</ele>
    <time>2022-07-09T11:59:07Z</time>
   </trkpt>
   <trkpt lat="45.8278380" lon="6.6927530">
    <ele>2413.1</ele>
    <time>2022-07-09T11:59:08Z</time>
   </trkpt>
   <trkpt lat="45.8278490" lon="6.6927760">
    <ele>2412.3</ele>
    <time>2022-07-09T11:59:09Z</time>
   </trkpt>
   <trkpt lat="45.8278630" lon="6.6927870">
    <ele>2411.7</ele>
    <time>2022-07-09T11:59:10Z</time>
   </trkpt>
   <trkpt lat="45.8278800" lon="6.6927890">
    <ele>2411.0</ele>
    <time>2022-07-09T11:59:11Z</time>
   </trkpt>
   <trkpt lat="45.8279060" lon="6.6927730">
    <ele>2409.9</ele>
    <time>2022-07-09T11:59:12Z</time>
   </trkpt>
   <trkpt lat="45.8279140" lon="6.6927690">
    <ele>2409.6</ele>
    <time>2022-07-09T11:59:13Z</time>
   </trkpt>
   <trkpt lat="45.8279280" lon="6.6927730">
    <ele>2409.1</ele>
    <time>2022-07-09T11:59:14Z</time>
   </trkpt>
   <trkpt lat="45.8279430" lon="6.6927950">
    <ele>2408.3</ele>
    <time>2022-07-09T11:59:15Z</time>
   </trkpt>
   <trkpt lat="45.8279570" lon="6.6928040">
    <ele>2407.7</ele>
    <time>2022-07-09T11:59:16Z</time>
   </trkpt>
   <trkpt lat="45.8279710" lon="6.6928160">
    <ele>2407.1</ele>
    <time>2022-07-09T11:59:17Z</time>
   </trkpt>
   <trkpt lat="45.8279990" lon="6.6928220">
    <ele>2406.1</ele>
    <time>2022-07-09T11:59:18Z</time>
   </trkpt>
   <trkpt lat="45.8280090" lon="6.6928230">
    <ele>2405.7</ele>
    <time>2022-07-09T11:59:19Z</time>
   </trkpt>
   <trkpt lat="45.8280250" lon="6.6928230">
    <ele>2405.2</ele>
    <time>2022-07-09T11:59:20Z</time>
   </trkpt>
   <trkpt lat="45.8280410" lon="6.6928250">
    <ele>2404.6</ele>
    <time>2022-07-09T11:59:21Z</time>
   </trkpt>
   <trkpt lat="45.8280590" lon="6.6928350">
    <ele>2404.0</ele>
    <time>2022-07-09T11:59:22Z</time>
   </trkpt>
   <trkpt lat="45.8280700" lon="6.6928560">
    <ele>2403.3</ele>
    <time>2022-07-09T11:59:23Z</time>
   </trkpt>
   <trkpt lat="45.8280880" lon="6.6928560">
    <ele>2402.7</ele>
    <time>2022-07-09T11:59:24Z</time>
   </trkpt>
   <trkpt lat="45.8281060" lon="6.6928530">
    <ele>2402.1</ele>
    <time>2022-07-09T11:59:25Z</time>
   </trkpt>
   <trkpt lat="45.8281240" lon="6.6928570">
    <ele>2401.5</ele>
    <time>2022-07-09T11:59:26Z</time>
   </trkpt>
   <trkpt lat="45.8281380" lon="6.6928620">
    <ele>2401.0</ele>
    <time>2022-07-09T11:59:27Z</time>
   </trkpt>
   <trkpt lat="45.8281670" lon="6.6928640">
    <ele>2400.1</ele>
    <time>2022-07-09T11:59:28Z</time>
   </trkpt>
   <trkpt lat="45.8281750" lon="6.6928670">
    <ele>2399.8</ele>
    <time>2022-07-09T11:59:29Z</time>
   </trkpt>
   <trkpt lat="45.8282030" lon="6.6928820">
    <ele>2398.8</ele>
    <time>2022-07-09T11:59:30Z</time>
   </trkpt>
   <trkpt lat="45.8282110" lon="6.6928940">
    <ele>2398.5</ele>
    <time>2022-07-09T11:59:31Z</time>
   </trkpt>
   <trkpt lat="45.8282300" lon="6.6929270">
    <ele>2397.5</ele>
    <time>2022-07-09T11:59:32Z</time>
   </trkpt>
   <trkpt lat="45.8282360" lon="6.6929360">
    <ele>2397.2</ele>
    <time>2022-07-09T11:59:33Z</time>
   </trkpt>
   <trkpt lat="45.8282560" lon="6.6929660">
    <ele>2396.2</ele>
    <time>2022-07-09T11:59:34Z</time>
   </trkpt>
   <trkpt lat="45.8282640" lon="6.6929740">
    <ele>2395.9</ele>
    <time>2022-07-09T11:59:35Z</time>
   </trkpt>
   <trkpt lat="45.8282920" lon="6.6929960">
    <ele>2394.9</ele>
    <time>2022-07-09T11:59:36Z</time>
   </trkpt>
   <trkpt lat="45.8283010" lon="6.6930030">
    <ele>2394.6</ele>
    <time>2022-07-09T11:59:37Z</time>
   </trkpt>
   <trkpt lat="45.8283260" lon="6.6930260">
    <ele>2393.6</ele>
    <time>2022-07-09T11:59:38Z</time>
   </trkpt>
   <trkpt lat="45.8283340" lon="6.6930350">
    <ele>2393.2</ele>
    <time>2022-07-09T11:59:39Z</time>
   </trkpt>
   <trkpt lat="45.8283630" lon="6.6930350">
    <ele>2392.3</ele>
    <time>2022-07-09T11:59:40Z</time>
   </trkpt>
   <trkpt lat="45.8283730" lon="6.6930310">
    <ele>2392.0</ele>
    <time>2022-07-09T11:59:41Z</time>
   </trkpt>
   <trkpt lat="45.8284020" lon="6.6930260">
    <ele>2391.0</ele>
    <time>2022-07-09T11:59:42Z</time>
   </trkpt>
   <trkpt lat="45.8284130" lon="6.6930210">
    <ele>2390.6</ele>
    <time>2022-07-09T11:59:43Z</time>
   </trkpt>
   <trkpt lat="45.8284290" lon="6.6930140">
    <ele>2390.1</ele>
    <time>2022-07-09T11:59:44Z</time>
   </trkpt>
   <trkpt lat="45.8284480" lon="6.6930240">
    <ele>2389.4</ele>
    <time>2022-07-09T11:59:45Z</time>
   </trkpt>
   <trkpt lat="45.8284740" lon="6.6930520">
    <ele>2388.3</ele>
    <time>2022-07-09T11:59:46Z</time>
   </trkpt>
   <trkpt lat="45.8284820" lon="6.6930620">
    <ele>2387.9</ele>
    <time>2022-07-09T11:59:47Z</time>
   </trkpt>
   <trkpt lat="45.8285020" lon="6.6930150">
    <ele>2386.6</ele>
    <time>2022-07-09T11:59:48Z</time>
   </trkpt>
   <trkpt lat="45.8285010" lon="6.6929890">
    <ele>2385.9</ele>
    <time>2022-07-09T11:59:49Z</time>
   </trkpt>
   <trkpt lat="45.8284960" lon="6.6929670">
    <ele>2385.3</ele>
    <time>2022-07-09T11:59:50Z</time>
   </trkpt>
   <trkpt lat="45.8285040" lon="6.6929490">
    <ele>2384.8</ele>
    <time>2022-07-09T11:59:51Z</time>
   </trkpt>
   <trkpt lat="45.8285380" lon="6.6929350">
    <ele>2383.6</ele>
    <time>2022-07-09T11:59:52Z</time>
   </trkpt>
   <trkpt lat="45.8285480" lon="6.6929350">
    <ele>2383.2</ele>
    <time>2022-07-09T11:59:53Z</time>
   </trkpt>
   <trkpt lat="45.8285630" lon="6.6929370">
    <ele>2382.7</ele>
    <time>2022-07-09T11:59:54Z</time>
   </trkpt>
   <trkpt lat="45.8285800" lon="6.6929300">
    <ele>2382.0</ele>
    <time>2022-07-09T11:59:55Z</time>
   </trkpt>
   <trkpt lat="45.8286090" lon="6.6929410">
    <ele>2381.0</ele>
    <time>2022-07-09T11:59:56Z</time>
   </trkpt>
   <trkpt lat="45.8286160" lon="6.6929490">
    <ele>2380.7</ele>
    <time>2022-07-09T11:59:57Z</time>
   </trkpt>
   <trkpt lat="45.8286430" lon="6.6929680">
    <ele>2379.6</ele>
    <time>2022-07-09T11:59:58Z</time>
   </trkpt>
   <trkpt lat="45.8286530" lon="6.6929680">
    <ele>2379.2</ele>
    <time>2022-07-09T11:59:59Z</time>
   </trkpt>
   <trkpt lat="45.8286730" lon="6.6929410">
    <ele>2378.3</ele>
    <time>2022-07-09T12:00:00Z</time>
   </trkpt>
   <trkpt lat="45.8286890" lon="6.6929350">
    <ele>2377.7</ele>
    <time>2022-07-09T12:00:01Z</time>
   </trkpt>
   <trkpt lat="45.8287040" lon="6.6929260">
    <ele>2377.1</ele>
    <time>2022-07-09T12:00:02Z</time>
   </trkpt>
   <trkpt lat="45.8287200" lon="6.6929290">
    <ele>2376.6</ele>
    <time>2022-07-09T12:00:03Z</time>
   </trkpt>
   <trkpt lat="45.8287380" lon="6.6929430">
    <ele>2375.8</ele>
    <time>2022-07-09T12:00:04Z</time>
   </trkpt>
   <trkpt lat="45.8287660" lon="6.6929370">
    <ele>2374.9</ele>
    <time>2022-07-09T12:00:05Z</time>
   </trkpt>
   <trkpt lat="45.8287750" lon="6.6929350">
    <ele>2374.5</ele>
    <time>2022-07-09T12:00:06Z</time>
   </trkpt>
   <trkpt lat="45.8288050" lon="6.6929210">
    <ele>2373.4</ele>
    <time>2022-07-09T12:00:07Z</time>
   </trkpt>
   <trkpt lat="45.8288140" lon="6.6929200">
    <ele>2373.1</ele>
    <time>2022-07-09T12:00:08Z</time>
   </trkpt>
   <trkpt lat="45.8288270" lon="6.6929090">
    <ele>2372.6</ele>
    <time>2022-07-09T12:00:09Z</time>
   </trkpt>
   <trkpt lat="45.8288310" lon="6.6928940">
    <ele>2372.2</ele>
    <time>2022-07-09T12:00:10Z</time>
   </trkpt>
   <trkpt lat="45.8288310" lon="6.6928770">
    <ele>2371.8</ele>
    <time>2022-07-09T12:00:11Z</time>
   </trkpt>
   <trkpt lat="45.8288320" lon="6.6928550">
    <ele>2371.2</ele>
    <time>2022-07-09T12:00:12Z</time>
   </trkpt>
   <trkpt lat="45.8288240" lon="6.6928440">
    <ele>2370.9</ele>
    <time>2022-07-09T12:00:13Z</time>
   </trkpt>
   <trkpt lat="45.8288150" lon="6.6928420">
    <ele>2370.6</ele>
    <time>2022-07-09T12:00:14Z</time>
   </trkpt>
   <trkpt lat="45.8288300" lon="6.6928390">
    <ele>2370.0</ele>
    <time>2022-07-09T12:00:15Z</time>
   </trkpt>
   <trkpt lat="45.8288440" lon="6.6928390">
    <ele>2369.6</ele>
    <time>2022-07-09T12:00:16Z</time>
   </trkpt>
   <trkpt lat="45.8288620" lon="6.6928390">
    <ele>2369.0</ele>
    <time>2022-07-09T12:00:17Z</time>
   </trkpt>
   <trkpt lat="45.8288790" lon="6.6928470">
    <ele>2368.4</ele>
    <time>2022-07-09T12:00:18Z</time>
   </trkpt>
   <trkpt lat="45.8289100" lon="6.6928640">
    <ele>2367.3</ele>
    <time>2022-07-09T12:00:19Z</time>
   </trkpt>
   <trkpt lat="45.8289200" lon="6.6928620">
    <ele>2367.0</ele>
    <time>2022-07-09T12:00:20Z</time>
   </trkpt>
   <trkpt lat="45.8289420" lon="6.6928330">
    <ele>2366.1</ele>
    <time>2022-07-09T12:00:21Z</time>
   </trkpt>
   <trkpt lat="45.8289410" lon="6.6928190">
    <ele>2365.8</ele>
    <time>2022-07-09T12:00:22Z</time>
   </trkpt>
   <trkpt lat="45.8289560" lon="6.6928140">
    <ele>2365.4</ele>
    <time>2022-07-09T12:00:23Z</time>
   </trkpt>
   <trkpt lat="45.8289710" lon="6.6928180">
    <ele>2365.0</ele>
    <time>2022-07-09T12:00:24Z</time>
   </trkpt>
   <trkpt lat="45.8289850" lon="6.6928210">
    <ele>2364.6</ele>
    <time>2022-07-09T12:00:25Z</time>
   </trkpt>
   <trkpt lat="45.8290050" lon="6.6928190">
    <ele>2364.1</ele>
    <time>2022-07-09T12:00:26Z</time>
   </trkpt>
   <trkpt lat="45.8290180" lon="6.6928160">
    <ele>2363.7</ele>
    <time>2022-07-09T12:00:27Z</time>
   </trkpt>
   <trkpt lat="45.8290390" lon="6.6928100">
    <ele>2363.2</ele>
    <time>2022-07-09T12:00:28Z</time>
   </trkpt>
   <trkpt lat="45.8290530" lon="6.6928150">
    <ele>2362.8</ele>
    <time>2022-07-09T12:00:29Z</time>
   </trkpt>
   <trkpt lat="45.8290830" lon="6.6928200">
    <ele>2362.1</ele>
    <time>2022-07-09T12:00:30Z</time>
   </trkpt>
   <trkpt lat="45.8291100" lon="6.6928420">
    <ele>2361.2</ele>
    <time>2022-07-09T12:00:31Z</time>
   </trkpt>
   <trkpt lat="45.8291190" lon="6.6928450">
    <ele>2360.9</ele>
    <time>2022-07-09T12:00:32Z</time>
   </trkpt>
   <trkpt lat="45.8291370" lon="6.6928780">
    <ele>2360.1</ele>
    <time>2022-07-09T12:00:33Z</time>
   </trkpt>
   <trkpt lat="45.8291430" lon="6.6928890">
    <ele>2359.9</ele>
    <time>2022-07-09T12:00:34Z</time>
   </trkpt>
   <trkpt lat="45.8291730" lon="6.6928830">
    <ele>2359.0</ele>
    <time>2022-07-09T12:00:35Z</time>
   </trkpt>
   <trkpt lat="45.8291820" lon="6.6928760">
    <ele>2358.8</ele>
    <time>2022-07-09T12:00:36Z</time>
   </trkpt>
   <trkpt lat="45.8292010" lon="6.6928640">
    <ele>2358.2</ele>
    <time>2022-07-09T12:00:37Z</time>
   </trkpt>
   <trkpt lat="45.8292130" lon="6.6928750">
    <ele>2357.8</ele>
    <time>2022-07-09T12:00:38Z</time>
   </trkpt>
   <trkpt lat="45.8292250" lon="6.6928680">
    <ele>2357.4</ele>
    <time>2022-07-09T12:00:39Z</time>
   </trkpt>
   <trkpt lat="45.8292200" lon="6.6928500">
    <ele>2357.1</ele>
    <time>2022-07-09T12:00:40Z</time>
   </trkpt>
   <trkpt lat="45.8292140" lon="6.6928300">
    <ele>2356.7</ele>
    <time>2022-07-09T12:00:41Z</time>
   </trkpt>
   <trkpt lat="45.8292240" lon="6.6928110">
    <ele>2356.2</ele>
    <time>2022-07-09T12:00:42Z</time>
   </trkpt>
   <trkpt lat="45.8292450" lon="6.6928100">
    <ele>2355.6</ele>
    <time>2022-07-09T12:00:43Z</time>
   </trkpt>
   <trkpt lat="45.8292640" lon="6.6928200">
    <ele>2355.1</ele>
    <time>2022-07-09T12:00:44Z</time>
   </trkpt>
   <trkpt lat="45.8292770" lon="6.6928230">
    <ele>2354.8</ele>
    <time>2022-07-09T12:00:45Z</time>
   </trkpt>
   <trkpt lat="45.8292950" lon="6.6928280">
    <ele>2354.3</ele>
    <time>2022-07-09T12:00:46Z</time>
   </trkpt>
   <trkpt lat="45.8293110" lon="6.6928390">
    <ele>2353.9</ele>
    <time>2022-07-09T12:00:47Z</time>
   </trkpt>
   <trkpt lat="45.8293260" lon="6.6928520">
    <ele>2353.5</ele>
    <time>2022-07-09T12:00:48Z</time>
   </trkpt>
   <trkpt lat="45.8293440" lon="6.6928530">
    <ele>2353.0</ele>
    <time>2022-07-09T12:00:49Z</time>
   </trkpt>
   <trkpt lat="45.8293580" lon="6.6928580">
    <ele>2352.7</ele>
    <time>2022-07-09T12:00:50Z</time>
   </trkpt>
   <trkpt lat="45.8293770" lon="6.6928600">
    <ele>2352.3</ele>
    <time>2022-07-09T12:00:51Z</time>
   </trkpt>
   <trkpt lat="45.8294130" lon="6.6928540">
    <ele>2351.4</ele>
    <time>2022-07-09T12:00:52Z</time>
   </trkpt>
   <trkpt lat="45.8294250" lon="6.6928550">
    <ele>2351.2</ele>
    <time>2022-07-09T12:00:53Z</time>
   </trkpt>
   <trkpt lat="45.8294580" lon="6.6928450">
    <ele>2350.4</ele>
    <time>2022-07-09T12:00:54Z</time>
   </trkpt>
   <trkpt lat="45.8294710" lon="6.6928410">
    <ele>2350.1</ele>
    <time>2022-07-09T12:00:55Z</time>
   </trkpt>
   <trkpt lat="45.8295000" lon="6.6928440">
    <ele>2349.4</ele>
    <time>2022-07-09T12:00:56Z</time>
   </trkpt>
   <trkpt lat="45.8295130" lon="6.6928530">
    <ele>2349.0</ele>
    <time>2022-07-09T12:00:57Z</time>
   </trkpt>
   <trkpt lat="45.8295380" lon="6.6928560">
    <ele>2348.4</ele>
    <time>2022-07-09T12:00:58Z</time>
   </trkpt>
   <trkpt lat="45.8295440" lon="6.6928540">
    <ele>2348.2</ele>
    <time>2022-07-09T12:00:59Z</time>
   </trkpt>
   <trkpt lat="45.8295740" lon="6.6928650">
    <ele>2347.4</ele>
    <time>2022-07-09T12:01:00Z</time>
   </trkpt>
   <trkpt lat="45.8295870" lon="6.6928690">
    <ele>2347.0</ele>
    <time>2022-07-09T12:01:01Z</time>
   </trkpt>
   <trkpt lat="45.8296070" lon="6.6928670">
    <ele>2346.5</ele>
    <time>2022-07-09T12:01:02Z</time>
   </trkpt>
   <trkpt lat="45.8296180" lon="6.6928760">
    <ele>2346.1</ele>
    <time>2022-07-09T12:01:03Z</time>
   </trkpt>
   <trkpt lat="45.8296460" lon="6.6928680">
    <ele>2345.4</ele>
    <time>2022-07-09T12:01:04Z</time>
   </trkpt>
   <trkpt lat="45.8296880" lon="6.6928570">
    <ele>2344.2</ele>
    <time>2022-07-09T12:01:05Z</time>
   </trkpt>
   <trkpt lat="45.8297040" lon="6.6928520">
    <ele>2343.8</ele>
    <time>2022-07-09T12:01:06Z</time>
   </trkpt>
   <trkpt lat="45.8297430" lon="6.6928450">
    <ele>2342.7</ele>
    <time>2022-07-09T12:01:07Z</time>
   </trkpt>
   <trkpt lat="45.8297560" lon="6.6928440">
    <ele>2342.4</ele>
    <time>2022-07-09T12:01:08Z</time>
   </trkpt>
   <trkpt lat="45.8297920" lon="6.6928370">
    <ele>2341.4</ele>
    <time>2022-07-09T12:01:09Z</time>
   </trkpt>
   <trkpt lat="45.8298030" lon="6.6928320">
    <ele>2341.1</ele>
    <time>2022-07-09T12:01:10Z</time>
   </trkpt>
   <trkpt lat="45.8298290" lon="6.6928060">
    <ele>2340.3</ele>
    <time>2022-07-09T12:01:11Z</time>
   </trkpt>
   <trkpt lat="45.8298370" lon="6.6928020">
    <ele>2340.1</ele>
    <time>2022-07-09T12:01:12Z</time>
   </trkpt>
   <trkpt lat="45.8298670" lon="6.6927910">
    <ele>2339.3</ele>
    <time>2022-07-09T12:01:13Z</time>
   </trkpt>
   <trkpt lat="45.8298770" lon="6.6927890">
    <ele>2339.0</ele>
    <time>2022-07-09T12:01:14Z</time>
   </trkpt>
   <trkpt lat="45.8299110" lon="6.6928050">
    <ele>2338.1</ele>
    <time>2022-07-09T12:01:15Z</time>
   </trkpt>
   <trkpt lat="45.8299230" lon="6.6928030">
    <ele>2337.8</ele>
    <time>2022-07-09T12:01:16Z</time>
   </trkpt>
   <trkpt lat="45.8299540" lon="6.6928030">
    <ele>2337.0</ele>
    <time>2022-07-09T12:01:17Z</time>
   </trkpt>
   <trkpt lat="45.8299890" lon="6.6928010">
    <ele>2336.2</ele>
    <time>2022-07-09T12:01:18Z</time>
   </trkpt>
   <trkpt lat="45.8300240" lon="6.6927980">
    <ele>2335.4</ele>
    <time>2022-07-09T12:01:19Z</time>
   </trkpt>
   <trkpt lat="45.8300650" lon="6.6928030">
    <ele>2334.5</ele>
    <time>2022-07-09T12:01:20Z</time>
   </trkpt>
   <trkpt lat="45.8301010" lon="6.6928000">
    <ele>2333.7</ele>
    <time>2022-07-09T12:01:21Z</time>
   </trkpt>
   <trkpt lat="45.8301440" lon="6.6928020">
    <ele>2332.9</ele>
    <time>2022-07-09T12:01:22Z</time>
   </trkpt>
   <trkpt lat="45.8301790" lon="6.6927930">
    <ele>2332.2</ele>
    <time>2022-07-09T12:01:23Z</time>
   </trkpt>
   <trkpt lat="45.8302150" lon="6.6927920">
    <ele>2331.6</ele>
    <time>2022-07-09T12:01:24Z</time>
   </trkpt>
   <trkpt lat="45.8302490" lon="6.6927830">
    <ele>2331.1</ele>
    <time>2022-07-09T12:01:25Z</time>
   </trkpt>
   <trkpt lat="45.8302880" lon="6.6927770">
    <ele>2330.6</ele>
    <time>2022-07-09T12:01:26Z</time>
   </trkpt>
   <trkpt lat="45.8303380" lon="6.6927720">
    <ele>2330.0</ele>
    <time>2022-07-09T12:01:27Z</time>
   </trkpt>
   <trkpt lat="45.8303930" lon="6.6927450">
    <ele>2329.5</ele>
    <time>2022-07-09T12:01:28Z</time>
   </trkpt>
   <trkpt lat="45.8304300" lon="6.6927180">
    <ele>2329.2</ele>
    <time>2022-07-09T12:01:29Z</time>
   </trkpt>
   <trkpt lat="45.8304720" lon="6.6926890">
    <ele>2328.9</ele>
    <time>2022-07-09T12:01:30Z</time>
   </trkpt>
   <trkpt lat="45.8305060" lon="6.6926640">
    <ele>2328.8</ele>
    <time>2022-07-09T12:01:31Z</time>
   </trkpt>
   <trkpt lat="45.8305390" lon="6.6926430">
    <ele>2328.6</ele>
    <time>2022-07-09T12:01:32Z</time>
   </trkpt>
   <trkpt lat="45.8305680" lon="6.6926090">
    <ele>2328.5</ele>
    <time>2022-07-09T12:01:33Z</time>
   </trkpt>
   <trkpt lat="45.8306030" lon="6.6925780">
    <ele>2328.4</ele>
    <time>2022-07-09T12:01:34Z</time>
   </trkpt>
   <trkpt lat="45.8306300" lon="6.6925660">
    <ele>2328.3</ele>
    <time>2022-07-09T12:01:35Z</time>
   </trkpt>
   <trkpt lat="45.8306530" lon="6.6925390">
    <ele>2328.2</ele>
    <time>2022-07-09T12:01:36Z</time>
   </trkpt>
   <trkpt lat="45.8306780" lon="6.6925050">
    <ele>2328.1</ele>
    <time>2022-07-09T12:01:37Z</time>
   </trkpt>
   <trkpt lat="45.8307030" lon="6.6924770">
    <ele>2328.0</ele>
    <time>2022-07-09T12:01:38Z</time>
   </trkpt>
   <trkpt lat="45.8307350" lon="6.6924430">
    <ele>2327.8</ele>
    <time>2022-07-09T12:01:39Z</time>
   </trkpt>
   <trkpt lat="45.8307660" lon="6.6924310">
    <ele>2327.6</ele>
    <time>2022-07-09T12:01:40Z</time>
   </trkpt>
   <trkpt lat="45.8307890" lon="6.6924030">
    <ele>2327.4</ele>
    <time>2022-07-09T12:01:41Z</time>
   </trkpt>
   <trkpt lat="45.8308240" lon="6.6923840">
    <ele>2327.2</ele>
    <time>2022-07-09T12:01:42Z</time>
   </trkpt>
   <trkpt lat="45.8308550" lon="6.6923640">
    <ele>2326.9</ele>
    <time>2022-07-09T12:01:43Z</time>
   </trkpt>
   <trkpt lat="45.8308880" lon="6.6923540">
    <ele>2326.5</ele>
    <time>2022-07-09T12:01:44Z</time>
   </trkpt>
   <trkpt lat="45.8309160" lon="6.6923450">
    <ele>2326.2</ele>
    <time>2022-07-09T12:01:45Z</time>
   </trkpt>
   <trkpt lat="45.8309230" lon="6.6923400">
    <ele>2326.1</ele>
    <time>2022-07-09T12:01:46Z</time>
   </trkpt>
   <trkpt lat="45.8309210" lon="6.6923340">
    <ele>2326.0</ele>
    <time>2022-07-09T12:01:47Z</time>
   </trkpt>
   <trkpt lat="45.8309110" lon="6.6923430">
    <ele>2325.9</ele>
    <time>2022-07-09T12:01:48Z</time>
   </trkpt>
   <trkpt lat="45.8309080" lon="6.6923480">
    <ele>2325.8</ele>
    <time>2022-07-09T12:01:49Z</time>
   </trkpt>
   <trkpt lat="45.8309060" lon="6.6923500">
    <ele>2325.8</ele>
    <time>2022-07-09T12:01:50Z</time>
   </trkpt>
   <trkpt lat="45.8309050" lon="6.6923520">
    <ele>2325.8</ele>
    <time>2022-07-09T12:01:51Z</time>
   </trkpt>
   <trkpt lat="45.8309120" lon="6.6923430">
    <ele>2325.6</ele>
    <time>2022-07-09T12:01:52Z</time>
   </trkpt>
   <trkpt lat="45.8309040" lon="6.6923530">
    <ele>2325.5</ele>
    <time>2022-07-09T12:01:53Z</time>
   </trkpt>
   <trkpt lat="45.8309040" lon="6.6923530">
    <ele>2325.5</ele>
    <time>2022-07-09T12:01:54Z</time>
   </trkpt>
   <trkpt lat="45.8309030" lon="6.6923540">
    <ele>2325.5</ele>
    <time>2022-07-09T12:01:55Z</time>
   </trkpt>
   <trkpt lat="45.8309050" lon="6.6923520">
    <ele>2325.4</ele>
    <time>2022-07-09T12:01:56Z</time>
   </trkpt>
   <trkpt lat="45.8309050" lon="6.6923520">
    <ele>2325.4</ele>
    <time>2022-07-09T12:01:57Z</time>
   </trkpt>
   <trkpt lat="45.8309050" lon="6.6923570">
    <ele>2325.4</ele>
    <time>2022-07-09T12:01:58Z</time>
   </trkpt>
   <trkpt lat="45.8309060" lon="6.6923570">
    <ele>2325.4</ele>
    <time>2022-07-09T12:01:59Z</time>
   </trkpt>
   <trkpt lat="45.8309060" lon="6.6923570">
    <ele>2325.4</ele>
    <time>2022-07-09T12:02:00Z</time>
   </trkpt>
   <trkpt lat="45.8309060" lon="6.6923570">
    <ele>2325.4</ele>
    <time>2022-07-09T12:02:01Z</time>
   </trkpt>
   <trkpt lat="45.8309060" lon="6.6923570">
    <ele>2325.4</ele>
    <time>2022-07-09T12:02:02Z</time>
   </trkpt>
   <trkpt lat="45.8309060" lon="6.6923570">
    <ele>2325.4</ele>
    <time>2022-07-09T12:02:03Z</time>
   </trkpt>
   <trkpt lat="45.8309060" lon="6.6923570">
    <ele>2325.4</ele>
    <time>2022-07-09T12:02:04Z</time>
   </trkpt>
   <trkpt lat="45.8309060" lon="6.6923570">
    <ele>2325.4</ele>
    <time>2022-07-09T12:02:05Z</time>
   </trkpt>
   <trkpt lat="45.8309060" lon="6.6923570">
    <ele>2325.4</ele>
    <time>2022-07-09T12:02:06Z</time>
   </trkpt>
   <trkpt lat="45.8309060" lon="6.6923570">
    <ele>2325.4</ele>
    <time>2022-07-09T12:02:07Z</time>
   </trkpt>
   <trkpt lat="45.8309030" lon="6.6923640">
    <ele>2325.3</ele>
    <time>2022-07-09T12:02:08Z</time>
   </trkpt>
   <trkpt lat="45.8309030" lon="6.6923650">
    <ele>2325.3</ele>
    <time>2022-07-09T12:02:09Z</time>
   </trkpt>
   <trkpt lat="45.8308970" lon="6.6923540">
    <ele>2325.1</ele>
    <time>2022-07-09T12:02:10Z</time>
   </trkpt>
   <trkpt lat="45.8309020" lon="6.6923540">
    <ele>2325.1</ele>
    <time>2022-07-09T12:02:11Z</time>
   </trkpt>
   <trkpt lat="45.8309060" lon="6.6923520">
    <ele>2325.0</ele>
    <time>2022-07-09T12:02:12Z</time>
   </trkpt>
   <trkpt lat="45.8309090" lon="6.6923490">
    <ele>2324.9</ele>
    <time>2022-07-09T12:02:13Z</time>
   </trkpt>
   <trkpt lat="45.8309130" lon="6.6923470">
    <ele>2324.9</ele>
    <time>2022-07-09T12:02:14Z</time>
   </trkpt>
   <trkpt lat="45.8309170" lon="6.6923440">
    <ele>2324.8</ele>
    <time>2022-07-09T12:02:15Z</time>
   </trkpt>
   <trkpt lat="45.8309200" lon="6.6923420">
    <ele>2324.8</ele>
    <time>2022-07-09T12:02:16Z</time>
   </trkpt>
   <trkpt lat="45.8309240" lon="6.6923390">
    <ele>2324.7</ele>
    <time>2022-07-09T12:02:17Z</time>
   </trkpt>
   <trkpt lat="45.8309280" lon="6.6923370">
    <ele>2324.6</ele>
    <time>2022-07-09T12:02:18Z</time>
   </trkpt>
   <trkpt lat="45.8309310" lon="6.6923350">
    <ele>2324.6</ele>
    <time>2022-07-09T12:02:19Z</time>
   </trkpt>
   <trkpt lat="45.8309350" lon="6.6923320">
    <ele>2324.5</ele>
    <time>2022-07-09T12:02:20Z</time>
   </trkpt>
   <trkpt lat="45.8309390" lon="6.6923300">
    <ele>2324.4</ele>
    <time>2022-07-09T12:02:21Z</time>
   </trkpt>
   <trkpt lat="45.8309790" lon="6.6923160">
    <ele>2323.8</ele>
    <time>2022-07-09T12:02:22Z</time>
   </trkpt>
   <trkpt lat="45.8309960" lon="6.6923110">
    <ele>2323.5</ele>
    <time>2022-07-09T12:02:23Z</time>
   </trkpt>
   <trkpt lat="45.8310330" lon="6.6922900">
    <ele>2322.8</ele>
    <time>2022-07-09T12:02:24Z</time>
   </trkpt>
   <trkpt lat="45.8310460" lon="6.6922770">
    <ele>2322.5</ele>
    <time>2022-07-09T12:02:25Z</time>
   </trkpt>
   <trkpt lat="45.8310790" lon="6.6922710">
    <ele>2322.0</ele>
    <time>2022-07-09T12:02:26Z</time>
   </trkpt>
   <trkpt lat="45.8311140" lon="6.6922520">
    <ele>2321.3</ele>
    <time>2022-07-09T12:02:27Z</time>
   </trkpt>
   <trkpt lat="45.8311470" lon="6.6922160">
    <ele>2320.6</ele>
    <time>2022-07-09T12:02:28Z</time>
   </trkpt>
   <trkpt lat="45.8311900" lon="6.6922190">
    <ele>2319.9</ele>
    <time>2022-07-09T12:02:29Z</time>
   </trkpt>
   <trkpt lat="45.8312070" lon="6.6922250">
    <ele>2319.7</ele>
    <time>2022-07-09T12:02:30Z</time>
   </trkpt>
   <trkpt lat="45.8312430" lon="6.6922210">
    <ele>2319.1</ele>
    <time>2022-07-09T12:02:31Z</time>
   </trkpt>
   <trkpt lat="45.8312780" lon="6.6922000">
    <ele>2318.6</ele>
    <time>2022-07-09T12:02:32Z</time>
   </trkpt>
   <trkpt lat="45.8313130" lon="6.6922080">
    <ele>2318.1</ele>
    <time>2022-07-09T12:02:33Z</time>
   </trkpt>
   <trkpt lat="45.8313430" lon="6.6922150">
    <ele>2317.6</ele>
    <time>2022-07-09T12:02:34Z</time>
   </trkpt>
   <trkpt lat="45.8313740" lon="6.6922230">
    <ele>2317.2</ele>
    <time>2022-07-09T12:02:35Z</time>
   </trkpt>
   <trkpt lat="45.8314110" lon="6.6922290">
    <ele>2316.7</ele>
    <time>2022-07-09T12:02:36Z</time>
   </trkpt>
   <trkpt lat="45.8314500" lon="6.6922330">
    <ele>2316.2</ele>
    <time>2022-07-09T12:02:37Z</time>
   </trkpt>
   <trkpt lat="45.8314860" lon="6.6922330">
    <ele>2315.7</ele>
    <time>2022-07-09T12:02:38Z</time>
   </trkpt>
   <trkpt lat="45.8315200" lon="6.6922410">
    <ele>2315.2</ele>
    <time>2022-07-09T12:02:39Z</time>
   </trkpt>
   <trkpt lat="45.8315550" lon="6.6922510">
    <ele>2314.7</ele>
    <time>2022-07-09T12:02:40Z</time>
   </trkpt>
   <trkpt lat="45.8315870" lon="6.6922620">
    <ele>2314.3</ele>
    <time>2022-07-09T12:02:41Z</time>
   </trkpt>
   <trkpt lat="45.8316180" lon="6.6922720">
    <ele>2313.8</ele>
    <time>2022-07-09T12:02:42Z</time>
   </trkpt>
   <trkpt lat="45.8316470" lon="6.6922750">
    <ele>2313.4</ele>
    <time>2022-07-09T12:02:43Z</time>
   </trkpt>
   <trkpt lat="45.8316790" lon="6.6922710">
    <ele>2313.0</ele>
    <time>2022-07-09T12:02:44Z</time>
   </trkpt>
   <trkpt lat="45.8317170" lon="6.6922970">
    <ele>2312.4</ele>
    <time>2022-07-09T12:02:45Z</time>
   </trkpt>
   <trkpt lat="45.8317500" lon="6.6923160">
    <ele>2312.0</ele>
    <time>2022-07-09T12:02:46Z</time>
   </trkpt>
   <trkpt lat="45.8317850" lon="6.6923350">
    <ele>2311.5</ele>
    <time>2022-07-09T12:02:47Z</time>
   </trkpt>
   <trkpt lat="45.8318170" lon="6.6923500">
    <ele>2311.1</ele>
    <time>2022-07-09T12:02:48Z</time>
   </trkpt>
   <trkpt lat="45.8318460" lon="6.6923590">
    <ele>2310.7</ele>
    <time>2022-07-09T12:02:49Z</time>
   </trkpt>
   <trkpt lat="45.8318920" lon="6.6923680">
    <ele>2310.2</ele>
    <time>2022-07-09T12:02:50Z</time>
   </trkpt>
   <trkpt lat="45.8319240" lon="6.6923730">
    <ele>2309.8</ele>
    <time>2022-07-09T12:02:51Z</time>
   </trkpt>
   <trkpt lat="45.8319510" lon="6.6924040">
    <ele>2309.4</ele>
    <time>2022-07-09T12:02:52Z</time>
   </trkpt>
   <trkpt lat="45.8319860" lon="6.6924140">
    <ele>2309.1</ele>
    <time>2022-07-09T12:02:53Z</time>
   </trkpt>
   <trkpt lat="45.8320180" lon="6.6924150">
    <ele>2308.7</ele>
    <time>2022-07-09T12:02:54Z</time>
   </trkpt>
   <trkpt lat="45.8320590" lon="6.6924360">
    <ele>2308.2</ele>
    <time>2022-07-09T12:02:55Z</time>
   </trkpt>
   <trkpt lat="45.8320890" lon="6.6924590">
    <ele>2307.9</ele>
    <time>2022-07-09T12:02:56Z</time>
   </trkpt>
   <trkpt lat="45.8321220" lon="6.6924800">
    <ele>2307.5</ele>
    <time>2022-07-09T12:02:57Z</time>
   </trkpt>
   <trkpt lat="45.8321590" lon="6.6924990">
    <ele>2307.1</ele>
    <time>2022-07-09T12:02:58Z</time>
   </trkpt>
   <trkpt lat="45.8321800" lon="6.6925320">
    <ele>2306.8</ele>
    <time>2022-07-09T12:02:59Z</time>
   </trkpt>
   <trkpt lat="45.8322060" lon="6.6925520">
    <ele>2306.5</ele>
    <time>2022-07-09T12:03:00Z</time>
   </trkpt>
   <trkpt lat="45.8322300" lon="6.6925790">
    <ele>2306.2</ele>
    <time>2022-07-09T12:03:01Z</time>
   </trkpt>
   <trkpt lat="45.8322590" lon="6.6925940">
    <ele>2305.8</ele>
    <time>2022-07-09T12:03:02Z</time>
   </trkpt>
   <trkpt lat="45.8322920" lon="6.6926210">
    <ele>2305.4</ele>
    <time>2022-07-09T12:03:03Z</time>
   </trkpt>
   <trkpt lat="45.8323340" lon="6.6926330">
    <ele>2304.9</ele>
    <time>2022-07-09T12:03:04Z</time>
   </trkpt>
   <trkpt lat="45.8323630" lon="6.6926650">
    <ele>2304.5</ele>
    <time>2022-07-09T12:03:05Z</time>
   </trkpt>
   <trkpt lat="45.8324000" lon="6.6927010">
    <ele>2303.9</ele>
    <time>2022-07-09T12:03:06Z</time>
   </trkpt>
   <trkpt lat="45.8324250" lon="6.6927310">
    <ele>2303.4</ele>
    <time>2022-07-09T12:03:07Z</time>
   </trkpt>
   <trkpt lat="45.8324550" lon="6.6927510">
    <ele>2302.9</ele>
    <time>2022-07-09T12:03:08Z</time>
   </trkpt>
   <trkpt lat="45.8324830" lon="6.6927730">
    <ele>2302.5</ele>
    <time>2022-07-09T12:03:09Z</time>
   </trkpt>
   <trkpt lat="45.8325130" lon="6.6927840">
    <ele>2302.0</ele>
    <time>2022-07-09T12:03:10Z</time>
   </trkpt>
   <trkpt lat="45.8325400" lon="6.6928030">
    <ele>2301.6</ele>
    <time>2022-07-09T12:03:11Z</time>
   </trkpt>
   <trkpt lat="45.8325760" lon="6.6928440">
    <ele>2300.9</ele>
    <time>2022-07-09T12:03:12Z</time>
   </trkpt>
   <trkpt lat="45.8325910" lon="6.6928630">
    <ele>2300.6</ele>
    <time>2022-07-09T12:03:13Z</time>
   </trkpt>
   <trkpt lat="45.8326210" lon="6.6928900">
    <ele>2300.1</ele>
    <time>2022-07-09T12:03:14Z</time>
   </trkpt>
   <trkpt lat="45.8326470" lon="6.6929170">
    <ele>2299.7</ele>
    <time>2022-07-09T12:03:15Z</time>
   </trkpt>
   <trkpt lat="45.8326820" lon="6.6929350">
    <ele>2299.3</ele>
    <time>2022-07-09T12:03:16Z</time>
   </trkpt>
   <trkpt lat="45.8327180" lon="6.6929390">
    <ele>2298.8</ele>
    <time>2022-07-09T12:03:17Z</time>
   </trkpt>
   <trkpt lat="45.8327410" lon="6.6929670">
    <ele>2298.5</ele>
    <time>2022-07-09T12:03:18Z</time>
   </trkpt>
   <trkpt lat="45.8327760" lon="6.6929890">
    <ele>2298.1</ele>
    <time>2022-07-09T12:03:19Z</time>
   </trkpt>
   <trkpt lat="45.8327980" lon="6.6930280">
    <ele>2297.7</ele>
    <time>2022-07-09T12:03:20Z</time>
   </trkpt>
   <trkpt lat="45.8328290" lon="6.6930630">
    <ele>2297.2</ele>
    <time>2022-07-09T12:03:21Z</time>
   </trkpt>
   <trkpt lat="45.8328470" lon="6.6930960">
    <ele>2296.9</ele>
    <time>2022-07-09T12:03:22Z</time>
   </trkpt>
   <trkpt lat="45.8328820" lon="6.6931200">
    <ele>2296.4</ele>
    <time>2022-07-09T12:03:23Z</time>
   </trkpt>
   <trkpt lat="45.8329100" lon="6.6931550">
    <ele>2296.0</ele>
    <time>2022-07-09T12:03:24Z</time>
   </trkpt>
   <trkpt lat="45.8329270" lon="6.6931690">
    <ele>2295.7</ele>
    <time>2022-07-09T12:03:25Z</time>
   </trkpt>
   <trkpt lat="45.8329630" lon="6.6931970">
    <ele>2295.2</ele>
    <time>2022-07-09T12:03:26Z</time>
   </trkpt>
   <trkpt lat="45.8329970" lon="6.6932250">
    <ele>2294.7</ele>
    <time>2022-07-09T12:03:27Z</time>
   </trkpt>
   <trkpt lat="45.8330340" lon="6.6932410">
    <ele>2294.3</ele>
    <time>2022-07-09T12:03:28Z</time>
   </trkpt>
   <trkpt lat="45.8330620" lon="6.6932720">
    <ele>2293.8</ele>
    <time>2022-07-09T12:03:29Z</time>
   </trkpt>
   <trkpt lat="45.8330960" lon="6.6933110">
    <ele>2293.2</ele>
    <time>2022-07-09T12:03:30Z</time>
   </trkpt>
   <trkpt lat="45.8331320" lon="6.6933360">
    <ele>2292.7</ele>
    <time>2022-07-09T12:03:31Z</time>
   </trkpt>
   <trkpt lat="45.8331650" lon="6.6933650">
    <ele>2292.2</ele>
    <time>2022-07-09T12:03:32Z</time>
   </trkpt>
   <trkpt lat="45.8331930" lon="6.6934000">
    <ele>2291.7</ele>
    <time>2022-07-09T12:03:33Z</time>
   </trkpt>
   <trkpt lat="45.8332210" lon="6.6934380">
    <ele>2291.1</ele>
    <time>2022-07-09T12:03:34Z</time>
   </trkpt>
   <trkpt lat="45.8332450" lon="6.6934790">
    <ele>2290.7</ele>
    <time>2022-07-09T12:03:35Z</time>
   </trkpt>
   <trkpt lat="45.8332770" lon="6.6935050">
    <ele>2290.2</ele>
    <time>2022-07-09T12:03:36Z</time>
   </trkpt>
   <trkpt lat="45.8333050" lon="6.6935230">
    <ele>2289.8</ele>
    <time>2022-07-09T12:03:37Z</time>
   </trkpt>
   <trkpt lat="45.8333350" lon="6.6935550">
    <ele>2289.3</ele>
    <time>2022-07-09T12:03:38Z</time>
   </trkpt>
   <trkpt lat="45.8333620" lon="6.6935710">
    <ele>2288.9</ele>
    <time>2022-07-09T12:03:39Z</time>
   </trkpt>
   <trkpt lat="45.8333890" lon="6.6936050">
    <ele>2288.5</ele>
    <time>2022-07-09T12:03:40Z</time>
   </trkpt>
   <trkpt lat="45.8334210" lon="6.6936230">
    <ele>2288.0</ele>
    <time>2022-07-09T12:03:41Z</time>
   </trkpt>
   <trkpt lat="45.8334570" lon="6.6936580">
    <ele>2287.4</ele>
    <time>2022-07-09T12:03:42Z</time>
   </trkpt>
   <trkpt lat="45.8334840" lon="6.6936720">
    <ele>2287.0</ele>
    <time>2022-07-09T12:03:43Z</time>
   </trkpt>
   <trkpt lat="45.8335180" lon="6.6936950">
    <ele>2286.5</ele>
    <time>2022-07-09T12:03:44Z</time>
   </trkpt>
   <trkpt lat="45.8335490" lon="6.6937260">
    <ele>2286.0</ele>
    <time>2022-07-09T12:03:45Z</time>
   </trkpt>
   <trkpt lat="45.8335770" lon="6.6937710">
    <ele>2285.4</ele>
    <time>2022-07-09T12:03:46Z</time>
   </trkpt>
   <trkpt lat="45.8336110" lon="6.6938210">
    <ele>2284.8</ele>
    <time>2022-07-09T12:03:47Z</time>
   </trkpt>
   <trkpt lat="45.8336390" lon="6.6938620">
    <ele>2284.3</ele>
    <time>2022-07-09T12:03:48Z</time>
   </trkpt>
   <trkpt lat="45.8336780" lon="6.6938970">
    <ele>2283.8</ele>
    <time>2022-07-09T12:03:49Z</time>
   </trkpt>
   <trkpt lat="45.8337030" lon="6.6939310">
    <ele>2283.4</ele>
    <time>2022-07-09T12:03:50Z</time>
   </trkpt>
   <trkpt lat="45.8337240" lon="6.6939740">
    <ele>2283.0</ele>
    <time>2022-07-09T12:03:51Z</time>
   </trkpt>
   <trkpt lat="45.8337560" lon="6.6940120">
    <ele>2282.6</ele>
    <time>2022-07-09T12:03:52Z</time>
   </trkpt>
   <trkpt lat="45.8338040" lon="6.6940320">
    <ele>2282.1</ele>
    <time>2022-07-09T12:03:53Z</time>
   </trkpt>
   <trkpt lat="45.8338230" lon="6.6940690">
    <ele>2281.8</ele>
    <time>2022-07-09T12:03:54Z</time>
   </trkpt>
   <trkpt lat="45.8338570" lon="6.6941090">
    <ele>2281.4</ele>
    <time>2022-07-09T12:03:55Z</time>
   </trkpt>
   <trkpt lat="45.8338870" lon="6.6941460">
    <ele>2281.0</ele>
    <time>2022-07-09T12:03:56Z</time>
   </trkpt>
   <trkpt lat="45.8339270" lon="6.6941740">
    <ele>2280.6</ele>
    <time>2022-07-09T12:03:57Z</time>
   </trkpt>
   <trkpt lat="45.8339560" lon="6.6942070">
    <ele>2280.3</ele>
    <time>2022-07-09T12:03:58Z</time>
   </trkpt>
   <trkpt lat="45.8339860" lon="6.6942520">
    <ele>2279.9</ele>
    <time>2022-07-09T12:03:59Z</time>
   </trkpt>
   <trkpt lat="45.8340190" lon="6.6942880">
    <ele>2279.5</ele>
    <time>2022-07-09T12:04:00Z</time>
   </trkpt>
   <trkpt lat="45.8340520" lon="6.6943210">
    <ele>2279.1</ele>
    <time>2022-07-09T12:04:01Z</time>
   </trkpt>
   <trkpt lat="45.8340830" lon="6.6943480">
    <ele>2278.7</ele>
    <time>2022-07-09T12:04:02Z</time>
   </trkpt>
   <trkpt lat="45.8341050" lon="6.6943870">
    <ele>2278.4</ele>
    <time>2022-07-09T12:04:03Z</time>
   </trkpt>
   <trkpt lat="45.8341340" lon="6.6944150">
    <ele>2278.0</ele>
    <time>2022-07-09T12:04:04Z</time>
   </trkpt>
   <trkpt lat="45.8341680" lon="6.6944360">
    <ele>2277.7</ele>
    <time>2022-07-09T12:04:05Z</time>
   </trkpt>
   <trkpt lat="45.8342060" lon="6.6944630">
    <ele>2277.2</ele>
    <time>2022-07-09T12:04:06Z</time>
   </trkpt>
   <trkpt lat="45.8342430" lon="6.6944860">
    <ele>2276.8</ele>
    <time>2022-07-09T12:04:07Z</time>
   </trkpt>
   <trkpt lat="45.8342800" lon="6.6945110">
    <ele>2276.3</ele>
    <time>2022-07-09T12:04:08Z</time>
   </trkpt>
   <trkpt lat="45.8343080" lon="6.6945340">
    <ele>2275.9</ele>
    <time>2022-07-09T12:04:09Z</time>
   </trkpt>
   <trkpt lat="45.8343290" lon="6.6945610">
    <ele>2275.6</ele>
    <time>2022-07-09T12:04:10Z</time>
   </trkpt>
   <trkpt lat="45.8343550" lon="6.6945820">
    <ele>2275.2</ele>
    <time>2022-07-09T12:04:11Z</time>
   </trkpt>
   <trkpt lat="45.8343770" lon="6.6946090">
    <ele>2274.8</ele>
    <time>2022-07-09T12:04:12Z</time>
   </trkpt>
   <trkpt lat="45.8344010" lon="6.6946340">
    <ele>2274.3</ele>
    <time>2022-07-09T12:04:13Z</time>
   </trkpt>
   <trkpt lat="45.8344130" lon="6.6946390">
    <ele>2274.2</ele>
    <time>2022-07-09T12:04:14Z</time>
   </trkpt>
   <trkpt lat="45.8344370" lon="6.6946650">
    <ele>2273.7</ele>
    <time>2022-07-09T12:04:15Z</time>
   </trkpt>
   <trkpt lat="45.8344430" lon="6.6946720">
    <ele>2273.6</ele>
    <time>2022-07-09T12:04:16Z</time>
   </trkpt>
   <trkpt lat="45.8344620" lon="6.6946520">
    <ele>2273.2</ele>
    <time>2022-07-09T12:04:17Z</time>
   </trkpt>
   <trkpt lat="45.8344710" lon="6.6946750">
    <ele>2272.9</ele>
    <time>2022-07-09T12:04:18Z</time>
   </trkpt>
   <trkpt lat="45.8344840" lon="6.6946720">
    <ele>2272.6</ele>
    <time>2022-07-09T12:04:19Z</time>
   </trkpt>
   <trkpt lat="45.8344930" lon="6.6946470">
    <ele>2272.3</ele>
    <time>2022-07-09T12:04:20Z</time>
   </trkpt>
   <trkpt lat="45.8345160" lon="6.6946440">
    <ele>2271.9</ele>
    <time>2022-07-09T12:04:21Z</time>
   </trkpt>
   <trkpt lat="45.8345290" lon="6.6946380">
    <ele>2271.6</ele>
    <time>2022-07-09T12:04:22Z</time>
   </trkpt>
   <trkpt lat="45.8345430" lon="6.6946490">
    <ele>2271.3</ele>
    <time>2022-07-09T12:04:23Z</time>
   </trkpt>
   <trkpt lat="45.8345510" lon="6.6946450">
    <ele>2271.1</ele>
    <time>2022-07-09T12:04:24Z</time>
   </trkpt>
   <trkpt lat="45.8345600" lon="6.6946410">
    <ele>2270.9</ele>
    <time>2022-07-09T12:04:25Z</time>
   </trkpt>
   <trkpt lat="45.8345690" lon="6.6946370">
    <ele>2270.7</ele>
    <time>2022-07-09T12:04:26Z</time>
   </trkpt>
   <trkpt lat="45.8345800" lon="6.6945950">
    <ele>2270.0</ele>
    <time>2022-07-09T12:04:27Z</time>
   </trkpt>
   <trkpt lat="45.8345860" lon="6.6945810">
    <ele>2269.7</ele>
    <time>2022-07-09T12:04:28Z</time>
   </trkpt>
   <trkpt lat="45.8345950" lon="6.6945550">
    <ele>2269.3</ele>
    <time>2022-07-09T12:04:29Z</time>
   </trkpt>
   <trkpt lat="45.8346090" lon="6.6945500">
    <ele>2268.9</ele>
    <time>2022-07-09T12:04:30Z</time>
   </trkpt>
   <trkpt lat="45.8346340" lon="6.6945770">
    <ele>2268.1</ele>
    <time>2022-07-09T12:04:31Z</time>
   </trkpt>
   <trkpt lat="45.8346410" lon="6.6945880">
    <ele>2267.8</ele>
    <time>2022-07-09T12:04:32Z</time>
   </trkpt>
   <trkpt lat="45.8346670" lon="6.6945770">
    <ele>2267.1</ele>
    <time>2022-07-09T12:04:33Z</time>
   </trkpt>
   <trkpt lat="45.8346760" lon="6.6945590">
    <ele>2266.7</ele>
    <time>2022-07-09T12:04:34Z</time>
   </trkpt>
   <trkpt lat="45.8346620" lon="6.6945200">
    <ele>2265.8</ele>
    <time>2022-07-09T12:04:35Z</time>
   </trkpt>
   <trkpt lat="45.8346520" lon="6.6945150">
    <ele>2265.5</ele>
    <time>2022-07-09T12:04:36Z</time>
   </trkpt>
   <trkpt lat="45.8346600" lon="6.6945030">
    <ele>2265.1</ele>
    <time>2022-07-09T12:04:37Z</time>
   </trkpt>
   <trkpt lat="45.8346680" lon="6.6944950">
    <ele>2264.8</ele>
    <time>2022-07-09T12:04:38Z</time>
   </trkpt>
   <trkpt lat="45.8346770" lon="6.6944870">
    <ele>2264.5</ele>
    <time>2022-07-09T12:04:39Z</time>
   </trkpt>
   <trkpt lat="45.8346850" lon="6.6944790">
    <ele>2264.2</ele>
    <time>2022-07-09T12:04:40Z</time>
   </trkpt>
   <trkpt lat="45.8346760" lon="6.6944560">
    <ele>2263.6</ele>
    <time>2022-07-09T12:04:41Z</time>
   </trkpt>
   <trkpt lat="45.8346690" lon="6.6944330">
    <ele>2263.1</ele>
    <time>2022-07-09T12:04:42Z</time>
   </trkpt>
   <trkpt lat="45.8346670" lon="6.6944320">
    <ele>2263.0</ele>
    <time>2022-07-09T12:04:43Z</time>
   </trkpt>
   <trkpt lat="45.8346890" lon="6.6944390">
    <ele>2262.3</ele>
    <time>2022-07-09T12:04:44Z</time>
   </trkpt>
   <trkpt lat="45.8347030" lon="6.6944210">
    <ele>2261.6</ele>
    <time>2022-07-09T12:04:45Z</time>
   </trkpt>
   <trkpt lat="45.8347040" lon="6.6944030">
    <ele>2261.2</ele>
    <time>2022-07-09T12:04:46Z</time>
   </trkpt>
   <trkpt lat="45.8347080" lon="6.6944000">
    <ele>2261.0</ele>
    <time>2022-07-09T12:04:47Z</time>
   </trkpt>
   <trkpt lat="45.8347170" lon="6.6944070">
    <ele>2260.7</ele>
    <time>2022-07-09T12:04:48Z</time>
   </trkpt>
   <trkpt lat="45.8347360" lon="6.6944170">
    <ele>2260.0</ele>
    <time>2022-07-09T12:04:49Z</time>
   </trkpt>
   <trkpt lat="45.8347470" lon="6.6944320">
    <ele>2259.5</ele>
    <time>2022-07-09T12:04:50Z</time>
   </trkpt>
   <trkpt lat="45.8347590" lon="6.6944280">
    <ele>2259.1</ele>
    <time>2022-07-09T12:04:51Z</time>
   </trkpt>
   <trkpt lat="45.8347630" lon="6.6944340">
    <ele>2258.9</ele>
    <time>2022-07-09T12:04:52Z</time>
   </trkpt>
   <trkpt lat="45.8347700" lon="6.6944340">
    <ele>2258.7</ele>
    <time>2022-07-09T12:04:53Z</time>
   </trkpt>
   <trkpt lat="45.8347830" lon="6.6944380">
    <ele>2258.2</ele>
    <time>2022-07-09T12:04:54Z</time>
   </trkpt>
   <trkpt lat="45.8347890" lon="6.6944630">
    <ele>2257.5</ele>
    <time>2022-07-09T12:04:55Z</time>
   </trkpt>
   <trkpt lat="45.8347980" lon="6.6944790">
    <ele>2257.0</ele>
    <time>2022-07-09T12:04:56Z</time>
   </trkpt>
   <trkpt lat="45.8348180" lon="6.6944770">
    <ele>2256.3</ele>
    <time>2022-07-09T12:04:57Z</time>
   </trkpt>
   <trkpt lat="45.8348220" lon="6.6944410">
    <ele>2255.4</ele>
    <time>2022-07-09T12:04:58Z</time>
   </trkpt>
   <trkpt lat="45.8348190" lon="6.6944200">
    <ele>2254.9</ele>
    <time>2022-07-09T12:04:59Z</time>
   </trkpt>
   <trkpt lat="45.8348160" lon="6.6944060">
    <ele>2254.5</ele>
    <time>2022-07-09T12:05:00Z</time>
   </trkpt>
   <trkpt lat="45.8348110" lon="6.6944050">
    <ele>2254.3</ele>
    <time>2022-07-09T12:05:01Z</time>
   </trkpt>
   <trkpt lat="45.8348160" lon="6.6943960">
    <ele>2254.0</ele>
    <time>2022-07-09T12:05:02Z</time>
   </trkpt>
   <trkpt lat="45.8348150" lon="6.6943890">
    <ele>2253.9</ele>
    <time>2022-07-09T12:05:03Z</time>
   </trkpt>
   <trkpt lat="45.8348080" lon="6.6943940">
    <ele>2253.6</ele>
    <time>2022-07-09T12:05:04Z</time>
   </trkpt>
   <trkpt lat="45.8348100" lon="6.6944000">
    <ele>2253.4</ele>
    <time>2022-07-09T12:05:05Z</time>
   </trkpt>
   <trkpt lat="45.8348090" lon="6.6943820">
    <ele>2252.9</ele>
    <time>2022-07-09T12:05:06Z</time>
   </trkpt>
   <trkpt lat="45.8348180" lon="6.6943670">
    <ele>2252.4</ele>
    <time>2022-07-09T12:05:07Z</time>
   </trkpt>
   <trkpt lat="45.8348180" lon="6.6943450">
    <ele>2251.9</ele>
    <time>2022-07-09T12:05:08Z</time>
   </trkpt>
   <trkpt lat="45.8348340" lon="6.6943370">
    <ele>2251.3</ele>
    <time>2022-07-09T12:05:09Z</time>
   </trkpt>
   <trkpt lat="45.8348440" lon="6.6943300">
    <ele>2250.8</ele>
    <time>2022-07-09T12:05:10Z</time>
   </trkpt>
   <trkpt lat="45.8348550" lon="6.6943230">
    <ele>2250.4</ele>
    <time>2022-07-09T12:05:11Z</time>
   </trkpt>
   <trkpt lat="45.8348680" lon="6.6943070">
    <ele>2249.8</ele>
    <time>2022-07-09T12:05:12Z</time>
   </trkpt>
   <trkpt lat="45.8348710" lon="6.6942860">
    <ele>2249.2</ele>
    <time>2022-07-09T12:05:13Z</time>
   </trkpt>
   <trkpt lat="45.8348620" lon="6.6942680">
    <ele>2248.6</ele>
    <time>2022-07-09T12:05:14Z</time>
   </trkpt>
   <trkpt lat="45.8348480" lon="6.6942690">
    <ele>2248.1</ele>
    <time>2022-07-09T12:05:15Z</time>
   </trkpt>
   <trkpt lat="45.8348430" lon="6.6942690">
    <ele>2247.9</ele>
    <time>2022-07-09T12:05:16Z</time>
   </trkpt>
   <trkpt lat="45.8348380" lon="6.6942650">
    <ele>2247.7</ele>
    <time>2022-07-09T12:05:17Z</time>
   </trkpt>
   <trkpt lat="45.8348350" lon="6.6942580">
    <ele>2247.6</ele>
    <time>2022-07-09T12:05:18Z</time>
   </trkpt>
   <trkpt lat="45.8348480" lon="6.6942680">
    <ele>2247.0</ele>
    <time>2022-07-09T12:05:19Z</time>
   </trkpt>
   <trkpt lat="45.8348570" lon="6.6942650">
    <ele>2246.8</ele>
    <time>2022-07-09T12:05:20Z</time>
   </trkpt>
   <trkpt lat="45.8348670" lon="6.6942540">
    <ele>2246.3</ele>
    <time>2022-07-09T12:05:21Z</time>
   </trkpt>
   <trkpt lat="45.8348740" lon="6.6942530">
    <ele>2246.1</ele>
    <time>2022-07-09T12:05:22Z</time>
   </trkpt>
   <trkpt lat="45.8348980" lon="6.6942570">
    <ele>2245.2</ele>
    <time>2022-07-09T12:05:23Z</time>
   </trkpt>
   <trkpt lat="45.8349050" lon="6.6942580">
    <ele>2245.1</ele>
    <time>2022-07-09T12:05:24Z</time>
   </trkpt>
   <trkpt lat="45.8349080" lon="6.6942190">
    <ele>2244.1</ele>
    <time>2022-07-09T12:05:25Z</time>
   </trkpt>
   <trkpt lat="45.8349080" lon="6.6942050">
    <ele>2243.8</ele>
    <time>2022-07-09T12:05:26Z</time>
   </trkpt>
   <trkpt lat="45.8349220" lon="6.6941840">
    <ele>2243.1</ele>
    <time>2022-07-09T12:05:27Z</time>
   </trkpt>
   <trkpt lat="45.8349260" lon="6.6941650">
    <ele>2242.6</ele>
    <time>2022-07-09T12:05:28Z</time>
   </trkpt>
   <trkpt lat="45.8349280" lon="6.6941450">
    <ele>2242.2</ele>
    <time>2022-07-09T12:05:29Z</time>
   </trkpt>
   <trkpt lat="45.8349440" lon="6.6941330">
    <ele>2241.6</ele>
    <time>2022-07-09T12:05:30Z</time>
   </trkpt>
   <trkpt lat="45.8349480" lon="6.6940820">
    <ele>2240.3</ele>
    <time>2022-07-09T12:05:31Z</time>
   </trkpt>
   <trkpt lat="45.8349460" lon="6.6940620">
    <ele>2239.8</ele>
    <time>2022-07-09T12:05:32Z</time>
   </trkpt>
   <trkpt lat="45.8349500" lon="6.6940460">
    <ele>2239.4</ele>
    <time>2022-07-09T12:05:33Z</time>
   </trkpt>
   <trkpt lat="45.8349630" lon="6.6940330">
    <ele>2238.9</ele>
    <time>2022-07-09T12:05:34Z</time>
   </trkpt>
   <trkpt lat="45.8349700" lon="6.6940300">
    <ele>2238.7</ele>
    <time>2022-07-09T12:05:35Z</time>
   </trkpt>
   <trkpt lat="45.8349990" lon="6.6940560">
    <ele>2237.5</ele>
    <time>2022-07-09T12:05:36Z</time>
   </trkpt>
   <trkpt lat="45.8350090" lon="6.6940610">
    <ele>2237.2</ele>
    <time>2022-07-09T12:05:37Z</time>
   </trkpt>
   <trkpt lat="45.8350280" lon="6.6940210">
    <ele>2236.0</ele>
    <time>2022-07-09T12:05:38Z</time>
   </trkpt>
   <trkpt lat="45.8350280" lon="6.6940050">
    <ele>2235.6</ele>
    <time>2022-07-09T12:05:39Z</time>
   </trkpt>
   <trkpt lat="45.8350410" lon="6.6939920">
    <ele>2235.1</ele>
    <time>2022-07-09T12:05:40Z</time>
   </trkpt>
   <trkpt lat="45.8350540" lon="6.6940010">
    <ele>2234.6</ele>
    <time>2022-07-09T12:05:41Z</time>
   </trkpt>
   <trkpt lat="45.8350660" lon="6.6940100">
    <ele>2234.2</ele>
    <time>2022-07-09T12:05:42Z</time>
   </trkpt>
   <trkpt lat="45.8350740" lon="6.6940330">
    <ele>2233.6</ele>
    <time>2022-07-09T12:05:43Z</time>
   </trkpt>
   <trkpt lat="45.8350820" lon="6.6940490">
    <ele>2233.1</ele>
    <time>2022-07-09T12:05:44Z</time>
   </trkpt>
   <trkpt lat="45.8350940" lon="6.6940560">
    <ele>2232.8</ele>
    <time>2022-07-09T12:05:45Z</time>
   </trkpt>
   <trkpt lat="45.8351100" lon="6.6940480">
    <ele>2232.2</ele>
    <time>2022-07-09T12:05:46Z</time>
   </trkpt>
   <trkpt lat="45.8351270" lon="6.6940450">
    <ele>2231.6</ele>
    <time>2022-07-09T12:05:47Z</time>
   </trkpt>
   <trkpt lat="45.8351370" lon="6.6940410">
    <ele>2231.3</ele>
    <time>2022-07-09T12:05:48Z</time>
   </trkpt>
   <trkpt lat="45.8351460" lon="6.6940370">
    <ele>2231.1</ele>
    <time>2022-07-09T12:05:49Z</time>
   </trkpt>
   <trkpt lat="45.8351570" lon="6.6940380">
    <ele>2230.7</ele>
    <time>2022-07-09T12:05:50Z</time>
   </trkpt>
   <trkpt lat="45.8351670" lon="6.6940450">
    <ele>2230.4</ele>
    <time>2022-07-09T12:05:51Z</time>
   </trkpt>
   <trkpt lat="45.8351760" lon="6.6940620">
    <ele>2229.9</ele>
    <time>2022-07-09T12:05:52Z</time>
   </trkpt>
   <trkpt lat="45.8351910" lon="6.6940770">
    <ele>2229.3</ele>
    <time>2022-07-09T12:05:53Z</time>
   </trkpt>
   <trkpt lat="45.8351980" lon="6.6940890">
    <ele>2229.0</ele>
    <time>2022-07-09T12:05:54Z</time>
   </trkpt>
   <trkpt lat="45.8352050" lon="6.6941010">
    <ele>2228.7</ele>
    <time>2022-07-09T12:05:55Z</time>
   </trkpt>
   <trkpt lat="45.8352220" lon="6.6940990">
    <ele>2228.1</ele>
    <time>2022-07-09T12:05:56Z</time>
   </trkpt>
   <trkpt lat="45.8352340" lon="6.6940820">
    <ele>2227.6</ele>
    <time>2022-07-09T12:05:57Z</time>
   </trkpt>
   <trkpt lat="45.8352450" lon="6.6940660">
    <ele>2227.1</ele>
    <time>2022-07-09T12:05:58Z</time>
   </trkpt>
   <trkpt lat="45.8352510" lon="6.6940520">
    <ele>2226.8</ele>
    <time>2022-07-09T12:05:59Z</time>
   </trkpt>
   <trkpt lat="45.8352590" lon="6.6940440">
    <ele>2226.5</ele>
    <time>2022-07-09T12:06:00Z</time>
   </trkpt>
   <trkpt lat="45.8352760" lon="6.6940440">
    <ele>2225.9</ele>
    <time>2022-07-09T12:06:01Z</time>
   </trkpt>
   <trkpt lat="45.8352840" lon="6.6940470">
    <ele>2225.7</ele>
    <time>2022-07-09T12:06:02Z</time>
   </trkpt>
   <trkpt lat="45.8352970" lon="6.6940530">
    <ele>2225.3</ele>
    <time>2022-07-09T12:06:03Z</time>
   </trkpt>
   <trkpt lat="45.8353090" lon="6.6940830">
    <ele>2224.5</ele>
    <time>2022-07-09T12:06:04Z</time>
   </trkpt>
   <trkpt lat="45.8353180" lon="6.6941020">
    <ele>2224.0</ele>
    <time>2022-07-09T12:06:05Z</time>
   </trkpt>
   <trkpt lat="45.8353340" lon="6.6941100">
    <ele>2223.5</ele>
    <time>2022-07-09T12:06:06Z</time>
   </trkpt>
   <trkpt lat="45.8353430" lon="6.6941290">
    <ele>2223.1</ele>
    <time>2022-07-09T12:06:07Z</time>
   </trkpt>
   <trkpt lat="45.8353590" lon="6.6941350">
    <ele>2222.5</ele>
    <time>2022-07-09T12:06:08Z</time>
   </trkpt>
   <trkpt lat="45.8353760" lon="6.6941300">
    <ele>2222.1</ele>
    <time>2022-07-09T12:06:09Z</time>
   </trkpt>
   <trkpt lat="45.8353890" lon="6.6941280">
    <ele>2221.6</ele>
    <time>2022-07-09T12:06:10Z</time>
   </trkpt>
   <trkpt lat="45.8354030" lon="6.6941380">
    <ele>2221.2</ele>
    <time>2022-07-09T12:06:11Z</time>
   </trkpt>
   <trkpt lat="45.8354180" lon="6.6941340">
    <ele>2220.8</ele>
    <time>2022-07-09T12:06:12Z</time>
   </trkpt>
   <trkpt lat="45.8354300" lon="6.6941330">
    <ele>2220.4</ele>
    <time>2022-07-09T12:06:13Z</time>
   </trkpt>
   <trkpt lat="45.8354420" lon="6.6941100">
    <ele>2219.8</ele>
    <time>2022-07-09T12:06:14Z</time>
   </trkpt>
   <trkpt lat="45.8354350" lon="6.6940610">
    <ele>2218.7</ele>
    <time>2022-07-09T12:06:15Z</time>
   </trkpt>
   <trkpt lat="45.8354320" lon="6.6940480">
    <ele>2218.5</ele>
    <time>2022-07-09T12:06:16Z</time>
   </trkpt>
   <trkpt lat="45.8354330" lon="6.6940220">
    <ele>2218.0</ele>
    <time>2022-07-09T12:06:17Z</time>
   </trkpt>
   <trkpt lat="45.8354370" lon="6.6940020">
    <ele>2217.5</ele>
    <time>2022-07-09T12:06:18Z</time>
   </trkpt>
   <trkpt lat="45.8354700" lon="6.6940190">
    <ele>2216.4</ele>
    <time>2022-07-09T12:06:19Z</time>
   </trkpt>
   <trkpt lat="45.8354770" lon="6.6940340">
    <ele>2216.1</ele>
    <time>2022-07-09T12:06:20Z</time>
   </trkpt>
   <trkpt lat="45.8354840" lon="6.6940600">
    <ele>2215.5</ele>
    <time>2022-07-09T12:06:21Z</time>
   </trkpt>
   <trkpt lat="45.8355020" lon="6.6940570">
    <ele>2215.0</ele>
    <time>2022-07-09T12:06:22Z</time>
   </trkpt>
   <trkpt lat="45.8355170" lon="6.6940220">
    <ele>2214.1</ele>
    <time>2022-07-09T12:06:23Z</time>
   </trkpt>
   <trkpt lat="45.8355180" lon="6.6940030">
    <ele>2213.7</ele>
    <time>2022-07-09T12:06:24Z</time>
   </trkpt>
   <trkpt lat="45.8355320" lon="6.6939860">
    <ele>2213.2</ele>
    <time>2022-07-09T12:06:25Z</time>
   </trkpt>
   <trkpt lat="45.8355430" lon="6.6939940">
    <ele>2212.8</ele>
    <time>2022-07-09T12:06:26Z</time>
   </trkpt>
   <trkpt lat="45.8355540" lon="6.6940030">
    <ele>2212.5</ele>
    <time>2022-07-09T12:06:27Z</time>
   </trkpt>
   <trkpt lat="45.8355650" lon="6.6940140">
    <ele>2212.1</ele>
    <time>2022-07-09T12:06:28Z</time>
   </trkpt>
   <trkpt lat="45.8355750" lon="6.6940020">
    <ele>2211.7</ele>
    <time>2022-07-09T12:06:29Z</time>
   </trkpt>
   <trkpt lat="45.8355660" lon="6.6939800">
    <ele>2211.2</ele>
    <time>2022-07-09T12:06:30Z</time>
   </trkpt>
   <trkpt lat="45.8355500" lon="6.6939660">
    <ele>2210.6</ele>
    <time>2022-07-09T12:06:31Z</time>
   </trkpt>
   <trkpt lat="45.8355460" lon="6.6939580">
    <ele>2210.5</ele>
    <time>2022-07-09T12:06:32Z</time>
   </trkpt>
   <trkpt lat="45.8355600" lon="6.6939470">
    <ele>2210.0</ele>
    <time>2022-07-09T12:06:33Z</time>
   </trkpt>
   <trkpt lat="45.8355760" lon="6.6939410">
    <ele>2209.5</ele>
    <time>2022-07-09T12:06:34Z</time>
   </trkpt>
   <trkpt lat="45.8355990" lon="6.6939710">
    <ele>2208.5</ele>
    <time>2022-07-09T12:06:35Z</time>
   </trkpt>
   <trkpt lat="45.8356080" lon="6.6939810">
    <ele>2208.2</ele>
    <time>2022-07-09T12:06:36Z</time>
   </trkpt>
   <trkpt lat="45.8356240" lon="6.6939910">
    <ele>2207.7</ele>
    <time>2022-07-09T12:06:37Z</time>
   </trkpt>
   <trkpt lat="45.8356360" lon="6.6940030">
    <ele>2207.2</ele>
    <time>2022-07-09T12:06:38Z</time>
   </trkpt>
   <trkpt lat="45.8356440" lon="6.6940220">
    <ele>2206.7</ele>
    <time>2022-07-09T12:06:39Z</time>
   </trkpt>
   <trkpt lat="45.8356590" lon="6.6940270">
    <ele>2206.3</ele>
    <time>2022-07-09T12:06:40Z</time>
   </trkpt>
   <trkpt lat="45.8356830" lon="6.6940000">
    <ele>2205.2</ele>
    <time>2022-07-09T12:06:41Z</time>
   </trkpt>
   <trkpt lat="45.8356880" lon="6.6939910">
    <ele>2205.1</ele>
    <time>2022-07-09T12:06:42Z</time>
   </trkpt>
   <trkpt lat="45.8357050" lon="6.6939700">
    <ele>2204.4</ele>
    <time>2022-07-09T12:06:43Z</time>
   </trkpt>
   <trkpt lat="45.8357130" lon="6.6939650">
    <ele>2204.2</ele>
    <time>2022-07-09T12:06:44Z</time>
   </trkpt>
   <trkpt lat="45.8357220" lon="6.6939600">
    <ele>2203.9</ele>
    <time>2022-07-09T12:06:45Z</time>
   </trkpt>
   <trkpt lat="45.8357360" lon="6.6939580">
    <ele>2203.5</ele>
    <time>2022-07-09T12:06:46Z</time>
   </trkpt>
   <trkpt lat="45.8357490" lon="6.6939670">
    <ele>2203.1</ele>
    <time>2022-07-09T12:06:47Z</time>
   </trkpt>
   <trkpt lat="45.8357610" lon="6.6940020">
    <ele>2202.1</ele>
    <time>2022-07-09T12:06:48Z</time>
   </trkpt>
   <trkpt lat="45.8357730" lon="6.6940180">
    <ele>2201.7</ele>
    <time>2022-07-09T12:06:49Z</time>
   </trkpt>
   <trkpt lat="45.8357840" lon="6.6940160">
    <ele>2201.4</ele>
    <time>2022-07-09T12:06:50Z</time>
   </trkpt>
   <trkpt lat="45.8357960" lon="6.6939910">
    <ele>2200.7</ele>
    <time>2022-07-09T12:06:51Z</time>
   </trkpt>
   <trkpt lat="45.8358010" lon="6.6939890">
    <ele>2200.6</ele>
    <time>2022-07-09T12:06:52Z</time>
   </trkpt>
   <trkpt lat="45.8357870" lon="6.6939700">
    <ele>2200.0</ele>
    <time>2022-07-09T12:06:53Z</time>
   </trkpt>
   <trkpt lat="45.8357860" lon="6.6939500">
    <ele>2199.6</ele>
    <time>2022-07-09T12:06:54Z</time>
   </trkpt>
   <trkpt lat="45.8357740" lon="6.6939460">
    <ele>2199.2</ele>
    <time>2022-07-09T12:06:55Z</time>
   </trkpt>
   <trkpt lat="45.8357740" lon="6.6939410">
    <ele>2199.2</ele>
    <time>2022-07-09T12:06:56Z</time>
   </trkpt>
   <trkpt lat="45.8357690" lon="6.6939190">
    <ele>2198.7</ele>
    <time>2022-07-09T12:06:57Z</time>
   </trkpt>
   <trkpt lat="45.8357770" lon="6.6939120">
    <ele>2198.4</ele>
    <time>2022-07-09T12:06:58Z</time>
   </trkpt>
   <trkpt lat="45.8357880" lon="6.6939220">
    <ele>2197.9</ele>
    <time>2022-07-09T12:06:59Z</time>
   </trkpt>
   <trkpt lat="45.8357980" lon="6.6939280">
    <ele>2197.5</ele>
    <time>2022-07-09T12:07:00Z</time>
   </trkpt>
   <trkpt lat="45.8358180" lon="6.6939350">
    <ele>2196.8</ele>
    <time>2022-07-09T12:07:01Z</time>
   </trkpt>
   <trkpt lat="45.8358250" lon="6.6939590">
    <ele>2196.2</ele>
    <time>2022-07-09T12:07:02Z</time>
   </trkpt>
   <trkpt lat="45.8358370" lon="6.6939700">
    <ele>2195.6</ele>
    <time>2022-07-09T12:07:03Z</time>
   </trkpt>
   <trkpt lat="45.8358540" lon="6.6939720">
    <ele>2195.0</ele>
    <time>2022-07-09T12:07:04Z</time>
   </trkpt>
   <trkpt lat="45.8358680" lon="6.6939700">
    <ele>2194.5</ele>
    <time>2022-07-09T12:07:05Z</time>
   </trkpt>
   <trkpt lat="45.8358740" lon="6.6939550">
    <ele>2194.0</ele>
    <time>2022-07-09T12:07:06Z</time>
   </trkpt>
   <trkpt lat="45.8358720" lon="6.6939320">
    <ele>2193.4</ele>
    <time>2022-07-09T12:07:07Z</time>
   </trkpt>
   <trkpt lat="45.8358720" lon="6.6939110">
    <ele>2192.9</ele>
    <time>2022-07-09T12:07:08Z</time>
   </trkpt>
   <trkpt lat="45.8358790" lon="6.6939030">
    <ele>2192.5</ele>
    <time>2022-07-09T12:07:09Z</time>
   </trkpt>
   <trkpt lat="45.8358890" lon="6.6939140">
    <ele>2192.0</ele>
    <time>2022-07-09T12:07:10Z</time>
   </trkpt>
   <trkpt lat="45.8358960" lon="6.6939190">
    <ele>2191.8</ele>
    <time>2022-07-09T12:07:11Z</time>
   </trkpt>
   <trkpt lat="45.8359000" lon="6.6939040">
    <ele>2191.3</ele>
    <time>2022-07-09T12:07:12Z</time>
   </trkpt>
   <trkpt lat="45.8359050" lon="6.6938880">
    <ele>2190.9</ele>
    <time>2022-07-09T12:07:13Z</time>
   </trkpt>
   <trkpt lat="45.8359150" lon="6.6939040">
    <ele>2190.3</ele>
    <time>2022-07-09T12:07:14Z</time>
   </trkpt>
   <trkpt lat="45.8359250" lon="6.6939200">
    <ele>2189.8</ele>
    <time>2022-07-09T12:07:15Z</time>
   </trkpt>
   <trkpt lat="45.8359350" lon="6.6939360">
    <ele>2189.2</ele>
    <time>2022-07-09T12:07:16Z</time>
   </trkpt>
   <trkpt lat="45.8359420" lon="6.6939500">
    <ele>2188.7</ele>
    <time>2022-07-09T12:07:17Z</time>
   </trkpt>
   <trkpt lat="45.8359480" lon="6.6939580">
    <ele>2188.4</ele>
    <time>2022-07-09T12:07:18Z</time>
   </trkpt>
   <trkpt lat="45.8359450" lon="6.6939550">
    <ele>2188.2</ele>
    <time>2022-07-09T12:07:19Z</time>
   </trkpt>
   <trkpt lat="45.8359370" lon="6.6939390">
    <ele>2187.7</ele>
    <time>2022-07-09T12:07:20Z</time>
   </trkpt>
   <trkpt lat="45.8359420" lon="6.6939460">
    <ele>2187.4</ele>
    <time>2022-07-09T12:07:21Z</time>
   </trkpt>
   <trkpt lat="45.8359550" lon="6.6939600">
    <ele>2186.8</ele>
    <time>2022-07-09T12:07:22Z</time>
   </trkpt>
   <trkpt lat="45.8359600" lon="6.6939640">
    <ele>2186.5</ele>
    <time>2022-07-09T12:07:23Z</time>
   </trkpt>
   <trkpt lat="45.8359790" lon="6.6939820">
    <ele>2185.6</ele>
    <time>2022-07-09T12:07:24Z</time>
   </trkpt>
   <trkpt lat="45.8359890" lon="6.6939780">
    <ele>2185.2</ele>
    <time>2022-07-09T12:07:25Z</time>
   </trkpt>
   <trkpt lat="45.8359990" lon="6.6939630">
    <ele>2184.6</ele>
    <time>2022-07-09T12:07:26Z</time>
   </trkpt>
   <trkpt lat="45.8359910" lon="6.6939350">
    <ele>2183.7</ele>
    <time>2022-07-09T12:07:27Z</time>
   </trkpt>
   <trkpt lat="45.8359910" lon="6.6939130">
    <ele>2183.1</ele>
    <time>2022-07-09T12:07:28Z</time>
   </trkpt>
   <trkpt lat="45.8359860" lon="6.6939080">
    <ele>2182.8</ele>
    <time>2022-07-09T12:07:29Z</time>
   </trkpt>
   <trkpt lat="45.8359790" lon="6.6939090">
    <ele>2182.5</ele>
    <time>2022-07-09T12:07:30Z</time>
   </trkpt>
   <trkpt lat="45.8359840" lon="6.6938960">
    <ele>2182.1</ele>
    <time>2022-07-09T12:07:31Z</time>
   </trkpt>
   <trkpt lat="45.8359900" lon="6.6939000">
    <ele>2181.8</ele>
    <time>2022-07-09T12:07:32Z</time>
   </trkpt>
   <trkpt lat="45.8359970" lon="6.6938880">
    <ele>2181.4</ele>
    <time>2022-07-09T12:07:33Z</time>
   </trkpt>
   <trkpt lat="45.8359950" lon="6.6938800">
    <ele>2181.1</ele>
    <time>2022-07-09T12:07:34Z</time>
   </trkpt>
   <trkpt lat="45.8359990" lon="6.6938720">
    <ele>2180.8</ele>
    <time>2022-07-09T12:07:35Z</time>
   </trkpt>
   <trkpt lat="45.8359920" lon="6.6938480">
    <ele>2180.1</ele>
    <time>2022-07-09T12:07:36Z</time>
   </trkpt>
   <trkpt lat="45.8359830" lon="6.6938400">
    <ele>2179.6</ele>
    <time>2022-07-09T12:07:37Z</time>
   </trkpt>
   <trkpt lat="45.8359950" lon="6.6938360">
    <ele>2179.1</ele>
    <time>2022-07-09T12:07:38Z</time>
   </trkpt>
   <trkpt lat="45.8360000" lon="6.6938530">
    <ele>2178.5</ele>
    <time>2022-07-09T12:07:39Z</time>
   </trkpt>
   <trkpt lat="45.8360080" lon="6.6938620">
    <ele>2178.1</ele>
    <time>2022-07-09T12:07:40Z</time>
   </trkpt>
   <trkpt lat="45.8360110" lon="6.6938560">
    <ele>2177.8</ele>
    <time>2022-07-09T12:07:41Z</time>
   </trkpt>
   <trkpt lat="45.8360120" lon="6.6938360">
    <ele>2177.2</ele>
    <time>2022-07-09T12:07:42Z</time>
   </trkpt>
   <trkpt lat="45.8360020" lon="6.6938120">
    <ele>2176.4</ele>
    <time>2022-07-09T12:07:43Z</time>
   </trkpt>
   <trkpt lat="45.8359980" lon="6.6937980">
    <ele>2175.9</ele>
    <time>2022-07-09T12:07:44Z</time>
   </trkpt>
   <trkpt lat="45.8359950" lon="6.6937940">
    <ele>2175.7</ele>
    <time>2022-07-09T12:07:45Z</time>
   </trkpt>
   <trkpt lat="45.8359940" lon="6.6937880">
    <ele>2175.6</ele>
    <time>2022-07-09T12:07:46Z</time>
   </trkpt>
   <trkpt lat="45.8359990" lon="6.6937680">
    <ele>2174.9</ele>
    <time>2022-07-09T12:07:47Z</time>
   </trkpt>
   <trkpt lat="45.8360120" lon="6.6937610">
    <ele>2174.3</ele>
    <time>2022-07-09T12:07:48Z</time>
   </trkpt>
   <trkpt lat="45.8360090" lon="6.6937620">
    <ele>2174.2</ele>
    <time>2022-07-09T12:07:49Z</time>
   </trkpt>
   <trkpt lat="45.8360230" lon="6.6937690">
    <ele>2173.5</ele>
    <time>2022-07-09T12:07:50Z</time>
   </trkpt>
   <trkpt lat="45.8360290" lon="6.6937910">
    <ele>2172.8</ele>
    <time>2022-07-09T12:07:51Z</time>
   </trkpt>
   <trkpt lat="45.8360450" lon="6.6937970">
    <ele>2172.1</ele>
    <time>2022-07-09T12:07:52Z</time>
   </trkpt>
   <trkpt lat="45.8360490" lon="6.6937930">
    <ele>2171.9</ele>
    <time>2022-07-09T12:07:53Z</time>
   </trkpt>
   <trkpt lat="45.8360540" lon="6.6937880">
    <ele>2171.6</ele>
    <time>2022-07-09T12:07:54Z</time>
   </trkpt>
   <trkpt lat="45.8360580" lon="6.6937840">
    <ele>2171.4</ele>
    <time>2022-07-09T12:07:55Z</time>
   </trkpt>
   <trkpt lat="45.8360630" lon="6.6937790">
    <ele>2171.2</ele>
    <time>2022-07-09T12:07:56Z</time>
   </trkpt>
   <trkpt lat="45.8360670" lon="6.6937750">
    <ele>2171.0</ele>
    <time>2022-07-09T12:07:57Z</time>
   </trkpt>
   <trkpt lat="45.8360780" lon="6.6937880">
    <ele>2170.4</ele>
    <time>2022-07-09T12:07:58Z</time>
   </trkpt>
   <trkpt lat="45.8360860" lon="6.6938010">
    <ele>2169.9</ele>
    <time>2022-07-09T12:07:59Z</time>
   </trkpt>
   <trkpt lat="45.8360880" lon="6.6937930">
    <ele>2169.6</ele>
    <time>2022-07-09T12:08:00Z</time>
   </trkpt>
   <trkpt lat="45.8360930" lon="6.6937760">
    <ele>2169.1</ele>
    <time>2022-07-09T12:08:01Z</time>
   </trkpt>
   <trkpt lat="45.8360920" lon="6.6937580">
    <ele>2168.6</ele>
    <time>2022-07-09T12:08:02Z</time>
   </trkpt>
   <trkpt lat="45.8360890" lon="6.6937670">
    <ele>2168.4</ele>
    <time>2022-07-09T12:08:03Z</time>
   </trkpt>
   <trkpt lat="45.8360850" lon="6.6937560">
    <ele>2168.0</ele>
    <time>2022-07-09T12:08:04Z</time>
   </trkpt>
   <trkpt lat="45.8360800" lon="6.6937530">
    <ele>2167.8</ele>
    <time>2022-07-09T12:08:05Z</time>
   </trkpt>
   <trkpt lat="45.8360800" lon="6.6937380">
    <ele>2167.4</ele>
    <time>2022-07-09T12:08:06Z</time>
   </trkpt>
   <trkpt lat="45.8360760" lon="6.6937180">
    <ele>2166.8</ele>
    <time>2022-07-09T12:08:07Z</time>
   </trkpt>
   <trkpt lat="45.8361020" lon="6.6937440">
    <ele>2165.6</ele>
    <time>2022-07-09T12:08:08Z</time>
   </trkpt>
   <trkpt lat="45.8361150" lon="6.6937570">
    <ele>2165.0</ele>
    <time>2022-07-09T12:08:09Z</time>
   </trkpt>
   <trkpt lat="45.8361310" lon="6.6937650">
    <ele>2164.4</ele>
    <time>2022-07-09T12:08:10Z</time>
   </trkpt>
   <trkpt lat="45.8361400" lon="6.6937710">
    <ele>2164.0</ele>
    <time>2022-07-09T12:08:11Z</time>
   </trkpt>
   <trkpt lat="45.8361490" lon="6.6937760">
    <ele>2163.7</ele>
    <time>2022-07-09T12:08:12Z</time>
   </trkpt>
   <trkpt lat="45.8361630" lon="6.6937740">
    <ele>2163.1</ele>
    <time>2022-07-09T12:08:13Z</time>
   </trkpt>
   <trkpt lat="45.8361740" lon="6.6937930">
    <ele>2162.5</ele>
    <time>2022-07-09T12:08:14Z</time>
   </trkpt>
   <trkpt lat="45.8361970" lon="6.6937940">
    <ele>2161.6</ele>
    <time>2022-07-09T12:08:15Z</time>
   </trkpt>
   <trkpt lat="45.8362050" lon="6.6937880">
    <ele>2161.3</ele>
    <time>2022-07-09T12:08:16Z</time>
   </trkpt>
   <trkpt lat="45.8362120" lon="6.6937810">
    <ele>2160.9</ele>
    <time>2022-07-09T12:08:17Z</time>
   </trkpt>
   <trkpt lat="45.8362160" lon="6.6937870">
    <ele>2160.7</ele>
    <time>2022-07-09T12:08:18Z</time>
   </trkpt>
   <trkpt lat="45.8362330" lon="6.6938000">
    <ele>2160.0</ele>
    <time>2022-07-09T12:08:19Z</time>
   </trkpt>
   <trkpt lat="45.8362410" lon="6.6937890">
    <ele>2159.5</ele>
    <time>2022-07-09T12:08:20Z</time>
   </trkpt>
   <trkpt lat="45.8362530" lon="6.6937650">
    <ele>2158.7</ele>
    <time>2022-07-09T12:08:21Z</time>
   </trkpt>
   <trkpt lat="45.8362610" lon="6.6937580">
    <ele>2158.4</ele>
    <time>2022-07-09T12:08:22Z</time>
   </trkpt>
   <trkpt lat="45.8362700" lon="6.6937510">
    <ele>2158.0</ele>
    <time>2022-07-09T12:08:23Z</time>
   </trkpt>
   <trkpt lat="45.8362950" lon="6.6937770">
    <ele>2156.8</ele>
    <time>2022-07-09T12:08:24Z</time>
   </trkpt>
   <trkpt lat="45.8363020" lon="6.6937810">
    <ele>2156.5</ele>
    <time>2022-07-09T12:08:25Z</time>
   </trkpt>
   <trkpt lat="45.8363190" lon="6.6937800">
    <ele>2155.8</ele>
    <time>2022-07-09T12:08:26Z</time>
   </trkpt>
   <trkpt lat="45.8363360" lon="6.6937820">
    <ele>2155.2</ele>
    <time>2022-07-09T12:08:27Z</time>
   </trkpt>
   <trkpt lat="45.8363630" lon="6.6937980">
    <ele>2154.1</ele>
    <time>2022-07-09T12:08:28Z</time>
   </trkpt>
   <trkpt lat="45.8363720" lon="6.6938050">
    <ele>2153.7</ele>
    <time>2022-07-09T12:08:29Z</time>
   </trkpt>
   <trkpt lat="45.8364020" lon="6.6938210">
    <ele>2152.4</ele>
    <time>2022-07-09T12:08:30Z</time>
   </trkpt>
   <trkpt lat="45.8364210" lon="6.6938110">
    <ele>2151.7</ele>
    <time>2022-07-09T12:08:31Z</time>
   </trkpt>
   <trkpt lat="45.8364290" lon="6.6938030">
    <ele>2151.3</ele>
    <time>2022-07-09T12:08:32Z</time>
   </trkpt>
   <trkpt lat="45.8364310" lon="6.6937880">
    <ele>2150.9</ele>
    <time>2022-07-09T12:08:33Z</time>
   </trkpt>
   <trkpt lat="45.8364360" lon="6.6937840">
    <ele>2150.7</ele>
    <time>2022-07-09T12:08:34Z</time>
   </trkpt>
   <trkpt lat="45.8364410" lon="6.6937790">
    <ele>2150.4</ele>
    <time>2022-07-09T12:08:35Z</time>
   </trkpt>
   <trkpt lat="45.8364460" lon="6.6937750">
    <ele>2150.2</ele>
    <time>2022-07-09T12:08:36Z</time>
   </trkpt>
   <trkpt lat="45.8364510" lon="6.6937710">
    <ele>2150.0</ele>
    <time>2022-07-09T12:08:37Z</time>
   </trkpt>
   <trkpt lat="45.8364560" lon="6.6937660">
    <ele>2149.8</ele>
    <time>2022-07-09T12:08:38Z</time>
   </trkpt>
   <trkpt lat="45.8364610" lon="6.6937540">
    <ele>2149.4</ele>
    <time>2022-07-09T12:08:39Z</time>
   </trkpt>
   <trkpt lat="45.8364480" lon="6.6937360">
    <ele>2148.7</ele>
    <time>2022-07-09T12:08:40Z</time>
   </trkpt>
   <trkpt lat="45.8364490" lon="6.6937180">
    <ele>2148.2</ele>
    <time>2022-07-09T12:08:41Z</time>
   </trkpt>
   <trkpt lat="45.8364450" lon="6.6937070">
    <ele>2147.9</ele>
    <time>2022-07-09T12:08:42Z</time>
   </trkpt>
   <trkpt lat="45.8364440" lon="6.6936980">
    <ele>2147.7</ele>
    <time>2022-07-09T12:08:43Z</time>
   </trkpt>
   <trkpt lat="45.8364500" lon="6.6937130">
    <ele>2147.2</ele>
    <time>2022-07-09T12:08:44Z</time>
   </trkpt>
   <trkpt lat="45.8364690" lon="6.6937140">
    <ele>2146.5</ele>
    <time>2022-07-09T12:08:45Z</time>
   </trkpt>
   <trkpt lat="45.8364740" lon="6.6937140">
    <ele>2146.3</ele>
    <time>2022-07-09T12:08:46Z</time>
   </trkpt>
   <trkpt lat="45.8364700" lon="6.6937100">
    <ele>2146.1</ele>
    <time>2022-07-09T12:08:47Z</time>
   </trkpt>
   <trkpt lat="45.8364680" lon="6.6937030">
    <ele>2145.9</ele>
    <time>2022-07-09T12:08:48Z</time>
   </trkpt>
   <trkpt lat="45.8364760" lon="6.6936940">
    <ele>2145.5</ele>
    <time>2022-07-09T12:08:49Z</time>
   </trkpt>
   <trkpt lat="45.8364600" lon="6.6936630">
    <ele>2144.5</ele>
    <time>2022-07-09T12:08:50Z</time>
   </trkpt>
   <trkpt lat="45.8364480" lon="6.6936440">
    <ele>2143.8</ele>
    <time>2022-07-09T12:08:51Z</time>
   </trkpt>
   <trkpt lat="45.8364370" lon="6.6936250">
    <ele>2143.2</ele>
    <time>2022-07-09T12:08:52Z</time>
   </trkpt>
   <trkpt lat="45.8364490" lon="6.6936400">
    <ele>2142.6</ele>
    <time>2022-07-09T12:08:53Z</time>
   </trkpt>
   <trkpt lat="45.8364690" lon="6.6936600">
    <ele>2141.6</ele>
    <time>2022-07-09T12:08:54Z</time>
   </trkpt>
   <trkpt lat="45.8364970" lon="6.6936830">
    <ele>2140.5</ele>
    <time>2022-07-09T12:08:55Z</time>
   </trkpt>
   <trkpt lat="45.8365050" lon="6.6936850">
    <ele>2140.2</ele>
    <time>2022-07-09T12:08:56Z</time>
   </trkpt>
   <trkpt lat="45.8365170" lon="6.6936760">
    <ele>2139.7</ele>
    <time>2022-07-09T12:08:57Z</time>
   </trkpt>
   <trkpt lat="45.8365330" lon="6.6936880">
    <ele>2139.0</ele>
    <time>2022-07-09T12:08:58Z</time>
   </trkpt>
   <trkpt lat="45.8365550" lon="6.6936960">
    <ele>2138.1</ele>
    <time>2022-07-09T12:08:59Z</time>
   </trkpt>
   <trkpt lat="45.8365710" lon="6.6937050">
    <ele>2137.5</ele>
    <time>2022-07-09T12:09:01Z</time>
   </trkpt>
   <trkpt lat="45.8365800" lon="6.6937140">
    <ele>2137.1</ele>
    <time>2022-07-09T12:09:02Z</time>
   </trkpt>
   <trkpt lat="45.8365940" lon="6.6937020">
    <ele>2136.5</ele>
    <time>2022-07-09T12:09:03Z</time>
   </trkpt>
   <trkpt lat="45.8365980" lon="6.6936940">
    <ele>2136.3</ele>
    <time>2022-07-09T12:09:04Z</time>
   </trkpt>
   <trkpt lat="45.8365960" lon="6.6936730">
    <ele>2135.8</ele>
    <time>2022-07-09T12:09:05Z</time>
   </trkpt>
   <trkpt lat="45.8366170" lon="6.6936850">
    <ele>2134.9</ele>
    <time>2022-07-09T12:09:06Z</time>
   </trkpt>
   <trkpt lat="45.8366330" lon="6.6936910">
    <ele>2134.4</ele>
    <time>2022-07-09T12:09:07Z</time>
   </trkpt>
   <trkpt lat="45.8366580" lon="6.6936820">
    <ele>2133.4</ele>
    <time>2022-07-09T12:09:08Z</time>
   </trkpt>
   <trkpt lat="45.8366660" lon="6.6936790">
    <ele>2133.1</ele>
    <time>2022-07-09T12:09:09Z</time>
   </trkpt>
   <trkpt lat="45.8366730" lon="6.6936760">
    <ele>2132.9</ele>
    <time>2022-07-09T12:09:10Z</time>
   </trkpt>
   <trkpt lat="45.8366930" lon="6.6936790">
    <ele>2132.2</ele>
    <time>2022-07-09T12:09:11Z</time>
   </trkpt>
   <trkpt lat="45.8367020" lon="6.6936800">
    <ele>2131.8</ele>
    <time>2022-07-09T12:09:12Z</time>
   </trkpt>
   <trkpt lat="45.8367110" lon="6.6936820">
    <ele>2131.5</ele>
    <time>2022-07-09T12:09:13Z</time>
   </trkpt>
   <trkpt lat="45.8367330" lon="6.6936970">
    <ele>2130.6</ele>
    <time>2022-07-09T12:09:14Z</time>
   </trkpt>
   <trkpt lat="45.8367400" lon="6.6937050">
    <ele>2130.3</ele>
    <time>2022-07-09T12:09:15Z</time>
   </trkpt>
   <trkpt lat="45.8367440" lon="6.6937270">
    <ele>2129.8</ele>
    <time>2022-07-09T12:09:16Z</time>
   </trkpt>
   <trkpt lat="45.8367490" lon="6.6937300">
    <ele>2129.6</ele>
    <time>2022-07-09T12:09:17Z</time>
   </trkpt>
   <trkpt lat="45.8367530" lon="6.6937340">
    <ele>2129.4</ele>
    <time>2022-07-09T12:09:19Z</time>
   </trkpt>
   <trkpt lat="45.8367570" lon="6.6937370">
    <ele>2129.3</ele>
    <time>2022-07-09T12:09:20Z</time>
   </trkpt>
   <trkpt lat="45.8367610" lon="6.6937410">
    <ele>2129.1</ele>
    <time>2022-07-09T12:09:21Z</time>
   </trkpt>
   <trkpt lat="45.8367650" lon="6.6937440">
    <ele>2128.9</ele>
    <time>2022-07-09T12:09:22Z</time>
   </trkpt>
   <trkpt lat="45.8367750" lon="6.6937370">
    <ele>2128.6</ele>
    <time>2022-07-09T12:09:23Z</time>
   </trkpt>
   <trkpt lat="45.8367830" lon="6.6937320">
    <ele>2128.3</ele>
    <time>2022-07-09T12:09:24Z</time>
   </trkpt>
   <trkpt lat="45.8367880" lon="6.6937330">
    <ele>2128.1</ele>
    <time>2022-07-09T12:09:25Z</time>
   </trkpt>
   <trkpt lat="45.8367940" lon="6.6937240">
    <ele>2127.8</ele>
    <time>2022-07-09T12:09:26Z</time>
   </trkpt>
   <trkpt lat="45.8368040" lon="6.6937230">
    <ele>2127.5</ele>
    <time>2022-07-09T12:09:27Z</time>
   </trkpt>
   <trkpt lat="45.8368120" lon="6.6937230">
    <ele>2127.2</ele>
    <time>2022-07-09T12:09:28Z</time>
   </trkpt>
   <trkpt lat="45.8368170" lon="6.6937250">
    <ele>2127.1</ele>
    <time>2022-07-09T12:09:29Z</time>
   </trkpt>
   <trkpt lat="45.8368190" lon="6.6937100">
    <ele>2126.7</ele>
    <time>2022-07-09T12:09:30Z</time>
   </trkpt>
   <trkpt lat="45.8368190" lon="6.6936950">
    <ele>2126.4</ele>
    <time>2022-07-09T12:09:31Z</time>
   </trkpt>
   <trkpt lat="45.8368140" lon="6.6936830">
    <ele>2126.0</ele>
    <time>2022-07-09T12:09:32Z</time>
   </trkpt>
   <trkpt lat="45.8368110" lon="6.6936800">
    <ele>2125.9</ele>
    <time>2022-07-09T12:09:33Z</time>
   </trkpt>
   <trkpt lat="45.8368210" lon="6.6936820">
    <ele>2125.6</ele>
    <time>2022-07-09T12:09:34Z</time>
   </trkpt>
   <trkpt lat="45.8368410" lon="6.6936800">
    <ele>2124.9</ele>
    <time>2022-07-09T12:09:35Z</time>
   </trkpt>
   <trkpt lat="45.8368590" lon="6.6936790">
    <ele>2124.3</ele>
    <time>2022-07-09T12:09:36Z</time>
   </trkpt>
   <trkpt lat="45.8368690" lon="6.6936860">
    <ele>2124.0</ele>
    <time>2022-07-09T12:09:37Z</time>
   </trkpt>
   <trkpt lat="45.8368780" lon="6.6936790">
    <ele>2123.6</ele>
    <time>2022-07-09T12:09:38Z</time>
   </trkpt>
   <trkpt lat="45.8368870" lon="6.6936710">
    <ele>2123.3</ele>
    <time>2022-07-09T12:09:39Z</time>
   </trkpt>
   <trkpt lat="45.8368950" lon="6.6936760">
    <ele>2123.0</ele>
    <time>2022-07-09T12:09:40Z</time>
   </trkpt>
   <trkpt lat="45.8369000" lon="6.6936850">
    <ele>2122.7</ele>
    <time>2022-07-09T12:09:41Z</time>
   </trkpt>
   <trkpt lat="45.8369060" lon="6.6936930">
    <ele>2122.4</ele>
    <time>2022-07-09T12:09:42Z</time>
   </trkpt>
   <trkpt lat="45.8369120" lon="6.6936850">
    <ele>2122.1</ele>
    <time>2022-07-09T12:09:43Z</time>
   </trkpt>
   <trkpt lat="45.8368960" lon="6.6936570">
    <ele>2121.2</ele>
    <time>2022-07-09T12:09:44Z</time>
   </trkpt>
   <trkpt lat="45.8368940" lon="6.6936570">
    <ele>2121.2</ele>
    <time>2022-07-09T12:09:45Z</time>
   </trkpt>
   <trkpt lat="45.8369000" lon="6.6936690">
    <ele>2120.8</ele>
    <time>2022-07-09T12:09:46Z</time>
   </trkpt>
   <trkpt lat="45.8369040" lon="6.6936630">
    <ele>2120.6</ele>
    <time>2022-07-09T12:09:47Z</time>
   </trkpt>
   <trkpt lat="45.8368970" lon="6.6936700">
    <ele>2120.3</ele>
    <time>2022-07-09T12:09:48Z</time>
   </trkpt>
   <trkpt lat="45.8369080" lon="6.6936640">
    <ele>2119.9</ele>
    <time>2022-07-09T12:09:49Z</time>
   </trkpt>
   <trkpt lat="45.8369120" lon="6.6936650">
    <ele>2119.7</ele>
    <time>2022-07-09T12:09:50Z</time>
   </trkpt>
   <trkpt lat="45.8369200" lon="6.6936690">
    <ele>2119.4</ele>
    <time>2022-07-09T12:09:51Z</time>
   </trkpt>
   <trkpt lat="45.8369250" lon="6.6936640">
    <ele>2119.2</ele>
    <time>2022-07-09T12:09:52Z</time>
   </trkpt>
   <trkpt lat="45.8369250" lon="6.6936610">
    <ele>2119.1</ele>
    <time>2022-07-09T12:09:53Z</time>
   </trkpt>
   <trkpt lat="45.8369290" lon="6.6936480">
    <ele>2118.8</ele>
    <time>2022-07-09T12:09:54Z</time>
   </trkpt>
   <trkpt lat="45.8369270" lon="6.6936440">
    <ele>2118.6</ele>
    <time>2022-07-09T12:09:55Z</time>
   </trkpt>
   <trkpt lat="45.8369220" lon="6.6936320">
    <ele>2118.3</ele>
    <time>2022-07-09T12:09:56Z</time>
   </trkpt>
   <trkpt lat="45.8369220" lon="6.6936150">
    <ele>2117.9</ele>
    <time>2022-07-09T12:09:57Z</time>
   </trkpt>
   <trkpt lat="45.8369220" lon="6.6935980">
    <ele>2117.5</ele>
    <time>2022-07-09T12:09:58Z</time>
   </trkpt>
   <trkpt lat="45.8369160" lon="6.6935860">
    <ele>2117.1</ele>
    <time>2022-07-09T12:09:59Z</time>
   </trkpt>
   <trkpt lat="45.8369120" lon="6.6935800">
    <ele>2116.9</ele>
    <time>2022-07-09T12:10:00Z</time>
   </trkpt>
   <trkpt lat="45.8369110" lon="6.6935730">
    <ele>2116.8</ele>
    <time>2022-07-09T12:10:01Z</time>
   </trkpt>
   <trkpt lat="45.8369160" lon="6.6935710">
    <ele>2116.6</ele>
    <time>2022-07-09T12:10:02Z</time>
   </trkpt>
   <trkpt lat="45.8369320" lon="6.6935760">
    <ele>2116.1</ele>
    <time>2022-07-09T12:10:03Z</time>
   </trkpt>
   <trkpt lat="45.8369440" lon="6.6935850">
    <ele>2115.7</ele>
    <time>2022-07-09T12:10:04Z</time>
   </trkpt>
   <trkpt lat="45.8369430" lon="6.6935810">
    <ele>2115.6</ele>
    <time>2022-07-09T12:10:05Z</time>
   </trkpt>
   <trkpt lat="45.8369430" lon="6.6935730">
    <ele>2115.4</ele>
    <time>2022-07-09T12:10:06Z</time>
   </trkpt>
   <trkpt lat="45.8369480" lon="6.6935470">
    <ele>2114.9</ele>
    <time>2022-07-09T12:10:07Z</time>
   </trkpt>
   <trkpt lat="45.8369520" lon="6.6935350">
    <ele>2114.6</ele>
    <time>2022-07-09T12:10:08Z</time>
   </trkpt>
   <trkpt lat="45.8369630" lon="6.6935430">
    <ele>2114.3</ele>
    <time>2022-07-09T12:10:09Z</time>
   </trkpt>
   <trkpt lat="45.8369840" lon="6.6935500">
    <ele>2113.9</ele>
    <time>2022-07-09T12:10:10Z</time>
   </trkpt>
   <trkpt lat="45.8370150" lon="6.6935680">
    <ele>2113.1</ele>
    <time>2022-07-09T12:10:11Z</time>
   </trkpt>
   <trkpt lat="45.8370240" lon="6.6935780">
    <ele>2112.9</ele>
    <time>2022-07-09T12:10:12Z</time>
   </trkpt>
   <trkpt lat="45.8370360" lon="6.6936180">
    <ele>2112.5</ele>
    <time>2022-07-09T12:10:13Z</time>
   </trkpt>
   <trkpt lat="45.8370380" lon="6.6936400">
    <ele>2112.2</ele>
    <time>2022-07-09T12:10:14Z</time>
   </trkpt>
   <trkpt lat="45.8370320" lon="6.6936510">
    <ele>2112.1</ele>
    <time>2022-07-09T12:10:15Z</time>
   </trkpt>
   <trkpt lat="45.8370310" lon="6.6936700">
    <ele>2111.9</ele>
    <time>2022-07-09T12:10:16Z</time>
   </trkpt>
   <trkpt lat="45.8370390" lon="6.6936910">
    <ele>2111.7</ele>
    <time>2022-07-09T12:10:17Z</time>
   </trkpt>
   <trkpt lat="45.8370370" lon="6.6937100">
    <ele>2111.6</ele>
    <time>2022-07-09T12:10:18Z</time>
   </trkpt>
   <trkpt lat="45.8370410" lon="6.6937250">
    <ele>2111.5</ele>
    <time>2022-07-09T12:10:19Z</time>
   </trkpt>
   <trkpt lat="45.8370520" lon="6.6937270">
    <ele>2111.4</ele>
    <time>2022-07-09T12:10:20Z</time>
   </trkpt>
   <trkpt lat="45.8370770" lon="6.6937520">
    <ele>2111.1</ele>
    <time>2022-07-09T12:10:21Z</time>
   </trkpt>
   <trkpt lat="45.8370830" lon="6.6937620">
    <ele>2111.0</ele>
    <time>2022-07-09T12:10:22Z</time>
   </trkpt>
   <trkpt lat="45.8371040" lon="6.6938030">
    <ele>2110.4</ele>
    <time>2022-07-09T12:10:23Z</time>
   </trkpt>
   <trkpt lat="45.8371330" lon="6.6938200">
    <ele>2110.1</ele>
    <time>2022-07-09T12:10:24Z</time>
   </trkpt>
   <trkpt lat="45.8371470" lon="6.6938290">
    <ele>2110.0</ele>
    <time>2022-07-09T12:10:25Z</time>
   </trkpt>
   <trkpt lat="45.8371830" lon="6.6938460">
    <ele>2109.7</ele>
    <time>2022-07-09T12:10:26Z</time>
   </trkpt>
   <trkpt lat="45.8371960" lon="6.6938500">
    <ele>2109.5</ele>
    <time>2022-07-09T12:10:27Z</time>
   </trkpt>
   <trkpt lat="45.8372310" lon="6.6938500">
    <ele>2109.2</ele>
    <time>2022-07-09T12:10:28Z</time>
   </trkpt>
   <trkpt lat="45.8372580" lon="6.6938640">
    <ele>2108.8</ele>
    <time>2022-07-09T12:10:29Z</time>
   </trkpt>
   <trkpt lat="45.8373020" lon="6.6938570">
    <ele>2108.2</ele>
    <time>2022-07-09T12:10:30Z</time>
   </trkpt>
   <trkpt lat="45.8373230" lon="6.6938590">
    <ele>2107.9</ele>
    <time>2022-07-09T12:10:31Z</time>
   </trkpt>
   <trkpt lat="45.8373830" lon="6.6938410">
    <ele>2106.8</ele>
    <time>2022-07-09T12:10:32Z</time>
   </trkpt>
   <trkpt lat="45.8374190" lon="6.6938290">
    <ele>2106.1</ele>
    <time>2022-07-09T12:10:33Z</time>
   </trkpt>
   <trkpt lat="45.8374480" lon="6.6938380">
    <ele>2105.4</ele>
    <time>2022-07-09T12:10:34Z</time>
   </trkpt>
   <trkpt lat="45.8374770" lon="6.6938510">
    <ele>2104.8</ele>
    <time>2022-07-09T12:10:35Z</time>
   </trkpt>
   <trkpt lat="45.8375080" lon="6.6938580">
    <ele>2104.1</ele>
    <time>2022-07-09T12:10:36Z</time>
   </trkpt>
   <trkpt lat="45.8375440" lon="6.6938700">
    <ele>2103.3</ele>
    <time>2022-07-09T12:10:37Z</time>
   </trkpt>
   <trkpt lat="45.8375730" lon="6.6938920">
    <ele>2102.6</ele>
    <time>2022-07-09T12:10:38Z</time>
   </trkpt>
   <trkpt lat="45.8376050" lon="6.6939000">
    <ele>2101.8</ele>
    <time>2022-07-09T12:10:39Z</time>
   </trkpt>
   <trkpt lat="45.8376390" lon="6.6939010">
    <ele>2101.1</ele>
    <time>2022-07-09T12:10:40Z</time>
   </trkpt>
   <trkpt lat="45.8376770" lon="6.6939160">
    <ele>2100.2</ele>
    <time>2022-07-09T12:10:41Z</time>
   </trkpt>
   <trkpt lat="45.8376910" lon="6.6939250">
    <ele>2099.9</ele>
    <time>2022-07-09T12:10:42Z</time>
   </trkpt>
   <trkpt lat="45.8377170" lon="6.6939400">
    <ele>2099.3</ele>
    <time>2022-07-09T12:10:43Z</time>
   </trkpt>
   <trkpt lat="45.8377530" lon="6.6939410">
    <ele>2098.5</ele>
    <time>2022-07-09T12:10:44Z</time>
   </trkpt>
   <trkpt lat="45.8377850" lon="6.6939410">
    <ele>2097.8</ele>
    <time>2022-07-09T12:10:45Z</time>
   </trkpt>
   <trkpt lat="45.8378230" lon="6.6939330">
    <ele>2096.9</ele>
    <time>2022-07-09T12:10:46Z</time>
   </trkpt>
   <trkpt lat="45.8378360" lon="6.6939340">
    <ele>2096.6</ele>
    <time>2022-07-09T12:10:47Z</time>
   </trkpt>
   <trkpt lat="45.8378690" lon="6.6939390">
    <ele>2095.9</ele>
    <time>2022-07-09T12:10:48Z</time>
   </trkpt>
   <trkpt lat="45.8379110" lon="6.6939360">
    <ele>2095.0</ele>
    <time>2022-07-09T12:10:49Z</time>
   </trkpt>
   <trkpt lat="45.8379260" lon="6.6939350">
    <ele>2094.7</ele>
    <time>2022-07-09T12:10:50Z</time>
   </trkpt>
   <trkpt lat="45.8379540" lon="6.6939280">
    <ele>2094.0</ele>
    <time>2022-07-09T12:10:51Z</time>
   </trkpt>
   <trkpt lat="45.8379890" lon="6.6939400">
    <ele>2093.3</ele>
    <time>2022-07-09T12:10:52Z</time>
   </trkpt>
   <trkpt lat="45.8380010" lon="6.6939480">
    <ele>2093.0</ele>
    <time>2022-07-09T12:10:53Z</time>
   </trkpt>
   <trkpt lat="45.8380240" lon="6.6939740">
    <ele>2092.4</ele>
    <time>2022-07-09T12:10:54Z</time>
   </trkpt>
   <trkpt lat="45.8380790" lon="6.6939920">
    <ele>2091.2</ele>
    <time>2022-07-09T12:10:55Z</time>
   </trkpt>
   <trkpt lat="45.8381100" lon="6.6940000">
    <ele>2090.6</ele>
    <time>2022-07-09T12:10:56Z</time>
   </trkpt>
   <trkpt lat="45.8381420" lon="6.6940090">
    <ele>2089.9</ele>
    <time>2022-07-09T12:10:57Z</time>
   </trkpt>
   <trkpt lat="45.8381710" lon="6.6940100">
    <ele>2089.6</ele>
    <time>2022-07-09T12:10:58Z</time>
   </trkpt>
   <trkpt lat="45.8381800" lon="6.6940100">
    <ele>2089.4</ele>
    <time>2022-07-09T12:10:59Z</time>
   </trkpt>
   <trkpt lat="45.8381920" lon="6.6940300">
    <ele>2088.8</ele>
    <time>2022-07-09T12:11:00Z</time>
   </trkpt>
   <trkpt lat="45.8382080" lon="6.6940380">
    <ele>2088.2</ele>
    <time>2022-07-09T12:11:01Z</time>
   </trkpt>
   <trkpt lat="45.8382090" lon="6.6940300">
    <ele>2088.0</ele>
    <time>2022-07-09T12:11:02Z</time>
   </trkpt>
   <trkpt lat="45.8382000" lon="6.6940150">
    <ele>2087.6</ele>
    <time>2022-07-09T12:11:03Z</time>
   </trkpt>
   <trkpt lat="45.8381910" lon="6.6939990">
    <ele>2087.2</ele>
    <time>2022-07-09T12:11:04Z</time>
   </trkpt>
   <trkpt lat="45.8381820" lon="6.6939840">
    <ele>2086.7</ele>
    <time>2022-07-09T12:11:05Z</time>
   </trkpt>
   <trkpt lat="45.8381730" lon="6.6939690">
    <ele>2086.3</ele>
    <time>2022-07-09T12:11:07Z</time>
   </trkpt>
   <trkpt lat="45.8381640" lon="6.6939540">
    <ele>2085.8</ele>
    <time>2022-07-09T12:11:08Z</time>
   </trkpt>
   <trkpt lat="45.8381550" lon="6.6939380">
    <ele>2085.4</ele>
    <time>2022-07-09T12:11:09Z</time>
   </trkpt>
   <trkpt lat="45.8381360" lon="6.6939040">
    <ele>2084.4</ele>
    <time>2022-07-09T12:11:10Z</time>
   </trkpt>
   <trkpt lat="45.8381200" lon="6.6938680">
    <ele>2083.5</ele>
    <time>2022-07-09T12:11:11Z</time>
   </trkpt>
   <trkpt lat="45.8381050" lon="6.6938300">
    <ele>2082.5</ele>
    <time>2022-07-09T12:11:12Z</time>
   </trkpt>
   <trkpt lat="45.8380950" lon="6.6937870">
    <ele>2081.5</ele>
    <time>2022-07-09T12:11:13Z</time>
   </trkpt>
   <trkpt lat="45.8380840" lon="6.6937500">
    <ele>2080.6</ele>
    <time>2022-07-09T12:11:14Z</time>
   </trkpt>
   <trkpt lat="45.8380790" lon="6.6937320">
    <ele>2080.2</ele>
    <time>2022-07-09T12:11:15Z</time>
   </trkpt>
   <trkpt lat="45.8380560" lon="6.6936900">
    <ele>2079.0</ele>
    <time>2022-07-09T12:11:16Z</time>
   </trkpt>
   <trkpt lat="45.8380180" lon="6.6936320">
    <ele>2077.2</ele>
    <time>2022-07-09T12:11:17Z</time>
   </trkpt>
   <trkpt lat="45.8379980" lon="6.6935990">
    <ele>2076.2</ele>
    <time>2022-07-09T12:11:18Z</time>
   </trkpt>
   <trkpt lat="45.8379810" lon="6.6935630">
    <ele>2075.3</ele>
    <time>2022-07-09T12:11:19Z</time>
   </trkpt>
   <trkpt lat="45.8379680" lon="6.6935400">
    <ele>2074.6</ele>
    <time>2022-07-09T12:11:20Z</time>
   </trkpt>
   <trkpt lat="45.8379420" lon="6.6934990">
    <ele>2073.4</ele>
    <time>2022-07-09T12:11:21Z</time>
   </trkpt>
   <trkpt lat="45.8379280" lon="6.6934810">
    <ele>2072.8</ele>
    <time>2022-07-09T12:11:22Z</time>
   </trkpt>
   <trkpt lat="45.8378720" lon="6.6934270">
    <ele>2070.6</ele>
    <time>2022-07-09T12:11:23Z</time>
   </trkpt>
   <trkpt lat="45.8378610" lon="6.6933940">
    <ele>2069.8</ele>
    <time>2022-07-09T12:11:24Z</time>
   </trkpt>
   <trkpt lat="45.8378840" lon="6.6933810">
    <ele>2069.0</ele>
    <time>2022-07-09T12:11:25Z</time>
   </trkpt>
   <trkpt lat="45.8379260" lon="6.6933860">
    <ele>2067.7</ele>
    <time>2022-07-09T12:11:26Z</time>
   </trkpt>
   <trkpt lat="45.8379580" lon="6.6933830">
    <ele>2066.7</ele>
    <time>2022-07-09T12:11:27Z</time>
   </trkpt>
   <trkpt lat="45.8379880" lon="6.6933790">
    <ele>2065.7</ele>
    <time>2022-07-09T12:11:28Z</time>
   </trkpt>
   <trkpt lat="45.8379980" lon="6.6933850">
    <ele>2065.4</ele>
    <time>2022-07-09T12:11:29Z</time>
   </trkpt>
   <trkpt lat="45.8380260" lon="6.6933930">
    <ele>2064.5</ele>
    <time>2022-07-09T12:11:30Z</time>
   </trkpt>
   <trkpt lat="45.8380360" lon="6.6933990">
    <ele>2064.1</ele>
    <time>2022-07-09T12:11:31Z</time>
   </trkpt>
   <trkpt lat="45.8380750" lon="6.6933970">
    <ele>2062.9</ele>
    <time>2022-07-09T12:11:32Z</time>
   </trkpt>
   <trkpt lat="45.8380910" lon="6.6933970">
    <ele>2062.4</ele>
    <time>2022-07-09T12:11:33Z</time>
   </trkpt>
   <trkpt lat="45.8381190" lon="6.6933980">
    <ele>2061.5</ele>
    <time>2022-07-09T12:11:34Z</time>
   </trkpt>
   <trkpt lat="45.8381470" lon="6.6933840">
    <ele>2060.5</ele>
    <time>2022-07-09T12:11:35Z</time>
   </trkpt>
   <trkpt lat="45.8381840" lon="6.6933840">
    <ele>2059.3</ele>
    <time>2022-07-09T12:11:36Z</time>
   </trkpt>
   <trkpt lat="45.8381950" lon="6.6933850">
    <ele>2059.0</ele>
    <time>2022-07-09T12:11:37Z</time>
   </trkpt>
   <trkpt lat="45.8382280" lon="6.6933880">
    <ele>2057.9</ele>
    <time>2022-07-09T12:11:38Z</time>
   </trkpt>
   <trkpt lat="45.8382670" lon="6.6933930">
    <ele>2056.7</ele>
    <time>2022-07-09T12:11:39Z</time>
   </trkpt>
   <trkpt lat="45.8382810" lon="6.6933950">
    <ele>2056.2</ele>
    <time>2022-07-09T12:11:40Z</time>
   </trkpt>
   <trkpt lat="45.8383210" lon="6.6933920">
    <ele>2055.0</ele>
    <time>2022-07-09T12:11:41Z</time>
   </trkpt>
   <trkpt lat="45.8383390" lon="6.6933900">
    <ele>2054.4</ele>
    <time>2022-07-09T12:11:42Z</time>
   </trkpt>
   <trkpt lat="45.8383680" lon="6.6933970">
    <ele>2053.5</ele>
    <time>2022-07-09T12:11:43Z</time>
   </trkpt>
   <trkpt lat="45.8384050" lon="6.6934100">
    <ele>2052.2</ele>
    <time>2022-07-09T12:11:44Z</time>
   </trkpt>
   <trkpt lat="45.8384180" lon="6.6934130">
    <ele>2051.8</ele>
    <time>2022-07-09T12:11:45Z</time>
   </trkpt>
   <trkpt lat="45.8384470" lon="6.6934220">
    <ele>2050.9</ele>
    <time>2022-07-09T12:11:46Z</time>
   </trkpt>
   <trkpt lat="45.8384800" lon="6.6934100">
    <ele>2049.8</ele>
    <time>2022-07-09T12:11:47Z</time>
   </trkpt>
   <trkpt lat="45.8384930" lon="6.6934080">
    <ele>2049.4</ele>
    <time>2022-07-09T12:11:48Z</time>
   </trkpt>
   <trkpt lat="45.8385140" lon="6.6934010">
    <ele>2048.7</ele>
    <time>2022-07-09T12:11:49Z</time>
   </trkpt>
   <trkpt lat="45.8385280" lon="6.6933980">
    <ele>2048.2</ele>
    <time>2022-07-09T12:11:50Z</time>
   </trkpt>
   <trkpt lat="45.8385560" lon="6.6933900">
    <ele>2047.3</ele>
    <time>2022-07-09T12:11:51Z</time>
   </trkpt>
   <trkpt lat="45.8385980" lon="6.6933890">
    <ele>2046.0</ele>
    <time>2022-07-09T12:11:52Z</time>
   </trkpt>
   <trkpt lat="45.8386140" lon="6.6933900">
    <ele>2045.5</ele>
    <time>2022-07-09T12:11:53Z</time>
   </trkpt>
   <trkpt lat="45.8386460" lon="6.6933800">
    <ele>2044.4</ele>
    <time>2022-07-09T12:11:54Z</time>
   </trkpt>
   <trkpt lat="45.8386530" lon="6.6933770">
    <ele>2044.2</ele>
    <time>2022-07-09T12:11:55Z</time>
   </trkpt>
   <trkpt lat="45.8386820" lon="6.6933830">
    <ele>2043.3</ele>
    <time>2022-07-09T12:11:56Z</time>
   </trkpt>
   <trkpt lat="45.8387100" lon="6.6933790">
    <ele>2042.4</ele>
    <time>2022-07-09T12:11:57Z</time>
   </trkpt>
   <trkpt lat="45.8387190" lon="6.6933800">
    <ele>2042.1</ele>
    <time>2022-07-09T12:11:58Z</time>
   </trkpt>
   <trkpt lat="45.8387350" lon="6.6933820">
    <ele>2041.6</ele>
    <time>2022-07-09T12:11:59Z</time>
   </trkpt>
   <trkpt lat="45.8387530" lon="6.6933830">
    <ele>2041.0</ele>
    <time>2022-07-09T12:12:00Z</time>
   </trkpt>
   <trkpt lat="45.8387840" lon="6.6933800">
    <ele>2040.0</ele>
    <time>2022-07-09T12:12:01Z</time>
   </trkpt>
   <trkpt lat="45.8387920" lon="6.6933770">
    <ele>2039.8</ele>
    <time>2022-07-09T12:12:02Z</time>
   </trkpt>
   <trkpt lat="45.8388050" lon="6.6933620">
    <ele>2039.2</ele>
    <time>2022-07-09T12:12:03Z</time>
   </trkpt>
   <trkpt lat="45.8388260" lon="6.6933600">
    <ele>2038.6</ele>
    <time>2022-07-09T12:12:04Z</time>
   </trkpt>
   <trkpt lat="45.8388490" lon="6.6933640">
    <ele>2037.8</ele>
    <time>2022-07-09T12:12:05Z</time>
   </trkpt>
   <trkpt lat="45.8388620" lon="6.6933600">
    <ele>2037.4</ele>
    <time>2022-07-09T12:12:06Z</time>
   </trkpt>
   <trkpt lat="45.8388740" lon="6.6933560">
    <ele>2037.0</ele>
    <time>2022-07-09T12:12:07Z</time>
   </trkpt>
   <trkpt lat="45.8388900" lon="6.6933560">
    <ele>2036.5</ele>
    <time>2022-07-09T12:12:08Z</time>
   </trkpt>
   <trkpt lat="45.8389100" lon="6.6933570">
    <ele>2035.8</ele>
    <time>2022-07-09T12:12:09Z</time>
   </trkpt>
   <trkpt lat="45.8389270" lon="6.6933550">
    <ele>2035.3</ele>
    <time>2022-07-09T12:12:10Z</time>
   </trkpt>
   <trkpt lat="45.8389410" lon="6.6933420">
    <ele>2034.8</ele>
    <time>2022-07-09T12:12:11Z</time>
   </trkpt>
   <trkpt lat="45.8389530" lon="6.6933290">
    <ele>2034.3</ele>
    <time>2022-07-09T12:12:12Z</time>
   </trkpt>
   <trkpt lat="45.8389730" lon="6.6933320">
    <ele>2033.7</ele>
    <time>2022-07-09T12:12:13Z</time>
   </trkpt>
   <trkpt lat="45.8390010" lon="6.6933290">
    <ele>2032.8</ele>
    <time>2022-07-09T12:12:14Z</time>
   </trkpt>
   <trkpt lat="45.8390100" lon="6.6933270">
    <ele>2032.5</ele>
    <time>2022-07-09T12:12:15Z</time>
   </trkpt>
   <trkpt lat="45.8390220" lon="6.6933290">
    <ele>2032.1</ele>
    <time>2022-07-09T12:12:16Z</time>
   </trkpt>
   <trkpt lat="45.8390390" lon="6.6933290">
    <ele>2031.5</ele>
    <time>2022-07-09T12:12:17Z</time>
   </trkpt>
   <trkpt lat="45.8390600" lon="6.6933290">
    <ele>2030.9</ele>
    <time>2022-07-09T12:12:18Z</time>
   </trkpt>
   <trkpt lat="45.8390700" lon="6.6933320">
    <ele>2030.5</ele>
    <time>2022-07-09T12:12:19Z</time>
   </trkpt>
   <trkpt lat="45.8390800" lon="6.6933340">
    <ele>2030.2</ele>
    <time>2022-07-09T12:12:20Z</time>
   </trkpt>
   <trkpt lat="45.8391160" lon="6.6933330">
    <ele>2029.1</ele>
    <time>2022-07-09T12:12:21Z</time>
   </trkpt>
   <trkpt lat="45.8391290" lon="6.6933310">
    <ele>2028.7</ele>
    <time>2022-07-09T12:12:22Z</time>
   </trkpt>
   <trkpt lat="45.8391500" lon="6.6933320">
    <ele>2028.0</ele>
    <time>2022-07-09T12:12:23Z</time>
   </trkpt>
   <trkpt lat="45.8391580" lon="6.6933300">
    <ele>2027.7</ele>
    <time>2022-07-09T12:12:24Z</time>
   </trkpt>
   <trkpt lat="45.8391660" lon="6.6933280">
    <ele>2027.5</ele>
    <time>2022-07-09T12:12:25Z</time>
   </trkpt>
   <trkpt lat="45.8391830" lon="6.6933260">
    <ele>2026.9</ele>
    <time>2022-07-09T12:12:26Z</time>
   </trkpt>
   <trkpt lat="45.8391980" lon="6.6933220">
    <ele>2026.4</ele>
    <time>2022-07-09T12:12:27Z</time>
   </trkpt>
   <trkpt lat="45.8392130" lon="6.6933140">
    <ele>2025.9</ele>
    <time>2022-07-09T12:12:28Z</time>
   </trkpt>
   <trkpt lat="45.8392220" lon="6.6932990">
    <ele>2025.5</ele>
    <time>2022-07-09T12:12:29Z</time>
   </trkpt>
   <trkpt lat="45.8392370" lon="6.6932990">
    <ele>2025.0</ele>
    <time>2022-07-09T12:12:30Z</time>
   </trkpt>
   <trkpt lat="45.8392500" lon="6.6932990">
    <ele>2024.6</ele>
    <time>2022-07-09T12:12:31Z</time>
   </trkpt>
   <trkpt lat="45.8392600" lon="6.6932840">
    <ele>2024.1</ele>
    <time>2022-07-09T12:12:32Z</time>
   </trkpt>
   <trkpt lat="45.8392730" lon="6.6932750">
    <ele>2023.7</ele>
    <time>2022-07-09T12:12:33Z</time>
   </trkpt>
   <trkpt lat="45.8392870" lon="6.6932510">
    <ele>2023.0</ele>
    <time>2022-07-09T12:12:34Z</time>
   </trkpt>
   <trkpt lat="45.8392940" lon="6.6932450">
    <ele>2022.7</ele>
    <time>2022-07-09T12:12:35Z</time>
   </trkpt>
   <trkpt lat="45.8393010" lon="6.6932390">
    <ele>2022.5</ele>
    <time>2022-07-09T12:12:36Z</time>
   </trkpt>
   <trkpt lat="45.8393160" lon="6.6932310">
    <ele>2022.0</ele>
    <time>2022-07-09T12:12:37Z</time>
   </trkpt>
   <trkpt lat="45.8393280" lon="6.6932270">
    <ele>2021.6</ele>
    <time>2022-07-09T12:12:38Z</time>
   </trkpt>
   <trkpt lat="45.8393560" lon="6.6931970">
    <ele>2020.5</ele>
    <time>2022-07-09T12:12:39Z</time>
   </trkpt>
   <trkpt lat="45.8393650" lon="6.6931820">
    <ele>2020.0</ele>
    <time>2022-07-09T12:12:40Z</time>
   </trkpt>
   <trkpt lat="45.8393780" lon="6.6931740">
    <ele>2019.6</ele>
    <time>2022-07-09T12:12:41Z</time>
   </trkpt>
   <trkpt lat="45.8393900" lon="6.6931610">
    <ele>2019.1</ele>
    <time>2022-07-09T12:12:42Z</time>
   </trkpt>
   <trkpt lat="45.8394040" lon="6.6931490">
    <ele>2018.6</ele>
    <time>2022-07-09T12:12:43Z</time>
   </trkpt>
   <trkpt lat="45.8394160" lon="6.6931340">
    <ele>2018.1</ele>
    <time>2022-07-09T12:12:44Z</time>
   </trkpt>
   <trkpt lat="45.8394230" lon="6.6931170">
    <ele>2017.6</ele>
    <time>2022-07-09T12:12:45Z</time>
   </trkpt>
   <trkpt lat="45.8394230" lon="6.6930870">
    <ele>2017.0</ele>
    <time>2022-07-09T12:12:46Z</time>
   </trkpt>
   <trkpt lat="45.8394280" lon="6.6930710">
    <ele>2016.6</ele>
    <time>2022-07-09T12:12:47Z</time>
   </trkpt>
   <trkpt lat="45.8394620" lon="6.6930690">
    <ele>2015.5</ele>
    <time>2022-07-09T12:12:48Z</time>
   </trkpt>
   <trkpt lat="45.8394740" lon="6.6930610">
    <ele>2015.1</ele>
    <time>2022-07-09T12:12:49Z</time>
   </trkpt>
   <trkpt lat="45.8394870" lon="6.6930310">
    <ele>2014.3</ele>
    <time>2022-07-09T12:12:50Z</time>
   </trkpt>
   <trkpt lat="45.8394960" lon="6.6930260">
    <ele>2014.0</ele>
    <time>2022-07-09T12:12:51Z</time>
   </trkpt>
   <trkpt lat="45.8395060" lon="6.6930210">
    <ele>2013.6</ele>
    <time>2022-07-09T12:12:52Z</time>
   </trkpt>
   <trkpt lat="45.8395160" lon="6.6930010">
    <ele>2013.1</ele>
    <time>2022-07-09T12:12:53Z</time>
   </trkpt>
   <trkpt lat="45.8395290" lon="6.6929860">
    <ele>2012.6</ele>
    <time>2022-07-09T12:12:54Z</time>
   </trkpt>
   <trkpt lat="45.8395430" lon="6.6929730">
    <ele>2012.0</ele>
    <time>2022-07-09T12:12:55Z</time>
   </trkpt>
   <trkpt lat="45.8395570" lon="6.6929670">
    <ele>2011.6</ele>
    <time>2022-07-09T12:12:56Z</time>
   </trkpt>
   <trkpt lat="45.8395720" lon="6.6929600">
    <ele>2011.1</ele>
    <time>2022-07-09T12:12:57Z</time>
   </trkpt>
   <trkpt lat="45.8395870" lon="6.6929470">
    <ele>2010.5</ele>
    <time>2022-07-09T12:12:58Z</time>
   </trkpt>
   <trkpt lat="45.8396010" lon="6.6929310">
    <ele>2009.9</ele>
    <time>2022-07-09T12:12:59Z</time>
   </trkpt>
   <trkpt lat="45.8396140" lon="6.6929170">
    <ele>2009.4</ele>
    <time>2022-07-09T12:13:00Z</time>
   </trkpt>
   <trkpt lat="45.8396350" lon="6.6928840">
    <ele>2008.4</ele>
    <time>2022-07-09T12:13:01Z</time>
   </trkpt>
   <trkpt lat="45.8396410" lon="6.6928700">
    <ele>2008.1</ele>
    <time>2022-07-09T12:13:02Z</time>
   </trkpt>
   <trkpt lat="45.8396550" lon="6.6928590">
    <ele>2007.5</ele>
    <time>2022-07-09T12:13:03Z</time>
   </trkpt>
   <trkpt lat="45.8396720" lon="6.6928510">
    <ele>2007.0</ele>
    <time>2022-07-09T12:13:04Z</time>
   </trkpt>
   <trkpt lat="45.8396950" lon="6.6928290">
    <ele>2006.1</ele>
    <time>2022-07-09T12:13:05Z</time>
   </trkpt>
   <trkpt lat="45.8397040" lon="6.6928220">
    <ele>2005.8</ele>
    <time>2022-07-09T12:13:06Z</time>
   </trkpt>
   <trkpt lat="45.8397320" lon="6.6927950">
    <ele>2004.7</ele>
    <time>2022-07-09T12:13:07Z</time>
   </trkpt>
   <trkpt lat="45.8397420" lon="6.6927920">
    <ele>2004.4</ele>
    <time>2022-07-09T12:13:08Z</time>
   </trkpt>
   <trkpt lat="45.8397690" lon="6.6927760">
    <ele>2003.4</ele>
    <time>2022-07-09T12:13:09Z</time>
   </trkpt>
   <trkpt lat="45.8397770" lon="6.6927680">
    <ele>2003.1</ele>
    <time>2022-07-09T12:13:10Z</time>
   </trkpt>
   <trkpt lat="45.8397890" lon="6.6927430">
    <ele>2002.5</ele>
    <time>2022-07-09T12:13:11Z</time>
   </trkpt>
   <trkpt lat="45.8397990" lon="6.6927220">
    <ele>2001.9</ele>
    <time>2022-07-09T12:13:13Z</time>
   </trkpt>
   <trkpt lat="45.8398230" lon="6.6927050">
    <ele>2001.0</ele>
    <time>2022-07-09T12:13:14Z</time>
   </trkpt>
   <trkpt lat="45.8398330" lon="6.6927020">
    <ele>2000.7</ele>
    <time>2022-07-09T12:13:15Z</time>
   </trkpt>
   <trkpt lat="45.8398620" lon="6.6926890">
    <ele>1999.7</ele>
    <time>2022-07-09T12:13:16Z</time>
   </trkpt>
   <trkpt lat="45.8398730" lon="6.6926810">
    <ele>1999.4</ele>
    <time>2022-07-09T12:13:17Z</time>
   </trkpt>
   <trkpt lat="45.8398920" lon="6.6926510">
    <ele>1998.5</ele>
    <time>2022-07-09T12:13:18Z</time>
   </trkpt>
   <trkpt lat="45.8399020" lon="6.6926460">
    <ele>1998.1</ele>
    <time>2022-07-09T12:13:19Z</time>
   </trkpt>
   <trkpt lat="45.8399290" lon="6.6926200">
    <ele>1997.1</ele>
    <time>2022-07-09T12:13:20Z</time>
   </trkpt>
   <trkpt lat="45.8399350" lon="6.6926080">
    <ele>1996.7</ele>
    <time>2022-07-09T12:13:21Z</time>
   </trkpt>
   <trkpt lat="45.8399560" lon="6.6925540">
    <ele>1995.4</ele>
    <time>2022-07-09T12:13:22Z</time>
   </trkpt>
   <trkpt lat="45.8399690" lon="6.6925150">
    <ele>1994.2</ele>
    <time>2022-07-09T12:13:23Z</time>
   </trkpt>
   <trkpt lat="45.8399770" lon="6.6924260">
    <ele>1993.2</ele>
    <time>2022-07-09T12:13:25Z</time>
   </trkpt>
   <trkpt lat="45.8399760" lon="6.6923760">
    <ele>1992.6</ele>
    <time>2022-07-09T12:13:26Z</time>
   </trkpt>
   <trkpt lat="45.8399610" lon="6.6923110">
    <ele>1991.9</ele>
    <time>2022-07-09T12:13:27Z</time>
   </trkpt>
   <trkpt lat="45.8399510" lon="6.6922590">
    <ele>1991.2</ele>
    <time>2022-07-09T12:13:29Z</time>
   </trkpt>
   <trkpt lat="45.8399450" lon="6.6922370">
    <ele>1991.0</ele>
    <time>2022-07-09T12:13:30Z</time>
   </trkpt>
   <trkpt lat="45.8399230" lon="6.6921850">
    <ele>1990.2</ele>
    <time>2022-07-09T12:13:31Z</time>
   </trkpt>
   <trkpt lat="45.8399150" lon="6.6921670">
    <ele>1990.0</ele>
    <time>2022-07-09T12:13:32Z</time>
   </trkpt>
   <trkpt lat="45.8399000" lon="6.6921120">
    <ele>1989.3</ele>
    <time>2022-07-09T12:13:33Z</time>
   </trkpt>
   <trkpt lat="45.8398960" lon="6.6920900">
    <ele>1989.0</ele>
    <time>2022-07-09T12:13:34Z</time>
   </trkpt>
   <trkpt lat="45.8398850" lon="6.6920540">
    <ele>1988.5</ele>
    <time>2022-07-09T12:13:35Z</time>
   </trkpt>
   <trkpt lat="45.8398630" lon="6.6920290">
    <ele>1988.0</ele>
    <time>2022-07-09T12:13:36Z</time>
   </trkpt>
   <trkpt lat="45.8398530" lon="6.6919930">
    <ele>1987.6</ele>
    <time>2022-07-09T12:13:37Z</time>
   </trkpt>
   <trkpt lat="45.8398420" lon="6.6919520">
    <ele>1987.1</ele>
    <time>2022-07-09T12:13:38Z</time>
   </trkpt>
   <trkpt lat="45.8398300" lon="6.6919090">
    <ele>1986.6</ele>
    <time>2022-07-09T12:13:39Z</time>
   </trkpt>
   <trkpt lat="45.8398280" lon="6.6918940">
    <ele>1986.5</ele>
    <time>2022-07-09T12:13:40Z</time>
   </trkpt>
   <trkpt lat="45.8398250" lon="6.6918670">
    <ele>1986.2</ele>
    <time>2022-07-09T12:13:41Z</time>
   </trkpt>
   <trkpt lat="45.8398280" lon="6.6918510">
    <ele>1986.1</ele>
    <time>2022-07-09T12:13:42Z</time>
   </trkpt>
   <trkpt lat="45.8398380" lon="6.6918590">
    <ele>1986.0</ele>
    <time>2022-07-09T12:13:43Z</time>
   </trkpt>
   <trkpt lat="45.8398510" lon="6.6918840">
    <ele>1985.7</ele>
    <time>2022-07-09T12:13:44Z</time>
   </trkpt>
   <trkpt lat="45.8398520" lon="6.6918670">
    <ele>1985.6</ele>
    <time>2022-07-09T12:13:45Z</time>
   </trkpt>
   <trkpt lat="45.8398490" lon="6.6918540">
    <ele>1985.5</ele>
    <time>2022-07-09T12:13:46Z</time>
   </trkpt>
   <trkpt lat="45.8398570" lon="6.6918420">
    <ele>1985.4</ele>
    <time>2022-07-09T12:13:47Z</time>
   </trkpt>
   <trkpt lat="45.8398720" lon="6.6918360">
    <ele>1985.3</ele>
    <time>2022-07-09T12:13:48Z</time>
   </trkpt>
   <trkpt lat="45.8398860" lon="6.6918220">
    <ele>1985.2</ele>
    <time>2022-07-09T12:13:49Z</time>
   </trkpt>
   <trkpt lat="45.8398970" lon="6.6918140">
    <ele>1985.1</ele>
    <time>2022-07-09T12:13:50Z</time>
   </trkpt>
   <trkpt lat="45.8399080" lon="6.6917980">
    <ele>1984.6</ele>
    <time>2022-07-09T12:13:51Z</time>
   </trkpt>
   <trkpt lat="45.8399270" lon="6.6917900">
    <ele>1984.6</ele>
    <time>2022-07-09T12:13:52Z</time>
   </trkpt>
   <trkpt lat="45.8399360" lon="6.6917840">
    <ele>1984.6</ele>
    <time>2022-07-09T12:13:53Z</time>
   </trkpt>
   <trkpt lat="45.8399440" lon="6.6917780">
    <ele>1984.6</ele>
    <time>2022-07-09T12:13:54Z</time>
   </trkpt>
   <trkpt lat="45.8399580" lon="6.6917720">
    <ele>1984.6</ele>
    <time>2022-07-09T12:13:55Z</time>
   </trkpt>
   <trkpt lat="45.8399730" lon="6.6917640">
    <ele>1984.6</ele>
    <time>2022-07-09T12:13:56Z</time>
   </trkpt>
   <trkpt lat="45.8399890" lon="6.6917670">
    <ele>1984.6</ele>
    <time>2022-07-09T12:13:57Z</time>
   </trkpt>
   <trkpt lat="45.8399980" lon="6.6917470">
    <ele>1984.6</ele>
    <time>2022-07-09T12:13:58Z</time>
   </trkpt>
   <trkpt lat="45.8401770" lon="6.6917580">
    <ele>1983.5</ele>
    <time>2022-07-09T12:15:20Z</time>
   </trkpt>
   <trkpt lat="45.8401760" lon="6.6917190">
    <ele>1983.3</ele>
    <time>2022-07-09T12:15:21Z</time>
   </trkpt>
   <trkpt lat="45.8401750" lon="6.6916790">
    <ele>1983.0</ele>
    <time>2022-07-09T12:15:22Z</time>
   </trkpt>
   <trkpt lat="45.8401740" lon="6.6916400">
    <ele>1982.7</ele>
    <time>2022-07-09T12:15:23Z</time>
   </trkpt>
   <trkpt lat="45.8401760" lon="6.6915890">
    <ele>1982.4</ele>
    <time>2022-07-09T12:15:24Z</time>
   </trkpt>
   <trkpt lat="45.8401760" lon="6.6915700">
    <ele>1982.2</ele>
    <time>2022-07-09T12:15:25Z</time>
   </trkpt>
   <trkpt lat="45.8401880" lon="6.6915260">
    <ele>1981.9</ele>
    <time>2022-07-09T12:15:26Z</time>
   </trkpt>
   <trkpt lat="45.8402250" lon="6.6915040">
    <ele>1981.5</ele>
    <time>2022-07-09T12:15:27Z</time>
   </trkpt>
   <trkpt lat="45.8402410" lon="6.6914490">
    <ele>1980.5</ele>
    <time>2022-07-09T12:15:28Z</time>
   </trkpt>
   <trkpt lat="45.8402460" lon="6.6914290">
    <ele>1980.2</ele>
    <time>2022-07-09T12:15:29Z</time>
   </trkpt>
   <trkpt lat="45.8402590" lon="6.6913840">
    <ele>1979.4</ele>
    <time>2022-07-09T12:15:30Z</time>
   </trkpt>
   <trkpt lat="45.8402820" lon="6.6913520">
    <ele>1978.6</ele>
    <time>2022-07-09T12:15:31Z</time>
   </trkpt>
   <trkpt lat="45.8402980" lon="6.6912980">
    <ele>1977.6</ele>
    <time>2022-07-09T12:15:32Z</time>
   </trkpt>
   <trkpt lat="45.8403020" lon="6.6912770">
    <ele>1977.2</ele>
    <time>2022-07-09T12:15:33Z</time>
   </trkpt>
   <trkpt lat="45.8403290" lon="6.6912430">
    <ele>1976.3</ele>
    <time>2022-07-09T12:15:34Z</time>
   </trkpt>
   <trkpt lat="45.8403360" lon="6.6911930">
    <ele>1975.5</ele>
    <time>2022-07-09T12:15:35Z</time>
   </trkpt>
   <trkpt lat="45.8403480" lon="6.6911490">
    <ele>1974.7</ele>
    <time>2022-07-09T12:15:36Z</time>
   </trkpt>
   <trkpt lat="45.8403570" lon="6.6910950">
    <ele>1973.8</ele>
    <time>2022-07-09T12:15:37Z</time>
   </trkpt>
   <trkpt lat="45.8403870" lon="6.6910000">
    <ele>1972.1</ele>
    <time>2022-07-09T12:15:38Z</time>
   </trkpt>
   <trkpt lat="45.8403810" lon="6.6909500">
    <ele>1971.3</ele>
    <time>2022-07-09T12:15:39Z</time>
   </trkpt>
   <trkpt lat="45.8403960" lon="6.6909120">
    <ele>1970.6</ele>
    <time>2022-07-09T12:15:40Z</time>
   </trkpt>
   <trkpt lat="45.8404150" lon="6.6908540">
    <ele>1969.6</ele>
    <time>2022-07-09T12:15:41Z</time>
   </trkpt>
   <trkpt lat="45.8404320" lon="6.6908060">
    <ele>1968.7</ele>
    <time>2022-07-09T12:15:42Z</time>
   </trkpt>
   <trkpt lat="45.8404450" lon="6.6907700">
    <ele>1968.1</ele>
    <time>2022-07-09T12:15:43Z</time>
   </trkpt>
   <trkpt lat="45.8404530" lon="6.6907200">
    <ele>1967.3</ele>
    <time>2022-07-09T12:15:44Z</time>
   </trkpt>
   <trkpt lat="45.8404680" lon="6.6906870">
    <ele>1966.6</ele>
    <time>2022-07-09T12:15:45Z</time>
   </trkpt>
   <trkpt lat="45.8404850" lon="6.6906470">
    <ele>1965.9</ele>
    <time>2022-07-09T12:15:46Z</time>
   </trkpt>
   <trkpt lat="45.8404970" lon="6.6906070">
    <ele>1965.2</ele>
    <time>2022-07-09T12:15:47Z</time>
   </trkpt>
   <trkpt lat="45.8405130" lon="6.6905540">
    <ele>1964.3</ele>
    <time>2022-07-09T12:15:48Z</time>
   </trkpt>
   <trkpt lat="45.8405260" lon="6.6905190">
    <ele>1963.7</ele>
    <time>2022-07-09T12:15:49Z</time>
   </trkpt>
   <trkpt lat="45.8405200" lon="6.6904750">
    <ele>1963.0</ele>
    <time>2022-07-09T12:15:50Z</time>
   </trkpt>
   <trkpt lat="45.8405250" lon="6.6904250">
    <ele>1962.2</ele>
    <time>2022-07-09T12:15:51Z</time>
   </trkpt>
   <trkpt lat="45.8405390" lon="6.6903900">
    <ele>1961.5</ele>
    <time>2022-07-09T12:15:52Z</time>
   </trkpt>
   <trkpt lat="45.8405540" lon="6.6903450">
    <ele>1960.7</ele>
    <time>2022-07-09T12:15:53Z</time>
   </trkpt>
   <trkpt lat="45.8405630" lon="6.6902910">
    <ele>1959.8</ele>
    <time>2022-07-09T12:15:54Z</time>
   </trkpt>
   <trkpt lat="45.8405770" lon="6.6902560">
    <ele>1959.2</ele>
    <time>2022-07-09T12:15:55Z</time>
   </trkpt>
   <trkpt lat="45.8405990" lon="6.6902280">
    <ele>1958.6</ele>
    <time>2022-07-09T12:15:56Z</time>
   </trkpt>
   <trkpt lat="45.8406120" lon="6.6901760">
    <ele>1957.7</ele>
    <time>2022-07-09T12:15:57Z</time>
   </trkpt>
   <trkpt lat="45.8406200" lon="6.6901250">
    <ele>1957.0</ele>
    <time>2022-07-09T12:15:58Z</time>
   </trkpt>
   <trkpt lat="45.8406370" lon="6.6900840">
    <ele>1956.2</ele>
    <time>2022-07-09T12:15:59Z</time>
   </trkpt>
   <trkpt lat="45.8406530" lon="6.6900370">
    <ele>1955.5</ele>
    <time>2022-07-09T12:16:00Z</time>
   </trkpt>
   <trkpt lat="45.8406690" lon="6.6900000">
    <ele>1954.8</ele>
    <time>2022-07-09T12:16:01Z</time>
   </trkpt>
   <trkpt lat="45.8406810" lon="6.6899500">
    <ele>1954.0</ele>
    <time>2022-07-09T12:16:02Z</time>
   </trkpt>
   <trkpt lat="45.8406930" lon="6.6899110">
    <ele>1953.3</ele>
    <time>2022-07-09T12:16:03Z</time>
   </trkpt>
   <trkpt lat="45.8406950" lon="6.6898650">
    <ele>1952.6</ele>
    <time>2022-07-09T12:16:04Z</time>
   </trkpt>
   <trkpt lat="45.8407020" lon="6.6898270">
    <ele>1952.0</ele>
    <time>2022-07-09T12:16:05Z</time>
   </trkpt>
   <trkpt lat="45.8407180" lon="6.6897890">
    <ele>1951.4</ele>
    <time>2022-07-09T12:16:06Z</time>
   </trkpt>
   <trkpt lat="45.8407330" lon="6.6897510">
    <ele>1950.7</ele>
    <time>2022-07-09T12:16:07Z</time>
   </trkpt>
   <trkpt lat="45.8407470" lon="6.6897120">
    <ele>1950.1</ele>
    <time>2022-07-09T12:16:08Z</time>
   </trkpt>
   <trkpt lat="45.8407670" lon="6.6896810">
    <ele>1949.5</ele>
    <time>2022-07-09T12:16:09Z</time>
   </trkpt>
   <trkpt lat="45.8407860" lon="6.6896400">
    <ele>1948.9</ele>
    <time>2022-07-09T12:16:10Z</time>
   </trkpt>
   <trkpt lat="45.8408030" lon="6.6895940">
    <ele>1948.1</ele>
    <time>2022-07-09T12:16:11Z</time>
   </trkpt>
   <trkpt lat="45.8408160" lon="6.6895540">
    <ele>1947.5</ele>
    <time>2022-07-09T12:16:12Z</time>
   </trkpt>
   <trkpt lat="45.8408340" lon="6.6895140">
    <ele>1946.9</ele>
    <time>2022-07-09T12:16:13Z</time>
   </trkpt>
   <trkpt lat="45.8408600" lon="6.6894890">
    <ele>1946.2</ele>
    <time>2022-07-09T12:16:14Z</time>
   </trkpt>
   <trkpt lat="45.8408830" lon="6.6894550">
    <ele>1945.6</ele>
    <time>2022-07-09T12:16:15Z</time>
   </trkpt>
   <trkpt lat="45.8409140" lon="6.6894190">
    <ele>1944.7</ele>
    <time>2022-07-09T12:16:16Z</time>
   </trkpt>
   <trkpt lat="45.8409370" lon="6.6893980">
    <ele>1944.2</ele>
    <time>2022-07-09T12:16:17Z</time>
   </trkpt>
   <trkpt lat="45.8409680" lon="6.6893820">
    <ele>1943.5</ele>
    <time>2022-07-09T12:16:18Z</time>
   </trkpt>
   <trkpt lat="45.8409710" lon="6.6893270">
    <ele>1942.8</ele>
    <time>2022-07-09T12:16:19Z</time>
   </trkpt>
   <trkpt lat="45.8409910" lon="6.6892890">
    <ele>1942.1</ele>
    <time>2022-07-09T12:16:20Z</time>
   </trkpt>
   <trkpt lat="45.8410140" lon="6.6892460">
    <ele>1941.4</ele>
    <time>2022-07-09T12:16:21Z</time>
   </trkpt>
   <trkpt lat="45.8410350" lon="6.6892080">
    <ele>1940.8</ele>
    <time>2022-07-09T12:16:22Z</time>
   </trkpt>
   <trkpt lat="45.8410530" lon="6.6891750">
    <ele>1940.2</ele>
    <time>2022-07-09T12:16:23Z</time>
   </trkpt>
   <trkpt lat="45.8410840" lon="6.6891450">
    <ele>1939.5</ele>
    <time>2022-07-09T12:16:24Z</time>
   </trkpt>
   <trkpt lat="45.8411070" lon="6.6891090">
    <ele>1938.9</ele>
    <time>2022-07-09T12:16:25Z</time>
   </trkpt>
   <trkpt lat="45.8411380" lon="6.6890800">
    <ele>1938.2</ele>
    <time>2022-07-09T12:16:26Z</time>
   </trkpt>
   <trkpt lat="45.8411590" lon="6.6890500">
    <ele>1937.7</ele>
    <time>2022-07-09T12:16:27Z</time>
   </trkpt>
   <trkpt lat="45.8411850" lon="6.6890160">
    <ele>1937.0</ele>
    <time>2022-07-09T12:16:28Z</time>
   </trkpt>
   <trkpt lat="45.8412110" lon="6.6889650">
    <ele>1936.2</ele>
    <time>2022-07-09T12:16:29Z</time>
   </trkpt>
   <trkpt lat="45.8412410" lon="6.6889340">
    <ele>1935.6</ele>
    <time>2022-07-09T12:16:30Z</time>
   </trkpt>
   <trkpt lat="45.8412640" lon="6.6888800">
    <ele>1934.8</ele>
    <time>2022-07-09T12:16:31Z</time>
   </trkpt>
   <trkpt lat="45.8412830" lon="6.6888290">
    <ele>1934.0</ele>
    <time>2022-07-09T12:16:32Z</time>
   </trkpt>
   <trkpt lat="45.8413060" lon="6.6887980">
    <ele>1933.5</ele>
    <time>2022-07-09T12:16:33Z</time>
   </trkpt>
   <trkpt lat="45.8413320" lon="6.6887660">
    <ele>1932.9</ele>
    <time>2022-07-09T12:16:34Z</time>
   </trkpt>
   <trkpt lat="45.8413620" lon="6.6887450">
    <ele>1932.4</ele>
    <time>2022-07-09T12:16:35Z</time>
   </trkpt>
   <trkpt lat="45.8413870" lon="6.6887100">
    <ele>1931.8</ele>
    <time>2022-07-09T12:16:36Z</time>
   </trkpt>
   <trkpt lat="45.8414030" lon="6.6886620">
    <ele>1931.2</ele>
    <time>2022-07-09T12:16:37Z</time>
   </trkpt>
   <trkpt lat="45.8414270" lon="6.6886290">
    <ele>1930.7</ele>
    <time>2022-07-09T12:16:38Z</time>
   </trkpt>
   <trkpt lat="45.8414520" lon="6.6885860">
    <ele>1930.1</ele>
    <time>2022-07-09T12:16:39Z</time>
   </trkpt>
   <trkpt lat="45.8414730" lon="6.6885410">
    <ele>1929.4</ele>
    <time>2022-07-09T12:16:40Z</time>
   </trkpt>
   <trkpt lat="45.8414940" lon="6.6884870">
    <ele>1928.7</ele>
    <time>2022-07-09T12:16:41Z</time>
   </trkpt>
   <trkpt lat="45.8415190" lon="6.6884370">
    <ele>1927.9</ele>
    <time>2022-07-09T12:16:42Z</time>
   </trkpt>
   <trkpt lat="45.8415400" lon="6.6884020">
    <ele>1927.4</ele>
    <time>2022-07-09T12:16:43Z</time>
   </trkpt>
   <trkpt lat="45.8415670" lon="6.6883550">
    <ele>1926.6</ele>
    <time>2022-07-09T12:16:44Z</time>
   </trkpt>
   <trkpt lat="45.8415980" lon="6.6883190">
    <ele>1926.0</ele>
    <time>2022-07-09T12:16:45Z</time>
   </trkpt>
   <trkpt lat="45.8416230" lon="6.6882790">
    <ele>1925.4</ele>
    <time>2022-07-09T12:16:46Z</time>
   </trkpt>
   <trkpt lat="45.8416430" lon="6.6882410">
    <ele>1924.9</ele>
    <time>2022-07-09T12:16:47Z</time>
   </trkpt>
   <trkpt lat="45.8416600" lon="6.6881930">
    <ele>1924.3</ele>
    <time>2022-07-09T12:16:48Z</time>
   </trkpt>
   <trkpt lat="45.8416920" lon="6.6881490">
    <ele>1923.7</ele>
    <time>2022-07-09T12:16:49Z</time>
   </trkpt>
   <trkpt lat="45.8417200" lon="6.6881040">
    <ele>1923.1</ele>
    <time>2022-07-09T12:16:50Z</time>
   </trkpt>
   <trkpt lat="45.8417440" lon="6.6880590">
    <ele>1922.5</ele>
    <time>2022-07-09T12:16:51Z</time>
   </trkpt>
   <trkpt lat="45.8417710" lon="6.6880140">
    <ele>1922.0</ele>
    <time>2022-07-09T12:16:52Z</time>
   </trkpt>
   <trkpt lat="45.8418030" lon="6.6879710">
    <ele>1921.3</ele>
    <time>2022-07-09T12:16:53Z</time>
   </trkpt>
   <trkpt lat="45.8418330" lon="6.6879270">
    <ele>1920.7</ele>
    <time>2022-07-09T12:16:54Z</time>
   </trkpt>
   <trkpt lat="45.8418620" lon="6.6878950">
    <ele>1920.2</ele>
    <time>2022-07-09T12:16:55Z</time>
   </trkpt>
   <trkpt lat="45.8418950" lon="6.6878510">
    <ele>1919.6</ele>
    <time>2022-07-09T12:16:56Z</time>
   </trkpt>
   <trkpt lat="45.8419270" lon="6.6878170">
    <ele>1919.1</ele>
    <time>2022-07-09T12:16:57Z</time>
   </trkpt>
   <trkpt lat="45.8419590" lon="6.6877890">
    <ele>1918.6</ele>
    <time>2022-07-09T12:16:58Z</time>
   </trkpt>
   <trkpt lat="45.8420000" lon="6.6877570">
    <ele>1918.0</ele>
    <time>2022-07-09T12:16:59Z</time>
   </trkpt>
   <trkpt lat="45.8420270" lon="6.6877200">
    <ele>1917.5</ele>
    <time>2022-07-09T12:17:00Z</time>
   </trkpt>
   <trkpt lat="45.8420630" lon="6.6876840">
    <ele>1916.9</ele>
    <time>2022-07-09T12:17:01Z</time>
   </trkpt>
   <trkpt lat="45.8420930" lon="6.6876500">
    <ele>1916.5</ele>
    <time>2022-07-09T12:17:02Z</time>
   </trkpt>
   <trkpt lat="45.8421290" lon="6.6876260">
    <ele>1916.0</ele>
    <time>2022-07-09T12:17:03Z</time>
   </trkpt>
   <trkpt lat="45.8421650" lon="6.6875940">
    <ele>1915.6</ele>
    <time>2022-07-09T12:17:04Z</time>
   </trkpt>
   <trkpt lat="45.8421900" lon="6.6875610">
    <ele>1915.3</ele>
    <time>2022-07-09T12:17:05Z</time>
   </trkpt>
   <trkpt lat="45.8422270" lon="6.6875300">
    <ele>1914.9</ele>
    <time>2022-07-09T12:17:06Z</time>
   </trkpt>
   <trkpt lat="45.8422650" lon="6.6874960">
    <ele>1914.6</ele>
    <time>2022-07-09T12:17:07Z</time>
   </trkpt>
   <trkpt lat="45.8423000" lon="6.6874630">
    <ele>1914.2</ele>
    <time>2022-07-09T12:17:08Z</time>
   </trkpt>
   <trkpt lat="45.8423380" lon="6.6874290">
    <ele>1913.9</ele>
    <time>2022-07-09T12:17:09Z</time>
   </trkpt>
   <trkpt lat="45.8423690" lon="6.6873890">
    <ele>1913.5</ele>
    <time>2022-07-09T12:17:10Z</time>
   </trkpt>
   <trkpt lat="45.8423950" lon="6.6873520">
    <ele>1913.2</ele>
    <time>2022-07-09T12:17:11Z</time>
   </trkpt>
   <trkpt lat="45.8424360" lon="6.6873350">
    <ele>1912.9</ele>
    <time>2022-07-09T12:17:12Z</time>
   </trkpt>
   <trkpt lat="45.8424730" lon="6.6873000">
    <ele>1912.5</ele>
    <time>2022-07-09T12:17:13Z</time>
   </trkpt>
   <trkpt lat="45.8425020" lon="6.6872770">
    <ele>1912.2</ele>
    <time>2022-07-09T12:17:14Z</time>
   </trkpt>
   <trkpt lat="45.8425250" lon="6.6872370">
    <ele>1911.9</ele>
    <time>2022-07-09T12:17:15Z</time>
   </trkpt>
   <trkpt lat="45.8425570" lon="6.6872030">
    <ele>1911.5</ele>
    <time>2022-07-09T12:17:16Z</time>
   </trkpt>
   <trkpt lat="45.8425920" lon="6.6871550">
    <ele>1911.1</ele>
    <time>2022-07-09T12:17:17Z</time>
   </trkpt>
   <trkpt lat="45.8426290" lon="6.6871250">
    <ele>1910.7</ele>
    <time>2022-07-09T12:17:18Z</time>
   </trkpt>
   <trkpt lat="45.8426580" lon="6.6870890">
    <ele>1910.4</ele>
    <time>2022-07-09T12:17:19Z</time>
   </trkpt>
   <trkpt lat="45.8426890" lon="6.6870430">
    <ele>1909.9</ele>
    <time>2022-07-09T12:17:20Z</time>
   </trkpt>
   <trkpt lat="45.8427060" lon="6.6870040">
    <ele>1909.8</ele>
    <time>2022-07-09T12:17:21Z</time>
   </trkpt>
   <trkpt lat="45.8427270" lon="6.6869660">
    <ele>1909.6</ele>
    <time>2022-07-09T12:17:22Z</time>
   </trkpt>
   <trkpt lat="45.8427510" lon="6.6869310">
    <ele>1909.4</ele>
    <time>2022-07-09T12:17:23Z</time>
   </trkpt>
   <trkpt lat="45.8427730" lon="6.6869010">
    <ele>1909.2</ele>
    <time>2022-07-09T12:17:24Z</time>
   </trkpt>
   <trkpt lat="45.8427880" lon="6.6868500">
    <ele>1908.9</ele>
    <time>2022-07-09T12:17:25Z</time>
   </trkpt>
   <trkpt lat="45.8428120" lon="6.6868180">
    <ele>1908.7</ele>
    <time>2022-07-09T12:17:26Z</time>
   </trkpt>
   <trkpt lat="45.8428370" lon="6.6867840">
    <ele>1908.4</ele>
    <time>2022-07-09T12:17:27Z</time>
   </trkpt>
   <trkpt lat="45.8428490" lon="6.6867430">
    <ele>1908.2</ele>
    <time>2022-07-09T12:17:28Z</time>
   </trkpt>
   <trkpt lat="45.8428740" lon="6.6867030">
    <ele>1907.9</ele>
    <time>2022-07-09T12:17:29Z</time>
   </trkpt>
   <trkpt lat="45.8429000" lon="6.6866690">
    <ele>1907.7</ele>
    <time>2022-07-09T12:17:30Z</time>
   </trkpt>
   <trkpt lat="45.8429120" lon="6.6866230">
    <ele>1907.4</ele>
    <time>2022-07-09T12:17:31Z</time>
   </trkpt>
   <trkpt lat="45.8429300" lon="6.6865790">
    <ele>1907.2</ele>
    <time>2022-07-09T12:17:32Z</time>
   </trkpt>
   <trkpt lat="45.8429620" lon="6.6865420">
    <ele>1906.9</ele>
    <time>2022-07-09T12:17:33Z</time>
   </trkpt>
   <trkpt lat="45.8429800" lon="6.6865070">
    <ele>1906.7</ele>
    <time>2022-07-09T12:17:34Z</time>
   </trkpt>
   <trkpt lat="45.8430090" lon="6.6864690">
    <ele>1906.5</ele>
    <time>2022-07-09T12:17:35Z</time>
   </trkpt>
   <trkpt lat="45.8430350" lon="6.6864360">
    <ele>1906.3</ele>
    <time>2022-07-09T12:17:36Z</time>
   </trkpt>
   <trkpt lat="45.8430560" lon="6.6864050">
    <ele>1906.1</ele>
    <time>2022-07-09T12:17:37Z</time>
   </trkpt>
   <trkpt lat="45.8430760" lon="6.6863530">
    <ele>1905.9</ele>
    <time>2022-07-09T12:17:38Z</time>
   </trkpt>
   <trkpt lat="45.8430880" lon="6.6863120">
    <ele>1905.7</ele>
    <time>2022-07-09T12:17:39Z</time>
   </trkpt>
   <trkpt lat="45.8431010" lon="6.6862620">
    <ele>1905.5</ele>
    <time>2022-07-09T12:17:40Z</time>
   </trkpt>
   <trkpt lat="45.8431190" lon="6.6862170">
    <ele>1905.2</ele>
    <time>2022-07-09T12:17:41Z</time>
   </trkpt>
   <trkpt lat="45.8431360" lon="6.6861720">
    <ele>1905.0</ele>
    <time>2022-07-09T12:17:42Z</time>
   </trkpt>
   <trkpt lat="45.8431540" lon="6.6861330">
    <ele>1904.8</ele>
    <time>2022-07-09T12:17:43Z</time>
   </trkpt>
   <trkpt lat="45.8431740" lon="6.6860850">
    <ele>1904.6</ele>
    <time>2022-07-09T12:17:44Z</time>
   </trkpt>
   <trkpt lat="45.8431900" lon="6.6860440">
    <ele>1904.4</ele>
    <time>2022-07-09T12:17:45Z</time>
   </trkpt>
   <trkpt lat="45.8432020" lon="6.6859990">
    <ele>1904.1</ele>
    <time>2022-07-09T12:17:46Z</time>
   </trkpt>
   <trkpt lat="45.8432180" lon="6.6859600">
    <ele>1903.9</ele>
    <time>2022-07-09T12:17:47Z</time>
   </trkpt>
   <trkpt lat="45.8432340" lon="6.6859210">
    <ele>1903.8</ele>
    <time>2022-07-09T12:17:48Z</time>
   </trkpt>
   <trkpt lat="45.8432460" lon="6.6858740">
    <ele>1903.6</ele>
    <time>2022-07-09T12:17:49Z</time>
   </trkpt>
   <trkpt lat="45.8432600" lon="6.6858260">
    <ele>1903.4</ele>
    <time>2022-07-09T12:17:50Z</time>
   </trkpt>
   <trkpt lat="45.8432730" lon="6.6857840">
    <ele>1903.2</ele>
    <time>2022-07-09T12:17:51Z</time>
   </trkpt>
   <trkpt lat="45.8432900" lon="6.6857280">
    <ele>1903.0</ele>
    <time>2022-07-09T12:17:52Z</time>
   </trkpt>
   <trkpt lat="45.8433060" lon="6.6856820">
    <ele>1902.8</ele>
    <time>2022-07-09T12:17:53Z</time>
   </trkpt>
   <trkpt lat="45.8433180" lon="6.6856410">
    <ele>1902.7</ele>
    <time>2022-07-09T12:17:54Z</time>
   </trkpt>
   <trkpt lat="45.8433320" lon="6.6855980">
    <ele>1902.5</ele>
    <time>2022-07-09T12:17:55Z</time>
   </trkpt>
   <trkpt lat="45.8433400" lon="6.6855570">
    <ele>1902.4</ele>
    <time>2022-07-09T12:17:56Z</time>
   </trkpt>
   <trkpt lat="45.8433610" lon="6.6855150">
    <ele>1902.2</ele>
    <time>2022-07-09T12:17:57Z</time>
   </trkpt>
   <trkpt lat="45.8433590" lon="6.6854660">
    <ele>1902.0</ele>
    <time>2022-07-09T12:17:58Z</time>
   </trkpt>
   <trkpt lat="45.8433730" lon="6.6854150">
    <ele>1901.8</ele>
    <time>2022-07-09T12:17:59Z</time>
   </trkpt>
   <trkpt lat="45.8433800" lon="6.6853740">
    <ele>1901.7</ele>
    <time>2022-07-09T12:18:00Z</time>
   </trkpt>
   <trkpt lat="45.8433910" lon="6.6853260">
    <ele>1901.5</ele>
    <time>2022-07-09T12:18:01Z</time>
   </trkpt>
   <trkpt lat="45.8434060" lon="6.6852840">
    <ele>1901.3</ele>
    <time>2022-07-09T12:18:02Z</time>
   </trkpt>
   <trkpt lat="45.8434170" lon="6.6852370">
    <ele>1901.1</ele>
    <time>2022-07-09T12:18:03Z</time>
   </trkpt>
   <trkpt lat="45.8434230" lon="6.6851890">
    <ele>1900.9</ele>
    <time>2022-07-09T12:18:04Z</time>
   </trkpt>
   <trkpt lat="45.8434350" lon="6.6851450">
    <ele>1900.7</ele>
    <time>2022-07-09T12:18:05Z</time>
   </trkpt>
   <trkpt lat="45.8434480" lon="6.6850940">
    <ele>1900.5</ele>
    <time>2022-07-09T12:18:06Z</time>
   </trkpt>
   <trkpt lat="45.8434560" lon="6.6850520">
    <ele>1900.3</ele>
    <time>2022-07-09T12:18:07Z</time>
   </trkpt>
   <trkpt lat="45.8434700" lon="6.6849980">
    <ele>1900.1</ele>
    <time>2022-07-09T12:18:08Z</time>
   </trkpt>
   <trkpt lat="45.8434870" lon="6.6849650">
    <ele>1899.9</ele>
    <time>2022-07-09T12:18:09Z</time>
   </trkpt>
   <trkpt lat="45.8435020" lon="6.6849220">
    <ele>1899.7</ele>
    <time>2022-07-09T12:18:10Z</time>
   </trkpt>
   <trkpt lat="45.8435130" lon="6.6848720">
    <ele>1899.5</ele>
    <time>2022-07-09T12:18:11Z</time>
   </trkpt>
   <trkpt lat="45.8435280" lon="6.6848200">
    <ele>1899.3</ele>
    <time>2022-07-09T12:18:12Z</time>
   </trkpt>
   <trkpt lat="45.8435330" lon="6.6847710">
    <ele>1899.1</ele>
    <time>2022-07-09T12:18:13Z</time>
   </trkpt>
   <trkpt lat="45.8435530" lon="6.6847350">
    <ele>1898.9</ele>
    <time>2022-07-09T12:18:14Z</time>
   </trkpt>
   <trkpt lat="45.8435620" lon="6.6846840">
    <ele>1898.7</ele>
    <time>2022-07-09T12:18:15Z</time>
   </trkpt>
   <trkpt lat="45.8435720" lon="6.6846420">
    <ele>1898.5</ele>
    <time>2022-07-09T12:18:16Z</time>
   </trkpt>
   <trkpt lat="45.8435850" lon="6.6845880">
    <ele>1898.3</ele>
    <time>2022-07-09T12:18:17Z</time>
   </trkpt>
   <trkpt lat="45.8436000" lon="6.6845490">
    <ele>1898.1</ele>
    <time>2022-07-09T12:18:18Z</time>
   </trkpt>
   <trkpt lat="45.8436110" lon="6.6845100">
    <ele>1898.0</ele>
    <time>2022-07-09T12:18:19Z</time>
   </trkpt>
   <trkpt lat="45.8436210" lon="6.6844640">
    <ele>1897.8</ele>
    <time>2022-07-09T12:18:20Z</time>
   </trkpt>
   <trkpt lat="45.8436280" lon="6.6844170">
    <ele>1897.6</ele>
    <time>2022-07-09T12:18:21Z</time>
   </trkpt>
   <trkpt lat="45.8436370" lon="6.6843730">
    <ele>1897.5</ele>
    <time>2022-07-09T12:18:22Z</time>
   </trkpt>
   <trkpt lat="45.8436420" lon="6.6843210">
    <ele>1897.3</ele>
    <time>2022-07-09T12:18:23Z</time>
   </trkpt>
   <trkpt lat="45.8436550" lon="6.6842700">
    <ele>1897.1</ele>
    <time>2022-07-09T12:18:24Z</time>
   </trkpt>
   <trkpt lat="45.8436690" lon="6.6842320">
    <ele>1896.9</ele>
    <time>2022-07-09T12:18:25Z</time>
   </trkpt>
   <trkpt lat="45.8436760" lon="6.6841810">
    <ele>1896.7</ele>
    <time>2022-07-09T12:18:26Z</time>
   </trkpt>
   <trkpt lat="45.8436860" lon="6.6841280">
    <ele>1896.5</ele>
    <time>2022-07-09T12:18:27Z</time>
   </trkpt>
   <trkpt lat="45.8436950" lon="6.6840870">
    <ele>1896.3</ele>
    <time>2022-07-09T12:18:28Z</time>
   </trkpt>
   <trkpt lat="45.8436830" lon="6.6840230">
    <ele>1896.0</ele>
    <time>2022-07-09T12:18:29Z</time>
   </trkpt>
   <trkpt lat="45.8436910" lon="6.6839770">
    <ele>1895.8</ele>
    <time>2022-07-09T12:18:30Z</time>
   </trkpt>
   <trkpt lat="45.8436950" lon="6.6839140">
    <ele>1895.6</ele>
    <time>2022-07-09T12:18:31Z</time>
   </trkpt>
   <trkpt lat="45.8437070" lon="6.6838520">
    <ele>1895.4</ele>
    <time>2022-07-09T12:18:32Z</time>
   </trkpt>
   <trkpt lat="45.8437130" lon="6.6838270">
    <ele>1895.3</ele>
    <time>2022-07-09T12:18:33Z</time>
   </trkpt>
   <trkpt lat="45.8437150" lon="6.6837740">
    <ele>1895.2</ele>
    <time>2022-07-09T12:18:34Z</time>
   </trkpt>
   <trkpt lat="45.8437230" lon="6.6837310">
    <ele>1895.0</ele>
    <time>2022-07-09T12:18:35Z</time>
   </trkpt>
   <trkpt lat="45.8437240" lon="6.6836730">
    <ele>1894.9</ele>
    <time>2022-07-09T12:18:36Z</time>
   </trkpt>
   <trkpt lat="45.8437280" lon="6.6836320">
    <ele>1894.8</ele>
    <time>2022-07-09T12:18:37Z</time>
   </trkpt>
   <trkpt lat="45.8437320" lon="6.6835910">
    <ele>1894.7</ele>
    <time>2022-07-09T12:18:38Z</time>
   </trkpt>
   <trkpt lat="45.8437400" lon="6.6835410">
    <ele>1894.5</ele>
    <time>2022-07-09T12:18:39Z</time>
   </trkpt>
   <trkpt lat="45.8437470" lon="6.6834920">
    <ele>1894.4</ele>
    <time>2022-07-09T12:18:40Z</time>
   </trkpt>
   <trkpt lat="45.8437530" lon="6.6834410">
    <ele>1894.3</ele>
    <time>2022-07-09T12:18:41Z</time>
   </trkpt>
   <trkpt lat="45.8437660" lon="6.6834060">
    <ele>1894.2</ele>
    <time>2022-07-09T12:18:42Z</time>
   </trkpt>
   <trkpt lat="45.8437810" lon="6.6833580">
    <ele>1894.1</ele>
    <time>2022-07-09T12:18:43Z</time>
   </trkpt>
   <trkpt lat="45.8437890" lon="6.6833130">
    <ele>1894.0</ele>
    <time>2022-07-09T12:18:44Z</time>
   </trkpt>
   <trkpt lat="45.8437990" lon="6.6832670">
    <ele>1894.0</ele>
    <time>2022-07-09T12:18:45Z</time>
   </trkpt>
   <trkpt lat="45.8438120" lon="6.6832190">
    <ele>1893.9</ele>
    <time>2022-07-09T12:18:46Z</time>
   </trkpt>
   <trkpt lat="45.8438090" lon="6.6831790">
    <ele>1893.9</ele>
    <time>2022-07-09T12:18:47Z</time>
   </trkpt>
   <trkpt lat="45.8438220" lon="6.6831350">
    <ele>1893.8</ele>
    <time>2022-07-09T12:18:48Z</time>
   </trkpt>
   <trkpt lat="45.8438340" lon="6.6830880">
    <ele>1893.8</ele>
    <time>2022-07-09T12:18:49Z</time>
   </trkpt>
   <trkpt lat="45.8438550" lon="6.6830430">
    <ele>1893.7</ele>
    <time>2022-07-09T12:18:50Z</time>
   </trkpt>
   <trkpt lat="45.8438650" lon="6.6830040">
    <ele>1893.7</ele>
    <time>2022-07-09T12:18:51Z</time>
   </trkpt>
   <trkpt lat="45.8438770" lon="6.6829680">
    <ele>1893.7</ele>
    <time>2022-07-09T12:18:52Z</time>
   </trkpt>
   <trkpt lat="45.8438940" lon="6.6829320">
    <ele>1893.6</ele>
    <time>2022-07-09T12:18:53Z</time>
   </trkpt>
   <trkpt lat="45.8438960" lon="6.6828880">
    <ele>1893.6</ele>
    <time>2022-07-09T12:18:54Z</time>
   </trkpt>
   <trkpt lat="45.8439160" lon="6.6828520">
    <ele>1893.5</ele>
    <time>2022-07-09T12:18:55Z</time>
   </trkpt>
   <trkpt lat="45.8439280" lon="6.6828130">
    <ele>1893.5</ele>
    <time>2022-07-09T12:18:56Z</time>
   </trkpt>
   <trkpt lat="45.8439390" lon="6.6827700">
    <ele>1893.4</ele>
    <time>2022-07-09T12:18:57Z</time>
   </trkpt>
   <trkpt lat="45.8439510" lon="6.6827310">
    <ele>1893.4</ele>
    <time>2022-07-09T12:18:58Z</time>
   </trkpt>
   <trkpt lat="45.8439660" lon="6.6826920">
    <ele>1893.3</ele>
    <time>2022-07-09T12:18:59Z</time>
   </trkpt>
   <trkpt lat="45.8439690" lon="6.6826430">
    <ele>1893.3</ele>
    <time>2022-07-09T12:19:00Z</time>
   </trkpt>
   <trkpt lat="45.8439820" lon="6.6825930">
    <ele>1893.2</ele>
    <time>2022-07-09T12:19:01Z</time>
   </trkpt>
   <trkpt lat="45.8439850" lon="6.6825530">
    <ele>1893.2</ele>
    <time>2022-07-09T12:19:02Z</time>
   </trkpt>
   <trkpt lat="45.8439970" lon="6.6825130">
    <ele>1893.1</ele>
    <time>2022-07-09T12:19:03Z</time>
   </trkpt>
   <trkpt lat="45.8440050" lon="6.6824750">
    <ele>1893.1</ele>
    <time>2022-07-09T12:19:04Z</time>
   </trkpt>
   <trkpt lat="45.8440100" lon="6.6824300">
    <ele>1893.1</ele>
    <time>2022-07-09T12:19:05Z</time>
   </trkpt>
   <trkpt lat="45.8440230" lon="6.6823840">
    <ele>1893.0</ele>
    <time>2022-07-09T12:19:06Z</time>
   </trkpt>
   <trkpt lat="45.8440220" lon="6.6823350">
    <ele>1893.0</ele>
    <time>2022-07-09T12:19:07Z</time>
   </trkpt>
   <trkpt lat="45.8440320" lon="6.6822930">
    <ele>1892.9</ele>
    <time>2022-07-09T12:19:08Z</time>
   </trkpt>
   <trkpt lat="45.8440340" lon="6.6822510">
    <ele>1892.9</ele>
    <time>2022-07-09T12:19:09Z</time>
   </trkpt>
   <trkpt lat="45.8440550" lon="6.6822130">
    <ele>1892.8</ele>
    <time>2022-07-09T12:19:10Z</time>
   </trkpt>
   <trkpt lat="45.8440580" lon="6.6821700">
    <ele>1892.8</ele>
    <time>2022-07-09T12:19:11Z</time>
   </trkpt>
   <trkpt lat="45.8440780" lon="6.6821260">
    <ele>1892.7</ele>
    <time>2022-07-09T12:19:12Z</time>
   </trkpt>
   <trkpt lat="45.8440810" lon="6.6820840">
    <ele>1892.6</ele>
    <time>2022-07-09T12:19:13Z</time>
   </trkpt>
   <trkpt lat="45.8441000" lon="6.6820420">
    <ele>1892.5</ele>
    <time>2022-07-09T12:19:14Z</time>
   </trkpt>
   <trkpt lat="45.8441160" lon="6.6819950">
    <ele>1892.3</ele>
    <time>2022-07-09T12:19:15Z</time>
   </trkpt>
   <trkpt lat="45.8441210" lon="6.6819490">
    <ele>1892.2</ele>
    <time>2022-07-09T12:19:16Z</time>
   </trkpt>
   <trkpt lat="45.8441420" lon="6.6819010">
    <ele>1892.0</ele>
    <time>2022-07-09T12:19:17Z</time>
   </trkpt>
   <trkpt lat="45.8441540" lon="6.6818810">
    <ele>1891.8</ele>
    <time>2022-07-09T12:19:18Z</time>
   </trkpt>
   <trkpt lat="45.8441640" lon="6.6818300">
    <ele>1891.6</ele>
    <time>2022-07-09T12:19:19Z</time>
   </trkpt>
   <trkpt lat="45.8441830" lon="6.6817820">
    <ele>1891.4</ele>
    <time>2022-07-09T12:19:20Z</time>
   </trkpt>
   <trkpt lat="45.8442000" lon="6.6817440">
    <ele>1891.3</ele>
    <time>2022-07-09T12:19:21Z</time>
   </trkpt>
   <trkpt lat="45.8442030" lon="6.6816850">
    <ele>1891.1</ele>
    <time>2022-07-09T12:19:22Z</time>
   </trkpt>
   <trkpt lat="45.8442260" lon="6.6816380">
    <ele>1890.9</ele>
    <time>2022-07-09T12:19:23Z</time>
   </trkpt>
   <trkpt lat="45.8442370" lon="6.6815840">
    <ele>1890.7</ele>
    <time>2022-07-09T12:19:24Z</time>
   </trkpt>
   <trkpt lat="45.8442540" lon="6.6815240">
    <ele>1890.6</ele>
    <time>2022-07-09T12:19:25Z</time>
   </trkpt>
   <trkpt lat="45.8442650" lon="6.6814720">
    <ele>1890.4</ele>
    <time>2022-07-09T12:19:26Z</time>
   </trkpt>
   <trkpt lat="45.8442810" lon="6.6814220">
    <ele>1890.3</ele>
    <time>2022-07-09T12:19:27Z</time>
   </trkpt>
   <trkpt lat="45.8442920" lon="6.6813690">
    <ele>1890.2</ele>
    <time>2022-07-09T12:19:28Z</time>
   </trkpt>
   <trkpt lat="45.8443000" lon="6.6813190">
    <ele>1890.1</ele>
    <time>2022-07-09T12:19:29Z</time>
   </trkpt>
   <trkpt lat="45.8443170" lon="6.6812760">
    <ele>1890.0</ele>
    <time>2022-07-09T12:19:30Z</time>
   </trkpt>
   <trkpt lat="45.8443280" lon="6.6812290">
    <ele>1889.9</ele>
    <time>2022-07-09T12:19:31Z</time>
   </trkpt>
   <trkpt lat="45.8443430" lon="6.6811880">
    <ele>1890.0</ele>
    <time>2022-07-09T12:19:32Z</time>
   </trkpt>
   <trkpt lat="45.8443540" lon="6.6811420">
    <ele>1890.0</ele>
    <time>2022-07-09T12:19:33Z</time>
   </trkpt>
   <trkpt lat="45.8443710" lon="6.6810860">
    <ele>1890.1</ele>
    <time>2022-07-09T12:19:34Z</time>
   </trkpt>
   <trkpt lat="45.8443780" lon="6.6810650">
    <ele>1890.1</ele>
    <time>2022-07-09T12:19:35Z</time>
   </trkpt>
   <trkpt lat="45.8444000" lon="6.6810250">
    <ele>1890.1</ele>
    <time>2022-07-09T12:19:36Z</time>
   </trkpt>
   <trkpt lat="45.8444130" lon="6.6809750">
    <ele>1890.0</ele>
    <time>2022-07-09T12:19:37Z</time>
   </trkpt>
   <trkpt lat="45.8444220" lon="6.6809550">
    <ele>1890.0</ele>
    <time>2022-07-09T12:19:38Z</time>
   </trkpt>
   <trkpt lat="45.8444280" lon="6.6809120">
    <ele>1890.0</ele>
    <time>2022-07-09T12:19:39Z</time>
   </trkpt>
   <trkpt lat="45.8444400" lon="6.6808760">
    <ele>1890.0</ele>
    <time>2022-07-09T12:19:40Z</time>
   </trkpt>
   <trkpt lat="45.8444590" lon="6.6808420">
    <ele>1890.0</ele>
    <time>2022-07-09T12:19:41Z</time>
   </trkpt>
   <trkpt lat="45.8444650" lon="6.6807910">
    <ele>1890.0</ele>
    <time>2022-07-09T12:19:42Z</time>
   </trkpt>
   <trkpt lat="45.8444690" lon="6.6807710">
    <ele>1890.0</ele>
    <time>2022-07-09T12:19:43Z</time>
   </trkpt>
   <trkpt lat="45.8444910" lon="6.6807210">
    <ele>1890.0</ele>
    <time>2022-07-09T12:19:44Z</time>
   </trkpt>
   <trkpt lat="45.8444980" lon="6.6807000">
    <ele>1890.0</ele>
    <time>2022-07-09T12:19:45Z</time>
   </trkpt>
   <trkpt lat="45.8445110" lon="6.6806480">
    <ele>1890.0</ele>
    <time>2022-07-09T12:19:46Z</time>
   </trkpt>
   <trkpt lat="45.8445170" lon="6.6806320">
    <ele>1890.0</ele>
    <time>2022-07-09T12:19:47Z</time>
   </trkpt>
   <trkpt lat="45.8445230" lon="6.6805900">
    <ele>1890.0</ele>
    <time>2022-07-09T12:19:48Z</time>
   </trkpt>
   <trkpt lat="45.8445450" lon="6.6805470">
    <ele>1890.0</ele>
    <time>2022-07-09T12:19:49Z</time>
   </trkpt>
   <trkpt lat="45.8445480" lon="6.6805250">
    <ele>1890.0</ele>
    <time>2022-07-09T12:19:50Z</time>
   </trkpt>
   <trkpt lat="45.8445660" lon="6.6804750">
    <ele>1890.1</ele>
    <time>2022-07-09T12:19:51Z</time>
   </trkpt>
   <trkpt lat="45.8445710" lon="6.6804570">
    <ele>1890.2</ele>
    <time>2022-07-09T12:19:52Z</time>
   </trkpt>
   <trkpt lat="45.8445820" lon="6.6804210">
    <ele>1890.2</ele>
    <time>2022-07-09T12:19:53Z</time>
   </trkpt>
   <trkpt lat="45.8445910" lon="6.6803810">
    <ele>1890.3</ele>
    <time>2022-07-09T12:19:54Z</time>
   </trkpt>
   <trkpt lat="45.8446050" lon="6.6803300">
    <ele>1890.4</ele>
    <time>2022-07-09T12:19:55Z</time>
   </trkpt>
   <trkpt lat="45.8446160" lon="6.6803140">
    <ele>1890.5</ele>
    <time>2022-07-09T12:19:56Z</time>
   </trkpt>
   <trkpt lat="45.8446230" lon="6.6802740">
    <ele>1890.6</ele>
    <time>2022-07-09T12:19:57Z</time>
   </trkpt>
   <trkpt lat="45.8446490" lon="6.6802390">
    <ele>1890.7</ele>
    <time>2022-07-09T12:19:58Z</time>
   </trkpt>
   <trkpt lat="45.8446470" lon="6.6801990">
    <ele>1890.9</ele>
    <time>2022-07-09T12:19:59Z</time>
   </trkpt>
   <trkpt lat="45.8446600" lon="6.6801540">
    <ele>1891.1</ele>
    <time>2022-07-09T12:20:00Z</time>
   </trkpt>
   <trkpt lat="45.8446680" lon="6.6801410">
    <ele>1891.1</ele>
    <time>2022-07-09T12:20:01Z</time>
   </trkpt>
   <trkpt lat="45.8446890" lon="6.6801040">
    <ele>1891.4</ele>
    <time>2022-07-09T12:20:02Z</time>
   </trkpt>
   <trkpt lat="45.8447020" lon="6.6800610">
    <ele>1891.6</ele>
    <time>2022-07-09T12:20:03Z</time>
   </trkpt>
   <trkpt lat="45.8447060" lon="6.6800450">
    <ele>1891.7</ele>
    <time>2022-07-09T12:20:04Z</time>
   </trkpt>
   <trkpt lat="45.8447300" lon="6.6800100">
    <ele>1892.0</ele>
    <time>2022-07-09T12:20:05Z</time>
   </trkpt>
   <trkpt lat="45.8447410" lon="6.6800000">
    <ele>1892.2</ele>
    <time>2022-07-09T12:20:06Z</time>
   </trkpt>
   <trkpt lat="45.8447560" lon="6.6799540">
    <ele>1892.5</ele>
    <time>2022-07-09T12:20:07Z</time>
   </trkpt>
   <trkpt lat="45.8447650" lon="6.6799460">
    <ele>1892.6</ele>
    <time>2022-07-09T12:20:08Z</time>
   </trkpt>
   <trkpt lat="45.8447800" lon="6.6799160">
    <ele>1893.0</ele>
    <time>2022-07-09T12:20:09Z</time>
   </trkpt>
   <trkpt lat="45.8447840" lon="6.6799000">
    <ele>1893.1</ele>
    <time>2022-07-09T12:20:10Z</time>
   </trkpt>
   <trkpt lat="45.8448010" lon="6.6798610">
    <ele>1893.5</ele>
    <time>2022-07-09T12:20:11Z</time>
   </trkpt>
   <trkpt lat="45.8448020" lon="6.6798480">
    <ele>1893.6</ele>
    <time>2022-07-09T12:20:12Z</time>
   </trkpt>
   <trkpt lat="45.8448150" lon="6.6798040">
    <ele>1894.1</ele>
    <time>2022-07-09T12:20:13Z</time>
   </trkpt>
   <trkpt lat="45.8448180" lon="6.6797940">
    <ele>1894.2</ele>
    <time>2022-07-09T12:20:14Z</time>
   </trkpt>
   <trkpt lat="45.8448390" lon="6.6797670">
    <ele>1894.7</ele>
    <time>2022-07-09T12:20:15Z</time>
   </trkpt>
   <trkpt lat="45.8448450" lon="6.6797570">
    <ele>1894.8</ele>
    <time>2022-07-09T12:20:16Z</time>
   </trkpt>
   <trkpt lat="45.8448480" lon="6.6797390">
    <ele>1895.0</ele>
    <time>2022-07-09T12:20:17Z</time>
   </trkpt>
   <trkpt lat="45.8448510" lon="6.6797250">
    <ele>1895.2</ele>
    <time>2022-07-09T12:20:18Z</time>
   </trkpt>
   <trkpt lat="45.8448640" lon="6.6797150">
    <ele>1895.4</ele>
    <time>2022-07-09T12:20:19Z</time>
   </trkpt>
   <trkpt lat="45.8448800" lon="6.6796950">
    <ele>1895.8</ele>
    <time>2022-07-09T12:20:20Z</time>
   </trkpt>
   <trkpt lat="45.8448860" lon="6.6796870">
    <ele>1895.9</ele>
    <time>2022-07-09T12:20:21Z</time>
   </trkpt>
   <trkpt lat="45.8448920" lon="6.6796790">
    <ele>1896.0</ele>
    <time>2022-07-09T12:20:22Z</time>
   </trkpt>
   <trkpt lat="45.8448960" lon="6.6796720">
    <ele>1896.1</ele>
    <time>2022-07-09T12:20:23Z</time>
   </trkpt>
   <trkpt lat="45.8449050" lon="6.6796700">
    <ele>1896.3</ele>
    <time>2022-07-09T12:20:24Z</time>
   </trkpt>
   <trkpt lat="45.8449090" lon="6.6796550">
    <ele>1896.4</ele>
    <time>2022-07-09T12:20:25Z</time>
   </trkpt>
   <trkpt lat="45.8449160" lon="6.6796450">
    <ele>1896.6</ele>
    <time>2022-07-09T12:20:26Z</time>
   </trkpt>
   <trkpt lat="45.8449210" lon="6.6796290">
    <ele>1896.8</ele>
    <time>2022-07-09T12:20:27Z</time>
   </trkpt>
   <trkpt lat="45.8449320" lon="6.6796190">
    <ele>1897.0</ele>
    <time>2022-07-09T12:20:28Z</time>
   </trkpt>
   <trkpt lat="45.8449380" lon="6.6796060">
    <ele>1897.2</ele>
    <time>2022-07-09T12:20:29Z</time>
   </trkpt>
   <trkpt lat="45.8449390" lon="6.6795990">
    <ele>1897.3</ele>
    <time>2022-07-09T12:20:30Z</time>
   </trkpt>
   <trkpt lat="45.8449460" lon="6.6795820">
    <ele>1897.5</ele>
    <time>2022-07-09T12:20:31Z</time>
   </trkpt>
   <trkpt lat="45.8449530" lon="6.6795690">
    <ele>1897.6</ele>
    <time>2022-07-09T12:20:32Z</time>
   </trkpt>
   <trkpt lat="45.8449610" lon="6.6795420">
    <ele>1897.8</ele>
    <time>2022-07-09T12:20:33Z</time>
   </trkpt>
   <trkpt lat="45.8449640" lon="6.6795300">
    <ele>1897.9</ele>
    <time>2022-07-09T12:20:34Z</time>
   </trkpt>
   <trkpt lat="45.8449660" lon="6.6795180">
    <ele>1898.0</ele>
    <time>2022-07-09T12:20:35Z</time>
   </trkpt>
   <trkpt lat="45.8449750" lon="6.6794980">
    <ele>1898.2</ele>
    <time>2022-07-09T12:20:36Z</time>
   </trkpt>
   <trkpt lat="45.8449820" lon="6.6794760">
    <ele>1898.4</ele>
    <time>2022-07-09T12:20:37Z</time>
   </trkpt>
   <trkpt lat="45.8449860" lon="6.6794540">
    <ele>1898.6</ele>
    <time>2022-07-09T12:20:38Z</time>
   </trkpt>
   <trkpt lat="45.8449900" lon="6.6794440">
    <ele>1898.6</ele>
    <time>2022-07-09T12:20:39Z</time>
   </trkpt>
   <trkpt lat="45.8449940" lon="6.6794340">
    <ele>1898.7</ele>
    <time>2022-07-09T12:20:40Z</time>
   </trkpt>
   <trkpt lat="45.8449980" lon="6.6794230">
    <ele>1898.8</ele>
    <time>2022-07-09T12:20:41Z</time>
   </trkpt>
   <trkpt lat="45.8450080" lon="6.6793950">
    <ele>1899.0</ele>
    <time>2022-07-09T12:20:42Z</time>
   </trkpt>
   <trkpt lat="45.8450110" lon="6.6793850">
    <ele>1899.1</ele>
    <time>2022-07-09T12:20:43Z</time>
   </trkpt>
   <trkpt lat="45.8450130" lon="6.6793750">
    <ele>1899.2</ele>
    <time>2022-07-09T12:20:44Z</time>
   </trkpt>
   <trkpt lat="45.8450180" lon="6.6793440">
    <ele>1899.4</ele>
    <time>2022-07-09T12:20:45Z</time>
   </trkpt>
   <trkpt lat="45.8450230" lon="6.6793390">
    <ele>1899.5</ele>
    <time>2022-07-09T12:20:46Z</time>
   </trkpt>
   <trkpt lat="45.8450250" lon="6.6793270">
    <ele>1899.6</ele>
    <time>2022-07-09T12:20:47Z</time>
   </trkpt>
   <trkpt lat="45.8450360" lon="6.6793020">
    <ele>1899.8</ele>
    <time>2022-07-09T12:20:48Z</time>
   </trkpt>
   <trkpt lat="45.8450390" lon="6.6792920">
    <ele>1899.8</ele>
    <time>2022-07-09T12:20:49Z</time>
   </trkpt>
   <trkpt lat="45.8450470" lon="6.6792740">
    <ele>1900.0</ele>
    <time>2022-07-09T12:20:50Z</time>
   </trkpt>
   <trkpt lat="45.8450490" lon="6.6792600">
    <ele>1900.1</ele>
    <time>2022-07-09T12:20:51Z</time>
   </trkpt>
   <trkpt lat="45.8450600" lon="6.6792340">
    <ele>1900.3</ele>
    <time>2022-07-09T12:20:52Z</time>
   </trkpt>
   <trkpt lat="45.8450660" lon="6.6792230">
    <ele>1900.3</ele>
    <time>2022-07-09T12:20:53Z</time>
   </trkpt>
   <trkpt lat="45.8450720" lon="6.6792120">
    <ele>1900.4</ele>
    <time>2022-07-09T12:20:54Z</time>
   </trkpt>
   <trkpt lat="45.8450800" lon="6.6791900">
    <ele>1900.6</ele>
    <time>2022-07-09T12:20:55Z</time>
   </trkpt>
   <trkpt lat="45.8450820" lon="6.6791760">
    <ele>1900.7</ele>
    <time>2022-07-09T12:20:56Z</time>
   </trkpt>
   <trkpt lat="45.8450850" lon="6.6791620">
    <ele>1900.8</ele>
    <time>2022-07-09T12:20:57Z</time>
   </trkpt>
   <trkpt lat="45.8450930" lon="6.6791360">
    <ele>1901.0</ele>
    <time>2022-07-09T12:20:58Z</time>
   </trkpt>
   <trkpt lat="45.8450970" lon="6.6791260">
    <ele>1901.0</ele>
    <time>2022-07-09T12:20:59Z</time>
   </trkpt>
   <trkpt lat="45.8451010" lon="6.6791150">
    <ele>1901.1</ele>
    <time>2022-07-09T12:21:00Z</time>
   </trkpt>
   <trkpt lat="45.8451030" lon="6.6790930">
    <ele>1901.2</ele>
    <time>2022-07-09T12:21:01Z</time>
   </trkpt>
   <trkpt lat="45.8451050" lon="6.6790750">
    <ele>1901.4</ele>
    <time>2022-07-09T12:21:02Z</time>
   </trkpt>
   <trkpt lat="45.8451130" lon="6.6790470">
    <ele>1901.5</ele>
    <time>2022-07-09T12:21:03Z</time>
   </trkpt>
   <trkpt lat="45.8451170" lon="6.6790340">
    <ele>1901.6</ele>
    <time>2022-07-09T12:21:04Z</time>
   </trkpt>
   <trkpt lat="45.8451200" lon="6.6790210">
    <ele>1901.7</ele>
    <time>2022-07-09T12:21:05Z</time>
   </trkpt>
   <trkpt lat="45.8451260" lon="6.6790040">
    <ele>1901.9</ele>
    <time>2022-07-09T12:21:06Z</time>
   </trkpt>
   <trkpt lat="45.8451380" lon="6.6789890">
    <ele>1902.0</ele>
    <time>2022-07-09T12:21:07Z</time>
   </trkpt>
   <trkpt lat="45.8451450" lon="6.6789660">
    <ele>1902.2</ele>
    <time>2022-07-09T12:21:08Z</time>
   </trkpt>
   <trkpt lat="45.8451480" lon="6.6789470">
    <ele>1902.3</ele>
    <time>2022-07-09T12:21:09Z</time>
   </trkpt>
   <trkpt lat="45.8451520" lon="6.6789280">
    <ele>1902.4</ele>
    <time>2022-07-09T12:21:10Z</time>
   </trkpt>
   <trkpt lat="45.8451550" lon="6.6789090">
    <ele>1902.6</ele>
    <time>2022-07-09T12:21:11Z</time>
   </trkpt>
   <trkpt lat="45.8451660" lon="6.6788830">
    <ele>1902.8</ele>
    <time>2022-07-09T12:21:12Z</time>
   </trkpt>
   <trkpt lat="45.8451710" lon="6.6788710">
    <ele>1902.9</ele>
    <time>2022-07-09T12:21:13Z</time>
   </trkpt>
   <trkpt lat="45.8451750" lon="6.6788590">
    <ele>1903.0</ele>
    <time>2022-07-09T12:21:14Z</time>
   </trkpt>
   <trkpt lat="45.8451800" lon="6.6788390">
    <ele>1903.1</ele>
    <time>2022-07-09T12:21:15Z</time>
   </trkpt>
   <trkpt lat="45.8451870" lon="6.6788200">
    <ele>1903.3</ele>
    <time>2022-07-09T12:21:16Z</time>
   </trkpt>
   <trkpt lat="45.8451910" lon="6.6787960">
    <ele>1903.5</ele>
    <time>2022-07-09T12:21:17Z</time>
   </trkpt>
   <trkpt lat="45.8451970" lon="6.6787760">
    <ele>1903.7</ele>
    <time>2022-07-09T12:21:18Z</time>
   </trkpt>
   <trkpt lat="45.8452050" lon="6.6787600">
    <ele>1903.8</ele>
    <time>2022-07-09T12:21:19Z</time>
   </trkpt>
   <trkpt lat="45.8452120" lon="6.6787420">
    <ele>1904.0</ele>
    <time>2022-07-09T12:21:20Z</time>
   </trkpt>
   <trkpt lat="45.8452200" lon="6.6787270">
    <ele>1904.2</ele>
    <time>2022-07-09T12:21:21Z</time>
   </trkpt>
   <trkpt lat="45.8452250" lon="6.6787010">
    <ele>1904.4</ele>
    <time>2022-07-09T12:21:22Z</time>
   </trkpt>
   <trkpt lat="45.8452270" lon="6.6786830">
    <ele>1904.6</ele>
    <time>2022-07-09T12:21:23Z</time>
   </trkpt>
   <trkpt lat="45.8452380" lon="6.6786640">
    <ele>1904.8</ele>
    <time>2022-07-09T12:21:24Z</time>
   </trkpt>
   <trkpt lat="45.8452460" lon="6.6786470">
    <ele>1905.0</ele>
    <time>2022-07-09T12:21:25Z</time>
   </trkpt>
   <trkpt lat="45.8452490" lon="6.6786280">
    <ele>1905.2</ele>
    <time>2022-07-09T12:21:26Z</time>
   </trkpt>
   <trkpt lat="45.8452470" lon="6.6786060">
    <ele>1905.4</ele>
    <time>2022-07-09T12:21:27Z</time>
   </trkpt>
   <trkpt lat="45.8452520" lon="6.6785850">
    <ele>1905.6</ele>
    <time>2022-07-09T12:21:28Z</time>
   </trkpt>
   <trkpt lat="45.8452600" lon="6.6785480">
    <ele>1906.0</ele>
    <time>2022-07-09T12:21:29Z</time>
   </trkpt>
   <trkpt lat="45.8452660" lon="6.6785320">
    <ele>1906.2</ele>
    <time>2022-07-09T12:21:30Z</time>
   </trkpt>
   <trkpt lat="45.8452880" lon="6.6785040">
    <ele>1906.6</ele>
    <time>2022-07-09T12:21:31Z</time>
   </trkpt>
   <trkpt lat="45.8452950" lon="6.6784890">
    <ele>1906.8</ele>
    <time>2022-07-09T12:21:32Z</time>
   </trkpt>
   <trkpt lat="45.8453040" lon="6.6784460">
    <ele>1907.2</ele>
    <time>2022-07-09T12:21:33Z</time>
   </trkpt>
   <trkpt lat="45.8453090" lon="6.6784000">
    <ele>1907.7</ele>
    <time>2022-07-09T12:21:34Z</time>
   </trkpt>
   <trkpt lat="45.8453110" lon="6.6783630">
    <ele>1908.1</ele>
    <time>2022-07-09T12:21:35Z</time>
   </trkpt>
   <trkpt lat="45.8453090" lon="6.6783420">
    <ele>1908.4</ele>
    <time>2022-07-09T12:21:36Z</time>
   </trkpt>
   <trkpt lat="45.8453170" lon="6.6783260">
    <ele>1908.6</ele>
    <time>2022-07-09T12:21:37Z</time>
   </trkpt>
   <trkpt lat="45.8453290" lon="6.6783050">
    <ele>1908.9</ele>
    <time>2022-07-09T12:21:38Z</time>
   </trkpt>
   <trkpt lat="45.8453330" lon="6.6782680">
    <ele>1909.3</ele>
    <time>2022-07-09T12:21:39Z</time>
   </trkpt>
   <trkpt lat="45.8453350" lon="6.6782540">
    <ele>1909.4</ele>
    <time>2022-07-09T12:21:40Z</time>
   </trkpt>
   <trkpt lat="45.8453460" lon="6.6782170">
    <ele>1909.8</ele>
    <time>2022-07-09T12:21:41Z</time>
   </trkpt>
   <trkpt lat="45.8453570" lon="6.6782140">
    <ele>1910.0</ele>
    <time>2022-07-09T12:21:42Z</time>
   </trkpt>
   <trkpt lat="45.8453590" lon="6.6781790">
    <ele>1910.4</ele>
    <time>2022-07-09T12:21:43Z</time>
   </trkpt>
   <trkpt lat="45.8453710" lon="6.6781370">
    <ele>1910.8</ele>
    <time>2022-07-09T12:21:44Z</time>
   </trkpt>
   <trkpt lat="45.8453790" lon="6.6781230">
    <ele>1911.0</ele>
    <time>2022-07-09T12:21:45Z</time>
   </trkpt>
   <trkpt lat="45.8453810" lon="6.6781020">
    <ele>1911.2</ele>
    <time>2022-07-09T12:21:46Z</time>
   </trkpt>
   <trkpt lat="45.8453930" lon="6.6780820">
    <ele>1911.5</ele>
    <time>2022-07-09T12:21:47Z</time>
   </trkpt>
   <trkpt lat="45.8454040" lon="6.6780360">
    <ele>1912.0</ele>
    <time>2022-07-09T12:21:48Z</time>
   </trkpt>
   <trkpt lat="45.8454100" lon="6.6780220">
    <ele>1912.1</ele>
    <time>2022-07-09T12:21:49Z</time>
   </trkpt>
   <trkpt lat="45.8454230" lon="6.6779830">
    <ele>1912.5</ele>
    <time>2022-07-09T12:21:50Z</time>
   </trkpt>
   <trkpt lat="45.8454230" lon="6.6779710">
    <ele>1912.7</ele>
    <time>2022-07-09T12:21:51Z</time>
   </trkpt>
   <trkpt lat="45.8454320" lon="6.6779470">
    <ele>1912.9</ele>
    <time>2022-07-09T12:21:52Z</time>
   </trkpt>
   <trkpt lat="45.8454370" lon="6.6779260">
    <ele>1913.2</ele>
    <time>2022-07-09T12:21:53Z</time>
   </trkpt>
   <trkpt lat="45.8454450" lon="6.6779070">
    <ele>1913.4</ele>
    <time>2022-07-09T12:21:54Z</time>
   </trkpt>
   <trkpt lat="45.8454510" lon="6.6778800">
    <ele>1913.7</ele>
    <time>2022-07-09T12:21:55Z</time>
   </trkpt>
   <trkpt lat="45.8454530" lon="6.6778610">
    <ele>1913.9</ele>
    <time>2022-07-09T12:21:56Z</time>
   </trkpt>
   <trkpt lat="45.8454620" lon="6.6778350">
    <ele>1914.2</ele>
    <time>2022-07-09T12:21:57Z</time>
   </trkpt>
   <trkpt lat="45.8454700" lon="6.6777970">
    <ele>1914.6</ele>
    <time>2022-07-09T12:21:58Z</time>
   </trkpt>
   <trkpt lat="45.8454730" lon="6.6777830">
    <ele>1914.8</ele>
    <time>2022-07-09T12:21:59Z</time>
   </trkpt>
   <trkpt lat="45.8454880" lon="6.6777440">
    <ele>1915.2</ele>
    <time>2022-07-09T12:22:00Z</time>
   </trkpt>
   <trkpt lat="45.8454920" lon="6.6777310">
    <ele>1915.4</ele>
    <time>2022-07-09T12:22:01Z</time>
   </trkpt>
   <trkpt lat="45.8454970" lon="6.6777110">
    <ele>1915.6</ele>
    <time>2022-07-09T12:22:02Z</time>
   </trkpt>
   <trkpt lat="45.8455000" lon="6.6776870">
    <ele>1915.9</ele>
    <time>2022-07-09T12:22:03Z</time>
   </trkpt>
   <trkpt lat="45.8455070" lon="6.6776590">
    <ele>1916.2</ele>
    <time>2022-07-09T12:22:04Z</time>
   </trkpt>
   <trkpt lat="45.8455130" lon="6.6776400">
    <ele>1916.4</ele>
    <time>2022-07-09T12:22:05Z</time>
   </trkpt>
   <trkpt lat="45.8455290" lon="6.6776030">
    <ele>1916.9</ele>
    <time>2022-07-09T12:22:06Z</time>
   </trkpt>
   <trkpt lat="45.8455370" lon="6.6775900">
    <ele>1917.0</ele>
    <time>2022-07-09T12:22:07Z</time>
   </trkpt>
   <trkpt lat="45.8455500" lon="6.6775620">
    <ele>1917.4</ele>
    <time>2022-07-09T12:22:08Z</time>
   </trkpt>
   <trkpt lat="45.8455500" lon="6.6775430">
    <ele>1917.6</ele>
    <time>2022-07-09T12:22:09Z</time>
   </trkpt>
   <trkpt lat="45.8455580" lon="6.6775070">
    <ele>1918.0</ele>
    <time>2022-07-09T12:22:10Z</time>
   </trkpt>
   <trkpt lat="45.8455640" lon="6.6774900">
    <ele>1918.2</ele>
    <time>2022-07-09T12:22:11Z</time>
   </trkpt>
   <trkpt lat="45.8455720" lon="6.6774740">
    <ele>1918.4</ele>
    <time>2022-07-09T12:22:12Z</time>
   </trkpt>
   <trkpt lat="45.8455800" lon="6.6774550">
    <ele>1918.7</ele>
    <time>2022-07-09T12:22:13Z</time>
   </trkpt>
   <trkpt lat="45.8455830" lon="6.6774340">
    <ele>1918.9</ele>
    <time>2022-07-09T12:22:14Z</time>
   </trkpt>
   <trkpt lat="45.8455910" lon="6.6774170">
    <ele>1919.1</ele>
    <time>2022-07-09T12:22:15Z</time>
   </trkpt>
   <trkpt lat="45.8456030" lon="6.6774040">
    <ele>1919.4</ele>
    <time>2022-07-09T12:22:16Z</time>
   </trkpt>
   <trkpt lat="45.8456060" lon="6.6773740">
    <ele>1919.7</ele>
    <time>2022-07-09T12:22:17Z</time>
   </trkpt>
   <trkpt lat="45.8456130" lon="6.6773480">
    <ele>1920.1</ele>
    <time>2022-07-09T12:22:18Z</time>
   </trkpt>
   <trkpt lat="45.8456220" lon="6.6773350">
    <ele>1920.3</ele>
    <time>2022-07-09T12:22:19Z</time>
   </trkpt>
   <trkpt lat="45.8456290" lon="6.6773080">
    <ele>1920.6</ele>
    <time>2022-07-09T12:22:20Z</time>
   </trkpt>
   <trkpt lat="45.8456360" lon="6.6772920">
    <ele>1920.8</ele>
    <time>2022-07-09T12:22:21Z</time>
   </trkpt>
   <trkpt lat="45.8456410" lon="6.6772710">
    <ele>1921.1</ele>
    <time>2022-07-09T12:22:22Z</time>
   </trkpt>
   <trkpt lat="45.8456490" lon="6.6772510">
    <ele>1921.4</ele>
    <time>2022-07-09T12:22:23Z</time>
   </trkpt>
   <trkpt lat="45.8456570" lon="6.6772330">
    <ele>1921.7</ele>
    <time>2022-07-09T12:22:24Z</time>
   </trkpt>
   <trkpt lat="45.8456680" lon="6.6772110">
    <ele>1922.0</ele>
    <time>2022-07-09T12:22:25Z</time>
   </trkpt>
   <trkpt lat="45.8456740" lon="6.6771880">
    <ele>1922.3</ele>
    <time>2022-07-09T12:22:26Z</time>
   </trkpt>
   <trkpt lat="45.8456780" lon="6.6771730">
    <ele>1922.5</ele>
    <time>2022-07-09T12:22:27Z</time>
   </trkpt>
   <trkpt lat="45.8456820" lon="6.6771540">
    <ele>1922.8</ele>
    <time>2022-07-09T12:22:28Z</time>
   </trkpt>
   <trkpt lat="45.8456970" lon="6.6771440">
    <ele>1923.1</ele>
    <time>2022-07-09T12:22:29Z</time>
   </trkpt>
   <trkpt lat="45.8457030" lon="6.6771190">
    <ele>1923.4</ele>
    <time>2022-07-09T12:22:30Z</time>
   </trkpt>
   <trkpt lat="45.8457080" lon="6.6771030">
    <ele>1923.7</ele>
    <time>2022-07-09T12:22:31Z</time>
   </trkpt>
   <trkpt lat="45.8457050" lon="6.6770820">
    <ele>1924.0</ele>
    <time>2022-07-09T12:22:32Z</time>
   </trkpt>
   <trkpt lat="45.8457090" lon="6.6770660">
    <ele>1924.2</ele>
    <time>2022-07-09T12:22:33Z</time>
   </trkpt>
   <trkpt lat="45.8457160" lon="6.6770550">
    <ele>1924.4</ele>
    <time>2022-07-09T12:22:34Z</time>
   </trkpt>
   <trkpt lat="45.8457230" lon="6.6770310">
    <ele>1924.8</ele>
    <time>2022-07-09T12:22:35Z</time>
   </trkpt>
   <trkpt lat="45.8457280" lon="6.6770170">
    <ele>1925.0</ele>
    <time>2022-07-09T12:22:36Z</time>
   </trkpt>
   <trkpt lat="45.8457390" lon="6.6769880">
    <ele>1925.4</ele>
    <time>2022-07-09T12:22:37Z</time>
   </trkpt>
   <trkpt lat="45.8457460" lon="6.6769790">
    <ele>1925.6</ele>
    <time>2022-07-09T12:22:38Z</time>
   </trkpt>
   <trkpt lat="45.8457520" lon="6.6769710">
    <ele>1925.8</ele>
    <time>2022-07-09T12:22:39Z</time>
   </trkpt>
   <trkpt lat="45.8457540" lon="6.6769460">
    <ele>1926.1</ele>
    <time>2022-07-09T12:22:40Z</time>
   </trkpt>
   <trkpt lat="45.8457560" lon="6.6769270">
    <ele>1926.4</ele>
    <time>2022-07-09T12:22:41Z</time>
   </trkpt>
   <trkpt lat="45.8457580" lon="6.6768930">
    <ele>1926.8</ele>
    <time>2022-07-09T12:22:42Z</time>
   </trkpt>
   <trkpt lat="45.8457580" lon="6.6768780">
    <ele>1927.0</ele>
    <time>2022-07-09T12:22:43Z</time>
   </trkpt>
   <trkpt lat="45.8457590" lon="6.6768640">
    <ele>1927.2</ele>
    <time>2022-07-09T12:22:44Z</time>
   </trkpt>
   <trkpt lat="45.8457650" lon="6.6768540">
    <ele>1927.4</ele>
    <time>2022-07-09T12:22:45Z</time>
   </trkpt>
   <trkpt lat="45.8457770" lon="6.6768450">
    <ele>1927.6</ele>
    <time>2022-07-09T12:22:46Z</time>
   </trkpt>
   <trkpt lat="45.8457830" lon="6.6768290">
    <ele>1927.9</ele>
    <time>2022-07-09T12:22:47Z</time>
   </trkpt>
   <trkpt lat="45.8457900" lon="6.6768110">
    <ele>1928.2</ele>
    <time>2022-07-09T12:22:48Z</time>
   </trkpt>
   <trkpt lat="45.8457950" lon="6.6767900">
    <ele>1928.5</ele>
    <time>2022-07-09T12:22:49Z</time>
   </trkpt>
   <trkpt lat="45.8458030" lon="6.6767670">
    <ele>1928.8</ele>
    <time>2022-07-09T12:22:50Z</time>
   </trkpt>
   <trkpt lat="45.8458130" lon="6.6767480">
    <ele>1929.1</ele>
    <time>2022-07-09T12:22:51Z</time>
   </trkpt>
   <trkpt lat="45.8458180" lon="6.6767260">
    <ele>1929.4</ele>
    <time>2022-07-09T12:22:52Z</time>
   </trkpt>
   <trkpt lat="45.8458220" lon="6.6767090">
    <ele>1929.7</ele>
    <time>2022-07-09T12:22:53Z</time>
   </trkpt>
   <trkpt lat="45.8458250" lon="6.6766890">
    <ele>1929.9</ele>
    <time>2022-07-09T12:22:54Z</time>
   </trkpt>
   <trkpt lat="45.8458350" lon="6.6766710">
    <ele>1930.3</ele>
    <time>2022-07-09T12:22:55Z</time>
   </trkpt>
   <trkpt lat="45.8458450" lon="6.6766540">
    <ele>1930.6</ele>
    <time>2022-07-09T12:22:56Z</time>
   </trkpt>
   <trkpt lat="45.8458480" lon="6.6766430">
    <ele>1930.7</ele>
    <time>2022-07-09T12:22:57Z</time>
   </trkpt>
   <trkpt lat="45.8458530" lon="6.6766290">
    <ele>1931.0</ele>
    <time>2022-07-09T12:22:58Z</time>
   </trkpt>
   <trkpt lat="45.8458580" lon="6.6766010">
    <ele>1931.4</ele>
    <time>2022-07-09T12:22:59Z</time>
   </trkpt>
   <trkpt lat="45.8458650" lon="6.6765900">
    <ele>1931.6</ele>
    <time>2022-07-09T12:23:00Z</time>
   </trkpt>
   <trkpt lat="45.8458720" lon="6.6765790">
    <ele>1931.8</ele>
    <time>2022-07-09T12:23:01Z</time>
   </trkpt>
   <trkpt lat="45.8458760" lon="6.6765540">
    <ele>1932.2</ele>
    <time>2022-07-09T12:23:02Z</time>
   </trkpt>
   <trkpt lat="45.8458810" lon="6.6765410">
    <ele>1932.4</ele>
    <time>2022-07-09T12:23:03Z</time>
   </trkpt>
   <trkpt lat="45.8458850" lon="6.6765210">
    <ele>1932.7</ele>
    <time>2022-07-09T12:23:04Z</time>
   </trkpt>
   <trkpt lat="45.8458940" lon="6.6765070">
    <ele>1932.9</ele>
    <time>2022-07-09T12:23:05Z</time>
   </trkpt>
   <trkpt lat="45.8459030" lon="6.6764950">
    <ele>1933.2</ele>
    <time>2022-07-09T12:23:06Z</time>
   </trkpt>
   <trkpt lat="45.8458990" lon="6.6764720">
    <ele>1933.5</ele>
    <time>2022-07-09T12:23:07Z</time>
   </trkpt>
   <trkpt lat="45.8459040" lon="6.6764570">
    <ele>1933.7</ele>
    <time>2022-07-09T12:23:08Z</time>
   </trkpt>
   <trkpt lat="45.8459120" lon="6.6764280">
    <ele>1934.2</ele>
    <time>2022-07-09T12:23:09Z</time>
   </trkpt>
   <trkpt lat="45.8459180" lon="6.6764130">
    <ele>1934.4</ele>
    <time>2022-07-09T12:23:10Z</time>
   </trkpt>
   <trkpt lat="45.8459240" lon="6.6763970">
    <ele>1934.6</ele>
    <time>2022-07-09T12:23:11Z</time>
   </trkpt>
   <trkpt lat="45.8459350" lon="6.6763810">
    <ele>1934.9</ele>
    <time>2022-07-09T12:23:12Z</time>
   </trkpt>
   <trkpt lat="45.8459400" lon="6.6763680">
    <ele>1935.1</ele>
    <time>2022-07-09T12:23:13Z</time>
   </trkpt>
   <trkpt lat="45.8459460" lon="6.6763560">
    <ele>1935.3</ele>
    <time>2022-07-09T12:23:14Z</time>
   </trkpt>
   <trkpt lat="45.8459520" lon="6.6763450">
    <ele>1935.5</ele>
    <time>2022-07-09T12:23:15Z</time>
   </trkpt>
   <trkpt lat="45.8459580" lon="6.6763310">
    <ele>1935.6</ele>
    <time>2022-07-09T12:23:16Z</time>
   </trkpt>
   <trkpt lat="45.8459670" lon="6.6763250">
    <ele>1935.8</ele>
    <time>2022-07-09T12:23:17Z</time>
   </trkpt>
   <trkpt lat="45.8459740" lon="6.6763120">
    <ele>1936.0</ele>
    <time>2022-07-09T12:23:18Z</time>
   </trkpt>
   <trkpt lat="45.8459830" lon="6.6762990">
    <ele>1936.2</ele>
    <time>2022-07-09T12:23:19Z</time>
   </trkpt>
   <trkpt lat="45.8459880" lon="6.6762850">
    <ele>1936.4</ele>
    <time>2022-07-09T12:23:20Z</time>
   </trkpt>
   <trkpt lat="45.8459930" lon="6.6762690">
    <ele>1936.5</ele>
    <time>2022-07-09T12:23:21Z</time>
   </trkpt>
   <trkpt lat="45.8460040" lon="6.6762530">
    <ele>1936.8</ele>
    <time>2022-07-09T12:23:22Z</time>
   </trkpt>
   <trkpt lat="45.8460210" lon="6.6762340">
    <ele>1937.1</ele>
    <time>2022-07-09T12:23:23Z</time>
   </trkpt>
   <trkpt lat="45.8460280" lon="6.6762270">
    <ele>1937.2</ele>
    <time>2022-07-09T12:23:24Z</time>
   </trkpt>
   <trkpt lat="45.8460350" lon="6.6762190">
    <ele>1937.3</ele>
    <time>2022-07-09T12:23:25Z</time>
   </trkpt>
   <trkpt lat="45.8460420" lon="6.6762130">
    <ele>1937.4</ele>
    <time>2022-07-09T12:23:26Z</time>
   </trkpt>
   <trkpt lat="45.8460480" lon="6.6761950">
    <ele>1937.6</ele>
    <time>2022-07-09T12:23:27Z</time>
   </trkpt>
   <trkpt lat="45.8460520" lon="6.6761810">
    <ele>1937.7</ele>
    <time>2022-07-09T12:23:28Z</time>
   </trkpt>
   <trkpt lat="45.8460580" lon="6.6761690">
    <ele>1937.9</ele>
    <time>2022-07-09T12:23:29Z</time>
   </trkpt>
   <trkpt lat="45.8460680" lon="6.6761550">
    <ele>1938.1</ele>
    <time>2022-07-09T12:23:30Z</time>
   </trkpt>
   <trkpt lat="45.8460760" lon="6.6761450">
    <ele>1938.1</ele>
    <time>2022-07-09T12:23:31Z</time>
   </trkpt>
   <trkpt lat="45.8460940" lon="6.6761240">
    <ele>1938.1</ele>
    <time>2022-07-09T12:23:32Z</time>
   </trkpt>
   <trkpt lat="45.8461030" lon="6.6761170">
    <ele>1938.1</ele>
    <time>2022-07-09T12:23:33Z</time>
   </trkpt>
   <trkpt lat="45.8461120" lon="6.6761100">
    <ele>1938.1</ele>
    <time>2022-07-09T12:23:34Z</time>
   </trkpt>
   <trkpt lat="45.8461190" lon="6.6760990">
    <ele>1938.1</ele>
    <time>2022-07-09T12:23:35Z</time>
   </trkpt>
   <trkpt lat="45.8461280" lon="6.6760840">
    <ele>1938.1</ele>
    <time>2022-07-09T12:23:36Z</time>
   </trkpt>
   <trkpt lat="45.8461360" lon="6.6760760">
    <ele>1938.1</ele>
    <time>2022-07-09T12:23:37Z</time>
   </trkpt>
   <trkpt lat="45.8461420" lon="6.6760750">
    <ele>1938.1</ele>
    <time>2022-07-09T12:23:38Z</time>
   </trkpt>
   <trkpt lat="45.8461540" lon="6.6760470">
    <ele>1938.1</ele>
    <time>2022-07-09T12:23:39Z</time>
   </trkpt>
   <trkpt lat="45.8461630" lon="6.6760360">
    <ele>1938.1</ele>
    <time>2022-07-09T12:23:40Z</time>
   </trkpt>
   <trkpt lat="45.8461660" lon="6.6760190">
    <ele>1938.1</ele>
    <time>2022-07-09T12:23:41Z</time>
   </trkpt>
   <trkpt lat="45.8461740" lon="6.6760040">
    <ele>1938.1</ele>
    <time>2022-07-09T12:23:42Z</time>
   </trkpt>
   <trkpt lat="45.8461800" lon="6.6759860">
    <ele>1938.1</ele>
    <time>2022-07-09T12:23:43Z</time>
   </trkpt>
   <trkpt lat="45.8461870" lon="6.6759690">
    <ele>1938.1</ele>
    <time>2022-07-09T12:23:44Z</time>
   </trkpt>
   <trkpt lat="45.8461940" lon="6.6759500">
    <ele>1938.1</ele>
    <time>2022-07-09T12:23:45Z</time>
   </trkpt>
   <trkpt lat="45.8461970" lon="6.6759330">
    <ele>1937.2</ele>
    <time>2022-07-09T12:23:46Z</time>
   </trkpt>
   <trkpt lat="45.8462000" lon="6.6759160">
    <ele>1937.1</ele>
    <time>2022-07-09T12:23:47Z</time>
   </trkpt>
   <trkpt lat="45.8462090" lon="6.6758890">
    <ele>1936.9</ele>
    <time>2022-07-09T12:23:48Z</time>
   </trkpt>
   <trkpt lat="45.8461840" lon="6.6758790">
    <ele>1936.7</ele>
    <time>2022-07-09T12:23:49Z</time>
   </trkpt>
   <trkpt lat="45.8461680" lon="6.6758840">
    <ele>1936.5</ele>
    <time>2022-07-09T12:23:50Z</time>
   </trkpt>
   <trkpt lat="45.8461360" lon="6.6758850">
    <ele>1936.2</ele>
    <time>2022-07-09T12:23:51Z</time>
   </trkpt>
   <trkpt lat="45.8461110" lon="6.6758620">
    <ele>1935.9</ele>
    <time>2022-07-09T12:23:52Z</time>
   </trkpt>
   <trkpt lat="45.8460730" lon="6.6758200">
    <ele>1935.3</ele>
    <time>2022-07-09T12:23:53Z</time>
   </trkpt>
   <trkpt lat="45.8460540" lon="6.6757930">
    <ele>1935.0</ele>
    <time>2022-07-09T12:23:54Z</time>
   </trkpt>
   <trkpt lat="45.8460470" lon="6.6757470">
    <ele>1934.6</ele>
    <time>2022-07-09T12:23:55Z</time>
   </trkpt>
   <trkpt lat="45.8460420" lon="6.6757300">
    <ele>1934.4</ele>
    <time>2022-07-09T12:23:56Z</time>
   </trkpt>
   <trkpt lat="45.8460000" lon="6.6756600">
    <ele>1933.6</ele>
    <time>2022-07-09T12:23:57Z</time>
   </trkpt>
   <trkpt lat="45.8459670" lon="6.6755920">
    <ele>1932.8</ele>
    <time>2022-07-09T12:23:58Z</time>
   </trkpt>
   <trkpt lat="45.8459540" lon="6.6755430">
    <ele>1932.2</ele>
    <time>2022-07-09T12:23:59Z</time>
   </trkpt>
   <trkpt lat="45.8459370" lon="6.6755030">
    <ele>1931.8</ele>
    <time>2022-07-09T12:24:00Z</time>
   </trkpt>
   <trkpt lat="45.8459160" lon="6.6754470">
    <ele>1931.1</ele>
    <time>2022-07-09T12:24:01Z</time>
   </trkpt>
   <trkpt lat="45.8458960" lon="6.6753980">
    <ele>1930.5</ele>
    <time>2022-07-09T12:24:02Z</time>
   </trkpt>
   <trkpt lat="45.8458710" lon="6.6753420">
    <ele>1929.9</ele>
    <time>2022-07-09T12:24:03Z</time>
   </trkpt>
   <trkpt lat="45.8458480" lon="6.6752830">
    <ele>1929.2</ele>
    <time>2022-07-09T12:24:04Z</time>
   </trkpt>
   <trkpt lat="45.8458230" lon="6.6752300">
    <ele>1928.6</ele>
    <time>2022-07-09T12:24:05Z</time>
   </trkpt>
   <trkpt lat="45.8458050" lon="6.6751720">
    <ele>1928.0</ele>
    <time>2022-07-09T12:24:06Z</time>
   </trkpt>
   <trkpt lat="45.8457810" lon="6.6751210">
    <ele>1927.5</ele>
    <time>2022-07-09T12:24:07Z</time>
   </trkpt>
   <trkpt lat="45.8457560" lon="6.6750630">
    <ele>1926.9</ele>
    <time>2022-07-09T12:24:08Z</time>
   </trkpt>
   <trkpt lat="45.8457280" lon="6.6750110">
    <ele>1926.4</ele>
    <time>2022-07-09T12:24:09Z</time>
   </trkpt>
   <trkpt lat="45.8457060" lon="6.6749600">
    <ele>1925.9</ele>
    <time>2022-07-09T12:24:10Z</time>
   </trkpt>
   <trkpt lat="45.8456840" lon="6.6749010">
    <ele>1925.4</ele>
    <time>2022-07-09T12:24:11Z</time>
   </trkpt>
   <trkpt lat="45.8456700" lon="6.6748420">
    <ele>1924.9</ele>
    <time>2022-07-09T12:24:12Z</time>
   </trkpt>
   <trkpt lat="45.8456440" lon="6.6747960">
    <ele>1924.4</ele>
    <time>2022-07-09T12:24:13Z</time>
   </trkpt>
   <trkpt lat="45.8456310" lon="6.6747450">
    <ele>1924.0</ele>
    <time>2022-07-09T12:24:14Z</time>
   </trkpt>
   <trkpt lat="45.8456090" lon="6.6746970">
    <ele>1923.6</ele>
    <time>2022-07-09T12:24:15Z</time>
   </trkpt>
   <trkpt lat="45.8455860" lon="6.6746470">
    <ele>1923.2</ele>
    <time>2022-07-09T12:24:16Z</time>
   </trkpt>
   <trkpt lat="45.8455710" lon="6.6745990">
    <ele>1922.8</ele>
    <time>2022-07-09T12:24:17Z</time>
   </trkpt>
   <trkpt lat="45.8455500" lon="6.6745510">
    <ele>1922.3</ele>
    <time>2022-07-09T12:24:18Z</time>
   </trkpt>
   <trkpt lat="45.8455300" lon="6.6745070">
    <ele>1921.9</ele>
    <time>2022-07-09T12:24:19Z</time>
   </trkpt>
   <trkpt lat="45.8455060" lon="6.6744580">
    <ele>1921.3</ele>
    <time>2022-07-09T12:24:20Z</time>
   </trkpt>
   <trkpt lat="45.8454810" lon="6.6744140">
    <ele>1920.8</ele>
    <time>2022-07-09T12:24:21Z</time>
   </trkpt>
   <trkpt lat="45.8454560" lon="6.6743760">
    <ele>1920.3</ele>
    <time>2022-07-09T12:24:22Z</time>
   </trkpt>
   <trkpt lat="45.8454290" lon="6.6743390">
    <ele>1919.8</ele>
    <time>2022-07-09T12:24:23Z</time>
   </trkpt>
   <trkpt lat="45.8454080" lon="6.6742940">
    <ele>1919.2</ele>
    <time>2022-07-09T12:24:24Z</time>
   </trkpt>
   <trkpt lat="45.8453810" lon="6.6742660">
    <ele>1918.7</ele>
    <time>2022-07-09T12:24:25Z</time>
   </trkpt>
   <trkpt lat="45.8453560" lon="6.6742290">
    <ele>1918.1</ele>
    <time>2022-07-09T12:24:26Z</time>
   </trkpt>
   <trkpt lat="45.8453330" lon="6.6741980">
    <ele>1917.6</ele>
    <time>2022-07-09T12:24:27Z</time>
   </trkpt>
   <trkpt lat="45.8453110" lon="6.6741590">
    <ele>1917.0</ele>
    <time>2022-07-09T12:24:28Z</time>
   </trkpt>
   <trkpt lat="45.8452850" lon="6.6741160">
    <ele>1916.3</ele>
    <time>2022-07-09T12:24:29Z</time>
   </trkpt>
   <trkpt lat="45.8452580" lon="6.6740780">
    <ele>1915.6</ele>
    <time>2022-07-09T12:24:30Z</time>
   </trkpt>
   <trkpt lat="45.8452350" lon="6.6740350">
    <ele>1914.9</ele>
    <time>2022-07-09T12:24:31Z</time>
   </trkpt>
   <trkpt lat="45.8452060" lon="6.6739980">
    <ele>1914.2</ele>
    <time>2022-07-09T12:24:32Z</time>
   </trkpt>
   <trkpt lat="45.8451770" lon="6.6739600">
    <ele>1913.5</ele>
    <time>2022-07-09T12:24:33Z</time>
   </trkpt>
   <trkpt lat="45.8451470" lon="6.6739200">
    <ele>1912.7</ele>
    <time>2022-07-09T12:24:34Z</time>
   </trkpt>
   <trkpt lat="45.8451200" lon="6.6738830">
    <ele>1912.0</ele>
    <time>2022-07-09T12:24:35Z</time>
   </trkpt>
   <trkpt lat="45.8450980" lon="6.6738460">
    <ele>1911.4</ele>
    <time>2022-07-09T12:24:36Z</time>
   </trkpt>
   <trkpt lat="45.8450770" lon="6.6738030">
    <ele>1910.7</ele>
    <time>2022-07-09T12:24:37Z</time>
   </trkpt>
   <trkpt lat="45.8450520" lon="6.6737710">
    <ele>1910.1</ele>
    <time>2022-07-09T12:24:38Z</time>
   </trkpt>
   <trkpt lat="45.8450250" lon="6.6737390">
    <ele>1909.4</ele>
    <time>2022-07-09T12:24:39Z</time>
   </trkpt>
   <trkpt lat="45.8449940" lon="6.6736990">
    <ele>1908.7</ele>
    <time>2022-07-09T12:24:40Z</time>
   </trkpt>
   <trkpt lat="45.8449640" lon="6.6736550">
    <ele>1907.9</ele>
    <time>2022-07-09T12:24:41Z</time>
   </trkpt>
   <trkpt lat="45.8449410" lon="6.6736210">
    <ele>1907.2</ele>
    <time>2022-07-09T12:24:42Z</time>
   </trkpt>
   <trkpt lat="45.8449220" lon="6.6735920">
    <ele>1906.7</ele>
    <time>2022-07-09T12:24:43Z</time>
   </trkpt>
   <trkpt lat="45.8448950" lon="6.6735530">
    <ele>1905.9</ele>
    <time>2022-07-09T12:24:44Z</time>
   </trkpt>
   <trkpt lat="45.8448700" lon="6.6735210">
    <ele>1905.2</ele>
    <time>2022-07-09T12:24:45Z</time>
   </trkpt>
   <trkpt lat="45.8448440" lon="6.6734910">
    <ele>1904.5</ele>
    <time>2022-07-09T12:24:46Z</time>
   </trkpt>
   <trkpt lat="45.8448210" lon="6.6734580">
    <ele>1903.8</ele>
    <time>2022-07-09T12:24:47Z</time>
   </trkpt>
   <trkpt lat="45.8447980" lon="6.6734180">
    <ele>1903.0</ele>
    <time>2022-07-09T12:24:48Z</time>
   </trkpt>
   <trkpt lat="45.8447650" lon="6.6733780">
    <ele>1902.0</ele>
    <time>2022-07-09T12:24:49Z</time>
   </trkpt>
   <trkpt lat="45.8447530" lon="6.6733610">
    <ele>1901.7</ele>
    <time>2022-07-09T12:24:50Z</time>
   </trkpt>
   <trkpt lat="45.8447250" lon="6.6733250">
    <ele>1900.8</ele>
    <time>2022-07-09T12:24:51Z</time>
   </trkpt>
   <trkpt lat="45.8446980" lon="6.6733000">
    <ele>1900.1</ele>
    <time>2022-07-09T12:24:52Z</time>
   </trkpt>
   <trkpt lat="45.8446730" lon="6.6732630">
    <ele>1899.3</ele>
    <time>2022-07-09T12:24:53Z</time>
   </trkpt>
   <trkpt lat="45.8446530" lon="6.6732290">
    <ele>1898.6</ele>
    <time>2022-07-09T12:24:54Z</time>
   </trkpt>
   <trkpt lat="45.8446300" lon="6.6731970">
    <ele>1897.9</ele>
    <time>2022-07-09T12:24:55Z</time>
   </trkpt>
   <trkpt lat="45.8446090" lon="6.6731650">
    <ele>1897.3</ele>
    <time>2022-07-09T12:24:56Z</time>
   </trkpt>
   <trkpt lat="45.8445840" lon="6.6731360">
    <ele>1896.6</ele>
    <time>2022-07-09T12:24:57Z</time>
   </trkpt>
   <trkpt lat="45.8445530" lon="6.6731070">
    <ele>1895.9</ele>
    <time>2022-07-09T12:24:58Z</time>
   </trkpt>
   <trkpt lat="45.8445300" lon="6.6730760">
    <ele>1895.2</ele>
    <time>2022-07-09T12:24:59Z</time>
   </trkpt>
   <trkpt lat="45.8445090" lon="6.6730460">
    <ele>1894.6</ele>
    <time>2022-07-09T12:25:00Z</time>
   </trkpt>
   <trkpt lat="45.8444770" lon="6.6730190">
    <ele>1893.8</ele>
    <time>2022-07-09T12:25:01Z</time>
   </trkpt>
   <trkpt lat="45.8444540" lon="6.6729800">
    <ele>1893.0</ele>
    <time>2022-07-09T12:25:02Z</time>
   </trkpt>
   <trkpt lat="45.8444290" lon="6.6729460">
    <ele>1892.2</ele>
    <time>2022-07-09T12:25:03Z</time>
   </trkpt>
   <trkpt lat="45.8444020" lon="6.6729190">
    <ele>1891.5</ele>
    <time>2022-07-09T12:25:04Z</time>
   </trkpt>
   <trkpt lat="45.8443730" lon="6.6728900">
    <ele>1890.7</ele>
    <time>2022-07-09T12:25:05Z</time>
   </trkpt>
   <trkpt lat="45.8443430" lon="6.6728590">
    <ele>1889.8</ele>
    <time>2022-07-09T12:25:06Z</time>
   </trkpt>
   <trkpt lat="45.8443200" lon="6.6728260">
    <ele>1889.1</ele>
    <time>2022-07-09T12:25:07Z</time>
   </trkpt>
   <trkpt lat="45.8442940" lon="6.6728010">
    <ele>1888.4</ele>
    <time>2022-07-09T12:25:08Z</time>
   </trkpt>
   <trkpt lat="45.8442640" lon="6.6727620">
    <ele>1887.6</ele>
    <time>2022-07-09T12:25:09Z</time>
   </trkpt>
   <trkpt lat="45.8442320" lon="6.6727320">
    <ele>1886.8</ele>
    <time>2022-07-09T12:25:10Z</time>
   </trkpt>
   <trkpt lat="45.8442060" lon="6.6726870">
    <ele>1886.0</ele>
    <time>2022-07-09T12:25:11Z</time>
   </trkpt>
   <trkpt lat="45.8441840" lon="6.6726560">
    <ele>1885.4</ele>
    <time>2022-07-09T12:25:12Z</time>
   </trkpt>
   <trkpt lat="45.8441580" lon="6.6726160">
    <ele>1884.6</ele>
    <time>2022-07-09T12:25:13Z</time>
   </trkpt>
   <trkpt lat="45.8441330" lon="6.6725890">
    <ele>1883.9</ele>
    <time>2022-07-09T12:25:14Z</time>
   </trkpt>
   <trkpt lat="45.8441020" lon="6.6725490">
    <ele>1883.1</ele>
    <time>2022-07-09T12:25:15Z</time>
   </trkpt>
   <trkpt lat="45.8440900" lon="6.6725300">
    <ele>1882.7</ele>
    <time>2022-07-09T12:25:16Z</time>
   </trkpt>
   <trkpt lat="45.8440720" lon="6.6724960">
    <ele>1882.1</ele>
    <time>2022-07-09T12:25:17Z</time>
   </trkpt>
   <trkpt lat="45.8440540" lon="6.6724580">
    <ele>1881.4</ele>
    <time>2022-07-09T12:25:18Z</time>
   </trkpt>
   <trkpt lat="45.8440250" lon="6.6724270">
    <ele>1880.6</ele>
    <time>2022-07-09T12:25:19Z</time>
   </trkpt>
   <trkpt lat="45.8439960" lon="6.6723860">
    <ele>1879.7</ele>
    <time>2022-07-09T12:25:20Z</time>
   </trkpt>
   <trkpt lat="45.8439840" lon="6.6723680">
    <ele>1879.3</ele>
    <time>2022-07-09T12:25:21Z</time>
   </trkpt>
   <trkpt lat="45.8439620" lon="6.6723360">
    <ele>1878.6</ele>
    <time>2022-07-09T12:25:22Z</time>
   </trkpt>
   <trkpt lat="45.8439380" lon="6.6723130">
    <ele>1878.0</ele>
    <time>2022-07-09T12:25:23Z</time>
   </trkpt>
   <trkpt lat="45.8439190" lon="6.6722830">
    <ele>1877.4</ele>
    <time>2022-07-09T12:25:24Z</time>
   </trkpt>
   <trkpt lat="45.8438910" lon="6.6722370">
    <ele>1876.4</ele>
    <time>2022-07-09T12:25:25Z</time>
   </trkpt>
   <trkpt lat="45.8438800" lon="6.6722190">
    <ele>1876.1</ele>
    <time>2022-07-09T12:25:26Z</time>
   </trkpt>
   <trkpt lat="45.8438550" lon="6.6721940">
    <ele>1875.4</ele>
    <time>2022-07-09T12:25:27Z</time>
   </trkpt>
   <trkpt lat="45.8438380" lon="6.6721640">
    <ele>1874.9</ele>
    <time>2022-07-09T12:25:28Z</time>
   </trkpt>
   <trkpt lat="45.8438130" lon="6.6721350">
    <ele>1874.2</ele>
    <time>2022-07-09T12:25:29Z</time>
   </trkpt>
   <trkpt lat="45.8437920" lon="6.6720960">
    <ele>1873.5</ele>
    <time>2022-07-09T12:25:30Z</time>
   </trkpt>
   <trkpt lat="45.8437650" lon="6.6720640">
    <ele>1872.8</ele>
    <time>2022-07-09T12:25:31Z</time>
   </trkpt>
   <trkpt lat="45.8437410" lon="6.6720290">
    <ele>1872.1</ele>
    <time>2022-07-09T12:25:32Z</time>
   </trkpt>
   <trkpt lat="45.8437170" lon="6.6719890">
    <ele>1871.4</ele>
    <time>2022-07-09T12:25:33Z</time>
   </trkpt>
   <trkpt lat="45.8436970" lon="6.6719570">
    <ele>1870.8</ele>
    <time>2022-07-09T12:25:34Z</time>
   </trkpt>
   <trkpt lat="45.8436720" lon="6.6719320">
    <ele>1870.1</ele>
    <time>2022-07-09T12:25:35Z</time>
   </trkpt>
   <trkpt lat="45.8436500" lon="6.6718900">
    <ele>1869.4</ele>
    <time>2022-07-09T12:25:36Z</time>
   </trkpt>
   <trkpt lat="45.8436300" lon="6.6718530">
    <ele>1868.8</ele>
    <time>2022-07-09T12:25:37Z</time>
   </trkpt>
   <trkpt lat="45.8436140" lon="6.6718190">
    <ele>1868.3</ele>
    <time>2022-07-09T12:25:38Z</time>
   </trkpt>
   <trkpt lat="45.8435840" lon="6.6717800">
    <ele>1867.6</ele>
    <time>2022-07-09T12:25:39Z</time>
   </trkpt>
   <trkpt lat="45.8435600" lon="6.6717440">
    <ele>1867.0</ele>
    <time>2022-07-09T12:25:40Z</time>
   </trkpt>
   <trkpt lat="45.8435340" lon="6.6717110">
    <ele>1866.4</ele>
    <time>2022-07-09T12:25:41Z</time>
   </trkpt>
   <trkpt lat="45.8435110" lon="6.6716730">
    <ele>1865.8</ele>
    <time>2022-07-09T12:25:42Z</time>
   </trkpt>
   <trkpt lat="45.8434890" lon="6.6716370">
    <ele>1865.2</ele>
    <time>2022-07-09T12:25:43Z</time>
   </trkpt>
   <trkpt lat="45.8434710" lon="6.6716020">
    <ele>1864.6</ele>
    <time>2022-07-09T12:25:44Z</time>
   </trkpt>
   <trkpt lat="45.8434500" lon="6.6715670">
    <ele>1864.0</ele>
    <time>2022-07-09T12:25:45Z</time>
   </trkpt>
   <trkpt lat="45.8434270" lon="6.6715180">
    <ele>1863.2</ele>
    <time>2022-07-09T12:25:46Z</time>
   </trkpt>
   <trkpt lat="45.8434000" lon="6.6714860">
    <ele>1862.6</ele>
    <time>2022-07-09T12:25:47Z</time>
   </trkpt>
   <trkpt lat="45.8433770" lon="6.6714450">
    <ele>1861.8</ele>
    <time>2022-07-09T12:25:48Z</time>
   </trkpt>
   <trkpt lat="45.8433610" lon="6.6714050">
    <ele>1861.2</ele>
    <time>2022-07-09T12:25:49Z</time>
   </trkpt>
   <trkpt lat="45.8433440" lon="6.6713650">
    <ele>1860.5</ele>
    <time>2022-07-09T12:25:50Z</time>
   </trkpt>
   <trkpt lat="45.8433260" lon="6.6713330">
    <ele>1860.0</ele>
    <time>2022-07-09T12:25:51Z</time>
   </trkpt>
   <trkpt lat="45.8433000" lon="6.6712910">
    <ele>1859.2</ele>
    <time>2022-07-09T12:25:52Z</time>
   </trkpt>
   <trkpt lat="45.8432810" lon="6.6712560">
    <ele>1858.6</ele>
    <time>2022-07-09T12:25:53Z</time>
   </trkpt>
   <trkpt lat="45.8432590" lon="6.6712180">
    <ele>1858.0</ele>
    <time>2022-07-09T12:25:54Z</time>
   </trkpt>
   <trkpt lat="45.8432470" lon="6.6711830">
    <ele>1857.5</ele>
    <time>2022-07-09T12:25:55Z</time>
   </trkpt>
   <trkpt lat="45.8432310" lon="6.6711390">
    <ele>1856.8</ele>
    <time>2022-07-09T12:25:56Z</time>
   </trkpt>
   <trkpt lat="45.8432120" lon="6.6711030">
    <ele>1856.3</ele>
    <time>2022-07-09T12:25:57Z</time>
   </trkpt>
   <trkpt lat="45.8431910" lon="6.6710620">
    <ele>1855.7</ele>
    <time>2022-07-09T12:25:58Z</time>
   </trkpt>
   <trkpt lat="45.8431630" lon="6.6710130">
    <ele>1854.9</ele>
    <time>2022-07-09T12:25:59Z</time>
   </trkpt>
   <trkpt lat="45.8431520" lon="6.6709700">
    <ele>1854.4</ele>
    <time>2022-07-09T12:26:00Z</time>
   </trkpt>
   <trkpt lat="45.8431300" lon="6.6709250">
    <ele>1853.8</ele>
    <time>2022-07-09T12:26:01Z</time>
   </trkpt>
   <trkpt lat="45.8431060" lon="6.6708890">
    <ele>1853.2</ele>
    <time>2022-07-09T12:26:02Z</time>
   </trkpt>
   <trkpt lat="45.8430800" lon="6.6708520">
    <ele>1852.7</ele>
    <time>2022-07-09T12:26:03Z</time>
   </trkpt>
   <trkpt lat="45.8430640" lon="6.6708090">
    <ele>1852.1</ele>
    <time>2022-07-09T12:26:04Z</time>
   </trkpt>
   <trkpt lat="45.8430510" lon="6.6707650">
    <ele>1851.6</ele>
    <time>2022-07-09T12:26:06Z</time>
   </trkpt>
   <trkpt lat="45.8430270" lon="6.6707290">
    <ele>1851.1</ele>
    <time>2022-07-09T12:26:07Z</time>
   </trkpt>
   <trkpt lat="45.8430040" lon="6.6706950">
    <ele>1850.5</ele>
    <time>2022-07-09T12:26:08Z</time>
   </trkpt>
   <trkpt lat="45.8429850" lon="6.6706610">
    <ele>1850.1</ele>
    <time>2022-07-09T12:26:09Z</time>
   </trkpt>
   <trkpt lat="45.8429720" lon="6.6706190">
    <ele>1849.7</ele>
    <time>2022-07-09T12:26:10Z</time>
   </trkpt>
   <trkpt lat="45.8429500" lon="6.6705850">
    <ele>1849.2</ele>
    <time>2022-07-09T12:26:11Z</time>
   </trkpt>
   <trkpt lat="45.8429220" lon="6.6705490">
    <ele>1848.8</ele>
    <time>2022-07-09T12:26:12Z</time>
   </trkpt>
   <trkpt lat="45.8428930" lon="6.6705210">
    <ele>1848.4</ele>
    <time>2022-07-09T12:26:13Z</time>
   </trkpt>
   <trkpt lat="45.8428680" lon="6.6704910">
    <ele>1848.1</ele>
    <time>2022-07-09T12:26:14Z</time>
   </trkpt>
   <trkpt lat="45.8428500" lon="6.6704550">
    <ele>1847.8</ele>
    <time>2022-07-09T12:26:15Z</time>
   </trkpt>
   <trkpt lat="45.8428240" lon="6.6704280">
    <ele>1847.5</ele>
    <time>2022-07-09T12:26:16Z</time>
   </trkpt>
   <trkpt lat="45.8428000" lon="6.6703900">
    <ele>1847.2</ele>
    <time>2022-07-09T12:26:17Z</time>
   </trkpt>
   <trkpt lat="45.8427870" lon="6.6703450">
    <ele>1846.9</ele>
    <time>2022-07-09T12:26:18Z</time>
   </trkpt>
   <trkpt lat="45.8427670" lon="6.6703040">
    <ele>1846.6</ele>
    <time>2022-07-09T12:26:19Z</time>
   </trkpt>
   <trkpt lat="45.8427520" lon="6.6702620">
    <ele>1846.3</ele>
    <time>2022-07-09T12:26:20Z</time>
   </trkpt>
   <trkpt lat="45.8427270" lon="6.6702170">
    <ele>1846.0</ele>
    <time>2022-07-09T12:26:21Z</time>
   </trkpt>
   <trkpt lat="45.8427120" lon="6.6701750">
    <ele>1845.7</ele>
    <time>2022-07-09T12:26:22Z</time>
   </trkpt>
   <trkpt lat="45.8426980" lon="6.6701310">
    <ele>1845.5</ele>
    <time>2022-07-09T12:26:23Z</time>
   </trkpt>
   <trkpt lat="45.8426720" lon="6.6700890">
    <ele>1845.3</ele>
    <time>2022-07-09T12:26:24Z</time>
   </trkpt>
   <trkpt lat="45.8426540" lon="6.6700440">
    <ele>1845.1</ele>
    <time>2022-07-09T12:26:25Z</time>
   </trkpt>
   <trkpt lat="45.8426420" lon="6.6700060">
    <ele>1844.9</ele>
    <time>2022-07-09T12:26:26Z</time>
   </trkpt>
   <trkpt lat="45.8426240" lon="6.6699560">
    <ele>1844.7</ele>
    <time>2022-07-09T12:26:27Z</time>
   </trkpt>
   <trkpt lat="45.8426140" lon="6.6699160">
    <ele>1844.5</ele>
    <time>2022-07-09T12:26:28Z</time>
   </trkpt>
   <trkpt lat="45.8425950" lon="6.6698720">
    <ele>1844.3</ele>
    <time>2022-07-09T12:26:29Z</time>
   </trkpt>
   <trkpt lat="45.8425830" lon="6.6698280">
    <ele>1844.1</ele>
    <time>2022-07-09T12:26:30Z</time>
   </trkpt>
   <trkpt lat="45.8425750" lon="6.6697880">
    <ele>1843.9</ele>
    <time>2022-07-09T12:26:31Z</time>
   </trkpt>
   <trkpt lat="45.8425650" lon="6.6697360">
    <ele>1843.7</ele>
    <time>2022-07-09T12:26:32Z</time>
   </trkpt>
   <trkpt lat="45.8425570" lon="6.6696900">
    <ele>1843.4</ele>
    <time>2022-07-09T12:26:33Z</time>
   </trkpt>
   <trkpt lat="45.8425520" lon="6.6696410">
    <ele>1843.2</ele>
    <time>2022-07-09T12:26:34Z</time>
   </trkpt>
   <trkpt lat="45.8425480" lon="6.6695870">
    <ele>1842.9</ele>
    <time>2022-07-09T12:26:35Z</time>
   </trkpt>
   <trkpt lat="45.8425390" lon="6.6695440">
    <ele>1842.7</ele>
    <time>2022-07-09T12:26:36Z</time>
   </trkpt>
   <trkpt lat="45.8425350" lon="6.6694950">
    <ele>1842.4</ele>
    <time>2022-07-09T12:26:37Z</time>
   </trkpt>
   <trkpt lat="45.8425360" lon="6.6694430">
    <ele>1842.1</ele>
    <time>2022-07-09T12:26:38Z</time>
   </trkpt>
   <trkpt lat="45.8425380" lon="6.6693930">
    <ele>1841.8</ele>
    <time>2022-07-09T12:26:39Z</time>
   </trkpt>
   <trkpt lat="45.8425390" lon="6.6693430">
    <ele>1841.5</ele>
    <time>2022-07-09T12:26:40Z</time>
   </trkpt>
   <trkpt lat="45.8425250" lon="6.6692890">
    <ele>1841.1</ele>
    <time>2022-07-09T12:26:41Z</time>
   </trkpt>
   <trkpt lat="45.8425220" lon="6.6692430">
    <ele>1840.8</ele>
    <time>2022-07-09T12:26:42Z</time>
   </trkpt>
   <trkpt lat="45.8425170" lon="6.6692000">
    <ele>1840.5</ele>
    <time>2022-07-09T12:26:43Z</time>
   </trkpt>
   <trkpt lat="45.8425080" lon="6.6691350">
    <ele>1840.1</ele>
    <time>2022-07-09T12:26:44Z</time>
   </trkpt>
   <trkpt lat="45.8424960" lon="6.6690850">
    <ele>1839.8</ele>
    <time>2022-07-09T12:26:45Z</time>
   </trkpt>
   <trkpt lat="45.8424870" lon="6.6690290">
    <ele>1839.5</ele>
    <time>2022-07-09T12:26:46Z</time>
   </trkpt>
   <trkpt lat="45.8424740" lon="6.6689820">
    <ele>1839.3</ele>
    <time>2022-07-09T12:26:47Z</time>
   </trkpt>
   <trkpt lat="45.8424630" lon="6.6689300">
    <ele>1839.0</ele>
    <time>2022-07-09T12:26:48Z</time>
   </trkpt>
   <trkpt lat="45.8424450" lon="6.6688830">
    <ele>1838.8</ele>
    <time>2022-07-09T12:26:49Z</time>
   </trkpt>
   <trkpt lat="45.8424280" lon="6.6688360">
    <ele>1838.7</ele>
    <time>2022-07-09T12:26:50Z</time>
   </trkpt>
   <trkpt lat="45.8424150" lon="6.6687890">
    <ele>1838.5</ele>
    <time>2022-07-09T12:26:51Z</time>
   </trkpt>
   <trkpt lat="45.8424040" lon="6.6687500">
    <ele>1838.4</ele>
    <time>2022-07-09T12:26:52Z</time>
   </trkpt>
   <trkpt lat="45.8423900" lon="6.6687040">
    <ele>1838.3</ele>
    <time>2022-07-09T12:26:53Z</time>
   </trkpt>
   <trkpt lat="45.8423740" lon="6.6686640">
    <ele>1838.2</ele>
    <time>2022-07-09T12:26:54Z</time>
   </trkpt>
   <trkpt lat="45.8423630" lon="6.6686200">
    <ele>1838.0</ele>
    <time>2022-07-09T12:26:55Z</time>
   </trkpt>
   <trkpt lat="45.8423520" lon="6.6685730">
    <ele>1837.9</ele>
    <time>2022-07-09T12:26:56Z</time>
   </trkpt>
   <trkpt lat="45.8423290" lon="6.6685200">
    <ele>1837.8</ele>
    <time>2022-07-09T12:26:57Z</time>
   </trkpt>
   <trkpt lat="45.8423190" lon="6.6684990">
    <ele>1837.7</ele>
    <time>2022-07-09T12:26:58Z</time>
   </trkpt>
   <trkpt lat="45.8423090" lon="6.6684620">
    <ele>1837.6</ele>
    <time>2022-07-09T12:26:59Z</time>
   </trkpt>
   <trkpt lat="45.8422930" lon="6.6684250">
    <ele>1837.5</ele>
    <time>2022-07-09T12:27:00Z</time>
   </trkpt>
   <trkpt lat="45.8422840" lon="6.6683860">
    <ele>1837.4</ele>
    <time>2022-07-09T12:27:01Z</time>
   </trkpt>
   <trkpt lat="45.8422660" lon="6.6683430">
    <ele>1837.3</ele>
    <time>2022-07-09T12:27:02Z</time>
   </trkpt>
   <trkpt lat="45.8422500" lon="6.6682910">
    <ele>1837.2</ele>
    <time>2022-07-09T12:27:03Z</time>
   </trkpt>
   <trkpt lat="45.8422450" lon="6.6682730">
    <ele>1837.2</ele>
    <time>2022-07-09T12:27:04Z</time>
   </trkpt>
   <trkpt lat="45.8422240" lon="6.6682370">
    <ele>1837.1</ele>
    <time>2022-07-09T12:27:05Z</time>
   </trkpt>
   <trkpt lat="45.8422080" lon="6.6681860">
    <ele>1837.0</ele>
    <time>2022-07-09T12:27:06Z</time>
   </trkpt>
   <trkpt lat="45.8421950" lon="6.6681380">
    <ele>1836.8</ele>
    <time>2022-07-09T12:27:07Z</time>
   </trkpt>
   <trkpt lat="45.8421920" lon="6.6681200">
    <ele>1836.8</ele>
    <time>2022-07-09T12:27:08Z</time>
   </trkpt>
   <trkpt lat="45.8421770" lon="6.6680810">
    <ele>1836.6</ele>
    <time>2022-07-09T12:27:09Z</time>
   </trkpt>
   <trkpt lat="45.8421690" lon="6.6680440">
    <ele>1836.5</ele>
    <time>2022-07-09T12:27:10Z</time>
   </trkpt>
   <trkpt lat="45.8421550" lon="6.6679980">
    <ele>1836.3</ele>
    <time>2022-07-09T12:27:11Z</time>
   </trkpt>
   <trkpt lat="45.8421400" lon="6.6679620">
    <ele>1836.2</ele>
    <time>2022-07-09T12:27:12Z</time>
   </trkpt>
   <trkpt lat="45.8421270" lon="6.6679080">
    <ele>1835.9</ele>
    <time>2022-07-09T12:27:13Z</time>
   </trkpt>
   <trkpt lat="45.8421170" lon="6.6678930">
    <ele>1835.8</ele>
    <time>2022-07-09T12:27:14Z</time>
   </trkpt>
   <trkpt lat="45.8421100" lon="6.6678500">
    <ele>1835.7</ele>
    <time>2022-07-09T12:27:15Z</time>
   </trkpt>
   <trkpt lat="45.8420860" lon="6.6678000">
    <ele>1835.4</ele>
    <time>2022-07-09T12:27:16Z</time>
   </trkpt>
   <trkpt lat="45.8420650" lon="6.6677490">
    <ele>1835.1</ele>
    <time>2022-07-09T12:27:17Z</time>
   </trkpt>
   <trkpt lat="45.8420510" lon="6.6677290">
    <ele>1835.0</ele>
    <time>2022-07-09T12:27:18Z</time>
   </trkpt>
   <trkpt lat="45.8420390" lon="6.6676930">
    <ele>1834.8</ele>
    <time>2022-07-09T12:27:19Z</time>
   </trkpt>
   <trkpt lat="45.8420130" lon="6.6676590">
    <ele>1834.6</ele>
    <time>2022-07-09T12:27:20Z</time>
   </trkpt>
   <trkpt lat="45.8419880" lon="6.6676360">
    <ele>1834.4</ele>
    <time>2022-07-09T12:27:21Z</time>
   </trkpt>
   <trkpt lat="45.8419620" lon="6.6676140">
    <ele>1834.2</ele>
    <time>2022-07-09T12:27:22Z</time>
   </trkpt>
   <trkpt lat="45.8419420" lon="6.6675780">
    <ele>1834.0</ele>
    <time>2022-07-09T12:27:23Z</time>
   </trkpt>
   <trkpt lat="45.8419360" lon="6.6675480">
    <ele>1833.8</ele>
    <time>2022-07-09T12:27:24Z</time>
   </trkpt>
   <trkpt lat="45.8419430" lon="6.6675320">
    <ele>1833.7</ele>
    <time>2022-07-09T12:27:25Z</time>
   </trkpt>
   <trkpt lat="45.8419350" lon="6.6675290">
    <ele>1833.7</ele>
    <time>2022-07-09T12:27:26Z</time>
   </trkpt>
   <trkpt lat="45.8419340" lon="6.6675270">
    <ele>1833.7</ele>
    <time>2022-07-09T12:27:27Z</time>
   </trkpt>
   <trkpt lat="45.8419340" lon="6.6675260">
    <ele>1833.7</ele>
    <time>2022-07-09T12:27:28Z</time>
   </trkpt>
   <trkpt lat="45.8419330" lon="6.6675240">
    <ele>1833.6</ele>
    <time>2022-07-09T12:27:29Z</time>
   </trkpt>
   <trkpt lat="45.8419320" lon="6.6675230">
    <ele>1833.6</ele>
    <time>2022-07-09T12:27:30Z</time>
   </trkpt>
   <trkpt lat="45.8419320" lon="6.6675210">
    <ele>1833.6</ele>
    <time>2022-07-09T12:27:31Z</time>
   </trkpt>
   <trkpt lat="45.8419310" lon="6.6675200">
    <ele>1833.6</ele>
    <time>2022-07-09T12:27:32Z</time>
   </trkpt>
   <trkpt lat="45.8419300" lon="6.6675190">
    <ele>1833.6</ele>
    <time>2022-07-09T12:27:33Z</time>
   </trkpt>
   <trkpt lat="45.8419300" lon="6.6675170">
    <ele>1833.6</ele>
    <time>2022-07-09T12:27:34Z</time>
   </trkpt>
   <trkpt lat="45.8419290" lon="6.6675160">
    <ele>1833.6</ele>
    <time>2022-07-09T12:27:35Z</time>
   </trkpt>
   <trkpt lat="45.8419280" lon="6.6675140">
    <ele>1833.6</ele>
    <time>2022-07-09T12:27:36Z</time>
   </trkpt>
   <trkpt lat="45.8419280" lon="6.6675130">
    <ele>1833.6</ele>
    <time>2022-07-09T12:27:37Z</time>
   </trkpt>
   <trkpt lat="45.8419270" lon="6.6675110">
    <ele>1833.5</ele>
    <time>2022-07-09T12:27:38Z</time>
   </trkpt>
   <trkpt lat="45.8419260" lon="6.6675100">
    <ele>1833.5</ele>
    <time>2022-07-09T12:27:39Z</time>
   </trkpt>
   <trkpt lat="45.8419260" lon="6.6675090">
    <ele>1833.5</ele>
    <time>2022-07-09T12:27:40Z</time>
   </trkpt>
   <trkpt lat="45.8419250" lon="6.6675070">
    <ele>1833.5</ele>
    <time>2022-07-09T12:27:41Z</time>
   </trkpt>
   <trkpt lat="45.8419240" lon="6.6675060">
    <ele>1833.5</ele>
    <time>2022-07-09T12:27:42Z</time>
   </trkpt>
   <trkpt lat="45.8419240" lon="6.6675040">
    <ele>1833.5</ele>
    <time>2022-07-09T12:27:43Z</time>
   </trkpt>
   <trkpt lat="45.8419230" lon="6.6675030">
    <ele>1833.5</ele>
    <time>2022-07-09T12:27:44Z</time>
   </trkpt>
   <trkpt lat="45.8419220" lon="6.6675010">
    <ele>1833.5</ele>
    <time>2022-07-09T12:27:45Z</time>
   </trkpt>
   <trkpt lat="45.8419220" lon="6.6675000">
    <ele>1833.5</ele>
    <time>2022-07-09T12:27:46Z</time>
   </trkpt>
   <trkpt lat="45.8419210" lon="6.6674990">
    <ele>1833.5</ele>
    <time>2022-07-09T12:27:47Z</time>
   </trkpt>
   <trkpt lat="45.8419200" lon="6.6674970">
    <ele>1833.4</ele>
    <time>2022-07-09T12:27:48Z</time>
   </trkpt>
   <trkpt lat="45.8419200" lon="6.6674960">
    <ele>1833.4</ele>
    <time>2022-07-09T12:27:49Z</time>
   </trkpt>
   <trkpt lat="45.8419190" lon="6.6674940">
    <ele>1833.4</ele>
    <time>2022-07-09T12:27:50Z</time>
   </trkpt>
   <trkpt lat="45.8419180" lon="6.6674930">
    <ele>1833.4</ele>
    <time>2022-07-09T12:27:51Z</time>
   </trkpt>
   <trkpt lat="45.8419180" lon="6.6674910">
    <ele>1833.4</ele>
    <time>2022-07-09T12:27:52Z</time>
   </trkpt>
   <trkpt lat="45.8419090" lon="6.6674760">
    <ele>1833.3</ele>
    <time>2022-07-09T12:27:53Z</time>
   </trkpt>
   <trkpt lat="45.8419030" lon="6.6674550">
    <ele>1833.2</ele>
    <time>2022-07-09T12:27:54Z</time>
   </trkpt>
   <trkpt lat="45.8418900" lon="6.6674210">
    <ele>1832.9</ele>
    <time>2022-07-09T12:27:55Z</time>
   </trkpt>
   <trkpt lat="45.8418630" lon="6.6673730">
    <ele>1832.5</ele>
    <time>2022-07-09T12:27:56Z</time>
   </trkpt>
   <trkpt lat="45.8418330" lon="6.6673100">
    <ele>1831.9</ele>
    <time>2022-07-09T12:27:57Z</time>
   </trkpt>
   <trkpt lat="45.8418110" lon="6.6672510">
    <ele>1831.5</ele>
    <time>2022-07-09T12:27:58Z</time>
   </trkpt>
   <trkpt lat="45.8417780" lon="6.6672030">
    <ele>1831.0</ele>
    <time>2022-07-09T12:27:59Z</time>
   </trkpt>
   <trkpt lat="45.8417610" lon="6.6671490">
    <ele>1830.7</ele>
    <time>2022-07-09T12:28:00Z</time>
   </trkpt>
   <trkpt lat="45.8417350" lon="6.6670910">
    <ele>1830.3</ele>
    <time>2022-07-09T12:28:01Z</time>
   </trkpt>
   <trkpt lat="45.8417060" lon="6.6670440">
    <ele>1830.0</ele>
    <time>2022-07-09T12:28:02Z</time>
   </trkpt>
   <trkpt lat="45.8416860" lon="6.6669960">
    <ele>1829.8</ele>
    <time>2022-07-09T12:28:03Z</time>
   </trkpt>
   <trkpt lat="45.8416650" lon="6.6669500">
    <ele>1829.6</ele>
    <time>2022-07-09T12:28:04Z</time>
   </trkpt>
   <trkpt lat="45.8416480" lon="6.6669090">
    <ele>1829.4</ele>
    <time>2022-07-09T12:28:05Z</time>
   </trkpt>
   <trkpt lat="45.8416250" lon="6.6668600">
    <ele>1829.3</ele>
    <time>2022-07-09T12:28:06Z</time>
   </trkpt>
   <trkpt lat="45.8416170" lon="6.6668200">
    <ele>1829.2</ele>
    <time>2022-07-09T12:28:07Z</time>
   </trkpt>
   <trkpt lat="45.8415910" lon="6.6667650">
    <ele>1829.1</ele>
    <time>2022-07-09T12:28:08Z</time>
   </trkpt>
   <trkpt lat="45.8415680" lon="6.6667130">
    <ele>1829.0</ele>
    <time>2022-07-09T12:28:09Z</time>
   </trkpt>
   <trkpt lat="45.8415480" lon="6.6666720">
    <ele>1829.0</ele>
    <time>2022-07-09T12:28:10Z</time>
   </trkpt>
   <trkpt lat="45.8415240" lon="6.6666260">
    <ele>1828.9</ele>
    <time>2022-07-09T12:28:11Z</time>
   </trkpt>
   <trkpt lat="45.8415120" lon="6.6665880">
    <ele>1828.9</ele>
    <time>2022-07-09T12:28:12Z</time>
   </trkpt>
   <trkpt lat="45.8414960" lon="6.6665410">
    <ele>1828.8</ele>
    <time>2022-07-09T12:28:13Z</time>
   </trkpt>
   <trkpt lat="45.8414800" lon="6.6665010">
    <ele>1828.8</ele>
    <time>2022-07-09T12:28:14Z</time>
   </trkpt>
   <trkpt lat="45.8414620" lon="6.6664520">
    <ele>1828.7</ele>
    <time>2022-07-09T12:28:15Z</time>
   </trkpt>
   <trkpt lat="45.8414440" lon="6.6664120">
    <ele>1828.7</ele>
    <time>2022-07-09T12:28:16Z</time>
   </trkpt>
   <trkpt lat="45.8414270" lon="6.6663730">
    <ele>1828.7</ele>
    <time>2022-07-09T12:28:17Z</time>
   </trkpt>
   <trkpt lat="45.8414120" lon="6.6663340">
    <ele>1828.7</ele>
    <time>2022-07-09T12:28:18Z</time>
   </trkpt>
   <trkpt lat="45.8413990" lon="6.6662980">
    <ele>1828.8</ele>
    <time>2022-07-09T12:28:19Z</time>
   </trkpt>
   <trkpt lat="45.8413880" lon="6.6662540">
    <ele>1828.8</ele>
    <time>2022-07-09T12:28:20Z</time>
   </trkpt>
   <trkpt lat="45.8413760" lon="6.6662150">
    <ele>1828.8</ele>
    <time>2022-07-09T12:28:21Z</time>
   </trkpt>
   <trkpt lat="45.8413600" lon="6.6661720">
    <ele>1828.9</ele>
    <time>2022-07-09T12:28:22Z</time>
   </trkpt>
   <trkpt lat="45.8413430" lon="6.6661260">
    <ele>1828.9</ele>
    <time>2022-07-09T12:28:23Z</time>
   </trkpt>
   <trkpt lat="45.8413470" lon="6.6660840">
    <ele>1829.0</ele>
    <time>2022-07-09T12:28:24Z</time>
   </trkpt>
   <trkpt lat="45.8413370" lon="6.6660290">
    <ele>1829.0</ele>
    <time>2022-07-09T12:28:25Z</time>
   </trkpt>
   <trkpt lat="45.8413330" lon="6.6660040">
    <ele>1829.1</ele>
    <time>2022-07-09T12:28:26Z</time>
   </trkpt>
   <trkpt lat="45.8413290" lon="6.6659650">
    <ele>1829.1</ele>
    <time>2022-07-09T12:28:27Z</time>
   </trkpt>
   <trkpt lat="45.8413190" lon="6.6659270">
    <ele>1829.1</ele>
    <time>2022-07-09T12:28:28Z</time>
   </trkpt>
   <trkpt lat="45.8413040" lon="6.6658900">
    <ele>1829.2</ele>
    <time>2022-07-09T12:28:29Z</time>
   </trkpt>
   <trkpt lat="45.8412950" lon="6.6658470">
    <ele>1829.2</ele>
    <time>2022-07-09T12:28:30Z</time>
   </trkpt>
   <trkpt lat="45.8412840" lon="6.6658050">
    <ele>1829.3</ele>
    <time>2022-07-09T12:28:31Z</time>
   </trkpt>
   <trkpt lat="45.8412820" lon="6.6657590">
    <ele>1829.3</ele>
    <time>2022-07-09T12:28:32Z</time>
   </trkpt>
   <trkpt lat="45.8412640" lon="6.6657130">
    <ele>1829.4</ele>
    <time>2022-07-09T12:28:33Z</time>
   </trkpt>
   <trkpt lat="45.8412610" lon="6.6656950">
    <ele>1829.4</ele>
    <time>2022-07-09T12:28:34Z</time>
   </trkpt>
   <trkpt lat="45.8412560" lon="6.6656540">
    <ele>1829.4</ele>
    <time>2022-07-09T12:28:35Z</time>
   </trkpt>
   <trkpt lat="45.8412460" lon="6.6656180">
    <ele>1829.5</ele>
    <time>2022-07-09T12:28:36Z</time>
   </trkpt>
   <trkpt lat="45.8412330" lon="6.6655610">
    <ele>1829.6</ele>
    <time>2022-07-09T12:28:37Z</time>
   </trkpt>
   <trkpt lat="45.8412260" lon="6.6655400">
    <ele>1829.6</ele>
    <time>2022-07-09T12:28:38Z</time>
   </trkpt>
   <trkpt lat="45.8412100" lon="6.6655040">
    <ele>1829.7</ele>
    <time>2022-07-09T12:28:39Z</time>
   </trkpt>
   <trkpt lat="45.8412030" lon="6.6654490">
    <ele>1829.8</ele>
    <time>2022-07-09T12:28:40Z</time>
   </trkpt>
   <trkpt lat="45.8412010" lon="6.6654320">
    <ele>1829.8</ele>
    <time>2022-07-09T12:28:41Z</time>
   </trkpt>
   <trkpt lat="45.8411860" lon="6.6654010">
    <ele>1829.9</ele>
    <time>2022-07-09T12:28:42Z</time>
   </trkpt>
   <trkpt lat="45.8411760" lon="6.6653610">
    <ele>1830.0</ele>
    <time>2022-07-09T12:28:43Z</time>
   </trkpt>
   <trkpt lat="45.8411570" lon="6.6653220">
    <ele>1830.0</ele>
    <time>2022-07-09T12:28:44Z</time>
   </trkpt>
   <trkpt lat="45.8411530" lon="6.6653070">
    <ele>1830.1</ele>
    <time>2022-07-09T12:28:45Z</time>
   </trkpt>
   <trkpt lat="45.8411360" lon="6.6652630">
    <ele>1830.1</ele>
    <time>2022-07-09T12:28:46Z</time>
   </trkpt>
   <trkpt lat="45.8411290" lon="6.6652490">
    <ele>1830.1</ele>
    <time>2022-07-09T12:28:47Z</time>
   </trkpt>
   <trkpt lat="45.8411120" lon="6.6652170">
    <ele>1830.2</ele>
    <time>2022-07-09T12:28:48Z</time>
   </trkpt>
   <trkpt lat="45.8410930" lon="6.6651860">
    <ele>1830.2</ele>
    <time>2022-07-09T12:28:49Z</time>
   </trkpt>
   <trkpt lat="45.8410840" lon="6.6651690">
    <ele>1830.3</ele>
    <time>2022-07-09T12:28:50Z</time>
   </trkpt>
   <trkpt lat="45.8410620" lon="6.6651360">
    <ele>1830.3</ele>
    <time>2022-07-09T12:28:51Z</time>
   </trkpt>
   <trkpt lat="45.8410570" lon="6.6651270">
    <ele>1830.3</ele>
    <time>2022-07-09T12:28:52Z</time>
   </trkpt>
   <trkpt lat="45.8410390" lon="6.6650810">
    <ele>1830.4</ele>
    <time>2022-07-09T12:28:53Z</time>
   </trkpt>
   <trkpt lat="45.8410350" lon="6.6650610">
    <ele>1830.4</ele>
    <time>2022-07-09T12:28:54Z</time>
   </trkpt>
   <trkpt lat="45.8410320" lon="6.6650190">
    <ele>1830.5</ele>
    <time>2022-07-09T12:28:55Z</time>
   </trkpt>
   <trkpt lat="45.8410200" lon="6.6649800">
    <ele>1830.5</ele>
    <time>2022-07-09T12:28:56Z</time>
   </trkpt>
   <trkpt lat="45.8410140" lon="6.6649660">
    <ele>1830.5</ele>
    <time>2022-07-09T12:28:57Z</time>
   </trkpt>
   <trkpt lat="45.8410080" lon="6.6649240">
    <ele>1830.6</ele>
    <time>2022-07-09T12:28:58Z</time>
   </trkpt>
   <trkpt lat="45.8410020" lon="6.6648820">
    <ele>1830.6</ele>
    <time>2022-07-09T12:28:59Z</time>
   </trkpt>
   <trkpt lat="45.8409990" lon="6.6648710">
    <ele>1830.6</ele>
    <time>2022-07-09T12:29:00Z</time>
   </trkpt>
   <trkpt lat="45.8409890" lon="6.6648280">
    <ele>1830.7</ele>
    <time>2022-07-09T12:29:01Z</time>
   </trkpt>
   <trkpt lat="45.8409870" lon="6.6648140">
    <ele>1830.7</ele>
    <time>2022-07-09T12:29:02Z</time>
   </trkpt>
   <trkpt lat="45.8409860" lon="6.6647720">
    <ele>1830.8</ele>
    <time>2022-07-09T12:29:03Z</time>
   </trkpt>
   <trkpt lat="45.8409980" lon="6.6647320">
    <ele>1830.8</ele>
    <time>2022-07-09T12:29:04Z</time>
   </trkpt>
   <trkpt lat="45.8409960" lon="6.6646810">
    <ele>1830.9</ele>
    <time>2022-07-09T12:29:05Z</time>
   </trkpt>
   <trkpt lat="45.8409940" lon="6.6646590">
    <ele>1830.9</ele>
    <time>2022-07-09T12:29:06Z</time>
   </trkpt>
   <trkpt lat="45.8409790" lon="6.6646260">
    <ele>1830.9</ele>
    <time>2022-07-09T12:29:07Z</time>
   </trkpt>
   <trkpt lat="45.8409700" lon="6.6645860">
    <ele>1831.0</ele>
    <time>2022-07-09T12:29:08Z</time>
   </trkpt>
   <trkpt lat="45.8409680" lon="6.6645460">
    <ele>1831.0</ele>
    <time>2022-07-09T12:29:09Z</time>
   </trkpt>
   <trkpt lat="45.8409700" lon="6.6645320">
    <ele>1831.0</ele>
    <time>2022-07-09T12:29:10Z</time>
   </trkpt>
   <trkpt lat="45.8409720" lon="6.6644870">
    <ele>1831.1</ele>
    <time>2022-07-09T12:29:11Z</time>
   </trkpt>
   <trkpt lat="45.8409710" lon="6.6644270">
    <ele>1831.1</ele>
    <time>2022-07-09T12:29:12Z</time>
   </trkpt>
   <trkpt lat="45.8409630" lon="6.6644030">
    <ele>1831.1</ele>
    <time>2022-07-09T12:29:13Z</time>
   </trkpt>
   <trkpt lat="45.8409410" lon="6.6643710">
    <ele>1831.1</ele>
    <time>2022-07-09T12:29:14Z</time>
   </trkpt>
   <trkpt lat="45.8409220" lon="6.6643420">
    <ele>1831.1</ele>
    <time>2022-07-09T12:29:15Z</time>
   </trkpt>
   <trkpt lat="45.8409040" lon="6.6643040">
    <ele>1831.1</ele>
    <time>2022-07-09T12:29:16Z</time>
   </trkpt>
   <trkpt lat="45.8408870" lon="6.6642720">
    <ele>1831.1</ele>
    <time>2022-07-09T12:29:17Z</time>
   </trkpt>
   <trkpt lat="45.8408580" lon="6.6642300">
    <ele>1831.2</ele>
    <time>2022-07-09T12:29:18Z</time>
   </trkpt>
   <trkpt lat="45.8408460" lon="6.6642130">
    <ele>1831.2</ele>
    <time>2022-07-09T12:29:19Z</time>
   </trkpt>
   <trkpt lat="45.8408230" lon="6.6641940">
    <ele>1831.2</ele>
    <time>2022-07-09T12:29:20Z</time>
   </trkpt>
   <trkpt lat="45.8407990" lon="6.6641520">
    <ele>1831.3</ele>
    <time>2022-07-09T12:29:21Z</time>
   </trkpt>
   <trkpt lat="45.8407890" lon="6.6641370">
    <ele>1831.4</ele>
    <time>2022-07-09T12:29:22Z</time>
   </trkpt>
   <trkpt lat="45.8407680" lon="6.6641120">
    <ele>1831.4</ele>
    <time>2022-07-09T12:29:23Z</time>
   </trkpt>
   <trkpt lat="45.8407470" lon="6.6640770">
    <ele>1831.5</ele>
    <time>2022-07-09T12:29:24Z</time>
   </trkpt>
   <trkpt lat="45.8407160" lon="6.6640430">
    <ele>1831.6</ele>
    <time>2022-07-09T12:29:25Z</time>
   </trkpt>
   <trkpt lat="45.8407030" lon="6.6640340">
    <ele>1831.7</ele>
    <time>2022-07-09T12:29:26Z</time>
   </trkpt>
   <trkpt lat="45.8406780" lon="6.6640070">
    <ele>1831.7</ele>
    <time>2022-07-09T12:29:27Z</time>
   </trkpt>
   <trkpt lat="45.8406680" lon="6.6639950">
    <ele>1831.8</ele>
    <time>2022-07-09T12:29:28Z</time>
   </trkpt>
   <trkpt lat="45.8406440" lon="6.6639650">
    <ele>1831.9</ele>
    <time>2022-07-09T12:29:29Z</time>
   </trkpt>
   <trkpt lat="45.8406280" lon="6.6639330">
    <ele>1831.9</ele>
    <time>2022-07-09T12:29:30Z</time>
   </trkpt>
   <trkpt lat="45.8406050" lon="6.6638980">
    <ele>1832.0</ele>
    <time>2022-07-09T12:29:31Z</time>
   </trkpt>
   <trkpt lat="45.8405920" lon="6.6638470">
    <ele>1832.1</ele>
    <time>2022-07-09T12:29:32Z</time>
   </trkpt>
   <trkpt lat="45.8405850" lon="6.6638310">
    <ele>1832.1</ele>
    <time>2022-07-09T12:29:33Z</time>
   </trkpt>
   <trkpt lat="45.8405610" lon="6.6638100">
    <ele>1832.2</ele>
    <time>2022-07-09T12:29:34Z</time>
   </trkpt>
   <trkpt lat="45.8405380" lon="6.6637850">
    <ele>1832.2</ele>
    <time>2022-07-09T12:29:35Z</time>
   </trkpt>
   <trkpt lat="45.8405170" lon="6.6637380">
    <ele>1832.3</ele>
    <time>2022-07-09T12:29:36Z</time>
   </trkpt>
   <trkpt lat="45.8405110" lon="6.6637180">
    <ele>1832.3</ele>
    <time>2022-07-09T12:29:37Z</time>
   </trkpt>
   <trkpt lat="45.8404940" lon="6.6636830">
    <ele>1832.4</ele>
    <time>2022-07-09T12:29:38Z</time>
   </trkpt>
   <trkpt lat="45.8404740" lon="6.6636510">
    <ele>1832.4</ele>
    <time>2022-07-09T12:29:39Z</time>
   </trkpt>
   <trkpt lat="45.8404550" lon="6.6636180">
    <ele>1832.5</ele>
    <time>2022-07-09T12:29:40Z</time>
   </trkpt>
   <trkpt lat="45.8404360" lon="6.6635880">
    <ele>1832.6</ele>
    <time>2022-07-09T12:29:41Z</time>
   </trkpt>
   <trkpt lat="45.8404160" lon="6.6635620">
    <ele>1832.6</ele>
    <time>2022-07-09T12:29:42Z</time>
   </trkpt>
   <trkpt lat="45.8403920" lon="6.6635300">
    <ele>1832.7</ele>
    <time>2022-07-09T12:29:43Z</time>
   </trkpt>
   <trkpt lat="45.8403620" lon="6.6635070">
    <ele>1832.8</ele>
    <time>2022-07-09T12:29:44Z</time>
   </trkpt>
   <trkpt lat="45.8403500" lon="6.6634910">
    <ele>1832.8</ele>
    <time>2022-07-09T12:29:45Z</time>
   </trkpt>
   <trkpt lat="45.8403270" lon="6.6634680">
    <ele>1832.8</ele>
    <time>2022-07-09T12:29:46Z</time>
   </trkpt>
   <trkpt lat="45.8403020" lon="6.6634510">
    <ele>1832.9</ele>
    <time>2022-07-09T12:29:47Z</time>
   </trkpt>
   <trkpt lat="45.8402750" lon="6.6634410">
    <ele>1832.9</ele>
    <time>2022-07-09T12:29:48Z</time>
   </trkpt>
   <trkpt lat="45.8402410" lon="6.6634140">
    <ele>1832.9</ele>
    <time>2022-07-09T12:29:49Z</time>
   </trkpt>
   <trkpt lat="45.8402280" lon="6.6634030">
    <ele>1832.9</ele>
    <time>2022-07-09T12:29:50Z</time>
   </trkpt>
   <trkpt lat="45.8402000" lon="6.6634000">
    <ele>1832.9</ele>
    <time>2022-07-09T12:29:51Z</time>
   </trkpt>
   <trkpt lat="45.8401720" lon="6.6633650">
    <ele>1832.9</ele>
    <time>2022-07-09T12:29:52Z</time>
   </trkpt>
   <trkpt lat="45.8401620" lon="6.6633530">
    <ele>1832.9</ele>
    <time>2022-07-09T12:29:53Z</time>
   </trkpt>
   <trkpt lat="45.8401390" lon="6.6633270">
    <ele>1832.9</ele>
    <time>2022-07-09T12:29:54Z</time>
   </trkpt>
   <trkpt lat="45.8401130" lon="6.6632840">
    <ele>1832.9</ele>
    <time>2022-07-09T12:29:55Z</time>
   </trkpt>
   <trkpt lat="45.8401050" lon="6.6632670">
    <ele>1832.9</ele>
    <time>2022-07-09T12:29:56Z</time>
   </trkpt>
   <trkpt lat="45.8400930" lon="6.6632280">
    <ele>1833.0</ele>
    <time>2022-07-09T12:29:57Z</time>
   </trkpt>
   <trkpt lat="45.8400700" lon="6.6631830">
    <ele>1833.0</ele>
    <time>2022-07-09T12:29:58Z</time>
   </trkpt>
   <trkpt lat="45.8400600" lon="6.6631700">
    <ele>1833.1</ele>
    <time>2022-07-09T12:29:59Z</time>
   </trkpt>
   <trkpt lat="45.8400440" lon="6.6631260">
    <ele>1833.2</ele>
    <time>2022-07-09T12:30:00Z</time>
   </trkpt>
   <trkpt lat="45.8400270" lon="6.6630800">
    <ele>1833.3</ele>
    <time>2022-07-09T12:30:01Z</time>
   </trkpt>
   <trkpt lat="45.8400210" lon="6.6630620">
    <ele>1833.3</ele>
    <time>2022-07-09T12:30:02Z</time>
   </trkpt>
   <trkpt lat="45.8400020" lon="6.6630250">
    <ele>1833.4</ele>
    <time>2022-07-09T12:30:03Z</time>
   </trkpt>
   <trkpt lat="45.8399950" lon="6.6630140">
    <ele>1833.5</ele>
    <time>2022-07-09T12:30:04Z</time>
   </trkpt>
   <trkpt lat="45.8399620" lon="6.6629960">
    <ele>1833.6</ele>
    <time>2022-07-09T12:30:05Z</time>
   </trkpt>
   <trkpt lat="45.8399250" lon="6.6629780">
    <ele>1833.6</ele>
    <time>2022-07-09T12:30:06Z</time>
   </trkpt>
   <trkpt lat="45.8399120" lon="6.6629670">
    <ele>1833.7</ele>
    <time>2022-07-09T12:30:07Z</time>
   </trkpt>
   <trkpt lat="45.8398960" lon="6.6629250">
    <ele>1833.7</ele>
    <time>2022-07-09T12:30:08Z</time>
   </trkpt>
   <trkpt lat="45.8398880" lon="6.6629070">
    <ele>1833.7</ele>
    <time>2022-07-09T12:30:09Z</time>
   </trkpt>
   <trkpt lat="45.8398640" lon="6.6628670">
    <ele>1833.7</ele>
    <time>2022-07-09T12:30:10Z</time>
   </trkpt>
   <trkpt lat="45.8398560" lon="6.6628570">
    <ele>1833.7</ele>
    <time>2022-07-09T12:30:11Z</time>
   </trkpt>
   <trkpt lat="45.8398290" lon="6.6628230">
    <ele>1833.6</ele>
    <time>2022-07-09T12:30:12Z</time>
   </trkpt>
   <trkpt lat="45.8398110" lon="6.6628050">
    <ele>1833.5</ele>
    <time>2022-07-09T12:30:13Z</time>
   </trkpt>
   <trkpt lat="45.8398010" lon="6.6627890">
    <ele>1833.5</ele>
    <time>2022-07-09T12:30:14Z</time>
   </trkpt>
   <trkpt lat="45.8397740" lon="6.6627490">
    <ele>1833.3</ele>
    <time>2022-07-09T12:30:15Z</time>
   </trkpt>
   <trkpt lat="45.8397620" lon="6.6627360">
    <ele>1833.3</ele>
    <time>2022-07-09T12:30:16Z</time>
   </trkpt>
   <trkpt lat="45.8397300" lon="6.6627150">
    <ele>1833.1</ele>
    <time>2022-07-09T12:30:17Z</time>
   </trkpt>
   <trkpt lat="45.8396960" lon="6.6627010">
    <ele>1832.9</ele>
    <time>2022-07-09T12:30:18Z</time>
   </trkpt>
   <trkpt lat="45.8396640" lon="6.6626850">
    <ele>1832.8</ele>
    <time>2022-07-09T12:30:19Z</time>
   </trkpt>
   <trkpt lat="45.8396500" lon="6.6626500">
    <ele>1832.7</ele>
    <time>2022-07-09T12:30:20Z</time>
   </trkpt>
   <trkpt lat="45.8396210" lon="6.6626280">
    <ele>1832.6</ele>
    <time>2022-07-09T12:30:21Z</time>
   </trkpt>
   <trkpt lat="45.8396090" lon="6.6625950">
    <ele>1832.6</ele>
    <time>2022-07-09T12:30:22Z</time>
   </trkpt>
   <trkpt lat="45.8396070" lon="6.6625740">
    <ele>1832.6</ele>
    <time>2022-07-09T12:30:23Z</time>
   </trkpt>
   <trkpt lat="45.8395910" lon="6.6625220">
    <ele>1832.5</ele>
    <time>2022-07-09T12:30:24Z</time>
   </trkpt>
   <trkpt lat="45.8395860" lon="6.6625050">
    <ele>1832.6</ele>
    <time>2022-07-09T12:30:25Z</time>
   </trkpt>
   <trkpt lat="45.8395610" lon="6.6624720">
    <ele>1832.6</ele>
    <time>2022-07-09T12:30:26Z</time>
   </trkpt>
   <trkpt lat="45.8395500" lon="6.6624620">
    <ele>1832.6</ele>
    <time>2022-07-09T12:30:27Z</time>
   </trkpt>
   <trkpt lat="45.8395220" lon="6.6624360">
    <ele>1832.7</ele>
    <time>2022-07-09T12:30:28Z</time>
   </trkpt>
   <trkpt lat="45.8395070" lon="6.6623930">
    <ele>1832.7</ele>
    <time>2022-07-09T12:30:29Z</time>
   </trkpt>
   <trkpt lat="45.8394860" lon="6.6623540">
    <ele>1832.8</ele>
    <time>2022-07-09T12:30:30Z</time>
   </trkpt>
   <trkpt lat="45.8394780" lon="6.6623420">
    <ele>1832.8</ele>
    <time>2022-07-09T12:30:31Z</time>
   </trkpt>
   <trkpt lat="45.8394470" lon="6.6623310">
    <ele>1832.8</ele>
    <time>2022-07-09T12:30:32Z</time>
   </trkpt>
   <trkpt lat="45.8394150" lon="6.6623220">
    <ele>1832.8</ele>
    <time>2022-07-09T12:30:33Z</time>
   </trkpt>
   <trkpt lat="45.8393870" lon="6.6622940">
    <ele>1832.8</ele>
    <time>2022-07-09T12:30:34Z</time>
   </trkpt>
   <trkpt lat="45.8393580" lon="6.6622760">
    <ele>1832.8</ele>
    <time>2022-07-09T12:30:35Z</time>
   </trkpt>
   <trkpt lat="45.8393300" lon="6.6622470">
    <ele>1832.7</ele>
    <time>2022-07-09T12:30:36Z</time>
   </trkpt>
   <trkpt lat="45.8393110" lon="6.6622110">
    <ele>1832.6</ele>
    <time>2022-07-09T12:30:37Z</time>
   </trkpt>
   <trkpt lat="45.8392820" lon="6.6621830">
    <ele>1832.4</ele>
    <time>2022-07-09T12:30:38Z</time>
   </trkpt>
   <trkpt lat="45.8392420" lon="6.6621640">
    <ele>1832.2</ele>
    <time>2022-07-09T12:30:39Z</time>
   </trkpt>
   <trkpt lat="45.8392170" lon="6.6621230">
    <ele>1831.9</ele>
    <time>2022-07-09T12:30:40Z</time>
   </trkpt>
   <trkpt lat="45.8391950" lon="6.6620800">
    <ele>1831.6</ele>
    <time>2022-07-09T12:30:41Z</time>
   </trkpt>
   <trkpt lat="45.8391690" lon="6.6620490">
    <ele>1831.3</ele>
    <time>2022-07-09T12:30:42Z</time>
   </trkpt>
   <trkpt lat="45.8391330" lon="6.6620230">
    <ele>1831.0</ele>
    <time>2022-07-09T12:30:43Z</time>
   </trkpt>
   <trkpt lat="45.8391150" lon="6.6620160">
    <ele>1830.9</ele>
    <time>2022-07-09T12:30:44Z</time>
   </trkpt>
   <trkpt lat="45.8390810" lon="6.6620080">
    <ele>1830.6</ele>
    <time>2022-07-09T12:30:45Z</time>
   </trkpt>
   <trkpt lat="45.8390390" lon="6.6619820">
    <ele>1830.1</ele>
    <time>2022-07-09T12:30:46Z</time>
   </trkpt>
   <trkpt lat="45.8390070" lon="6.6619570">
    <ele>1829.7</ele>
    <time>2022-07-09T12:30:47Z</time>
   </trkpt>
   <trkpt lat="45.8389800" lon="6.6619380">
    <ele>1829.3</ele>
    <time>2022-07-09T12:30:48Z</time>
   </trkpt>
   <trkpt lat="45.8389530" lon="6.6619170">
    <ele>1828.8</ele>
    <time>2022-07-09T12:30:49Z</time>
   </trkpt>
   <trkpt lat="45.8389160" lon="6.6618910">
    <ele>1828.1</ele>
    <time>2022-07-09T12:30:50Z</time>
   </trkpt>
   <trkpt lat="45.8388970" lon="6.6618580">
    <ele>1827.5</ele>
    <time>2022-07-09T12:30:51Z</time>
   </trkpt>
   <trkpt lat="45.8388700" lon="6.6618390">
    <ele>1826.9</ele>
    <time>2022-07-09T12:30:52Z</time>
   </trkpt>
   <trkpt lat="45.8388300" lon="6.6618260">
    <ele>1826.0</ele>
    <time>2022-07-09T12:30:53Z</time>
   </trkpt>
   <trkpt lat="45.8388150" lon="6.6618140">
    <ele>1825.7</ele>
    <time>2022-07-09T12:30:54Z</time>
   </trkpt>
   <trkpt lat="45.8387810" lon="6.6618000">
    <ele>1824.9</ele>
    <time>2022-07-09T12:30:55Z</time>
   </trkpt>
   <trkpt lat="45.8387680" lon="6.6617980">
    <ele>1824.6</ele>
    <time>2022-07-09T12:30:56Z</time>
   </trkpt>
   <trkpt lat="45.8387400" lon="6.6617990">
    <ele>1824.0</ele>
    <time>2022-07-09T12:30:57Z</time>
   </trkpt>
   <trkpt lat="45.8387310" lon="6.6617970">
    <ele>1823.8</ele>
    <time>2022-07-09T12:30:58Z</time>
   </trkpt>
   <trkpt lat="45.8387020" lon="6.6617890">
    <ele>1823.1</ele>
    <time>2022-07-09T12:30:59Z</time>
   </trkpt>
   <trkpt lat="45.8386730" lon="6.6617630">
    <ele>1822.3</ele>
    <time>2022-07-09T12:31:00Z</time>
   </trkpt>
   <trkpt lat="45.8386500" lon="6.6617410">
    <ele>1821.7</ele>
    <time>2022-07-09T12:31:01Z</time>
   </trkpt>
   <trkpt lat="45.8386190" lon="6.6617130">
    <ele>1820.8</ele>
    <time>2022-07-09T12:31:02Z</time>
   </trkpt>
   <trkpt lat="45.8386050" lon="6.6617090">
    <ele>1820.5</ele>
    <time>2022-07-09T12:31:03Z</time>
   </trkpt>
   <trkpt lat="45.8385760" lon="6.6617160">
    <ele>1819.8</ele>
    <time>2022-07-09T12:31:04Z</time>
   </trkpt>
   <trkpt lat="45.8385390" lon="6.6617150">
    <ele>1819.0</ele>
    <time>2022-07-09T12:31:05Z</time>
   </trkpt>
   <trkpt lat="45.8385270" lon="6.6617080">
    <ele>1818.7</ele>
    <time>2022-07-09T12:31:06Z</time>
   </trkpt>
   <trkpt lat="45.8384990" lon="6.6617030">
    <ele>1818.0</ele>
    <time>2022-07-09T12:31:07Z</time>
   </trkpt>
   <trkpt lat="45.8384690" lon="6.6616970">
    <ele>1817.3</ele>
    <time>2022-07-09T12:31:08Z</time>
   </trkpt>
   <trkpt lat="45.8384330" lon="6.6616870">
    <ele>1816.5</ele>
    <time>2022-07-09T12:31:09Z</time>
   </trkpt>
   <trkpt lat="45.8384070" lon="6.6616600">
    <ele>1815.8</ele>
    <time>2022-07-09T12:31:10Z</time>
   </trkpt>
   <trkpt lat="45.8383990" lon="6.6616530">
    <ele>1815.6</ele>
    <time>2022-07-09T12:31:11Z</time>
   </trkpt>
   <trkpt lat="45.8383620" lon="6.6616510">
    <ele>1814.7</ele>
    <time>2022-07-09T12:31:12Z</time>
   </trkpt>
   <trkpt lat="45.8383490" lon="6.6616500">
    <ele>1814.4</ele>
    <time>2022-07-09T12:31:13Z</time>
   </trkpt>
   <trkpt lat="45.8383250" lon="6.6616870">
    <ele>1813.5</ele>
    <time>2022-07-09T12:31:14Z</time>
   </trkpt>
   <trkpt lat="45.8383130" lon="6.6616960">
    <ele>1813.2</ele>
    <time>2022-07-09T12:31:15Z</time>
   </trkpt>
   <trkpt lat="45.8382880" lon="6.6617280">
    <ele>1812.3</ele>
    <time>2022-07-09T12:31:16Z</time>
   </trkpt>
   <trkpt lat="45.8382770" lon="6.6617330">
    <ele>1811.9</ele>
    <time>2022-07-09T12:31:17Z</time>
   </trkpt>
   <trkpt lat="45.8382440" lon="6.6617180">
    <ele>1811.0</ele>
    <time>2022-07-09T12:31:18Z</time>
   </trkpt>
   <trkpt lat="45.8382310" lon="6.6617070">
    <ele>1810.6</ele>
    <time>2022-07-09T12:31:19Z</time>
   </trkpt>
   <trkpt lat="45.8382160" lon="6.6617060">
    <ele>1810.1</ele>
    <time>2022-07-09T12:31:20Z</time>
   </trkpt>
   <trkpt lat="45.8381980" lon="6.6617100">
    <ele>1809.6</ele>
    <time>2022-07-09T12:31:21Z</time>
   </trkpt>
   <trkpt lat="45.8381700" lon="6.6617050">
    <ele>1808.7</ele>
    <time>2022-07-09T12:31:22Z</time>
   </trkpt>
   <trkpt lat="45.8381600" lon="6.6617020">
    <ele>1808.4</ele>
    <time>2022-07-09T12:31:23Z</time>
   </trkpt>
   <trkpt lat="45.8381310" lon="6.6616850">
    <ele>1807.4</ele>
    <time>2022-07-09T12:31:24Z</time>
   </trkpt>
   <trkpt lat="45.8381250" lon="6.6616830">
    <ele>1807.2</ele>
    <time>2022-07-09T12:31:25Z</time>
   </trkpt>
   <trkpt lat="45.8381060" lon="6.6616840">
    <ele>1806.6</ele>
    <time>2022-07-09T12:31:26Z</time>
   </trkpt>
   <trkpt lat="45.8380980" lon="6.6617070">
    <ele>1806.0</ele>
    <time>2022-07-09T12:31:27Z</time>
   </trkpt>
   <trkpt lat="45.8380700" lon="6.6617010">
    <ele>1805.1</ele>
    <time>2022-07-09T12:31:28Z</time>
   </trkpt>
   <trkpt lat="45.8380600" lon="6.6616970">
    <ele>1804.8</ele>
    <time>2022-07-09T12:31:29Z</time>
   </trkpt>
   <trkpt lat="45.8380360" lon="6.6616740">
    <ele>1803.8</ele>
    <time>2022-07-09T12:31:30Z</time>
   </trkpt>
   <trkpt lat="45.8380050" lon="6.6616590">
    <ele>1802.8</ele>
    <time>2022-07-09T12:31:31Z</time>
   </trkpt>
   <trkpt lat="45.8379970" lon="6.6616520">
    <ele>1802.5</ele>
    <time>2022-07-09T12:31:32Z</time>
   </trkpt>
   <trkpt lat="45.8379770" lon="6.6616200">
    <ele>1801.7</ele>
    <time>2022-07-09T12:31:33Z</time>
   </trkpt>
   <trkpt lat="45.8379710" lon="6.6616090">
    <ele>1801.4</ele>
    <time>2022-07-09T12:31:34Z</time>
   </trkpt>
   <trkpt lat="45.8379600" lon="6.6615870">
    <ele>1800.9</ele>
    <time>2022-07-09T12:31:35Z</time>
   </trkpt>
   <trkpt lat="45.8379510" lon="6.6615670">
    <ele>1800.4</ele>
    <time>2022-07-09T12:31:36Z</time>
   </trkpt>
   <trkpt lat="45.8379400" lon="6.6615220">
    <ele>1799.5</ele>
    <time>2022-07-09T12:31:37Z</time>
   </trkpt>
   <trkpt lat="45.8379380" lon="6.6615040">
    <ele>1799.2</ele>
    <time>2022-07-09T12:31:38Z</time>
   </trkpt>
   <trkpt lat="45.8379440" lon="6.6614790">
    <ele>1798.8</ele>
    <time>2022-07-09T12:31:39Z</time>
   </trkpt>
   <trkpt lat="45.8379420" lon="6.6614580">
    <ele>1798.4</ele>
    <time>2022-07-09T12:31:40Z</time>
   </trkpt>
   <trkpt lat="45.8379280" lon="6.6614470">
    <ele>1798.0</ele>
    <time>2022-07-09T12:31:41Z</time>
   </trkpt>
   <trkpt lat="45.8379180" lon="6.6614290">
    <ele>1797.6</ele>
    <time>2022-07-09T12:31:42Z</time>
   </trkpt>
   <trkpt lat="45.8379030" lon="6.6614140">
    <ele>1797.2</ele>
    <time>2022-07-09T12:31:43Z</time>
   </trkpt>
   <trkpt lat="45.8378970" lon="6.6613890">
    <ele>1796.7</ele>
    <time>2022-07-09T12:31:44Z</time>
   </trkpt>
   <trkpt lat="45.8378800" lon="6.6613470">
    <ele>1795.9</ele>
    <time>2022-07-09T12:31:45Z</time>
   </trkpt>
   <trkpt lat="45.8378770" lon="6.6613350">
    <ele>1795.7</ele>
    <time>2022-07-09T12:31:46Z</time>
   </trkpt>
   <trkpt lat="45.8378600" lon="6.6612870">
    <ele>1794.8</ele>
    <time>2022-07-09T12:31:47Z</time>
   </trkpt>
   <trkpt lat="45.8378540" lon="6.6612690">
    <ele>1794.4</ele>
    <time>2022-07-09T12:31:48Z</time>
   </trkpt>
   <trkpt lat="45.8378380" lon="6.6612330">
    <ele>1793.7</ele>
    <time>2022-07-09T12:31:49Z</time>
   </trkpt>
   <trkpt lat="45.8378230" lon="6.6611850">
    <ele>1792.8</ele>
    <time>2022-07-09T12:31:50Z</time>
   </trkpt>
   <trkpt lat="45.8378220" lon="6.6611650">
    <ele>1792.5</ele>
    <time>2022-07-09T12:31:51Z</time>
   </trkpt>
   <trkpt lat="45.8378120" lon="6.6611270">
    <ele>1791.9</ele>
    <time>2022-07-09T12:31:52Z</time>
   </trkpt>
   <trkpt lat="45.8377940" lon="6.6610780">
    <ele>1791.1</ele>
    <time>2022-07-09T12:31:53Z</time>
   </trkpt>
   <trkpt lat="45.8377860" lon="6.6610610">
    <ele>1790.8</ele>
    <time>2022-07-09T12:31:54Z</time>
   </trkpt>
   <trkpt lat="45.8377760" lon="6.6610070">
    <ele>1790.0</ele>
    <time>2022-07-09T12:31:55Z</time>
   </trkpt>
   <trkpt lat="45.8377690" lon="6.6609850">
    <ele>1789.7</ele>
    <time>2022-07-09T12:31:56Z</time>
   </trkpt>
   <trkpt lat="45.8377690" lon="6.6609600">
    <ele>1789.3</ele>
    <time>2022-07-09T12:31:57Z</time>
   </trkpt>
   <trkpt lat="45.8377690" lon="6.6609370">
    <ele>1789.0</ele>
    <time>2022-07-09T12:31:58Z</time>
   </trkpt>
   <trkpt lat="45.8377730" lon="6.6608910">
    <ele>1788.3</ele>
    <time>2022-07-09T12:31:59Z</time>
   </trkpt>
   <trkpt lat="45.8377790" lon="6.6608480">
    <ele>1787.7</ele>
    <time>2022-07-09T12:32:00Z</time>
   </trkpt>
   <trkpt lat="45.8377860" lon="6.6607880">
    <ele>1786.9</ele>
    <time>2022-07-09T12:32:01Z</time>
   </trkpt>
   <trkpt lat="45.8377900" lon="6.6607660">
    <ele>1786.6</ele>
    <time>2022-07-09T12:32:02Z</time>
   </trkpt>
   <trkpt lat="45.8378020" lon="6.6607250">
    <ele>1786.0</ele>
    <time>2022-07-09T12:32:03Z</time>
   </trkpt>
   <trkpt lat="45.8378000" lon="6.6606660">
    <ele>1785.3</ele>
    <time>2022-07-09T12:32:04Z</time>
   </trkpt>
   <trkpt lat="45.8378020" lon="6.6606440">
    <ele>1785.1</ele>
    <time>2022-07-09T12:32:05Z</time>
   </trkpt>
   <trkpt lat="45.8378200" lon="6.6606030">
    <ele>1784.5</ele>
    <time>2022-07-09T12:32:06Z</time>
   </trkpt>
   <trkpt lat="45.8378240" lon="6.6605550">
    <ele>1783.9</ele>
    <time>2022-07-09T12:32:07Z</time>
   </trkpt>
   <trkpt lat="45.8378240" lon="6.6605020">
    <ele>1783.4</ele>
    <time>2022-07-09T12:32:08Z</time>
   </trkpt>
   <trkpt lat="45.8378440" lon="6.6604580">
    <ele>1782.8</ele>
    <time>2022-07-09T12:32:09Z</time>
   </trkpt>
   <trkpt lat="45.8378690" lon="6.6604140">
    <ele>1782.2</ele>
    <time>2022-07-09T12:32:10Z</time>
   </trkpt>
   <trkpt lat="45.8378960" lon="6.6603670">
    <ele>1781.5</ele>
    <time>2022-07-09T12:32:11Z</time>
   </trkpt>
   <trkpt lat="45.8378950" lon="6.6603120">
    <ele>1780.8</ele>
    <time>2022-07-09T12:32:12Z</time>
   </trkpt>
   <trkpt lat="45.8378910" lon="6.6602890">
    <ele>1780.5</ele>
    <time>2022-07-09T12:32:13Z</time>
   </trkpt>
   <trkpt lat="45.8379170" lon="6.6602640">
    <ele>1780.0</ele>
    <time>2022-07-09T12:32:14Z</time>
   </trkpt>
   <trkpt lat="45.8379340" lon="6.6602260">
    <ele>1779.4</ele>
    <time>2022-07-09T12:32:15Z</time>
   </trkpt>
   <trkpt lat="45.8379510" lon="6.6601720">
    <ele>1778.7</ele>
    <time>2022-07-09T12:32:16Z</time>
   </trkpt>
   <trkpt lat="45.8379670" lon="6.6601300">
    <ele>1778.1</ele>
    <time>2022-07-09T12:32:17Z</time>
   </trkpt>
   <trkpt lat="45.8379710" lon="6.6601180">
    <ele>1777.9</ele>
    <time>2022-07-09T12:32:18Z</time>
   </trkpt>
   <trkpt lat="45.8379950" lon="6.6600710">
    <ele>1777.2</ele>
    <time>2022-07-09T12:32:19Z</time>
   </trkpt>
   <trkpt lat="45.8380030" lon="6.6600530">
    <ele>1777.0</ele>
    <time>2022-07-09T12:32:20Z</time>
   </trkpt>
   <trkpt lat="45.8380190" lon="6.6600070">
    <ele>1776.4</ele>
    <time>2022-07-09T12:32:21Z</time>
   </trkpt>
   <trkpt lat="45.8380400" lon="6.6599520">
    <ele>1775.8</ele>
    <time>2022-07-09T12:32:22Z</time>
   </trkpt>
   <trkpt lat="45.8380690" lon="6.6599250">
    <ele>1775.2</ele>
    <time>2022-07-09T12:32:23Z</time>
   </trkpt>
   <trkpt lat="45.8381040" lon="6.6598730">
    <ele>1774.5</ele>
    <time>2022-07-09T12:32:24Z</time>
   </trkpt>
   <trkpt lat="45.8381250" lon="6.6598220">
    <ele>1773.8</ele>
    <time>2022-07-09T12:32:25Z</time>
   </trkpt>
   <trkpt lat="45.8381300" lon="6.6598000">
    <ele>1773.5</ele>
    <time>2022-07-09T12:32:26Z</time>
   </trkpt>
   <trkpt lat="45.8381450" lon="6.6597630">
    <ele>1773.0</ele>
    <time>2022-07-09T12:32:27Z</time>
   </trkpt>
   <trkpt lat="45.8381690" lon="6.6597310">
    <ele>1772.4</ele>
    <time>2022-07-09T12:32:28Z</time>
   </trkpt>
   <trkpt lat="45.8381830" lon="6.6596870">
    <ele>1771.8</ele>
    <time>2022-07-09T12:32:29Z</time>
   </trkpt>
   <trkpt lat="45.8382020" lon="6.6596600">
    <ele>1771.2</ele>
    <time>2022-07-09T12:32:30Z</time>
   </trkpt>
   <trkpt lat="45.8382070" lon="6.6596100">
    <ele>1770.5</ele>
    <time>2022-07-09T12:32:31Z</time>
   </trkpt>
   <trkpt lat="45.8382080" lon="6.6595910">
    <ele>1770.2</ele>
    <time>2022-07-09T12:32:32Z</time>
   </trkpt>
   <trkpt lat="45.8382280" lon="6.6595430">
    <ele>1769.3</ele>
    <time>2022-07-09T12:32:33Z</time>
   </trkpt>
   <trkpt lat="45.8382380" lon="6.6595290">
    <ele>1769.0</ele>
    <time>2022-07-09T12:32:34Z</time>
   </trkpt>
   <trkpt lat="45.8382460" lon="6.6594740">
    <ele>1768.0</ele>
    <time>2022-07-09T12:32:35Z</time>
   </trkpt>
   <trkpt lat="45.8382450" lon="6.6594470">
    <ele>1767.5</ele>
    <time>2022-07-09T12:32:36Z</time>
   </trkpt>
   <trkpt lat="45.8382550" lon="6.6594050">
    <ele>1766.7</ele>
    <time>2022-07-09T12:32:37Z</time>
   </trkpt>
   <trkpt lat="45.8382480" lon="6.6593660">
    <ele>1766.0</ele>
    <time>2022-07-09T12:32:38Z</time>
   </trkpt>
   <trkpt lat="45.8382380" lon="6.6593030">
    <ele>1764.8</ele>
    <time>2022-07-09T12:32:39Z</time>
   </trkpt>
   <trkpt lat="45.8382320" lon="6.6592780">
    <ele>1764.3</ele>
    <time>2022-07-09T12:32:40Z</time>
   </trkpt>
   <trkpt lat="45.8382270" lon="6.6592080">
    <ele>1763.0</ele>
    <time>2022-07-09T12:32:41Z</time>
   </trkpt>
   <trkpt lat="45.8382280" lon="6.6591510">
    <ele>1762.0</ele>
    <time>2022-07-09T12:32:42Z</time>
   </trkpt>
   <trkpt lat="45.8382260" lon="6.6591310">
    <ele>1761.6</ele>
    <time>2022-07-09T12:32:43Z</time>
   </trkpt>
   <trkpt lat="45.8382180" lon="6.6590710">
    <ele>1760.6</ele>
    <time>2022-07-09T12:32:44Z</time>
   </trkpt>
   <trkpt lat="45.8382300" lon="6.6590050">
    <ele>1759.5</ele>
    <time>2022-07-09T12:32:45Z</time>
   </trkpt>
   <trkpt lat="45.8382310" lon="6.6589620">
    <ele>1758.8</ele>
    <time>2022-07-09T12:32:46Z</time>
   </trkpt>
   <trkpt lat="45.8382330" lon="6.6589150">
    <ele>1758.1</ele>
    <time>2022-07-09T12:32:47Z</time>
   </trkpt>
   <trkpt lat="45.8382240" lon="6.6588620">
    <ele>1757.3</ele>
    <time>2022-07-09T12:32:48Z</time>
   </trkpt>
   <trkpt lat="45.8382220" lon="6.6588430">
    <ele>1757.0</ele>
    <time>2022-07-09T12:32:49Z</time>
   </trkpt>
   <trkpt lat="45.8382150" lon="6.6587950">
    <ele>1756.3</ele>
    <time>2022-07-09T12:32:50Z</time>
   </trkpt>
   <trkpt lat="45.8382080" lon="6.6587570">
    <ele>1755.7</ele>
    <time>2022-07-09T12:32:51Z</time>
   </trkpt>
   <trkpt lat="45.8381950" lon="6.6587050">
    <ele>1754.8</ele>
    <time>2022-07-09T12:32:52Z</time>
   </trkpt>
   <trkpt lat="45.8381860" lon="6.6586620">
    <ele>1754.1</ele>
    <time>2022-07-09T12:32:53Z</time>
   </trkpt>
   <trkpt lat="45.8381890" lon="6.6586110">
    <ele>1753.2</ele>
    <time>2022-07-09T12:32:54Z</time>
   </trkpt>
   <trkpt lat="45.8381980" lon="6.6585530">
    <ele>1752.3</ele>
    <time>2022-07-09T12:32:55Z</time>
   </trkpt>
   <trkpt lat="45.8381910" lon="6.6584980">
    <ele>1751.4</ele>
    <time>2022-07-09T12:32:56Z</time>
   </trkpt>
   <trkpt lat="45.8381870" lon="6.6584780">
    <ele>1751.0</ele>
    <time>2022-07-09T12:32:57Z</time>
   </trkpt>
   <trkpt lat="45.8381760" lon="6.6584420">
    <ele>1750.4</ele>
    <time>2022-07-09T12:32:58Z</time>
   </trkpt>
   <trkpt lat="45.8381920" lon="6.6584020">
    <ele>1749.7</ele>
    <time>2022-07-09T12:32:59Z</time>
   </trkpt>
   <trkpt lat="45.8382130" lon="6.6583550">
    <ele>1748.9</ele>
    <time>2022-07-09T12:33:00Z</time>
   </trkpt>
   <trkpt lat="45.8381980" lon="6.6582950">
    <ele>1748.1</ele>
    <time>2022-07-09T12:33:01Z</time>
   </trkpt>
   <trkpt lat="45.8381790" lon="6.6582490">
    <ele>1747.3</ele>
    <time>2022-07-09T12:33:02Z</time>
   </trkpt>
   <trkpt lat="45.8381780" lon="6.6581970">
    <ele>1740.9</ele>
    <time>2022-07-09T12:33:03Z</time>
   </trkpt>
   <trkpt lat="45.8381980" lon="6.6581490">
    <ele>1740.2</ele>
    <time>2022-07-09T12:33:04Z</time>
   </trkpt>
   <trkpt lat="45.8382260" lon="6.6581430">
    <ele>1739.6</ele>
    <time>2022-07-09T12:33:05Z</time>
   </trkpt>
   <trkpt lat="45.8382560" lon="6.6581400">
    <ele>1739.0</ele>
    <time>2022-07-09T12:33:06Z</time>
   </trkpt>
   <trkpt lat="45.8382630" lon="6.6581370">
    <ele>1738.8</ele>
    <time>2022-07-09T12:33:07Z</time>
   </trkpt>
   <trkpt lat="45.8383060" lon="6.6581140">
    <ele>1738.0</ele>
    <time>2022-07-09T12:33:08Z</time>
   </trkpt>
   <trkpt lat="45.8383240" lon="6.6581030">
    <ele>1737.7</ele>
    <time>2022-07-09T12:33:09Z</time>
   </trkpt>
   <trkpt lat="45.8383580" lon="6.6580950">
    <ele>1737.1</ele>
    <time>2022-07-09T12:33:10Z</time>
   </trkpt>
   <trkpt lat="45.8383910" lon="6.6580880">
    <ele>1736.5</ele>
    <time>2022-07-09T12:33:11Z</time>
   </trkpt>
   <trkpt lat="45.8384210" lon="6.6580890">
    <ele>1736.1</ele>
    <time>2022-07-09T12:33:12Z</time>
   </trkpt>
   <trkpt lat="45.8384490" lon="6.6580930">
    <ele>1735.7</ele>
    <time>2022-07-09T12:33:13Z</time>
   </trkpt>
   <trkpt lat="45.8384580" lon="6.6580980">
    <ele>1735.5</ele>
    <time>2022-07-09T12:33:14Z</time>
   </trkpt>
   <trkpt lat="45.8384870" lon="6.6581080">
    <ele>1735.1</ele>
    <time>2022-07-09T12:33:15Z</time>
   </trkpt>
   <trkpt lat="45.8384940" lon="6.6581090">
    <ele>1735.0</ele>
    <time>2022-07-09T12:33:16Z</time>
   </trkpt>
   <trkpt lat="45.8385250" lon="6.6581080">
    <ele>1734.6</ele>
    <time>2022-07-09T12:33:17Z</time>
   </trkpt>
   <trkpt lat="45.8385380" lon="6.6581030">
    <ele>1734.4</ele>
    <time>2022-07-09T12:33:18Z</time>
   </trkpt>
   <trkpt lat="45.8385500" lon="6.6580960">
    <ele>1734.2</ele>
    <time>2022-07-09T12:33:19Z</time>
   </trkpt>
   <trkpt lat="45.8385710" lon="6.6580960">
    <ele>1734.0</ele>
    <time>2022-07-09T12:33:20Z</time>
   </trkpt>
   <trkpt lat="45.8386010" lon="6.6581060">
    <ele>1733.6</ele>
    <time>2022-07-09T12:33:21Z</time>
   </trkpt>
   <trkpt lat="45.8386210" lon="6.6581330">
    <ele>1733.2</ele>
    <time>2022-07-09T12:33:22Z</time>
   </trkpt>
   <trkpt lat="45.8386520" lon="6.6581550">
    <ele>1732.7</ele>
    <time>2022-07-09T12:33:23Z</time>
   </trkpt>
   <trkpt lat="45.8386900" lon="6.6581770">
    <ele>1732.2</ele>
    <time>2022-07-09T12:33:24Z</time>
   </trkpt>
   <trkpt lat="45.8387180" lon="6.6581680">
    <ele>1731.9</ele>
    <time>2022-07-09T12:33:25Z</time>
   </trkpt>
   <trkpt lat="45.8387530" lon="6.6581810">
    <ele>1731.5</ele>
    <time>2022-07-09T12:33:26Z</time>
   </trkpt>
   <trkpt lat="45.8387850" lon="6.6581940">
    <ele>1731.1</ele>
    <time>2022-07-09T12:33:27Z</time>
   </trkpt>
   <trkpt lat="45.8388130" lon="6.6582030">
    <ele>1730.7</ele>
    <time>2022-07-09T12:33:28Z</time>
   </trkpt>
   <trkpt lat="45.8388530" lon="6.6582280">
    <ele>1730.2</ele>
    <time>2022-07-09T12:33:29Z</time>
   </trkpt>
   <trkpt lat="45.8388680" lon="6.6582390">
    <ele>1730.0</ele>
    <time>2022-07-09T12:33:30Z</time>
   </trkpt>
   <trkpt lat="45.8389000" lon="6.6582600">
    <ele>1729.6</ele>
    <time>2022-07-09T12:33:31Z</time>
   </trkpt>
   <trkpt lat="45.8389290" lon="6.6582830">
    <ele>1729.3</ele>
    <time>2022-07-09T12:33:32Z</time>
   </trkpt>
   <trkpt lat="45.8389610" lon="6.6582900">
    <ele>1728.9</ele>
    <time>2022-07-09T12:33:33Z</time>
   </trkpt>
   <trkpt lat="45.8389980" lon="6.6582960">
    <ele>1728.6</ele>
    <time>2022-07-09T12:33:34Z</time>
   </trkpt>
   <trkpt lat="45.8390130" lon="6.6583050">
    <ele>1728.4</ele>
    <time>2022-07-09T12:33:35Z</time>
   </trkpt>
   <trkpt lat="45.8390460" lon="6.6583220">
    <ele>1728.0</ele>
    <time>2022-07-09T12:33:36Z</time>
   </trkpt>
   <trkpt lat="45.8390820" lon="6.6583390">
    <ele>1727.7</ele>
    <time>2022-07-09T12:33:37Z</time>
   </trkpt>
   <trkpt lat="45.8391090" lon="6.6583610">
    <ele>1727.3</ele>
    <time>2022-07-09T12:33:38Z</time>
   </trkpt>
   <trkpt lat="45.8391360" lon="6.6583640">
    <ele>1727.1</ele>
    <time>2022-07-09T12:33:39Z</time>
   </trkpt>
   <trkpt lat="45.8391660" lon="6.6584020">
    <ele>1726.6</ele>
    <time>2022-07-09T12:33:40Z</time>
   </trkpt>
   <trkpt lat="45.8391930" lon="6.6584280">
    <ele>1726.3</ele>
    <time>2022-07-09T12:33:41Z</time>
   </trkpt>
   <trkpt lat="45.8392210" lon="6.6584420">
    <ele>1725.9</ele>
    <time>2022-07-09T12:33:42Z</time>
   </trkpt>
   <trkpt lat="45.8392460" lon="6.6584590">
    <ele>1725.6</ele>
    <time>2022-07-09T12:33:43Z</time>
   </trkpt>
   <trkpt lat="45.8392780" lon="6.6584730">
    <ele>1725.2</ele>
    <time>2022-07-09T12:33:44Z</time>
   </trkpt>
   <trkpt lat="45.8393140" lon="6.6584700">
    <ele>1724.8</ele>
    <time>2022-07-09T12:33:45Z</time>
   </trkpt>
   <trkpt lat="45.8393470" lon="6.6584790">
    <ele>1724.4</ele>
    <time>2022-07-09T12:33:46Z</time>
   </trkpt>
   <trkpt lat="45.8393870" lon="6.6585070">
    <ele>1723.9</ele>
    <time>2022-07-09T12:33:47Z</time>
   </trkpt>
   <trkpt lat="45.8394010" lon="6.6585210">
    <ele>1723.7</ele>
    <time>2022-07-09T12:33:48Z</time>
   </trkpt>
   <trkpt lat="45.8394360" lon="6.6585370">
    <ele>1723.3</ele>
    <time>2022-07-09T12:33:49Z</time>
   </trkpt>
   <trkpt lat="45.8394660" lon="6.6585500">
    <ele>1723.0</ele>
    <time>2022-07-09T12:33:50Z</time>
   </trkpt>
   <trkpt lat="45.8394980" lon="6.6585750">
    <ele>1722.6</ele>
    <time>2022-07-09T12:33:51Z</time>
   </trkpt>
   <trkpt lat="45.8395370" lon="6.6585860">
    <ele>1722.1</ele>
    <time>2022-07-09T12:33:52Z</time>
   </trkpt>
   <trkpt lat="45.8395770" lon="6.6585810">
    <ele>1721.7</ele>
    <time>2022-07-09T12:33:53Z</time>
   </trkpt>
   <trkpt lat="45.8395920" lon="6.6585780">
    <ele>1721.5</ele>
    <time>2022-07-09T12:33:54Z</time>
   </trkpt>
   <trkpt lat="45.8396310" lon="6.6585870">
    <ele>1721.0</ele>
    <time>2022-07-09T12:33:55Z</time>
   </trkpt>
   <trkpt lat="45.8396760" lon="6.6585990">
    <ele>1720.4</ele>
    <time>2022-07-09T12:33:56Z</time>
   </trkpt>
   <trkpt lat="45.8397070" lon="6.6585940">
    <ele>1720.0</ele>
    <time>2022-07-09T12:33:57Z</time>
   </trkpt>
   <trkpt lat="45.8397370" lon="6.6586110">
    <ele>1719.5</ele>
    <time>2022-07-09T12:33:58Z</time>
   </trkpt>
   <trkpt lat="45.8397740" lon="6.6586450">
    <ele>1718.9</ele>
    <time>2022-07-09T12:33:59Z</time>
   </trkpt>
   <trkpt lat="45.8398050" lon="6.6586620">
    <ele>1718.4</ele>
    <time>2022-07-09T12:34:00Z</time>
   </trkpt>
   <trkpt lat="45.8398430" lon="6.6586780">
    <ele>1717.8</ele>
    <time>2022-07-09T12:34:01Z</time>
   </trkpt>
   <trkpt lat="45.8398840" lon="6.6586900">
    <ele>1717.1</ele>
    <time>2022-07-09T12:34:02Z</time>
   </trkpt>
   <trkpt lat="45.8399230" lon="6.6586890">
    <ele>1716.5</ele>
    <time>2022-07-09T12:34:03Z</time>
   </trkpt>
   <trkpt lat="45.8399560" lon="6.6587130">
    <ele>1715.9</ele>
    <time>2022-07-09T12:34:04Z</time>
   </trkpt>
   <trkpt lat="45.8399890" lon="6.6587400">
    <ele>1715.3</ele>
    <time>2022-07-09T12:34:05Z</time>
   </trkpt>
   <trkpt lat="45.8400170" lon="6.6587440">
    <ele>1714.8</ele>
    <time>2022-07-09T12:34:06Z</time>
   </trkpt>
   <trkpt lat="45.8400530" lon="6.6587490">
    <ele>1714.1</ele>
    <time>2022-07-09T12:34:07Z</time>
   </trkpt>
   <trkpt lat="45.8400790" lon="6.6587560">
    <ele>1713.7</ele>
    <time>2022-07-09T12:34:08Z</time>
   </trkpt>
   <trkpt lat="45.8401080" lon="6.6587760">
    <ele>1713.1</ele>
    <time>2022-07-09T12:34:09Z</time>
   </trkpt>
   <trkpt lat="45.8401440" lon="6.6588010">
    <ele>1712.3</ele>
    <time>2022-07-09T12:34:10Z</time>
   </trkpt>
   <trkpt lat="45.8401710" lon="6.6588110">
    <ele>1711.8</ele>
    <time>2022-07-09T12:34:11Z</time>
   </trkpt>
   <trkpt lat="45.8402060" lon="6.6588210">
    <ele>1711.1</ele>
    <time>2022-07-09T12:34:12Z</time>
   </trkpt>
   <trkpt lat="45.8402380" lon="6.6588310">
    <ele>1710.5</ele>
    <time>2022-07-09T12:34:13Z</time>
   </trkpt>
   <trkpt lat="45.8402750" lon="6.6588570">
    <ele>1709.8</ele>
    <time>2022-07-09T12:34:14Z</time>
   </trkpt>
   <trkpt lat="45.8403050" lon="6.6588610">
    <ele>1709.2</ele>
    <time>2022-07-09T12:34:15Z</time>
   </trkpt>
   <trkpt lat="45.8403400" lon="6.6588530">
    <ele>1708.6</ele>
    <time>2022-07-09T12:34:16Z</time>
   </trkpt>
   <trkpt lat="45.8403830" lon="6.6588540">
    <ele>1707.9</ele>
    <time>2022-07-09T12:34:17Z</time>
   </trkpt>
   <trkpt lat="45.8404270" lon="6.6588690">
    <ele>1707.1</ele>
    <time>2022-07-09T12:34:18Z</time>
   </trkpt>
   <trkpt lat="45.8404650" lon="6.6589030">
    <ele>1706.4</ele>
    <time>2022-07-09T12:34:19Z</time>
   </trkpt>
   <trkpt lat="45.8405030" lon="6.6588990">
    <ele>1705.9</ele>
    <time>2022-07-09T12:34:20Z</time>
   </trkpt>
   <trkpt lat="45.8405420" lon="6.6588930">
    <ele>1705.3</ele>
    <time>2022-07-09T12:34:21Z</time>
   </trkpt>
   <trkpt lat="45.8405760" lon="6.6588900">
    <ele>1704.8</ele>
    <time>2022-07-09T12:34:22Z</time>
   </trkpt>
   <trkpt lat="45.8406090" lon="6.6588950">
    <ele>1704.3</ele>
    <time>2022-07-09T12:34:23Z</time>
   </trkpt>
   <trkpt lat="45.8406440" lon="6.6589280">
    <ele>1703.8</ele>
    <time>2022-07-09T12:34:24Z</time>
   </trkpt>
   <trkpt lat="45.8406750" lon="6.6589430">
    <ele>1703.3</ele>
    <time>2022-07-09T12:34:25Z</time>
   </trkpt>
   <trkpt lat="45.8407150" lon="6.6589620">
    <ele>1702.8</ele>
    <time>2022-07-09T12:34:26Z</time>
   </trkpt>
   <trkpt lat="45.8407540" lon="6.6589760">
    <ele>1702.2</ele>
    <time>2022-07-09T12:34:27Z</time>
   </trkpt>
   <trkpt lat="45.8407910" lon="6.6589910">
    <ele>1701.7</ele>
    <time>2022-07-09T12:34:28Z</time>
   </trkpt>
   <trkpt lat="45.8408320" lon="6.6590110">
    <ele>1701.1</ele>
    <time>2022-07-09T12:34:29Z</time>
   </trkpt>
   <trkpt lat="45.8408650" lon="6.6590310">
    <ele>1700.6</ele>
    <time>2022-07-09T12:34:30Z</time>
   </trkpt>
   <trkpt lat="45.8409150" lon="6.6590460">
    <ele>1700.0</ele>
    <time>2022-07-09T12:34:31Z</time>
   </trkpt>
   <trkpt lat="45.8409470" lon="6.6590710">
    <ele>1699.4</ele>
    <time>2022-07-09T12:34:32Z</time>
   </trkpt>
   <trkpt lat="45.8409760" lon="6.6590880">
    <ele>1699.0</ele>
    <time>2022-07-09T12:34:33Z</time>
   </trkpt>
   <trkpt lat="45.8410070" lon="6.6590540">
    <ele>1698.3</ele>
    <time>2022-07-09T12:34:34Z</time>
   </trkpt>
   <trkpt lat="45.8410120" lon="6.6590310">
    <ele>1698.0</ele>
    <time>2022-07-09T12:34:35Z</time>
   </trkpt>
   <trkpt lat="45.8409960" lon="6.6589750">
    <ele>1697.1</ele>
    <time>2022-07-09T12:34:36Z</time>
   </trkpt>
   <trkpt lat="45.8409720" lon="6.6589400">
    <ele>1696.4</ele>
    <time>2022-07-09T12:34:37Z</time>
   </trkpt>
   <trkpt lat="45.8409500" lon="6.6589110">
    <ele>1695.8</ele>
    <time>2022-07-09T12:34:38Z</time>
   </trkpt>
   <trkpt lat="45.8409250" lon="6.6588910">
    <ele>1695.2</ele>
    <time>2022-07-09T12:34:39Z</time>
   </trkpt>
   <trkpt lat="45.8409020" lon="6.6588510">
    <ele>1694.5</ele>
    <time>2022-07-09T12:34:40Z</time>
   </trkpt>
   <trkpt lat="45.8408920" lon="6.6588350">
    <ele>1694.2</ele>
    <time>2022-07-09T12:34:41Z</time>
   </trkpt>
   <trkpt lat="45.8408690" lon="6.6587850">
    <ele>1693.4</ele>
    <time>2022-07-09T12:34:42Z</time>
   </trkpt>
   <trkpt lat="45.8408380" lon="6.6587430">
    <ele>1692.7</ele>
    <time>2022-07-09T12:34:43Z</time>
   </trkpt>
   <trkpt lat="45.8408280" lon="6.6587240">
    <ele>1692.4</ele>
    <time>2022-07-09T12:34:44Z</time>
   </trkpt>
   <trkpt lat="45.8408200" lon="6.6586820">
    <ele>1691.9</ele>
    <time>2022-07-09T12:34:45Z</time>
   </trkpt>
   <trkpt lat="45.8408110" lon="6.6586370">
    <ele>1691.4</ele>
    <time>2022-07-09T12:34:46Z</time>
   </trkpt>
   <trkpt lat="45.8408070" lon="6.6585900">
    <ele>1690.8</ele>
    <time>2022-07-09T12:34:47Z</time>
   </trkpt>
   <trkpt lat="45.8407860" lon="6.6585400">
    <ele>1690.1</ele>
    <time>2022-07-09T12:34:48Z</time>
   </trkpt>
   <trkpt lat="45.8407800" lon="6.6585200">
    <ele>1689.8</ele>
    <time>2022-07-09T12:34:49Z</time>
   </trkpt>
   <trkpt lat="45.8407680" lon="6.6584730">
    <ele>1689.2</ele>
    <time>2022-07-09T12:34:50Z</time>
   </trkpt>
   <trkpt lat="45.8407470" lon="6.6584360">
    <ele>1688.6</ele>
    <time>2022-07-09T12:34:51Z</time>
   </trkpt>
   <trkpt lat="45.8407210" lon="6.6583940">
    <ele>1688.0</ele>
    <time>2022-07-09T12:34:52Z</time>
   </trkpt>
   <trkpt lat="45.8407080" lon="6.6583480">
    <ele>1687.4</ele>
    <time>2022-07-09T12:34:53Z</time>
   </trkpt>
   <trkpt lat="45.8406850" lon="6.6583110">
    <ele>1686.8</ele>
    <time>2022-07-09T12:34:54Z</time>
   </trkpt>
   <trkpt lat="45.8406570" lon="6.6582700">
    <ele>1686.2</ele>
    <time>2022-07-09T12:34:55Z</time>
   </trkpt>
   <trkpt lat="45.8406400" lon="6.6582330">
    <ele>1685.7</ele>
    <time>2022-07-09T12:34:56Z</time>
   </trkpt>
   <trkpt lat="45.8406160" lon="6.6581990">
    <ele>1685.1</ele>
    <time>2022-07-09T12:34:57Z</time>
   </trkpt>
   <trkpt lat="45.8405920" lon="6.6581560">
    <ele>1684.6</ele>
    <time>2022-07-09T12:34:58Z</time>
   </trkpt>
   <trkpt lat="45.8405820" lon="6.6581090">
    <ele>1684.1</ele>
    <time>2022-07-09T12:34:59Z</time>
   </trkpt>
   <trkpt lat="45.8405670" lon="6.6580730">
    <ele>1683.7</ele>
    <time>2022-07-09T12:35:00Z</time>
   </trkpt>
   <trkpt lat="45.8405340" lon="6.6580260">
    <ele>1683.1</ele>
    <time>2022-07-09T12:35:01Z</time>
   </trkpt>
   <trkpt lat="45.8405100" lon="6.6579900">
    <ele>1682.7</ele>
    <time>2022-07-09T12:35:02Z</time>
   </trkpt>
   <trkpt lat="45.8404890" lon="6.6579520">
    <ele>1682.3</ele>
    <time>2022-07-09T12:35:03Z</time>
   </trkpt>
   <trkpt lat="45.8404730" lon="6.6579000">
    <ele>1681.9</ele>
    <time>2022-07-09T12:35:04Z</time>
   </trkpt>
   <trkpt lat="45.8404440" lon="6.6578720">
    <ele>1681.5</ele>
    <time>2022-07-09T12:35:05Z</time>
   </trkpt>
   <trkpt lat="45.8404080" lon="6.6578410">
    <ele>1681.1</ele>
    <time>2022-07-09T12:35:06Z</time>
   </trkpt>
   <trkpt lat="45.8403700" lon="6.6578220">
    <ele>1680.7</ele>
    <time>2022-07-09T12:35:07Z</time>
   </trkpt>
   <trkpt lat="45.8403440" lon="6.6577930">
    <ele>1680.4</ele>
    <time>2022-07-09T12:35:08Z</time>
   </trkpt>
   <trkpt lat="45.8403120" lon="6.6577700">
    <ele>1680.1</ele>
    <time>2022-07-09T12:35:09Z</time>
   </trkpt>
   <trkpt lat="45.8402690" lon="6.6577570">
    <ele>1679.6</ele>
    <time>2022-07-09T12:35:10Z</time>
   </trkpt>
   <trkpt lat="45.8402350" lon="6.6577280">
    <ele>1679.2</ele>
    <time>2022-07-09T12:35:11Z</time>
   </trkpt>
   <trkpt lat="45.8402030" lon="6.6577040">
    <ele>1678.8</ele>
    <time>2022-07-09T12:35:12Z</time>
   </trkpt>
   <trkpt lat="45.8401750" lon="6.6576680">
    <ele>1678.4</ele>
    <time>2022-07-09T12:35:13Z</time>
   </trkpt>
   <trkpt lat="45.8401440" lon="6.6576450">
    <ele>1678.0</ele>
    <time>2022-07-09T12:35:14Z</time>
   </trkpt>
   <trkpt lat="45.8401080" lon="6.6576120">
    <ele>1677.5</ele>
    <time>2022-07-09T12:35:15Z</time>
   </trkpt>
   <trkpt lat="45.8400950" lon="6.6575960">
    <ele>1677.3</ele>
    <time>2022-07-09T12:35:16Z</time>
   </trkpt>
   <trkpt lat="45.8400650" lon="6.6575650">
    <ele>1676.9</ele>
    <time>2022-07-09T12:35:17Z</time>
   </trkpt>
   <trkpt lat="45.8400410" lon="6.6575190">
    <ele>1676.4</ele>
    <time>2022-07-09T12:35:18Z</time>
   </trkpt>
   <trkpt lat="45.8400100" lon="6.6574800">
    <ele>1676.0</ele>
    <time>2022-07-09T12:35:19Z</time>
   </trkpt>
   <trkpt lat="45.8399750" lon="6.6574420">
    <ele>1675.5</ele>
    <time>2022-07-09T12:35:20Z</time>
   </trkpt>
   <trkpt lat="45.8399480" lon="6.6574030">
    <ele>1675.2</ele>
    <time>2022-07-09T12:35:21Z</time>
   </trkpt>
   <trkpt lat="45.8399180" lon="6.6573760">
    <ele>1674.8</ele>
    <time>2022-07-09T12:35:22Z</time>
   </trkpt>
   <trkpt lat="45.8398840" lon="6.6573540">
    <ele>1674.5</ele>
    <time>2022-07-09T12:35:23Z</time>
   </trkpt>
   <trkpt lat="45.8398510" lon="6.6573290">
    <ele>1674.2</ele>
    <time>2022-07-09T12:35:24Z</time>
   </trkpt>
   <trkpt lat="45.8398170" lon="6.6573220">
    <ele>1673.8</ele>
    <time>2022-07-09T12:35:25Z</time>
   </trkpt>
   <trkpt lat="45.8397880" lon="6.6572980">
    <ele>1673.4</ele>
    <time>2022-07-09T12:35:26Z</time>
   </trkpt>
   <trkpt lat="45.8397630" lon="6.6572800">
    <ele>1673.1</ele>
    <time>2022-07-09T12:35:27Z</time>
   </trkpt>
   <trkpt lat="45.8397860" lon="6.6572340">
    <ele>1671.6</ele>
    <time>2022-07-09T12:35:28Z</time>
   </trkpt>
   <trkpt lat="45.8398080" lon="6.6572130">
    <ele>1671.2</ele>
    <time>2022-07-09T12:35:29Z</time>
   </trkpt>
   <trkpt lat="45.8398590" lon="6.6572160">
    <ele>1670.5</ele>
    <time>2022-07-09T12:35:30Z</time>
   </trkpt>
   <trkpt lat="45.8398960" lon="6.6572170">
    <ele>1670.0</ele>
    <time>2022-07-09T12:35:31Z</time>
   </trkpt>
   <trkpt lat="45.8399300" lon="6.6571970">
    <ele>1669.5</ele>
    <time>2022-07-09T12:35:32Z</time>
   </trkpt>
   <trkpt lat="45.8399610" lon="6.6572040">
    <ele>1669.1</ele>
    <time>2022-07-09T12:35:33Z</time>
   </trkpt>
   <trkpt lat="45.8399900" lon="6.6572160">
    <ele>1668.8</ele>
    <time>2022-07-09T12:35:34Z</time>
   </trkpt>
   <trkpt lat="45.8400240" lon="6.6572340">
    <ele>1668.4</ele>
    <time>2022-07-09T12:35:35Z</time>
   </trkpt>
   <trkpt lat="45.8400660" lon="6.6572520">
    <ele>1667.9</ele>
    <time>2022-07-09T12:35:36Z</time>
   </trkpt>
   <trkpt lat="45.8401100" lon="6.6572410">
    <ele>1667.5</ele>
    <time>2022-07-09T12:35:37Z</time>
   </trkpt>
   <trkpt lat="45.8401400" lon="6.6572480">
    <ele>1667.3</ele>
    <time>2022-07-09T12:35:38Z</time>
   </trkpt>
   <trkpt lat="45.8401760" lon="6.6572630">
    <ele>1666.9</ele>
    <time>2022-07-09T12:35:39Z</time>
   </trkpt>
   <trkpt lat="45.8402200" lon="6.6572680">
    <ele>1666.6</ele>
    <time>2022-07-09T12:35:40Z</time>
   </trkpt>
   <trkpt lat="45.8402500" lon="6.6572710">
    <ele>1666.3</ele>
    <time>2022-07-09T12:35:41Z</time>
   </trkpt>
   <trkpt lat="45.8402920" lon="6.6572880">
    <ele>1665.9</ele>
    <time>2022-07-09T12:35:42Z</time>
   </trkpt>
   <trkpt lat="45.8403180" lon="6.6573000">
    <ele>1665.7</ele>
    <time>2022-07-09T12:35:43Z</time>
   </trkpt>
   <trkpt lat="45.8403500" lon="6.6573130">
    <ele>1665.5</ele>
    <time>2022-07-09T12:35:44Z</time>
   </trkpt>
   <trkpt lat="45.8403900" lon="6.6573250">
    <ele>1665.1</ele>
    <time>2022-07-09T12:35:45Z</time>
   </trkpt>
   <trkpt lat="45.8404300" lon="6.6573420">
    <ele>1664.8</ele>
    <time>2022-07-09T12:35:46Z</time>
   </trkpt>
   <trkpt lat="45.8404760" lon="6.6573730">
    <ele>1664.5</ele>
    <time>2022-07-09T12:35:47Z</time>
   </trkpt>
   <trkpt lat="45.8405070" lon="6.6573830">
    <ele>1664.2</ele>
    <time>2022-07-09T12:35:48Z</time>
   </trkpt>
   <trkpt lat="45.8405450" lon="6.6574000">
    <ele>1663.9</ele>
    <time>2022-07-09T12:35:49Z</time>
   </trkpt>
   <trkpt lat="45.8405880" lon="6.6573930">
    <ele>1663.5</ele>
    <time>2022-07-09T12:35:50Z</time>
   </trkpt>
   <trkpt lat="45.8406210" lon="6.6574030">
    <ele>1663.2</ele>
    <time>2022-07-09T12:35:51Z</time>
   </trkpt>
   <trkpt lat="45.8406530" lon="6.6574230">
    <ele>1662.9</ele>
    <time>2022-07-09T12:35:52Z</time>
   </trkpt>
   <trkpt lat="45.8406920" lon="6.6574320">
    <ele>1662.5</ele>
    <time>2022-07-09T12:35:53Z</time>
   </trkpt>
   <trkpt lat="45.8407300" lon="6.6574380">
    <ele>1662.0</ele>
    <time>2022-07-09T12:35:54Z</time>
   </trkpt>
   <trkpt lat="45.8407600" lon="6.6574560">
    <ele>1661.7</ele>
    <time>2022-07-09T12:35:55Z</time>
   </trkpt>
   <trkpt lat="45.8407940" lon="6.6574650">
    <ele>1661.3</ele>
    <time>2022-07-09T12:35:56Z</time>
   </trkpt>
   <trkpt lat="45.8408350" lon="6.6574810">
    <ele>1660.8</ele>
    <time>2022-07-09T12:35:57Z</time>
   </trkpt>
   <trkpt lat="45.8408720" lon="6.6575040">
    <ele>1660.3</ele>
    <time>2022-07-09T12:35:58Z</time>
   </trkpt>
   <trkpt lat="45.8409050" lon="6.6575280">
    <ele>1659.9</ele>
    <time>2022-07-09T12:35:59Z</time>
   </trkpt>
   <trkpt lat="45.8409440" lon="6.6575660">
    <ele>1659.5</ele>
    <time>2022-07-09T12:36:00Z</time>
   </trkpt>
   <trkpt lat="45.8409750" lon="6.6576190">
    <ele>1659.0</ele>
    <time>2022-07-09T12:36:01Z</time>
   </trkpt>
   <trkpt lat="45.8409970" lon="6.6576690">
    <ele>1658.7</ele>
    <time>2022-07-09T12:36:02Z</time>
   </trkpt>
   <trkpt lat="45.8410160" lon="6.6577180">
    <ele>1658.5</ele>
    <time>2022-07-09T12:36:03Z</time>
   </trkpt>
   <trkpt lat="45.8410480" lon="6.6577440">
    <ele>1658.5</ele>
    <time>2022-07-09T12:36:04Z</time>
   </trkpt>
   <trkpt lat="45.8410830" lon="6.6577870">
    <ele>1658.5</ele>
    <time>2022-07-09T12:36:05Z</time>
   </trkpt>
   <trkpt lat="45.8411080" lon="6.6578260">
    <ele>1658.6</ele>
    <time>2022-07-09T12:36:06Z</time>
   </trkpt>
   <trkpt lat="45.8411330" lon="6.6578500">
    <ele>1658.8</ele>
    <time>2022-07-09T12:36:07Z</time>
   </trkpt>
   <trkpt lat="45.8411580" lon="6.6578730">
    <ele>1659.0</ele>
    <time>2022-07-09T12:36:08Z</time>
   </trkpt>
   <trkpt lat="45.8411870" lon="6.6578790">
    <ele>1659.2</ele>
    <time>2022-07-09T12:36:09Z</time>
   </trkpt>
   <trkpt lat="45.8411950" lon="6.6578800">
    <ele>1659.2</ele>
    <time>2022-07-09T12:36:10Z</time>
   </trkpt>
   <trkpt lat="45.8412100" lon="6.6578650">
    <ele>1659.3</ele>
    <time>2022-07-09T12:36:11Z</time>
   </trkpt>
   <trkpt lat="45.8412130" lon="6.6578610">
    <ele>1659.4</ele>
    <time>2022-07-09T12:36:12Z</time>
   </trkpt>
   <trkpt lat="45.8412170" lon="6.6578560">
    <ele>1659.4</ele>
    <time>2022-07-09T12:36:13Z</time>
   </trkpt>
   <trkpt lat="45.8412200" lon="6.6578520">
    <ele>1659.4</ele>
    <time>2022-07-09T12:36:14Z</time>
   </trkpt>
   <trkpt lat="45.8412230" lon="6.6578480">
    <ele>1659.4</ele>
    <time>2022-07-09T12:36:15Z</time>
   </trkpt>
   <trkpt lat="45.8412360" lon="6.6578320">
    <ele>1659.5</ele>
    <time>2022-07-09T12:36:16Z</time>
   </trkpt>
   <trkpt lat="45.8412410" lon="6.6578270">
    <ele>1659.5</ele>
    <time>2022-07-09T12:36:17Z</time>
   </trkpt>
   <trkpt lat="45.8412470" lon="6.6578210">
    <ele>1659.5</ele>
    <time>2022-07-09T12:36:18Z</time>
   </trkpt>
   <trkpt lat="45.8412520" lon="6.6578160">
    <ele>1659.5</ele>
    <time>2022-07-09T12:36:19Z</time>
   </trkpt>
   <trkpt lat="45.8412790" lon="6.6578140">
    <ele>1659.5</ele>
    <time>2022-07-09T12:36:20Z</time>
   </trkpt>
   <trkpt lat="45.8412880" lon="6.6578140">
    <ele>1659.5</ele>
    <time>2022-07-09T12:36:21Z</time>
   </trkpt>
   <trkpt lat="45.8412960" lon="6.6578150">
    <ele>1659.5</ele>
    <time>2022-07-09T12:36:22Z</time>
   </trkpt>
   <trkpt lat="45.8413210" lon="6.6578140">
    <ele>1659.4</ele>
    <time>2022-07-09T12:36:23Z</time>
   </trkpt>
   <trkpt lat="45.8413280" lon="6.6578010">
    <ele>1659.3</ele>
    <time>2022-07-09T12:36:24Z</time>
   </trkpt>
   <trkpt lat="45.8413390" lon="6.6577790">
    <ele>1659.2</ele>
    <time>2022-07-09T12:36:25Z</time>
   </trkpt>
   <trkpt lat="45.8413500" lon="6.6577790">
    <ele>1659.1</ele>
    <time>2022-07-09T12:36:26Z</time>
   </trkpt>
   <trkpt lat="45.8413560" lon="6.6577720">
    <ele>1659.1</ele>
    <time>2022-07-09T12:36:27Z</time>
   </trkpt>
   <trkpt lat="45.8413690" lon="6.6577670">
    <ele>1658.9</ele>
    <time>2022-07-09T12:36:28Z</time>
   </trkpt>
   <trkpt lat="45.8413850" lon="6.6577590">
    <ele>1658.8</ele>
    <time>2022-07-09T12:36:29Z</time>
   </trkpt>
   <trkpt lat="45.8413950" lon="6.6577460">
    <ele>1658.6</ele>
    <time>2022-07-09T12:36:30Z</time>
   </trkpt>
   <trkpt lat="45.8414050" lon="6.6577450">
    <ele>1658.5</ele>
    <time>2022-07-09T12:36:31Z</time>
   </trkpt>
   <trkpt lat="45.8414170" lon="6.6577410">
    <ele>1658.3</ele>
    <time>2022-07-09T12:36:32Z</time>
   </trkpt>
   <trkpt lat="45.8414460" lon="6.6577190">
    <ele>1657.9</ele>
    <time>2022-07-09T12:36:33Z</time>
   </trkpt>
   <trkpt lat="45.8414510" lon="6.6577110">
    <ele>1657.8</ele>
    <time>2022-07-09T12:36:34Z</time>
   </trkpt>
   <trkpt lat="45.8414750" lon="6.6576840">
    <ele>1657.4</ele>
    <time>2022-07-09T12:36:35Z</time>
   </trkpt>
   <trkpt lat="45.8414880" lon="6.6576700">
    <ele>1657.2</ele>
    <time>2022-07-09T12:36:36Z</time>
   </trkpt>
   <trkpt lat="45.8415010" lon="6.6576550">
    <ele>1657.0</ele>
    <time>2022-07-09T12:36:37Z</time>
   </trkpt>
   <trkpt lat="45.8415300" lon="6.6576340">
    <ele>1656.5</ele>
    <time>2022-07-09T12:36:38Z</time>
   </trkpt>
   <trkpt lat="45.8415430" lon="6.6576230">
    <ele>1656.3</ele>
    <time>2022-07-09T12:36:39Z</time>
   </trkpt>
   <trkpt lat="45.8415840" lon="6.6576120">
    <ele>1655.7</ele>
    <time>2022-07-09T12:36:40Z</time>
   </trkpt>
   <trkpt lat="45.8416450" lon="6.6575810">
    <ele>1654.7</ele>
    <time>2022-07-09T12:36:41Z</time>
   </trkpt>
   <trkpt lat="45.8416800" lon="6.6575700">
    <ele>1654.2</ele>
    <time>2022-07-09T12:36:42Z</time>
   </trkpt>
   <trkpt lat="45.8416870" lon="6.6575480">
    <ele>1653.9</ele>
    <time>2022-07-09T12:36:43Z</time>
   </trkpt>
   <trkpt lat="45.8417060" lon="6.6575320">
    <ele>1653.5</ele>
    <time>2022-07-09T12:36:44Z</time>
   </trkpt>
   <trkpt lat="45.8417410" lon="6.6575200">
    <ele>1652.8</ele>
    <time>2022-07-09T12:36:45Z</time>
   </trkpt>
   <trkpt lat="45.8417650" lon="6.6575060">
    <ele>1652.2</ele>
    <time>2022-07-09T12:36:46Z</time>
   </trkpt>
   <trkpt lat="45.8418060" lon="6.6574610">
    <ele>1651.1</ele>
    <time>2022-07-09T12:36:47Z</time>
   </trkpt>
   <trkpt lat="45.8418350" lon="6.6574650">
    <ele>1650.4</ele>
    <time>2022-07-09T12:36:48Z</time>
   </trkpt>
   <trkpt lat="45.8418500" lon="6.6574570">
    <ele>1650.1</ele>
    <time>2022-07-09T12:36:49Z</time>
   </trkpt>
   <trkpt lat="45.8418850" lon="6.6574270">
    <ele>1649.1</ele>
    <time>2022-07-09T12:36:50Z</time>
   </trkpt>
   <trkpt lat="45.8419320" lon="6.6573970">
    <ele>1647.8</ele>
    <time>2022-07-09T12:36:51Z</time>
   </trkpt>
   <trkpt lat="45.8419590" lon="6.6573770">
    <ele>1647.0</ele>
    <time>2022-07-09T12:36:52Z</time>
   </trkpt>
   <trkpt lat="45.8420040" lon="6.6573520">
    <ele>1645.8</ele>
    <time>2022-07-09T12:36:53Z</time>
   </trkpt>
   <trkpt lat="45.8420410" lon="6.6573240">
    <ele>1644.7</ele>
    <time>2022-07-09T12:36:54Z</time>
   </trkpt>
   <trkpt lat="45.8420690" lon="6.6573240">
    <ele>1644.0</ele>
    <time>2022-07-09T12:36:55Z</time>
   </trkpt>
   <trkpt lat="45.8421080" lon="6.6573160">
    <ele>1643.0</ele>
    <time>2022-07-09T12:36:56Z</time>
   </trkpt>
   <trkpt lat="45.8421400" lon="6.6573000">
    <ele>1642.2</ele>
    <time>2022-07-09T12:36:57Z</time>
   </trkpt>
   <trkpt lat="45.8421660" lon="6.6572820">
    <ele>1641.5</ele>
    <time>2022-07-09T12:36:58Z</time>
   </trkpt>
   <trkpt lat="45.8421980" lon="6.6572640">
    <ele>1640.7</ele>
    <time>2022-07-09T12:36:59Z</time>
   </trkpt>
   <trkpt lat="45.8422290" lon="6.6572310">
    <ele>1639.8</ele>
    <time>2022-07-09T12:37:00Z</time>
   </trkpt>
   <trkpt lat="45.8422530" lon="6.6571920">
    <ele>1638.9</ele>
    <time>2022-07-09T12:37:01Z</time>
   </trkpt>
   <trkpt lat="45.8422790" lon="6.6571460">
    <ele>1638.0</ele>
    <time>2022-07-09T12:37:02Z</time>
   </trkpt>
   <trkpt lat="45.8423160" lon="6.6571210">
    <ele>1637.0</ele>
    <time>2022-07-09T12:37:03Z</time>
   </trkpt>
   <trkpt lat="45.8423310" lon="6.6571090">
    <ele>1636.6</ele>
    <time>2022-07-09T12:37:04Z</time>
   </trkpt>
   <trkpt lat="45.8423640" lon="6.6571130">
    <ele>1635.9</ele>
    <time>2022-07-09T12:37:05Z</time>
   </trkpt>
   <trkpt lat="45.8424010" lon="6.6571180">
    <ele>1635.1</ele>
    <time>2022-07-09T12:37:06Z</time>
   </trkpt>
   <trkpt lat="45.8424140" lon="6.6571150">
    <ele>1634.9</ele>
    <time>2022-07-09T12:37:07Z</time>
   </trkpt>
   <trkpt lat="45.8424210" lon="6.6571060">
    <ele>1634.7</ele>
    <time>2022-07-09T12:37:08Z</time>
   </trkpt>
   <trkpt lat="45.8424360" lon="6.6570850">
    <ele>1634.3</ele>
    <time>2022-07-09T12:37:09Z</time>
   </trkpt>
   <trkpt lat="45.8424640" lon="6.6570750">
    <ele>1633.7</ele>
    <time>2022-07-09T12:37:10Z</time>
   </trkpt>
   <trkpt lat="45.8424970" lon="6.6570600">
    <ele>1633.0</ele>
    <time>2022-07-09T12:37:11Z</time>
   </trkpt>
   <trkpt lat="45.8425170" lon="6.6570550">
    <ele>1632.6</ele>
    <time>2022-07-09T12:37:12Z</time>
   </trkpt>
   <trkpt lat="45.8425300" lon="6.6570370">
    <ele>1632.2</ele>
    <time>2022-07-09T12:37:13Z</time>
   </trkpt>
   <trkpt lat="45.8425430" lon="6.6570390">
    <ele>1632.0</ele>
    <time>2022-07-09T12:37:14Z</time>
   </trkpt>
   <trkpt lat="45.8425560" lon="6.6570420">
    <ele>1631.8</ele>
    <time>2022-07-09T12:37:15Z</time>
   </trkpt>
   <trkpt lat="45.8425890" lon="6.6570420">
    <ele>1631.2</ele>
    <time>2022-07-09T12:37:16Z</time>
   </trkpt>
   <trkpt lat="45.8426260" lon="6.6570470">
    <ele>1630.5</ele>
    <time>2022-07-09T12:37:17Z</time>
   </trkpt>
   <trkpt lat="45.8426610" lon="6.6570350">
    <ele>1629.9</ele>
    <time>2022-07-09T12:37:18Z</time>
   </trkpt>
   <trkpt lat="45.8427000" lon="6.6570540">
    <ele>1629.2</ele>
    <time>2022-07-09T12:37:19Z</time>
   </trkpt>
   <trkpt lat="45.8427440" lon="6.6570660">
    <ele>1628.6</ele>
    <time>2022-07-09T12:37:20Z</time>
   </trkpt>
   <trkpt lat="45.8427760" lon="6.6570680">
    <ele>1628.1</ele>
    <time>2022-07-09T12:37:21Z</time>
   </trkpt>
   <trkpt lat="45.8428210" lon="6.6570930">
    <ele>1627.4</ele>
    <time>2022-07-09T12:37:22Z</time>
   </trkpt>
   <trkpt lat="45.8428820" lon="6.6570870">
    <ele>1626.5</ele>
    <time>2022-07-09T12:37:23Z</time>
   </trkpt>
   <trkpt lat="45.8429330" lon="6.6570860">
    <ele>1625.7</ele>
    <time>2022-07-09T12:37:24Z</time>
   </trkpt>
   <trkpt lat="45.8429830" lon="6.6570890">
    <ele>1624.8</ele>
    <time>2022-07-09T12:37:25Z</time>
   </trkpt>
   <trkpt lat="45.8430410" lon="6.6570960">
    <ele>1623.8</ele>
    <time>2022-07-09T12:37:26Z</time>
   </trkpt>
   <trkpt lat="45.8430980" lon="6.6570940">
    <ele>1622.8</ele>
    <time>2022-07-09T12:37:27Z</time>
   </trkpt>
   <trkpt lat="45.8431500" lon="6.6570880">
    <ele>1622.0</ele>
    <time>2022-07-09T12:37:28Z</time>
   </trkpt>
   <trkpt lat="45.8432020" lon="6.6570940">
    <ele>1621.2</ele>
    <time>2022-07-09T12:37:29Z</time>
   </trkpt>
   <trkpt lat="45.8432560" lon="6.6571020">
    <ele>1620.5</ele>
    <time>2022-07-09T12:37:30Z</time>
   </trkpt>
   <trkpt lat="45.8433050" lon="6.6570930">
    <ele>1619.8</ele>
    <time>2022-07-09T12:37:31Z</time>
   </trkpt>
   <trkpt lat="45.8433500" lon="6.6570960">
    <ele>1619.1</ele>
    <time>2022-07-09T12:37:32Z</time>
   </trkpt>
   <trkpt lat="45.8433890" lon="6.6571200">
    <ele>1618.5</ele>
    <time>2022-07-09T12:37:33Z</time>
   </trkpt>
   <trkpt lat="45.8434310" lon="6.6571380">
    <ele>1618.0</ele>
    <time>2022-07-09T12:37:34Z</time>
   </trkpt>
   <trkpt lat="45.8434810" lon="6.6571510">
    <ele>1617.3</ele>
    <time>2022-07-09T12:37:35Z</time>
   </trkpt>
   <trkpt lat="45.8435220" lon="6.6571710">
    <ele>1616.7</ele>
    <time>2022-07-09T12:37:36Z</time>
   </trkpt>
   <trkpt lat="45.8435600" lon="6.6571780">
    <ele>1616.3</ele>
    <time>2022-07-09T12:37:37Z</time>
   </trkpt>
   <trkpt lat="45.8435950" lon="6.6571830">
    <ele>1615.8</ele>
    <time>2022-07-09T12:37:38Z</time>
   </trkpt>
   <trkpt lat="45.8436300" lon="6.6571840">
    <ele>1615.4</ele>
    <time>2022-07-09T12:37:39Z</time>
   </trkpt>
   <trkpt lat="45.8436710" lon="6.6571860">
    <ele>1614.8</ele>
    <time>2022-07-09T12:37:40Z</time>
   </trkpt>
   <trkpt lat="45.8437130" lon="6.6571910">
    <ele>1614.2</ele>
    <time>2022-07-09T12:37:41Z</time>
   </trkpt>
   <trkpt lat="45.8437500" lon="6.6571960">
    <ele>1613.6</ele>
    <time>2022-07-09T12:37:42Z</time>
   </trkpt>
   <trkpt lat="45.8437840" lon="6.6572050">
    <ele>1612.9</ele>
    <time>2022-07-09T12:37:43Z</time>
   </trkpt>
   <trkpt lat="45.8438170" lon="6.6571960">
    <ele>1612.2</ele>
    <time>2022-07-09T12:37:44Z</time>
   </trkpt>
   <trkpt lat="45.8438430" lon="6.6571810">
    <ele>1611.5</ele>
    <time>2022-07-09T12:37:45Z</time>
   </trkpt>
   <trkpt lat="45.8438880" lon="6.6571700">
    <ele>1610.4</ele>
    <time>2022-07-09T12:37:46Z</time>
   </trkpt>
   <trkpt lat="45.8439260" lon="6.6571570">
    <ele>1609.4</ele>
    <time>2022-07-09T12:37:47Z</time>
   </trkpt>
   <trkpt lat="45.8439380" lon="6.6571530">
    <ele>1609.1</ele>
    <time>2022-07-09T12:37:48Z</time>
   </trkpt>
   <trkpt lat="45.8439530" lon="6.6571060">
    <ele>1608.1</ele>
    <time>2022-07-09T12:37:49Z</time>
   </trkpt>
   <trkpt lat="45.8439770" lon="6.6570760">
    <ele>1607.3</ele>
    <time>2022-07-09T12:37:50Z</time>
   </trkpt>
   <trkpt lat="45.8440160" lon="6.6570630">
    <ele>1606.3</ele>
    <time>2022-07-09T12:37:51Z</time>
   </trkpt>
   <trkpt lat="45.8440510" lon="6.6570570">
    <ele>1605.4</ele>
    <time>2022-07-09T12:37:52Z</time>
   </trkpt>
   <trkpt lat="45.8440640" lon="6.6570120">
    <ele>1604.5</ele>
    <time>2022-07-09T12:37:53Z</time>
   </trkpt>
   <trkpt lat="45.8440800" lon="6.6569610">
    <ele>1603.6</ele>
    <time>2022-07-09T12:37:54Z</time>
   </trkpt>
   <trkpt lat="45.8440710" lon="6.6569070">
    <ele>1602.7</ele>
    <time>2022-07-09T12:37:55Z</time>
   </trkpt>
   <trkpt lat="45.8440540" lon="6.6568390">
    <ele>1601.7</ele>
    <time>2022-07-09T12:37:56Z</time>
   </trkpt>
   <trkpt lat="45.8440210" lon="6.6567920">
    <ele>1600.8</ele>
    <time>2022-07-09T12:37:57Z</time>
   </trkpt>
   <trkpt lat="45.8440050" lon="6.6567440">
    <ele>1600.1</ele>
    <time>2022-07-09T12:37:58Z</time>
   </trkpt>
   <trkpt lat="45.8439830" lon="6.6567040">
    <ele>1599.4</ele>
    <time>2022-07-09T12:37:59Z</time>
   </trkpt>
   <trkpt lat="45.8439720" lon="6.6566490">
    <ele>1598.6</ele>
    <time>2022-07-09T12:38:00Z</time>
   </trkpt>
   <trkpt lat="45.8439630" lon="6.6566010">
    <ele>1598.0</ele>
    <time>2022-07-09T12:38:01Z</time>
   </trkpt>
   <trkpt lat="45.8439550" lon="6.6565620">
    <ele>1597.4</ele>
    <time>2022-07-09T12:38:02Z</time>
   </trkpt>
   <trkpt lat="45.8439470" lon="6.6565140">
    <ele>1596.8</ele>
    <time>2022-07-09T12:38:03Z</time>
   </trkpt>
   <trkpt lat="45.8439380" lon="6.6564720">
    <ele>1596.2</ele>
    <time>2022-07-09T12:38:04Z</time>
   </trkpt>
   <trkpt lat="45.8439240" lon="6.6564260">
    <ele>1595.6</ele>
    <time>2022-07-09T12:38:05Z</time>
   </trkpt>
   <trkpt lat="45.8439100" lon="6.6563880">
    <ele>1595.0</ele>
    <time>2022-07-09T12:38:06Z</time>
   </trkpt>
   <trkpt lat="45.8438720" lon="6.6563450">
    <ele>1594.1</ele>
    <time>2022-07-09T12:38:07Z</time>
   </trkpt>
   <trkpt lat="45.8438560" lon="6.6562990">
    <ele>1593.5</ele>
    <time>2022-07-09T12:38:08Z</time>
   </trkpt>
   <trkpt lat="45.8438420" lon="6.6562470">
    <ele>1592.7</ele>
    <time>2022-07-09T12:38:09Z</time>
   </trkpt>
   <trkpt lat="45.8438340" lon="6.6561950">
    <ele>1592.0</ele>
    <time>2022-07-09T12:38:10Z</time>
   </trkpt>
   <trkpt lat="45.8438150" lon="6.6561550">
    <ele>1591.4</ele>
    <time>2022-07-09T12:38:11Z</time>
   </trkpt>
   <trkpt lat="45.8437880" lon="6.6561210">
    <ele>1590.7</ele>
    <time>2022-07-09T12:38:12Z</time>
   </trkpt>
   <trkpt lat="45.8437670" lon="6.6560740">
    <ele>1590.0</ele>
    <time>2022-07-09T12:38:13Z</time>
   </trkpt>
   <trkpt lat="45.8437450" lon="6.6560360">
    <ele>1589.4</ele>
    <time>2022-07-09T12:38:14Z</time>
   </trkpt>
   <trkpt lat="45.8437200" lon="6.6560010">
    <ele>1588.7</ele>
    <time>2022-07-09T12:38:15Z</time>
   </trkpt>
   <trkpt lat="45.8437000" lon="6.6559590">
    <ele>1588.0</ele>
    <time>2022-07-09T12:38:16Z</time>
   </trkpt>
   <trkpt lat="45.8436890" lon="6.6559220">
    <ele>1587.5</ele>
    <time>2022-07-09T12:38:17Z</time>
   </trkpt>
   <trkpt lat="45.8436750" lon="6.6558790">
    <ele>1586.8</ele>
    <time>2022-07-09T12:38:18Z</time>
   </trkpt>
   <trkpt lat="45.8436570" lon="6.6558410">
    <ele>1586.2</ele>
    <time>2022-07-09T12:38:19Z</time>
   </trkpt>
   <trkpt lat="45.8436500" lon="6.6558310">
    <ele>1586.0</ele>
    <time>2022-07-09T12:38:20Z</time>
   </trkpt>
   <trkpt lat="45.8436230" lon="6.6557930">
    <ele>1585.3</ele>
    <time>2022-07-09T12:38:21Z</time>
   </trkpt>
   <trkpt lat="45.8436140" lon="6.6557800">
    <ele>1585.1</ele>
    <time>2022-07-09T12:38:22Z</time>
   </trkpt>
   <trkpt lat="45.8435920" lon="6.6557500">
    <ele>1584.5</ele>
    <time>2022-07-09T12:38:23Z</time>
   </trkpt>
   <trkpt lat="45.8435800" lon="6.6556930">
    <ele>1583.7</ele>
    <time>2022-07-09T12:38:24Z</time>
   </trkpt>
   <trkpt lat="45.8435670" lon="6.6556520">
    <ele>1583.1</ele>
    <time>2022-07-09T12:38:25Z</time>
   </trkpt>
   <trkpt lat="45.8435430" lon="6.6556030">
    <ele>1582.3</ele>
    <time>2022-07-09T12:38:26Z</time>
   </trkpt>
   <trkpt lat="45.8435310" lon="6.6555830">
    <ele>1582.0</ele>
    <time>2022-07-09T12:38:27Z</time>
   </trkpt>
   <trkpt lat="45.8435010" lon="6.6555490">
    <ele>1581.2</ele>
    <time>2022-07-09T12:38:28Z</time>
   </trkpt>
   <trkpt lat="45.8434790" lon="6.6555210">
    <ele>1580.6</ele>
    <time>2022-07-09T12:38:29Z</time>
   </trkpt>
   <trkpt lat="45.8434510" lon="6.6554990">
    <ele>1580.0</ele>
    <time>2022-07-09T12:38:30Z</time>
   </trkpt>
   <trkpt lat="45.8434290" lon="6.6554750">
    <ele>1579.4</ele>
    <time>2022-07-09T12:38:31Z</time>
   </trkpt>
   <trkpt lat="45.8434030" lon="6.6554450">
    <ele>1578.6</ele>
    <time>2022-07-09T12:38:32Z</time>
   </trkpt>
   <trkpt lat="45.8433870" lon="6.6554100">
    <ele>1577.9</ele>
    <time>2022-07-09T12:38:33Z</time>
   </trkpt>
   <trkpt lat="45.8433950" lon="6.6553650">
    <ele>1577.1</ele>
    <time>2022-07-09T12:38:34Z</time>
   </trkpt>
   <trkpt lat="45.8434050" lon="6.6553470">
    <ele>1576.8</ele>
    <time>2022-07-09T12:38:35Z</time>
   </trkpt>
   <trkpt lat="45.8434450" lon="6.6553220">
    <ele>1575.7</ele>
    <time>2022-07-09T12:38:36Z</time>
   </trkpt>
   <trkpt lat="45.8434790" lon="6.6552970">
    <ele>1574.8</ele>
    <time>2022-07-09T12:38:37Z</time>
   </trkpt>
   <trkpt lat="45.8435010" lon="6.6552660">
    <ele>1574.1</ele>
    <time>2022-07-09T12:38:38Z</time>
   </trkpt>
   <trkpt lat="45.8435170" lon="6.6552210">
    <ele>1573.2</ele>
    <time>2022-07-09T12:38:39Z</time>
   </trkpt>
   <trkpt lat="45.8435370" lon="6.6551830">
    <ele>1572.4</ele>
    <time>2022-07-09T12:38:40Z</time>
   </trkpt>
   <trkpt lat="45.8435630" lon="6.6551570">
    <ele>1571.6</ele>
    <time>2022-07-09T12:38:41Z</time>
   </trkpt>
   <trkpt lat="45.8435800" lon="6.6551130">
    <ele>1570.7</ele>
    <time>2022-07-09T12:38:42Z</time>
   </trkpt>
   <trkpt lat="45.8435850" lon="6.6550970">
    <ele>1570.4</ele>
    <time>2022-07-09T12:38:43Z</time>
   </trkpt>
   <trkpt lat="45.8436080" lon="6.6550450">
    <ele>1569.2</ele>
    <time>2022-07-09T12:38:44Z</time>
   </trkpt>
   <trkpt lat="45.8436190" lon="6.6550200">
    <ele>1568.7</ele>
    <time>2022-07-09T12:38:45Z</time>
   </trkpt>
   <trkpt lat="45.8436270" lon="6.6549830">
    <ele>1567.9</ele>
    <time>2022-07-09T12:38:46Z</time>
   </trkpt>
   <trkpt lat="45.8436460" lon="6.6549420">
    <ele>1566.9</ele>
    <time>2022-07-09T12:38:47Z</time>
   </trkpt>
   <trkpt lat="45.8436510" lon="6.6549230">
    <ele>1566.5</ele>
    <time>2022-07-09T12:38:48Z</time>
   </trkpt>
   <trkpt lat="45.8436560" lon="6.6548740">
    <ele>1565.6</ele>
    <time>2022-07-09T12:38:49Z</time>
   </trkpt>
   <trkpt lat="45.8436490" lon="6.6548230">
    <ele>1564.5</ele>
    <time>2022-07-09T12:38:50Z</time>
   </trkpt>
   <trkpt lat="45.8436490" lon="6.6548050">
    <ele>1564.2</ele>
    <time>2022-07-09T12:38:51Z</time>
   </trkpt>
   <trkpt lat="45.8436600" lon="6.6547660">
    <ele>1563.3</ele>
    <time>2022-07-09T12:38:52Z</time>
   </trkpt>
   <trkpt lat="45.8436660" lon="6.6547490">
    <ele>1563.0</ele>
    <time>2022-07-09T12:38:53Z</time>
   </trkpt>
   <trkpt lat="45.8436720" lon="6.6546960">
    <ele>1561.9</ele>
    <time>2022-07-09T12:38:54Z</time>
   </trkpt>
   <trkpt lat="45.8436710" lon="6.6546780">
    <ele>1561.5</ele>
    <time>2022-07-09T12:38:55Z</time>
   </trkpt>
   <trkpt lat="45.8436860" lon="6.6546310">
    <ele>1560.5</ele>
    <time>2022-07-09T12:38:56Z</time>
   </trkpt>
   <trkpt lat="45.8436970" lon="6.6546160">
    <ele>1560.0</ele>
    <time>2022-07-09T12:38:57Z</time>
   </trkpt>
   <trkpt lat="45.8437290" lon="6.6546060">
    <ele>1559.1</ele>
    <time>2022-07-09T12:38:58Z</time>
   </trkpt>
   <trkpt lat="45.8437660" lon="6.6545810">
    <ele>1557.9</ele>
    <time>2022-07-09T12:38:59Z</time>
   </trkpt>
   <trkpt lat="45.8437830" lon="6.6545560">
    <ele>1557.3</ele>
    <time>2022-07-09T12:39:00Z</time>
   </trkpt>
   <trkpt lat="45.8437920" lon="6.6545520">
    <ele>1557.0</ele>
    <time>2022-07-09T12:39:01Z</time>
   </trkpt>
   <trkpt lat="45.8438070" lon="6.6545460">
    <ele>1556.6</ele>
    <time>2022-07-09T12:39:02Z</time>
   </trkpt>
   <trkpt lat="45.8438260" lon="6.6545410">
    <ele>1556.0</ele>
    <time>2022-07-09T12:39:03Z</time>
   </trkpt>
   <trkpt lat="45.8438580" lon="6.6545310">
    <ele>1555.1</ele>
    <time>2022-07-09T12:39:04Z</time>
   </trkpt>
   <trkpt lat="45.8438660" lon="6.6545260">
    <ele>1554.9</ele>
    <time>2022-07-09T12:39:05Z</time>
   </trkpt>
   <trkpt lat="45.8438870" lon="6.6544920">
    <ele>1554.0</ele>
    <time>2022-07-09T12:39:06Z</time>
   </trkpt>
   <trkpt lat="45.8438940" lon="6.6544790">
    <ele>1553.7</ele>
    <time>2022-07-09T12:39:07Z</time>
   </trkpt>
   <trkpt lat="45.8439200" lon="6.6544450">
    <ele>1552.7</ele>
    <time>2022-07-09T12:39:08Z</time>
   </trkpt>
   <trkpt lat="45.8439280" lon="6.6544380">
    <ele>1552.5</ele>
    <time>2022-07-09T12:39:09Z</time>
   </trkpt>
   <trkpt lat="45.8439640" lon="6.6544460">
    <ele>1551.5</ele>
    <time>2022-07-09T12:39:10Z</time>
   </trkpt>
   <trkpt lat="45.8439970" lon="6.6544470">
    <ele>1550.6</ele>
    <time>2022-07-09T12:39:11Z</time>
   </trkpt>
   <trkpt lat="45.8440480" lon="6.6544480">
    <ele>1549.3</ele>
    <time>2022-07-09T12:39:12Z</time>
   </trkpt>
   <trkpt lat="45.8440920" lon="6.6544300">
    <ele>1548.2</ele>
    <time>2022-07-09T12:39:13Z</time>
   </trkpt>
   <trkpt lat="45.8441330" lon="6.6544190">
    <ele>1547.3</ele>
    <time>2022-07-09T12:39:14Z</time>
   </trkpt>
   <trkpt lat="45.8441790" lon="6.6544130">
    <ele>1546.3</ele>
    <time>2022-07-09T12:39:15Z</time>
   </trkpt>
   <trkpt lat="45.8442150" lon="6.6544140">
    <ele>1545.6</ele>
    <time>2022-07-09T12:39:16Z</time>
   </trkpt>
   <trkpt lat="45.8442550" lon="6.6544120">
    <ele>1544.8</ele>
    <time>2022-07-09T12:39:17Z</time>
   </trkpt>
   <trkpt lat="45.8442840" lon="6.6544220">
    <ele>1544.2</ele>
    <time>2022-07-09T12:39:18Z</time>
   </trkpt>
   <trkpt lat="45.8443260" lon="6.6544200">
    <ele>1543.5</ele>
    <time>2022-07-09T12:39:19Z</time>
   </trkpt>
   <trkpt lat="45.8443650" lon="6.6544220">
    <ele>1542.8</ele>
    <time>2022-07-09T12:39:20Z</time>
   </trkpt>
   <trkpt lat="45.8444030" lon="6.6544000">
    <ele>1542.1</ele>
    <time>2022-07-09T12:39:21Z</time>
   </trkpt>
   <trkpt lat="45.8444270" lon="6.6543830">
    <ele>1541.7</ele>
    <time>2022-07-09T12:39:22Z</time>
   </trkpt>
   <trkpt lat="45.8444370" lon="6.6543850">
    <ele>1541.5</ele>
    <time>2022-07-09T12:39:23Z</time>
   </trkpt>
   <trkpt lat="45.8444470" lon="6.6543920">
    <ele>1541.4</ele>
    <time>2022-07-09T12:39:24Z</time>
   </trkpt>
   <trkpt lat="45.8444650" lon="6.6544040">
    <ele>1541.0</ele>
    <time>2022-07-09T12:39:25Z</time>
   </trkpt>
   <trkpt lat="45.8444990" lon="6.6544010">
    <ele>1540.4</ele>
    <time>2022-07-09T12:39:26Z</time>
   </trkpt>
   <trkpt lat="45.8445330" lon="6.6544060">
    <ele>1539.8</ele>
    <time>2022-07-09T12:39:27Z</time>
   </trkpt>
   <trkpt lat="45.8445640" lon="6.6543970">
    <ele>1539.1</ele>
    <time>2022-07-09T12:39:28Z</time>
   </trkpt>
   <trkpt lat="45.8445730" lon="6.6543970">
    <ele>1538.9</ele>
    <time>2022-07-09T12:39:29Z</time>
   </trkpt>
   <trkpt lat="45.8445770" lon="6.6543930">
    <ele>1538.8</ele>
    <time>2022-07-09T12:39:30Z</time>
   </trkpt>
   <trkpt lat="45.8446020" lon="6.6543870">
    <ele>1538.2</ele>
    <time>2022-07-09T12:39:31Z</time>
   </trkpt>
   <trkpt lat="45.8446250" lon="6.6543590">
    <ele>1537.5</ele>
    <time>2022-07-09T12:39:32Z</time>
   </trkpt>
   <trkpt lat="45.8446380" lon="6.6543150">
    <ele>1536.7</ele>
    <time>2022-07-09T12:39:33Z</time>
   </trkpt>
   <trkpt lat="45.8446350" lon="6.6542680">
    <ele>1535.8</ele>
    <time>2022-07-09T12:39:34Z</time>
   </trkpt>
   <trkpt lat="45.8446090" lon="6.6542200">
    <ele>1534.8</ele>
    <time>2022-07-09T12:39:35Z</time>
   </trkpt>
   <trkpt lat="45.8445960" lon="6.6542030">
    <ele>1534.4</ele>
    <time>2022-07-09T12:39:36Z</time>
   </trkpt>
   <trkpt lat="45.8445700" lon="6.6541800">
    <ele>1533.7</ele>
    <time>2022-07-09T12:39:37Z</time>
   </trkpt>
   <trkpt lat="45.8445510" lon="6.6541320">
    <ele>1532.8</ele>
    <time>2022-07-09T12:39:38Z</time>
   </trkpt>
   <trkpt lat="45.8445460" lon="6.6541140">
    <ele>1532.5</ele>
    <time>2022-07-09T12:39:39Z</time>
   </trkpt>
   <trkpt lat="45.8445340" lon="6.6540640">
    <ele>1531.6</ele>
    <time>2022-07-09T12:39:40Z</time>
   </trkpt>
   <trkpt lat="45.8445290" lon="6.6540420">
    <ele>1531.2</ele>
    <time>2022-07-09T12:39:41Z</time>
   </trkpt>
   <trkpt lat="45.8445210" lon="6.6540040">
    <ele>1530.5</ele>
    <time>2022-07-09T12:39:42Z</time>
   </trkpt>
   <trkpt lat="45.8445060" lon="6.6539680">
    <ele>1529.8</ele>
    <time>2022-07-09T12:39:43Z</time>
   </trkpt>
   <trkpt lat="45.8444940" lon="6.6539260">
    <ele>1529.0</ele>
    <time>2022-07-09T12:39:44Z</time>
   </trkpt>
   <trkpt lat="45.8444810" lon="6.6538770">
    <ele>1528.1</ele>
    <time>2022-07-09T12:39:45Z</time>
   </trkpt>
   <trkpt lat="45.8444800" lon="6.6538600">
    <ele>1527.9</ele>
    <time>2022-07-09T12:39:46Z</time>
   </trkpt>
   <trkpt lat="45.8444750" lon="6.6538060">
    <ele>1526.9</ele>
    <time>2022-07-09T12:39:47Z</time>
   </trkpt>
   <trkpt lat="45.8444740" lon="6.6537790">
    <ele>1526.5</ele>
    <time>2022-07-09T12:39:48Z</time>
   </trkpt>
   <trkpt lat="45.8445010" lon="6.6537340">
    <ele>1525.6</ele>
    <time>2022-07-09T12:39:49Z</time>
   </trkpt>
   <trkpt lat="45.8445140" lon="6.6537180">
    <ele>1525.2</ele>
    <time>2022-07-09T12:39:50Z</time>
   </trkpt>
   <trkpt lat="45.8445500" lon="6.6537070">
    <ele>1524.3</ele>
    <time>2022-07-09T12:39:51Z</time>
   </trkpt>
   <trkpt lat="45.8445870" lon="6.6537050">
    <ele>1523.6</ele>
    <time>2022-07-09T12:39:52Z</time>
   </trkpt>
   <trkpt lat="45.8446130" lon="6.6536800">
    <ele>1523.0</ele>
    <time>2022-07-09T12:39:53Z</time>
   </trkpt>
   <trkpt lat="45.8446450" lon="6.6536480">
    <ele>1522.3</ele>
    <time>2022-07-09T12:39:54Z</time>
   </trkpt>
   <trkpt lat="45.8446590" lon="6.6536400">
    <ele>1522.0</ele>
    <time>2022-07-09T12:39:55Z</time>
   </trkpt>
   <trkpt lat="45.8447040" lon="6.6536250">
    <ele>1521.4</ele>
    <time>2022-07-09T12:39:56Z</time>
   </trkpt>
   <trkpt lat="45.8447230" lon="6.6536170">
    <ele>1521.1</ele>
    <time>2022-07-09T12:39:57Z</time>
   </trkpt>
   <trkpt lat="45.8447570" lon="6.6536270">
    <ele>1520.8</ele>
    <time>2022-07-09T12:39:58Z</time>
   </trkpt>
   <trkpt lat="45.8447960" lon="6.6536310">
    <ele>1520.4</ele>
    <time>2022-07-09T12:39:59Z</time>
   </trkpt>
   <trkpt lat="45.8448280" lon="6.6536420">
    <ele>1520.1</ele>
    <time>2022-07-09T12:40:00Z</time>
   </trkpt>
   <trkpt lat="45.8448590" lon="6.6536520">
    <ele>1519.9</ele>
    <time>2022-07-09T12:40:01Z</time>
   </trkpt>
   <trkpt lat="45.8448930" lon="6.6536500">
    <ele>1519.2</ele>
    <time>2022-07-09T12:40:02Z</time>
   </trkpt>
   <trkpt lat="45.8449190" lon="6.6536450">
    <ele>1518.8</ele>
    <time>2022-07-09T12:40:03Z</time>
   </trkpt>
   <trkpt lat="45.8449470" lon="6.6536350">
    <ele>1518.3</ele>
    <time>2022-07-09T12:40:04Z</time>
   </trkpt>
   <trkpt lat="45.8449660" lon="6.6536180">
    <ele>1517.9</ele>
    <time>2022-07-09T12:40:05Z</time>
   </trkpt>
   <trkpt lat="45.8449690" lon="6.6536080">
    <ele>1517.8</ele>
    <time>2022-07-09T12:40:06Z</time>
   </trkpt>
   <trkpt lat="45.8449710" lon="6.6535970">
    <ele>1517.7</ele>
    <time>2022-07-09T12:40:07Z</time>
   </trkpt>
   <trkpt lat="45.8449700" lon="6.6535870">
    <ele>1517.5</ele>
    <time>2022-07-09T12:40:08Z</time>
   </trkpt>
   <trkpt lat="45.8449670" lon="6.6535800">
    <ele>1517.4</ele>
    <time>2022-07-09T12:40:09Z</time>
   </trkpt>
   <trkpt lat="45.8449740" lon="6.6535660">
    <ele>1517.2</ele>
    <time>2022-07-09T12:40:10Z</time>
   </trkpt>
   <trkpt lat="45.8449790" lon="6.6535560">
    <ele>1517.0</ele>
    <time>2022-07-09T12:40:11Z</time>
   </trkpt>
   <trkpt lat="45.8449830" lon="6.6535370">
    <ele>1516.7</ele>
    <time>2022-07-09T12:40:12Z</time>
   </trkpt>
   <trkpt lat="45.8449890" lon="6.6535200">
    <ele>1516.5</ele>
    <time>2022-07-09T12:40:13Z</time>
   </trkpt>
   <trkpt lat="45.8449940" lon="6.6535020">
    <ele>1516.2</ele>
    <time>2022-07-09T12:40:14Z</time>
   </trkpt>
   <trkpt lat="45.8449940" lon="6.6534780">
    <ele>1515.8</ele>
    <time>2022-07-09T12:40:15Z</time>
   </trkpt>
   <trkpt lat="45.8450010" lon="6.6534560">
    <ele>1515.4</ele>
    <time>2022-07-09T12:40:16Z</time>
   </trkpt>
   <trkpt lat="45.8449920" lon="6.6534030">
    <ele>1514.6</ele>
    <time>2022-07-09T12:40:17Z</time>
   </trkpt>
   <trkpt lat="45.8449890" lon="6.6533880">
    <ele>1514.4</ele>
    <time>2022-07-09T12:40:18Z</time>
   </trkpt>
   <trkpt lat="45.8449870" lon="6.6533400">
    <ele>1513.6</ele>
    <time>2022-07-09T12:40:19Z</time>
   </trkpt>
   <trkpt lat="45.8449830" lon="6.6532870">
    <ele>1512.8</ele>
    <time>2022-07-09T12:40:20Z</time>
   </trkpt>
   <trkpt lat="45.8449810" lon="6.6532710">
    <ele>1512.5</ele>
    <time>2022-07-09T12:40:21Z</time>
   </trkpt>
   <trkpt lat="45.8449750" lon="6.6532560">
    <ele>1512.3</ele>
    <time>2022-07-09T12:40:22Z</time>
   </trkpt>
   <trkpt lat="45.8449750" lon="6.6532430">
    <ele>1512.1</ele>
    <time>2022-07-09T12:40:23Z</time>
   </trkpt>
   <trkpt lat="45.8449760" lon="6.6532290">
    <ele>1511.9</ele>
    <time>2022-07-09T12:40:24Z</time>
   </trkpt>
   <trkpt lat="45.8449600" lon="6.6531950">
    <ele>1511.3</ele>
    <time>2022-07-09T12:40:25Z</time>
   </trkpt>
   <trkpt lat="45.8449530" lon="6.6531840">
    <ele>1511.1</ele>
    <time>2022-07-09T12:40:26Z</time>
   </trkpt>
   <trkpt lat="45.8449430" lon="6.6531600">
    <ele>1510.7</ele>
    <time>2022-07-09T12:40:27Z</time>
   </trkpt>
   <trkpt lat="45.8449420" lon="6.6531390">
    <ele>1510.5</ele>
    <time>2022-07-09T12:40:28Z</time>
   </trkpt>
   <trkpt lat="45.8449470" lon="6.6531080">
    <ele>1510.1</ele>
    <time>2022-07-09T12:40:29Z</time>
   </trkpt>
   <trkpt lat="45.8449470" lon="6.6530880">
    <ele>1509.9</ele>
    <time>2022-07-09T12:40:30Z</time>
   </trkpt>
   <trkpt lat="45.8449300" lon="6.6530550">
    <ele>1509.5</ele>
    <time>2022-07-09T12:40:31Z</time>
   </trkpt>
   <trkpt lat="45.8449230" lon="6.6530460">
    <ele>1509.4</ele>
    <time>2022-07-09T12:40:32Z</time>
   </trkpt>
   <trkpt lat="45.8449010" lon="6.6530220">
    <ele>1509.1</ele>
    <time>2022-07-09T12:40:33Z</time>
   </trkpt>
   <trkpt lat="45.8448930" lon="6.6530160">
    <ele>1509.0</ele>
    <time>2022-07-09T12:40:34Z</time>
   </trkpt>
   <trkpt lat="45.8448760" lon="6.6530100">
    <ele>1508.7</ele>
    <time>2022-07-09T12:40:35Z</time>
   </trkpt>
   <trkpt lat="45.8448650" lon="6.6529960">
    <ele>1508.6</ele>
    <time>2022-07-09T12:40:36Z</time>
   </trkpt>
   <trkpt lat="45.8448530" lon="6.6529810">
    <ele>1508.4</ele>
    <time>2022-07-09T12:40:37Z</time>
   </trkpt>
   <trkpt lat="45.8448340" lon="6.6529850">
    <ele>1508.1</ele>
    <time>2022-07-09T12:40:38Z</time>
   </trkpt>
   <trkpt lat="45.8448170" lon="6.6529830">
    <ele>1507.9</ele>
    <time>2022-07-09T12:40:39Z</time>
   </trkpt>
   <trkpt lat="45.8448000" lon="6.6529860">
    <ele>1507.6</ele>
    <time>2022-07-09T12:40:40Z</time>
   </trkpt>
   <trkpt lat="45.8447870" lon="6.6529780">
    <ele>1507.3</ele>
    <time>2022-07-09T12:40:41Z</time>
   </trkpt>
   <trkpt lat="45.8447710" lon="6.6529760">
    <ele>1507.0</ele>
    <time>2022-07-09T12:40:42Z</time>
   </trkpt>
   <trkpt lat="45.8447500" lon="6.6529360">
    <ele>1506.3</ele>
    <time>2022-07-09T12:40:43Z</time>
   </trkpt>
   <trkpt lat="45.8447430" lon="6.6529230">
    <ele>1506.1</ele>
    <time>2022-07-09T12:40:44Z</time>
   </trkpt>
   <trkpt lat="45.8447390" lon="6.6528800">
    <ele>1505.4</ele>
    <time>2022-07-09T12:40:45Z</time>
   </trkpt>
   <trkpt lat="45.8447510" lon="6.6528200">
    <ele>1504.2</ele>
    <time>2022-07-09T12:40:46Z</time>
   </trkpt>
   <trkpt lat="45.8447540" lon="6.6527950">
    <ele>1503.8</ele>
    <time>2022-07-09T12:40:47Z</time>
   </trkpt>
   <trkpt lat="45.8447610" lon="6.6527410">
    <ele>1502.7</ele>
    <time>2022-07-09T12:40:48Z</time>
   </trkpt>
   <trkpt lat="45.8447690" lon="6.6527120">
    <ele>1502.1</ele>
    <time>2022-07-09T12:40:49Z</time>
   </trkpt>
   <trkpt lat="45.8447660" lon="6.6526720">
    <ele>1501.3</ele>
    <time>2022-07-09T12:40:50Z</time>
   </trkpt>
   <trkpt lat="45.8447680" lon="6.6526530">
    <ele>1500.9</ele>
    <time>2022-07-09T12:40:51Z</time>
   </trkpt>
   <trkpt lat="45.8447650" lon="6.6526040">
    <ele>1500.0</ele>
    <time>2022-07-09T12:40:52Z</time>
   </trkpt>
   <trkpt lat="45.8447760" lon="6.6525520">
    <ele>1498.9</ele>
    <time>2022-07-09T12:40:53Z</time>
   </trkpt>
   <trkpt lat="45.8447800" lon="6.6525320">
    <ele>1498.5</ele>
    <time>2022-07-09T12:40:54Z</time>
   </trkpt>
   <trkpt lat="45.8447750" lon="6.6524910">
    <ele>1497.7</ele>
    <time>2022-07-09T12:40:55Z</time>
   </trkpt>
   <trkpt lat="45.8447740" lon="6.6524440">
    <ele>1496.8</ele>
    <time>2022-07-09T12:40:56Z</time>
   </trkpt>
   <trkpt lat="45.8447860" lon="6.6524040">
    <ele>1496.1</ele>
    <time>2022-07-09T12:40:57Z</time>
   </trkpt>
   <trkpt lat="45.8447930" lon="6.6523550">
    <ele>1495.2</ele>
    <time>2022-07-09T12:40:58Z</time>
   </trkpt>
   <trkpt lat="45.8448130" lon="6.6522710">
    <ele>1493.6</ele>
    <time>2022-07-09T12:40:59Z</time>
   </trkpt>
   <trkpt lat="45.8448230" lon="6.6522030">
    <ele>1492.4</ele>
    <time>2022-07-09T12:41:00Z</time>
   </trkpt>
   <trkpt lat="45.8448350" lon="6.6521440">
    <ele>1491.3</ele>
    <time>2022-07-09T12:41:01Z</time>
   </trkpt>
   <trkpt lat="45.8448260" lon="6.6520900">
    <ele>1490.2</ele>
    <time>2022-07-09T12:41:02Z</time>
   </trkpt>
   <trkpt lat="45.8448270" lon="6.6520460">
    <ele>1489.5</ele>
    <time>2022-07-09T12:41:03Z</time>
   </trkpt>
   <trkpt lat="45.8448220" lon="6.6519870">
    <ele>1488.4</ele>
    <time>2022-07-09T12:41:04Z</time>
   </trkpt>
   <trkpt lat="45.8448130" lon="6.6519120">
    <ele>1487.1</ele>
    <time>2022-07-09T12:41:05Z</time>
   </trkpt>
   <trkpt lat="45.8448110" lon="6.6518460">
    <ele>1486.1</ele>
    <time>2022-07-09T12:41:06Z</time>
   </trkpt>
   <trkpt lat="45.8448120" lon="6.6517960">
    <ele>1485.3</ele>
    <time>2022-07-09T12:41:07Z</time>
   </trkpt>
   <trkpt lat="45.8448210" lon="6.6517400">
    <ele>1484.5</ele>
    <time>2022-07-09T12:41:08Z</time>
   </trkpt>
   <trkpt lat="45.8448300" lon="6.6516850">
    <ele>1483.7</ele>
    <time>2022-07-09T12:41:09Z</time>
   </trkpt>
   <trkpt lat="45.8448340" lon="6.6516130">
    <ele>1482.7</ele>
    <time>2022-07-09T12:41:10Z</time>
   </trkpt>
   <trkpt lat="45.8448490" lon="6.6515550">
    <ele>1481.9</ele>
    <time>2022-07-09T12:41:11Z</time>
   </trkpt>
   <trkpt lat="45.8448470" lon="6.6515040">
    <ele>1481.2</ele>
    <time>2022-07-09T12:41:12Z</time>
   </trkpt>
   <trkpt lat="45.8448600" lon="6.6514630">
    <ele>1480.6</ele>
    <time>2022-07-09T12:41:13Z</time>
   </trkpt>
   <trkpt lat="45.8448740" lon="6.6514110">
    <ele>1479.7</ele>
    <time>2022-07-09T12:41:14Z</time>
   </trkpt>
   <trkpt lat="45.8448790" lon="6.6513650">
    <ele>1479.0</ele>
    <time>2022-07-09T12:41:15Z</time>
   </trkpt>
   <trkpt lat="45.8449100" lon="6.6513480">
    <ele>1478.2</ele>
    <time>2022-07-09T12:41:16Z</time>
   </trkpt>
   <trkpt lat="45.8449390" lon="6.6513180">
    <ele>1477.3</ele>
    <time>2022-07-09T12:41:17Z</time>
   </trkpt>
   <trkpt lat="45.8449670" lon="6.6512810">
    <ele>1476.4</ele>
    <time>2022-07-09T12:41:18Z</time>
   </trkpt>
   <trkpt lat="45.8449890" lon="6.6512430">
    <ele>1475.5</ele>
    <time>2022-07-09T12:41:19Z</time>
   </trkpt>
   <trkpt lat="45.8449920" lon="6.6512230">
    <ele>1475.2</ele>
    <time>2022-07-09T12:41:20Z</time>
   </trkpt>
   <trkpt lat="45.8450000" lon="6.6511860">
    <ele>1474.5</ele>
    <time>2022-07-09T12:41:21Z</time>
   </trkpt>
   <trkpt lat="45.8450240" lon="6.6511540">
    <ele>1473.8</ele>
    <time>2022-07-09T12:41:22Z</time>
   </trkpt>
   <trkpt lat="45.8450340" lon="6.6511410">
    <ele>1473.5</ele>
    <time>2022-07-09T12:41:23Z</time>
   </trkpt>
   <trkpt lat="45.8450430" lon="6.6510940">
    <ele>1472.7</ele>
    <time>2022-07-09T12:41:24Z</time>
   </trkpt>
   <trkpt lat="45.8450680" lon="6.6510660">
    <ele>1472.0</ele>
    <time>2022-07-09T12:41:25Z</time>
   </trkpt>
   <trkpt lat="45.8450770" lon="6.6510530">
    <ele>1471.7</ele>
    <time>2022-07-09T12:41:26Z</time>
   </trkpt>
   <trkpt lat="45.8450880" lon="6.6510540">
    <ele>1471.4</ele>
    <time>2022-07-09T12:41:27Z</time>
   </trkpt>
   <trkpt lat="45.8451120" lon="6.6510530">
    <ele>1470.9</ele>
    <time>2022-07-09T12:41:28Z</time>
   </trkpt>
   <trkpt lat="45.8451410" lon="6.6510420">
    <ele>1470.2</ele>
    <time>2022-07-09T12:41:29Z</time>
   </trkpt>
   <trkpt lat="45.8451650" lon="6.6510100">
    <ele>1469.5</ele>
    <time>2022-07-09T12:41:30Z</time>
   </trkpt>
   <trkpt lat="45.8451910" lon="6.6509950">
    <ele>1468.8</ele>
    <time>2022-07-09T12:41:31Z</time>
   </trkpt>
   <trkpt lat="45.8452190" lon="6.6509700">
    <ele>1467.9</ele>
    <time>2022-07-09T12:41:32Z</time>
   </trkpt>
   <trkpt lat="45.8452490" lon="6.6509650">
    <ele>1467.1</ele>
    <time>2022-07-09T12:41:33Z</time>
   </trkpt>
   <trkpt lat="45.8452820" lon="6.6509700">
    <ele>1466.2</ele>
    <time>2022-07-09T12:41:34Z</time>
   </trkpt>
   <trkpt lat="45.8452890" lon="6.6509640">
    <ele>1466.0</ele>
    <time>2022-07-09T12:41:35Z</time>
   </trkpt>
   <trkpt lat="45.8453300" lon="6.6509620">
    <ele>1464.8</ele>
    <time>2022-07-09T12:41:36Z</time>
   </trkpt>
   <trkpt lat="45.8453460" lon="6.6509520">
    <ele>1464.3</ele>
    <time>2022-07-09T12:41:37Z</time>
   </trkpt>
   <trkpt lat="45.8453580" lon="6.6509110">
    <ele>1463.5</ele>
    <time>2022-07-09T12:41:38Z</time>
   </trkpt>
   <trkpt lat="45.8453760" lon="6.6508810">
    <ele>1462.8</ele>
    <time>2022-07-09T12:41:39Z</time>
   </trkpt>
   <trkpt lat="45.8453810" lon="6.6508690">
    <ele>1462.5</ele>
    <time>2022-07-09T12:41:40Z</time>
   </trkpt>
   <trkpt lat="45.8453880" lon="6.6508460">
    <ele>1462.0</ele>
    <time>2022-07-09T12:41:41Z</time>
   </trkpt>
   <trkpt lat="45.8453900" lon="6.6508220">
    <ele>1461.6</ele>
    <time>2022-07-09T12:41:42Z</time>
   </trkpt>
   <trkpt lat="45.8453940" lon="6.6508040">
    <ele>1461.2</ele>
    <time>2022-07-09T12:41:43Z</time>
   </trkpt>
   <trkpt lat="45.8453970" lon="6.6507810">
    <ele>1460.8</ele>
    <time>2022-07-09T12:41:44Z</time>
   </trkpt>
   <trkpt lat="45.8454050" lon="6.6507340">
    <ele>1459.9</ele>
    <time>2022-07-09T12:41:45Z</time>
   </trkpt>
   <trkpt lat="45.8454050" lon="6.6507200">
    <ele>1459.6</ele>
    <time>2022-07-09T12:41:46Z</time>
   </trkpt>
   <trkpt lat="45.8454210" lon="6.6506750">
    <ele>1458.7</ele>
    <time>2022-07-09T12:41:47Z</time>
   </trkpt>
   <trkpt lat="45.8454290" lon="6.6506620">
    <ele>1458.4</ele>
    <time>2022-07-09T12:41:48Z</time>
   </trkpt>
   <trkpt lat="45.8454370" lon="6.6506170">
    <ele>1457.5</ele>
    <time>2022-07-09T12:41:49Z</time>
   </trkpt>
   <trkpt lat="45.8454370" lon="6.6505980">
    <ele>1457.2</ele>
    <time>2022-07-09T12:41:50Z</time>
   </trkpt>
   <trkpt lat="45.8454500" lon="6.6505450">
    <ele>1456.2</ele>
    <time>2022-07-09T12:41:51Z</time>
   </trkpt>
   <trkpt lat="45.8454590" lon="6.6505280">
    <ele>1455.8</ele>
    <time>2022-07-09T12:41:52Z</time>
   </trkpt>
   <trkpt lat="45.8454790" lon="6.6504890">
    <ele>1454.9</ele>
    <time>2022-07-09T12:41:53Z</time>
   </trkpt>
   <trkpt lat="45.8455040" lon="6.6504410">
    <ele>1453.9</ele>
    <time>2022-07-09T12:41:54Z</time>
   </trkpt>
   <trkpt lat="45.8455320" lon="6.6503980">
    <ele>1453.0</ele>
    <time>2022-07-09T12:41:55Z</time>
   </trkpt>
   <trkpt lat="45.8455580" lon="6.6503520">
    <ele>1452.1</ele>
    <time>2022-07-09T12:41:56Z</time>
   </trkpt>
   <trkpt lat="45.8455800" lon="6.6502870">
    <ele>1451.0</ele>
    <time>2022-07-09T12:41:57Z</time>
   </trkpt>
   <trkpt lat="45.8456130" lon="6.6502440">
    <ele>1450.2</ele>
    <time>2022-07-09T12:41:58Z</time>
   </trkpt>
   <trkpt lat="45.8456240" lon="6.6501720">
    <ele>1449.3</ele>
    <time>2022-07-09T12:41:59Z</time>
   </trkpt>
   <trkpt lat="45.8456290" lon="6.6501100">
    <ele>1448.6</ele>
    <time>2022-07-09T12:42:00Z</time>
   </trkpt>
   <trkpt lat="45.8456470" lon="6.6500540">
    <ele>1447.9</ele>
    <time>2022-07-09T12:42:01Z</time>
   </trkpt>
   <trkpt lat="45.8456480" lon="6.6500110">
    <ele>1447.5</ele>
    <time>2022-07-09T12:42:02Z</time>
   </trkpt>
   <trkpt lat="45.8456420" lon="6.6499640">
    <ele>1447.0</ele>
    <time>2022-07-09T12:42:03Z</time>
   </trkpt>
   <trkpt lat="45.8456550" lon="6.6499150">
    <ele>1446.4</ele>
    <time>2022-07-09T12:42:04Z</time>
   </trkpt>
   <trkpt lat="45.8456630" lon="6.6498510">
    <ele>1445.5</ele>
    <time>2022-07-09T12:42:05Z</time>
   </trkpt>
   <trkpt lat="45.8456740" lon="6.6497990">
    <ele>1444.7</ele>
    <time>2022-07-09T12:42:06Z</time>
   </trkpt>
   <trkpt lat="45.8456780" lon="6.6497840">
    <ele>1444.5</ele>
    <time>2022-07-09T12:42:07Z</time>
   </trkpt>
   <trkpt lat="45.8456850" lon="6.6497360">
    <ele>1443.8</ele>
    <time>2022-07-09T12:42:08Z</time>
   </trkpt>
   <trkpt lat="45.8456860" lon="6.6497150">
    <ele>1443.5</ele>
    <time>2022-07-09T12:42:09Z</time>
   </trkpt>
   <trkpt lat="45.8457000" lon="6.6496650">
    <ele>1442.7</ele>
    <time>2022-07-09T12:42:10Z</time>
   </trkpt>
   <trkpt lat="45.8457250" lon="6.6496050">
    <ele>1441.6</ele>
    <time>2022-07-09T12:42:11Z</time>
   </trkpt>
   <trkpt lat="45.8457440" lon="6.6495260">
    <ele>1440.3</ele>
    <time>2022-07-09T12:42:12Z</time>
   </trkpt>
   <trkpt lat="45.8457650" lon="6.6494240">
    <ele>1438.8</ele>
    <time>2022-07-09T12:42:13Z</time>
   </trkpt>
   <trkpt lat="45.8457590" lon="6.6493400">
    <ele>1437.6</ele>
    <time>2022-07-09T12:42:14Z</time>
   </trkpt>
   <trkpt lat="45.8457600" lon="6.6492810">
    <ele>1436.8</ele>
    <time>2022-07-09T12:42:15Z</time>
   </trkpt>
   <trkpt lat="45.8457770" lon="6.6492270">
    <ele>1436.1</ele>
    <time>2022-07-09T12:42:16Z</time>
   </trkpt>
   <trkpt lat="45.8457690" lon="6.6491730">
    <ele>1435.4</ele>
    <time>2022-07-09T12:42:17Z</time>
   </trkpt>
   <trkpt lat="45.8457860" lon="6.6491050">
    <ele>1434.6</ele>
    <time>2022-07-09T12:42:18Z</time>
   </trkpt>
   <trkpt lat="45.8457840" lon="6.6490370">
    <ele>1433.9</ele>
    <time>2022-07-09T12:42:19Z</time>
   </trkpt>
   <trkpt lat="45.8457780" lon="6.6489680">
    <ele>1433.1</ele>
    <time>2022-07-09T12:42:20Z</time>
   </trkpt>
   <trkpt lat="45.8457940" lon="6.6489030">
    <ele>1432.3</ele>
    <time>2022-07-09T12:42:21Z</time>
   </trkpt>
   <trkpt lat="45.8458060" lon="6.6488410">
    <ele>1431.5</ele>
    <time>2022-07-09T12:42:22Z</time>
   </trkpt>
   <trkpt lat="45.8458240" lon="6.6487820">
    <ele>1430.6</ele>
    <time>2022-07-09T12:42:23Z</time>
   </trkpt>
   <trkpt lat="45.8458350" lon="6.6487270">
    <ele>1429.8</ele>
    <time>2022-07-09T12:42:24Z</time>
   </trkpt>
   <trkpt lat="45.8458670" lon="6.6486820">
    <ele>1428.8</ele>
    <time>2022-07-09T12:42:25Z</time>
   </trkpt>
   <trkpt lat="45.8459090" lon="6.6485950">
    <ele>1427.0</ele>
    <time>2022-07-09T12:42:26Z</time>
   </trkpt>
   <trkpt lat="45.8459170" lon="6.6485480">
    <ele>1426.2</ele>
    <time>2022-07-09T12:42:27Z</time>
   </trkpt>
   <trkpt lat="45.8459290" lon="6.6485060">
    <ele>1425.3</ele>
    <time>2022-07-09T12:42:28Z</time>
   </trkpt>
   <trkpt lat="45.8459440" lon="6.6484630">
    <ele>1424.3</ele>
    <time>2022-07-09T12:42:29Z</time>
   </trkpt>
   <trkpt lat="45.8459330" lon="6.6484150">
    <ele>1423.3</ele>
    <time>2022-07-09T12:42:30Z</time>
   </trkpt>
   <trkpt lat="45.8459190" lon="6.6483580">
    <ele>1422.0</ele>
    <time>2022-07-09T12:42:31Z</time>
   </trkpt>
   <trkpt lat="45.8459140" lon="6.6483050">
    <ele>1420.8</ele>
    <time>2022-07-09T12:42:32Z</time>
   </trkpt>
   <trkpt lat="45.8459050" lon="6.6482600">
    <ele>1419.8</ele>
    <time>2022-07-09T12:42:33Z</time>
   </trkpt>
   <trkpt lat="45.8459080" lon="6.6482140">
    <ele>1418.8</ele>
    <time>2022-07-09T12:42:34Z</time>
   </trkpt>
   <trkpt lat="45.8458990" lon="6.6481700">
    <ele>1417.9</ele>
    <time>2022-07-09T12:42:35Z</time>
   </trkpt>
   <trkpt lat="45.8458900" lon="6.6481130">
    <ele>1416.8</ele>
    <time>2022-07-09T12:42:36Z</time>
   </trkpt>
   <trkpt lat="45.8458840" lon="6.6480620">
    <ele>1415.9</ele>
    <time>2022-07-09T12:42:37Z</time>
   </trkpt>
   <trkpt lat="45.8458770" lon="6.6480040">
    <ele>1414.9</ele>
    <time>2022-07-09T12:42:38Z</time>
   </trkpt>
   <trkpt lat="45.8458750" lon="6.6479770">
    <ele>1414.4</ele>
    <time>2022-07-09T12:42:39Z</time>
   </trkpt>
   <trkpt lat="45.8458670" lon="6.6479190">
    <ele>1413.5</ele>
    <time>2022-07-09T12:42:40Z</time>
   </trkpt>
   <trkpt lat="45.8458670" lon="6.6478740">
    <ele>1412.8</ele>
    <time>2022-07-09T12:42:41Z</time>
   </trkpt>
   <trkpt lat="45.8458700" lon="6.6478110">
    <ele>1412.0</ele>
    <time>2022-07-09T12:42:42Z</time>
   </trkpt>
   <trkpt lat="45.8458580" lon="6.6477490">
    <ele>1411.2</ele>
    <time>2022-07-09T12:42:44Z</time>
   </trkpt>
   <trkpt lat="45.8458430" lon="6.6477110">
    <ele>1410.7</ele>
    <time>2022-07-09T12:42:45Z</time>
   </trkpt>
   <trkpt lat="45.8458340" lon="6.6476520">
    <ele>1410.0</ele>
    <time>2022-07-09T12:42:46Z</time>
   </trkpt>
   <trkpt lat="45.8458070" lon="6.6475920">
    <ele>1409.3</ele>
    <time>2022-07-09T12:42:47Z</time>
   </trkpt>
   <trkpt lat="45.8458040" lon="6.6475290">
    <ele>1408.6</ele>
    <time>2022-07-09T12:42:48Z</time>
   </trkpt>
   <trkpt lat="45.8457880" lon="6.6474850">
    <ele>1408.1</ele>
    <time>2022-07-09T12:42:49Z</time>
   </trkpt>
   <trkpt lat="45.8457760" lon="6.6474390">
    <ele>1407.5</ele>
    <time>2022-07-09T12:42:50Z</time>
   </trkpt>
   <trkpt lat="45.8457580" lon="6.6473960">
    <ele>1406.8</ele>
    <time>2022-07-09T12:42:51Z</time>
   </trkpt>
   <trkpt lat="45.8457550" lon="6.6473830">
    <ele>1406.6</ele>
    <time>2022-07-09T12:42:52Z</time>
   </trkpt>
   <trkpt lat="45.8457510" lon="6.6473400">
    <ele>1406.0</ele>
    <time>2022-07-09T12:42:53Z</time>
   </trkpt>
   <trkpt lat="45.8457380" lon="6.6473270">
    <ele>1405.7</ele>
    <time>2022-07-09T12:42:54Z</time>
   </trkpt>
   <trkpt lat="45.8457350" lon="6.6473030">
    <ele>1405.3</ele>
    <time>2022-07-09T12:42:55Z</time>
   </trkpt>
   <trkpt lat="45.8457170" lon="6.6472650">
    <ele>1404.7</ele>
    <time>2022-07-09T12:42:56Z</time>
   </trkpt>
   <trkpt lat="45.8456950" lon="6.6472310">
    <ele>1403.9</ele>
    <time>2022-07-09T12:42:57Z</time>
   </trkpt>
   <trkpt lat="45.8456690" lon="6.6471900">
    <ele>1403.0</ele>
    <time>2022-07-09T12:42:58Z</time>
   </trkpt>
   <trkpt lat="45.8456610" lon="6.6471770">
    <ele>1402.7</ele>
    <time>2022-07-09T12:42:59Z</time>
   </trkpt>
   <trkpt lat="45.8456370" lon="6.6471430">
    <ele>1401.9</ele>
    <time>2022-07-09T12:43:00Z</time>
   </trkpt>
   <trkpt lat="45.8456320" lon="6.6471330">
    <ele>1401.6</ele>
    <time>2022-07-09T12:43:01Z</time>
   </trkpt>
   <trkpt lat="45.8456170" lon="6.6470870">
    <ele>1400.7</ele>
    <time>2022-07-09T12:43:02Z</time>
   </trkpt>
   <trkpt lat="45.8455950" lon="6.6470600">
    <ele>1400.0</ele>
    <time>2022-07-09T12:43:03Z</time>
   </trkpt>
   <trkpt lat="45.8455890" lon="6.6470460">
    <ele>1399.6</ele>
    <time>2022-07-09T12:43:04Z</time>
   </trkpt>
   <trkpt lat="45.8455680" lon="6.6469990">
    <ele>1398.6</ele>
    <time>2022-07-09T12:43:05Z</time>
   </trkpt>
   <trkpt lat="45.8455590" lon="6.6469810">
    <ele>1398.2</ele>
    <time>2022-07-09T12:43:06Z</time>
   </trkpt>
   <trkpt lat="45.8455380" lon="6.6469450">
    <ele>1397.3</ele>
    <time>2022-07-09T12:43:07Z</time>
   </trkpt>
   <trkpt lat="45.8455180" lon="6.6468950">
    <ele>1396.2</ele>
    <time>2022-07-09T12:43:08Z</time>
   </trkpt>
   <trkpt lat="45.8455120" lon="6.6468730">
    <ele>1395.7</ele>
    <time>2022-07-09T12:43:09Z</time>
   </trkpt>
   <trkpt lat="45.8454930" lon="6.6468230">
    <ele>1394.6</ele>
    <time>2022-07-09T12:43:10Z</time>
   </trkpt>
   <trkpt lat="45.8454840" lon="6.6468100">
    <ele>1394.3</ele>
    <time>2022-07-09T12:43:11Z</time>
   </trkpt>
   <trkpt lat="45.8454620" lon="6.6467600">
    <ele>1393.2</ele>
    <time>2022-07-09T12:43:12Z</time>
   </trkpt>
   <trkpt lat="45.8454520" lon="6.6467430">
    <ele>1392.8</ele>
    <time>2022-07-09T12:43:13Z</time>
   </trkpt>
   <trkpt lat="45.8454250" lon="6.6467050">
    <ele>1391.8</ele>
    <time>2022-07-09T12:43:14Z</time>
   </trkpt>
   <trkpt lat="45.8454130" lon="6.6466920">
    <ele>1391.4</ele>
    <time>2022-07-09T12:43:15Z</time>
   </trkpt>
   <trkpt lat="45.8453930" lon="6.6466520">
    <ele>1390.5</ele>
    <time>2022-07-09T12:43:16Z</time>
   </trkpt>
   <trkpt lat="45.8453690" lon="6.6466120">
    <ele>1389.6</ele>
    <time>2022-07-09T12:43:17Z</time>
   </trkpt>
   <trkpt lat="45.8453410" lon="6.6465750">
    <ele>1388.6</ele>
    <time>2022-07-09T12:43:18Z</time>
   </trkpt>
   <trkpt lat="45.8453090" lon="6.6465380">
    <ele>1387.4</ele>
    <time>2022-07-09T12:43:19Z</time>
   </trkpt>
   <trkpt lat="45.8452870" lon="6.6465040">
    <ele>1386.6</ele>
    <time>2022-07-09T12:43:20Z</time>
   </trkpt>
   <trkpt lat="45.8452810" lon="6.6464890">
    <ele>1386.2</ele>
    <time>2022-07-09T12:43:21Z</time>
   </trkpt>
   <trkpt lat="45.8452630" lon="6.6464470">
    <ele>1385.3</ele>
    <time>2022-07-09T12:43:22Z</time>
   </trkpt>
   <trkpt lat="45.8452580" lon="6.6464290">
    <ele>1384.9</ele>
    <time>2022-07-09T12:43:23Z</time>
   </trkpt>
   <trkpt lat="45.8452420" lon="6.6463960">
    <ele>1384.1</ele>
    <time>2022-07-09T12:43:24Z</time>
   </trkpt>
   <trkpt lat="45.8452180" lon="6.6463610">
    <ele>1383.1</ele>
    <time>2022-07-09T12:43:25Z</time>
   </trkpt>
   <trkpt lat="45.8451870" lon="6.6463280">
    <ele>1382.0</ele>
    <time>2022-07-09T12:43:26Z</time>
   </trkpt>
   <trkpt lat="45.8451660" lon="6.6462870">
    <ele>1380.9</ele>
    <time>2022-07-09T12:43:27Z</time>
   </trkpt>
   <trkpt lat="45.8451590" lon="6.6462700">
    <ele>1380.5</ele>
    <time>2022-07-09T12:43:28Z</time>
   </trkpt>
   <trkpt lat="45.8451410" lon="6.6462650">
    <ele>1380.0</ele>
    <time>2022-07-09T12:43:29Z</time>
   </trkpt>
   <trkpt lat="45.8451310" lon="6.6462480">
    <ele>1379.6</ele>
    <time>2022-07-09T12:43:30Z</time>
   </trkpt>
   <trkpt lat="45.8451110" lon="6.6462080">
    <ele>1378.6</ele>
    <time>2022-07-09T12:43:31Z</time>
   </trkpt>
   <trkpt lat="45.8451010" lon="6.6461730">
    <ele>1377.9</ele>
    <time>2022-07-09T12:43:32Z</time>
   </trkpt>
   <trkpt lat="45.8450920" lon="6.6461550">
    <ele>1377.5</ele>
    <time>2022-07-09T12:43:33Z</time>
   </trkpt>
   <trkpt lat="45.8450650" lon="6.6461050">
    <ele>1376.3</ele>
    <time>2022-07-09T12:43:34Z</time>
   </trkpt>
   <trkpt lat="45.8450540" lon="6.6460840">
    <ele>1375.8</ele>
    <time>2022-07-09T12:43:35Z</time>
   </trkpt>
   <trkpt lat="45.8450410" lon="6.6460550">
    <ele>1375.2</ele>
    <time>2022-07-09T12:43:36Z</time>
   </trkpt>
   <trkpt lat="45.8450360" lon="6.6460370">
    <ele>1374.9</ele>
    <time>2022-07-09T12:43:37Z</time>
   </trkpt>
   <trkpt lat="45.8450130" lon="6.6459870">
    <ele>1373.8</ele>
    <time>2022-07-09T12:43:38Z</time>
   </trkpt>
   <trkpt lat="45.8450040" lon="6.6459630">
    <ele>1373.4</ele>
    <time>2022-07-09T12:43:39Z</time>
   </trkpt>
   <trkpt lat="45.8449870" lon="6.6459180">
    <ele>1372.6</ele>
    <time>2022-07-09T12:43:40Z</time>
   </trkpt>
   <trkpt lat="45.8449780" lon="6.6459030">
    <ele>1372.3</ele>
    <time>2022-07-09T12:43:41Z</time>
   </trkpt>
   <trkpt lat="45.8449610" lon="6.6458560">
    <ele>1371.5</ele>
    <time>2022-07-09T12:43:42Z</time>
   </trkpt>
   <trkpt lat="45.8449520" lon="6.6458410">
    <ele>1371.2</ele>
    <time>2022-07-09T12:43:43Z</time>
   </trkpt>
   <trkpt lat="45.8449330" lon="6.6458030">
    <ele>1370.5</ele>
    <time>2022-07-09T12:43:44Z</time>
   </trkpt>
   <trkpt lat="45.8449110" lon="6.6457550">
    <ele>1369.8</ele>
    <time>2022-07-09T12:43:45Z</time>
   </trkpt>
   <trkpt lat="45.8449050" lon="6.6457380">
    <ele>1369.5</ele>
    <time>2022-07-09T12:43:46Z</time>
   </trkpt>
   <trkpt lat="45.8448900" lon="6.6456970">
    <ele>1368.9</ele>
    <time>2022-07-09T12:43:47Z</time>
   </trkpt>
   <trkpt lat="45.8448690" lon="6.6456420">
    <ele>1368.1</ele>
    <time>2022-07-09T12:43:48Z</time>
   </trkpt>
   <trkpt lat="45.8448500" lon="6.6455890">
    <ele>1367.3</ele>
    <time>2022-07-09T12:43:49Z</time>
   </trkpt>
   <trkpt lat="45.8448330" lon="6.6455540">
    <ele>1366.8</ele>
    <time>2022-07-09T12:43:50Z</time>
   </trkpt>
   <trkpt lat="45.8448170" lon="6.6454960">
    <ele>1366.1</ele>
    <time>2022-07-09T12:43:51Z</time>
   </trkpt>
   <trkpt lat="45.8448110" lon="6.6454720">
    <ele>1365.8</ele>
    <time>2022-07-09T12:43:52Z</time>
   </trkpt>
   <trkpt lat="45.8447980" lon="6.6454310">
    <ele>1365.3</ele>
    <time>2022-07-09T12:43:53Z</time>
   </trkpt>
   <trkpt lat="45.8447840" lon="6.6453620">
    <ele>1364.5</ele>
    <time>2022-07-09T12:43:54Z</time>
   </trkpt>
   <trkpt lat="45.8447720" lon="6.6453170">
    <ele>1364.0</ele>
    <time>2022-07-09T12:43:55Z</time>
   </trkpt>
   <trkpt lat="45.8447600" lon="6.6452550">
    <ele>1363.4</ele>
    <time>2022-07-09T12:43:56Z</time>
   </trkpt>
   <trkpt lat="45.8447460" lon="6.6452020">
    <ele>1362.8</ele>
    <time>2022-07-09T12:43:57Z</time>
   </trkpt>
   <trkpt lat="45.8447420" lon="6.6451510">
    <ele>1362.3</ele>
    <time>2022-07-09T12:43:58Z</time>
   </trkpt>
   <trkpt lat="45.8447390" lon="6.6451010">
    <ele>1361.8</ele>
    <time>2022-07-09T12:43:59Z</time>
   </trkpt>
   <trkpt lat="45.8447380" lon="6.6450420">
    <ele>1361.2</ele>
    <time>2022-07-09T12:44:00Z</time>
   </trkpt>
   <trkpt lat="45.8447130" lon="6.6449940">
    <ele>1360.6</ele>
    <time>2022-07-09T12:44:01Z</time>
   </trkpt>
   <trkpt lat="45.8446930" lon="6.6449460">
    <ele>1360.0</ele>
    <time>2022-07-09T12:44:02Z</time>
   </trkpt>
   <trkpt lat="45.8446740" lon="6.6448890">
    <ele>1359.4</ele>
    <time>2022-07-09T12:44:03Z</time>
   </trkpt>
   <trkpt lat="45.8446510" lon="6.6448340">
    <ele>1358.8</ele>
    <time>2022-07-09T12:44:04Z</time>
   </trkpt>
   <trkpt lat="45.8446370" lon="6.6447750">
    <ele>1358.3</ele>
    <time>2022-07-09T12:44:05Z</time>
   </trkpt>
   <trkpt lat="45.8446330" lon="6.6447260">
    <ele>1357.9</ele>
    <time>2022-07-09T12:44:06Z</time>
   </trkpt>
   <trkpt lat="45.8446230" lon="6.6446790">
    <ele>1357.4</ele>
    <time>2022-07-09T12:44:07Z</time>
   </trkpt>
   <trkpt lat="45.8446180" lon="6.6446300">
    <ele>1357.0</ele>
    <time>2022-07-09T12:44:08Z</time>
   </trkpt>
   <trkpt lat="45.8446200" lon="6.6445890">
    <ele>1356.6</ele>
    <time>2022-07-09T12:44:09Z</time>
   </trkpt>
   <trkpt lat="45.8446260" lon="6.6445430">
    <ele>1356.2</ele>
    <time>2022-07-09T12:44:10Z</time>
   </trkpt>
   <trkpt lat="45.8446340" lon="6.6445000">
    <ele>1355.8</ele>
    <time>2022-07-09T12:44:11Z</time>
   </trkpt>
   <trkpt lat="45.8446400" lon="6.6444580">
    <ele>1355.4</ele>
    <time>2022-07-09T12:44:12Z</time>
   </trkpt>
   <trkpt lat="45.8446490" lon="6.6444110">
    <ele>1354.9</ele>
    <time>2022-07-09T12:44:13Z</time>
   </trkpt>
   <trkpt lat="45.8446440" lon="6.6443500">
    <ele>1354.3</ele>
    <time>2022-07-09T12:44:14Z</time>
   </trkpt>
   <trkpt lat="45.8446490" lon="6.6442910">
    <ele>1353.8</ele>
    <time>2022-07-09T12:44:15Z</time>
   </trkpt>
   <trkpt lat="45.8446470" lon="6.6442490">
    <ele>1353.4</ele>
    <time>2022-07-09T12:44:16Z</time>
   </trkpt>
   <trkpt lat="45.8446540" lon="6.6441990">
    <ele>1353.0</ele>
    <time>2022-07-09T12:44:17Z</time>
   </trkpt>
   <trkpt lat="45.8446520" lon="6.6441510">
    <ele>1352.6</ele>
    <time>2022-07-09T12:44:18Z</time>
   </trkpt>
   <trkpt lat="45.8446420" lon="6.6440910">
    <ele>1352.2</ele>
    <time>2022-07-09T12:44:19Z</time>
   </trkpt>
   <trkpt lat="45.8446520" lon="6.6440460">
    <ele>1351.8</ele>
    <time>2022-07-09T12:44:20Z</time>
   </trkpt>
   <trkpt lat="45.8446600" lon="6.6439950">
    <ele>1351.5</ele>
    <time>2022-07-09T12:44:21Z</time>
   </trkpt>
   <trkpt lat="45.8446640" lon="6.6439730">
    <ele>1351.4</ele>
    <time>2022-07-09T12:44:22Z</time>
   </trkpt>
   <trkpt lat="45.8446670" lon="6.6439100">
    <ele>1351.0</ele>
    <time>2022-07-09T12:44:23Z</time>
   </trkpt>
   <trkpt lat="45.8446710" lon="6.6438630">
    <ele>1350.7</ele>
    <time>2022-07-09T12:44:24Z</time>
   </trkpt>
   <trkpt lat="45.8446740" lon="6.6438460">
    <ele>1350.6</ele>
    <time>2022-07-09T12:44:25Z</time>
   </trkpt>
   <trkpt lat="45.8446750" lon="6.6438070">
    <ele>1350.4</ele>
    <time>2022-07-09T12:44:26Z</time>
   </trkpt>
   <trkpt lat="45.8446790" lon="6.6437510">
    <ele>1350.0</ele>
    <time>2022-07-09T12:44:27Z</time>
   </trkpt>
   <trkpt lat="45.8446780" lon="6.6437090">
    <ele>1349.8</ele>
    <time>2022-07-09T12:44:28Z</time>
   </trkpt>
   <trkpt lat="45.8446960" lon="6.6436710">
    <ele>1349.5</ele>
    <time>2022-07-09T12:44:29Z</time>
   </trkpt>
   <trkpt lat="45.8447050" lon="6.6436540">
    <ele>1349.4</ele>
    <time>2022-07-09T12:44:30Z</time>
   </trkpt>
   <trkpt lat="45.8447280" lon="6.6436230">
    <ele>1349.1</ele>
    <time>2022-07-09T12:44:31Z</time>
   </trkpt>
   <trkpt lat="45.8447360" lon="6.6435680">
    <ele>1348.7</ele>
    <time>2022-07-09T12:44:32Z</time>
   </trkpt>
   <trkpt lat="45.8447670" lon="6.6435440">
    <ele>1348.4</ele>
    <time>2022-07-09T12:44:33Z</time>
   </trkpt>
   <trkpt lat="45.8447900" lon="6.6435140">
    <ele>1348.0</ele>
    <time>2022-07-09T12:44:34Z</time>
   </trkpt>
   <trkpt lat="45.8448030" lon="6.6434690">
    <ele>1347.6</ele>
    <time>2022-07-09T12:44:35Z</time>
   </trkpt>
   <trkpt lat="45.8448070" lon="6.6434560">
    <ele>1347.5</ele>
    <time>2022-07-09T12:44:36Z</time>
   </trkpt>
   <trkpt lat="45.8448310" lon="6.6434110">
    <ele>1347.0</ele>
    <time>2022-07-09T12:44:37Z</time>
   </trkpt>
   <trkpt lat="45.8448390" lon="6.6433870">
    <ele>1346.7</ele>
    <time>2022-07-09T12:44:38Z</time>
   </trkpt>
   <trkpt lat="45.8448580" lon="6.6433540">
    <ele>1346.3</ele>
    <time>2022-07-09T12:44:39Z</time>
   </trkpt>
   <trkpt lat="45.8448770" lon="6.6433190">
    <ele>1345.8</ele>
    <time>2022-07-09T12:44:40Z</time>
   </trkpt>
   <trkpt lat="45.8448970" lon="6.6432710">
    <ele>1345.2</ele>
    <time>2022-07-09T12:44:41Z</time>
   </trkpt>
   <trkpt lat="45.8449070" lon="6.6432200">
    <ele>1344.7</ele>
    <time>2022-07-09T12:44:42Z</time>
   </trkpt>
   <trkpt lat="45.8449140" lon="6.6431700">
    <ele>1344.1</ele>
    <time>2022-07-09T12:44:43Z</time>
   </trkpt>
   <trkpt lat="45.8449310" lon="6.6431120">
    <ele>1343.5</ele>
    <time>2022-07-09T12:44:44Z</time>
   </trkpt>
   <trkpt lat="45.8449440" lon="6.6430610">
    <ele>1343.0</ele>
    <time>2022-07-09T12:44:45Z</time>
   </trkpt>
   <trkpt lat="45.8449540" lon="6.6430170">
    <ele>1342.6</ele>
    <time>2022-07-09T12:44:46Z</time>
   </trkpt>
   <trkpt lat="45.8449630" lon="6.6429780">
    <ele>1342.2</ele>
    <time>2022-07-09T12:44:47Z</time>
   </trkpt>
   <trkpt lat="45.8449700" lon="6.6429320">
    <ele>1341.8</ele>
    <time>2022-07-09T12:44:48Z</time>
   </trkpt>
   <trkpt lat="45.8449670" lon="6.6428740">
    <ele>1341.3</ele>
    <time>2022-07-09T12:44:49Z</time>
   </trkpt>
   <trkpt lat="45.8449700" lon="6.6428320">
    <ele>1340.9</ele>
    <time>2022-07-09T12:44:50Z</time>
   </trkpt>
   <trkpt lat="45.8449760" lon="6.6427770">
    <ele>1340.4</ele>
    <time>2022-07-09T12:44:51Z</time>
   </trkpt>
   <trkpt lat="45.8449800" lon="6.6427300">
    <ele>1340.0</ele>
    <time>2022-07-09T12:44:52Z</time>
   </trkpt>
   <trkpt lat="45.8449720" lon="6.6426740">
    <ele>1339.5</ele>
    <time>2022-07-09T12:44:53Z</time>
   </trkpt>
   <trkpt lat="45.8449680" lon="6.6426180">
    <ele>1339.0</ele>
    <time>2022-07-09T12:44:54Z</time>
   </trkpt>
   <trkpt lat="45.8449780" lon="6.6425640">
    <ele>1338.5</ele>
    <time>2022-07-09T12:44:55Z</time>
   </trkpt>
   <trkpt lat="45.8449720" lon="6.6425150">
    <ele>1338.1</ele>
    <time>2022-07-09T12:44:56Z</time>
   </trkpt>
   <trkpt lat="45.8449610" lon="6.6424750">
    <ele>1337.8</ele>
    <time>2022-07-09T12:44:57Z</time>
   </trkpt>
   <trkpt lat="45.8449590" lon="6.6424260">
    <ele>1337.4</ele>
    <time>2022-07-09T12:44:58Z</time>
   </trkpt>
   <trkpt lat="45.8449610" lon="6.6424010">
    <ele>1337.2</ele>
    <time>2022-07-09T12:44:59Z</time>
   </trkpt>
   <trkpt lat="45.8449720" lon="6.6423880">
    <ele>1336.5</ele>
    <time>2022-07-09T12:45:00Z</time>
   </trkpt>
   <trkpt lat="45.8449770" lon="6.6423710">
    <ele>1336.3</ele>
    <time>2022-07-09T12:45:01Z</time>
   </trkpt>
   <trkpt lat="45.8449810" lon="6.6423410">
    <ele>1336.1</ele>
    <time>2022-07-09T12:45:02Z</time>
   </trkpt>
   <trkpt lat="45.8449830" lon="6.6422980">
    <ele>1335.8</ele>
    <time>2022-07-09T12:45:03Z</time>
   </trkpt>
   <trkpt lat="45.8449860" lon="6.6422820">
    <ele>1335.7</ele>
    <time>2022-07-09T12:45:04Z</time>
   </trkpt>
   <trkpt lat="45.8449910" lon="6.6422610">
    <ele>1335.6</ele>
    <time>2022-07-09T12:45:05Z</time>
   </trkpt>
   <trkpt lat="45.8449900" lon="6.6422380">
    <ele>1335.4</ele>
    <time>2022-07-09T12:45:06Z</time>
   </trkpt>
   <trkpt lat="45.8450030" lon="6.6421960">
    <ele>1335.1</ele>
    <time>2022-07-09T12:45:07Z</time>
   </trkpt>
   <trkpt lat="45.8450080" lon="6.6421780">
    <ele>1335.0</ele>
    <time>2022-07-09T12:45:08Z</time>
   </trkpt>
   <trkpt lat="45.8450220" lon="6.6421540">
    <ele>1334.7</ele>
    <time>2022-07-09T12:45:09Z</time>
   </trkpt>
   <trkpt lat="45.8450250" lon="6.6421400">
    <ele>1334.6</ele>
    <time>2022-07-09T12:45:10Z</time>
   </trkpt>
   <trkpt lat="45.8450280" lon="6.6421250">
    <ele>1334.5</ele>
    <time>2022-07-09T12:45:11Z</time>
   </trkpt>
   <trkpt lat="45.8450270" lon="6.6421110">
    <ele>1334.4</ele>
    <time>2022-07-09T12:45:12Z</time>
   </trkpt>
   <trkpt lat="45.8450460" lon="6.6420950">
    <ele>1334.2</ele>
    <time>2022-07-09T12:45:13Z</time>
   </trkpt>
   <trkpt lat="45.8450460" lon="6.6420610">
    <ele>1334.0</ele>
    <time>2022-07-09T12:45:14Z</time>
   </trkpt>
   <trkpt lat="45.8450490" lon="6.6420460">
    <ele>1333.9</ele>
    <time>2022-07-09T12:45:15Z</time>
   </trkpt>
   <trkpt lat="45.8450550" lon="6.6420290">
    <ele>1333.8</ele>
    <time>2022-07-09T12:45:16Z</time>
   </trkpt>
   <trkpt lat="45.8450540" lon="6.6420060">
    <ele>1333.6</ele>
    <time>2022-07-09T12:45:17Z</time>
   </trkpt>
   <trkpt lat="45.8450570" lon="6.6419800">
    <ele>1333.4</ele>
    <time>2022-07-09T12:45:18Z</time>
   </trkpt>
   <trkpt lat="45.8450620" lon="6.6419560">
    <ele>1333.3</ele>
    <time>2022-07-09T12:45:19Z</time>
   </trkpt>
   <trkpt lat="45.8450710" lon="6.6419150">
    <ele>1333.0</ele>
    <time>2022-07-09T12:45:20Z</time>
   </trkpt>
   <trkpt lat="45.8450770" lon="6.6419010">
    <ele>1332.9</ele>
    <time>2022-07-09T12:45:21Z</time>
   </trkpt>
   <trkpt lat="45.8450850" lon="6.6418500">
    <ele>1332.6</ele>
    <time>2022-07-09T12:45:22Z</time>
   </trkpt>
   <trkpt lat="45.8450890" lon="6.6418300">
    <ele>1332.5</ele>
    <time>2022-07-09T12:45:23Z</time>
   </trkpt>
   <trkpt lat="45.8451030" lon="6.6417810">
    <ele>1332.2</ele>
    <time>2022-07-09T12:45:24Z</time>
   </trkpt>
   <trkpt lat="45.8451090" lon="6.6417400">
    <ele>1332.0</ele>
    <time>2022-07-09T12:45:25Z</time>
   </trkpt>
   <trkpt lat="45.8451240" lon="6.6417000">
    <ele>1331.7</ele>
    <time>2022-07-09T12:45:26Z</time>
   </trkpt>
   <trkpt lat="45.8451320" lon="6.6416570">
    <ele>1331.5</ele>
    <time>2022-07-09T12:45:27Z</time>
   </trkpt>
   <trkpt lat="45.8451320" lon="6.6416120">
    <ele>1331.2</ele>
    <time>2022-07-09T12:45:28Z</time>
   </trkpt>
   <trkpt lat="45.8451400" lon="6.6415460">
    <ele>1330.8</ele>
    <time>2022-07-09T12:45:29Z</time>
   </trkpt>
   <trkpt lat="45.8451430" lon="6.6414760">
    <ele>1330.4</ele>
    <time>2022-07-09T12:45:30Z</time>
   </trkpt>
   <trkpt lat="45.8451560" lon="6.6413340">
    <ele>1329.6</ele>
    <time>2022-07-09T12:45:31Z</time>
   </trkpt>
   <trkpt lat="45.8451740" lon="6.6412970">
    <ele>1329.3</ele>
    <time>2022-07-09T12:45:32Z</time>
   </trkpt>
   <trkpt lat="45.8451830" lon="6.6412790">
    <ele>1329.1</ele>
    <time>2022-07-09T12:45:33Z</time>
   </trkpt>
   <trkpt lat="45.8452010" lon="6.6412290">
    <ele>1328.8</ele>
    <time>2022-07-09T12:45:34Z</time>
   </trkpt>
   <trkpt lat="45.8452210" lon="6.6411290">
    <ele>1328.1</ele>
    <time>2022-07-09T12:45:35Z</time>
   </trkpt>
   <trkpt lat="45.8452480" lon="6.6410730">
    <ele>1327.7</ele>
    <time>2022-07-09T12:45:36Z</time>
   </trkpt>
   <trkpt lat="45.8452490" lon="6.6410140">
    <ele>1327.3</ele>
    <time>2022-07-09T12:45:37Z</time>
   </trkpt>
   <trkpt lat="45.8452550" lon="6.6409620">
    <ele>1326.9</ele>
    <time>2022-07-09T12:45:38Z</time>
   </trkpt>
   <trkpt lat="45.8452570" lon="6.6409080">
    <ele>1326.6</ele>
    <time>2022-07-09T12:45:39Z</time>
   </trkpt>
   <trkpt lat="45.8452620" lon="6.6408860">
    <ele>1326.4</ele>
    <time>2022-07-09T12:45:40Z</time>
   </trkpt>
   <trkpt lat="45.8452710" lon="6.6408420">
    <ele>1326.1</ele>
    <time>2022-07-09T12:45:41Z</time>
   </trkpt>
   <trkpt lat="45.8452710" lon="6.6407830">
    <ele>1325.7</ele>
    <time>2022-07-09T12:45:42Z</time>
   </trkpt>
   <trkpt lat="45.8452720" lon="6.6407310">
    <ele>1325.4</ele>
    <time>2022-07-09T12:45:43Z</time>
   </trkpt>
   <trkpt lat="45.8452600" lon="6.6406810">
    <ele>1325.0</ele>
    <time>2022-07-09T12:45:44Z</time>
   </trkpt>
   <trkpt lat="45.8452530" lon="6.6406380">
    <ele>1324.7</ele>
    <time>2022-07-09T12:45:45Z</time>
   </trkpt>
   <trkpt lat="45.8452450" lon="6.6405810">
    <ele>1324.3</ele>
    <time>2022-07-09T12:45:46Z</time>
   </trkpt>
   <trkpt lat="45.8452350" lon="6.6405060">
    <ele>1323.8</ele>
    <time>2022-07-09T12:45:47Z</time>
   </trkpt>
   <trkpt lat="45.8452220" lon="6.6404540">
    <ele>1323.4</ele>
    <time>2022-07-09T12:45:48Z</time>
   </trkpt>
   <trkpt lat="45.8452070" lon="6.6404180">
    <ele>1323.1</ele>
    <time>2022-07-09T12:45:49Z</time>
   </trkpt>
   <trkpt lat="45.8451730" lon="6.6403740">
    <ele>1322.7</ele>
    <time>2022-07-09T12:45:50Z</time>
   </trkpt>
   <trkpt lat="45.8451610" lon="6.6403290">
    <ele>1322.4</ele>
    <time>2022-07-09T12:45:51Z</time>
   </trkpt>
   <trkpt lat="45.8451420" lon="6.6402760">
    <ele>1322.0</ele>
    <time>2022-07-09T12:45:52Z</time>
   </trkpt>
   <trkpt lat="45.8451330" lon="6.6402530">
    <ele>1321.9</ele>
    <time>2022-07-09T12:45:53Z</time>
   </trkpt>
   <trkpt lat="45.8451270" lon="6.6402070">
    <ele>1321.6</ele>
    <time>2022-07-09T12:45:54Z</time>
   </trkpt>
   <trkpt lat="45.8451180" lon="6.6401620">
    <ele>1321.3</ele>
    <time>2022-07-09T12:45:55Z</time>
   </trkpt>
   <trkpt lat="45.8451080" lon="6.6401250">
    <ele>1320.8</ele>
    <time>2022-07-09T12:45:56Z</time>
   </trkpt>
   <trkpt lat="45.8451220" lon="6.6400820">
    <ele>1320.8</ele>
    <time>2022-07-09T12:45:57Z</time>
   </trkpt>
   <trkpt lat="45.8451260" lon="6.6400420">
    <ele>1320.8</ele>
    <time>2022-07-09T12:45:58Z</time>
   </trkpt>
   <trkpt lat="45.8451250" lon="6.6399920">
    <ele>1319.8</ele>
    <time>2022-07-09T12:45:59Z</time>
   </trkpt>
   <trkpt lat="45.8451320" lon="6.6399460">
    <ele>1319.4</ele>
    <time>2022-07-09T12:46:00Z</time>
   </trkpt>
   <trkpt lat="45.8451500" lon="6.6399150">
    <ele>1319.0</ele>
    <time>2022-07-09T12:46:01Z</time>
   </trkpt>
   <trkpt lat="45.8451630" lon="6.6398720">
    <ele>1318.6</ele>
    <time>2022-07-09T12:46:02Z</time>
   </trkpt>
   <trkpt lat="45.8451830" lon="6.6398380">
    <ele>1318.2</ele>
    <time>2022-07-09T12:46:03Z</time>
   </trkpt>
   <trkpt lat="45.8452050" lon="6.6398060">
    <ele>1317.9</ele>
    <time>2022-07-09T12:46:04Z</time>
   </trkpt>
   <trkpt lat="45.8452340" lon="6.6397910">
    <ele>1317.5</ele>
    <time>2022-07-09T12:46:05Z</time>
   </trkpt>
   <trkpt lat="45.8452570" lon="6.6397610">
    <ele>1317.2</ele>
    <time>2022-07-09T12:46:06Z</time>
   </trkpt>
   <trkpt lat="45.8452800" lon="6.6397240">
    <ele>1316.8</ele>
    <time>2022-07-09T12:46:07Z</time>
   </trkpt>
   <trkpt lat="45.8453080" lon="6.6396910">
    <ele>1316.4</ele>
    <time>2022-07-09T12:46:08Z</time>
   </trkpt>
   <trkpt lat="45.8453340" lon="6.6396590">
    <ele>1316.1</ele>
    <time>2022-07-09T12:46:09Z</time>
   </trkpt>
   <trkpt lat="45.8453640" lon="6.6396270">
    <ele>1315.8</ele>
    <time>2022-07-09T12:46:10Z</time>
   </trkpt>
   <trkpt lat="45.8453890" lon="6.6395940">
    <ele>1315.5</ele>
    <time>2022-07-09T12:46:11Z</time>
   </trkpt>
   <trkpt lat="45.8454090" lon="6.6395510">
    <ele>1315.2</ele>
    <time>2022-07-09T12:46:12Z</time>
   </trkpt>
   <trkpt lat="45.8454370" lon="6.6395170">
    <ele>1314.9</ele>
    <time>2022-07-09T12:46:13Z</time>
   </trkpt>
   <trkpt lat="45.8454620" lon="6.6394890">
    <ele>1314.6</ele>
    <time>2022-07-09T12:46:14Z</time>
   </trkpt>
   <trkpt lat="45.8454890" lon="6.6394530">
    <ele>1314.4</ele>
    <time>2022-07-09T12:46:15Z</time>
   </trkpt>
   <trkpt lat="45.8455170" lon="6.6394230">
    <ele>1314.1</ele>
    <time>2022-07-09T12:46:16Z</time>
   </trkpt>
   <trkpt lat="45.8455490" lon="6.6393980">
    <ele>1313.9</ele>
    <time>2022-07-09T12:46:17Z</time>
   </trkpt>
   <trkpt lat="45.8455820" lon="6.6393840">
    <ele>1313.7</ele>
    <time>2022-07-09T12:46:18Z</time>
   </trkpt>
   <trkpt lat="45.8456070" lon="6.6393520">
    <ele>1313.5</ele>
    <time>2022-07-09T12:46:19Z</time>
   </trkpt>
   <trkpt lat="45.8456340" lon="6.6393170">
    <ele>1313.3</ele>
    <time>2022-07-09T12:46:20Z</time>
   </trkpt>
   <trkpt lat="45.8456660" lon="6.6392970">
    <ele>1313.1</ele>
    <time>2022-07-09T12:46:21Z</time>
   </trkpt>
   <trkpt lat="45.8456970" lon="6.6392680">
    <ele>1313.0</ele>
    <time>2022-07-09T12:46:22Z</time>
   </trkpt>
   <trkpt lat="45.8457200" lon="6.6392390">
    <ele>1312.9</ele>
    <time>2022-07-09T12:46:23Z</time>
   </trkpt>
   <trkpt lat="45.8457430" lon="6.6392110">
    <ele>1312.8</ele>
    <time>2022-07-09T12:46:24Z</time>
   </trkpt>
   <trkpt lat="45.8457640" lon="6.6391710">
    <ele>1312.7</ele>
    <time>2022-07-09T12:46:25Z</time>
   </trkpt>
   <trkpt lat="45.8457880" lon="6.6391350">
    <ele>1312.5</ele>
    <time>2022-07-09T12:46:26Z</time>
   </trkpt>
   <trkpt lat="45.8458160" lon="6.6390970">
    <ele>1312.4</ele>
    <time>2022-07-09T12:46:27Z</time>
   </trkpt>
   <trkpt lat="45.8458260" lon="6.6390780">
    <ele>1312.4</ele>
    <time>2022-07-09T12:46:28Z</time>
   </trkpt>
   <trkpt lat="45.8458580" lon="6.6390750">
    <ele>1312.3</ele>
    <time>2022-07-09T12:46:29Z</time>
   </trkpt>
   <trkpt lat="45.8458820" lon="6.6390530">
    <ele>1312.2</ele>
    <time>2022-07-09T12:46:30Z</time>
   </trkpt>
   <trkpt lat="45.8459140" lon="6.6390280">
    <ele>1312.1</ele>
    <time>2022-07-09T12:46:31Z</time>
   </trkpt>
   <trkpt lat="45.8459410" lon="6.6390160">
    <ele>1312.0</ele>
    <time>2022-07-09T12:46:32Z</time>
   </trkpt>
   <trkpt lat="45.8459680" lon="6.6389920">
    <ele>1311.9</ele>
    <time>2022-07-09T12:46:33Z</time>
   </trkpt>
   <trkpt lat="45.8459940" lon="6.6389560">
    <ele>1311.8</ele>
    <time>2022-07-09T12:46:34Z</time>
   </trkpt>
   <trkpt lat="45.8460200" lon="6.6389190">
    <ele>1311.7</ele>
    <time>2022-07-09T12:46:35Z</time>
   </trkpt>
   <trkpt lat="45.8460430" lon="6.6388800">
    <ele>1311.6</ele>
    <time>2022-07-09T12:46:36Z</time>
   </trkpt>
   <trkpt lat="45.8460640" lon="6.6388280">
    <ele>1311.5</ele>
    <time>2022-07-09T12:46:37Z</time>
   </trkpt>
   <trkpt lat="45.8460850" lon="6.6387840">
    <ele>1311.4</ele>
    <time>2022-07-09T12:46:38Z</time>
   </trkpt>
   <trkpt lat="45.8460980" lon="6.6387450">
    <ele>1311.3</ele>
    <time>2022-07-09T12:46:39Z</time>
   </trkpt>
   <trkpt lat="45.8461110" lon="6.6387040">
    <ele>1311.2</ele>
    <time>2022-07-09T12:46:40Z</time>
   </trkpt>
   <trkpt lat="45.8461180" lon="6.6386950">
    <ele>1311.2</ele>
    <time>2022-07-09T12:46:41Z</time>
   </trkpt>
   <trkpt lat="45.8461250" lon="6.6386790">
    <ele>1311.1</ele>
    <time>2022-07-09T12:46:42Z</time>
   </trkpt>
   <trkpt lat="45.8461280" lon="6.6386470">
    <ele>1311.1</ele>
    <time>2022-07-09T12:46:43Z</time>
   </trkpt>
   <trkpt lat="45.8461460" lon="6.6386060">
    <ele>1311.0</ele>
    <time>2022-07-09T12:46:44Z</time>
   </trkpt>
   <trkpt lat="45.8461530" lon="6.6385920">
    <ele>1310.9</ele>
    <time>2022-07-09T12:46:45Z</time>
   </trkpt>
   <trkpt lat="45.8461610" lon="6.6385730">
    <ele>1310.9</ele>
    <time>2022-07-09T12:46:46Z</time>
   </trkpt>
   <trkpt lat="45.8461700" lon="6.6385490">
    <ele>1310.8</ele>
    <time>2022-07-09T12:46:47Z</time>
   </trkpt>
   <trkpt lat="45.8461810" lon="6.6385040">
    <ele>1310.7</ele>
    <time>2022-07-09T12:46:48Z</time>
   </trkpt>
   <trkpt lat="45.8461880" lon="6.6384860">
    <ele>1310.7</ele>
    <time>2022-07-09T12:46:49Z</time>
   </trkpt>
   <trkpt lat="45.8461970" lon="6.6384700">
    <ele>1310.7</ele>
    <time>2022-07-09T12:46:50Z</time>
   </trkpt>
   <trkpt lat="45.8462060" lon="6.6384500">
    <ele>1310.6</ele>
    <time>2022-07-09T12:46:51Z</time>
   </trkpt>
   <trkpt lat="45.8462230" lon="6.6384070">
    <ele>1310.5</ele>
    <time>2022-07-09T12:46:52Z</time>
   </trkpt>
   <trkpt lat="45.8462290" lon="6.6383950">
    <ele>1310.5</ele>
    <time>2022-07-09T12:46:53Z</time>
   </trkpt>
   <trkpt lat="45.8462400" lon="6.6383500">
    <ele>1310.4</ele>
    <time>2022-07-09T12:46:54Z</time>
   </trkpt>
   <trkpt lat="45.8462430" lon="6.6383300">
    <ele>1310.3</ele>
    <time>2022-07-09T12:46:55Z</time>
   </trkpt>
   <trkpt lat="45.8462530" lon="6.6382900">
    <ele>1310.2</ele>
    <time>2022-07-09T12:46:56Z</time>
   </trkpt>
   <trkpt lat="45.8462580" lon="6.6382800">
    <ele>1310.2</ele>
    <time>2022-07-09T12:46:57Z</time>
   </trkpt>
   <trkpt lat="45.8463420" lon="6.6381610">
    <ele>1309.7</ele>
    <time>2022-07-09T12:47:50Z</time>
   </trkpt>
   <trkpt lat="45.8463450" lon="6.6381500">
    <ele>1309.7</ele>
    <time>2022-07-09T12:47:51Z</time>
   </trkpt>
   <trkpt lat="45.8463480" lon="6.6381400">
    <ele>1309.7</ele>
    <time>2022-07-09T12:47:52Z</time>
   </trkpt>
   <trkpt lat="45.8463510" lon="6.6381300">
    <ele>1309.7</ele>
    <time>2022-07-09T12:47:53Z</time>
   </trkpt>
   <trkpt lat="45.8463540" lon="6.6381190">
    <ele>1309.6</ele>
    <time>2022-07-09T12:47:54Z</time>
   </trkpt>
   <trkpt lat="45.8463730" lon="6.6381030">
    <ele>1309.6</ele>
    <time>2022-07-09T12:47:55Z</time>
   </trkpt>
   <trkpt lat="45.8463810" lon="6.6380970">
    <ele>1309.6</ele>
    <time>2022-07-09T12:47:56Z</time>
   </trkpt>
   <trkpt lat="45.8463880" lon="6.6380910">
    <ele>1309.5</ele>
    <time>2022-07-09T12:47:57Z</time>
   </trkpt>
   <trkpt lat="45.8463930" lon="6.6380680">
    <ele>1309.5</ele>
    <time>2022-07-09T12:47:58Z</time>
   </trkpt>
   <trkpt lat="45.8464000" lon="6.6380520">
    <ele>1309.4</ele>
    <time>2022-07-09T12:47:59Z</time>
   </trkpt>
   <trkpt lat="45.8464220" lon="6.6380120">
    <ele>1309.2</ele>
    <time>2022-07-09T12:48:00Z</time>
   </trkpt>
   <trkpt lat="45.8464290" lon="6.6379950">
    <ele>1309.2</ele>
    <time>2022-07-09T12:48:01Z</time>
   </trkpt>
   <trkpt lat="45.8464550" lon="6.6379360">
    <ele>1308.8</ele>
    <time>2022-07-09T12:48:02Z</time>
   </trkpt>
   <trkpt lat="45.8464750" lon="6.6378860">
    <ele>1308.6</ele>
    <time>2022-07-09T12:48:03Z</time>
   </trkpt>
   <trkpt lat="45.8464880" lon="6.6378380">
    <ele>1308.4</ele>
    <time>2022-07-09T12:48:04Z</time>
   </trkpt>
   <trkpt lat="45.8465020" lon="6.6377960">
    <ele>1308.2</ele>
    <time>2022-07-09T12:48:05Z</time>
   </trkpt>
   <trkpt lat="45.8465230" lon="6.6377590">
    <ele>1308.0</ele>
    <time>2022-07-09T12:48:06Z</time>
   </trkpt>
   <trkpt lat="45.8465540" lon="6.6377140">
    <ele>1307.7</ele>
    <time>2022-07-09T12:48:07Z</time>
   </trkpt>
   <trkpt lat="45.8465770" lon="6.6376750">
    <ele>1307.5</ele>
    <time>2022-07-09T12:48:08Z</time>
   </trkpt>
   <trkpt lat="45.8465990" lon="6.6376060">
    <ele>1307.1</ele>
    <time>2022-07-09T12:48:09Z</time>
   </trkpt>
   <trkpt lat="45.8466260" lon="6.6375670">
    <ele>1306.9</ele>
    <time>2022-07-09T12:48:10Z</time>
   </trkpt>
   <trkpt lat="45.8466420" lon="6.6375510">
    <ele>1306.8</ele>
    <time>2022-07-09T12:48:11Z</time>
   </trkpt>
   <trkpt lat="45.8466590" lon="6.6375080">
    <ele>1306.5</ele>
    <time>2022-07-09T12:48:12Z</time>
   </trkpt>
   <trkpt lat="45.8466700" lon="6.6374550">
    <ele>1306.3</ele>
    <time>2022-07-09T12:48:13Z</time>
   </trkpt>
   <trkpt lat="45.8466890" lon="6.6374150">
    <ele>1306.1</ele>
    <time>2022-07-09T12:48:14Z</time>
   </trkpt>
   <trkpt lat="45.8467020" lon="6.6373680">
    <ele>1305.9</ele>
    <time>2022-07-09T12:48:15Z</time>
   </trkpt>
   <trkpt lat="45.8467160" lon="6.6373330">
    <ele>1305.7</ele>
    <time>2022-07-09T12:48:16Z</time>
   </trkpt>
   <trkpt lat="45.8467360" lon="6.6372920">
    <ele>1305.5</ele>
    <time>2022-07-09T12:48:17Z</time>
   </trkpt>
   <trkpt lat="45.8467460" lon="6.6372560">
    <ele>1305.4</ele>
    <time>2022-07-09T12:48:18Z</time>
   </trkpt>
   <trkpt lat="45.8467700" lon="6.6372150">
    <ele>1305.6</ele>
    <time>2022-07-09T12:48:19Z</time>
   </trkpt>
   <trkpt lat="45.8467710" lon="6.6371600">
    <ele>1305.7</ele>
    <time>2022-07-09T12:48:20Z</time>
   </trkpt>
   <trkpt lat="45.8467930" lon="6.6371100">
    <ele>1305.9</ele>
    <time>2022-07-09T12:48:21Z</time>
   </trkpt>
   <trkpt lat="45.8468160" lon="6.6370740">
    <ele>1306.1</ele>
    <time>2022-07-09T12:48:22Z</time>
   </trkpt>
   <trkpt lat="45.8468380" lon="6.6370320">
    <ele>1306.2</ele>
    <time>2022-07-09T12:48:23Z</time>
   </trkpt>
   <trkpt lat="45.8468640" lon="6.6369970">
    <ele>1306.3</ele>
    <time>2022-07-09T12:48:24Z</time>
   </trkpt>
   <trkpt lat="45.8468890" lon="6.6369620">
    <ele>1306.5</ele>
    <time>2022-07-09T12:48:25Z</time>
   </trkpt>
   <trkpt lat="45.8469140" lon="6.6369320">
    <ele>1306.6</ele>
    <time>2022-07-09T12:48:26Z</time>
   </trkpt>
   <trkpt lat="45.8469440" lon="6.6369090">
    <ele>1306.7</ele>
    <time>2022-07-09T12:48:27Z</time>
   </trkpt>
   <trkpt lat="45.8469710" lon="6.6368780">
    <ele>1306.7</ele>
    <time>2022-07-09T12:48:28Z</time>
   </trkpt>
   <trkpt lat="45.8469960" lon="6.6368510">
    <ele>1306.8</ele>
    <time>2022-07-09T12:48:29Z</time>
   </trkpt>
   <trkpt lat="45.8470270" lon="6.6368320">
    <ele>1306.9</ele>
    <time>2022-07-09T12:48:30Z</time>
   </trkpt>
   <trkpt lat="45.8470630" lon="6.6368000">
    <ele>1306.9</ele>
    <time>2022-07-09T12:48:31Z</time>
   </trkpt>
   <trkpt lat="45.8470830" lon="6.6367720">
    <ele>1306.9</ele>
    <time>2022-07-09T12:48:32Z</time>
   </trkpt>
   <trkpt lat="45.8471120" lon="6.6367540">
    <ele>1307.0</ele>
    <time>2022-07-09T12:48:33Z</time>
   </trkpt>
   <trkpt lat="45.8471230" lon="6.6367520">
    <ele>1307.0</ele>
    <time>2022-07-09T12:48:34Z</time>
   </trkpt>
   <trkpt lat="45.8471560" lon="6.6367440">
    <ele>1307.0</ele>
    <time>2022-07-09T12:48:35Z</time>
   </trkpt>
   <trkpt lat="45.8471720" lon="6.6367420">
    <ele>1306.9</ele>
    <time>2022-07-09T12:48:36Z</time>
   </trkpt>
   <trkpt lat="45.8471980" lon="6.6366870">
    <ele>1306.9</ele>
    <time>2022-07-09T12:48:37Z</time>
   </trkpt>
   <trkpt lat="45.8472350" lon="6.6366670">
    <ele>1306.9</ele>
    <time>2022-07-09T12:48:38Z</time>
   </trkpt>
   <trkpt lat="45.8472600" lon="6.6366300">
    <ele>1306.9</ele>
    <time>2022-07-09T12:48:39Z</time>
   </trkpt>
   <trkpt lat="45.8472720" lon="6.6366170">
    <ele>1306.8</ele>
    <time>2022-07-09T12:48:40Z</time>
   </trkpt>
   <trkpt lat="45.8473100" lon="6.6366050">
    <ele>1306.8</ele>
    <time>2022-07-09T12:48:41Z</time>
   </trkpt>
   <trkpt lat="45.8473470" lon="6.6365850">
    <ele>1306.7</ele>
    <time>2022-07-09T12:48:42Z</time>
   </trkpt>
   <trkpt lat="45.8473650" lon="6.6365800">
    <ele>1306.7</ele>
    <time>2022-07-09T12:48:43Z</time>
   </trkpt>
   <trkpt lat="45.8474030" lon="6.6365600">
    <ele>1306.6</ele>
    <time>2022-07-09T12:48:44Z</time>
   </trkpt>
   <trkpt lat="45.8474390" lon="6.6365490">
    <ele>1306.6</ele>
    <time>2022-07-09T12:48:45Z</time>
   </trkpt>
   <trkpt lat="45.8474670" lon="6.6365380">
    <ele>1306.6</ele>
    <time>2022-07-09T12:48:46Z</time>
   </trkpt>
   <trkpt lat="45.8474890" lon="6.6364940">
    <ele>1306.5</ele>
    <time>2022-07-09T12:48:47Z</time>
   </trkpt>
   <trkpt lat="45.8475130" lon="6.6364410">
    <ele>1306.4</ele>
    <time>2022-07-09T12:48:48Z</time>
   </trkpt>
   <trkpt lat="45.8475260" lon="6.6363820">
    <ele>1306.2</ele>
    <time>2022-07-09T12:48:49Z</time>
   </trkpt>
   <trkpt lat="45.8475430" lon="6.6363140">
    <ele>1306.1</ele>
    <time>2022-07-09T12:48:50Z</time>
   </trkpt>
   <trkpt lat="45.8475550" lon="6.6362750">
    <ele>1306.0</ele>
    <time>2022-07-09T12:48:51Z</time>
   </trkpt>
   <trkpt lat="45.8475800" lon="6.6362210">
    <ele>1305.8</ele>
    <time>2022-07-09T12:48:52Z</time>
   </trkpt>
   <trkpt lat="45.8476080" lon="6.6361900">
    <ele>1305.7</ele>
    <time>2022-07-09T12:48:53Z</time>
   </trkpt>
   <trkpt lat="45.8476240" lon="6.6361450">
    <ele>1305.6</ele>
    <time>2022-07-09T12:48:54Z</time>
   </trkpt>
   <trkpt lat="45.8476500" lon="6.6361090">
    <ele>1305.5</ele>
    <time>2022-07-09T12:48:55Z</time>
   </trkpt>
   <trkpt lat="45.8476670" lon="6.6360660">
    <ele>1305.4</ele>
    <time>2022-07-09T12:48:56Z</time>
   </trkpt>
   <trkpt lat="45.8476780" lon="6.6360310">
    <ele>1305.3</ele>
    <time>2022-07-09T12:48:57Z</time>
   </trkpt>
   <trkpt lat="45.8477030" lon="6.6359920">
    <ele>1305.2</ele>
    <time>2022-07-09T12:48:58Z</time>
   </trkpt>
   <trkpt lat="45.8477300" lon="6.6359510">
    <ele>1305.1</ele>
    <time>2022-07-09T12:48:59Z</time>
   </trkpt>
   <trkpt lat="45.8477430" lon="6.6359060">
    <ele>1304.9</ele>
    <time>2022-07-09T12:49:00Z</time>
   </trkpt>
   <trkpt lat="45.8477630" lon="6.6358700">
    <ele>1304.8</ele>
    <time>2022-07-09T12:49:01Z</time>
   </trkpt>
   <trkpt lat="45.8477860" lon="6.6358370">
    <ele>1304.7</ele>
    <time>2022-07-09T12:49:02Z</time>
   </trkpt>
   <trkpt lat="45.8478050" lon="6.6358000">
    <ele>1304.6</ele>
    <time>2022-07-09T12:49:03Z</time>
   </trkpt>
   <trkpt lat="45.8478330" lon="6.6357600">
    <ele>1304.5</ele>
    <time>2022-07-09T12:49:04Z</time>
   </trkpt>
   <trkpt lat="45.8478590" lon="6.6357230">
    <ele>1304.3</ele>
    <time>2022-07-09T12:49:05Z</time>
   </trkpt>
   <trkpt lat="45.8478880" lon="6.6356890">
    <ele>1304.2</ele>
    <time>2022-07-09T12:49:06Z</time>
   </trkpt>
   <trkpt lat="45.8479150" lon="6.6356570">
    <ele>1304.1</ele>
    <time>2022-07-09T12:49:07Z</time>
   </trkpt>
   <trkpt lat="45.8479400" lon="6.6356260">
    <ele>1304.0</ele>
    <time>2022-07-09T12:49:08Z</time>
   </trkpt>
   <trkpt lat="45.8479570" lon="6.6355860">
    <ele>1303.8</ele>
    <time>2022-07-09T12:49:09Z</time>
   </trkpt>
   <trkpt lat="45.8479930" lon="6.6355570">
    <ele>1303.7</ele>
    <time>2022-07-09T12:49:10Z</time>
   </trkpt>
   <trkpt lat="45.8480180" lon="6.6355300">
    <ele>1303.6</ele>
    <time>2022-07-09T12:49:11Z</time>
   </trkpt>
   <trkpt lat="45.8480410" lon="6.6354870">
    <ele>1303.4</ele>
    <time>2022-07-09T12:49:12Z</time>
   </trkpt>
   <trkpt lat="45.8480650" lon="6.6354450">
    <ele>1303.3</ele>
    <time>2022-07-09T12:49:13Z</time>
   </trkpt>
   <trkpt lat="45.8480860" lon="6.6354130">
    <ele>1303.1</ele>
    <time>2022-07-09T12:49:14Z</time>
   </trkpt>
   <trkpt lat="45.8481110" lon="6.6353720">
    <ele>1303.0</ele>
    <time>2022-07-09T12:49:15Z</time>
   </trkpt>
   <trkpt lat="45.8481260" lon="6.6353380">
    <ele>1302.9</ele>
    <time>2022-07-09T12:49:16Z</time>
   </trkpt>
   <trkpt lat="45.8481550" lon="6.6353050">
    <ele>1302.7</ele>
    <time>2022-07-09T12:49:17Z</time>
   </trkpt>
   <trkpt lat="45.8481760" lon="6.6352700">
    <ele>1302.6</ele>
    <time>2022-07-09T12:49:18Z</time>
   </trkpt>
   <trkpt lat="45.8482020" lon="6.6352430">
    <ele>1302.5</ele>
    <time>2022-07-09T12:49:19Z</time>
   </trkpt>
   <trkpt lat="45.8482290" lon="6.6352000">
    <ele>1302.3</ele>
    <time>2022-07-09T12:49:20Z</time>
   </trkpt>
   <trkpt lat="45.8482500" lon="6.6351760">
    <ele>1302.2</ele>
    <time>2022-07-09T12:49:21Z</time>
   </trkpt>
   <trkpt lat="45.8482690" lon="6.6351380">
    <ele>1302.0</ele>
    <time>2022-07-09T12:49:22Z</time>
   </trkpt>
   <trkpt lat="45.8482750" lon="6.6351230">
    <ele>1302.0</ele>
    <time>2022-07-09T12:49:23Z</time>
   </trkpt>
   <trkpt lat="45.8482970" lon="6.6350820">
    <ele>1301.8</ele>
    <time>2022-07-09T12:49:24Z</time>
   </trkpt>
   <trkpt lat="45.8483030" lon="6.6350670">
    <ele>1301.8</ele>
    <time>2022-07-09T12:49:25Z</time>
   </trkpt>
   <trkpt lat="45.8483220" lon="6.6350400">
    <ele>1301.6</ele>
    <time>2022-07-09T12:49:26Z</time>
   </trkpt>
   <trkpt lat="45.8483490" lon="6.6350020">
    <ele>1301.5</ele>
    <time>2022-07-09T12:49:27Z</time>
   </trkpt>
   <trkpt lat="45.8483570" lon="6.6349870">
    <ele>1301.4</ele>
    <time>2022-07-09T12:49:28Z</time>
   </trkpt>
   <trkpt lat="45.8483780" lon="6.6349630">
    <ele>1301.3</ele>
    <time>2022-07-09T12:49:29Z</time>
   </trkpt>
   <trkpt lat="45.8484070" lon="6.6349330">
    <ele>1301.1</ele>
    <time>2022-07-09T12:49:30Z</time>
   </trkpt>
   <trkpt lat="45.8484160" lon="6.6349210">
    <ele>1301.1</ele>
    <time>2022-07-09T12:49:31Z</time>
   </trkpt>
   <trkpt lat="45.8484490" lon="6.6348720">
    <ele>1300.9</ele>
    <time>2022-07-09T12:49:32Z</time>
   </trkpt>
   <trkpt lat="45.8484650" lon="6.6348440">
    <ele>1300.8</ele>
    <time>2022-07-09T12:49:33Z</time>
   </trkpt>
   <trkpt lat="45.8485030" lon="6.6347990">
    <ele>1300.6</ele>
    <time>2022-07-09T12:49:34Z</time>
   </trkpt>
   <trkpt lat="45.8485300" lon="6.6347580">
    <ele>1300.4</ele>
    <time>2022-07-09T12:49:35Z</time>
   </trkpt>
   <trkpt lat="45.8485670" lon="6.6347280">
    <ele>1300.3</ele>
    <time>2022-07-09T12:49:36Z</time>
   </trkpt>
   <trkpt lat="45.8485820" lon="6.6347140">
    <ele>1300.2</ele>
    <time>2022-07-09T12:49:37Z</time>
   </trkpt>
   <trkpt lat="45.8486050" lon="6.6346720">
    <ele>1300.1</ele>
    <time>2022-07-09T12:49:38Z</time>
   </trkpt>
   <trkpt lat="45.8486540" lon="6.6346660">
    <ele>1299.9</ele>
    <time>2022-07-09T12:49:39Z</time>
   </trkpt>
   <trkpt lat="45.8486840" lon="6.6346180">
    <ele>1299.7</ele>
    <time>2022-07-09T12:49:40Z</time>
   </trkpt>
   <trkpt lat="45.8487190" lon="6.6345850">
    <ele>1299.5</ele>
    <time>2022-07-09T12:49:41Z</time>
   </trkpt>
   <trkpt lat="45.8487450" lon="6.6345530">
    <ele>1299.4</ele>
    <time>2022-07-09T12:49:42Z</time>
   </trkpt>
   <trkpt lat="45.8487770" lon="6.6345460">
    <ele>1299.3</ele>
    <time>2022-07-09T12:49:43Z</time>
   </trkpt>
   <trkpt lat="45.8488010" lon="6.6345140">
    <ele>1299.1</ele>
    <time>2022-07-09T12:49:44Z</time>
   </trkpt>
   <trkpt lat="45.8488330" lon="6.6344920">
    <ele>1299.0</ele>
    <time>2022-07-09T12:49:45Z</time>
   </trkpt>
   <trkpt lat="45.8488620" lon="6.6344620">
    <ele>1298.8</ele>
    <time>2022-07-09T12:49:46Z</time>
   </trkpt>
   <trkpt lat="45.8489060" lon="6.6344450">
    <ele>1298.6</ele>
    <time>2022-07-09T12:49:47Z</time>
   </trkpt>
   <trkpt lat="45.8489430" lon="6.6344150">
    <ele>1298.5</ele>
    <time>2022-07-09T12:49:48Z</time>
   </trkpt>
   <trkpt lat="45.8489560" lon="6.6343980">
    <ele>1298.4</ele>
    <time>2022-07-09T12:49:49Z</time>
   </trkpt>
   <trkpt lat="45.8489900" lon="6.6343780">
    <ele>1298.2</ele>
    <time>2022-07-09T12:49:50Z</time>
   </trkpt>
   <trkpt lat="45.8490300" lon="6.6343610">
    <ele>1298.0</ele>
    <time>2022-07-09T12:49:51Z</time>
   </trkpt>
   <trkpt lat="45.8490670" lon="6.6343500">
    <ele>1297.8</ele>
    <time>2022-07-09T12:49:52Z</time>
   </trkpt>
   <trkpt lat="45.8491010" lon="6.6343410">
    <ele>1297.7</ele>
    <time>2022-07-09T12:49:53Z</time>
   </trkpt>
   <trkpt lat="45.8491360" lon="6.6343160">
    <ele>1297.5</ele>
    <time>2022-07-09T12:49:54Z</time>
   </trkpt>
   <trkpt lat="45.8491780" lon="6.6342960">
    <ele>1297.3</ele>
    <time>2022-07-09T12:49:55Z</time>
   </trkpt>
   <trkpt lat="45.8492050" lon="6.6342770">
    <ele>1297.1</ele>
    <time>2022-07-09T12:49:56Z</time>
   </trkpt>
   <trkpt lat="45.8492330" lon="6.6342420">
    <ele>1297.0</ele>
    <time>2022-07-09T12:49:57Z</time>
   </trkpt>
   <trkpt lat="45.8492680" lon="6.6342170">
    <ele>1296.8</ele>
    <time>2022-07-09T12:49:58Z</time>
   </trkpt>
   <trkpt lat="45.8493030" lon="6.6341850">
    <ele>1296.6</ele>
    <time>2022-07-09T12:49:59Z</time>
   </trkpt>
   <trkpt lat="45.8493350" lon="6.6341800">
    <ele>1296.5</ele>
    <time>2022-07-09T12:50:00Z</time>
   </trkpt>
   <trkpt lat="45.8493760" lon="6.6341590">
    <ele>1296.3</ele>
    <time>2022-07-09T12:50:01Z</time>
   </trkpt>
   <trkpt lat="45.8493990" lon="6.6341350">
    <ele>1296.1</ele>
    <time>2022-07-09T12:50:02Z</time>
   </trkpt>
   <trkpt lat="45.8494250" lon="6.6341140">
    <ele>1296.0</ele>
    <time>2022-07-09T12:50:03Z</time>
   </trkpt>
   <trkpt lat="45.8494580" lon="6.6340880">
    <ele>1295.8</ele>
    <time>2022-07-09T12:50:04Z</time>
   </trkpt>
   <trkpt lat="45.8494920" lon="6.6340650">
    <ele>1295.7</ele>
    <time>2022-07-09T12:50:05Z</time>
   </trkpt>
   <trkpt lat="45.8495310" lon="6.6340440">
    <ele>1295.5</ele>
    <time>2022-07-09T12:50:06Z</time>
   </trkpt>
   <trkpt lat="45.8495610" lon="6.6340420">
    <ele>1295.4</ele>
    <time>2022-07-09T12:50:07Z</time>
   </trkpt>
   <trkpt lat="45.8496010" lon="6.6340010">
    <ele>1295.1</ele>
    <time>2022-07-09T12:50:08Z</time>
   </trkpt>
   <trkpt lat="45.8496300" lon="6.6339880">
    <ele>1295.0</ele>
    <time>2022-07-09T12:50:09Z</time>
   </trkpt>
   <trkpt lat="45.8496580" lon="6.6339660">
    <ele>1294.9</ele>
    <time>2022-07-09T12:50:10Z</time>
   </trkpt>
   <trkpt lat="45.8496840" lon="6.6339560">
    <ele>1294.9</ele>
    <time>2022-07-09T12:50:11Z</time>
   </trkpt>
   <trkpt lat="45.8497160" lon="6.6339380">
    <ele>1294.8</ele>
    <time>2022-07-09T12:50:12Z</time>
   </trkpt>
   <trkpt lat="45.8497460" lon="6.6338930">
    <ele>1294.6</ele>
    <time>2022-07-09T12:50:13Z</time>
   </trkpt>
   <trkpt lat="45.8497800" lon="6.6338790">
    <ele>1294.4</ele>
    <time>2022-07-09T12:50:14Z</time>
   </trkpt>
   <trkpt lat="45.8498180" lon="6.6338650">
    <ele>1294.2</ele>
    <time>2022-07-09T12:50:15Z</time>
   </trkpt>
   <trkpt lat="45.8498310" lon="6.6338600">
    <ele>1294.1</ele>
    <time>2022-07-09T12:50:16Z</time>
   </trkpt>
   <trkpt lat="45.8498680" lon="6.6338260">
    <ele>1293.8</ele>
    <time>2022-07-09T12:50:17Z</time>
   </trkpt>
   <trkpt lat="45.8499040" lon="6.6338160">
    <ele>1293.6</ele>
    <time>2022-07-09T12:50:18Z</time>
   </trkpt>
   <trkpt lat="45.8499160" lon="6.6338030">
    <ele>1293.5</ele>
    <time>2022-07-09T12:50:19Z</time>
   </trkpt>
   <trkpt lat="45.8499530" lon="6.6337640">
    <ele>1293.2</ele>
    <time>2022-07-09T12:50:20Z</time>
   </trkpt>
   <trkpt lat="45.8499790" lon="6.6337450">
    <ele>1293.0</ele>
    <time>2022-07-09T12:50:21Z</time>
   </trkpt>
   <trkpt lat="45.8500110" lon="6.6337210">
    <ele>1292.8</ele>
    <time>2022-07-09T12:50:22Z</time>
   </trkpt>
   <trkpt lat="45.8500450" lon="6.6336870">
    <ele>1292.6</ele>
    <time>2022-07-09T12:50:23Z</time>
   </trkpt>
   <trkpt lat="45.8500800" lon="6.6336510">
    <ele>1292.4</ele>
    <time>2022-07-09T12:50:24Z</time>
   </trkpt>
   <trkpt lat="45.8501240" lon="6.6336250">
    <ele>1292.2</ele>
    <time>2022-07-09T12:50:25Z</time>
   </trkpt>
   <trkpt lat="45.8501530" lon="6.6336070">
    <ele>1292.0</ele>
    <time>2022-07-09T12:50:26Z</time>
   </trkpt>
   <trkpt lat="45.8501880" lon="6.6335820">
    <ele>1291.8</ele>
    <time>2022-07-09T12:50:27Z</time>
   </trkpt>
   <trkpt lat="45.8502100" lon="6.6335470">
    <ele>1291.6</ele>
    <time>2022-07-09T12:50:28Z</time>
   </trkpt>
   <trkpt lat="45.8502450" lon="6.6334990">
    <ele>1291.4</ele>
    <time>2022-07-09T12:50:29Z</time>
   </trkpt>
   <trkpt lat="45.8502750" lon="6.6334640">
    <ele>1291.2</ele>
    <time>2022-07-09T12:50:30Z</time>
   </trkpt>
   <trkpt lat="45.8503070" lon="6.6334300">
    <ele>1291.0</ele>
    <time>2022-07-09T12:50:31Z</time>
   </trkpt>
   <trkpt lat="45.8503440" lon="6.6334170">
    <ele>1290.9</ele>
    <time>2022-07-09T12:50:32Z</time>
   </trkpt>
   <trkpt lat="45.8503750" lon="6.6334050">
    <ele>1290.8</ele>
    <time>2022-07-09T12:50:33Z</time>
   </trkpt>
   <trkpt lat="45.8504070" lon="6.6333600">
    <ele>1290.7</ele>
    <time>2022-07-09T12:50:34Z</time>
   </trkpt>
   <trkpt lat="45.8504390" lon="6.6333420">
    <ele>1290.6</ele>
    <time>2022-07-09T12:50:35Z</time>
   </trkpt>
   <trkpt lat="45.8504760" lon="6.6333360">
    <ele>1290.5</ele>
    <time>2022-07-09T12:50:36Z</time>
   </trkpt>
   <trkpt lat="45.8505130" lon="6.6333330">
    <ele>1290.4</ele>
    <time>2022-07-09T12:50:37Z</time>
   </trkpt>
   <trkpt lat="45.8505450" lon="6.6333110">
    <ele>1290.3</ele>
    <time>2022-07-09T12:50:38Z</time>
   </trkpt>
   <trkpt lat="45.8505650" lon="6.6332740">
    <ele>1290.2</ele>
    <time>2022-07-09T12:50:39Z</time>
   </trkpt>
   <trkpt lat="45.8505980" lon="6.6332590">
    <ele>1290.0</ele>
    <time>2022-07-09T12:50:40Z</time>
   </trkpt>
   <trkpt lat="45.8506320" lon="6.6332360">
    <ele>1289.9</ele>
    <time>2022-07-09T12:50:41Z</time>
   </trkpt>
   <trkpt lat="45.8506550" lon="6.6332000">
    <ele>1289.7</ele>
    <time>2022-07-09T12:50:42Z</time>
   </trkpt>
   <trkpt lat="45.8506880" lon="6.6331870">
    <ele>1289.5</ele>
    <time>2022-07-09T12:50:43Z</time>
   </trkpt>
   <trkpt lat="45.8507290" lon="6.6331820">
    <ele>1289.4</ele>
    <time>2022-07-09T12:50:44Z</time>
   </trkpt>
   <trkpt lat="45.8507610" lon="6.6331780">
    <ele>1289.2</ele>
    <time>2022-07-09T12:50:45Z</time>
   </trkpt>
   <trkpt lat="45.8507950" lon="6.6331670">
    <ele>1289.1</ele>
    <time>2022-07-09T12:50:46Z</time>
   </trkpt>
   <trkpt lat="45.8508230" lon="6.6331710">
    <ele>1288.9</ele>
    <time>2022-07-09T12:50:47Z</time>
   </trkpt>
   <trkpt lat="45.8508520" lon="6.6331690">
    <ele>1288.8</ele>
    <time>2022-07-09T12:50:48Z</time>
   </trkpt>
   <trkpt lat="45.8508850" lon="6.6331550">
    <ele>1288.6</ele>
    <time>2022-07-09T12:50:49Z</time>
   </trkpt>
   <trkpt lat="45.8509170" lon="6.6331450">
    <ele>1288.5</ele>
    <time>2022-07-09T12:50:50Z</time>
   </trkpt>
   <trkpt lat="45.8509480" lon="6.6331320">
    <ele>1288.3</ele>
    <time>2022-07-09T12:50:51Z</time>
   </trkpt>
   <trkpt lat="45.8509800" lon="6.6331150">
    <ele>1288.2</ele>
    <time>2022-07-09T12:50:52Z</time>
   </trkpt>
   <trkpt lat="45.8510160" lon="6.6331020">
    <ele>1288.0</ele>
    <time>2022-07-09T12:50:53Z</time>
   </trkpt>
   <trkpt lat="45.8510470" lon="6.6330970">
    <ele>1287.9</ele>
    <time>2022-07-09T12:50:54Z</time>
   </trkpt>
   <trkpt lat="45.8510900" lon="6.6330890">
    <ele>1287.7</ele>
    <time>2022-07-09T12:50:55Z</time>
   </trkpt>
   <trkpt lat="45.8511220" lon="6.6330820">
    <ele>1287.6</ele>
    <time>2022-07-09T12:50:56Z</time>
   </trkpt>
   <trkpt lat="45.8511500" lon="6.6330770">
    <ele>1287.5</ele>
    <time>2022-07-09T12:50:57Z</time>
   </trkpt>
   <trkpt lat="45.8511810" lon="6.6330620">
    <ele>1287.6</ele>
    <time>2022-07-09T12:50:58Z</time>
   </trkpt>
   <trkpt lat="45.8512150" lon="6.6330310">
    <ele>1287.5</ele>
    <time>2022-07-09T12:50:59Z</time>
   </trkpt>
   <trkpt lat="45.8512500" lon="6.6330290">
    <ele>1287.3</ele>
    <time>2022-07-09T12:51:00Z</time>
   </trkpt>
   <trkpt lat="45.8512900" lon="6.6330230">
    <ele>1287.1</ele>
    <time>2022-07-09T12:51:01Z</time>
   </trkpt>
   <trkpt lat="45.8513260" lon="6.6329970">
    <ele>1287.0</ele>
    <time>2022-07-09T12:51:02Z</time>
   </trkpt>
   <trkpt lat="45.8513560" lon="6.6329910">
    <ele>1286.9</ele>
    <time>2022-07-09T12:51:03Z</time>
   </trkpt>
   <trkpt lat="45.8513850" lon="6.6329900">
    <ele>1286.7</ele>
    <time>2022-07-09T12:51:04Z</time>
   </trkpt>
   <trkpt lat="45.8514120" lon="6.6329610">
    <ele>1286.6</ele>
    <time>2022-07-09T12:51:05Z</time>
   </trkpt>
   <trkpt lat="45.8514460" lon="6.6329520">
    <ele>1286.5</ele>
    <time>2022-07-09T12:51:06Z</time>
   </trkpt>
   <trkpt lat="45.8514800" lon="6.6329410">
    <ele>1286.3</ele>
    <time>2022-07-09T12:51:07Z</time>
   </trkpt>
   <trkpt lat="45.8515130" lon="6.6329120">
    <ele>1286.1</ele>
    <time>2022-07-09T12:51:08Z</time>
   </trkpt>
   <trkpt lat="45.8515390" lon="6.6328700">
    <ele>1285.9</ele>
    <time>2022-07-09T12:51:09Z</time>
   </trkpt>
   <trkpt lat="45.8515760" lon="6.6328390">
    <ele>1285.7</ele>
    <time>2022-07-09T12:51:10Z</time>
   </trkpt>
   <trkpt lat="45.8516070" lon="6.6328210">
    <ele>1285.6</ele>
    <time>2022-07-09T12:51:11Z</time>
   </trkpt>
   <trkpt lat="45.8516410" lon="6.6327930">
    <ele>1285.4</ele>
    <time>2022-07-09T12:51:12Z</time>
   </trkpt>
   <trkpt lat="45.8516710" lon="6.6327460">
    <ele>1285.2</ele>
    <time>2022-07-09T12:51:13Z</time>
   </trkpt>
   <trkpt lat="45.8517100" lon="6.6327140">
    <ele>1284.9</ele>
    <time>2022-07-09T12:51:14Z</time>
   </trkpt>
   <trkpt lat="45.8517500" lon="6.6326810">
    <ele>1284.7</ele>
    <time>2022-07-09T12:51:15Z</time>
   </trkpt>
   <trkpt lat="45.8517830" lon="6.6326550">
    <ele>1284.5</ele>
    <time>2022-07-09T12:51:16Z</time>
   </trkpt>
   <trkpt lat="45.8518170" lon="6.6326250">
    <ele>1284.3</ele>
    <time>2022-07-09T12:51:17Z</time>
   </trkpt>
   <trkpt lat="45.8518510" lon="6.6326000">
    <ele>1284.1</ele>
    <time>2022-07-09T12:51:18Z</time>
   </trkpt>
   <trkpt lat="45.8518860" lon="6.6325720">
    <ele>1283.9</ele>
    <time>2022-07-09T12:51:19Z</time>
   </trkpt>
   <trkpt lat="45.8519160" lon="6.6325430">
    <ele>1283.8</ele>
    <time>2022-07-09T12:51:20Z</time>
   </trkpt>
   <trkpt lat="45.8519520" lon="6.6325100">
    <ele>1283.6</ele>
    <time>2022-07-09T12:51:21Z</time>
   </trkpt>
   <trkpt lat="45.8519810" lon="6.6324860">
    <ele>1283.4</ele>
    <time>2022-07-09T12:51:22Z</time>
   </trkpt>
   <trkpt lat="45.8520100" lon="6.6324600">
    <ele>1283.2</ele>
    <time>2022-07-09T12:51:23Z</time>
   </trkpt>
   <trkpt lat="45.8520490" lon="6.6324310">
    <ele>1283.0</ele>
    <time>2022-07-09T12:51:24Z</time>
   </trkpt>
   <trkpt lat="45.8520830" lon="6.6323920">
    <ele>1282.8</ele>
    <time>2022-07-09T12:51:25Z</time>
   </trkpt>
   <trkpt lat="45.8521200" lon="6.6323710">
    <ele>1282.6</ele>
    <time>2022-07-09T12:51:26Z</time>
   </trkpt>
   <trkpt lat="45.8521490" lon="6.6323510">
    <ele>1282.5</ele>
    <time>2022-07-09T12:51:27Z</time>
   </trkpt>
   <trkpt lat="45.8521720" lon="6.6323200">
    <ele>1282.3</ele>
    <time>2022-07-09T12:51:28Z</time>
   </trkpt>
   <trkpt lat="45.8522070" lon="6.6323030">
    <ele>1282.1</ele>
    <time>2022-07-09T12:51:29Z</time>
   </trkpt>
   <trkpt lat="45.8522410" lon="6.6322870">
    <ele>1282.0</ele>
    <time>2022-07-09T12:51:30Z</time>
   </trkpt>
   <trkpt lat="45.8522720" lon="6.6322520">
    <ele>1281.8</ele>
    <time>2022-07-09T12:51:31Z</time>
   </trkpt>
   <trkpt lat="45.8523040" lon="6.6322330">
    <ele>1281.6</ele>
    <time>2022-07-09T12:51:32Z</time>
   </trkpt>
   <trkpt lat="45.8523370" lon="6.6322090">
    <ele>1281.4</ele>
    <time>2022-07-09T12:51:33Z</time>
   </trkpt>
   <trkpt lat="45.8523730" lon="6.6322020">
    <ele>1281.2</ele>
    <time>2022-07-09T12:51:34Z</time>
   </trkpt>
   <trkpt lat="45.8524070" lon="6.6321950">
    <ele>1281.1</ele>
    <time>2022-07-09T12:51:35Z</time>
   </trkpt>
   <trkpt lat="45.8524350" lon="6.6321820">
    <ele>1280.9</ele>
    <time>2022-07-09T12:51:36Z</time>
   </trkpt>
   <trkpt lat="45.8524650" lon="6.6321750">
    <ele>1280.8</ele>
    <time>2022-07-09T12:51:37Z</time>
   </trkpt>
   <trkpt lat="45.8524950" lon="6.6321700">
    <ele>1280.6</ele>
    <time>2022-07-09T12:51:38Z</time>
   </trkpt>
   <trkpt lat="45.8525370" lon="6.6321650">
    <ele>1280.4</ele>
    <time>2022-07-09T12:51:39Z</time>
   </trkpt>
   <trkpt lat="45.8525680" lon="6.6321460">
    <ele>1280.2</ele>
    <time>2022-07-09T12:51:40Z</time>
   </trkpt>
   <trkpt lat="45.8526080" lon="6.6321100">
    <ele>1280.0</ele>
    <time>2022-07-09T12:51:41Z</time>
   </trkpt>
   <trkpt lat="45.8526410" lon="6.6320260">
    <ele>1279.7</ele>
    <time>2022-07-09T12:51:42Z</time>
   </trkpt>
   <trkpt lat="45.8526680" lon="6.6320020">
    <ele>1279.5</ele>
    <time>2022-07-09T12:51:43Z</time>
   </trkpt>
   <trkpt lat="45.8527260" lon="6.6319540">
    <ele>1279.2</ele>
    <time>2022-07-09T12:51:45Z</time>
   </trkpt>
   <trkpt lat="45.8527530" lon="6.6319270">
    <ele>1279.1</ele>
    <time>2022-07-09T12:51:46Z</time>
   </trkpt>
   <trkpt lat="45.8527830" lon="6.6319140">
    <ele>1279.0</ele>
    <time>2022-07-09T12:51:47Z</time>
   </trkpt>
   <trkpt lat="45.8528070" lon="6.6318930">
    <ele>1278.9</ele>
    <time>2022-07-09T12:51:48Z</time>
   </trkpt>
   <trkpt lat="45.8528470" lon="6.6318760">
    <ele>1278.8</ele>
    <time>2022-07-09T12:51:50Z</time>
   </trkpt>
   <trkpt lat="45.8528560" lon="6.6318730">
    <ele>1278.8</ele>
    <time>2022-07-09T12:51:51Z</time>
   </trkpt>
   <trkpt lat="45.8528650" lon="6.6318700">
    <ele>1278.7</ele>
    <time>2022-07-09T12:51:52Z</time>
   </trkpt>
   <trkpt lat="45.8528740" lon="6.6318670">
    <ele>1278.7</ele>
    <time>2022-07-09T12:51:53Z</time>
   </trkpt>
   <trkpt lat="45.8528860" lon="6.6318630">
    <ele>1278.7</ele>
    <time>2022-07-09T12:51:54Z</time>
   </trkpt>
   <trkpt lat="45.8529010" lon="6.6318610">
    <ele>1278.6</ele>
    <time>2022-07-09T12:51:55Z</time>
   </trkpt>
   <trkpt lat="45.8529230" lon="6.6318470">
    <ele>1278.5</ele>
    <time>2022-07-09T12:51:56Z</time>
   </trkpt>
   <trkpt lat="45.8529340" lon="6.6318440">
    <ele>1278.5</ele>
    <time>2022-07-09T12:51:57Z</time>
   </trkpt>
   <trkpt lat="45.8529450" lon="6.6318410">
    <ele>1278.5</ele>
    <time>2022-07-09T12:51:58Z</time>
   </trkpt>
   <trkpt lat="45.8529640" lon="6.6318330">
    <ele>1278.4</ele>
    <time>2022-07-09T12:51:59Z</time>
   </trkpt>
   <trkpt lat="45.8529740" lon="6.6318250">
    <ele>1278.4</ele>
    <time>2022-07-09T12:52:00Z</time>
   </trkpt>
   <trkpt lat="45.8529840" lon="6.6318170">
    <ele>1278.3</ele>
    <time>2022-07-09T12:52:01Z</time>
   </trkpt>
   <trkpt lat="45.8529970" lon="6.6318120">
    <ele>1278.3</ele>
    <time>2022-07-09T12:52:02Z</time>
   </trkpt>
   <trkpt lat="45.8530050" lon="6.6318090">
    <ele>1278.3</ele>
    <time>2022-07-09T12:52:03Z</time>
   </trkpt>
   <trkpt lat="45.8530140" lon="6.6318060">
    <ele>1278.3</ele>
    <time>2022-07-09T12:52:04Z</time>
   </trkpt>
   <trkpt lat="45.8530220" lon="6.6318030">
    <ele>1278.2</ele>
    <time>2022-07-09T12:52:05Z</time>
   </trkpt>
   <trkpt lat="45.8530390" lon="6.6317950">
    <ele>1278.2</ele>
    <time>2022-07-09T12:52:06Z</time>
   </trkpt>
   <trkpt lat="45.8530500" lon="6.6317870">
    <ele>1278.1</ele>
    <time>2022-07-09T12:52:07Z</time>
   </trkpt>
   <trkpt lat="45.8530790" lon="6.6317680">
    <ele>1278.0</ele>
    <time>2022-07-09T12:52:08Z</time>
   </trkpt>
   <trkpt lat="45.8530880" lon="6.6317600">
    <ele>1277.9</ele>
    <time>2022-07-09T12:52:09Z</time>
   </trkpt>
   <trkpt lat="45.8530970" lon="6.6317520">
    <ele>1277.9</ele>
    <time>2022-07-09T12:52:10Z</time>
   </trkpt>
   <trkpt lat="45.8531090" lon="6.6317320">
    <ele>1277.8</ele>
    <time>2022-07-09T12:52:11Z</time>
   </trkpt>
   <trkpt lat="45.8531270" lon="6.6317200">
    <ele>1277.7</ele>
    <time>2022-07-09T12:52:12Z</time>
   </trkpt>
   <trkpt lat="45.8531390" lon="6.6317070">
    <ele>1277.7</ele>
    <time>2022-07-09T12:52:13Z</time>
   </trkpt>
   <trkpt lat="45.8531520" lon="6.6316890">
    <ele>1277.1</ele>
    <time>2022-07-09T12:52:14Z</time>
   </trkpt>
   <trkpt lat="45.8531580" lon="6.6316760">
    <ele>1277.0</ele>
    <time>2022-07-09T12:52:15Z</time>
   </trkpt>
   <trkpt lat="45.8531750" lon="6.6316570">
    <ele>1276.8</ele>
    <time>2022-07-09T12:52:16Z</time>
   </trkpt>
   <trkpt lat="45.8531790" lon="6.6316420">
    <ele>1276.7</ele>
    <time>2022-07-09T12:52:17Z</time>
   </trkpt>
   <trkpt lat="45.8531890" lon="6.6316320">
    <ele>1276.6</ele>
    <time>2022-07-09T12:52:18Z</time>
   </trkpt>
   <trkpt lat="45.8531960" lon="6.6316230">
    <ele>1276.5</ele>
    <time>2022-07-09T12:52:19Z</time>
   </trkpt>
   <trkpt lat="45.8531950" lon="6.6316120">
    <ele>1276.5</ele>
    <time>2022-07-09T12:52:20Z</time>
   </trkpt>
   <trkpt lat="45.8531910" lon="6.6316100">
    <ele>1276.4</ele>
    <time>2022-07-09T12:52:21Z</time>
   </trkpt>
   <trkpt lat="45.8531900" lon="6.6316040">
    <ele>1276.4</ele>
    <time>2022-07-09T12:52:22Z</time>
   </trkpt>
   <trkpt lat="45.8531850" lon="6.6316040">
    <ele>1276.3</ele>
    <time>2022-07-09T12:52:23Z</time>
   </trkpt>
   <trkpt lat="45.8531800" lon="6.6316030">
    <ele>1276.3</ele>
    <time>2022-07-09T12:52:24Z</time>
   </trkpt>
   <trkpt lat="45.8531710" lon="6.6316040">
    <ele>1276.2</ele>
    <time>2022-07-09T12:52:25Z</time>
   </trkpt>
   <trkpt lat="45.8531620" lon="6.6316030">
    <ele>1276.1</ele>
    <time>2022-07-09T12:52:26Z</time>
   </trkpt>
   <trkpt lat="45.8531540" lon="6.6316140">
    <ele>1276.0</ele>
    <time>2022-07-09T12:52:27Z</time>
   </trkpt>
   <trkpt lat="45.8531420" lon="6.6316140">
    <ele>1275.9</ele>
    <time>2022-07-09T12:52:28Z</time>
   </trkpt>
   <trkpt lat="45.8531320" lon="6.6316170">
    <ele>1275.8</ele>
    <time>2022-07-09T12:52:29Z</time>
   </trkpt>
   <trkpt lat="45.8531130" lon="6.6316110">
    <ele>1275.6</ele>
    <time>2022-07-09T12:52:30Z</time>
   </trkpt>
   <trkpt lat="45.8531070" lon="6.6316050">
    <ele>1275.5</ele>
    <time>2022-07-09T12:52:31Z</time>
   </trkpt>
   <trkpt lat="45.8531010" lon="6.6315990">
    <ele>1275.4</ele>
    <time>2022-07-09T12:52:32Z</time>
   </trkpt>
   <trkpt lat="45.8530960" lon="6.6315930">
    <ele>1275.4</ele>
    <time>2022-07-09T12:52:33Z</time>
   </trkpt>
   <trkpt lat="45.8530900" lon="6.6315790">
    <ele>1275.2</ele>
    <time>2022-07-09T12:52:34Z</time>
   </trkpt>
   <trkpt lat="45.8530890" lon="6.6315630">
    <ele>1275.1</ele>
    <time>2022-07-09T12:52:35Z</time>
   </trkpt>
   <trkpt lat="45.8530930" lon="6.6315480">
    <ele>1275.0</ele>
    <time>2022-07-09T12:52:36Z</time>
   </trkpt>
   <trkpt lat="45.8530960" lon="6.6315370">
    <ele>1274.9</ele>
    <time>2022-07-09T12:52:37Z</time>
   </trkpt>
   <trkpt lat="45.8530970" lon="6.6315060">
    <ele>1274.6</ele>
    <time>2022-07-09T12:52:38Z</time>
   </trkpt>
   <trkpt lat="45.8531020" lon="6.6315010">
    <ele>1274.5</ele>
    <time>2022-07-09T12:52:39Z</time>
   </trkpt>
   <trkpt lat="45.8530950" lon="6.6314800">
    <ele>1274.3</ele>
    <time>2022-07-09T12:52:40Z</time>
   </trkpt>
   <trkpt lat="45.8530930" lon="6.6314770">
    <ele>1274.3</ele>
    <time>2022-07-09T12:52:41Z</time>
   </trkpt>
   <trkpt lat="45.8530900" lon="6.6314570">
    <ele>1274.1</ele>
    <time>2022-07-09T12:52:42Z</time>
   </trkpt>
   <trkpt lat="45.8530880" lon="6.6314090">
    <ele>1273.6</ele>
    <time>2022-07-09T12:52:43Z</time>
   </trkpt>
   <trkpt lat="45.8530880" lon="6.6313870">
    <ele>1273.4</ele>
    <time>2022-07-09T12:52:44Z</time>
   </trkpt>
   <trkpt lat="45.8531170" lon="6.6313600">
    <ele>1272.9</ele>
    <time>2022-07-09T12:52:45Z</time>
   </trkpt>
   <trkpt lat="45.8531290" lon="6.6313430">
    <ele>1272.7</ele>
    <time>2022-07-09T12:52:46Z</time>
   </trkpt>
   <trkpt lat="45.8531360" lon="6.6313030">
    <ele>1272.3</ele>
    <time>2022-07-09T12:52:47Z</time>
   </trkpt>
   <trkpt lat="45.8531450" lon="6.6312880">
    <ele>1272.1</ele>
    <time>2022-07-09T12:52:48Z</time>
   </trkpt>
   <trkpt lat="45.8531460" lon="6.6312250">
    <ele>1271.5</ele>
    <time>2022-07-09T12:52:49Z</time>
   </trkpt>
   <trkpt lat="45.8531510" lon="6.6311680">
    <ele>1270.9</ele>
    <time>2022-07-09T12:52:50Z</time>
   </trkpt>
   <trkpt lat="45.8531560" lon="6.6310950">
    <ele>1270.2</ele>
    <time>2022-07-09T12:52:51Z</time>
   </trkpt>
   <trkpt lat="45.8531480" lon="6.6310420">
    <ele>1269.8</ele>
    <time>2022-07-09T12:52:52Z</time>
   </trkpt>
   <trkpt lat="45.8531420" lon="6.6310240">
    <ele>1269.6</ele>
    <time>2022-07-09T12:52:53Z</time>
   </trkpt>
   <trkpt lat="45.8531620" lon="6.6309680">
    <ele>1269.1</ele>
    <time>2022-07-09T12:52:54Z</time>
   </trkpt>
   <trkpt lat="45.8532020" lon="6.6309130">
    <ele>1267.5</ele>
    <time>2022-07-09T12:52:55Z</time>
   </trkpt>
   <trkpt lat="45.8532530" lon="6.6308960">
    <ele>1267.4</ele>
    <time>2022-07-09T12:52:56Z</time>
   </trkpt>
   <trkpt lat="45.8532890" lon="6.6308720">
    <ele>1267.3</ele>
    <time>2022-07-09T12:52:57Z</time>
   </trkpt>
   <trkpt lat="45.8533190" lon="6.6308420">
    <ele>1267.2</ele>
    <time>2022-07-09T12:52:58Z</time>
   </trkpt>
   <trkpt lat="45.8533440" lon="6.6307970">
    <ele>1266.9</ele>
    <time>2022-07-09T12:52:59Z</time>
   </trkpt>
   <trkpt lat="45.8533370" lon="6.6307110">
    <ele>1266.2</ele>
    <time>2022-07-09T12:53:00Z</time>
   </trkpt>
   <trkpt lat="45.8533360" lon="6.6306350">
    <ele>1265.5</ele>
    <time>2022-07-09T12:53:01Z</time>
   </trkpt>
   <trkpt lat="45.8533400" lon="6.6305640">
    <ele>1264.9</ele>
    <time>2022-07-09T12:53:02Z</time>
   </trkpt>
   <trkpt lat="45.8533480" lon="6.6304960">
    <ele>1264.3</ele>
    <time>2022-07-09T12:53:03Z</time>
   </trkpt>
   <trkpt lat="45.8533470" lon="6.6304300">
    <ele>1263.7</ele>
    <time>2022-07-09T12:53:04Z</time>
   </trkpt>
   <trkpt lat="45.8533430" lon="6.6303680">
    <ele>1263.2</ele>
    <time>2022-07-09T12:53:05Z</time>
   </trkpt>
   <trkpt lat="45.8533490" lon="6.6303060">
    <ele>1262.7</ele>
    <time>2022-07-09T12:53:06Z</time>
   </trkpt>
   <trkpt lat="45.8533550" lon="6.6302380">
    <ele>1262.1</ele>
    <time>2022-07-09T12:53:07Z</time>
   </trkpt>
   <trkpt lat="45.8533580" lon="6.6301740">
    <ele>1261.6</ele>
    <time>2022-07-09T12:53:08Z</time>
   </trkpt>
   <trkpt lat="45.8533660" lon="6.6301070">
    <ele>1261.0</ele>
    <time>2022-07-09T12:53:09Z</time>
   </trkpt>
   <trkpt lat="45.8533720" lon="6.6300510">
    <ele>1260.5</ele>
    <time>2022-07-09T12:53:10Z</time>
   </trkpt>
   <trkpt lat="45.8533740" lon="6.6299940">
    <ele>1260.1</ele>
    <time>2022-07-09T12:53:11Z</time>
   </trkpt>
   <trkpt lat="45.8533730" lon="6.6299370">
    <ele>1259.6</ele>
    <time>2022-07-09T12:53:12Z</time>
   </trkpt>
   <trkpt lat="45.8533880" lon="6.6298890">
    <ele>1259.2</ele>
    <time>2022-07-09T12:53:13Z</time>
   </trkpt>
   <trkpt lat="45.8534040" lon="6.6298440">
    <ele>1258.7</ele>
    <time>2022-07-09T12:53:14Z</time>
   </trkpt>
   <trkpt lat="45.8534220" lon="6.6297950">
    <ele>1258.2</ele>
    <time>2022-07-09T12:53:15Z</time>
   </trkpt>
   <trkpt lat="45.8534260" lon="6.6297460">
    <ele>1257.7</ele>
    <time>2022-07-09T12:53:16Z</time>
   </trkpt>
   <trkpt lat="45.8534420" lon="6.6296990">
    <ele>1257.1</ele>
    <time>2022-07-09T12:53:17Z</time>
   </trkpt>
   <trkpt lat="45.8534560" lon="6.6296550">
    <ele>1256.6</ele>
    <time>2022-07-09T12:53:18Z</time>
   </trkpt>
   <trkpt lat="45.8534740" lon="6.6295990">
    <ele>1256.0</ele>
    <time>2022-07-09T12:53:19Z</time>
   </trkpt>
   <trkpt lat="45.8535000" lon="6.6295430">
    <ele>1255.2</ele>
    <time>2022-07-09T12:53:20Z</time>
   </trkpt>
   <trkpt lat="45.8535270" lon="6.6294930">
    <ele>1254.6</ele>
    <time>2022-07-09T12:53:21Z</time>
   </trkpt>
   <trkpt lat="45.8535550" lon="6.6294420">
    <ele>1253.9</ele>
    <time>2022-07-09T12:53:22Z</time>
   </trkpt>
   <trkpt lat="45.8535780" lon="6.6294030">
    <ele>1253.4</ele>
    <time>2022-07-09T12:53:23Z</time>
   </trkpt>
   <trkpt lat="45.8536040" lon="6.6293490">
    <ele>1252.8</ele>
    <time>2022-07-09T12:53:24Z</time>
   </trkpt>
   <trkpt lat="45.8536350" lon="6.6293100">
    <ele>1252.2</ele>
    <time>2022-07-09T12:53:25Z</time>
   </trkpt>
   <trkpt lat="45.8536610" lon="6.6292630">
    <ele>1251.7</ele>
    <time>2022-07-09T12:53:26Z</time>
   </trkpt>
   <trkpt lat="45.8536960" lon="6.6292220">
    <ele>1251.1</ele>
    <time>2022-07-09T12:53:27Z</time>
   </trkpt>
   <trkpt lat="45.8537260" lon="6.6291810">
    <ele>1250.6</ele>
    <time>2022-07-09T12:53:28Z</time>
   </trkpt>
   <trkpt lat="45.8537500" lon="6.6291390">
    <ele>1250.1</ele>
    <time>2022-07-09T12:53:29Z</time>
   </trkpt>
   <trkpt lat="45.8537860" lon="6.6291080">
    <ele>1249.6</ele>
    <time>2022-07-09T12:53:30Z</time>
   </trkpt>
   <trkpt lat="45.8538160" lon="6.6290730">
    <ele>1249.1</ele>
    <time>2022-07-09T12:53:31Z</time>
   </trkpt>
   <trkpt lat="45.8538560" lon="6.6290530">
    <ele>1248.5</ele>
    <time>2022-07-09T12:53:32Z</time>
   </trkpt>
   <trkpt lat="45.8538940" lon="6.6290180">
    <ele>1247.9</ele>
    <time>2022-07-09T12:53:33Z</time>
   </trkpt>
   <trkpt lat="45.8539280" lon="6.6290010">
    <ele>1247.5</ele>
    <time>2022-07-09T12:53:34Z</time>
   </trkpt>
   <trkpt lat="45.8539580" lon="6.6289630">
    <ele>1246.9</ele>
    <time>2022-07-09T12:53:35Z</time>
   </trkpt>
   <trkpt lat="45.8539930" lon="6.6289400">
    <ele>1246.4</ele>
    <time>2022-07-09T12:53:36Z</time>
   </trkpt>
   <trkpt lat="45.8540260" lon="6.6288930">
    <ele>1245.9</ele>
    <time>2022-07-09T12:53:37Z</time>
   </trkpt>
   <trkpt lat="45.8540500" lon="6.6288460">
    <ele>1245.4</ele>
    <time>2022-07-09T12:53:38Z</time>
   </trkpt>
   <trkpt lat="45.8540780" lon="6.6288000">
    <ele>1244.9</ele>
    <time>2022-07-09T12:53:39Z</time>
   </trkpt>
   <trkpt lat="45.8541060" lon="6.6287650">
    <ele>1244.4</ele>
    <time>2022-07-09T12:53:40Z</time>
   </trkpt>
   <trkpt lat="45.8541420" lon="6.6287300">
    <ele>1243.9</ele>
    <time>2022-07-09T12:53:41Z</time>
   </trkpt>
   <trkpt lat="45.8541660" lon="6.6286830">
    <ele>1243.4</ele>
    <time>2022-07-09T12:53:42Z</time>
   </trkpt>
   <trkpt lat="45.8541950" lon="6.6286470">
    <ele>1242.9</ele>
    <time>2022-07-09T12:53:43Z</time>
   </trkpt>
   <trkpt lat="45.8542220" lon="6.6286190">
    <ele>1242.5</ele>
    <time>2022-07-09T12:53:44Z</time>
   </trkpt>
   <trkpt lat="45.8542450" lon="6.6285880">
    <ele>1242.1</ele>
    <time>2022-07-09T12:53:45Z</time>
   </trkpt>
   <trkpt lat="45.8542760" lon="6.6285560">
    <ele>1241.5</ele>
    <time>2022-07-09T12:53:46Z</time>
   </trkpt>
   <trkpt lat="45.8543110" lon="6.6285380">
    <ele>1240.9</ele>
    <time>2022-07-09T12:53:47Z</time>
   </trkpt>
   <trkpt lat="45.8543590" lon="6.6284990">
    <ele>1240.0</ele>
    <time>2022-07-09T12:53:48Z</time>
   </trkpt>
   <trkpt lat="45.8544220" lon="6.6284370">
    <ele>1238.8</ele>
    <time>2022-07-09T12:53:49Z</time>
   </trkpt>
   <trkpt lat="45.8544530" lon="6.6283880">
    <ele>1238.1</ele>
    <time>2022-07-09T12:53:50Z</time>
   </trkpt>
   <trkpt lat="45.8544870" lon="6.6283490">
    <ele>1237.4</ele>
    <time>2022-07-09T12:53:52Z</time>
   </trkpt>
   <trkpt lat="45.8545450" lon="6.6282760">
    <ele>1236.1</ele>
    <time>2022-07-09T12:53:53Z</time>
   </trkpt>
   <trkpt lat="45.8545730" lon="6.6282320">
    <ele>1235.4</ele>
    <time>2022-07-09T12:53:54Z</time>
   </trkpt>
   <trkpt lat="45.8546100" lon="6.6281950">
    <ele>1234.7</ele>
    <time>2022-07-09T12:53:56Z</time>
   </trkpt>
   <trkpt lat="45.8546650" lon="6.6280900">
    <ele>1233.2</ele>
    <time>2022-07-09T12:53:57Z</time>
   </trkpt>
   <trkpt lat="45.8546860" lon="6.6280380">
    <ele>1232.6</ele>
    <time>2022-07-09T12:53:58Z</time>
   </trkpt>
   <trkpt lat="45.8547050" lon="6.6279870">
    <ele>1232.0</ele>
    <time>2022-07-09T12:53:59Z</time>
   </trkpt>
   <trkpt lat="45.8547250" lon="6.6279410">
    <ele>1231.4</ele>
    <time>2022-07-09T12:54:00Z</time>
   </trkpt>
   <trkpt lat="45.8547510" lon="6.6278910">
    <ele>1230.8</ele>
    <time>2022-07-09T12:54:02Z</time>
   </trkpt>
   <trkpt lat="45.8547730" lon="6.6278460">
    <ele>1230.3</ele>
    <time>2022-07-09T12:54:03Z</time>
   </trkpt>
   <trkpt lat="45.8548030" lon="6.6277910">
    <ele>1229.7</ele>
    <time>2022-07-09T12:54:04Z</time>
   </trkpt>
   <trkpt lat="45.8548370" lon="6.6277450">
    <ele>1229.2</ele>
    <time>2022-07-09T12:54:05Z</time>
   </trkpt>
   <trkpt lat="45.8548670" lon="6.6277010">
    <ele>1228.7</ele>
    <time>2022-07-09T12:54:06Z</time>
   </trkpt>
   <trkpt lat="45.8549000" lon="6.6276590">
    <ele>1228.3</ele>
    <time>2022-07-09T12:54:07Z</time>
   </trkpt>
   <trkpt lat="45.8549380" lon="6.6276180">
    <ele>1227.9</ele>
    <time>2022-07-09T12:54:08Z</time>
   </trkpt>
   <trkpt lat="45.8549640" lon="6.6275840">
    <ele>1227.5</ele>
    <time>2022-07-09T12:54:09Z</time>
   </trkpt>
   <trkpt lat="45.8549890" lon="6.6275470">
    <ele>1227.2</ele>
    <time>2022-07-09T12:54:10Z</time>
   </trkpt>
   <trkpt lat="45.8550100" lon="6.6275080">
    <ele>1226.8</ele>
    <time>2022-07-09T12:54:11Z</time>
   </trkpt>
   <trkpt lat="45.8550380" lon="6.6274570">
    <ele>1226.4</ele>
    <time>2022-07-09T12:54:12Z</time>
   </trkpt>
   <trkpt lat="45.8550790" lon="6.6274250">
    <ele>1225.9</ele>
    <time>2022-07-09T12:54:13Z</time>
   </trkpt>
   <trkpt lat="45.8551100" lon="6.6273780">
    <ele>1225.4</ele>
    <time>2022-07-09T12:54:14Z</time>
   </trkpt>
   <trkpt lat="45.8551480" lon="6.6273440">
    <ele>1224.9</ele>
    <time>2022-07-09T12:54:15Z</time>
   </trkpt>
   <trkpt lat="45.8551830" lon="6.6273170">
    <ele>1224.5</ele>
    <time>2022-07-09T12:54:16Z</time>
   </trkpt>
   <trkpt lat="45.8552120" lon="6.6272830">
    <ele>1224.1</ele>
    <time>2022-07-09T12:54:17Z</time>
   </trkpt>
   <trkpt lat="45.8552430" lon="6.6272350">
    <ele>1223.6</ele>
    <time>2022-07-09T12:54:18Z</time>
   </trkpt>
   <trkpt lat="45.8552760" lon="6.6271940">
    <ele>1223.2</ele>
    <time>2022-07-09T12:54:19Z</time>
   </trkpt>
   <trkpt lat="45.8553010" lon="6.6271610">
    <ele>1222.8</ele>
    <time>2022-07-09T12:54:20Z</time>
   </trkpt>
   <trkpt lat="45.8553250" lon="6.6271220">
    <ele>1222.4</ele>
    <time>2022-07-09T12:54:21Z</time>
   </trkpt>
   <trkpt lat="45.8553560" lon="6.6271000">
    <ele>1222.0</ele>
    <time>2022-07-09T12:54:22Z</time>
   </trkpt>
   <trkpt lat="45.8553870" lon="6.6270550">
    <ele>1221.5</ele>
    <time>2022-07-09T12:54:23Z</time>
   </trkpt>
   <trkpt lat="45.8554090" lon="6.6270020">
    <ele>1221.0</ele>
    <time>2022-07-09T12:54:24Z</time>
   </trkpt>
   <trkpt lat="45.8554340" lon="6.6269450">
    <ele>1220.5</ele>
    <time>2022-07-09T12:54:25Z</time>
   </trkpt>
   <trkpt lat="45.8554660" lon="6.6269020">
    <ele>1220.1</ele>
    <time>2022-07-09T12:54:26Z</time>
   </trkpt>
   <trkpt lat="45.8554900" lon="6.6268470">
    <ele>1219.6</ele>
    <time>2022-07-09T12:54:27Z</time>
   </trkpt>
   <trkpt lat="45.8555210" lon="6.6267960">
    <ele>1219.1</ele>
    <time>2022-07-09T12:54:28Z</time>
   </trkpt>
   <trkpt lat="45.8555480" lon="6.6267320">
    <ele>1218.6</ele>
    <time>2022-07-09T12:54:29Z</time>
   </trkpt>
   <trkpt lat="45.8555770" lon="6.6266840">
    <ele>1218.2</ele>
    <time>2022-07-09T12:54:30Z</time>
   </trkpt>
   <trkpt lat="45.8556080" lon="6.6266470">
    <ele>1217.8</ele>
    <time>2022-07-09T12:54:31Z</time>
   </trkpt>
   <trkpt lat="45.8556410" lon="6.6266070">
    <ele>1217.5</ele>
    <time>2022-07-09T12:54:32Z</time>
   </trkpt>
   <trkpt lat="45.8556690" lon="6.6265670">
    <ele>1217.2</ele>
    <time>2022-07-09T12:54:33Z</time>
   </trkpt>
   <trkpt lat="45.8557020" lon="6.6265380">
    <ele>1217.0</ele>
    <time>2022-07-09T12:54:34Z</time>
   </trkpt>
   <trkpt lat="45.8557380" lon="6.6265120">
    <ele>1216.7</ele>
    <time>2022-07-09T12:54:35Z</time>
   </trkpt>
   <trkpt lat="45.8557670" lon="6.6264840">
    <ele>1216.5</ele>
    <time>2022-07-09T12:54:36Z</time>
   </trkpt>
   <trkpt lat="45.8557950" lon="6.6264620">
    <ele>1216.3</ele>
    <time>2022-07-09T12:54:37Z</time>
   </trkpt>
   <trkpt lat="45.8558290" lon="6.6264530">
    <ele>1216.1</ele>
    <time>2022-07-09T12:54:38Z</time>
   </trkpt>
   <trkpt lat="45.8558580" lon="6.6264310">
    <ele>1216.0</ele>
    <time>2022-07-09T12:54:39Z</time>
   </trkpt>
   <trkpt lat="45.8558870" lon="6.6264030">
    <ele>1215.8</ele>
    <time>2022-07-09T12:54:40Z</time>
   </trkpt>
   <trkpt lat="45.8559200" lon="6.6263870">
    <ele>1215.7</ele>
    <time>2022-07-09T12:54:41Z</time>
   </trkpt>
   <trkpt lat="45.8559550" lon="6.6263830">
    <ele>1215.6</ele>
    <time>2022-07-09T12:54:42Z</time>
   </trkpt>
   <trkpt lat="45.8559850" lon="6.6263810">
    <ele>1215.5</ele>
    <time>2022-07-09T12:54:43Z</time>
   </trkpt>
   <trkpt lat="45.8560150" lon="6.6263880">
    <ele>1215.4</ele>
    <time>2022-07-09T12:54:44Z</time>
   </trkpt>
   <trkpt lat="45.8560430" lon="6.6263900">
    <ele>1215.3</ele>
    <time>2022-07-09T12:54:45Z</time>
   </trkpt>
   <trkpt lat="45.8560730" lon="6.6263990">
    <ele>1215.2</ele>
    <time>2022-07-09T12:54:46Z</time>
   </trkpt>
   <trkpt lat="45.8561040" lon="6.6264300">
    <ele>1215.1</ele>
    <time>2022-07-09T12:54:47Z</time>
   </trkpt>
   <trkpt lat="45.8561360" lon="6.6264490">
    <ele>1215.0</ele>
    <time>2022-07-09T12:54:48Z</time>
   </trkpt>
   <trkpt lat="45.8561480" lon="6.6264540">
    <ele>1215.0</ele>
    <time>2022-07-09T12:54:49Z</time>
   </trkpt>
   <trkpt lat="45.8561710" lon="6.6264750">
    <ele>1214.9</ele>
    <time>2022-07-09T12:54:50Z</time>
   </trkpt>
   <trkpt lat="45.8561970" lon="6.6265030">
    <ele>1214.8</ele>
    <time>2022-07-09T12:54:51Z</time>
   </trkpt>
   <trkpt lat="45.8562250" lon="6.6265210">
    <ele>1214.8</ele>
    <time>2022-07-09T12:54:52Z</time>
   </trkpt>
   <trkpt lat="45.8562540" lon="6.6265340">
    <ele>1214.8</ele>
    <time>2022-07-09T12:54:53Z</time>
   </trkpt>
   <trkpt lat="45.8562830" lon="6.6265380">
    <ele>1214.7</ele>
    <time>2022-07-09T12:54:54Z</time>
   </trkpt>
   <trkpt lat="45.8563170" lon="6.6265560">
    <ele>1214.7</ele>
    <time>2022-07-09T12:54:55Z</time>
   </trkpt>
   <trkpt lat="45.8563600" lon="6.6265570">
    <ele>1214.7</ele>
    <time>2022-07-09T12:54:56Z</time>
   </trkpt>
   <trkpt lat="45.8563780" lon="6.6265660">
    <ele>1214.7</ele>
    <time>2022-07-09T12:54:57Z</time>
   </trkpt>
   <trkpt lat="45.8564120" lon="6.6265610">
    <ele>1214.7</ele>
    <time>2022-07-09T12:54:58Z</time>
   </trkpt>
   <trkpt lat="45.8564430" lon="6.6265670">
    <ele>1214.7</ele>
    <time>2022-07-09T12:54:59Z</time>
   </trkpt>
   <trkpt lat="45.8564790" lon="6.6265790">
    <ele>1214.7</ele>
    <time>2022-07-09T12:55:00Z</time>
   </trkpt>
   <trkpt lat="45.8565170" lon="6.6265860">
    <ele>1214.7</ele>
    <time>2022-07-09T12:55:01Z</time>
   </trkpt>
   <trkpt lat="45.8565420" lon="6.6265690">
    <ele>1214.7</ele>
    <time>2022-07-09T12:55:02Z</time>
   </trkpt>
   <trkpt lat="45.8565690" lon="6.6265740">
    <ele>1214.7</ele>
    <time>2022-07-09T12:55:03Z</time>
   </trkpt>
   <trkpt lat="45.8566010" lon="6.6265760">
    <ele>1214.7</ele>
    <time>2022-07-09T12:55:04Z</time>
   </trkpt>
   <trkpt lat="45.8566290" lon="6.6265780">
    <ele>1214.6</ele>
    <time>2022-07-09T12:55:05Z</time>
   </trkpt>
   <trkpt lat="45.8566570" lon="6.6265670">
    <ele>1214.5</ele>
    <time>2022-07-09T12:55:06Z</time>
   </trkpt>
   <trkpt lat="45.8566960" lon="6.6265670">
    <ele>1214.3</ele>
    <time>2022-07-09T12:55:07Z</time>
   </trkpt>
   <trkpt lat="45.8567090" lon="6.6265640">
    <ele>1214.2</ele>
    <time>2022-07-09T12:55:08Z</time>
   </trkpt>
   <trkpt lat="45.8567400" lon="6.6265670">
    <ele>1213.9</ele>
    <time>2022-07-09T12:55:09Z</time>
   </trkpt>
   <trkpt lat="45.8567710" lon="6.6265610">
    <ele>1213.6</ele>
    <time>2022-07-09T12:55:10Z</time>
   </trkpt>
   <trkpt lat="45.8568080" lon="6.6265420">
    <ele>1213.1</ele>
    <time>2022-07-09T12:55:11Z</time>
   </trkpt>
   <trkpt lat="45.8568360" lon="6.6265050">
    <ele>1212.6</ele>
    <time>2022-07-09T12:55:12Z</time>
   </trkpt>
   <trkpt lat="45.8568690" lon="6.6264840">
    <ele>1212.0</ele>
    <time>2022-07-09T12:55:13Z</time>
   </trkpt>
   <trkpt lat="45.8568950" lon="6.6264430">
    <ele>1211.4</ele>
    <time>2022-07-09T12:55:14Z</time>
   </trkpt>
   <trkpt lat="45.8569090" lon="6.6263880">
    <ele>1210.7</ele>
    <time>2022-07-09T12:55:15Z</time>
   </trkpt>
   <trkpt lat="45.8569040" lon="6.6263260">
    <ele>1210.0</ele>
    <time>2022-07-09T12:55:16Z</time>
   </trkpt>
   <trkpt lat="45.8568850" lon="6.6262620">
    <ele>1209.3</ele>
    <time>2022-07-09T12:55:17Z</time>
   </trkpt>
   <trkpt lat="45.8568590" lon="6.6262200">
    <ele>1208.7</ele>
    <time>2022-07-09T12:55:18Z</time>
   </trkpt>
   <trkpt lat="45.8568320" lon="6.6261930">
    <ele>1208.3</ele>
    <time>2022-07-09T12:55:19Z</time>
   </trkpt>
   <trkpt lat="45.8568070" lon="6.6261770">
    <ele>1207.9</ele>
    <time>2022-07-09T12:55:20Z</time>
   </trkpt>
   <trkpt lat="45.8567720" lon="6.6261670">
    <ele>1207.4</ele>
    <time>2022-07-09T12:55:21Z</time>
   </trkpt>
   <trkpt lat="45.8567380" lon="6.6261620">
    <ele>1206.9</ele>
    <time>2022-07-09T12:55:22Z</time>
   </trkpt>
   <trkpt lat="45.8567070" lon="6.6261610">
    <ele>1206.4</ele>
    <time>2022-07-09T12:55:23Z</time>
   </trkpt>
   <trkpt lat="45.8566700" lon="6.6261610">
    <ele>1205.9</ele>
    <time>2022-07-09T12:55:24Z</time>
   </trkpt>
   <trkpt lat="45.8566430" lon="6.6261410">
    <ele>1205.5</ele>
    <time>2022-07-09T12:55:25Z</time>
   </trkpt>
   <trkpt lat="45.8566170" lon="6.6261130">
    <ele>1205.0</ele>
    <time>2022-07-09T12:55:26Z</time>
   </trkpt>
   <trkpt lat="45.8565880" lon="6.6261010">
    <ele>1204.6</ele>
    <time>2022-07-09T12:55:27Z</time>
   </trkpt>
   <trkpt lat="45.8565600" lon="6.6260890">
    <ele>1204.2</ele>
    <time>2022-07-09T12:55:28Z</time>
   </trkpt>
   <trkpt lat="45.8565300" lon="6.6260730">
    <ele>1203.8</ele>
    <time>2022-07-09T12:55:29Z</time>
   </trkpt>
   <trkpt lat="45.8565010" lon="6.6260480">
    <ele>1203.3</ele>
    <time>2022-07-09T12:55:30Z</time>
   </trkpt>
   <trkpt lat="45.8564730" lon="6.6260390">
    <ele>1203.0</ele>
    <time>2022-07-09T12:55:31Z</time>
   </trkpt>
   <trkpt lat="45.8564410" lon="6.6260410">
    <ele>1202.5</ele>
    <time>2022-07-09T12:55:32Z</time>
   </trkpt>
   <trkpt lat="45.8564080" lon="6.6260300">
    <ele>1202.1</ele>
    <time>2022-07-09T12:55:33Z</time>
   </trkpt>
   <trkpt lat="45.8563820" lon="6.6260040">
    <ele>1201.7</ele>
    <time>2022-07-09T12:55:34Z</time>
   </trkpt>
   <trkpt lat="45.8563430" lon="6.6259720">
    <ele>1201.1</ele>
    <time>2022-07-09T12:55:35Z</time>
   </trkpt>
   <trkpt lat="45.8563270" lon="6.6259570">
    <ele>1200.8</ele>
    <time>2022-07-09T12:55:36Z</time>
   </trkpt>
   <trkpt lat="45.8562880" lon="6.6259550">
    <ele>1200.3</ele>
    <time>2022-07-09T12:55:37Z</time>
   </trkpt>
   <trkpt lat="45.8562530" lon="6.6259540">
    <ele>1199.8</ele>
    <time>2022-07-09T12:55:38Z</time>
   </trkpt>
   <trkpt lat="45.8562170" lon="6.6259280">
    <ele>1199.2</ele>
    <time>2022-07-09T12:55:39Z</time>
   </trkpt>
   <trkpt lat="45.8561860" lon="6.6259020">
    <ele>1198.7</ele>
    <time>2022-07-09T12:55:40Z</time>
   </trkpt>
   <trkpt lat="45.8561550" lon="6.6258670">
    <ele>1198.2</ele>
    <time>2022-07-09T12:55:41Z</time>
   </trkpt>
   <trkpt lat="45.8561140" lon="6.6258460">
    <ele>1197.7</ele>
    <time>2022-07-09T12:55:42Z</time>
   </trkpt>
   <trkpt lat="45.8560720" lon="6.6258290">
    <ele>1197.2</ele>
    <time>2022-07-09T12:55:43Z</time>
   </trkpt>
   <trkpt lat="45.8560400" lon="6.6258130">
    <ele>1196.9</ele>
    <time>2022-07-09T12:55:44Z</time>
   </trkpt>
   <trkpt lat="45.8560110" lon="6.6257940">
    <ele>1196.6</ele>
    <time>2022-07-09T12:55:45Z</time>
   </trkpt>
   <trkpt lat="45.8559740" lon="6.6257900">
    <ele>1196.2</ele>
    <time>2022-07-09T12:55:46Z</time>
   </trkpt>
   <trkpt lat="45.8559380" lon="6.6257720">
    <ele>1195.8</ele>
    <time>2022-07-09T12:55:47Z</time>
   </trkpt>
   <trkpt lat="45.8559010" lon="6.6257440">
    <ele>1195.4</ele>
    <time>2022-07-09T12:55:48Z</time>
   </trkpt>
   <trkpt lat="45.8558610" lon="6.6257510">
    <ele>1195.0</ele>
    <time>2022-07-09T12:55:49Z</time>
   </trkpt>
   <trkpt lat="45.8558160" lon="6.6257510">
    <ele>1194.5</ele>
    <time>2022-07-09T12:55:50Z</time>
   </trkpt>
   <trkpt lat="45.8557780" lon="6.6257570">
    <ele>1194.1</ele>
    <time>2022-07-09T12:55:51Z</time>
   </trkpt>
   <trkpt lat="45.8557470" lon="6.6257570">
    <ele>1193.8</ele>
    <time>2022-07-09T12:55:52Z</time>
   </trkpt>
   <trkpt lat="45.8557140" lon="6.6257630">
    <ele>1193.4</ele>
    <time>2022-07-09T12:55:53Z</time>
   </trkpt>
   <trkpt lat="45.8556810" lon="6.6257700">
    <ele>1193.0</ele>
    <time>2022-07-09T12:55:54Z</time>
   </trkpt>
   <trkpt lat="45.8556470" lon="6.6257610">
    <ele>1192.6</ele>
    <time>2022-07-09T12:55:55Z</time>
   </trkpt>
   <trkpt lat="45.8556130" lon="6.6257540">
    <ele>1192.1</ele>
    <time>2022-07-09T12:55:56Z</time>
   </trkpt>
   <trkpt lat="45.8555730" lon="6.6257300">
    <ele>1191.5</ele>
    <time>2022-07-09T12:55:57Z</time>
   </trkpt>
   <trkpt lat="45.8555370" lon="6.6257100">
    <ele>1190.9</ele>
    <time>2022-07-09T12:55:58Z</time>
   </trkpt>
   <trkpt lat="45.8555130" lon="6.6256870">
    <ele>1190.5</ele>
    <time>2022-07-09T12:55:59Z</time>
   </trkpt>
   <trkpt lat="45.8554970" lon="6.6256520">
    <ele>1190.0</ele>
    <time>2022-07-09T12:56:00Z</time>
   </trkpt>
   <trkpt lat="45.8554910" lon="6.6256010">
    <ele>1189.5</ele>
    <time>2022-07-09T12:56:01Z</time>
   </trkpt>
   <trkpt lat="45.8555010" lon="6.6255610">
    <ele>1189.0</ele>
    <time>2022-07-09T12:56:02Z</time>
   </trkpt>
   <trkpt lat="45.8555090" lon="6.6255510">
    <ele>1188.8</ele>
    <time>2022-07-09T12:56:03Z</time>
   </trkpt>
   <trkpt lat="45.8555120" lon="6.6255500">
    <ele>1188.8</ele>
    <time>2022-07-09T12:56:04Z</time>
   </trkpt>
   <trkpt lat="45.8555290" lon="6.6255450">
    <ele>1188.5</ele>
    <time>2022-07-09T12:56:05Z</time>
   </trkpt>
   <trkpt lat="45.8555430" lon="6.6255500">
    <ele>1188.3</ele>
    <time>2022-07-09T12:56:06Z</time>
   </trkpt>
   <trkpt lat="45.8555770" lon="6.6255540">
    <ele>1187.8</ele>
    <time>2022-07-09T12:56:07Z</time>
   </trkpt>
   <trkpt lat="45.8555890" lon="6.6255560">
    <ele>1187.6</ele>
    <time>2022-07-09T12:56:08Z</time>
   </trkpt>
   <trkpt lat="45.8556270" lon="6.6255460">
    <ele>1187.0</ele>
    <time>2022-07-09T12:56:09Z</time>
   </trkpt>
   <trkpt lat="45.8556420" lon="6.6255480">
    <ele>1186.8</ele>
    <time>2022-07-09T12:56:10Z</time>
   </trkpt>
   <trkpt lat="45.8556580" lon="6.6255150">
    <ele>1186.4</ele>
    <time>2022-07-09T12:56:11Z</time>
   </trkpt>
   <trkpt lat="45.8556730" lon="6.6255090">
    <ele>1186.2</ele>
    <time>2022-07-09T12:56:12Z</time>
   </trkpt>
   <trkpt lat="45.8556950" lon="6.6254940">
    <ele>1185.9</ele>
    <time>2022-07-09T12:56:13Z</time>
   </trkpt>
   <trkpt lat="45.8557070" lon="6.6254880">
    <ele>1185.7</ele>
    <time>2022-07-09T12:56:14Z</time>
   </trkpt>
   <trkpt lat="45.8557460" lon="6.6254880">
    <ele>1185.2</ele>
    <time>2022-07-09T12:56:15Z</time>
   </trkpt>
   <trkpt lat="45.8557630" lon="6.6254840">
    <ele>1184.9</ele>
    <time>2022-07-09T12:56:16Z</time>
   </trkpt>
   <trkpt lat="45.8558120" lon="6.6255090">
    <ele>1184.3</ele>
    <time>2022-07-09T12:56:17Z</time>
   </trkpt>
   <trkpt lat="45.8558530" lon="6.6255260">
    <ele>1183.7</ele>
    <time>2022-07-09T12:56:18Z</time>
   </trkpt>
   <trkpt lat="45.8558920" lon="6.6255280">
    <ele>1183.2</ele>
    <time>2022-07-09T12:56:19Z</time>
   </trkpt>
   <trkpt lat="45.8559330" lon="6.6255290">
    <ele>1182.6</ele>
    <time>2022-07-09T12:56:20Z</time>
   </trkpt>
   <trkpt lat="45.8559640" lon="6.6255070">
    <ele>1182.1</ele>
    <time>2022-07-09T12:56:21Z</time>
   </trkpt>
   <trkpt lat="45.8559860" lon="6.6254650">
    <ele>1181.6</ele>
    <time>2022-07-09T12:56:22Z</time>
   </trkpt>
   <trkpt lat="45.8559820" lon="6.6254090">
    <ele>1181.0</ele>
    <time>2022-07-09T12:56:23Z</time>
   </trkpt>
   <trkpt lat="45.8559620" lon="6.6253490">
    <ele>1180.3</ele>
    <time>2022-07-09T12:56:24Z</time>
   </trkpt>
   <trkpt lat="45.8559340" lon="6.6253090">
    <ele>1179.6</ele>
    <time>2022-07-09T12:56:25Z</time>
   </trkpt>
   <trkpt lat="45.8559000" lon="6.6252790">
    <ele>1179.0</ele>
    <time>2022-07-09T12:56:26Z</time>
   </trkpt>
   <trkpt lat="45.8558700" lon="6.6252550">
    <ele>1178.5</ele>
    <time>2022-07-09T12:56:27Z</time>
   </trkpt>
   <trkpt lat="45.8558440" lon="6.6252080">
    <ele>1177.9</ele>
    <time>2022-07-09T12:56:28Z</time>
   </trkpt>
   <trkpt lat="45.8558230" lon="6.6251590">
    <ele>1177.3</ele>
    <time>2022-07-09T12:56:29Z</time>
   </trkpt>
   <trkpt lat="45.8558140" lon="6.6251040">
    <ele>1176.7</ele>
    <time>2022-07-09T12:56:30Z</time>
   </trkpt>
   <trkpt lat="45.8558260" lon="6.6250480">
    <ele>1176.1</ele>
    <time>2022-07-09T12:56:31Z</time>
   </trkpt>
   <trkpt lat="45.8558440" lon="6.6250010">
    <ele>1175.6</ele>
    <time>2022-07-09T12:56:32Z</time>
   </trkpt>
   <trkpt lat="45.8558680" lon="6.6249620">
    <ele>1175.1</ele>
    <time>2022-07-09T12:56:33Z</time>
   </trkpt>
   <trkpt lat="45.8558910" lon="6.6249130">
    <ele>1174.5</ele>
    <time>2022-07-09T12:56:34Z</time>
   </trkpt>
   <trkpt lat="45.8559070" lon="6.6248620">
    <ele>1174.1</ele>
    <time>2022-07-09T12:56:35Z</time>
   </trkpt>
   <trkpt lat="45.8559380" lon="6.6248140">
    <ele>1173.6</ele>
    <time>2022-07-09T12:56:36Z</time>
   </trkpt>
   <trkpt lat="45.8559650" lon="6.6247690">
    <ele>1173.1</ele>
    <time>2022-07-09T12:56:37Z</time>
   </trkpt>
   <trkpt lat="45.8559850" lon="6.6247250">
    <ele>1172.8</ele>
    <time>2022-07-09T12:56:38Z</time>
   </trkpt>
   <trkpt lat="45.8559940" lon="6.6246800">
    <ele>1172.4</ele>
    <time>2022-07-09T12:56:39Z</time>
   </trkpt>
   <trkpt lat="45.8560120" lon="6.6246300">
    <ele>1172.0</ele>
    <time>2022-07-09T12:56:40Z</time>
   </trkpt>
   <trkpt lat="45.8560230" lon="6.6245910">
    <ele>1171.7</ele>
    <time>2022-07-09T12:56:41Z</time>
   </trkpt>
   <trkpt lat="45.8560400" lon="6.6245440">
    <ele>1171.3</ele>
    <time>2022-07-09T12:56:42Z</time>
   </trkpt>
   <trkpt lat="45.8560550" lon="6.6245060">
    <ele>1170.9</ele>
    <time>2022-07-09T12:56:43Z</time>
   </trkpt>
   <trkpt lat="45.8560660" lon="6.6244640">
    <ele>1170.5</ele>
    <time>2022-07-09T12:56:44Z</time>
   </trkpt>
   <trkpt lat="45.8560800" lon="6.6244240">
    <ele>1170.1</ele>
    <time>2022-07-09T12:56:45Z</time>
   </trkpt>
   <trkpt lat="45.8561000" lon="6.6243750">
    <ele>1169.6</ele>
    <time>2022-07-09T12:56:46Z</time>
   </trkpt>
   <trkpt lat="45.8561260" lon="6.6243450">
    <ele>1169.1</ele>
    <time>2022-07-09T12:56:47Z</time>
   </trkpt>
   <trkpt lat="45.8561450" lon="6.6243080">
    <ele>1168.7</ele>
    <time>2022-07-09T12:56:48Z</time>
   </trkpt>
   <trkpt lat="45.8561750" lon="6.6242960">
    <ele>1168.2</ele>
    <time>2022-07-09T12:56:49Z</time>
   </trkpt>
   <trkpt lat="45.8562210" lon="6.6243370">
    <ele>1167.5</ele>
    <time>2022-07-09T12:56:50Z</time>
   </trkpt>
   <trkpt lat="45.8562330" lon="6.6244160">
    <ele>1166.7</ele>
    <time>2022-07-09T12:56:51Z</time>
   </trkpt>
   <trkpt lat="45.8562320" lon="6.6244750">
    <ele>1166.1</ele>
    <time>2022-07-09T12:56:52Z</time>
   </trkpt>
   <trkpt lat="45.8562290" lon="6.6245340">
    <ele>1165.5</ele>
    <time>2022-07-09T12:56:53Z</time>
   </trkpt>
   <trkpt lat="45.8562310" lon="6.6245920">
    <ele>1164.9</ele>
    <time>2022-07-09T12:56:54Z</time>
   </trkpt>
   <trkpt lat="45.8562320" lon="6.6246480">
    <ele>1164.4</ele>
    <time>2022-07-09T12:56:55Z</time>
   </trkpt>
   <trkpt lat="45.8562420" lon="6.6247010">
    <ele>1163.9</ele>
    <time>2022-07-09T12:56:56Z</time>
   </trkpt>
   <trkpt lat="45.8562580" lon="6.6247440">
    <ele>1163.4</ele>
    <time>2022-07-09T12:56:57Z</time>
   </trkpt>
   <trkpt lat="45.8562980" lon="6.6247820">
    <ele>1162.7</ele>
    <time>2022-07-09T12:56:58Z</time>
   </trkpt>
   <trkpt lat="45.8563290" lon="6.6248140">
    <ele>1162.2</ele>
    <time>2022-07-09T12:56:59Z</time>
   </trkpt>
   <trkpt lat="45.8563630" lon="6.6248210">
    <ele>1161.7</ele>
    <time>2022-07-09T12:57:00Z</time>
   </trkpt>
   <trkpt lat="45.8564080" lon="6.6248040">
    <ele>1161.0</ele>
    <time>2022-07-09T12:57:01Z</time>
   </trkpt>
   <trkpt lat="45.8564460" lon="6.6247860">
    <ele>1160.3</ele>
    <time>2022-07-09T12:57:02Z</time>
   </trkpt>
   <trkpt lat="45.8564860" lon="6.6247660">
    <ele>1159.7</ele>
    <time>2022-07-09T12:57:03Z</time>
   </trkpt>
   <trkpt lat="45.8565170" lon="6.6247420">
    <ele>1159.2</ele>
    <time>2022-07-09T12:57:04Z</time>
   </trkpt>
   <trkpt lat="45.8565610" lon="6.6247300">
    <ele>1158.5</ele>
    <time>2022-07-09T12:57:05Z</time>
   </trkpt>
   <trkpt lat="45.8566010" lon="6.6247140">
    <ele>1157.8</ele>
    <time>2022-07-09T12:57:06Z</time>
   </trkpt>
   <trkpt lat="45.8566310" lon="6.6246990">
    <ele>1157.3</ele>
    <time>2022-07-09T12:57:07Z</time>
   </trkpt>
   <trkpt lat="45.8566690" lon="6.6246800">
    <ele>1156.6</ele>
    <time>2022-07-09T12:57:08Z</time>
   </trkpt>
   <trkpt lat="45.8567110" lon="6.6246610">
    <ele>1155.9</ele>
    <time>2022-07-09T12:57:09Z</time>
   </trkpt>
   <trkpt lat="45.8567450" lon="6.6246280">
    <ele>1155.2</ele>
    <time>2022-07-09T12:57:10Z</time>
   </trkpt>
   <trkpt lat="45.8567710" lon="6.6245820">
    <ele>1154.5</ele>
    <time>2022-07-09T12:57:11Z</time>
   </trkpt>
   <trkpt lat="45.8567750" lon="6.6245270">
    <ele>1153.8</ele>
    <time>2022-07-09T12:57:12Z</time>
   </trkpt>
   <trkpt lat="45.8567610" lon="6.6244710">
    <ele>1153.2</ele>
    <time>2022-07-09T12:57:13Z</time>
   </trkpt>
   <trkpt lat="45.8567420" lon="6.6244260">
    <ele>1152.6</ele>
    <time>2022-07-09T12:57:14Z</time>
   </trkpt>
   <trkpt lat="45.8567260" lon="6.6243720">
    <ele>1151.9</ele>
    <time>2022-07-09T12:57:15Z</time>
   </trkpt>
   <trkpt lat="45.8567080" lon="6.6243100">
    <ele>1151.2</ele>
    <time>2022-07-09T12:57:16Z</time>
   </trkpt>
   <trkpt lat="45.8566970" lon="6.6242510">
    <ele>1150.5</ele>
    <time>2022-07-09T12:57:17Z</time>
   </trkpt>
   <trkpt lat="45.8566970" lon="6.6241900">
    <ele>1149.8</ele>
    <time>2022-07-09T12:57:18Z</time>
   </trkpt>
   <trkpt lat="45.8567170" lon="6.6241220">
    <ele>1149.1</ele>
    <time>2022-07-09T12:57:19Z</time>
   </trkpt>
   <trkpt lat="45.8567410" lon="6.6240690">
    <ele>1148.6</ele>
    <time>2022-07-09T12:57:20Z</time>
   </trkpt>
   <trkpt lat="45.8567490" lon="6.6240120">
    <ele>1148.1</ele>
    <time>2022-07-09T12:57:21Z</time>
   </trkpt>
   <trkpt lat="45.8567470" lon="6.6239520">
    <ele>1147.6</ele>
    <time>2022-07-09T12:57:22Z</time>
   </trkpt>
   <trkpt lat="45.8567520" lon="6.6238980">
    <ele>1147.2</ele>
    <time>2022-07-09T12:57:23Z</time>
   </trkpt>
   <trkpt lat="45.8567470" lon="6.6238370">
    <ele>1146.9</ele>
    <time>2022-07-09T12:57:24Z</time>
   </trkpt>
   <trkpt lat="45.8567410" lon="6.6237850">
    <ele>1146.6</ele>
    <time>2022-07-09T12:57:25Z</time>
   </trkpt>
   <trkpt lat="45.8567290" lon="6.6237240">
    <ele>1146.3</ele>
    <time>2022-07-09T12:57:26Z</time>
   </trkpt>
   <trkpt lat="45.8567090" lon="6.6236730">
    <ele>1146.0</ele>
    <time>2022-07-09T12:57:27Z</time>
   </trkpt>
   <trkpt lat="45.8566840" lon="6.6236270">
    <ele>1145.8</ele>
    <time>2022-07-09T12:57:28Z</time>
   </trkpt>
   <trkpt lat="45.8566630" lon="6.6235950">
    <ele>1145.7</ele>
    <time>2022-07-09T12:57:29Z</time>
   </trkpt>
   <trkpt lat="45.8566360" lon="6.6235580">
    <ele>1145.5</ele>
    <time>2022-07-09T12:57:30Z</time>
   </trkpt>
   <trkpt lat="45.8566260" lon="6.6235450">
    <ele>1145.4</ele>
    <time>2022-07-09T12:57:31Z</time>
   </trkpt>
   <trkpt lat="45.8565980" lon="6.6235220">
    <ele>1145.3</ele>
    <time>2022-07-09T12:57:32Z</time>
   </trkpt>
   <trkpt lat="45.8565750" lon="6.6234950">
    <ele>1145.3</ele>
    <time>2022-07-09T12:57:33Z</time>
   </trkpt>
   <trkpt lat="45.8565640" lon="6.6234560">
    <ele>1145.2</ele>
    <time>2022-07-09T12:57:34Z</time>
   </trkpt>
   <trkpt lat="45.8565540" lon="6.6234180">
    <ele>1145.1</ele>
    <time>2022-07-09T12:57:35Z</time>
   </trkpt>
   <trkpt lat="45.8565280" lon="6.6233790">
    <ele>1145.0</ele>
    <time>2022-07-09T12:57:36Z</time>
   </trkpt>
   <trkpt lat="45.8565210" lon="6.6233650">
    <ele>1144.9</ele>
    <time>2022-07-09T12:57:37Z</time>
   </trkpt>
   <trkpt lat="45.8565000" lon="6.6233360">
    <ele>1144.8</ele>
    <time>2022-07-09T12:57:38Z</time>
   </trkpt>
   <trkpt lat="45.8564720" lon="6.6232970">
    <ele>1144.7</ele>
    <time>2022-07-09T12:57:39Z</time>
   </trkpt>
   <trkpt lat="45.8564610" lon="6.6232850">
    <ele>1144.6</ele>
    <time>2022-07-09T12:57:40Z</time>
   </trkpt>
   <trkpt lat="45.8564390" lon="6.6232540">
    <ele>1144.5</ele>
    <time>2022-07-09T12:57:41Z</time>
   </trkpt>
   <trkpt lat="45.8564230" lon="6.6232120">
    <ele>1144.4</ele>
    <time>2022-07-09T12:57:42Z</time>
   </trkpt>
   <trkpt lat="45.8564170" lon="6.6232010">
    <ele>1144.3</ele>
    <time>2022-07-09T12:57:43Z</time>
   </trkpt>
   <trkpt lat="45.8564190" lon="6.6231570">
    <ele>1144.0</ele>
    <time>2022-07-09T12:57:44Z</time>
   </trkpt>
   <trkpt lat="45.8564370" lon="6.6231050">
    <ele>1143.7</ele>
    <time>2022-07-09T12:57:45Z</time>
   </trkpt>
   <trkpt lat="45.8564580" lon="6.6230440">
    <ele>1143.3</ele>
    <time>2022-07-09T12:57:46Z</time>
   </trkpt>
   <trkpt lat="45.8564800" lon="6.6230010">
    <ele>1143.1</ele>
    <time>2022-07-09T12:57:47Z</time>
   </trkpt>
   <trkpt lat="45.8564880" lon="6.6229460">
    <ele>1142.8</ele>
    <time>2022-07-09T12:57:48Z</time>
   </trkpt>
   <trkpt lat="45.8565040" lon="6.6228970">
    <ele>1142.6</ele>
    <time>2022-07-09T12:57:49Z</time>
   </trkpt>
   <trkpt lat="45.8565220" lon="6.6228540">
    <ele>1142.5</ele>
    <time>2022-07-09T12:57:50Z</time>
   </trkpt>
   <trkpt lat="45.8565230" lon="6.6227980">
    <ele>1142.3</ele>
    <time>2022-07-09T12:57:51Z</time>
   </trkpt>
   <trkpt lat="45.8565330" lon="6.6227530">
    <ele>1142.2</ele>
    <time>2022-07-09T12:57:52Z</time>
   </trkpt>
   <trkpt lat="45.8565360" lon="6.6226960">
    <ele>1142.0</ele>
    <time>2022-07-09T12:57:53Z</time>
   </trkpt>
   <trkpt lat="45.8565430" lon="6.6226540">
    <ele>1141.9</ele>
    <time>2022-07-09T12:57:54Z</time>
   </trkpt>
   <trkpt lat="45.8565540" lon="6.6226130">
    <ele>1141.8</ele>
    <time>2022-07-09T12:57:55Z</time>
   </trkpt>
   <trkpt lat="45.8565550" lon="6.6225600">
    <ele>1141.7</ele>
    <time>2022-07-09T12:57:56Z</time>
   </trkpt>
   <trkpt lat="45.8565540" lon="6.6225110">
    <ele>1141.7</ele>
    <time>2022-07-09T12:57:57Z</time>
   </trkpt>
   <trkpt lat="45.8565590" lon="6.6224700">
    <ele>1141.6</ele>
    <time>2022-07-09T12:57:58Z</time>
   </trkpt>
   <trkpt lat="45.8565770" lon="6.6224200">
    <ele>1141.5</ele>
    <time>2022-07-09T12:57:59Z</time>
   </trkpt>
   <trkpt lat="45.8565940" lon="6.6223800">
    <ele>1141.4</ele>
    <time>2022-07-09T12:58:00Z</time>
   </trkpt>
   <trkpt lat="45.8566240" lon="6.6223440">
    <ele>1141.3</ele>
    <time>2022-07-09T12:58:01Z</time>
   </trkpt>
   <trkpt lat="45.8566380" lon="6.6223040">
    <ele>1141.3</ele>
    <time>2022-07-09T12:58:02Z</time>
   </trkpt>
   <trkpt lat="45.8566520" lon="6.6222510">
    <ele>1141.1</ele>
    <time>2022-07-09T12:58:03Z</time>
   </trkpt>
   <trkpt lat="45.8566690" lon="6.6222060">
    <ele>1140.7</ele>
    <time>2022-07-09T12:58:04Z</time>
   </trkpt>
   <trkpt lat="45.8566880" lon="6.6221630">
    <ele>1140.4</ele>
    <time>2022-07-09T12:58:05Z</time>
   </trkpt>
   <trkpt lat="45.8567040" lon="6.6221210">
    <ele>1140.0</ele>
    <time>2022-07-09T12:58:06Z</time>
   </trkpt>
   <trkpt lat="45.8567210" lon="6.6220780">
    <ele>1139.6</ele>
    <time>2022-07-09T12:58:07Z</time>
   </trkpt>
   <trkpt lat="45.8567420" lon="6.6220390">
    <ele>1139.2</ele>
    <time>2022-07-09T12:58:08Z</time>
   </trkpt>
   <trkpt lat="45.8567660" lon="6.6220040">
    <ele>1138.8</ele>
    <time>2022-07-09T12:58:09Z</time>
   </trkpt>
   <trkpt lat="45.8567960" lon="6.6219680">
    <ele>1138.2</ele>
    <time>2022-07-09T12:58:10Z</time>
   </trkpt>
   <trkpt lat="45.8568240" lon="6.6219270">
    <ele>1137.6</ele>
    <time>2022-07-09T12:58:11Z</time>
   </trkpt>
   <trkpt lat="45.8568450" lon="6.6218870">
    <ele>1137.1</ele>
    <time>2022-07-09T12:58:12Z</time>
   </trkpt>
   <trkpt lat="45.8568650" lon="6.6218480">
    <ele>1136.6</ele>
    <time>2022-07-09T12:58:13Z</time>
   </trkpt>
   <trkpt lat="45.8568870" lon="6.6218090">
    <ele>1136.0</ele>
    <time>2022-07-09T12:58:14Z</time>
   </trkpt>
   <trkpt lat="45.8569080" lon="6.6217760">
    <ele>1135.5</ele>
    <time>2022-07-09T12:58:15Z</time>
   </trkpt>
   <trkpt lat="45.8569240" lon="6.6217190">
    <ele>1134.8</ele>
    <time>2022-07-09T12:58:16Z</time>
   </trkpt>
   <trkpt lat="45.8569450" lon="6.6216630">
    <ele>1134.1</ele>
    <time>2022-07-09T12:58:17Z</time>
   </trkpt>
   <trkpt lat="45.8569790" lon="6.6216230">
    <ele>1133.5</ele>
    <time>2022-07-09T12:58:18Z</time>
   </trkpt>
   <trkpt lat="45.8569990" lon="6.6215760">
    <ele>1132.9</ele>
    <time>2022-07-09T12:58:19Z</time>
   </trkpt>
   <trkpt lat="45.8570120" lon="6.6215270">
    <ele>1132.3</ele>
    <time>2022-07-09T12:58:20Z</time>
   </trkpt>
   <trkpt lat="45.8570230" lon="6.6214700">
    <ele>1131.8</ele>
    <time>2022-07-09T12:58:21Z</time>
   </trkpt>
   <trkpt lat="45.8570510" lon="6.6214310">
    <ele>1131.2</ele>
    <time>2022-07-09T12:58:22Z</time>
   </trkpt>
   <trkpt lat="45.8570560" lon="6.6213750">
    <ele>1130.8</ele>
    <time>2022-07-09T12:58:23Z</time>
   </trkpt>
   <trkpt lat="45.8570540" lon="6.6213250">
    <ele>1130.4</ele>
    <time>2022-07-09T12:58:24Z</time>
   </trkpt>
   <trkpt lat="45.8570610" lon="6.6212810">
    <ele>1130.0</ele>
    <time>2022-07-09T12:58:25Z</time>
   </trkpt>
   <trkpt lat="45.8570670" lon="6.6212280">
    <ele>1129.5</ele>
    <time>2022-07-09T12:58:26Z</time>
   </trkpt>
   <trkpt lat="45.8570770" lon="6.6211820">
    <ele>1129.0</ele>
    <time>2022-07-09T12:58:27Z</time>
   </trkpt>
   <trkpt lat="45.8570820" lon="6.6211430">
    <ele>1128.5</ele>
    <time>2022-07-09T12:58:28Z</time>
   </trkpt>
   <trkpt lat="45.8570900" lon="6.6211160">
    <ele>1128.1</ele>
    <time>2022-07-09T12:58:29Z</time>
   </trkpt>
   <trkpt lat="45.8570950" lon="6.6211000">
    <ele>1127.8</ele>
    <time>2022-07-09T12:58:30Z</time>
   </trkpt>
   <trkpt lat="45.8571070" lon="6.6210660">
    <ele>1127.2</ele>
    <time>2022-07-09T12:58:31Z</time>
   </trkpt>
   <trkpt lat="45.8571100" lon="6.6210490">
    <ele>1126.9</ele>
    <time>2022-07-09T12:58:32Z</time>
   </trkpt>
   <trkpt lat="45.8571330" lon="6.6210050">
    <ele>1125.8</ele>
    <time>2022-07-09T12:58:33Z</time>
   </trkpt>
   <trkpt lat="45.8571420" lon="6.6209920">
    <ele>1125.5</ele>
    <time>2022-07-09T12:58:34Z</time>
   </trkpt>
   <trkpt lat="45.8571650" lon="6.6209560">
    <ele>1124.4</ele>
    <time>2022-07-09T12:58:35Z</time>
   </trkpt>
   <trkpt lat="45.8571710" lon="6.6209460">
    <ele>1124.2</ele>
    <time>2022-07-09T12:58:36Z</time>
   </trkpt>
   <trkpt lat="45.8571960" lon="6.6209200">
    <ele>1123.2</ele>
    <time>2022-07-09T12:58:37Z</time>
   </trkpt>
   <trkpt lat="45.8572070" lon="6.6209110">
    <ele>1122.8</ele>
    <time>2022-07-09T12:58:38Z</time>
   </trkpt>
   <trkpt lat="45.8572180" lon="6.6208650">
    <ele>1121.8</ele>
    <time>2022-07-09T12:58:39Z</time>
   </trkpt>
   <trkpt lat="45.8572160" lon="6.6208490">
    <ele>1121.0</ele>
    <time>2022-07-09T12:58:40Z</time>
   </trkpt>
   <trkpt lat="45.8572280" lon="6.6208110">
    <ele>1120.3</ele>
    <time>2022-07-09T12:58:41Z</time>
   </trkpt>
   <trkpt lat="45.8572310" lon="6.6208000">
    <ele>1120.1</ele>
    <time>2022-07-09T12:58:42Z</time>
   </trkpt>
   <trkpt lat="45.8572380" lon="6.6207520">
    <ele>1119.2</ele>
    <time>2022-07-09T12:58:43Z</time>
   </trkpt>
   <trkpt lat="45.8572430" lon="6.6207340">
    <ele>1118.9</ele>
    <time>2022-07-09T12:58:44Z</time>
   </trkpt>
   <trkpt lat="45.8572570" lon="6.6206810">
    <ele>1118.0</ele>
    <time>2022-07-09T12:58:45Z</time>
   </trkpt>
   <trkpt lat="45.8572580" lon="6.6206620">
    <ele>1117.7</ele>
    <time>2022-07-09T12:58:46Z</time>
   </trkpt>
   <trkpt lat="45.8572540" lon="6.6206230">
    <ele>1117.0</ele>
    <time>2022-07-09T12:58:47Z</time>
   </trkpt>
   <trkpt lat="45.8572590" lon="6.6205670">
    <ele>1116.1</ele>
    <time>2022-07-09T12:58:48Z</time>
   </trkpt>
   <trkpt lat="45.8572620" lon="6.6205470">
    <ele>1115.8</ele>
    <time>2022-07-09T12:58:49Z</time>
   </trkpt>
   <trkpt lat="45.8572720" lon="6.6205020">
    <ele>1115.1</ele>
    <time>2022-07-09T12:58:50Z</time>
   </trkpt>
   <trkpt lat="45.8572700" lon="6.6204850">
    <ele>1114.8</ele>
    <time>2022-07-09T12:58:51Z</time>
   </trkpt>
   <trkpt lat="45.8572740" lon="6.6204460">
    <ele>1114.2</ele>
    <time>2022-07-09T12:58:52Z</time>
   </trkpt>
   <trkpt lat="45.8572820" lon="6.6204000">
    <ele>1113.5</ele>
    <time>2022-07-09T12:58:53Z</time>
   </trkpt>
   <trkpt lat="45.8572870" lon="6.6203550">
    <ele>1112.9</ele>
    <time>2022-07-09T12:58:54Z</time>
   </trkpt>
   <trkpt lat="45.8572980" lon="6.6203080">
    <ele>1112.2</ele>
    <time>2022-07-09T12:58:55Z</time>
   </trkpt>
   <trkpt lat="45.8572980" lon="6.6202580">
    <ele>1111.5</ele>
    <time>2022-07-09T12:58:56Z</time>
   </trkpt>
   <trkpt lat="45.8572980" lon="6.6202150">
    <ele>1110.9</ele>
    <time>2022-07-09T12:58:57Z</time>
   </trkpt>
   <trkpt lat="45.8572930" lon="6.6201510">
    <ele>1110.1</ele>
    <time>2022-07-09T12:58:58Z</time>
   </trkpt>
   <trkpt lat="45.8572900" lon="6.6200840">
    <ele>1109.2</ele>
    <time>2022-07-09T12:58:59Z</time>
   </trkpt>
   <trkpt lat="45.8572850" lon="6.6200210">
    <ele>1108.5</ele>
    <time>2022-07-09T12:59:00Z</time>
   </trkpt>
   <trkpt lat="45.8572950" lon="6.6199650">
    <ele>1107.8</ele>
    <time>2022-07-09T12:59:01Z</time>
   </trkpt>
   <trkpt lat="45.8573100" lon="6.6199130">
    <ele>1107.3</ele>
    <time>2022-07-09T12:59:02Z</time>
   </trkpt>
   <trkpt lat="45.8573110" lon="6.6198680">
    <ele>1106.8</ele>
    <time>2022-07-09T12:59:03Z</time>
   </trkpt>
   <trkpt lat="45.8573260" lon="6.6198270">
    <ele>1106.4</ele>
    <time>2022-07-09T12:59:04Z</time>
   </trkpt>
   <trkpt lat="45.8573280" lon="6.6197760">
    <ele>1106.0</ele>
    <time>2022-07-09T12:59:05Z</time>
   </trkpt>
   <trkpt lat="45.8573270" lon="6.6197110">
    <ele>1105.8</ele>
    <time>2022-07-09T12:59:06Z</time>
   </trkpt>
   <trkpt lat="45.8573290" lon="6.6196580">
    <ele>1105.6</ele>
    <time>2022-07-09T12:59:07Z</time>
   </trkpt>
   <trkpt lat="45.8573290" lon="6.6196000">
    <ele>1105.4</ele>
    <time>2022-07-09T12:59:08Z</time>
   </trkpt>
   <trkpt lat="45.8573380" lon="6.6195780">
    <ele>1105.4</ele>
    <time>2022-07-09T12:59:09Z</time>
   </trkpt>
   <trkpt lat="45.8573550" lon="6.6195380">
    <ele>1105.2</ele>
    <time>2022-07-09T12:59:10Z</time>
   </trkpt>
   <trkpt lat="45.8573590" lon="6.6194910">
    <ele>1105.1</ele>
    <time>2022-07-09T12:59:11Z</time>
   </trkpt>
   <trkpt lat="45.8573610" lon="6.6194790">
    <ele>1105.1</ele>
    <time>2022-07-09T12:59:12Z</time>
   </trkpt>
   <trkpt lat="45.8573620" lon="6.6194570">
    <ele>1105.0</ele>
    <time>2022-07-09T12:59:13Z</time>
   </trkpt>
   <trkpt lat="45.8573680" lon="6.6194350">
    <ele>1105.0</ele>
    <time>2022-07-09T12:59:14Z</time>
   </trkpt>
   <trkpt lat="45.8573760" lon="6.6194160">
    <ele>1104.8</ele>
    <time>2022-07-09T12:59:15Z</time>
   </trkpt>
   <trkpt lat="45.8573780" lon="6.6193940">
    <ele>1104.7</ele>
    <time>2022-07-09T12:59:16Z</time>
   </trkpt>
   <trkpt lat="45.8573800" lon="6.6193700">
    <ele>1104.7</ele>
    <time>2022-07-09T12:59:17Z</time>
   </trkpt>
   <trkpt lat="45.8573840" lon="6.6193460">
    <ele>1104.6</ele>
    <time>2022-07-09T12:59:18Z</time>
   </trkpt>
   <trkpt lat="45.8574000" lon="6.6193150">
    <ele>1104.4</ele>
    <time>2022-07-09T12:59:19Z</time>
   </trkpt>
   <trkpt lat="45.8574070" lon="6.6193020">
    <ele>1104.4</ele>
    <time>2022-07-09T12:59:20Z</time>
   </trkpt>
   <trkpt lat="45.8574180" lon="6.6192890">
    <ele>1104.3</ele>
    <time>2022-07-09T12:59:21Z</time>
   </trkpt>
   <trkpt lat="45.8574280" lon="6.6192720">
    <ele>1104.2</ele>
    <time>2022-07-09T12:59:22Z</time>
   </trkpt>
   <trkpt lat="45.8574230" lon="6.6192730">
    <ele>1104.2</ele>
    <time>2022-07-09T12:59:23Z</time>
   </trkpt>
   <trkpt lat="45.8574260" lon="6.6192600">
    <ele>1104.1</ele>
    <time>2022-07-09T12:59:24Z</time>
   </trkpt>
   <trkpt lat="45.8574290" lon="6.6192480">
    <ele>1104.1</ele>
    <time>2022-07-09T12:59:25Z</time>
   </trkpt>
  </trkseg>
 </trk>
</gpx>
